gun,belge,tr_belge,h_ad,b_ad,h_url,b_url,h_ad_tr,b_ad_tr,h_url_tr,h_ton,b_ton,h_ton_tr,tr_ton_genel
2017-01-01,406491,15580,3,41,0,0,0,0,0,-1.7127072068295335,-2.0635060946257893,,-4.188474351564169
2017-01-02,569841,23384,5,32,0,4,0,0,0,-1.608132978286105,-1.6396302894677297,,-2.4915928980184563
2017-01-03,742366,25763,0,91,0,2,0,0,0,,-2.6614148848647634,,-2.2017077355493413
2017-01-04,814848,26624,9,62,1,2,0,0,0,-1.5614558263379212,-2.9684196533967033,,-2.019199488871591
2017-01-05,806679,26382,4,105,2,1,0,0,0,-0.32575294253201753,-3.6889875983050566,,-2.6149655898157005
2017-01-06,744620,26675,6,180,3,3,0,1,0,1.5005817493339124,-4.212642251368383,,-2.011169785326951
2017-01-07,400338,14843,0,367,0,3,0,0,0,,-1.9875826187377852,,-1.8993372093836458
2017-01-08,474649,16844,2,650,0,28,0,0,0,4.3336217607383745,-1.465426291919505,,-1.0325523658398417
2017-01-09,799224,27455,145,411,72,22,52,0,22,-4.543863050573755,-2.605097008144552,-6.713722773291657,-0.7979029007170617
2017-01-10,798420,23210,41,294,29,3,10,0,2,-3.8927468463157187,-1.207440660521085,-3.6478225633618635,-1.2408881763291926
2017-01-11,824062,24823,9,161,1,4,0,0,0,0.45694318113168464,-2.3764915773362416,,-1.4556182131025963
2017-01-12,838824,25785,2,180,1,1,1,0,1,1.53452685421995,-1.820174777600668,0.0,-1.3956161522975794
2017-01-13,809299,24560,10,84,1,10,0,0,0,1.209764145637582,-1.2323404578460457,,-1.5800687520981413
2017-01-14,522986,18841,5,132,1,0,0,0,0,1.922790232606211,-2.587038353670507,,-1.8873941359801678
2017-01-15,474306,16986,9,186,2,2,0,0,0,-0.28760831843696344,-1.0154946306767123,,-1.4588080569852446
2017-01-16,702455,22161,7,151,0,9,0,0,0,1.4279593511389113,-2.0365946399595565,,-1.9263763120566475
2017-01-17,823294,24816,2,156,0,4,0,0,0,-1.3347022587269,-1.7660248137965162,,-1.642986143146026
2017-01-18,861296,25910,2,93,1,0,1,0,0,-0.43200376721129485,-1.9754070542388842,1.61676646706587,-1.8344128310241752
2017-01-19,838930,26156,6,141,0,3,0,0,0,1.4654041227470196,-1.7644933176500142,,-1.5741761230065807
2017-01-20,811359,26886,0,140,0,0,0,0,0,,-3.0230937461908054,,-1.4868273681857949
2017-01-21,524636,19946,3,78,0,0,0,0,0,-0.7552780348110226,-2.1323343441857694,,-1.7060298634673356
2017-01-22,481747,16912,2,263,0,1,0,0,0,4.739651037184846,-2.4369999097390203,,-1.6548669326203072
2017-01-23,793535,24681,4,380,0,5,0,0,0,-0.40107557585364007,-0.09199890151730682,,-1.5091041112101722
2017-01-24,862345,26082,5,289,0,1,0,1,0,0.400810006467464,-1.5432938338992037,,-1.2443598572452301
2017-01-25,866712,26438,7,119,0,3,0,0,0,-0.36492061703138545,0.3749170737833081,,-1.4147453783245294
2017-01-26,824789,26066,9,100,1,2,0,0,0,0.8726561982134711,-1.3114205774058036,,-1.2948180419024564
2017-01-27,810983,26580,11,108,9,3,0,0,4,-1.1420919940856988,-1.7759010528560621,,-1.5506579063459012
2017-01-28,506540,18054,11,98,6,4,2,0,6,0.08824578087945857,-1.0618999267405318,2.205882352941175,-1.3530877631002909
2017-01-29,475876,16972,6,83,4,2,1,0,2,2.321595772208353,-2.098553177508161,0.586510263929619,-1.3569047545478707
2017-01-30,766532,24957,10,131,0,6,0,0,0,0.43934329407457984,-2.6462887300832714,,-1.6679337072749316
2017-01-31,838167,26720,4,158,0,7,1,0,0,-0.4388125299396267,-3.4420710883338703,1.64948453608247,-1.858740651605129
2017-02-01,803330,24763,0,102,0,3,0,0,0,,-5.105761654166008,,-1.7121745805092146
2017-02-02,824421,24072,8,183,1,0,2,0,0,-0.3664394728193636,-2.307237121184273,1.2135097788301157,-1.3199163567892602
2017-02-03,774328,22647,10,399,0,1,0,0,0,1.8638122253994636,-4.310110288803975,,-1.7105744309679163
2017-02-04,524726,18192,2,312,0,1,0,0,0,-2.393404309751885,-4.083880112960764,,-1.6975392504948912
2017-02-05,468586,16015,1,180,0,3,0,0,0,7.57575757575758,-2.525963084025532,,-1.5896830394075734
2017-02-06,746152,23331,4,152,1,2,0,0,0,0.33877578448330503,-2.782212633164796,,-1.4996955073752964
2017-02-07,836941,25227,10,131,0,5,0,0,0,-1.1424196589623308,-3.268422758708122,,-1.6849350680875692
2017-02-08,890424,27081,9,145,0,0,0,0,0,-0.921169027058488,-1.8992843672260151,,-1.534480784453689
2017-02-09,856205,26274,6,139,0,1,0,0,0,-3.1719807732431615,-1.6385985799158886,,-1.7836900598644652
2017-02-10,803986,25772,7,153,0,0,0,0,0,0.12375485418224852,-1.1371896253292535,,-1.346676237404281
2017-02-11,522459,20073,3,121,0,2,0,0,0,-1.40056917351896,-1.5480437556468303,,-1.4745183795815298
2017-02-12,473765,16428,4,61,0,3,0,0,0,-0.009998271783206225,-1.0240620240676883,,-1.2480990722747156
2017-02-13,794366,26481,3,81,2,4,0,0,0,-0.15695788329526827,-4.084530156699281,,-1.3781186537545083
2017-02-14,841162,25056,4,67,2,0,0,0,0,0.9003187675018048,-3.8123482276909626,,-1.5645834898798385
2017-02-15,817883,23261,8,91,0,0,1,0,0,0.28931209372330735,0.5677531383933325,5.48926014319809,-1.33267335061258
2017-02-16,852963,27362,7,53,0,1,0,0,0,-1.4273054466508988,-1.4449088967320263,,-1.3211223513118957
2017-02-17,841577,27563,6,32,1,3,0,0,0,3.0145811429409886,-1.9649798336754696,,-1.8748831159338497
2017-02-18,511192,18329,2,80,0,2,0,0,0,-2.560440864398876,-0.8603221386069267,,-1.9708965388379194
2017-02-19,461675,16329,4,111,1,4,0,0,1,0.38492318188638786,-3.0110861960013104,,-1.7144347532603208
2017-02-20,730195,24173,2,89,0,0,0,0,0,3.2346357346357326,-2.1928452966257588,,-2.0794224317757344
2017-02-21,813365,25537,6,71,1,2,0,0,0,5.621264003264374,-2.2323362613784727,,-1.9455046880120095
2017-02-22,841610,26341,6,276,0,2,0,0,0,3.5399813580382804,-3.7985689865434216,,-1.6828290751499166
2017-02-23,853142,27291,8,105,1,1,0,0,0,1.4458533148655273,-2.898374407236654,,-1.5532757247566487
2017-02-24,804518,25641,5,38,0,1,0,0,0,-0.7525860888957301,-3.446873979699429,,-1.338585006737628
2017-02-25,512508,17566,1,39,0,1,0,0,0,1.42378559463987,-3.2925710559372994,,-1.6788006156293787
2017-02-26,483196,16897,32,132,211,5,2,0,0,-0.9129849066365111,-1.1103472169464372,-2.0339693856154297,-1.1190193848276861
2017-02-27,752703,23770,66,73,17,2,16,0,0,0.29084694701796704,-0.9323639212952741,0.6510440991582161,-1.4144258911680507
2017-02-28,794774,23576,18,52,0,1,1,0,0,-0.16579144903389947,-1.4411371034540197,0.51413881748072,-1.459353734727842
2017-03-01,842243,25337,7,64,2,2,0,0,0,-0.508418719450771,-3.409208744741569,,-1.3719993054423627
2017-03-02,841294,26500,2,69,2,0,0,0,0,3.483992467043315,-1.5718320813335733,,-1.4697376425203044
2017-03-03,782213,24844,10,27,0,1,5,0,0,1.4084290531465868,-1.1464654415258309,1.962435942719654,-1.4378774134197283
2017-03-04,523822,20060,4,44,0,0,1,0,0,1.8052459126240712,-4.6463606500584556,2.20883534136546,-1.1959241569594974
2017-03-05,455552,16603,3,80,0,0,0,0,0,-1.1584990526939196,-0.8043374072326942,,-1.0246032676584356
2017-03-06,783782,26137,132,154,62,8,24,0,18,-1.5667949909129641,-2.633644433546525,0.24141389161695226,-1.323145063388389
2017-03-07,847448,27461,106,61,37,6,27,0,10,-2.654433499043816,-1.8647485055539776,-0.7912898142100847,-1.6251625276144004
2017-03-08,860136,28901,97,40,10,0,12,0,4,-2.577224511469059,-1.57398262965161,-3.7346237745635498,-1.1764127852423927
2017-03-09,870133,26085,76,25,20,1,40,0,8,-1.0503653280407041,-2.7355509447050896,0.12545885133516171,-1.4109228746512972
2017-03-10,815612,24751,9,50,15,7,1,0,1,-0.7072786733549352,-2.3507564766496944,-3.68098159509202,-1.3816583395915707
2017-03-11,521049,19843,5,99,0,2,0,0,0,-0.9636585636585641,-1.5362967709309772,,-1.1440792803903208
2017-03-12,468990,18054,2,52,1,0,0,0,0,1.6827727576974598,-0.9621721850651063,,-1.2624455043136509
2017-03-13,755775,25421,4,39,6,1,0,0,0,1.218848379871206,-2.5230446200394736,,-1.287866920208094
2017-03-14,825534,25406,11,45,0,0,0,0,0,-0.6519769592018072,-1.1964813199106186,,-1.000394502591619
2017-03-15,850244,26572,17,123,1,0,0,0,0,-0.333326206060493,-0.9715667432693535,,-1.2735598777303723
2017-03-16,890573,26904,10,85,3,4,0,0,0,0.42852496338168367,-0.30691266043964044,,-1.2381305642237186
2017-03-17,811051,25821,5,215,0,9,0,0,0,-2.581696551540578,-4.680364136813251,,-1.2665881416160751
2017-03-18,500226,19834,1,119,0,2,0,0,0,2.94117647058824,-5.0463733768270345,,-1.2550498762031101
2017-03-19,439748,15907,0,93,0,3,0,0,0,,-1.76908751999053,,-1.4626435517322893
2017-03-20,714621,23805,4,98,0,1,0,0,0,-2.1729359490194633,-1.5269102780996702,,-1.374171600703227
2017-03-21,808709,25743,23,79,3,1,0,0,0,-3.3638555940306394,-1.7699347949625928,,-1.1115196517105224
2017-03-22,810997,25654,14,207,7,0,0,0,0,-2.0434876960769044,-2.4767638187019627,,-1.5512208412551995
2017-03-23,762312,22791,17,107,12,0,5,0,5,-4.07939943324013,-1.3891884781871433,-8.24976107887934,-1.6225788965711991
2017-03-24,759133,24883,27,39,13,1,0,0,0,-2.6745821324188785,-2.0857209982028295,,-1.1943982218172848
2017-03-25,486968,18261,8,122,3,4,0,0,0,-1.8812702250435636,-1.5105206697826694,,-1.2370699686450062
2017-03-26,449476,16490,20,251,4,2,0,0,0,-0.4113456740900287,-0.7488201220196826,,-1.3447166574008413
2017-03-27,711988,22872,24,100,4,1,4,0,0,2.1377968691203435,-1.8819962114782753,5.9344788276239875,-1.4093488303849104
2017-03-28,813987,25116,14,95,1,0,1,0,0,-1.657302857648081,-0.40638180031680515,-1.46771037181996,-1.3170166389655198
2017-03-29,859634,27373,7,164,1,2,0,0,0,4.326779877843736,-0.7850585512640513,,-1.1106176831753674
2017-03-30,838543,27456,24,211,0,3,15,0,0,0.7691568009651518,-1.3278696078469587,0.4500388029727894,-1.0387299423169223
2017-03-31,802802,25857,8,98,1,2,0,0,0,1.232341700644613,-0.23423657657669428,,-1.4513227734892473
2017-04-01,492276,17073,5,97,0,1,0,0,0,1.7549314732470718,-2.559428057480257,,-1.1737931106654613
2017-04-02,449276,16420,3,53,0,0,0,0,0,0.5398815743643328,-1.4228048059668872,,-1.0407077465466654
2017-04-03,748590,25151,9,45,0,1,0,0,0,0.776711660432383,-1.0038515226176554,,-1.3406254301871567
2017-04-04,803438,26660,8,77,0,2,0,0,0,0.3165222411693488,-3.6079845759911433,,-1.5912865862645391
2017-04-05,828984,27187,7,69,0,1,0,0,0,1.2257467095156083,-0.278968025910592,,-1.3694203652236925
2017-04-06,806655,24930,2,37,2,1,0,0,0,3.2718242459396754,-2.0772816305331068,,-1.4166018926217412
2017-04-07,809608,26658,0,35,1,1,0,0,0,,-4.331615888517895,,-2.0520378885207085
2017-04-08,498979,18527,2,57,0,0,0,0,0,0.8506680690273065,-1.9165861997663562,,-1.4945299064390734
2017-04-09,465333,16917,2,58,0,1,0,0,0,1.416911370023052,-1.2352050715528753,,-1.2618154002543729
2017-04-10,754397,26130,9,87,7,1,0,0,0,1.2895382745298507,0.014865863361161849,,-0.9903397959953113
2017-04-11,823424,26517,7,74,1,4,0,0,0,-0.9312112146108186,-0.07594811184404174,,-1.5672430647697688
2017-04-12,819043,25183,14,108,3,1,0,0,0,-1.1451802635550457,-0.6143975592955732,,-1.3952803967733087
2017-04-13,794223,26726,3,57,1,0,0,0,0,-3.5721257075932065,-0.8506450361521252,,-1.190019437742638
2017-04-14,602759,23157,10,88,1,1,1,0,0,1.9093374343866543,-0.580678660234349,0.469483568075117,-1.292216057488944
2017-04-15,467068,16890,18,135,0,0,0,0,0,0.8059892276600028,-1.1063960419552743,,-1.8297644858101423
2017-04-16,431784,21056,8,127,0,0,0,0,0,3.790694702807253,-0.6872948164997762,,0.09440678551061368
2017-04-17,636654,23191,16,111,3,3,1,0,1,1.4560591314353852,-0.12523622969904746,2.40963855421687,-0.456403244956791
2017-04-18,784818,24338,22,109,7,4,12,0,5,-1.0115924781097076,0.16930625336555666,-1.4826262830844608,-1.236228539152014
2017-04-19,745027,22353,14,82,2,1,1,0,0,-0.7568219312640554,-2.4963722311239116,-1.46828504306969,-1.5119141101301974
2017-04-20,792559,24219,6,69,0,1,0,0,0,1.669859383952805,-1.994391264164482,,-1.547623899864975
2017-04-21,754943,25103,2,59,0,2,0,0,0,1.21047273652733,0.19658668490490994,,-1.7580791127934654
2017-04-22,462284,17783,5,48,0,1,0,0,0,-1.8011818129191133,-1.5287607958438412,,-1.4512938632310464
2017-04-23,422913,15530,4,75,1,0,0,0,0,2.815196906209874,-1.059804597430312,,-0.7847174302844357
2017-04-24,706924,23793,4,61,2,0,1,0,2,0.847473201136404,-0.6016053852806353,-1.12582781456954,-1.302628536921364
2017-04-25,800197,26327,4,41,1,6,0,0,0,0.5570392686738452,-1.3028132314327592,,-1.8479607849363016
2017-04-26,792950,24238,37,66,3,3,9,0,0,-4.136533176982217,0.3708072933647649,-4.4388229683449145,-1.5286245183290836
2017-04-27,821836,25628,4,49,1,0,1,0,0,0.38895680167566304,-0.7661915155208768,-2.40384615384615,-1.4400757566967035
2017-04-28,749536,23073,2,63,1,3,0,0,0,-1.251227712892475,-1.744860725788662,,-1.496496822326462
2017-04-29,493228,18615,8,259,3,0,2,0,2,-1.206161675051502,-0.9764309457880892,-1.853874001495295,-1.4256007844726026
2017-04-30,427687,15944,3,53,0,2,0,0,0,-0.005944042310168665,-1.0242412408071815,,-1.3191754029463767
2017-05-01,601025,20715,7,53,4,1,0,0,0,-0.20024379999466962,-2.1319015882215577,,-0.949794301226724
2017-05-02,714095,22309,9,53,0,4,1,0,0,1.454336126673788,-0.9070967047742347,4.0169133192389,-1.1312395855713089
2017-05-03,771473,24779,12,51,4,0,0,0,0,-0.5508320463409636,-1.5725799736021466,,-1.3150253052179435
2017-05-04,684148,21259,18,65,4,0,0,0,0,-1.7803504766513971,-1.3311385675492367,,-1.403349336362201
2017-05-05,627528,18581,5,23,0,1,1,0,0,-1.2729997836864095,-1.4707378255159815,1.37404580152672,-1.5485674134637313
2017-05-06,449688,17797,4,47,2,18,0,0,0,-2.0612727728107503,2.9410508956839183,,-1.326460350836058
2017-05-07,424543,13753,8,51,0,0,1,0,0,-0.9986871557808223,0.4813195543225208,-0.549073438572409,-1.0890582232629733
2017-05-08,676199,23160,29,38,16,0,1,0,0,-0.12225477308671914,-0.7408725079740296,-2.94117647058824,-1.4842850465128172
2017-05-09,708688,22436,17,65,37,1,3,0,2,-2.266875496677219,0.27948039440456807,-1.6509926854754426,-1.2265749108931596
2017-05-10,725750,22774,16,26,8,2,1,0,1,-1.4657015192059282,0.14399270879318649,-8.25688073394496,-1.0948586679156374
2017-05-11,716268,23340,13,44,4,1,0,0,0,0.3707831534542352,-0.41479537420639423,,-1.5369865154421538
2017-05-12,703923,21494,3,48,1,1,0,0,0,3.6974207930482654,-0.007441475106472743,,-1.5915700876809575
2017-05-13,457630,16943,18,50,2,0,0,0,0,0.07354223158479994,-2.228784608415263,,-1.1909099088741397
2017-05-14,415127,16280,18,16,0,0,8,0,0,2.914647312644681,-2.027089595633365,3.0175160851472214,-1.0635657240474283
2017-05-15,692982,23165,8,90,0,3,0,0,0,-0.35753472970385625,0.22221352147105267,,-1.4360674952974666
2017-05-16,745224,24110,6,59,0,1,2,0,0,0.3573348850590117,-0.3711115884818318,2.38805970149254,-1.4728487024369958
2017-05-17,751422,24378,5,81,0,0,1,0,0,1.1285972126328194,-0.4681377089031368,2.38095238095238,-1.6020176108885529
2017-05-18,807192,24715,6,72,0,0,0,0,0,0.8461284859533218,-1.032641440765193,,-1.2218484680853252
2017-05-19,725168,18764,6,22,0,0,0,0,0,0.09699873214349714,-0.11404455456270002,,-0.847024792917708
2017-05-20,469162,16842,1,34,0,0,0,0,0,0.0712961642663625,1.4274820471442915,,-0.7492126953295856
2017-05-21,397193,14148,10,33,3,0,1,0,0,1.15823705088137,1.0966557983087521,-1.5817223198594,-0.3988863092870019
2017-05-22,703410,22012,6,82,0,0,0,0,0,1.071914779101657,0.19908277289055543,,-1.2312739254273475
2017-05-23,763543,23412,14,80,6,1,0,0,1,-1.0459190461237617,0.5998274749518558,,-1.6703175266875263
2017-05-24,724534,21436,6,25,1,1,1,0,0,2.7426916144792086,-0.3941232447260572,3.37078651685393,-1.5200431146343145
2017-05-25,727853,23718,6,22,2,3,2,0,0,1.8819860498184002,-0.8710633773492162,2.35081374321881,-1.2388319071770006
2017-05-26,710468,24897,3,8,1,0,0,0,0,-0.6477054023591167,-3.011888847999264,,-1.431650428506389
2017-05-27,489662,17329,2,25,0,1,0,0,0,-2.014813114138205,-0.7279647128141643,,-1.6984841445255563
2017-05-28,445531,15852,8,17,0,0,0,0,0,-1.590768937492753,-1.143796521864126,,-1.1275641635566604
2017-05-29,602905,21480,2,26,1,0,2,0,0,-2.080732778147995,-3.0207364946201483,-2.080732778147995,-1.3012825312103846
2017-05-30,661364,20025,2,193,0,2,0,0,0,-0.306513409961686,-2.0482851165608342,,-1.4256143110531951
2017-05-31,745598,21780,1,180,0,3,0,0,0,0.928074245939675,-4.1057538065184,,-1.7256298390155802
2017-06-01,741978,22643,23,304,1,11,1,1,1,3.4368906154450087,-2.467651779896657,-3.17460317460317,-1.5696716039545695
2017-06-02,718233,22421,0,76,0,5,0,0,0,,-2.105612327203604,,-1.5973659673139553
2017-06-03,441353,15657,1,37,0,0,0,0,0,-1.59574468085106,-1.0360277311529635,,-1.2197456371853148
2017-06-04,429888,13592,1,42,0,1,0,0,0,-6.03448275862069,-2.5389275865601055,,-1.8110840358265559
2017-06-05,703909,23474,20,18,0,1,1,0,0,-2.513100001541644,-1.57013683872132,-2.65486725663717,-1.6285393650474729
2017-06-06,730763,21825,31,24,1,0,1,0,0,-1.6286249682283436,-0.4823539764046259,-1.0,-1.7602512351596147
2017-06-07,733602,21799,28,18,0,2,10,0,0,0.7682650083047181,2.668470005067919,-0.1136922470460042,-1.9635021467553062
2017-06-08,761948,23671,11,44,0,2,1,0,0,-1.650221115577858,-1.4084592881052749,-0.552486187845304,-1.7708356341288807
2017-06-09,756354,24483,9,13,0,5,2,0,0,-1.2262755472188922,-0.9338385478532899,-0.06464054931624452,-1.486505690570404
2017-06-10,434245,14761,8,10,0,0,1,0,0,-4.28086169082672,-1.9511915771656945,0.72463768115942,-1.7379127031718116
2017-06-11,427119,14577,7,19,0,0,1,0,0,-1.7756071729591392,-1.7059469079537743,0.849056603773585,-1.7714283444549483
2017-06-12,677057,21005,8,53,5,1,0,0,0,-2.560481551300575,-3.508859185782948,,-1.790932192790916
2017-06-13,732355,21994,8,68,1,2,1,0,0,-3.2085299392343236,-2.288288828208497,-3.26741186586414,-1.8130196975889636
2017-06-14,782690,23844,20,60,41,3,0,0,0,-1.4696732783685575,-1.3038324517470952,,-1.7562237412014379
2017-06-15,754766,20908,61,77,53,2,2,0,0,-1.6739366281792922,-3.2644578291027866,-7.129374183243796,-1.4350308395816525
2017-06-16,710411,22650,16,105,12,10,0,0,0,-0.9250727196408061,-1.5489424407872485,,-1.516116804377858
2017-06-17,441062,16114,26,79,18,2,1,0,0,0.14730881297221696,-1.096555536925523,2.35294117647059,-1.7719805201767271
2017-06-18,440079,14973,31,83,10,0,0,0,0,-0.09676689309610129,-0.8779550593759649,,-1.5595040717474267
2017-06-19,689710,21662,24,32,5,3,1,0,0,-1.589172520525887,-1.1798306956617526,0.367647058823529,-2.1035380527529086
2017-06-20,712746,21159,7,49,1,2,2,0,0,-1.9612764718974314,-3.664798219311652,-1.8532555142878802,-1.9778884945816686
2017-06-21,758365,22620,12,28,0,1,1,0,0,1.0355450978128826,-0.7888533266704544,-3.5778175313059,-1.2702754865490131
2017-06-22,708539,21726,4,11,3,5,0,0,0,4.224304528157599,-2.871674002720159,,-1.5353578165296875
2017-06-23,659137,19653,5,20,2,1,0,0,0,-1.6463114990240237,-2.2584324156030853,,-1.3938159084264126
2017-06-24,464277,17206,2,6,0,0,0,0,0,-0.17228963990740498,-3.5914573343926897,,-1.730588411264397
2017-06-25,370614,13205,10,3,3,0,2,0,0,3.265048352837556,-4.603288338466946,3.9704739704739698,-1.3769157699498924
2017-06-26,600683,11432,3,13,0,2,0,0,0,2.7295414941979,-1.9843757682167928,,-1.7372586009328264
2017-06-27,576367,10825,2,17,1,1,0,0,0,-2.5537260665766297,-1.010597351054419,,-2.073721583404097
2017-06-28,617407,16811,8,23,0,2,0,0,0,-0.9324956559700831,-1.9178878092535991,,-1.8640248633614145
2017-06-29,559068,15149,5,37,1,0,0,0,0,-1.066280961066607,-0.7737969935983281,,-1.7145416035307481
2017-06-30,582673,16004,0,16,0,0,0,0,0,,-1.8756077120950023,,-1.5075521960732785
2017-07-01,392292,13089,2,9,0,0,0,0,0,-1.49961036430937,-1.1886894651785467,,-2.094202320364719
2017-07-02,372085,13126,3,13,0,0,0,0,0,-0.9450102921913002,-4.2438455232369385,,-2.4722403988339745
2017-07-03,556503,17983,7,17,0,0,0,0,0,-1.950657099450721,-1.0678346036741755,,-1.695478664778674
2017-07-04,540574,17248,1,16,0,1,0,0,0,-1.91387559808612,-3.961963392947511,,-1.993124407069011
2017-07-05,513066,14327,4,64,1,0,0,0,0,-3.234129813655123,-1.5454590548471654,,-1.7602130832024556
2017-07-06,595102,17106,2,49,0,2,1,0,0,-0.4166666666666665,-0.7522795634688295,0.0,-1.5139729007276372
2017-07-07,567301,16412,3,34,0,5,1,0,0,-3.439477314221463,0.3504996332139413,-1.57526254375729,-1.5267953804566412
2017-07-08,398995,12435,13,54,0,0,0,0,0,0.5582814585590836,-0.003005027366084361,,-2.0135387642336333
2017-07-09,376913,12763,5,24,0,2,0,0,0,-0.44777966745529996,-0.45459515361988057,,-1.8717982725573101
2017-07-10,545893,16996,4,35,0,1,0,0,0,-2.785937664178886,-0.484646818791104,,-1.5085836808012831
2017-07-11,608422,18285,4,5,0,0,0,0,0,-0.624282284830096,-1.5304735085685635,,-1.8516327872193086
2017-07-12,629069,18185,0,80,0,0,0,0,0,,-0.8957566391286618,,-1.7283462932131188
2017-07-13,590851,16862,4,144,1,0,0,0,0,-0.4467719054971855,-1.6309988337516637,,-1.5585666103293097
2017-07-14,560870,17030,4,76,1,3,0,0,0,3.403175639747945,-2.206383493585479,,-1.5438898638820695
2017-07-15,375326,14014,4,23,1,2,0,0,0,0.20660217732313613,-1.055843691913731,,-2.193516607631821
2017-07-16,341729,11806,27,18,7,2,0,0,0,-3.709887956946867,-2.6464366268679975,,-2.5845682148723292
2017-07-17,554120,15475,14,11,1,0,0,0,0,-1.386994474448949,-2.3790145388063237,,-2.3716943402500843
2017-07-18,581199,16933,6,21,6,0,1,0,0,-2.362475695663092,-0.6625039655536048,-3.3955857385399,-2.3577909100322145
2017-07-19,625689,18623,18,14,7,2,1,0,0,0.24589352084675942,-2.5525367260237233,3.00429184549356,-1.5155955436939565
2017-07-20,581126,15487,14,14,6,0,0,0,0,-1.3532400541110994,-2.4988261221312116,,-1.7407299877362077
2017-07-21,549855,16127,11,19,5,0,0,0,0,1.7904652644487884,-0.0463096711389019,,-1.9778915200177145
2017-07-22,402773,12425,6,19,4,0,1,0,0,-2.0906767001331388,-2.450559654542508,3.07328605200946,-1.9302530372327038
2017-07-23,355940,11716,2,20,0,2,0,0,0,-1.00772874594864,-1.7802996933378858,,-1.9328819385122347
2017-07-24,591954,17358,6,27,0,0,0,0,0,1.7699357786348326,-3.2021745371435535,,-1.9427246658186008
2017-07-25,629820,18557,29,26,0,0,3,0,0,-3.24699226558821,-1.4024196188052276,-8.525055398939669,-1.8761815548781728
2017-07-26,592510,16583,17,46,0,1,0,0,0,-3.5236871258258757,-0.24890934453225474,,-1.6137453852605472
2017-07-27,623219,17495,14,37,0,0,1,0,0,0.4374733284352008,0.40395477572981087,2.94751976994968,-1.8690431324680266
2017-07-28,601432,16779,13,46,0,2,0,0,0,-0.43933125156425956,1.027327245216889,,-2.1193962236469566
2017-07-29,438260,13993,21,87,2,0,6,0,0,-2.955378540934304,-1.0229324781067968,-3.3686432280328713,-2.2675886032046284
2017-07-30,400088,12879,9,62,0,0,2,0,0,-2.324839842270979,-2.702533614745454,-3.045462814427705,-2.1672666535061316
2017-07-31,626338,20016,11,70,0,0,0,0,0,0.6330983560707051,-0.8407378130454166,,-1.5522024465271012
2017-08-01,643519,18248,4,94,0,5,0,0,0,0.2646780937662813,-1.4024478439607446,,-1.8926098495204802
2017-08-02,690858,20048,21,77,8,1,5,0,5,-0.6983226695258383,-2.2619562463035825,1.345013766087166,-1.598893276493177
2017-08-03,635032,19712,4,36,1,0,1,0,1,1.7690689393573547,-2.6280132284352096,1.31926121372032,-1.7104748511226913
2017-08-04,632613,18061,5,28,2,1,1,0,0,-2.6681415365413033,-1.8532545910274827,-16.0268714011516,-1.8181286232580904
2017-08-05,388875,12746,5,41,1,7,1,0,1,-1.541724486566607,-2.7387747460515723,1.32743362831858,-1.691464590268874
2017-08-06,360128,11472,3,44,1,4,0,0,0,1.1006901059458425,-1.0702978764041091,,-1.8313286226366907
2017-08-07,613278,18996,5,40,0,2,1,0,0,0.6125233672336152,-0.5888520022210554,-0.107353730542136,-1.461930225066541
2017-08-08,644702,19219,5,44,0,1,0,0,0,-1.807655025752179,-0.16056311702670123,,-1.7516782791803518
2017-08-09,645766,18886,9,22,1,2,0,0,0,-1.3827302803028005,-0.5274041657930942,,-1.697018017048195
2017-08-10,570913,16296,5,36,0,1,0,0,0,-2.65894143106514,-0.21816582034316911,,-1.6267534454656538
2017-08-11,577652,17666,6,6,0,1,0,0,0,-3.1793513798505626,-3.327960206908171,,-2.091196912534178
2017-08-12,401197,12571,15,21,4,0,0,0,0,3.0825152048488467,-0.6053319342731823,,-2.269677598716389
2017-08-13,360618,12203,11,34,1,1,0,0,0,0.3654045222205561,-1.0905534240506884,,-1.8359539145037678
2017-08-14,560300,17486,21,9,6,0,0,0,0,0.9213647690938288,-0.642601181468081,,-1.9182056825897622
2017-08-15,640530,20271,6,12,1,2,0,0,0,1.252615004411387,-3.222049453938032,,-1.886274261051842
2017-08-16,639495,19151,4,23,1,0,0,0,0,3.19295963287676,1.9957285040290174,,-1.8191990280885104
2017-08-17,647137,19402,10,52,0,1,0,0,0,-2.009593567128281,-5.714774555821396,,-1.8954433586494233
2017-08-18,559408,16135,4,30,0,0,0,0,0,-1.48077739276622,-1.8202241797231073,,-2.5665149114924537
2017-08-19,420631,14532,3,61,0,1,0,0,0,-1.6655537943359306,0.07030543247331501,,-2.0314654824414533
2017-08-20,370064,12047,5,155,1,0,0,0,0,1.7167994097006922,-3.143214773396397,,-1.478529667396893
2017-08-21,598046,18547,4,52,1,1,1,0,0,-2.0758851389310475,-0.4223077641986445,-3.50584307178631,-1.4448579528801775
2017-08-22,607633,16712,8,6,0,0,0,0,0,0.03542684543486574,-1.6822818098112302,,-1.7124857255450856
2017-08-23,650292,19446,31,14,1,1,0,0,0,-3.0991503086603576,-0.5472322215048188,,-0.9846444753925944
2017-08-24,256524,715,0,6,0,0,0,0,0,,-4.213321567941412,,-1.07226559182825
2017-08-25,532282,16778,8,10,2,1,0,0,0,-1.18599615359781,-1.231322123087178,,-1.2057414589157998
2017-08-26,436120,14941,7,11,0,0,5,0,0,1.5198472102476983,-0.32088108383276887,2.558016418007798,-1.4321009583816895
2017-08-27,380135,11822,8,7,0,1,1,0,0,-0.4820522736214724,-2.260756376515397,2.44328097731239,-1.5177398008347367
2017-08-28,296019,5557,1,7,1,0,0,0,0,-2.5062656641604,-2.203724091333294,,-1.1412284813139981
2017-08-30,292436,6062,3,6,0,1,1,0,0,-3.210312609070601,-0.2836922547548718,0.915903413821816,-1.8353777428938105
2017-08-31,578255,11645,9,19,0,0,1,0,0,-0.11835304114048306,0.8173814761464893,0.524934383202099,-1.7611934884634142
2017-09-01,580028,11235,7,10,0,16,4,0,0,-0.49460795759128895,-0.6300992912039489,0.777000777000777,-2.4611920897809663
2017-09-02,417995,11445,6,9,0,7,0,0,0,-4.213413880959325,-3.2733565849141923,,-1.9250726495804527
2017-09-03,376039,10035,8,17,0,11,0,0,0,-2.7236022129042174,1.1041994023509605,,-2.336482464441813
2017-09-04,522103,11875,6,10,2,0,0,0,0,-0.19489453892524516,-3.1142741602654533,,-2.07023886045179
2017-09-05,604541,15846,5,11,2,2,1,0,0,1.6108725815944165,0.1488586667399104,9.04255319148936,-1.737931943075469
2017-09-06,675555,19012,9,21,0,2,2,0,0,1.806957066456309,-1.9946207683621373,3.4749758868288514,-1.682635861083684
2017-09-07,665502,19903,2,15,0,1,0,0,0,-0.9457946303600955,-0.7067003771505538,,-1.7338238493281393
2017-09-08,648277,18878,1,12,1,1,0,0,1,0.0,-0.9969625601350367,,-1.6483377357877447
2017-09-09,426724,14904,4,19,2,0,0,0,0,1.6342902977426972,-1.3008391749096906,,-1.5769020000167604
2017-09-10,411679,13182,5,13,2,0,0,0,0,-3.90330266895705,-1.4908239817158273,,-1.9242118251908407
2017-09-11,643422,19033,4,42,0,3,0,0,0,-3.1801123966520297,-0.6010238709304337,,-1.690569069882219
2017-09-12,695402,20061,10,12,2,4,0,0,0,0.22461510898596104,-1.585985080962394,,-1.7559124285006893
2017-09-13,680090,18749,6,10,10,2,0,0,0,-0.668644009579202,-2.3437368368856544,,-1.6720420545398733
2017-09-14,684685,20133,5,17,1,0,0,0,0,-4.670039428720455,-3.365383730137879,,-1.4664296841055449
2017-09-15,566030,16560,8,12,3,0,0,0,0,-1.7306556083345161,-1.7853231813377985,,-1.6485431904847019
2017-09-16,409072,13995,7,11,2,1,0,0,0,0.448696602536272,-4.957851740914876,,-1.5898131152865103
2017-09-17,391985,12818,2,13,2,1,0,0,0,0.5311480705747345,-2.818498791788311,,-1.5574468865050537
2017-09-18,615006,19952,1,14,0,1,0,0,0,-0.783132530120481,1.9581670497457049,,-1.2242324665984063
2017-09-19,663199,18932,7,17,0,1,1,0,0,2.018488385306857,-0.4480628271616494,0.0,-1.1017608719411145
2017-09-20,692142,20726,0,24,1,2,0,0,0,,-1.2324347493910386,,-1.223742524320346
2017-09-21,695253,21193,3,9,0,1,0,0,0,-0.9426261021630875,-1.1284649483664242,,-1.434289429743708
2017-09-22,601643,18040,5,13,1,0,0,0,0,1.0431461754853533,-2.151650896171743,,-1.6129339957289066
2017-09-23,443669,15000,7,22,1,1,0,0,1,-1.854448610463326,-1.6268851013975099,,-1.8327952252419961
2017-09-24,388091,11937,4,33,0,0,0,0,0,-1.4809014580270032,0.0032109517225936968,,-1.320955409712709
2017-09-25,644515,19788,7,28,9,1,2,0,9,-1.8322039381189457,-0.9025578098757232,2.90277628899132,-1.5149938059832224
2017-09-26,653230,21065,5,32,0,1,0,0,0,-1.1333903802686511,-0.48380121225268896,,-1.4932079640462195
2017-09-27,611135,18176,7,2,3,3,0,0,3,2.407072226001324,-2.964285714285715,,-1.5326141347455415
2017-09-28,640566,18726,6,5,0,1,0,0,0,-0.7761807787659951,1.6834013160935424,,-1.132853078527173
2017-09-29,598159,18313,2,6,0,2,0,0,0,-0.534398436594962,-1.1283394000755167,,-1.7572886722103032
2017-09-30,384485,13108,18,9,0,0,0,0,0,-1.4350818398506027,-5.939328752611202,,-1.900600848851518
2017-10-01,348488,11552,1,14,0,0,0,0,0,-1.65441176470588,-0.7037461950087225,,-1.595023561684884
2017-10-02,580939,17580,56,32,0,3,0,0,0,-0.23571009310182336,-0.2848042295816703,,-2.0215654102416476
2017-10-03,651793,20262,11,39,1,2,0,0,0,-0.3261480673086649,-0.04066671719445346,,-1.357620797154212
2017-10-04,587174,17752,5,20,0,0,1,0,0,0.6548086040452121,-1.3696087164120188,0.473186119873817,-1.5037410463585643
2017-10-05,656153,21377,1,36,0,2,0,0,0,7.14285714285714,-1.8053790962450023,,-1.510796511189262
2017-10-06,575420,18767,3,27,0,1,0,0,0,0.7825278332056795,-1.3886725644774522,,-1.3014522249522682
2017-10-07,415833,14448,5,33,0,0,0,0,0,-0.10906300644757949,-0.559599613403641,,-1.622414580446748
2017-10-08,388063,13239,8,27,1,0,1,0,1,-0.7574506559771408,-2.3421678207970875,-0.78125,-1.939012042856502
2017-10-09,641633,22267,7,50,2,3,0,0,1,1.3404746834207253,-3.6588008170837165,,-1.5172779585734493
2017-10-10,633801,18812,26,28,1,2,16,0,0,0.7751672138342137,-1.0679994057577438,1.203952335507755,-1.9229587509615278
2017-10-11,667665,21098,7,50,1,3,0,0,0,0.10653890549518324,0.4628718360939729,,-1.6501737264166858
2017-10-12,688245,20991,12,36,0,2,0,0,0,-0.7565397519474129,-1.6080994888540445,,-1.4653866285648987
2017-10-13,661942,20553,21,31,1,1,1,0,1,0.6201336722526463,-0.717684611082831,5.88235294117647,-1.584416151092112
2017-10-14,415573,14598,28,21,1,0,1,0,0,0.7781073701925241,-1.0612097357860892,-2.42656449553001,-1.4854828780970477
2017-10-15,404869,13653,7,19,1,0,0,0,0,1.4974242808958893,-0.7756630279746758,,-1.4607839266061011
2017-10-16,601852,18322,9,25,1,0,0,0,0,-0.033959796754372426,-2.2084462907018487,,-1.3941151109486807
2017-10-17,719402,21904,9,13,0,2,0,0,0,-1.0110108481619209,-2.206082415604363,,-1.803226047963784
2017-10-18,639994,19969,4,31,0,1,0,0,0,-0.5304703403402705,-0.8062527284493852,,-1.4083894546483753
2017-10-19,700352,22119,5,70,3,0,2,0,1,-0.5266131182702274,1.720217835644323,0.175438596491228,-1.1905997994819337
2017-10-20,703886,22241,2,48,0,0,0,0,0,-1.3136058572300202,0.7566437647787031,,-1.3771172124268745
2017-10-21,423534,15897,3,15,4,1,1,0,4,4.413748241502282,-0.9693676796074038,6.5891472868217,-1.41261763525697
2017-10-22,426986,14750,4,36,2,0,0,0,0,1.3642764314240452,-2.0272962864265276,,-1.1845202478448522
2017-10-23,687546,21922,5,31,4,0,0,0,1,1.0324326451606591,-2.514715013233199,,-1.19832316163352
2017-10-24,699286,21194,4,29,0,1,0,0,0,3.2567920713236855,-1.8122374059230488,,-1.4543670298892972
2017-10-25,699152,20756,32,19,0,2,0,0,0,-1.4006455177458317,0.3634747716847714,,-1.2175218440889182
2017-10-26,748595,22238,10,107,9,4,0,0,9,1.0126543156923797,0.9264649517641081,,-0.9494529580007082
2017-10-27,660043,20685,5,33,2,1,0,0,2,2.0662276808990314,-0.7785912924087588,,-0.9767127169982552
2017-10-28,429195,16471,2,42,1,0,0,0,0,3.3620154860648404,-0.06491793106875032,,-1.2696550044258323
2017-10-29,402470,14864,4,139,0,0,1,0,0,0.9314503078149152,-0.26696442926593555,5.33515731874145,-0.3369852184033205
2017-10-30,639902,20585,5,101,0,0,0,0,0,0.12368106449118677,-0.10531586228047206,,-0.8878086851769926
2017-10-31,714069,20391,6,24,3,1,1,0,2,0.6514428984674805,-0.9664356697936528,4.84003281378179,-1.5017158205286545
2017-11-01,705603,21601,4,25,2,0,0,0,0,-0.6089691346294634,-0.8436082245980303,,-1.3726046616214762
2017-11-02,680649,20866,9,28,2,1,1,0,1,0.7945405536361287,-0.38381716677186556,0.0,-1.576627527138014
2017-11-03,696758,21627,2,20,0,4,0,0,0,-1.9500627989663484,-1.8531351939233032,,-1.6288854846783143
2017-11-04,424843,13856,3,20,3,0,0,0,0,2.8890550707369735,0.37660194372705347,,-1.9618929836790393
2017-11-05,393255,12859,4,48,1,1,0,0,0,1.1826919041953192,-1.5425570622591436,,-1.9185656380667357
2017-11-06,657929,20261,8,40,1,0,0,0,0,1.2609412661914825,-2.128897659708783,,-1.62899494446174
2017-11-07,733577,22367,9,27,2,4,0,0,0,0.2818408018582211,-3.052479193948582,,-1.7062856243978104
2017-11-08,698954,19420,4,70,2,1,0,0,0,1.6342655679565343,-1.6622087831577843,,-1.343436941646386
2017-11-09,724078,20896,1,44,0,2,0,0,0,1.48698884758364,-2.380686624278714,,-1.1171200814156592
2017-11-10,684233,19429,6,46,0,1,0,0,0,0.48401604436372714,-2.950759522553842,,-1.0045056347733026
2017-11-11,426749,14093,1,33,0,1,0,0,0,-6.580259222333,-2.4209248546992304,,-1.2963597320498332
2017-11-12,402292,12891,1,31,0,0,0,0,0,-0.674810363510984,-1.1741108451567057,,-1.6361319201437718
2017-11-13,673066,21050,11,23,0,2,0,0,0,-3.1634123231653044,-2.441840309356574,,-1.5647528906058277
2017-11-14,730449,21136,16,23,1,1,0,0,0,-2.091079865226586,-1.917922605142966,,-1.3649071101329988
2017-11-15,737628,20413,7,14,1,5,0,0,0,0.16895487650886137,-1.8005939644799396,,-1.5222686031235315
2017-11-16,626092,15248,5,20,1,4,0,0,0,0.6106114621896335,-0.6499858325236482,,-1.5640125345105724
2017-11-17,672367,19684,2,27,0,1,0,0,0,3.8329877683926377,-3.2938054262839214,,-1.7953152098522283
2017-11-18,406855,13393,10,26,2,0,0,0,0,-1.4439051178346376,-2.855802932414661,,-1.7249435406166416
2017-11-19,386588,12706,1,72,0,0,0,0,0,0.260416666666666,-2.8640067373246727,,-1.557479941427588
2017-11-20,644099,18594,6,54,0,0,0,0,0,-1.1869473116143698,-2.936396399977308,,-1.2155356706085922
2017-11-21,719406,21247,9,22,1,1,0,0,0,-0.7628967343980151,-1.0941893372669218,,-1.2274781930971286
2017-11-22,667079,17916,7,28,0,1,1,0,0,-0.9479590314089983,-1.539124261336163,-6.50095602294455,-1.4475261561334496
2017-11-23,572979,18490,3,26,1,0,1,0,0,0.7508249723755265,-1.1589463177871064,3.1634446397188,-0.973504719143111
2017-11-24,594491,19155,2,21,1,0,0,0,0,0.13082846036032514,-2.2646648668406564,,-1.1100521696939887
2017-11-25,376547,13128,6,51,1,2,0,0,0,0.2234405471202765,-1.4265070896328156,,-1.3625325452113248
2017-11-26,377487,11641,4,22,0,1,0,0,0,-1.2412876379763826,-2.6574189571500737,,-1.6750383439520449
2017-11-27,592345,17783,9,39,0,3,0,0,0,0.822998274396099,-2.1378625376317717,,-1.8070542021924216
2017-11-28,706605,18954,3,28,0,0,1,0,0,1.791536160591328,-1.5786831291576258,0.956937799043062,-1.6796658393643884
2017-11-29,721343,21345,6,37,3,3,1,0,1,0.774564461471187,-1.403745835507916,6.52173913043478,-1.4662371864940869
2017-11-30,696758,20473,6,31,0,0,0,0,0,1.0793453369717567,-0.11326638566483088,,-1.4053925334483839
2017-12-01,634209,19126,14,32,1,4,1,0,0,0.4659298340326162,0.12093341419982684,3.33863275039746,-1.6363675379931015
2017-12-02,432236,13643,8,19,0,1,0,0,0,-0.04492263795744633,-1.427951220756465,,-1.510772002082347
2017-12-03,347532,11159,2,25,1,3,0,0,0,-2.052702402045802,-1.3862997263499786,,-1.8559462901450907
2017-12-04,596575,18536,3,54,0,0,0,0,0,1.4581615571705466,-3.5043742442976336,,-1.3595891532185793
2017-12-05,662886,18082,12,58,0,2,0,0,0,1.085624316669656,-2.5025237445750093,,-1.3990962788526748
2017-12-06,669094,19364,7,16,0,0,0,0,0,3.4411656818337613,-2.069855729471133,,-1.2335558639464503
2017-12-07,682878,18564,8,32,0,11,0,0,0,-2.7905078369246556,-1.3774315843425649,,-0.8818118308185721
2017-12-08,645343,19397,2,19,6,1,0,0,0,-2.385496183206105,-2.1309585926316092,,-1.2606783541705175
2017-12-09,392702,12503,3,26,0,1,0,0,0,-2.027596059854126,0.07888472593180512,,-1.5110687270268537
2017-12-10,386041,12481,2,14,0,0,0,0,0,-0.049250473998386,-0.3635812725733241,,-1.781963667995079
2017-12-11,556119,14611,4,24,0,0,0,0,0,3.55200599104937,-0.5749672362086061,,-1.5503512777752708
2017-12-12,668426,18661,6,26,2,1,0,0,0,0.6200551718819559,-0.13514273773234411,,-1.4048320951334397
2017-12-13,704141,19957,8,15,0,1,0,0,0,1.2667215898046431,-0.36627201474861554,,-1.0877333457719076
2017-12-14,680273,18255,3,10,0,1,0,0,0,-0.10728877560718506,-1.011240295752662,,-1.2265050980081382
2017-12-15,611220,15647,2,24,3,0,0,0,0,-1.010676139302128,-0.44103322275557244,,-1.3957259103908122
2017-12-16,366331,12012,2,22,2,1,0,0,0,-0.684470443215919,-1.5377949027870819,,-1.5552422628017268
2017-12-17,354372,10803,2,4,0,0,0,0,0,-2.65151515151515,-4.128035094937555,,-1.518856389108961
2017-12-18,566426,16583,4,8,0,0,1,0,0,-1.5828057139437546,-1.3597343272776785,-2.57731958762887,-1.5244731054473
2017-12-19,618096,16002,10,12,2,0,0,0,0,-0.019063536416543195,-2.579777874579585,,-1.3375166421154623
2017-12-20,611544,17148,6,41,2,0,1,0,0,1.5736863065694933,-0.7047830479169309,-2.04724409448819,-1.3236009378771534
2017-12-21,631370,17791,27,34,1,1,18,0,0,-1.5041549427635628,-1.0077695580043011,-2.4926120177916857,-1.1497736331554695
2017-12-22,574958,17564,2,24,0,0,1,0,0,-4.964719491035285,-1.2957159505670683,-3.64372469635628,-1.289408963819124
2017-12-23,402844,14988,4,24,2,0,0,0,0,-2.133903133903134,-0.02550953844311745,,-0.9216687573856804
2017-12-24,351541,13386,8,15,0,0,1,0,0,-0.3351139832395986,-2.905138431573154,4.61133069828722,-1.1545271453799628
2017-12-25,344157,16639,16,18,0,1,0,0,0,-0.12072346283898272,-1.6834817490953937,,-1.472830746087161
2017-12-26,440947,17008,8,32,2,1,0,0,0,1.252142120415002,-1.8128508696372196,,-1.3120737942351421
2017-12-27,513933,16575,3,72,0,1,0,0,0,0.47413708420332323,0.3196184659694564,,-1.1603289721083687
2017-12-28,556459,17936,7,96,0,1,1,0,0,-0.12533466406341118,-1.5765993983457816,4.16233090530697,-1.7328302201017207
2017-12-29,524027,16183,1,30,1,0,0,0,0,-3.47003154574133,-1.2079879169211436,,-1.5434435470715409
2017-12-30,360521,12008,10,42,0,0,0,0,0,-3.535093506480046,-0.477089098351947,,-1.3842273162809102
2017-12-31,321361,10655,6,17,0,0,0,0,0,-1.3586058006135981,-0.10588136308751009,,-0.7744533741854536
2018-01-01,368654,14175,3,35,0,1,0,0,0,-1.6588778796891124,0.49908777453495984,,-1.1086753951476187
2018-01-02,508097,16324,5,29,0,0,0,0,0,-2.3075418107707204,0.5162019247792395,,-1.3815118052539985
2018-01-03,623867,19359,4,31,0,0,0,0,0,-2.665124894675411,-1.1449396893071324,,-1.3648216890489244
2018-01-04,607039,18101,7,20,0,0,0,0,0,-1.2353698655110443,-0.4565841145872319,,-1.546173359318462
2018-01-05,563130,17963,19,16,3,0,3,0,2,-4.473873593729161,-0.8541675914893648,-2.007614217507964,-1.09739580113524
2018-01-06,435315,15881,13,23,3,3,0,0,0,-2.1511579970379464,-0.9525851409098169,,-1.2345278086646623
2018-01-07,368679,13608,7,16,0,1,7,0,0,1.0854301508804616,-1.8117115738200047,1.0854301508804616,-1.1769070374277968
2018-01-08,648522,22926,12,27,1,0,2,0,0,-1.3865697776204717,-1.3845782499961155,-2.316449685415675,-0.9065200586934141
2018-01-09,675702,22937,7,88,3,1,1,0,0,0.8360780772444467,-1.2850345965432388,0.497335701598579,-1.0116513937773741
2018-01-10,684220,20083,19,108,5,3,0,0,0,-0.4990698833750757,-1.236161436217937,,-0.766005880412313
2018-01-11,689587,22396,10,81,1,0,0,0,0,-1.179512041877353,-3.509507986776514,,-1.069824438375185
2018-01-12,637858,20883,11,40,0,1,0,0,0,1.3956400633741832,-0.6241157331637849,,-0.9767085203799609
2018-01-13,417438,15531,3,13,0,2,0,0,0,-1.6840405001205172,-2.7689962686082286,,-1.1078486298845496
2018-01-14,377888,13821,2,13,0,1,0,0,0,-0.9437725707566978,-1.394237811208644,,-1.1147514682502466
2018-01-15,582514,19167,11,14,1,2,0,0,0,0.4153873395069595,-1.4892260034291782,,-1.7571550017610165
2018-01-16,665096,21236,2,13,1,1,0,0,1,1.1097218481898974,-1.4859298111058177,,-1.2626717469679507
2018-01-17,667605,19370,4,31,1,0,0,0,0,0.3108956823910174,0.3876682155475908,,-1.287414867693362
2018-01-18,619559,17763,3,26,0,1,0,0,0,1.4081667933519508,-0.4803111182604617,,-1.1227825864557712
2018-01-19,665580,21198,4,14,0,2,0,0,0,-3.6187345381675047,-1.4186567493427065,,-0.9746883466681606
2018-01-20,405933,13817,2,12,0,0,0,0,0,-1.829223599463205,-0.7084870507925336,,-1.2214093759946372
2018-01-21,405425,14892,5,17,0,0,0,0,0,-1.1660613356946434,0.6468669074552686,,-1.6745212353413423
2018-01-22,564411,16418,12,77,18,3,1,0,0,1.7625416093268482,0.22522919643788344,-0.476947535771065,-1.6449490894039949
2018-01-23,675946,20595,14,16,3,2,0,0,0,-1.2753179040785088,1.2358731104615037,,-1.4090805058073965
2018-01-24,637541,18442,14,23,0,1,1,0,0,1.8392170105692098,-1.693107831035055,0.416088765603329,-1.6918460159591189
2018-01-25,625676,19988,4,34,0,2,0,0,0,-2.3162879727519945,-0.8784534265930006,,-1.3211367915213497
2018-01-26,649025,20718,4,33,2,4,1,0,0,-0.3798051440548982,-2.0138311136983997,0.515463917525773,-1.1258215484326397
2018-01-27,430858,14570,7,15,3,1,4,0,0,-2.0132355910089967,-0.09911772413632233,-2.89757283998002,-1.7992470551253714
2018-01-28,399549,14847,1,22,1,0,1,0,0,-3.2967032967033,-3.227659156912053,-3.2967032967033,-1.4566364733397283
2018-01-29,578190,16372,4,79,1,1,0,0,0,0.19174380023455107,-2.9544184683076833,,-1.529667297340119
2018-01-30,639388,19027,10,49,1,5,0,0,0,2.586806243153848,-4.76613724034803,,-1.3901599514247085
2018-01-31,664702,19718,6,44,1,0,0,0,0,0.8332328376274276,-1.659186764222705,,-1.2996254829037472
2018-02-01,694544,21084,11,22,9,1,0,0,8,1.153847268580799,-2.911386377296433,,-1.6338078591786072
2018-02-02,663266,21024,9,29,0,2,2,0,0,0.8864465279626659,0.7516867256903091,3.16165731336288,-1.825732347708632
2018-02-03,420892,13946,4,23,0,1,0,0,0,1.1428298849678327,-1.0182377518607362,,-1.947262694424522
2018-02-04,396151,14281,2,18,1,1,0,0,1,-0.397564455987963,-3.4556400124139444,,-2.0184168111893745
2018-02-05,666233,21932,2,87,0,1,0,0,0,-1.4211648320341075,0.011188494616760606,,-1.3245550049829304
2018-02-06,701249,20647,2,71,0,1,0,0,0,-0.630152939390585,-0.7139053294052797,,-1.6513482825011527
2018-02-07,717315,23321,4,62,2,0,0,0,0,0.5070998118647763,-0.46323811794437775,,-1.5888909338916073
2018-02-08,644564,20223,3,28,0,1,0,0,0,0.25097460019318096,-1.3822429750070397,,-1.3153056946274762
2018-02-09,640505,20895,10,12,2,1,0,0,0,-0.2957793427472687,-1.3357077920778022,,-1.353112703425562
2018-02-10,445884,16855,12,29,0,0,0,0,0,-2.4912585474115194,-1.2606472152523418,,-1.8422775707535077
2018-02-11,403012,14804,10,21,2,0,0,0,0,5.049207404774672,-2.459721369249168,,-1.7482657416343856
2018-02-12,590300,19761,10,12,1,0,0,0,0,-2.1293860879102287,-2.1137045785301387,,-1.5313404047856145
2018-02-13,611180,17370,4,9,0,0,0,0,0,1.3776208396461582,-1.5691375829126204,,-1.8651248758421217
2018-02-14,613707,19215,4,10,0,2,1,0,0,0.9643754252040755,-1.39523708702569,0.574712643678162,-1.1037089796938306
2018-02-15,625865,20676,5,4,0,1,0,0,0,-0.6401376557771457,-4.453608492011183,,-1.3243928887147316
2018-02-16,584165,17875,1,8,1,0,0,0,0,-0.3584229390681,-0.7742641185618975,,-1.3082826001072674
2018-02-17,434163,16103,6,9,3,0,0,0,0,3.792313436777045,-2.070417229321158,,-1.6548607033488605
2018-02-18,393079,15188,10,15,2,1,0,0,0,0.2769141845616257,-1.2465626812346848,,-1.7326916728588264
2018-02-19,549085,19711,7,35,1,0,0,0,0,1.0922253071030066,-0.9755888186370069,,-1.4523054261687254
2018-02-20,693606,23588,8,12,1,0,2,0,0,0.13899331823757022,-1.1958174150418064,7.85123966942149,-1.3937318441987694
2018-02-21,654366,18720,0,5,0,1,0,0,0,,-2.0994856750570903,,-1.2252587531663541
2018-02-22,675630,20132,2,4,0,1,0,0,0,1.510105077617565,-0.5826443143950724,,-1.1739393296550846
2018-02-23,621223,19549,8,7,1,2,2,0,0,-1.1619683053536543,-3.175742712035184,1.0957910014513752,-1.4308800340156216
2018-02-24,471295,16967,2,12,1,0,1,0,0,3.6583850931677,-2.2493712137506514,9.3167701863354,-1.655380712225754
2018-02-25,399143,13810,2,20,1,0,0,0,0,-0.7665720563999252,-1.9552881354727096,,-1.5609650956661407
2018-02-26,629821,21325,4,33,0,0,1,0,0,3.862825115008045,0.34155467642696735,2.46913580246914,-1.1618287109246463
2018-02-27,598184,17699,3,19,1,1,0,0,0,1.4035087719298234,-2.608751839348292,,-1.4703486316309518
2018-02-28,684483,22477,7,102,0,6,0,0,0,1.2824506519501826,0.3741176609073521,,-1.270346508907694
2018-03-01,724989,23315,3,37,1,1,0,0,0,-1.9458849816497206,1.0166766049961276,,-1.06618293461892
2018-03-02,665134,21011,6,11,2,2,3,0,0,-3.00090732633497,-0.27326960572206505,-4.92505353319058,-1.6982072744740575
2018-03-03,421633,13500,1,18,1,2,0,0,0,-0.613496932515337,-1.3233855842824527,,-1.838655496417968
2018-03-04,327764,10640,10,6,2,1,1,0,1,-0.5363586629147048,-1.6385669072341718,-1.88679245283019,-1.4436836934418462
2018-03-05,674169,20913,9,13,4,1,2,0,0,2.992391872625731,-0.24203174012445366,0.9041888266845044,-1.0260316110505296
2018-03-06,704556,22085,6,14,0,0,0,0,0,0.932348781230828,-0.7157901588308044,,-1.3231163246309208
2018-03-07,728064,24134,3,12,0,4,0,0,0,3.0748849087792816,-1.9304223489744066,,-1.3641310418735342
2018-03-08,632720,20647,5,27,1,1,0,0,0,2.15333981916231,-1.2780120058609201,,-0.9019314130503003
2018-03-09,665470,23348,2,25,0,1,1,0,0,2.4201931459996002,-2.9425150466635244,6.45161290322581,-1.2488330499553015
2018-03-10,449993,17506,13,14,1,0,0,0,0,-3.9120683847081303,-2.364184432128071,,-1.061300007191128
2018-03-11,391333,14179,3,18,0,0,0,0,0,3.5263061046179343,-1.6221798790400035,,-1.0204208506937744
2018-03-12,642153,22921,11,10,1,3,0,0,0,3.3715878555381185,-2.599101851012429,,-0.9176380889608463
2018-03-13,596475,17346,8,11,3,3,1,0,0,0.5242049380155733,-2.270342680875522,0.167224080267558,-1.4557235861384565
2018-03-14,702154,22296,7,11,1,0,1,0,0,-0.758395087671338,-2.0924196304846716,2.01149425287356,-1.0390533587568656
2018-03-15,663239,21221,14,54,1,2,1,0,0,2.9599425776587482,-0.4281493171500512,0.135869565217392,-1.270886577912027
2018-03-16,676918,24074,8,19,3,2,2,0,0,3.17217795685953,-1.4737412204912677,8.920467720030476,-1.3267741872798213
2018-03-17,403911,15473,10,12,0,0,0,0,0,1.9631539110762268,-1.354565556856623,,-1.2562964571487345
2018-03-18,378276,14874,7,15,2,1,2,0,0,1.3253330355419553,0.06559299090176587,1.4907024552059236,-0.7409406916453958
2018-03-19,669302,24297,6,43,1,0,0,0,0,0.32651657307119664,-1.030652751816888,,-1.326465757517688
2018-03-20,653081,21042,9,23,1,0,0,0,0,-1.3780059106161304,-1.7532916664473293,,-1.3070744305694875
2018-03-21,661009,20246,11,9,1,1,0,0,0,-3.600406818517885,-3.124295879522384,,-1.0876783439204016
2018-03-22,686885,21826,9,16,0,0,2,0,0,-0.5839674439295165,-1.7674460086839097,1.9262462743264603,-1.362984599715275
2018-03-23,629301,20559,6,29,0,3,0,0,0,1.3940550166010426,-1.6739381236804147,,-1.5999976498405828
2018-03-24,408971,15540,4,32,0,1,0,0,0,0.8180654290311062,0.23659582300682253,,-1.642651687541369
2018-03-25,373619,13246,13,63,4,1,1,0,0,3.181377541556514,-0.9526394940578482,-0.236742424242424,-1.6175805788813356
2018-03-26,612544,20904,8,37,1,3,2,0,0,3.948224377225071,-1.4961344405134223,9.286570279882504,-1.4893749267543037
2018-03-27,665992,21061,4,22,1,2,1,0,0,2.431000549202629,-1.1052833827864517,11.4035087719298,-1.564463409068013
2018-03-28,709381,22743,6,9,2,1,0,0,2,-0.6800513869833337,0.9323126121574814,,-1.2855667468965593
2018-03-29,685204,23215,12,16,5,1,0,0,0,0.612032535056963,-0.7158907740508196,,-1.3659624929105267
2018-03-30,536505,20707,3,7,1,0,0,0,0,-0.7900283841752719,0.4180251731372368,,-1.461866459225718
2018-03-31,386493,15968,1,6,0,0,0,0,0,-0.512202470623682,-0.5912953532779472,,-1.3631312673182845
2018-04-01,325072,12660,2,5,0,7,1,0,0,9.57178506955507,-5.633267679544771,10.6164383561644,-1.382039654321848
2018-04-02,574663,22791,17,8,1,2,3,0,1,1.684948205993722,-1.6288107049926488,7.09167706276588,-1.117016191429634
2018-04-03,666162,21997,4,99,1,1,0,0,0,-0.16643717912063727,-2.57815859545778,,-1.2563793459933772
2018-04-04,624890,18821,7,170,2,13,0,1,0,0.28899275900557025,-1.6346118161331644,,-1.332901074854034
2018-04-05,654822,22086,14,158,2,1,0,0,0,0.7912576184183377,-3.126441213620394,,-1.571087229611623
2018-04-06,596411,20005,9,57,4,0,1,0,0,2.0289414205680254,-2.939166138880791,8.97435897435897,-1.4769436621613976
2018-04-07,388189,13987,4,16,0,1,2,0,0,0.8547857025612701,-1.1143768902749573,-1.016890564555125,-1.4030845226337243
2018-04-08,379158,12997,8,10,0,0,0,0,0,1.858040524261576,-2.867358554652494,,-1.487750898467811
2018-04-09,585293,20690,7,30,1,2,1,0,0,2.5069494553481984,-0.6081633283293226,5.26315789473684,-1.2715046650683595
2018-04-10,712898,22938,11,52,0,0,4,0,0,2.0403138889138255,0.5611142447212936,2.8107665723846704,-1.170609267496433
2018-04-11,667520,20073,1,23,0,1,0,0,0,-3.74331550802139,-1.1690437596964718,,-1.4367690530483783
2018-04-12,699199,22529,3,8,2,0,0,0,0,0.005268801156620206,-1.728451335414115,,-1.2276938227993048
2018-04-13,587996,18161,14,12,10,0,1,0,0,0.07358737879117766,-2.1679670212075135,6.0,-1.0659943688554792
2018-04-14,431065,16461,14,10,18,0,0,0,0,0.4698098969401263,-2.1846270531634557,,-1.727824796590714
2018-04-15,373333,13285,6,12,3,0,0,0,0,0.4070043577413075,-2.6194779060565945,,-1.6005540290092317
2018-04-16,601103,19195,13,14,2,1,0,0,0,0.8220620332585019,-1.8265718331239909,,-1.3451667035603476
2018-04-17,668069,21250,9,22,1,4,0,0,0,0.3510867358488148,-2.851184171754639,,-1.266037339711786
2018-04-18,726225,23443,17,28,7,6,0,0,1,2.339717238419354,-2.6321110987342404,,-0.8690629481428678
2018-04-19,737932,24846,5,18,4,3,0,0,0,-0.9169644392583858,-1.4855444086053948,,-0.8904557972201892
2018-04-20,601977,19736,18,16,7,0,2,0,0,1.84721514526425,-1.2839182265585192,3.922819392220195,-0.9102552072798996
2018-04-21,437591,16166,7,13,4,3,0,0,0,2.3499553435516343,-0.788924641338495,,-0.6725627953160039
2018-04-22,394904,14571,8,9,5,1,0,0,0,1.1214602165087997,-1.408684015789596,,-0.07965000877282732
2018-04-23,586707,15407,2,21,1,1,0,0,0,-0.814067424061865,-3.3596574733901776,,0.06824959458033271
2018-04-24,700687,22834,6,28,6,1,0,0,0,2.433382918749082,-3.1228987145668805,,-0.49315110616848234
2018-04-25,611496,18891,4,16,2,0,2,0,0,0.41914081595269703,-0.9605833374749448,0.49206246773360895,-0.3699631368719574
2018-04-26,595805,17271,5,8,1,0,1,0,0,1.0155002477376731,-0.3358970038837201,0.853242320819112,-0.5586160392061081
2018-04-27,638441,20861,4,14,0,2,1,0,0,-3.4469862987970217,-0.5755454505882207,0.491803278688525,-0.7005216293509657
2018-04-28,424922,15162,11,26,0,2,0,0,0,-0.1254490744240695,-0.8208329310661506,,-0.593808321788309
2018-04-29,346589,12040,6,9,0,0,0,0,0,2.1089119721581664,-0.8966038300455423,,-0.4141227050540488
2018-04-30,568648,21005,3,15,1,0,1,0,0,-1.2123854714796665,-1.9870843501774051,0.726744186046511,-0.7508523745056491
2018-05-01,540939,17750,1,6,2,1,0,0,0,0.268817204301075,-2.306950929038151,,-0.5762392732548697
2018-05-02,619075,18826,0,17,1,1,0,0,0,,-2.2086472200497806,,-0.5284604949805712
2018-05-03,661418,20175,2,13,1,2,0,0,0,-1.770580238343165,-3.0861036174655823,,-0.8427885270717115
2018-05-04,639970,20145,11,19,1,0,1,0,0,-0.5778664312101441,-2.8620127121120826,5.33333333333333,-0.7533606998733663
2018-05-05,410568,16179,6,24,1,0,0,0,0,0.8626895528773869,1.67747203466667,,-0.7827775134984455
2018-05-06,372455,14746,7,23,0,4,1,0,0,-0.03049850457973724,-0.68648794951505,-3.56521739130435,-0.7158917309289379
2018-05-07,600747,19337,7,22,0,2,0,0,0,1.2466371421383629,-0.14161756895938954,,-0.755803022920969
2018-05-08,619039,19127,7,30,2,1,1,0,0,-1.4141038883804928,-0.6089331364938222,1.42450142450142,-0.8970506528155187
2018-05-09,684784,22603,5,32,1,1,1,0,0,-1.3379056648336078,-0.8127114238873065,-5.42635658914729,-0.8781870404174527
2018-05-10,671967,22851,12,19,0,2,0,0,0,0.1615320298764491,-0.6370147054037614,,-0.715890635566316
2018-05-11,636233,20654,8,26,0,2,1,0,0,0.306386119566033,-2.197698275818685,5.38116591928251,-0.8723110603282503
2018-05-12,389805,13825,6,46,2,1,0,0,0,-1.662170593153141,-0.9005324747228969,,-0.6643072652275605
2018-05-13,379019,14026,2,38,0,2,0,0,0,-2.3361380403633953,-0.7564683344715326,,-0.7282043775347913
2018-05-14,616895,20737,3,20,4,1,0,0,0,-0.7707992854302232,-0.7239666387214685,,-1.1673808694445067
2018-05-15,623274,20054,11,16,3,1,4,0,0,0.6019331637666385,-1.2566463279713775,0.605901556960897,-1.5758902602217917
2018-05-16,701154,22352,8,13,0,0,0,0,0,-0.8183634682131042,-2.639614115671476,,-1.0211350261009136
2018-05-17,688521,21968,2,6,3,20,0,0,0,2.899491094147585,-3.24859329958342,,-0.9712333659827839
2018-05-18,648829,21642,2,8,0,1,0,0,0,-2.95053175844674,-2.3811994699519565,,-0.7263246012056948
2018-05-19,409856,15052,0,15,0,0,0,0,0,,-2.3651559255802512,,-0.0567736530114935
2018-05-20,360872,12640,1,26,1,0,0,0,1,0.124378109452736,0.1621590527818545,,-0.5175342415936328
2018-05-21,590047,20705,8,50,2,2,4,0,0,1.4741583350490837,-2.147509763187551,2.912327719958895,-0.6033242561720831
2018-05-22,619900,18746,4,46,0,0,0,0,0,3.9240626149694475,-1.4301320079812934,,-0.8274685674298278
2018-05-23,692575,22344,8,27,2,4,0,0,0,2.8203325070930934,-2.0327770667680447,,-0.8758609151713753
2018-05-24,706542,22486,4,10,1,1,0,0,0,0.421509071801603,-3.5983097068196246,,-0.9519932347545261
2018-05-25,636806,21102,10,3,1,1,1,0,0,0.49928609617394704,-0.9422795192549897,-7.27272727272727,-1.0475982503231407
2018-05-26,428298,16365,1,6,0,0,0,0,0,-4.47761194029851,-4.135130774633761,,-0.9941788235710898
2018-05-27,401618,14395,5,8,0,0,0,0,0,3.457182513532854,-1.3837038189802624,,-1.0841190794948614
2018-05-28,519568,19550,2,3,0,0,0,0,0,-2.15668297763842,-1.1366324161257793,,-0.680596382351201
2018-05-29,654302,21699,20,14,1,2,0,0,0,-2.2942735438325466,-0.4432147683930646,,-0.8992341860530905
2018-05-30,671347,20520,2,54,0,2,0,0,0,-6.1881895615389,-3.9667727426897006,,-0.9586731655879186
2018-05-31,638553,21522,1,25,0,2,1,0,0,5.83775587566338,-3.007771906369784,5.83775587566338,-0.8769687316542666
2018-06-01,621870,20409,4,9,2,4,0,0,0,-5.001048989230798,-1.52641576889477,,-0.872460777224146
2018-06-02,410676,16178,0,24,0,1,0,0,0,,-2.26569354530108,,-1.1073745966145674
2018-06-03,394716,14297,1,10,0,0,0,0,0,-0.581395348837209,-3.526266564669888,,-1.128853833855577
2018-06-04,610543,20647,3,21,0,0,3,0,0,1.9649242092141768,-0.6980160785058465,1.9649242092141768,-0.9988339429480978
2018-06-05,659711,21354,5,16,2,1,0,0,0,-0.22910664111485912,-1.0520893084524847,,-0.8278457609085352
2018-06-06,669154,21955,1,19,1,3,0,0,0,1.91339375629406,-1.8651361442184646,,-0.9061939127055518
2018-06-07,661172,23401,3,14,0,0,0,0,0,1.8708900344870034,-2.238047732144213,,-0.6815713826898749
2018-06-08,569429,19571,2,25,0,0,0,0,0,-2.129137035629625,-0.3833374837210637,,-0.5774825468733905
2018-06-09,382197,13480,2,9,0,1,0,0,0,3.8653288144123152,-2.601253285268802,,-1.0066948689341284
2018-06-10,378973,14102,2,10,0,3,0,0,0,2.6662981309143454,-0.26906907527513224,,-0.6845801371456879
2018-06-11,650747,22952,2,5,1,0,0,0,0,1.6907025019119417,-0.8198154109062579,,-0.919966318164242
2018-06-12,695243,22575,20,14,3,1,0,0,0,-2.5466515101545744,-2.804671399317519,,-0.6752950648991262
2018-06-13,654006,21761,9,162,3,1,0,0,0,-0.8966938292007576,-2.3166680250017846,,-0.5885969954961281
2018-06-14,689406,20610,5,76,1,1,0,0,0,-1.2986156614169149,-1.2675606866853157,,-0.7339593959386177
2018-06-15,611141,14039,3,19,1,0,0,0,0,1.74650048083554,-1.7590892064522814,,-1.1539528388799052
2018-06-16,387742,13969,2,11,0,0,0,0,0,5.177273819175451,-1.3681699212434308,,-1.803679569367819
2018-06-17,353006,14316,2,23,2,1,0,0,0,5.04201680672269,-1.0127922270534135,,-1.5646245813135762
2018-06-18,576307,20403,8,39,0,1,0,0,0,3.6148263712145723,-1.2808031748882553,,-1.2486662410597698
2018-06-19,581913,17285,1,35,0,2,0,0,0,0.474898236092266,-1.765694749488213,,-1.339621020108365
2018-06-20,674738,23261,0,23,0,1,0,0,0,,-2.512758671864798,,-1.195260523467041
2018-06-21,637672,20888,1,50,0,0,0,0,0,0.0,-3.4733805826631197,,-0.9245029679954697
2018-06-22,628723,22513,5,44,3,1,0,0,0,-0.8845242006036618,-1.3639089779306974,,-0.9186650778614492
2018-06-23,399301,15256,0,29,3,1,0,0,0,,-1.6932735852181233,,-1.2591411463994724
2018-06-24,381564,20801,2,18,2,1,0,0,0,-2.4082952724838,-0.8177843000003466,,1.0438065152929021
2018-06-25,601425,19581,3,15,2,2,0,0,0,0.23797617417846723,-1.526940579195778,,0.6895665204560449
2018-06-26,648368,20916,1,29,1,0,0,0,0,-1.93423597678917,-2.2273651012026705,,-0.4758349884830105
2018-06-27,607284,18463,6,8,2,0,0,0,0,0.5627225215878973,-1.82132867632378,,-1.0125601902035932
2018-06-28,621686,17745,4,11,5,1,0,0,0,2.7456732888844497,1.0873024220170868,,-1.3790995824113896
2018-06-29,591719,18950,3,21,2,2,0,0,0,6.22740285837276,-0.7961581465729449,,-0.9362725476591058
2018-06-30,401010,14372,7,12,0,2,0,0,0,-3.696204082487466,-1.9829854441281323,,-1.270037818444465
2018-07-01,358327,12487,4,24,0,1,0,0,0,-2.611022898529066,-1.965200635360833,,-1.4555480421465312
2018-07-02,606879,21186,5,21,0,0,0,0,0,-1.5956566703592063,0.008379795363592804,,-1.1546529037253102
2018-07-03,621055,19898,28,26,4,1,18,0,1,-3.031497426948904,-1.793663519470487,-3.3158336917644986,-1.5826449219701464
2018-07-04,609886,21724,88,35,13,4,40,0,5,0.19959917468131344,-1.2342646442943528,1.86225807976459,-1.3221597219836674
2018-07-05,638967,21524,319,19,111,0,76,0,42,-1.5074487656306907,-1.4307004728641906,2.144222502601113,-1.5744159487228397
2018-07-06,596962,20834,210,32,100,0,67,0,41,-1.2397222406282398,-2.220400075756209,-0.48958215226003127,-1.557809357727297
2018-07-07,402935,13853,36,15,14,0,4,0,1,-1.6621257407074441,-1.3678066477300546,-0.13159526769737617,-1.477865957264342
2018-07-08,338303,11318,17,19,15,0,1,0,0,-2.8184813185117443,-1.4092115902324496,0.59171597633136,-1.7368406697858996
2018-07-09,614181,21973,58,38,41,7,14,0,1,-3.2109655122859877,-0.9406819131978346,-1.9304665076887317,-1.0701677143360815
2018-07-10,639837,19506,46,36,28,0,17,0,16,-1.6719173726739396,-1.7652639061221702,-1.8439027776675636,-0.9057967721345727
2018-07-11,636095,17862,33,21,11,0,6,0,5,-0.3037161778206077,-0.2662670286671278,-2.9700148398993194,-1.69803130220897
2018-07-12,634092,19030,32,11,4,1,15,0,1,-2.1705002610450204,0.1548248268552394,-1.9692920133609806,-1.5754009159548858
2018-07-13,621799,20873,31,13,6,1,0,0,0,-2.255402197120249,-3.405350783039514,,-1.532633797398182
2018-07-14,393912,14601,7,8,4,0,0,0,0,-2.454014901677283,-0.5250137004402448,,-2.0162728526006757
2018-07-15,260204,10105,6,5,2,0,0,0,0,-0.5333612444796068,-2.581892054477596,,-1.8182048121625196
2018-07-16,516652,14512,8,12,5,1,0,0,0,-2.0740388771313714,0.2094671692201816,,-1.0032318612793305
2018-07-17,563711,15191,27,17,5,1,1,0,0,-1.4001719139700979,-1.7293114667329013,-3.71428571428571,-1.3669663636620513
2018-07-18,597849,16566,9,8,4,0,0,0,0,-0.04340492789002326,-2.604814256714733,,-1.7176052412609133
2018-07-19,574004,15949,4,9,0,0,0,0,0,-2.1139564253240453,-0.6440617973488737,,-1.7246976367977058
2018-07-20,561900,16409,14,6,6,0,0,0,0,0.8334922629971606,-1.5271730723080017,,-1.1649660722526871
2018-07-21,368187,12783,45,26,29,0,32,0,22,-1.946800760695843,-2.1150709005196653,-1.7407010341446638,-1.4103330172812096
2018-07-22,329256,11229,148,27,12,0,41,0,3,-2.8775467627941667,-1.8987057059552672,-1.3031216450998915,-1.483808505427026
2018-07-23,528145,15503,239,12,21,0,73,0,5,-4.479614261667551,-3.201733261570512,-1.850187918642677,-1.095661039062654
2018-07-24,588775,15483,66,23,13,0,15,0,1,-3.1971943154466906,-3.2748400203757195,-2.7266692607369882,-1.3454536695431665
2018-07-25,574671,15961,30,126,5,5,6,0,2,-2.710941000232327,-3.839445165161626,-1.1564161987318242,-1.4444725397667577
2018-07-26,617523,17753,28,1057,12,67,6,0,0,-2.614839594774463,-3.664415346817349,-2.2365569904767417,-1.1455183478613427
2018-07-27,602676,17920,54,614,8,12,25,2,1,-3.155941593272585,-3.321625029470211,-2.794019180042364,-1.3596118680832854
2018-07-28,373270,12842,27,356,7,3,11,0,0,-2.338230088127801,-3.7477864908954337,-0.6296118632917385,-1.4271244635194833
2018-07-29,344234,11920,25,231,2,2,4,0,0,-3.1123255604123328,-3.8363267023998135,-0.2427154236735698,-1.458358232257873
2018-07-30,566412,17675,27,415,5,7,1,0,0,-2.4780386703886346,-3.304602299173826,-4.83558994197292,-1.385301179201051
2018-07-31,609645,17660,212,223,7,5,17,0,0,-4.408743491539075,-3.4275841613743734,-1.7854994273619422,-1.4636498586010553
2018-08-01,590971,17049,478,381,11,12,12,0,1,-3.970095798926612,-2.5497101092738212,0.2166765048149937,-1.9174426978016101
2018-08-02,615225,17573,439,371,56,29,22,0,1,-4.019283857638735,-2.320725657043922,-1.2225194494578375,-1.3339279513682887
2018-08-03,595649,17916,458,140,26,12,12,0,1,-4.423146722267148,-1.9927762620824931,-2.7518105229903247,-1.3722948824939076
2018-08-04,387212,13336,53,366,22,21,3,0,1,-3.47423848169419,-1.1909105017300194,-1.5364035828102833,-1.6452251861893648
2018-08-05,355011,12251,35,117,48,6,4,0,0,-0.9168917496818789,-3.63369445629446,-0.9840034840034827,-1.815334542068854
2018-08-06,568084,17898,32,83,11,3,3,0,1,-2.300249819064124,-1.3560450488784934,-2.01661320832305,-1.2559666706028034
2018-08-07,613244,17984,37,133,8,6,6,0,0,-3.387689661867218,-2.157268578242536,-2.5014240106454513,-1.446227269904523
2018-08-08,624851,17583,56,100,18,1,10,0,0,-0.6445898203030487,-1.4801241790302861,-1.274023488427544,-1.2661940468787596
2018-08-09,592748,17605,31,50,20,0,3,0,0,-0.6185072159080076,-3.020060922503434,-2.038702489482217,-1.5570050182370188
2018-08-10,554489,16449,23,42,16,1,2,0,0,-1.3085603922053188,-0.6864750779065748,-2.3990471169971377,-1.3753761019060184
2018-08-11,374882,12998,46,45,15,2,4,0,0,-2.2271969220369656,-2.125901780056351,-2.4156769046291853,-1.4385454462993292
2018-08-12,338948,12388,9,77,6,0,4,0,2,-1.7635838916225768,-1.978232831293226,-4.485341670156047,-1.3562620126693898
2018-08-13,552565,17996,30,200,5,9,2,0,0,-2.363252821443615,0.055217764829422054,-2.57233233425449,-1.1130304856007092
2018-08-14,593247,18325,16,101,2,2,3,0,0,-3.5495354712493796,-0.951989058235867,-3.0262870915630695,-1.3034807203335557
2018-08-15,573774,17654,23,35,21,0,0,0,0,-1.8099587198312557,-0.47724152005260473,,-1.167687881611686
2018-08-16,561003,16123,39,29,14,2,1,0,0,-2.381598158130978,-1.278818592499797,-5.27182866556837,-1.2502076303016019
2018-08-17,534480,15823,5,18,6,1,0,0,0,-1.3576843622315682,-1.9258765034450553,,-1.1698978638335293
2018-08-18,359282,12700,8,10,3,0,2,0,0,0.16115425083130885,-3.262411956308938,-3.03792569659443,-0.8334883241019466
2018-08-19,322121,11510,18,12,4,0,2,0,0,1.7378549681782736,-2.0783145922326085,-3.0120755196283904,-1.4680355839341641
2018-08-20,503205,12408,22,11,29,2,0,0,0,-0.7090495442831303,-2.6107319405488667,,-1.4797566509103632
2018-08-21,500346,8791,15,11,5,1,0,0,0,-3.0379743080151145,-3.060119384454318,,-2.3136892048567472
2018-08-22,528969,9025,24,18,7,2,3,0,0,-2.941635008501151,-1.860720204322728,-2.6410695565859634,-2.0498479197782906
2018-08-23,484765,8587,30,21,34,1,0,0,0,-1.894688151853426,-0.5288041799830202,,-1.8957110720456334
2018-08-24,508435,9200,9,37,4,0,0,0,0,-0.803003809207203,-4.345880171099001,,-1.8058166952774743
2018-08-25,348082,9993,6,14,1,4,0,0,0,-1.3658637685063533,-4.583801185845071,,-1.948321042064677
2018-08-26,317787,9743,4,5,0,6,0,0,0,-3.800302527028997,1.898955119499949,,-1.6171256307595328
2018-08-27,493694,13858,25,19,57,2,13,0,4,-1.2530711911074082,-0.6179002787883052,-0.5574034031474877,-1.3172950169748725
2018-08-28,544242,14188,79,47,29,1,5,0,2,-4.152055672547537,-2.942694471163504,-1.7900781504261418,-1.4429557851846666
2018-08-29,562409,15696,20,14,25,0,1,0,0,-2.4062284896547816,-2.084790854701998,-4.33333333333333,-0.9547551517281387
2018-08-30,548762,13199,34,20,6,1,10,0,0,-2.906231488342536,-2.592844783757753,-4.461880076301147,-0.2780846236464039
2018-08-31,530730,15384,22,23,6,1,9,0,0,-2.775030686433689,-1.5914863925409182,-2.1239659360309133,-1.277066103432133
2018-09-01,355019,11852,6,25,4,0,0,0,0,-1.7500165853700567,-2.547396304774202,,-0.7681057082111377
2018-09-02,316332,10442,4,17,1,0,1,0,0,-0.16735037425466492,-2.594336476754456,-1.14503816793893,-1.2893127878134127
2018-09-03,475356,15339,4,17,3,0,0,0,0,-3.6740058565829576,-0.9243760427927531,,-1.3258827289747637
2018-09-04,567976,15274,7,17,2,2,0,0,0,0.6257782747831027,-2.6560770502495026,,-1.1137550852414078
2018-09-05,584747,16182,17,11,4,2,1,0,0,-1.2822790998207756,-0.9134398203461377,-1.35746606334842,-1.2739139136077782
2018-09-06,582873,16265,6,25,1,2,1,0,0,-0.18885360645943128,-2.343250161085024,0.512820512820512,-1.2186037905949536
2018-09-07,571165,15169,5,9,0,0,0,0,0,-4.549324845970097,-1.273902623953855,,-1.3251535103576895
2018-09-08,358157,10949,5,9,0,0,1,0,0,-1.0180288366010424,-0.3392435108894738,2.13333333333333,-1.3502478924932249
2018-09-09,339052,10069,8,20,2,1,0,0,0,-3.32343601240776,-1.9636931174581045,,-1.3108179344602156
2018-09-10,509434,14693,10,17,1,2,0,0,0,-3.3117227889866276,-2.480652203974687,,-1.1605222549614342
2018-09-11,570783,16038,7,25,0,1,0,0,0,-2.7420778669709733,-3.0373842882808315,,-1.3959466407573142
2018-09-12,603794,15491,8,26,0,0,4,0,0,-0.6479755071860752,-1.907109229078099,-0.13045043320419525,-1.3634331615187802
2018-09-13,580771,16676,17,6,3,1,0,0,0,-1.3679218522716312,-0.12159360116819826,,-1.2759199161367014
2018-09-14,582635,15861,20,15,0,4,1,0,0,-1.532719573045455,0.5643709131013469,9.23076923076923,-1.11710544660562
2018-09-15,367533,11321,3,9,2,0,0,0,0,1.900213934832483,-1.2258694911697037,,-0.8809652609247626
2018-09-16,321935,10564,14,307,1,0,0,0,0,-0.5449778763245912,0.7418245739916256,,-1.0961513431005352
2018-09-17,536211,15341,7,49,4,0,0,0,0,0.6654164138077588,0.344990419442185,,-0.8385746182073779
2018-09-18,566473,14895,6,14,1,1,0,0,0,1.301400673128642,-0.5393590480316642,,-0.9181216137488702
2018-09-19,588169,15754,1,32,0,1,0,0,0,-2.41492864983535,1.8697258658758327,,-0.6917910027800236
2018-09-20,576381,14971,3,25,0,1,0,1,0,-3.5677484787801332,2.0458284469239314,,-0.9284885338601541
2018-09-21,565249,14992,16,13,42,3,7,0,3,1.0621686668687191,-1.8864361783224357,1.7762256264861287,-1.164768132444729
2018-09-22,360975,11707,11,15,5,0,3,0,0,-2.91355855267431,-1.5920059314893253,0.7443467642043069,-1.3023435647197903
2018-09-23,323262,10452,60,14,6,0,1,0,0,-0.7130551791102514,-2.3125256084151666,0.54054054054054,-1.097675831194836
2018-09-24,493942,14769,30,30,3,1,0,0,0,-1.5888586244820981,-0.7942379930752846,,-1.120428496262133
2018-09-25,566138,14609,33,10,3,6,3,0,0,-3.446440728713438,-0.6233347560568427,-5.0810164920254195,-1.2009362394941472
2018-09-26,570232,14386,26,27,9,1,0,0,0,-3.402940631646894,-2.126622444774119,,-1.3067768092192058
2018-09-27,562855,15147,19,25,6,0,0,0,0,-1.1976479313182906,-1.6242590977311266,,-1.1471771916955051
2018-09-28,556082,15822,16,10,4,1,1,0,0,-6.132579852085653,-2.039978247926743,5.07152145643693,-1.2546244668883781
2018-09-29,359412,11505,2,19,4,3,0,0,0,-3.025074764205195,-1.9246495238937116,,-1.3470750341348376
2018-09-30,312449,10625,4,14,1,0,0,0,0,-0.9868260463555925,-2.045298887833596,,-1.4488907118680023
2018-10-01,515574,15202,5,3,7,0,0,0,0,-3.4115389108784138,-1.3633111846436567,,-1.1002545168719506
2018-10-02,563154,16477,14,8,2,6,0,0,0,-2.1291531432647406,-1.6066254157191588,,-1.3512694591939083
2018-10-03,559645,16109,2,6,1,1,0,0,0,-4.001847209394386,-3.382065985136295,,-1.2773572554876065
2018-10-04,570397,16375,10,29,0,2,4,0,0,-2.118923704495575,-1.6316477939712,-1.7260109676032802,-1.307010667954186
2018-10-05,539381,14573,11,16,1,0,2,0,0,-2.502904685190888,-1.0153997095173446,1.102066333245595,-1.3773359833994427
2018-10-06,349900,11761,3,22,2,0,0,0,0,1.9925324273150375,-4.447830647905898,,-1.355638539108224
2018-10-07,330594,10128,2,9,0,0,0,0,0,-1.669369234817615,-4.138859003929003,,-1.480593148759086
2018-10-08,494115,13554,4,3,1,0,0,0,0,-1.0539379465095953,-2.965318263796015,,-1.2466662719177821
2018-10-09,552597,13873,5,17,0,2,1,0,0,-0.5873310273779639,0.11688807200930061,5.03597122302158,-1.5769173110514307
2018-10-10,566311,13995,9,8,5,1,1,0,0,1.3714345339014558,-3.897335137217434,1.63934426229508,-1.3607340909980146
2018-10-11,567980,15804,9,17,1,1,3,0,0,-0.09827117150609788,-1.3813811236794977,2.0680849525711165,-1.3316483661586194
2018-10-12,541655,15421,6,9,1,2,2,0,0,0.11432408694435148,-1.7843006490175055,-0.28409929454824523,-1.5882843143828143
2018-10-13,339138,11413,9,10,1,1,0,0,0,2.0908670495066612,-0.9469780282328359,,-1.2189367041721884
2018-10-14,313124,10656,9,17,0,0,0,0,0,-4.2199043281550255,-0.4562203735594699,,-1.6463205439267994
2018-10-15,519457,15260,2,12,3,0,0,0,2,-1.71564643052821,-0.21595949639334583,,-1.4841762707775892
2018-10-16,564084,15125,7,3,1,2,0,0,0,-3.4097906828553297,-3.7985877004801316,,-1.4600889798616927
2018-10-17,574058,15065,5,21,1,1,0,0,0,1.0077875433227208,-0.9228513712996298,,-1.4814099221295838
2018-10-18,554243,14421,3,11,0,0,0,0,0,2.3796743603506894,-0.8321787402438954,,-1.0694512148576927
2018-10-19,541495,15295,2,14,0,0,0,0,0,-2.947775118766955,-2.1029816112104385,,-0.9682972493007984
2018-10-20,350243,12489,1,14,1,0,0,0,0,-2.98507462686567,-0.221640349366325,,-1.129429011652854
2018-10-21,318305,9937,0,8,0,0,0,0,0,,0.3185996554169953,,-1.2753247832548698
2018-10-22,507431,14577,6,10,0,0,0,0,0,-1.75809269950077,-0.4166529983033309,,-1.3736780753173456
2018-10-23,560992,14786,2,6,1,0,0,0,0,-1.6549847228350698,-2.903390800337911,,-1.331108739536627
2018-10-24,583375,15945,2,5,1,5,0,0,0,-5.264550264550265,0.7754829077344365,,-0.8461246077308782
2018-10-25,584372,15016,6,5,1,2,0,0,0,1.8314629186257623,-3.057281696566142,,-1.0937964669082418
2018-10-26,533894,13265,1,2,1,3,0,0,0,-1.14613180515759,0.09528374014354979,,-1.1888347217548987
2018-10-27,351018,11563,1,11,0,0,0,0,0,7.51445086705202,-1.813152802902591,,-1.0582147280176015
2018-10-28,321325,10790,4,9,1,0,0,0,0,3.3225034011168595,-1.0129144127997398,,-0.46747625774608825
2018-10-29,535539,12405,6,8,1,3,0,0,0,1.0913812123868922,-0.49594847193717323,,0.03910135838797881
2018-10-30,550258,12962,6,13,1,0,0,0,0,-0.7146294065412115,-2.0323796893673802,,-1.1354221686955217
2018-10-31,582670,15635,3,9,2,0,0,0,0,-1.9264319680441837,-4.0794641589832015,,-1.3715134469947015
2018-11-01,547509,16000,2,12,1,2,0,0,0,-0.895950719031201,-0.15480697689361736,,-1.21514365161092
2018-11-02,526382,14712,5,10,1,2,0,0,0,0.32849205994724506,-0.17474767720973855,,-1.205333947217633
2018-11-03,349775,11131,4,9,1,0,0,0,0,-0.4539245785553324,0.38149025740405973,,-1.1751965670671605
2018-11-04,308912,9242,8,14,0,1,2,0,0,-3.404551090136056,-1.9971296958223572,-4.97512437810945,-1.1373393505096994
2018-11-05,521269,15386,23,10,5,0,3,0,0,-3.340317665013525,-2.6096201438748996,-2.813869148485403,-1.2095977258293753
2018-11-06,541426,14708,15,10,1,0,1,0,0,-1.13731051672899,-2.095047891902822,-2.49221183800623,-1.4718402082059694
2018-11-07,601005,15297,15,12,2,1,1,0,0,-0.7302548099647374,-2.652337438017165,0.0,-1.1075995034941508
2018-11-08,550446,15117,8,19,0,0,0,0,0,-1.4298407693391597,-3.208732433022243,,-1.4313984308917418
2018-11-09,562681,15236,4,15,1,1,1,0,0,-2.3324400279062725,-4.045106566140772,-3.32187857961054,-1.049039844575191
2018-11-10,363992,11818,5,9,2,0,2,0,0,0.1413711689623791,-2.125681568132314,-0.11883545490748751,-1.1760393464465961
2018-11-11,319584,10628,1,26,0,0,1,0,0,-8.01393728222996,-2.614311709013642,-8.01393728222996,-1.3266005526272788
2018-11-12,513951,14736,13,11,2,2,0,0,0,0.3933215769700497,0.24357878548909237,,-1.5465534757347652
2018-11-13,566746,15302,6,7,2,3,1,0,0,1.5871589751414512,-0.7102103045142691,-2.53012048192771,-1.5795845809466738
2018-11-14,582087,15125,3,4,3,2,1,0,0,-0.8321916386432524,-0.7228427479021395,-0.0772200772200771,-0.9310184106065174
2018-11-15,578565,14816,13,8,3,1,3,0,0,0.06815232917222991,-2.0511604979832514,1.951225521073037,-0.9911969896617269
2018-11-16,557582,14664,17,6,4,0,0,0,0,1.8646010213617337,-3.38237243454397,,-1.191648725468613
2018-11-17,356408,11308,10,4,3,0,0,0,0,0.7505084501059615,-1.4965433287059549,,-1.0819367322557978
2018-11-18,317974,10080,6,2,0,2,0,0,0,0.7107331899397532,-3.423273269129945,,-0.9161705791908425
2018-11-19,495891,14274,4,19,4,2,0,0,0,-0.18703351860830175,-0.5007249765308461,,-0.6822591707704408
2018-11-20,558028,15113,2,14,1,2,0,0,0,5.37313432835821,-0.005768278173489988,,-1.1223243109721253
2018-11-21,544105,14824,4,11,2,0,2,0,0,0.5052380826254494,-1.9428284128189357,0.73678393811015,-0.9798976422990326
2018-11-22,510805,15118,20,3,2,0,0,0,0,-0.8627782560795788,-2.5461010883005777,,-1.2741144863213087
2018-11-23,490970,15214,7,11,3,0,0,0,0,-1.4774174978873673,-0.7239282955257658,,-0.7860214254835748
2018-11-24,348606,12799,10,6,1,0,0,0,0,1.141352173128257,-2.3821013254355377,,-0.4288864967729802
2018-11-25,323478,10663,401,17,1,0,1,0,0,-2.5272177251932573,-2.342983028838313,-2.02156334231806,-1.312664416352553
2018-11-26,533461,15428,400,16,2,0,0,0,0,-2.5811799798132333,-0.87248902161287,,-1.420740307617644
2018-11-27,541581,15598,180,12,1,1,0,0,0,-2.1065332997532122,-0.6402391801215802,,-1.5465128481636563
2018-11-28,550209,14544,178,14,5,1,0,0,0,-2.402012392036607,-1.8519943360342235,,-1.2854492592600724
2018-11-29,544229,14900,122,13,4,1,3,0,0,-2.1281576291270468,-2.7169804706099603,-2.053203890157497,-1.3597218993393785
2018-11-30,540067,14624,118,7,3,3,2,0,1,-1.8374898931247832,-1.6853318660613144,-0.19055114093861958,-1.322142095607851
2018-12-01,363161,12005,114,4,1,0,22,0,0,-2.0386704874652244,-2.1863262581236507,0.45979263864811193,-0.8596991280441636
2018-12-02,308108,10779,97,4,0,0,0,0,0,-2.7722710433898645,-2.455016446380015,,-1.3680271183318937
2018-12-03,514098,15475,87,8,6,6,0,0,0,-2.4199874872015417,-2.124960157365952,,-1.0778948287131258
2018-12-04,376404,7653,62,12,10,8,4,0,0,-1.993486186311554,-0.35851712951700787,-2.167929990705619,-1.359952861533212
2018-12-05,536593,14593,89,13,11,2,7,0,0,-2.802738838856455,-2.2455854151864827,-2.704267452823076,-1.2524578034839497
2018-12-06,532707,15248,70,8,6,0,5,0,0,-2.8356264065319614,-3.4539966188199003,-1.8851197295316202,-1.4560736496006286
2018-12-07,519106,14891,67,3,3,2,0,0,0,-2.531074732037371,-3.42034603585282,,-1.292153932765452
2018-12-08,345750,12350,63,3,0,1,1,0,0,-2.930285773175909,-1.4884381172185837,3.70994940978078,-1.4653919646263702
2018-12-09,303804,11166,35,16,1,1,20,0,0,-0.7390564594953656,0.42494518841130346,0.7530451734856568,-1.2786617536318492
2018-12-10,473457,15351,40,15,1,1,0,0,0,-2.3652410667267816,-0.9378939419520491,,-1.2143161710896428
2018-12-11,526306,15313,46,3,0,0,2,0,0,-2.11476865344637,0.22553064116424282,-2.40491377686985,-1.2096671091040156
2018-12-12,559691,16267,41,19,0,1,0,0,0,-2.6307292410210956,0.6920303697189102,,-1.0562347279131465
2018-12-13,515825,14433,48,15,3,0,0,0,0,-2.4165482703783896,-0.17901395491921357,,-1.6071540859223188
2018-12-14,504801,14032,30,9,5,0,0,0,0,-2.9786128163350307,-2.5456040103971764,,-1.261961479691847
2018-12-15,329720,11439,17,14,6,0,1,0,0,-2.726586751087771,-1.1866927691052014,2.55681818181818,-1.5161807565034031
2018-12-16,293668,9664,23,18,1,6,0,0,0,-2.792210290798792,-0.43249330570220573,,-1.5218331593859915
2018-12-17,484774,15579,43,15,3,5,1,0,0,-2.0170590746717223,-1.4296958332988183,2.52100840336134,-1.3187327247352025
2018-12-18,522222,15716,32,16,1,0,5,0,0,-0.7925297073784374,-1.6428574896463113,2.302336595835134,-1.0686915211674517
2018-12-19,546701,16097,37,13,0,1,1,0,0,-3.042583996293394,-3.2930633318857723,-2.93463761671854,-1.0014588661642456
2018-12-20,535974,15586,56,9,1,6,1,0,0,-2.538002708122951,-3.0058773481401655,-3.84138785625774,-1.3381867349480485
2018-12-21,485855,14928,37,7,4,2,0,0,0,-2.9383861351338956,-3.621949005805609,,-1.414048125566108
2018-12-22,330185,12156,88,4,24,1,19,0,0,-2.475474070599484,-2.799663582925347,-1.895940098016266,-1.2280502258757873
2018-12-23,283632,10950,30,5,2,0,1,0,0,-1.422543730273487,-2.1689384783618557,0.882658359293873,-1.4339549012477386
2018-12-24,366264,14290,30,6,0,1,0,0,0,-2.2296300646116207,-2.041687575250158,,-1.3283998456748112
2018-12-25,299263,15944,24,2,0,0,2,0,0,-2.2341792089784533,-1.8983046739617802,0.5111268380907455,-1.1218010143536334
2018-12-26,375784,16329,50,3,0,1,0,0,0,-3.0413414419367406,-0.15006972716330313,,-0.8445302755944321
2018-12-27,431651,15348,20,8,0,1,0,0,0,-3.1512398881683126,-1.8377158722009324,,-1.0810382994231746
2018-12-28,420526,15020,19,3,6,1,0,0,0,-1.9405393352187688,-4.103953712733927,,-0.9953587274503514
2018-12-29,316636,10961,28,2,1,0,1,0,0,-1.9414108424627292,-0.59347181008902,2.29960578186597,-1.0350065167340101
2018-12-30,274105,10296,14,4,2,0,2,0,0,-1.8006856592131055,-0.12728868724735243,-0.920880976133833,-1.2132219830132807
2018-12-31,339930,14267,7,1,0,0,2,0,0,0.377373514125815,-3.22003577817531,-1.9963937245542627,-0.2761733237171219
2019-01-01,279086,11831,5,4,1,0,0,0,0,-0.48884509061682424,-2.8990733558964052,,-0.5740395511574384
2019-01-02,423596,14325,11,19,4,0,0,0,0,-1.610251736740344,-2.0747760617964146,,-1.0160474400663404
2019-01-03,472268,14894,11,8,0,1,0,0,0,-2.3537887516579095,-1.1440638820252396,,-1.056035350106389
2019-01-04,455475,15972,25,2,0,2,11,0,0,-0.5380474915960365,-1.44919348004181,2.0597000365834766,-1.2566796726979672
2019-01-05,310118,12547,5,4,0,0,1,0,0,0.44744507482954754,-3.1369446529682787,9.63855421686747,-1.1678530247752872
2019-01-06,277841,10724,7,0,2,0,0,0,0,0.5742170154993769,,,-0.8712930864091564
2019-01-07,445079,14502,22,7,3,0,0,0,0,-1.610418958146994,-2.3791821241137705,,-0.8616565008629532
2019-01-08,491357,15018,9,3,0,3,0,0,0,0.43431146059472464,-4.059749483388002,,-0.9636873328843754
2019-01-09,514451,15305,6,2,0,2,0,0,0,-2.995757348582215,-0.24059753355590496,,-1.0070106361977782
2019-01-10,520061,15445,22,2,2,0,0,0,0,-1.9859352458351498,-7.06260032102729,,-0.9499039551959084
2019-01-11,511033,15260,20,1,0,4,0,0,0,-3.352857333470175,-2.27272727272727,,-1.2580526508014909
2019-01-12,333358,12496,20,2,0,3,4,0,0,-1.9620802873770944,-2.777798275486745,1.2776429335421229,-1.3970413611557184
2019-01-13,298355,11315,5,2,0,0,2,0,0,-1.3370026141895,-1.6812994222367579,-0.44327534118137013,-1.2091408733138806
2019-01-14,480651,14650,15,5,0,0,0,0,0,-3.479051799610103,-1.5994904024173022,,-1.2596515389214022
2019-01-15,520456,15797,20,2,1,0,0,0,1,-2.9036030795455727,-1.0342826348298304,,-1.3036838351812094
2019-01-16,523982,16543,17,8,0,1,1,0,0,-3.2112804439875666,-0.5745777912626375,2.35792019347037,-1.350922760931715
2019-01-17,535910,16082,4,5,2,2,1,0,0,-0.9722579367661948,-1.975414849109118,1.4945652173913,-1.0884049549134294
2019-01-18,486185,14199,33,6,3,1,2,0,0,-0.29249433947357406,-0.5772330593163679,0.357187617495925,-0.9630170436784293
2019-01-19,342846,12119,29,2,0,0,0,0,0,-0.526756696010151,-1.7531703770235878,,-1.0215483977024953
2019-01-20,294991,10758,6,5,0,0,0,0,0,1.2324186927650584,-0.34623861487033414,,-1.2288746514229785
2019-01-21,454693,13835,16,3,1,2,0,0,0,-1.9896773528502338,-0.6419925957534993,,-1.2364973368134897
2019-01-22,516000,14944,7,3,1,0,0,0,0,-2.2895060510765877,0.22298544103869666,,-1.3814678984508149
2019-01-23,528344,13595,16,1,0,0,5,0,0,0.20146583573470517,0.383141762452108,3.464785828409602,-1.3795737733601021
2019-01-24,544975,15096,26,1,0,3,2,0,0,-1.4002958513042485,-2.73081924577373,2.711157455683,-1.3437793384550345
2019-01-25,495335,14147,12,1,0,26,0,0,0,-0.8324896411967059,-1.25944584382872,,-0.9764561398759084
2019-01-26,324764,12162,8,2,1,0,0,0,1,-1.9295061798755972,-2.7282354804228204,,-1.5551368574204798
2019-01-27,299611,10933,10,0,0,0,0,0,0,-0.639637611298613,,,-1.2281486282107268
2019-01-28,500907,15239,22,6,1,3,0,0,0,-1.911168443240612,-2.7509178412699415,,-1.053023675214262
2019-01-29,534834,14789,21,88,0,2,0,0,0,-4.031376548471703,-4.02307967683876,,-1.1584598389649146
2019-01-30,560996,15834,13,133,0,2,2,0,0,-0.9024606247470444,-4.905251251876267,-0.5662020905923346,-1.1250019949675234
2019-01-31,556082,15898,17,20,0,1,0,0,0,-1.9053705152514984,-5.104665476821875,,-1.133289649307506
2019-02-01,523807,14752,11,6,0,0,0,0,0,-1.3138703053151473,-5.326774085358341,,-1.2248584067930885
2019-02-02,340798,13044,17,3,5,1,0,0,0,-0.802671745503784,-3.0622559456173066,,-1.0621139133990034
2019-02-03,299362,10645,11,8,8,2,2,0,0,1.898485454261144,-2.7147506115012745,1.04086353122591,-1.2818541168182733
2019-02-04,462991,15061,9,4,6,0,0,0,0,0.40474690663847757,-2.0493172884991524,,-1.1450279020453367
2019-02-05,507606,14786,17,5,1,0,1,0,0,-0.5339701989369344,-2.6874988024115116,2.00617283950617,-1.6432501868910576
2019-02-06,502613,14800,12,11,3,2,1,0,0,0.697253046404252,-1.2378941370313756,8.49420849420849,-1.1270626750859984
2019-02-07,520671,15875,3,7,1,0,0,0,0,-4.12146547285996,-2.5765616104931146,,-1.0541911762680203
2019-02-08,499607,15224,5,1,2,0,1,0,0,1.7847442791796322,-2.18068535825545,5.32544378698225,-1.3679714245308279
2019-02-09,330386,11991,10,4,2,1,0,0,0,-1.9235342820066539,-2.1245521145114123,,-1.0740652089178926
2019-02-10,295205,10663,4,7,2,0,0,0,0,-3.209838865621075,-1.4611520805781961,,-0.7458570368250352
2019-02-11,494868,14538,4,4,0,0,0,0,0,-0.18279855266829753,0.5515804618827695,,-1.0650921224683207
2019-02-12,504210,15180,17,8,0,0,0,0,0,-2.5100834714201286,-0.4363259925878571,,-1.5617569489731116
2019-02-13,549181,15606,21,7,1,2,0,0,0,-2.810726718799487,0.4587623980848556,,-1.1486176285086123
2019-02-14,546232,16283,11,5,1,0,0,0,0,-1.9450881287456057,-0.7105069216354019,,-0.9730732707619625
2019-02-15,511183,16157,21,1,2,2,0,0,0,-2.4405147276050103,-1.67832167832168,,-1.1499116492868642
2019-02-16,340188,13404,18,5,1,1,0,0,0,-2.841312143608427,0.5865935313855578,,-0.9105552870407203
2019-02-17,287575,10706,13,4,0,1,0,0,0,-2.440526491445931,-2.443152364216671,,-0.8979561743973562
2019-02-18,458850,14318,11,15,1,0,0,0,1,-1.3926032588052504,-1.913247262829164,,-0.9816355545981678
2019-02-19,539586,17366,8,5,1,0,0,0,1,-3.9585455709342336,-1.0300062403935115,,-1.084699382948472
2019-02-20,537094,16408,6,2,2,1,1,0,1,-1.8702644317099744,-2.979283154121865,2.02020202020202,-1.0092206247133972
2019-02-21,560632,17377,35,7,35,2,5,0,5,-1.7923964056865036,0.30304615717066874,-1.665586584790884,-0.9348554529991352
2019-02-22,521686,16279,28,10,22,5,9,0,1,-2.4869087356850796,-4.211679613514542,-2.8205190707806977,-0.943073155113148
2019-02-23,345183,13576,40,3,6,13,5,0,0,-1.7271569950723247,-5.308983706271327,3.064110806842082,-0.645209671512918
2019-02-24,301397,11354,55,16,7,0,0,0,0,-2.5472715035459093,-2.837839324327639,,-0.542352072988746
2019-02-25,507578,14808,29,25,6,1,8,0,0,-0.11588420276170237,-0.36318912037295004,1.3895728326711025,-0.5541561242302315
2019-02-26,539845,16731,18,3,14,1,1,0,0,-1.1862117359960214,1.5354098394186901,2.28310502283105,-1.1388802635922688
2019-02-27,549154,15669,8,6,0,0,0,0,0,0.7662784023747737,1.2421522075934306,,-0.8881953026576606
2019-02-28,560572,17364,7,7,4,1,1,0,0,1.3082450716411602,-5.64056468437936,-2.11267605633803,-0.8983627969070632
2019-03-01,529004,15053,7,12,0,0,0,0,0,1.985590339416703,-1.1986194423788696,,-0.8868798234108981
2019-03-02,331367,12458,2,5,0,0,1,0,0,-4.89534291894643,-0.955989386935618,-9.96309963099631,-0.9858806112773075
2019-03-03,300309,10836,4,1,0,0,0,0,0,-2.2496017576653813,0.0,,-0.8239752597211828
2019-03-04,481973,15096,1,4,0,0,0,0,0,-3.33333333333333,-0.28951109558444765,,-0.6718921615912541
2019-03-05,521195,15355,4,5,1,0,0,0,0,-0.7082152858683856,1.4744566737157734,,-0.5806350815873735
2019-03-06,539490,15746,5,7,0,0,0,0,0,-1.1148002440556959,-3.0823105644730195,,-0.6001497513575512
2019-03-07,535726,16084,26,5,0,1,0,0,0,-1.3411066654465815,-0.45493757582487193,,-0.7258465423280582
2019-03-08,487985,15315,7,11,0,1,0,0,0,-0.8603513934441915,-2.625828671859717,,-0.527698580556079
2019-03-09,339382,13554,3,5,0,1,0,0,0,-1.6314393309291986,-3.6627243287591034,,-0.595999942907463
2019-03-10,308388,11448,9,3,3,0,0,0,0,-0.7132891550514782,-2.32738495396273,,-0.6056024533525852
2019-03-11,493636,16129,7,43,5,0,0,0,0,-2.2191436681235555,-3.8003781927065217,,-0.853902423698311
2019-03-12,553711,17875,9,14,1,1,0,0,1,-1.701872811602147,-0.8890556091523731,,-0.9624943420283456
2019-03-13,516386,16098,4,12,2,0,0,0,0,-1.5138640316684473,-4.395674239908208,,-0.9656421454908526
2019-03-14,538768,16376,5,3,3,0,0,0,0,-1.2877564243389266,-2.56613693539998,,-0.7579331372801728
2019-03-15,529860,17255,318,1,450,1,0,0,0,-1.7894530038115823,-0.930232558139535,,-2.036886822984017
2019-03-16,337130,14204,342,2,405,0,0,0,0,-3.2052976819126173,-1.605839416058395,,-2.1647798762651935
2019-03-17,297740,12168,89,10,94,2,0,0,0,-3.329270122737892,-1.7246746850034271,,-1.4227768501868896
2019-03-18,486603,16640,63,8,56,2,0,0,0,-2.6554319039521466,-0.7193885834106926,,-1.1206857103708907
2019-03-19,498936,14714,83,13,74,0,0,0,0,-3.3988638354389455,-0.8738420336921946,,-1.2038149538971976
2019-03-20,539898,16920,61,12,40,4,0,0,0,-2.084229323748031,2.684064417147005,,-1.2840763240694715
2019-03-21,530608,16224,61,8,62,3,3,0,0,-2.6452351874441815,1.1612598033371644,1.88407289690459,-0.6382138553002558
2019-03-22,511241,15752,94,6,105,0,0,0,0,-3.375082878510759,-0.3783250660967834,,-0.9668629447334057
2019-03-23,343164,12764,43,1,56,0,1,0,0,0.17646266462252685,1.46443514644352,4.0,-0.8265217508269601
2019-03-24,305459,11874,8,8,8,0,0,0,0,-0.8505389831625452,-0.6410616038468548,,-0.7990025074844228
2019-03-25,482943,15279,27,5,22,0,0,0,0,-3.299414884129597,-0.2620472679344651,,-0.7602055371357932
2019-03-26,518074,15469,16,13,14,2,0,0,0,-2.762006575422674,-1.621905857125018,,-1.0529500158771792
2019-03-27,550666,16858,36,9,12,3,1,0,0,-3.4589585883175125,-1.1078119225224392,1.5,-0.656416378320641
2019-03-28,560627,17365,14,5,4,0,0,0,0,-3.031740862506618,-1.6841625074202136,,-0.9056570461573342
2019-03-29,525959,15866,13,4,5,1,0,0,0,-2.3775086887994856,-1.5461405210508499,,-0.7760238746936237
2019-03-30,334223,12470,7,15,6,0,1,0,0,-2.6749100130094963,-3.7419969647547573,-8.01033591731266,-0.8105922393770537
2019-03-31,318398,15263,4,5,1,0,0,0,0,0.9914636736019338,-2.149505720421964,,1.0222131562294723
2019-04-01,492640,13156,16,6,8,0,0,0,0,-2.7852411987076753,-0.6518060301645718,,0.467174430288945
2019-04-02,533770,14386,9,4,6,0,0,0,0,-3.2147975120974075,-0.07466311819542504,,-0.2879971789680161
2019-04-03,530036,13817,13,1,0,0,0,0,0,-1.3486117472290495,0.324675324675325,,-0.6619434097636797
2019-04-04,544399,15676,32,7,29,2,0,0,0,-3.287855245509423,1.620539916133636,,-0.6813267753578356
2019-04-05,496552,14558,27,1,23,0,0,0,0,-3.6051084777030864,0.615384615384615,,-0.5934280262971873
2019-04-06,334513,12318,18,1,13,1,0,0,0,-5.586900039808211,0.615384615384615,,-0.8132287826655376
2019-04-07,296112,10927,9,4,4,2,0,0,0,-4.821904354638397,-2.325802250318481,,-1.412706197407874
2019-04-08,487467,14869,12,15,8,0,2,0,0,0.0675545439506422,-0.7807251026521576,-2.24580830229212,-0.9834148903953082
2019-04-09,542761,16023,7,5,1,1,2,0,0,-0.03723451328433411,-0.22160257257389493,5.892706956626215,-1.0029158214614802
2019-04-10,557567,16126,40,7,21,1,10,0,1,-1.8842564459058837,-3.752562397693247,0.821525888334658,-0.8684625649454286
2019-04-11,545502,15572,19,9,18,0,0,0,0,-1.6185898483776024,-4.4194789683731255,,-1.0040324943100591
2019-04-12,512649,14996,15,7,9,0,1,0,0,-3.27506659473529,-3.933557023394253,1.81219110378913,-1.0038300932418605
2019-04-13,342055,12461,9,4,1,0,0,0,0,-2.1424630850122237,-2.2805297887244427,,-1.2212989383685782
2019-04-14,301335,10569,2,3,0,0,0,0,0,0.3697769012695651,-2.9923103987293533,,-0.9307432988488941
2019-04-15,493295,15218,22,13,8,3,7,0,0,-1.9865802001713027,0.9247256656579399,-1.406195214754399,-1.0620557877692287
2019-04-16,523401,15305,18,7,1,2,0,0,0,-1.6048588124385064,-0.5040387896857028,,-0.7466346125791137
2019-04-17,552811,15241,17,13,1,1,0,0,0,-2.2254394801950386,-1.0360956936671688,,-0.880583611266973
2019-04-18,529457,15270,11,6,0,2,0,0,0,-3.8891649160478914,-1.8128897518198834,,-0.8581697854135671
2019-04-19,459201,17094,12,4,0,0,0,0,0,1.4982371767018505,-2.014349622047396,,-0.614464116331695
2019-04-20,317885,11848,4,1,0,1,0,0,0,0.12427324870195733,-0.413650465356773,,-1.1584038153544782
2019-04-21,291081,11314,14,1,0,1,0,0,0,-0.26917353274394284,-1.2987012987013,,-1.570839807956823
2019-04-22,449707,15797,108,4,97,0,20,0,11,-3.996104108509114,-1.2230378285711994,-2.0998594728215374,-1.0969558629969303
2019-04-23,530404,13390,129,11,75,2,13,0,2,-1.809788316738198,-1.5746254999009923,0.0035829339528714588,-0.8154420296558108
2019-04-24,551636,15873,133,18,103,1,59,0,13,-1.816012391748801,-0.8347093066896794,-0.39482023987448,-1.2229298584371429
2019-04-25,522430,14978,67,33,34,0,19,0,9,-2.884085019832641,1.7303437766082577,-3.8160035542561035,-1.1702249608859563
2019-04-26,544428,16543,34,144,17,0,0,0,0,-2.045989709557376,3.648158976354259,,-1.409160782766912
2019-04-27,333775,12071,13,6,1,2,1,0,0,-1.7597830856866141,-2.5625467842874095,7.37327188940092,-1.2337602701503503
2019-04-28,306149,10752,38,5,47,0,10,0,8,-1.5685759154619991,0.06999622471100997,-0.19694553685170452,-0.9630310039241429
2019-04-29,493089,15972,63,18,70,2,12,0,10,-2.842183127890876,-1.7512530579758248,-1.9074323896245629,-1.3235420646921374
2019-04-30,526104,16282,22,15,13,0,3,0,1,-1.5800678869863942,-2.525422573628635,-1.5094128819619,-1.1185894734133242
2019-05-01,455993,13887,15,5,4,3,4,0,0,-2.862819049040966,0.38624270156096485,-1.380922146806622,-1.1210437827488142
2019-05-02,514957,16221,32,10,8,2,23,0,2,-1.844649423626001,1.258225001191001,-1.3841850004051688,-1.247516540085632
2019-05-03,499723,16760,64,4,56,1,14,0,7,-2.399274329067607,0.30434097293779183,-0.1514285986599313,-0.9903251452587074
2019-05-04,338125,13935,38,4,12,1,2,0,1,-5.061393122810463,-0.2102947004262774,1.1445568883572048,-1.5160588490635707
2019-05-05,319377,12309,9,7,0,0,0,0,0,-2.170828462337004,-2.0587801268762727,,-1.0635983342135975
2019-05-06,475095,14692,70,6,26,0,11,0,0,-3.4001698782684553,2.4565976584446565,-1.7577280704987654,-0.9468185495788766
2019-05-07,529159,14874,64,41,19,0,8,0,0,-3.090518992983107,-3.627081349178057,-3.2336732394606846,-1.1750689527735976
2019-05-08,530112,14986,80,11,24,1,7,0,0,-3.435048965939168,-1.8998841277616862,-0.4619494366283696,-1.3090657289665373
2019-05-09,543829,15945,24,12,20,0,0,0,0,-4.18082850770673,-0.15873213019592047,,-1.285129617977968
2019-05-10,518224,15379,32,132,34,1,7,0,3,-2.384411662718411,-2.5714414749929553,-2.0758347883139576,-1.173126907008339
2019-05-11,334079,12747,22,54,5,0,2,0,0,-3.3115002542701717,-3.3563423502268916,-3.66475396301189,-0.9627646857708382
2019-05-12,293542,10487,19,319,8,1,4,0,0,-3.359350187588121,-5.0919229962000205,-1.9496441977071752,-0.9068645654363177
2019-05-13,503732,14992,158,392,100,1,44,0,7,-4.826580092413662,-6.34491595864487,-3.952089105611623,-1.1709750018080904
2019-05-14,520221,14400,130,84,55,3,13,0,1,-5.096595604836605,-3.9017929274346757,-3.6287363044063925,-1.168679551015428
2019-05-15,550439,16387,57,564,11,1,8,0,4,-4.447498602563774,-4.082135472607562,-2.129655508034734,-1.1162493055906353
2019-05-16,536573,15000,31,31,7,0,6,0,0,-3.4625352495207937,-4.961668706366705,-0.17467134971733111,-1.1684356927201847
2019-05-17,492939,15231,108,15,15,0,32,0,0,-2.711560871975049,-4.4503105148662945,0.3601433896032797,-1.0320990366813483
2019-05-18,338881,13259,42,11,2,2,14,0,0,-3.1361351808257645,-4.314585193437335,-1.582481193206067,-1.1494148374585256
2019-05-19,300798,11479,29,14,4,0,6,0,0,-3.364724260563355,-2.180464754077228,-1.7370194065167852,0.1411360022641027
2019-05-20,501633,15793,65,14,8,2,6,0,2,-1.7610575460707072,-3.4639106038023355,-2.422548666717508,-1.2329682074600155
2019-05-21,529410,15496,24,10,2,2,11,0,1,-3.10436998898855,-2.275386617787281,-2.2545121901195913,-1.4101143947177843
2019-05-22,550119,16110,34,27,11,1,11,0,2,-2.366121799531129,-3.6239712746101125,-0.9453750180267206,-1.1945801180200604
2019-05-23,543677,16425,51,14,17,2,2,0,1,-3.3123348386084377,-3.205242613559162,-2.2850112310476103,-1.065753046082099
2019-05-24,514008,15716,56,5,28,2,4,0,0,-3.828900555076793,-3.2356367815175897,-3.74421211524153,-1.3081188773604902
2019-05-25,329932,12215,36,6,3,2,3,0,0,-3.026148337213977,-2.7009155549053254,-3.1576584099737834,-0.8265705487626077
2019-05-26,311918,9955,24,8,3,0,1,0,0,-2.782397718852372,-1.949916039866356,-1.99115044247788,-1.140687362727233
2019-05-27,440932,14895,29,7,7,2,8,0,1,-2.397993579296683,0.9336689902193464,0.37546457076568507,-1.0032547996020291
2019-05-28,518549,15968,40,20,2,1,0,0,0,-2.608769491186766,-3.794650698783842,,-1.4135743854943903
2019-05-29,533677,16199,46,6,21,0,4,0,0,-5.120638909394699,-4.438722513206777,-5.447049219823677,-1.0147980083923047
2019-05-30,525439,16592,32,7,0,1,19,0,0,-3.149843672508486,-4.006629035375297,-2.2624094461396913,-0.99717128310748
2019-05-31,506303,16126,18,17,1,3,9,0,0,-3.171603865542848,-1.535214247303084,-2.191755098462273,-0.6720350587464572
2019-06-01,333269,13249,12,15,6,2,0,0,0,-4.819411924313521,-1.0576330494294643,,-1.2938422401394392
2019-06-02,288608,10375,6,6,0,0,1,0,0,-1.8128005202113813,-1.148262896373817,5.88235294117647,-1.3359975993080309
2019-06-03,489434,13128,13,7,4,0,0,0,0,-3.2939176492815863,-3.354093298411184,,-1.153455570990867
2019-06-04,509973,10225,10,4,5,0,1,0,0,-3.432060281406982,-3.6665252431317925,-2.59259259259259,-0.8191594588333097
2019-06-05,511728,10235,6,7,2,2,0,0,0,-3.066575343643155,-1.0529534589788294,,-1.5946290662498952
2019-06-06,509592,10373,8,1,0,0,0,0,0,-3.282404098275782,-4.13223140495868,,-1.3622378682648089
2019-06-07,491330,11955,20,0,0,0,7,0,0,-3.6293823149848885,,-2.304444580365936,-1.574451145845212
2019-06-08,316824,10404,7,1,3,0,3,0,1,-3.466352058842131,4.29141716566866,-1.44624736500245,-1.6727134291216643
2019-06-09,282908,10013,2,3,0,0,0,0,0,-1.8,-1.79463718140286,,-2.0895317703504803
2019-06-10,486505,15896,14,27,8,0,0,0,0,-3.5655909121659404,-9.830760275584671,,-1.274331869557413
2019-06-11,521695,14721,6,10,3,1,0,0,0,-2.906876832947683,-1.6270940017821922,,-1.394236109480446
2019-06-12,537152,16007,30,3,14,1,5,0,0,-3.310325774031006,-1.57648545124036,0.2405925705332436,-1.498873666596968
2019-06-13,532248,16317,300,17,561,0,125,0,10,-4.337831503275802,-4.827515705021013,-4.531701643543226,-1.0292574871289735
2019-06-14,502490,15744,568,19,191,2,167,0,9,-4.4145089973146,-3.815156745032504,-4.405578198835201,-0.6550794137455358
2019-06-15,314846,12012,234,9,137,1,27,0,2,-3.924900222201783,-2.391519168411543,-2.6791867256274084,-1.0696114797930298
2019-06-16,278772,10474,154,10,49,0,12,0,1,-3.7706237881506937,-1.6735066038471105,-2.5801109897076775,-1.4722516062828468
2019-06-17,454410,15438,152,11,60,1,39,0,12,-3.21569469511717,-3.2732265667784075,-3.3535234336461444,-1.332347666649051
2019-06-18,496786,15508,134,5,26,5,29,0,0,-2.9859400100179436,-4.343243470648078,-1.9587843010628954,-1.769572011875031
2019-06-19,518020,15184,99,5,14,0,25,0,0,-3.9214635964298123,-2.5491652734209405,-3.5920171783861985,-1.6444696499582385
2019-06-20,497713,15359,489,3,81,0,119,0,1,-4.263727676092795,-2.829652448899313,-4.779579495959396,-1.4398240505573079
2019-06-21,479194,15920,745,33,254,2,247,0,34,-3.8842088050499,-2.7798183019101548,-2.7939109559272564,-1.3631754269979035
2019-06-22,299543,11304,262,12,52,0,129,0,2,-3.1409015422074584,-2.7979249702200524,-1.3948005399231602,-1.6882731959217274
2019-06-23,277878,10933,191,2,22,1,90,0,2,-4.226088049695274,-2.26942088644216,-2.6145784226408906,-0.9102942495946795
2019-06-24,456148,12928,247,16,37,1,109,0,8,-3.5109154520312877,-2.1569859003732534,-3.150773524232618,-1.2940520435586023
2019-06-25,514457,15936,184,8,46,0,51,0,0,-3.1773909998298726,-2.5743482684334413,-1.5407293551312415,-1.1627974816070128
2019-06-26,508709,15039,116,8,23,2,27,0,0,-2.933606196985538,-1.7923131504314012,-1.836382138804141,-1.3247814918438614
2019-06-27,517727,15874,47,4,21,0,7,0,0,-2.6963854503239935,-1.7631072328658761,-3.268982125007781,-1.2545462041438908
2019-06-28,503019,16146,71,7,7,2,30,0,0,-3.4146361542236536,-2.2428425910476983,-2.61268006787582,-1.4846820409037016
2019-06-29,317054,11753,48,5,2,0,18,0,0,-3.4906378336146333,-1.68937035867669,-3.843643429928707,-1.3848806914096026
2019-06-30,293060,10597,17,4,0,0,3,0,0,-2.7880682699874386,-2.090481175988401,-2.1376134540132,-1.2919826164253951
2019-07-01,457066,14454,24,7,5,2,3,0,0,-2.3085692483907683,-0.44606225293518154,-1.1684318709059267,-1.1838214374240894
2019-07-02,477748,14176,42,3,5,1,19,0,0,-2.910988893264675,-2.22597262262364,-1.2949163791198932,-1.4949505640721186
2019-07-03,519133,16376,59,1,14,4,19,0,0,-2.814739096287714,-8.10810810810811,-1.2795455600795067,-1.5623386477997638
2019-07-04,457342,15746,20,2,2,0,3,0,0,-2.7546586901283696,-1.6478501080951249,-1.8515146170715866,-1.457649106418062
2019-07-05,450560,14155,13,3,6,1,1,0,0,-2.679078998849605,-2.32227401775158,-4.46153846153846,-1.4566328752059696
2019-07-06,298867,11555,12,13,2,1,4,0,2,-2.12805299179122,-1.2053423090079913,-2.4500520060076423,-1.357381138628473
2019-07-07,287195,10270,31,6,8,3,0,0,0,-3.846358769183573,-0.19960357398435663,,-1.0380472143983115
2019-07-08,470162,15502,20,5,8,3,0,0,0,-3.499752820161084,-3.7034196711101632,,-1.1904731640657709
2019-07-09,478986,15133,34,63,18,0,19,0,0,-4.127615827381134,-0.5445895106853579,-4.6873309695645275,-1.4931107915354822
2019-07-10,510387,15626,142,165,50,2,52,0,14,-0.9815130036490147,-0.1099200691692119,-1.547159300882336,-1.520182351060481
2019-07-11,509603,15618,452,128,370,2,115,0,14,-3.5691216773539107,-2.568281841320111,-3.515028012056741,-1.8491878385721379
2019-07-12,484838,15621,220,25,107,7,101,0,39,-3.229991132531785,-2.6395561402453764,-2.5948067588718784,-1.5814884908495084
2019-07-13,309862,11579,76,17,4,0,29,0,1,-3.698203039827777,-2.445277600525867,-4.020243059076498,-1.7446869075836702
2019-07-14,287136,11026,30,5,5,0,10,0,0,-3.043602150358614,-2.1517330710961384,-4.187607291063011,-1.9815339424704221
2019-07-15,458552,13228,28,13,21,6,0,0,0,-2.0402495300720753,-0.544025421807534,,-1.7292389572790916
2019-07-16,502024,15404,114,6,195,0,25,0,16,-3.5615906454517097,-2.8935426312869437,-3.7843495046401356,-1.5336508725761517
2019-07-17,518885,15571,65,9,94,1,11,0,4,-2.8559056453392753,-0.5356722475331419,-3.170624042662377,-1.7557459498658723
2019-07-18,495568,14595,446,47,739,1,78,0,25,-3.8019326457291847,-0.48455668682209446,-1.5118125140321927,-1.899452441526058
2019-07-19,480069,14241,1046,15,1117,0,310,0,63,-2.747172442123682,-0.011652233776128784,-0.6805064235273401,-1.5725489984475367
2019-07-20,305394,11667,791,83,426,0,199,0,27,-2.407243527200393,-1.5590925701357967,-0.8667985031448012,-1.7574068534039313
2019-07-21,275822,10073,452,24,110,0,131,0,15,-2.5724762254231646,-1.9530903772060397,-0.8043654968235756,-1.7319781077335539
2019-07-22,456866,13843,555,13,181,0,142,0,13,-2.5247382477796623,-1.4330419362347706,-1.0239981247187222,-1.6812872177126414
2019-07-23,518990,16359,437,28,165,1,81,0,3,-2.0180445861631786,-1.651004376670853,-0.6161800213474864,-1.5481119786054003
2019-07-24,504283,14880,421,50,198,1,122,0,12,-1.550969078355773,-2.0186770860477026,-0.032676483336706655,-1.4757586766838342
2019-07-25,498752,13324,216,20,226,1,59,0,25,-1.7006817309611704,-3.112657398839605,-1.6647101938663424,-1.3580655834496957
2019-07-26,480999,13442,127,15,148,3,29,0,5,-1.255949428226442,-1.9133406222679497,0.6103683005479699,-1.64937111904899
2019-07-27,302425,10525,59,12,170,0,17,0,2,-1.175500207271978,-0.6565528870370335,-1.0092764754036736,-1.6071874730898197
2019-07-28,283207,9692,181,7,76,2,93,0,32,-1.1992903620606241,-2.1208536027095573,-0.2576796151959828,-2.1474406254475276
2019-07-29,459267,14214,360,12,148,0,125,0,43,-1.2114350667114542,-2.371995542731894,-0.7071322980450746,-1.470748159767512
2019-07-30,501147,14048,330,11,185,0,66,0,35,-0.8251654189054651,-3.892249509237691,-0.16082837364594763,-1.720285662649439
2019-07-31,516059,14929,260,9,227,0,89,0,40,-1.236040641905279,-2.77949346849906,-1.0892479871239382,-1.4039686960334814
2019-08-01,501940,15876,162,26,211,5,57,0,21,-1.653806465583127,-2.904005425044958,-1.445390071319971,-1.2002195187336857
2019-08-02,470831,13663,65,20,23,2,13,0,3,-1.51372903463007,-1.6834330652270124,-1.1324038540485262,-1.1926283885727775
2019-08-03,304565,11831,60,6,7,0,6,0,0,-0.8492743949304853,0.7557844925293935,-2.453532160254606,-1.5690606140628847
2019-08-04,284921,10579,210,81,36,0,38,0,11,-2.299963121221438,0.38015640291782266,0.3958218409541878,-1.7429227865465708
2019-08-05,452837,14774,203,10,105,0,18,0,4,-2.710829231541475,0.30013415131622484,0.381870258749787,-1.580505332963635
2019-08-06,484875,15395,173,9,46,1,68,0,6,-1.2072717541060989,-1.4239923025941001,0.9482605558996331,-1.5322188155062473
2019-08-07,508209,15689,130,6,80,0,63,0,0,-0.37266126092271185,-0.6765251484155133,2.674462404277625,-1.1458206198474905
2019-08-08,494938,14764,73,19,26,0,28,0,0,-1.9299596457288652,-1.4902712366255815,-1.1072388132160822,-1.5114613727371597
2019-08-09,481275,15061,103,20,27,1,71,0,10,-0.026748154102583944,-2.70145500465632,0.4631624955081267,-1.1456786162301282
2019-08-10,310036,13038,57,14,26,1,44,0,21,-0.3826303913183694,-4.009106200837405,0.11025851235559322,-1.599234920796785
2019-08-11,274187,9301,45,6,6,3,30,0,0,-0.8951968224396094,-2.8212537685341967,0.1108518512743244,-2.352174665163351
2019-08-12,431426,9130,71,6,24,0,34,0,9,-2.5862594627504203,-0.4700134205204589,-2.9140202305910994,-1.5935523507538496
2019-08-13,454914,7972,99,28,19,0,42,0,0,-0.902879538204384,-3.3668642651265612,0.788572102674654,-1.5039962749522178
2019-08-14,478923,8987,52,12,30,1,16,0,0,-3.1339510254221263,-1.9764714086598147,-1.7284819328445764,-1.8821617285039711
2019-08-15,456932,13153,138,10,32,0,63,0,0,-1.5600065359274091,-1.8569624177480892,0.1900150291617225,-1.4727208976259978
2019-08-16,462205,13182,84,12,34,1,11,0,0,-1.3930041236608421,-0.9655047980598723,1.3636792554419743,-1.667736285916474
2019-08-17,249445,7465,51,8,9,3,6,0,1,-3.367474763457902,-2.2015708393038667,-1.594525797493443,-2.1362510336147236
2019-08-18,202626,5627,52,6,2,1,7,0,0,-1.6314173916436177,-2.5323447166764566,0.42128843037923003,-2.0030835530368627
2019-08-19,335234,7633,111,18,5,0,35,0,0,-2.086595807828089,-0.7536439810300306,-1.0060587149819937,-1.5902392583552756
2019-08-20,310005,5417,30,31,3,1,9,0,0,-3.8475900151539855,-0.6418874224662163,-3.1672904206954953,-1.8281777794358636
2019-08-21,359881,7178,46,24,123,0,17,0,4,-3.164510846831135,-0.7272653647424068,-1.5715947952196834,-1.624831001110808
2019-08-22,479695,14589,49,25,31,0,22,0,0,0.4305579847308213,-0.5218326590794281,2.234989831547823,-1.4615459574021652
2019-08-23,481195,14539,40,9,6,2,16,0,0,-0.27678038403869565,-1.6389954696302582,1.8995823294478504,-1.7691231834947039
2019-08-24,324218,13379,31,6,4,2,15,0,0,-0.028796957199422518,-2.0544161889523735,2.40552001002545,-1.8201382322983992
2019-08-25,290007,11835,14,18,37,0,1,0,0,-1.2946938990878527,-2.169890430651031,5.0,-1.6949707129471718
2019-08-26,447131,15451,35,17,14,0,16,0,1,-1.9194003135520865,-2.0923169265700263,-2.226037881801725,-1.3892661420521832
2019-08-27,505738,16436,19,8,12,3,0,0,0,-0.4829374885784558,-1.9335648817682214,,-1.3759278434230453
2019-08-28,526452,16047,40,6,9,4,23,0,0,-0.9215871106604286,-2.572539449433743,-0.24889050823358438,-1.1297251455431079
2019-08-29,523837,16853,152,9,17,0,18,0,6,-2.1553478550158545,-1.212352472621902,-0.3406220613508463,-0.5848629412692525
2019-08-30,491131,14040,39,7,31,0,30,0,0,-0.8539792662379008,-0.27549640926361074,-0.8586521255853081,-0.3106199713149424
2019-08-31,314428,12419,71,10,1,0,63,0,0,2.2750277655911657,-3.3356777440628633,2.661629394052818,-1.1473851940621265
2019-09-01,294063,11650,26,4,0,0,24,0,0,0.5545747357655585,-2.595410872219482,1.1029269283028276,-1.2363079451088608
2019-09-02,428545,16293,29,5,5,0,6,0,0,-2.070207526470882,-1.472801885886206,0.38667753769511365,-0.7989628851047836
2019-09-03,496162,16645,30,22,9,4,9,0,0,-0.3130358429523885,-0.6098865716277162,1.3680108693707231,-1.3115300089450037
2019-09-04,521999,16643,79,5,19,2,29,0,6,-1.1609561305465004,-2.1723885853395006,0.40675068402978637,-1.2369505438764878
2019-09-05,512598,16007,34,2,11,0,8,0,0,-1.006300979718379,-2.22204397877679,1.2360941712784432,-1.2077961680968476
2019-09-06,497827,16415,38,1,55,4,1,0,0,-0.4413348483578953,-0.866666666666666,1.0989010989011,-1.077308335832806
2019-09-07,305966,13066,61,7,54,0,16,0,11,-4.2176536328290375,-3.9247531750229037,-4.937553302282462,-1.3088717175106002
2019-09-08,283835,11360,49,1,9,0,26,0,0,-0.8255506346657834,-2.26700251889169,0.48322679296628324,-1.1032017288717113
2019-09-09,471101,16250,17,4,3,1,5,0,0,-1.82710531728744,-3.6123433105738183,0.6744303362140875,-1.1264222970071058
2019-09-10,507392,16477,9,7,4,2,0,0,0,-1.8277436280205697,-3.6351654435334946,,-1.2355026261890496
2019-09-11,508863,15931,51,20,38,0,2,0,0,-5.490822915250065,-2.6705595973035297,-0.6600662063106271,-1.3765361458989194
2019-09-12,514988,16756,19,12,3,0,3,0,0,-2.428575288181744,-2.7601723610394524,0.011355893708834663,-1.4278199264022595
2019-09-13,478718,16356,20,6,3,0,0,0,0,-1.6597477721202054,-4.00822483032073,,-1.511566620995424
2019-09-14,305524,11896,10,9,1,0,1,0,0,-2.8192744118922657,-4.122934971570602,-4.58860759493671,-1.6441815589046076
2019-09-15,285005,11131,36,9,3,3,26,0,0,-3.9168235253365036,-3.6387126622648696,-3.4737476814180677,-1.6729613012632227
2019-09-16,474098,14909,122,9,28,0,34,0,1,-3.371225289110876,-1.1126201510649398,-1.9298937476087772,-1.44963866465474
2019-09-17,516884,16204,33,12,9,0,5,0,0,-3.28875931412052,-1.8239957709382268,-4.531447946473771,-1.2942185527283188
2019-09-18,525893,16249,43,18,17,3,14,0,0,-2.766336405523379,-0.6322469310353872,-1.6500520771626968,-1.2662100690959135
2019-09-19,524183,16134,34,27,4,1,15,0,0,-2.2286029979483715,-0.007884179147483988,-2.7124341263938314,-1.3636509800621557
2019-09-20,501935,15753,31,77,11,3,10,0,0,-3.0102167780727203,-4.378208569750192,-3.902327158275672,-1.5535871198402338
2019-09-21,303592,11580,41,18,0,6,37,0,0,-4.332638122385062,-4.103240863070046,-4.605842222387957,-1.5618736818065373
2019-09-22,287289,11631,138,7,20,1,73,0,10,-1.0918092238425587,-2.7553613233044665,0.7194975997962035,-1.209689165039862
2019-09-23,474260,15241,373,41,45,0,72,0,12,-2.155000189204798,-0.37010279926049605,1.576357729838487,-1.2113296345043332
2019-09-24,511992,16224,174,15,20,0,21,0,0,-1.81156965704036,-2.4187264018419317,2.7509439872594794,-1.3896802323785533
2019-09-25,517812,15782,191,6,3,0,23,0,0,-2.5691016371130626,0.16947366386219237,1.289094043243558,-1.4031907923049887
2019-09-26,521233,15712,106,6,5,0,27,0,0,-3.2918982721607906,-0.8005063882302752,-0.7423044807924075,-1.6210376223469434
2019-09-27,491914,15498,152,4,8,3,28,0,0,-2.2432222548827228,1.2350156439915574,1.0025242326271215,-1.4003207406033362
2019-09-28,301861,12031,23,5,70,0,4,0,0,-4.0141588983429,-3.1511851034469824,-0.181159420289855,-1.2844763049928363
2019-09-29,278844,10668,6,3,2,1,0,0,0,-1.7343714023713332,-3.1453231638042873,,-1.2184166595101344
2019-09-30,458620,15918,41,2,10,0,16,0,0,-3.3419453097848146,2.0018142402484553,-1.0888796905400204,-1.2091171458790335
2019-10-01,502193,17107,78,7,18,1,42,0,13,1.7016838466733986,-2.1181901937957557,4.301911021859557,-1.4648529516309783
2019-10-02,488062,16166,25,4,10,1,2,0,1,0.8931894301475569,-3.7553266460031125,3.6036271233639665,-1.4774903490493358
2019-10-03,486305,16868,18,14,2,1,1,0,0,-0.4379274082507423,-1.8576024318983189,-4.41558441558441,-1.4869798123394933
2019-10-04,469465,15963,9,9,5,1,0,0,0,-1.97231835919906,-1.7286941177237365,,-1.3117199948439688
2019-10-05,291797,11923,2,5,1,1,0,0,0,1.343511833132771,-0.1729918439949738,,-1.777811574778922
2019-10-06,261292,10890,51,13,7,0,0,0,0,-0.6943890660417293,-1.6446676958074091,,-1.6055045053043935
2019-10-07,436145,14901,5,6,3,1,0,0,0,-0.7876346073087279,-2.8964107507364862,,-1.4859892253514675
2019-10-08,479484,15271,12,10,1,2,7,0,0,0.03252781616025707,0.36308567615067144,0.20390664591287294,-1.4732704604616544
2019-10-09,484886,15572,20,5,17,2,0,0,0,-6.666036683235045,-2.765900403807664,,-0.972571319936397
2019-10-10,494403,15834,28,3,6,1,3,0,0,-2.8517431173212904,-1.9478951000690141,0.9351685961848415,-1.1932593822449793
2019-10-11,456968,16515,63,5,4,0,9,0,0,-6.425608962009987,-0.9342060603564263,-6.904397040299642,-1.363492947283497
2019-10-12,301521,12670,19,10,1,0,0,0,0,-1.7870271655309704,-2.887577082936918,,-1.429084453829732
2019-10-13,264107,9870,11,7,1,1,0,0,0,-0.5286704655545713,-2.6072296120913188,,-1.236046721496277
2019-10-14,427363,14466,14,7,0,0,0,0,0,-2.331506033403537,-3.414578192279257,,-1.1027945682366642
2019-10-15,453130,14786,9,12,0,2,0,0,0,-1.44255409988126,-1.8759408227563585,,-1.3809844890462235
2019-10-16,500481,15400,19,3,2,2,1,0,0,-2.7370388642260597,-2.2261755500541764,-0.76673547626069,-1.2507324575864067
2019-10-17,487345,15374,10,9,0,25,5,0,0,-0.3028410149427221,-1.53955530194205,3.2616303377911118,-1.0814241155400617
2019-10-18,469410,14909,6,15,15,6,0,0,0,0.07715229969193899,-1.5052775759021606,,-1.0143548249620733
2019-10-19,283394,10915,27,1,3,0,24,0,0,-0.27725372530791303,-1.68944570994685,-0.21144314816277998,-0.7927352928187662
2019-10-20,253089,9655,3,3,1,2,1,0,0,1.12156536937601,1.1540059425205733,1.16822429906542,-1.3230197879226344
2019-10-21,443176,15070,6,10,0,0,0,0,0,-3.148895332882883,0.3403039782308973,,-1.3566324740598374
2019-10-22,485428,15399,7,2,0,0,0,0,0,-0.3531294960060366,0.2080057651991615,,-1.4071567730683425
2019-10-23,480310,14734,33,5,8,2,15,0,0,-0.29021261095793477,-0.8614768911847571,-0.4379068412090081,-0.8457065082163613
2019-10-24,487988,15330,9,9,0,3,0,0,0,-1.5291734905032008,-0.09907333714799227,,-1.1230152505862894
2019-10-25,462148,14812,15,4,1,0,7,0,1,-2.0368599403666643,-3.6279237390972545,-3.2475051830406185,-1.1754482483639037
2019-10-26,289137,11249,2,3,0,1,0,0,0,-2.883629069859505,-1.2845098607395369,,-1.0025582239546609
2019-10-27,259496,9901,13,3,0,0,0,0,0,0.6875833696952601,2.5681325083454674,,-1.3890457000915275
2019-10-28,435353,12090,4,1,0,1,1,0,0,7.98311423665933,7.69230769230769,6.97674418604651,-1.244646822772376
2019-10-29,483750,11227,24,5,1,2,14,0,0,3.08966636183405,-0.8598299929868268,5.817518863092311,-0.6526508953330249
2019-10-30,499195,14789,17,7,5,0,3,0,0,-1.3353556495435415,-1.653484908929794,5.50489605535477,-1.4705485794450968
2019-10-31,488051,14918,5,12,0,1,0,0,0,-0.5842173236972436,0.05306906846398196,,-1.4982589687116428
2019-11-01,434653,15523,6,2,1,0,1,0,0,-1.6309893299275282,-0.8733364534043674,2.53164556962025,-1.392292242072768
2019-11-02,281003,11536,12,2,2,1,0,0,0,-0.11444015189400018,-3.6948603228407597,,-1.1267840109104559
2019-11-03,260200,10392,10,3,10,0,0,0,0,1.9706921137025464,1.2126479716897747,,-1.1209451851670424
2019-11-04,432445,15184,31,31,4,1,18,0,0,2.3290102996821904,-2.861174334155266,4.72885599037484,-1.8268969740388414
2019-11-05,496457,16411,13,7,0,1,0,0,0,-1.4561629342115365,2.4021394601872657,,-1.3525170611547672
2019-11-06,514758,15679,10,9,1,0,2,0,0,-0.5931832549231807,0.3928770262579668,-0.8989562513879652,-1.1722613552778616
2019-11-07,509841,15552,4,22,14,0,0,0,0,-4.37129466979178,0.2281382210837762,,-1.1446781207932044
2019-11-08,495206,15645,16,14,3,0,1,0,0,-2.811323540412306,-1.485062036539769,0.930232558139535,-1.0247037396762195
2019-11-09,300052,11347,13,5,4,1,1,0,1,-0.1436071376109987,-1.6242959170305993,-0.819672131147541,-0.8912827554816343
2019-11-10,276202,10858,14,5,4,0,3,0,0,-0.0201549647182952,-0.7437286396073952,1.0908215045335234,-0.9895273962472352
2019-11-11,434154,15006,15,3,0,0,0,0,0,-1.6011434242675364,-2.950496381721316,,-1.0908599925274995
2019-11-12,478759,14769,9,6,1,1,1,0,1,-1.682458197245659,-4.584400388415299,-1.10497237569061,-1.5625508528850456
2019-11-13,481313,14774,22,9,5,2,0,0,0,-1.3532543883650983,-3.5836647677414377,,-1.6531584619124533
2019-11-14,494750,15079,7,3,1,2,0,0,0,-0.7631400489137642,-1.3434351323908467,,-1.2603085875191826
2019-11-15,464670,15753,7,3,1,1,0,0,0,-1.2068841908206631,-2.255366734352316,,-1.4669530270436149
2019-11-16,295272,11020,10,0,0,0,0,0,0,-1.9846301071316828,,,-1.964359866111226
2019-11-17,273657,9298,16,2,0,0,1,0,0,-1.6739354033633325,-0.597663505155143,0.837988826815642,-1.9426343750593957
2019-11-18,452634,13887,21,31,0,0,0,0,0,-0.9921392781595224,-4.360563747668718,,-1.665302795730975
2019-11-19,497212,15358,12,42,22,0,0,0,0,-1.1618829265179103,-2.4234376425925683,,-1.569352162063359
2019-11-20,496485,14529,42,19,82,0,6,0,2,-3.061061053934727,-1.2515307809198593,-3.4538431376690717,-1.6355684751707784
2019-11-21,501951,15581,24,11,5,2,6,0,1,-3.4860557921323068,-0.40039372310798693,-5.385028554720693,-1.3832373619398681
2019-11-22,464096,14569,30,3,2,0,23,0,2,-1.2736685243681218,1.2926791594789886,-1.6703291182005917,-1.17734030539107
2019-11-23,298792,11619,7,6,2,3,3,0,0,0.15344158475269498,-1.3087679420569427,3.0740596737665773,-1.2205130967768605
2019-11-24,283143,10262,5,4,1,1,0,0,0,-2.598911635387882,2.1325246546804526,,-1.1974138688520664
2019-11-25,465051,15325,19,10,8,0,3,0,0,-2.5431258634189002,-0.6265888456252539,-1.1956388479314437,-1.359590050796332
2019-11-26,491217,15685,15,17,4,1,1,0,1,-2.4671063195321605,-1.3951235781718276,-0.588235294117647,-1.624832473143896
2019-11-27,481836,15664,33,9,13,1,3,0,2,0.27624749332153664,-3.185806586023988,3.4486264462473835,-1.2334018701056357
2019-11-28,439930,15189,15,7,8,1,3,0,3,-1.6838024248271033,-3.2066208677647907,0.508281221069481,-1.3572025307656412
2019-11-29,420595,14636,14,4,9,1,4,0,5,-1.131831971210488,-3.5293057403879695,2.1143309741458274,-1.4163931969361607
2019-11-30,285071,11991,2,5,33,1,1,0,0,-1.134469245924354,-0.24295002373350005,0.404858299595142,-1.456846928995663
2019-12-01,274201,10530,13,7,4,1,6,0,0,0.11698546021778983,-0.8539301265290737,0.076103500761035,-1.4517350731882228
2019-12-02,412842,15663,27,4,4,1,15,0,0,1.4816201780364926,0.21523559560398953,2.275673328343531,-1.1524839591919251
2019-12-03,500756,16665,46,3,1,3,19,0,0,0.5436404286916507,-2.91611412619242,1.05563342778426,-1.24305374826966
2019-12-04,502637,15923,38,2,5,1,21,0,0,-0.37049788142246126,-1.904620470957425,0.3372131270398815,-1.2120673002461413
2019-12-05,493146,15445,17,8,2,0,7,0,0,-1.38517929311836,-1.1627030721339398,1.23203769898722,-1.4504367034834482
2019-12-06,470056,15813,16,2,1,1,6,0,0,-0.2269803308342399,-3.2445936200958347,1.0453037241743983,-1.2770839389763866
2019-12-07,298888,12475,11,20,0,0,5,0,0,0.2963873044822287,-1.0303951441398527,1.618284043355998,-1.108513424894499
2019-12-08,271211,10670,21,7,0,0,20,0,0,1.4634093833350525,-1.7203180294405007,1.6623660160238178,-1.0904651860391044
2019-12-09,450517,15758,10,5,2,1,4,0,0,-0.5625303487993011,-2.918856677981207,1.1927444989676472,-1.6484609173216491
2019-12-10,491658,16375,8,20,0,2,1,0,0,-1.2250276316769202,-0.6000520084008791,-3.01507537688442,-1.3492470416720934
2019-12-11,495957,16701,25,11,8,2,1,0,0,-2.748398136968161,-0.3509048740770985,-1.11821086261981,-1.2823686508045773
2019-12-12,487638,16544,8,5,11,0,0,0,0,-1.2711582183568484,-0.18470572379731198,,-1.3552541107528666
2019-12-13,465031,15395,21,9,6,1,1,0,0,0.44423630840630174,-0.6029563866355869,3.90334572490706,-1.2674787067326239
2019-12-14,288099,11445,5,2,1,0,0,0,0,-0.908204499067782,-0.8308988008654296,,-1.0122463073220263
2019-12-15,255076,10684,13,4,0,1,0,0,0,-0.8512111736035125,-1.8504638134813796,,-1.4328757917986494
2019-12-16,443181,15733,19,10,2,0,11,0,0,-3.463661727599775,-2.345859128467753,-3.905961808700792,-1.108639220517233
2019-12-17,481252,16535,14,20,0,2,1,0,0,-1.0783461723269225,-0.5473103005853169,-1.48514851485149,-1.2463973802947055
2019-12-18,486167,16778,43,7,23,3,9,0,0,-0.9205179139437883,-3.0102799962030304,-0.20557977788481446,-1.2812437200871016
2019-12-19,474230,14908,9,6,4,1,0,0,0,-2.6165437132853393,0.6242276279667367,,-1.4873815130012804
2019-12-20,457672,15477,18,9,0,2,15,0,0,3.4397630774328487,-1.8169109331891102,4.043475067935421,-1.4915300731327579
2019-12-21,285416,12672,12,2,1,0,2,0,0,0.7267251288851265,-1.5559412334517275,-1.8623043623043596,-1.4167814355610693
2019-12-22,264280,11063,13,10,1,1,0,0,0,-0.7711114929376437,-0.4498171152850564,,-1.2787322136893549
2019-12-23,403806,15554,26,4,2,0,15,0,0,1.469031269854345,-2.466422494674004,2.549670335877017,-1.8007096294112335
2019-12-24,368760,15814,8,2,0,0,0,0,0,-0.3069969042060686,-1.713238676253422,,-1.643134750423405
2019-12-25,263754,15094,13,5,1,0,6,0,0,-1.9624661547376923,-3.541689462065316,-2.067201888509805,-1.1619085219136243
2019-12-26,325053,15808,18,6,0,0,1,0,0,-1.4405028689701855,-1.64169246135359,3.0398322851153,-1.2226948186926005
2019-12-27,362472,14423,67,119,1,0,21,0,0,-0.7619835057658767,-0.4526180271900799,0.2645098584706873,-0.8144880139884703
2019-12-28,254930,11795,26,19,2,0,2,0,0,-0.967317424163145,-0.17843978836799654,-1.171875,-1.1811692909937546
2019-12-29,237158,10462,15,97,1,0,6,0,0,-0.7610082623669543,-0.9705730831688939,-1.2184920968986954,-1.4420962850633012
2019-12-30,367343,15802,52,7,12,0,39,0,0,-1.4507845698780883,-2.5142347968307526,-1.0387332798069444,-1.1419534227053887
2019-12-31,347855,15264,24,4,19,1,4,0,0,-4.415594303230916,1.3599070630232308,-4.168729686602182,-0.5484842566366994
2020-01-01,250556,11130,9,0,2,0,0,0,0,-2.6658694178247178,,,-0.6721094446966746
2020-01-02,370686,14400,14,6,1,0,2,0,0,-1.3926616678707504,-1.6079153603916134,-1.319048798612835,-1.0883778051035848
2020-01-03,390379,14354,84,14,28,6,17,0,0,-3.2446984765892797,-3.496618358686099,-1.554517426587772,-1.6512501322257687
2020-01-04,281623,11892,140,40,132,1,61,0,1,-3.6086037618445186,-2.579872056915967,-2.27098658155442,-1.4671920492522477
2020-01-05,259378,10189,184,12,183,1,109,0,35,-3.1201892260023425,-4.018607826362178,-2.244003574643739,-1.7331407269170163
2020-01-06,404280,15436,141,18,47,1,35,0,1,-3.6477576148644024,-2.7145831626410226,-1.0643094349649331,-1.2857872293961379
2020-01-07,447013,15905,99,6,15,0,23,0,0,-4.77287884788251,-0.7842267988338354,-1.514443978212487,-1.5112169749746198
2020-01-08,481416,16730,203,23,73,0,66,0,9,-3.728609719746124,-1.9157647522669454,-2.9308228171125035,-1.290047671103993
2020-01-09,481583,14961,90,23,23,0,22,0,3,-3.016855931271864,-0.5766616562016527,-1.9189291071883725,-1.309562483782521
2020-01-10,458784,14870,96,8,10,0,21,0,0,-3.193720566776804,-0.8219374043604006,-2.814266610842111,-1.2509632380533184
2020-01-11,297757,10945,76,5,4,1,48,0,0,-2.2729240697761517,-0.704094702793094,-1.5460716025009549,-1.1980266020714496
2020-01-12,251903,9911,37,5,9,2,15,0,0,-1.001647003828949,-3.600464071522726,1.428678348254415,-1.0999249927462798
2020-01-13,429731,14781,41,5,32,0,5,0,0,-4.401964635030039,-1.2339606322831398,-1.153754327187702,-1.2400954795492862
2020-01-14,467656,14834,17,10,4,1,1,0,0,-3.779867163241781,-0.5963421744565467,-2.27497527200791,-1.2595173530767845
2020-01-15,464381,15787,23,11,4,4,7,0,0,-2.4664163066524103,-0.8429147755726054,-3.756413058423141,-1.172288389800003
2020-01-16,474913,15487,25,9,4,2,12,0,0,-3.9933773459971458,-1.0868702331552873,-5.315429436443303,-1.274262227682808
2020-01-17,452553,15980,37,3,10,1,28,0,5,-2.7165323494614593,-1.4400714843542326,-3.119634655002486,-0.6614459004883159
2020-01-18,278301,11904,9,7,10,0,5,0,0,-3.6798186283284755,-1.9934776232384375,-2.951141615251182,-1.158428463364882
2020-01-19,263691,11459,11,4,6,0,5,0,5,-4.889906666046216,-1.779938045983777,-1.8019362456051629,-1.0485964553711848
2020-01-20,413494,15491,73,12,137,1,7,0,4,-6.426778869738445,-2.247776522862342,0.9295902805774243,-1.3159726925102426
2020-01-21,455988,15551,104,8,170,1,27,0,19,-3.907451438738891,-1.8529719744668942,-0.8894448256360721,-1.4515050966951308
2020-01-22,482107,14887,29,13,28,1,2,0,0,-4.640872910866047,-0.5844922878227456,2.94117647058824,-1.2771566358656525
2020-01-23,469130,15682,28,10,5,4,7,1,1,-1.218969067059776,0.7617741582429081,0.23164826267077,-1.1963671303512295
2020-01-24,438808,15945,17,8,6,2,0,0,0,-0.9046431150445958,-0.41725660723317626,,-1.32775369908153
2020-01-25,276421,12302,3,3,1,0,1,0,0,-2.0852364534219023,-2.94320462831101,-0.436046511627907,-1.6510708885039236
2020-01-26,250462,10956,5,1,1,0,2,0,0,2.032682538801152,-4.28660826032541,2.500770257779605,-1.7434484790637477
2020-01-27,418733,14804,31,3,20,0,9,0,0,-3.721576304659717,-4.9777149709769635,-0.7622280946638343,-1.4321977880897079
2020-01-28,457765,16431,8,7,9,1,0,0,0,-4.574809570840926,0.971905291385168,,-1.490980619923745
2020-01-29,462769,16448,5,22,2,1,1,0,1,-2.2337973944739,0.7310992575527199,-2.77777777777778,-1.297123283010567
2020-01-30,476919,16811,9,10,5,1,2,0,0,-3.025955972433006,-0.4640945720960027,-2.291666666666665,-1.4990986177639312
2020-01-31,446968,15965,5,5,4,0,1,0,0,-2.464270132090817,-1.4976654581906075,-7.11111111111111,-1.272012054204814
2020-02-01,283692,11593,6,5,0,0,1,0,0,-3.272104382099114,-1.4707464296439303,-6.73076923076923,-0.9138303945590891
2020-02-02,257999,11782,8,10,0,4,0,0,0,-4.513198097842145,-0.782445909620053,,-1.1901389251386643
2020-02-03,433007,15437,8,2,2,3,5,0,0,-0.49081385847394776,-2.8013214944559097,0.6157873579062833,-1.627070101543621
2020-02-04,479365,16415,7,2,0,0,0,0,0,-3.359752866824038,0.40658667283607,,-1.6434907497273088
2020-02-05,485299,15754,1,2,0,1,0,1,0,0.221729490022173,0.5081497541523099,,-1.7732199129814663
2020-02-06,465212,15539,3,5,1,5,0,0,0,-2.482274094115873,-1.7349311763392892,,-2.2144169653540637
2020-02-07,429336,14158,4,19,1,1,0,0,0,-2.6286814617054572,-2.988950908560898,,-1.7219687393682832
2020-02-08,279223,12684,0,3,0,1,0,0,0,,-4.811372220978267,,-1.4548277387717055
2020-02-09,257722,11554,3,5,0,0,0,0,0,-4.123407419856769,0.27730284546768874,,-1.2016418634609098
2020-02-10,436095,15023,12,15,5,1,9,0,0,-1.6997651258871656,0.3973329578730349,-0.9989315342651127,-1.558755654803344
2020-02-11,443529,14569,1,3,11,0,0,0,0,-2.20197418375095,-3.7506874920071365,,-1.5922349619105065
2020-02-12,473683,16072,4,4,2,8,0,0,0,-2.66644385708502,-2.308039165918901,,-1.1693615138646898
2020-02-13,468006,15983,1,6,1,3,0,0,0,-1.27504553734062,-0.7251538511960713,,-1.3097105598329621
2020-02-14,435013,14629,5,2,2,3,0,0,0,-2.688321622628442,-0.1199040767386095,,-1.0871556873582995
2020-02-15,277199,12222,38,3,3,1,18,0,0,2.32135783452367,0.021642949094993424,4.704708531664066,-1.3193153390906278
2020-02-16,248409,10608,7,1,16,0,1,0,0,0.09015108905308711,3.56489945155393,3.35195530726257,-1.2995888056796303
2020-02-17,395966,15395,10,4,2,0,0,0,0,-0.9807633588513563,0.8582054987401799,,-1.522800465186437
2020-02-18,435176,15377,4,1,0,0,0,0,0,-0.18429053929447425,0.0,,-1.7697531967020967
2020-02-19,453227,14818,11,0,2,2,1,0,1,2.780797570653732,,-1.45985401459854,-1.3253189358015793
2020-02-20,449993,14931,2,1,0,1,0,0,0,-1.2177681473456106,-3.02593659942363,,-2.075371449316891
2020-02-21,442832,16005,1,6,1,0,0,0,0,-2.05303678357571,-2.081931849020397,,-1.6398639418724148
2020-02-22,276196,11941,3,5,0,1,1,0,0,-3.6748890968839802,-2.518715632304442,-9.62566844919786,-1.6091650747289727
2020-02-23,252660,10891,15,28,1,0,1,0,0,-1.4699424155374505,-3.7946370717413402,-2.5779376498801,-1.516333940070623
2020-02-24,407419,15765,4,8,0,5,3,0,0,-3.5812912606295395,-3.260355010690036,-4.21440261865794,-1.7540872910573717
2020-02-25,455879,16436,10,14,0,10,0,0,0,-2.037712196601999,1.2965795051470679,,-1.6680484428992761
2020-02-26,449153,14652,3,3,0,1,2,0,0,0.9974591679721767,-4.07258736264809,2.2419273883219,-1.4244227468608517
2020-02-27,473183,16471,3,5,3,1,0,0,0,2.169812625681108,-3.1633303895371103,,-1.521600419092411
2020-02-28,443129,14915,0,2,0,0,0,0,0,,-1.8770738050399052,,-3.2298987329255833
2020-02-29,277600,12155,2,0,1,0,0,0,0,-2.360248447204971,,,-2.704126505127892
2020-03-01,260549,10155,1,1,0,1,0,0,0,-2.5518341307815,1.5005359056806,,-2.3898292568360477
2020-03-02,420236,14992,2,1,0,0,0,0,0,0.324255168965619,0.929752066115702,,-1.839978806344787
2020-03-03,456049,15357,0,6,0,1,0,0,0,,0.6034098613427552,,-1.9178719416502572
2020-03-04,471430,15843,1,11,0,22,1,0,0,-8.48484848484848,0.4989514699183663,-8.48484848484848,-1.6654571552072945
2020-03-05,462029,15238,4,3,0,0,2,0,0,-2.5542646831845874,3.46082673266954,1.61290322580645,-1.718727916923283
2020-03-06,451080,16128,5,5,0,0,0,0,0,-3.5917008277664157,-3.673627333002448,,-1.5706502796217592
2020-03-07,288152,12307,0,5,0,0,0,0,0,,-1.9272485199758742,,-1.3608470025004433
2020-03-08,259187,11877,0,48,0,0,0,0,0,,-0.1464083076702825,,-1.0176611355725191
2020-03-09,416421,15198,1,14,1,0,0,0,0,0.788288288288288,-1.64400015142557,,-1.8111696304457197
2020-03-10,453136,15478,4,19,0,1,0,0,0,-1.302928952519395,-1.5910512982936558,,-1.7434802384601162
2020-03-11,471755,15163,0,9,0,0,0,0,0,,-0.6441724708005734,,-1.8467994946475328
2020-03-12,491556,15748,0,8,0,1,0,0,0,,-1.0381775137319689,,-1.7264998136550411
2020-03-13,467164,16428,2,7,1,1,0,0,0,-4.58015267175572,0.7787571565180702,,-1.9248737158610827
2020-03-14,296706,11808,5,2,0,0,0,0,0,-3.088301536426408,0.640762997359555,,-1.8946961744010116
2020-03-15,273856,10180,3,3,0,0,0,0,0,-2.870843936916436,-1.8937123497718984,,-2.0344898414804518
2020-03-16,450876,14571,0,31,0,1,0,0,0,,-2.970239988902833,,-2.367002040215209
2020-03-17,480112,15063,7,27,0,0,0,0,0,-2.9562946183609586,-4.488849916207973,,-2.2154309182722094
2020-03-18,507415,16276,6,10,1,1,5,0,0,-0.7485614877380586,-3.3422773385969444,0.0327053479406538,-1.912452384865209
2020-03-19,505574,16946,5,4,1,1,2,0,0,-2.1487520752484945,-1.4649770917616876,-0.424448217317487,-1.8614976456540004
2020-03-20,482890,16297,4,0,0,0,0,0,0,-3.264461960875135,,,-1.6200701471155394
2020-03-21,312857,13126,3,7,0,0,0,0,0,-5.898316386879411,-3.7310377331195026,,-1.5895886429945867
2020-03-22,285152,11601,0,1,0,0,0,0,0,,-0.13236267372601,,-2.5777715856607606
2020-03-23,438212,15027,0,5,0,1,0,0,0,,-0.7446727297737527,,-2.2280395264758406
2020-03-24,481065,16503,0,3,0,0,0,0,0,,1.358044886891178,,-2.22907842482089
2020-03-25,485595,16509,0,3,0,0,0,0,0,,-1.5760441292356164,,-2.1501325764843027
2020-03-26,492465,16587,2,5,0,0,0,0,0,-4.744652685849645,0.8740217090410118,,-1.9833366400595474
2020-03-27,477003,16938,1,9,0,0,0,0,0,-4.21245421245421,1.008739401011717,,-1.9074301603474537
2020-03-28,301118,13807,2,4,0,0,0,0,0,-3.344191386537795,-0.3709837391831923,,-2.1190109582000103
2020-03-29,274803,11503,1,5,0,0,0,0,0,-4.30733410942957,-2.756557609231774,,-2.505527975592665
2020-03-30,448488,15529,2,4,0,0,0,0,0,-4.58103760436612,-0.022306662290998258,,-1.824346966924949
2020-03-31,472448,15783,2,2,0,0,0,0,0,-3.435475984993505,-1.439990404633195,,-1.8277737009055037
2020-04-01,477049,15873,5,4,0,0,0,0,0,0.18476384135061197,-1.66979159064135,,-1.737702877698907
2020-04-02,484091,16377,3,6,2,1,0,0,0,-1.0830027269060434,0.5232718351711133,,-1.8069027377447
2020-04-03,459399,16731,6,3,0,0,0,0,0,-2.2659550675805864,-2.729945990646845,,-1.853840738594442
2020-04-04,293735,12920,1,0,0,0,0,0,0,-2.22929936305733,,,-2.031869135292481
2020-04-05,262881,11256,2,2,6,0,0,0,0,-1.5520574426953906,-3.21361058601134,,-2.1815579659477766
2020-04-06,438333,16148,3,1,7,1,0,0,0,-3.6245777745376766,0.0,,-1.6942970776388169
2020-04-07,450570,14928,5,3,2,0,0,0,0,-2.2971809151201765,0.2467663777515966,,-1.941378336383443
2020-04-08,467339,15509,1,0,1,1,0,0,0,-2.60115606936416,,,-1.9401263963379678
2020-04-09,465528,16850,0,0,1,2,0,0,0,,,,-1.9346275062441676
2020-04-10,403294,16655,2,2,2,1,0,0,1,-1.712530712530711,-3.7931681681681653,,-1.8404594238105887
2020-04-11,285114,14557,1,3,0,0,0,0,0,0.804289544235925,-1.372094496592354,,-2.8640571894397495
2020-04-12,257706,12649,0,2,0,2,0,0,0,,-2.325789168289017,,-2.387202824462767
2020-04-13,384640,16312,1,1,0,0,1,0,0,0.773053561568194,-0.523560209424084,0.773053561568194,-1.9657808418658942
2020-04-14,449971,15735,5,1,144,0,0,0,0,-1.7093975971057571,0.337268128161889,,-2.052951550563025
2020-04-15,471315,16710,2,5,9,0,0,0,0,1.6306937860835302,-2.2654722665096183,,-2.1325883044873257
2020-04-16,471837,17068,5,1,0,0,1,0,0,-3.573310779781754,0.475367329299913,-3.19148936170213,-1.7420100672670147
2020-04-17,461511,17940,2,1,1,0,0,0,0,-0.6686774478441802,-8.87949260042283,,-1.520829491989663
2020-04-18,293847,15036,8,4,0,0,1,0,0,-5.844025090617585,-0.346079057221241,1.50107219442459,-2.069218163687285
2020-04-19,261347,12594,1,2,0,0,0,0,0,-3.98089171974522,-1.402156359718425,,-2.060983375467789
2020-04-20,425007,16996,4,5,1,0,1,0,0,1.64505523626267,-2.4378804882486618,1.5005359056806,-1.6808471158150748
2020-04-21,458101,17459,8,5,0,2,0,0,0,0.5618490449937413,-3.78340271699831,,-1.7335112329895712
2020-04-22,465011,16790,11,1,3,1,1,0,0,-1.6122035210296535,-0.968523002421307,-3.34008097165992,-0.9975940043408951
2020-04-23,466343,17156,14,1,10,1,1,0,0,-6.500234041983386,0.0,-3.07941653160454,-0.01987925067043359
2020-04-24,432787,14298,52,4,36,1,0,0,0,-7.856136927505126,-2.0593486859033674,,-1.189799334054758
2020-04-25,284048,12178,11,1,8,1,0,0,0,-5.674606382598093,-2.61904761904762,,-1.598780374291065
2020-04-26,269079,11788,4,4,3,2,0,0,0,-7.784304453112555,-3.5142196783828634,,-1.7964205041525128
2020-04-27,426175,15853,8,2,1,0,1,0,0,-1.5717905368449725,-5.52974393380297,-1.33868808567604,-1.9216260253484405
2020-04-28,443583,14851,10,2,8,1,0,0,0,-6.622594467449455,-2.302703547429288,,-1.8617784007733427
2020-04-29,442800,15454,65,5,65,0,10,0,0,-3.803178295428452,-1.008064461569806,-4.1123302627920095,-1.5749931679998306
2020-04-30,451853,17159,35,2,37,1,1,0,0,-4.227440235586413,-2.42707672796449,2.27790432801822,-1.349446808527083
2020-05-01,376723,16147,9,0,6,1,3,0,0,-1.0274857384403997,,1.37301736927009,-1.493277366702743
2020-05-02,269403,12960,8,3,12,0,8,0,12,-4.155110365892312,-1.2449569530222662,-4.155110365892312,-1.768375117262132
2020-05-03,256739,12471,0,2,0,0,0,0,0,,-1.327555041562153,,-1.839120593809233
2020-05-04,399747,15487,5,5,2,0,0,0,0,-6.1215157311416375,-1.0701180191544895,,-1.6235787600367397
2020-05-05,441320,16198,2,1,0,1,1,0,0,1.79861827999682,-2.2140221402214,2.04081632653061,-1.5679159907631746
2020-05-06,458927,16473,1,1,0,1,0,0,0,-9.46666666666667,-0.291686922702965,,-1.4610733056986676
2020-05-07,450819,15186,4,3,0,0,1,0,0,-1.2145726802335535,-1.7805474699646142,-2.66821345707657,-1.6229261642499038
2020-05-08,441857,16313,2,1,0,0,0,0,0,-3.7622075113062854,-1.14029025570145,,-1.5586641081347656
2020-05-09,293620,13577,1,2,0,0,1,0,0,3.61247947454844,-1.518318318318317,3.61247947454844,-1.307069719045228
2020-05-10,256229,13780,5,6,0,5,3,0,0,0.7894272120904309,0.02776031752708419,1.0902964101197234,-0.8618139487802547
2020-05-11,403328,16123,27,6,6,1,3,0,0,-5.644236587900461,-1.2717336829456585,-5.060457592103163,-1.6282459339970465
2020-05-12,451059,16391,4,5,4,0,0,0,0,-3.3841450792832704,-2.301184174526806,,-1.7417521464016328
2020-05-13,465029,16143,4,8,0,2,0,0,0,-4.00678432719935,-2.3177434293532047,,-1.562107569850902
2020-05-14,445254,16077,2,1,0,3,0,0,0,-1.9571283731821598,-0.571428571428572,,-1.384649062660431
2020-05-15,439416,17194,3,2,1,0,1,0,1,0.5478895978684033,-1.3877613825085275,6.41711229946524,-1.75818645115335
2020-05-16,284251,13629,0,1,1,1,0,0,1,,-2.24791265253693,,-2.1713704645691525
2020-05-17,248207,12002,1,2,0,1,0,0,0,-4.19790104947526,-1.3838997022024124,,-1.6968683961349171
2020-05-18,414516,16248,1,7,0,1,0,0,0,-3.05164319248826,-2.56990156357903,,-1.536782090974427
2020-05-19,449521,14449,11,4,1,2,1,0,0,-4.771746053202665,-0.9519189844980627,-3.01624129930394,-0.9288369835998642
2020-05-20,456643,15822,4,6,0,1,0,0,0,-5.986787948266038,0.16572780995085934,,-1.3367438869833348
2020-05-21,428853,15235,8,1,1,1,1,0,0,-3.6419059275932417,-6.53465346534653,-3.61613351877608,-1.5187969051688541
2020-05-22,431244,16578,10,7,1,1,1,0,0,-2.80090430406341,-0.8996417965032211,0.97799511002445,-1.2415329605169005
2020-05-23,264370,13794,2,0,0,3,0,0,0,1.850024073182475,,,-1.0008626093907091
2020-05-24,239958,12146,5,4,0,1,0,0,0,-2.9845873999908603,-0.27825850316089773,,-1.13518249997665
2020-05-25,347727,12498,4,2,0,3,0,0,0,-2.2279446703379286,-4.38573132986357,,-1.7970333293139873
2020-05-26,405864,12801,6,1,3,0,2,0,0,-2.3629553945140547,0.138888888888889,0.11001100110011,-1.665141215241407
2020-05-27,442930,15273,1,0,1,1,1,0,0,-5.24475524475525,,-5.24475524475525,-1.7039473795565308
2020-05-28,458785,16606,11,4,0,1,0,0,0,-4.712834551738904,-3.7734808935785704,,-1.5553327144911588
2020-05-29,431590,15585,2,2,1,1,0,0,0,-3.337416008648885,-0.43866399876866513,,-1.5425917963901508
2020-05-30,282317,13260,3,0,1,0,1,0,0,-0.254226908015188,,0.513698630136987,-2.144722699546054
2020-05-31,254748,12263,1,0,0,0,0,0,0,-5.30612244897959,,,-2.054727366183027
2020-06-01,405580,16059,10,3,0,1,9,0,0,-1.028234387719073,-3.2734625890028966,-1.1424826530211925,-1.7558923912986582
2020-06-02,438254,15986,4,7,4,1,1,0,0,-4.4622431136943375,-1.0186029887026884,-1.2180746561886,-1.918918865477602
2020-06-03,457571,15805,1,4,0,2,0,0,0,0.288184438040346,-1.8036838700314426,,-1.9808024170697687
2020-06-04,458973,16766,6,2,1,1,1,0,0,-3.8289583832666065,2.608377608377607,-2.06489675516224,-2.0205437689264376
2020-06-05,432006,16206,17,2,0,4,1,0,0,-3.242503796209404,-4.480820105820105,0.913838120104439,-1.8250783657999807
2020-06-06,276894,12770,1,4,1,3,1,0,1,-0.512820512820513,-1.3598972498654245,-0.512820512820513,-2.3589000566306066
2020-06-07,252123,11173,0,2,0,0,0,0,0,,1.877574791734105,,-2.4235143977330704
2020-06-08,361073,14205,1,2,0,1,0,0,0,-2.45398773006135,-1.9426481383206928,,-2.0971034952844003
2020-06-09,408426,13966,5,1,0,2,3,0,0,0.43479855573656434,-3.15789473684211,3.0555555555555536,-1.9416517971947893
2020-06-10,427051,15138,5,2,0,1,0,0,0,-4.324528131750395,-1.979589496617363,,-1.7425563929334138
2020-06-11,423968,15265,3,2,0,1,0,0,0,-1.5287943733076386,-0.8535335845174865,,-1.930945985541314
2020-06-12,415343,15713,3,3,0,0,1,0,0,-2.7504375502150813,0.23389564738043234,-0.191570881226053,-2.214743224723785
2020-06-13,268074,12363,0,3,0,0,0,0,0,,-5.353114297921103,,-2.0669891087774457
2020-06-14,250209,11652,0,3,0,3,0,0,0,,-1.2327489749672904,,-2.3112350268216706
2020-06-15,420491,15838,2,2,0,1,2,0,0,-1.7423136379251098,-0.7832847010420443,-1.7423136379251098,-2.0552680884911836
2020-06-16,443552,16440,1,6,0,1,0,0,0,-6.66666666666667,-1.522521091435938,,-1.9457373730910155
2020-06-17,459878,16192,4,5,0,2,1,0,0,-1.549333411467044,0.33652477057742614,-1.92592592592593,-2.035730439057852
2020-06-18,457022,17645,4,2,0,0,0,0,0,-3.0212940452302153,0.2640295209150225,,-1.8718456068604616
2020-06-19,433775,16956,2,5,2,0,0,0,2,-4.629827181566035,-1.3407558296078652,,-1.8704325892136515
2020-06-20,286209,14016,1,5,0,1,0,0,0,-4.41988950276243,-2.5350605853215002,,-1.655706510045191
2020-06-21,248616,12506,4,2,1,1,0,0,0,-1.7728197806814447,-0.6162957382469598,,-2.094963644330066
2020-06-22,416427,16336,1,8,0,0,0,0,0,0.683682771194166,-1.5658231829700664,,-2.0921609926620897
2020-06-23,439091,15673,3,1,9,0,1,0,9,-0.10903563545294367,-2.69921033740129,0.488997555012225,-2.001651576997382
2020-06-24,406086,13964,1,3,1,0,1,0,0,3.66300366300366,1.5170082251223866,3.66300366300366,-1.8773123281018311
2020-06-25,414523,14405,18,8,5,0,8,0,4,-0.7997143056156445,1.8517217516630187,0.12226848681551025,-1.784444490193114
2020-06-26,376318,13459,2,1,3,1,1,0,1,-1.311698406529342,1.32850241545894,0.602409638554216,-2.04584488351097
2020-06-27,242854,10744,6,1,0,0,0,0,0,-1.3065043329577946,-2.96896086369771,,-1.764521576490541
2020-06-28,250919,11665,0,2,0,0,0,0,0,,-0.35131747192097945,,-1.7935978854875139
2020-06-29,376483,14335,3,5,2,0,0,0,0,-0.658458824308268,-5.1295638933100705,,-1.9825518237723192
2020-06-30,411187,13553,13,6,1,4,10,0,0,-2.331940258297028,-2.5244929423532763,-1.1692215703136375,-1.546945396620836
2020-07-01,421487,14868,7,8,0,0,1,0,0,-2.461255460637454,-0.37943144521349514,-0.64935064935065,-1.5419106676067167
2020-07-02,384063,12178,1,11,0,0,0,0,0,-3.6697247706422,-4.269599968140621,,-1.6699787097407761
2020-07-03,349207,12415,0,6,0,0,0,0,0,,-2.7742253333115396,,-2.0419500064379745
2020-07-04,245386,11052,1,0,0,0,0,0,0,0.120048019207683,,,-2.0579849421793286
2020-07-05,232968,10920,4,5,0,0,0,0,0,-2.6833315975752274,-1.2758042755930459,,-1.9136405033848982
2020-07-06,364806,12182,5,4,0,1,0,0,0,-2.711718774381379,1.4057266642297763,,-1.9490681397119216
2020-07-07,405416,13956,2,8,0,1,0,0,0,-2.2342319720592614,-1.2804485462240849,,-2.0280041522225627
2020-07-08,432264,14324,1,3,0,0,0,0,0,1.30293159609121,3.09771413255734,,-1.6802324049035913
2020-07-09,427787,15453,4,41,0,2,0,0,0,-3.495317412704342,-2.7228717427390876,,-1.970550095026873
2020-07-10,398184,14126,5,16,0,0,0,0,0,-4.2354783257921245,-4.305265469612835,,-1.5105825873714207
2020-07-11,252888,10023,1,3,0,0,0,0,0,-2.2883295194508,-3.6659788263113673,,-1.6614913624920902
2020-07-12,240113,11595,1,4,0,0,0,0,0,0.543478260869565,-2.1780453106366275,,-1.7278731716499864
2020-07-13,361128,12322,3,3,0,0,0,0,0,-0.7952009889675953,-2.6181317328114044,,-1.9809505376757572
2020-07-14,410088,13920,7,5,0,0,0,0,0,-1.5217906958696275,-1.6143190462171588,,-1.9810862218048793
2020-07-15,410687,12438,36,5,0,0,0,0,0,-2.4626551284024636,-0.8907533603403672,,-2.076574967276991
2020-07-16,425810,14790,30,37,0,1,1,0,0,-2.698656599325027,-5.864065313533937,0.0,-1.779763562367642
2020-07-17,379844,12519,7,7,0,1,0,0,0,-1.8991215980386325,-2.8202125972478207,,-1.7805487569921314
2020-07-18,253729,10350,4,6,0,0,0,0,0,-0.12627156347103075,-4.324698789769622,,-1.7512983630227472
2020-07-19,226151,9733,3,12,0,1,0,0,0,-0.3123963518192414,1.1210252533735319,,-1.605103288963738
2020-07-20,361521,12288,3,7,0,2,0,0,0,-0.860090942083362,1.3761256176661383,,-1.3716013277236805
2020-07-21,402325,13137,2,6,0,9,0,0,0,-0.5485922564808301,0.7894024354052683,,-1.7428662074868895
2020-07-22,402699,13802,4,7,0,2,0,0,0,-0.5858472723888173,-0.9380799466108538,,-1.7609695762539153
2020-07-23,406243,14378,2,5,1,2,0,0,0,-1.470251208072769,-0.3245186499669702,,-1.3719632805273494
2020-07-24,381542,13062,3,3,0,0,0,0,0,-2.097171394821318,-1.5703070270092816,,-1.0410206105207511
2020-07-25,248219,11139,3,2,0,0,0,0,0,-1.210869085178274,-1.3081189069988326,,-1.2786752152846275
2020-07-26,227943,9825,0,4,0,0,0,0,0,,-1.0288948127936526,,-1.4729514908130397
2020-07-27,364864,12570,23,0,23,0,1,0,2,-2.7537004762480906,,-1.53846153846154,-1.5927401860096433
2020-07-28,394893,13348,35,4,23,2,5,0,1,-2.1987884413493783,-1.7356255140637198,0.8359975858164113,-1.3011827881055733
2020-07-29,398396,13433,74,9,27,0,18,0,0,-3.1889686848293826,1.8970382263855115,-0.8737025361073707,-1.2637450839628324
2020-07-30,410474,13521,19,12,2,3,5,0,0,-2.1611273699940607,0.80776553071891,-0.5069505081188324,-1.3683670827178647
2020-07-31,373526,8982,10,3,1,0,0,0,0,-0.39765142452676183,-1.478035754838439,,-2.3226722366507695
2020-08-01,239196,8364,3,2,0,0,0,0,0,-0.7458018174628251,-0.40147819660014505,,-1.9325919702898826
2020-08-02,216883,8272,3,6,0,0,0,0,0,-3.1063816995821667,1.590570335501035,,-1.9933827117560812
2020-08-03,351825,9133,7,4,1,1,0,0,0,-2.440235858867171,0.6568905527425688,,-2.266293589313953
2020-08-04,384008,11588,3,5,0,0,0,0,0,-2.8182661675510867,1.2909147230498967,,-1.9521010376017267
2020-08-05,384938,11772,6,9,2,0,0,0,0,-2.305750217428481,0.6989917199268778,,-1.7568607530609208
2020-08-06,397353,12255,2,8,0,1,0,0,0,-0.03178686658903995,-0.029456902813070368,,-1.4452151311567771
2020-08-07,371111,11792,1,4,0,1,0,0,0,-0.718685831622176,-0.2764672691376313,,-1.7793295609396198
2020-08-08,240099,9445,4,3,0,0,1,0,0,-1.382253965173585,-2.1783071188381875,1.11642743221691,-1.881616841131032
2020-08-09,216742,8856,4,0,0,0,1,0,0,-3.456690721050073,,0.113378684807256,-2.172827820241569
2020-08-10,367709,12242,1,14,2,2,0,0,0,0.28735632183908,-0.5574291031732979,,-1.4532113664733772
2020-08-11,395913,13098,4,4,0,0,0,0,0,-2.216774599904199,-0.6209151315732576,,-1.5558790961436932
2020-08-12,383740,12102,1,2,0,0,1,0,0,2.26492793411119,-5.00870228718809,2.26492793411119,-1.4491863376881569
2020-08-13,367732,11329,22,6,263,0,8,0,6,-0.8285511303186319,0.9478948168149489,1.5146885405066448,-1.4319959269993754
2020-08-14,367781,12263,5,3,17,0,0,0,0,-5.219985963483857,-2.1825396825396837,,-1.4020540939541937
2020-08-15,231410,9168,4,3,0,1,1,0,0,-5.187567765129785,-1.4542392504604305,-0.72992700729927,-1.547971618224403
2020-08-16,210700,8341,3,0,1,1,0,0,0,-2.7856925433080013,,,-1.8453850963755443
2020-08-17,347255,11340,40,3,0,1,1,0,0,0.28993519176634797,-5.178847999886163,-1.56794425087108,-1.5184616758438518
2020-08-18,365968,10524,0,0,0,1,0,0,0,,,,-1.6754269763298406
2020-08-19,383128,10952,2,6,1,0,0,0,0,0.511367307087139,-2.4241374647093044,,-1.5291806930833312
2020-08-20,389529,12008,2,2,2,1,0,0,0,4.345114140898195,0.46917106858190455,,-1.667562749462227
2020-08-21,371149,11377,0,4,0,0,0,0,0,,-2.8031943108868305,,-0.9125583994168892
2020-08-22,245830,9808,0,5,0,0,0,0,0,,-2.107280972365139,,-1.3944514204236695
2020-08-23,235079,9897,6,1,0,2,0,0,0,2.5664382687062086,3.31632653061224,,-2.0328852463782283
2020-08-24,366765,12836,0,2,0,0,0,0,0,,-3.4796727395411584,,-1.5597324686341185
2020-08-25,368703,10638,2,5,0,0,0,0,0,-1.2731297422483498,-0.9742836326634043,,-1.617669322972693
2020-08-26,407118,13778,2,2,0,1,0,0,0,0.739105626583625,-3.53355492244381,,-1.7804203071659466
2020-08-27,407077,13246,2,4,0,0,0,0,0,-3.76353272984207,0.11865579718455777,,-1.6388124696466113
2020-08-28,376642,12258,0,11,1,0,0,0,1,,-1.0741601199192816,,-1.5237568807221915
2020-08-29,238898,10384,1,3,1,0,1,0,1,-5.47945205479452,-0.15870921722112233,-5.47945205479452,-1.186247906971059
2020-08-30,223195,9706,0,11,0,2,0,0,0,,0.5444441904981382,,-0.6674761065870909
2020-08-31,354621,11715,0,5,0,0,0,0,0,,-3.837822671752222,,-1.525903456120941
2020-09-01,410149,13428,3,4,2,1,0,0,0,0.54691723723749,-2.624247879899079,,-1.3436964326044754
2020-09-02,409615,13218,2,9,1,3,0,1,1,1.7918158151643364,-1.9313031527698885,,-1.6571443176535257
2020-09-03,388529,11446,3,4,1,0,0,0,0,1.94054600695645,-2.0176108952073166,,-1.4398420089905835
2020-09-04,374395,12573,5,5,0,1,1,0,0,-1.6497492851426068,-0.9614298894287479,1.70731707317073,-1.6792874286355617
2020-09-05,237990,9689,3,4,0,1,0,0,0,-1.9909539568143968,-0.7446600445196561,,-1.7344341216515098
2020-09-06,218834,9351,0,0,0,0,0,0,0,,,,-1.5746083064246417
2020-09-07,343731,13129,3,4,0,1,1,0,0,-0.9828732317746667,-1.530940028172933,-1.6270337922403,-1.6504707374371623
2020-09-08,362504,11769,0,7,0,1,0,1,0,,-0.09594180822939818,,-1.9655161988925622
2020-09-09,387924,12936,8,3,2,3,1,0,0,-1.0083863718635449,-0.26607715980278046,3.22180916976456,-1.5799460219235477
2020-09-10,379049,12260,20,9,54,0,6,0,1,-2.862121153251085,0.8629263546095697,-2.8364951304696913,-1.6151774204812228
2020-09-11,386740,14580,6,8,12,1,0,0,0,-2.4747440117448294,-4.4747195994510545,,-1.6889366427961714
2020-09-12,255070,11638,5,9,2,0,1,0,0,1.5235524528943973,-4.664815693644564,0.369685767097967,-2.116645101039874
2020-09-13,223383,9322,2,0,2,1,1,0,0,-0.5283263323103851,,1.86781609195402,-2.0657456911273697
2020-09-14,332202,10419,0,15,2,0,0,0,0,,-7.845306028834657,,-1.7905499287089188
2020-09-15,394647,13253,3,15,0,0,0,0,0,-3.454774068885669,-3.293401996036626,,-1.4653562497381656
2020-09-16,399692,13575,4,12,0,1,0,0,0,1.5595405937433475,-0.9379547857443905,,-1.5052234738295587
2020-09-17,385018,12852,14,7,0,0,12,0,0,1.7888841250746432,0.5661815238144358,2.316768690942834,-1.5647773603792599
2020-09-18,371864,13379,9,4,19,0,0,0,0,-1.2918876057389441,-1.809310269702961,,-1.5040629237784406
2020-09-19,250304,10926,7,2,1,2,0,0,0,-1.1954641205768979,-2.4242424242424248,,-1.3746605278137605
2020-09-20,218033,9361,2,1,1,0,0,0,0,-1.393976393976395,-3.80228136882129,,-1.1957714166936897
2020-09-21,365897,12507,4,4,0,0,0,0,0,-0.7541335450764018,-3.3564157293608323,,-1.3934670453507267
2020-09-22,382879,11074,6,9,2,0,1,1,1,-5.300695479451669,0.7436829045321705,-1.44425187752744,-1.7192684772490652
2020-09-23,409856,11664,6,19,3,1,3,0,0,-3.711033227647135,-2.0604012335258104,-5.82176835122632,-1.5833929328487848
2020-09-24,368756,10530,2,3,16,0,0,0,0,-3.97625410141055,-1.6063721564131377,,-1.5246147671924979
2020-09-25,326042,11115,1,2,1,0,1,0,0,-1.37614678899083,-0.7117563620773965,-1.37614678899083,-1.5202112692970864
2020-09-26,189808,8898,3,5,4,0,1,0,0,-0.4083149886069599,-0.5072307843011881,1.38888888888889,-1.7381956048007683
2020-09-27,210024,8694,3,4,0,0,0,0,0,-0.47341020775555864,-1.2605545308759172,,-1.886660011539465
2020-09-28,302392,10255,5,3,0,0,0,0,0,0.3105179163920502,-1.4317479338573325,,-1.9353724349264874
2020-09-29,327140,10713,4,9,2,0,0,0,0,3.9183199314177997,-1.643468605929523,,-1.9613453114456667
2020-09-30,323674,10842,1,9,0,0,0,0,0,-1.1214953271028,0.1404601726649791,,-1.678774553886495
2020-10-01,353175,11394,2,12,0,0,0,0,0,-0.413223140495868,-2.4206998322160382,,-1.4858194320763671
2020-10-02,326208,11943,0,4,0,1,0,0,0,,0.3865126729782701,,-1.4614982369015028
2020-10-03,178512,7574,0,1,0,0,0,0,0,,3.05343511450382,,-1.5684636666659837
2020-10-04,175557,8459,3,5,0,0,0,0,0,1.1284568777283375,-0.9543651370541966,,-1.460485975426895
2020-10-05,263482,9221,2,4,1,0,0,0,0,-4.876616619592685,-1.2284810866862301,,-1.3743413481753908
2020-10-06,286079,9473,1,8,0,1,0,0,0,1.65016501650165,-2.5974377868547576,,-1.500286941316824
2020-10-07,278014,9632,2,5,1,0,0,0,0,-6.87794656888423,-0.37719890802497213,,-1.4874443118632426
2020-10-08,295313,10523,0,4,0,0,0,0,0,,-1.0978212861097698,,-1.5177332813746796
2020-10-09,151134,3467,0,0,0,2,0,0,0,,,,-1.63633232254549
2020-10-10,259689,9960,0,4,0,0,0,0,0,,-0.6671815805467377,,-1.633571157555314
2020-10-11,216743,8359,0,2,0,0,0,0,0,,-5.21978021978022,,-1.9619848314115411
2020-10-12,253765,9428,1,3,1,2,0,0,0,-2.89514866979656,0.7965851667314316,,-1.825798863785411
2020-10-13,301776,11217,0,2,0,1,0,0,0,,-0.6140424084072098,,-2.082549102190209
2020-10-14,275159,9447,1,3,0,1,0,0,0,-4.75161987041037,0.5324089239353431,,-2.058104703706041
2020-10-15,253690,9441,2,2,1,2,1,0,0,-0.29878618113912264,-1.544852050433775,-0.504201680672269,-1.6045426541318852
2020-10-16,110274,4792,1,2,0,0,1,0,0,1.14942528735632,-1.85803855009256,1.14942528735632,-1.7278698938757382
2020-10-17,178473,7364,0,1,1,0,0,0,0,,-0.91324200913242,,-1.9249175017764324
2020-10-18,177342,7004,1,0,0,0,0,0,0,-3.04022450888681,,,-1.359281199434796
2020-10-19,229184,7534,0,1,1,0,0,0,0,,-1.63487738419619,,-1.4739947174132102
2020-10-20,255434,9570,5,1,0,0,0,0,0,0.7710772697745212,0.759878419452887,,-1.4638493804950456
2020-10-21,252223,9122,8,1,0,1,6,0,0,2.006860479741097,-1.94174757281553,2.6710133408408883,-1.514867742923149
2020-10-22,219887,8448,4,2,1,0,1,0,0,-2.188773728635655,0.44232173278169845,1.89075630252101,-1.5731158991199576
2020-10-23,119731,3758,2,1,0,2,1,0,0,-1.882367853973887,0.754716981132076,-4.34782608695652,-1.5295272798652952
2020-10-24,98835,4415,6,2,0,0,5,0,0,3.566667336758908,-0.14460725239215488,4.494823575324438,-1.4811024104331527
2020-10-25,137374,5715,0,0,1,0,0,0,0,,,,-1.6444776470131501
2020-10-26,215021,7840,2,4,0,0,0,0,0,1.7397825271840999,-0.30872494497556024,,-1.3129194911495812
2020-10-27,222706,8798,0,1,0,0,0,0,0,,-0.6006006006006,,-1.5460310989133148
2020-10-28,243760,8679,0,7,0,0,0,0,0,,1.7732799111876403,,-0.8564773406051699
2020-10-29,185886,6341,2,2,2,0,0,0,0,-0.3195527525351449,0.0,,-0.7326555423584034
2020-10-30,103119,4266,0,0,0,0,0,0,0,,,,-1.595893393794999
2020-10-31,58505,2062,0,0,0,0,0,0,0,,,,-1.7641279842232518
2020-11-01,105018,4738,1,3,0,0,0,0,0,-0.646203554119548,-0.5036306477450834,,-1.5548401587588503
2020-11-02,201422,7885,4,3,0,0,0,0,0,-2.0748618530781027,-6.021905627001914,,-1.4436516762238993
2020-11-03,153077,6595,0,0,0,1,0,0,0,,,,-1.3858421798020628
2020-11-04,191364,7017,2,1,0,0,1,0,0,-2.7943497441475778,-3.82165605095541,-0.365965233302836,-1.4504218709151269
2020-11-05,153039,6052,0,1,0,0,0,0,0,,-0.342465753424657,,-1.7070960449506203
2020-11-06,72008,3120,4,0,4,0,2,0,0,0.6006848079385743,,0.3683681556355455,-1.6361991171014867
2020-11-07,34453,1437,1,0,0,0,0,0,0,-3.80228136882129,,,-1.5556256452930568
2020-11-08,60978,2658,2,0,0,0,2,0,0,-4.0367920606770795,,-4.0367920606770795,-0.974161748056004
2020-11-09,178973,6360,1,2,0,0,0,0,0,1.41065830721003,-0.78100247132628,,-1.1156385569106166
2020-11-10,144254,5686,0,2,0,0,0,0,0,,0.252918512366187,,-0.4768202640922217
2020-11-11,149557,5976,0,0,0,1,0,0,0,,,,-1.0352559849531144
2020-11-12,123631,5110,0,1,0,0,0,0,0,,1.71149144254279,,-1.2029398699113403
2020-11-13,37580,1517,0,0,0,1,0,0,0,,,,-1.3492374182988365
2020-11-14,14380,237,0,0,0,0,0,0,0,,,,-1.774884715876603
2020-11-15,39401,1685,0,0,0,0,0,0,0,,,,-1.529806532200725
2020-11-16,151429,6894,1,1,0,0,0,0,0,-7.58928571428572,-6.05263157894737,,-1.3659766179435935
2020-11-17,121385,4562,0,6,0,0,0,0,0,,-0.39025020096547935,,-1.4815843102393127
2020-11-18,400913,11721,5,5,0,2,0,0,0,-2.0914147097690847,0.7323523240008898,,-1.6624873439956265
2020-11-19,425359,12375,2,8,0,0,0,0,0,-4.149253731343284,-3.318026277921144,,-1.5147347702637821
2020-11-20,404007,12004,1,7,0,0,0,0,0,-4.12844036697248,-1.8148173358146626,,-1.2428519093308519
2020-11-21,250039,9264,1,1,0,3,0,0,0,-2.63157894736842,-5.28581679024157,,-1.7710566046408218
2020-11-22,220124,7871,2,3,1,0,0,0,0,-0.287356321839081,-0.727969348659004,,-1.7714476046618344
2020-11-23,385599,12874,1,5,0,2,0,0,0,-2.37656217988117,-2.5837183179516794,,-1.3194608262107517
2020-11-24,406287,12638,3,11,0,0,2,0,0,-3.0462663502466234,-2.818879093834479,-3.915804754128105,-1.2363098956827527
2020-11-25,394944,11779,2,3,1,0,0,0,0,2.4440518256772643,-2.75993201002564,,-1.6249852009076335
2020-11-26,359944,12321,2,3,1,1,1,0,0,-3.4837326133761692,-3.2664101597156554,0.862068965517241,-1.461614634920891
2020-11-27,329243,11334,3,12,2,0,1,0,0,-0.6108494776043126,-3.6052227016065816,-0.217391304347826,-1.7163322928113323
2020-11-28,221026,8272,1,2,0,1,0,0,0,-4.21052631578947,-3.763440860215055,,-1.8678374898025374
2020-11-29,224614,8622,6,7,0,0,1,0,0,-1.4128350714400897,-1.4309600830339229,2.65151515151515,-2.01550303839979
2020-11-30,381846,12543,2,16,0,1,0,0,0,-4.963529698726445,-0.684330789384208,,-1.78533524833811
2020-12-01,403007,12877,6,25,5,0,0,0,0,1.9214350111095966,-0.6894920031532901,,-1.7331283845928538
2020-12-02,405857,12333,5,18,0,0,0,0,0,-1.7447680608067664,-0.354306884788835,,-1.415102294238834
2020-12-03,414640,12840,8,4,0,0,0,0,0,-1.5538194695776113,-1.337655211935816,,-1.6242423458295117
2020-12-04,392744,12696,1,6,2,1,0,0,0,3.44827586206897,-2.233119709625233,,-1.5512110216802437
2020-12-05,248108,9912,1,2,0,0,0,0,0,-2.35419377735715,-1.508057263562975,,-1.5726049646361124
2020-12-06,233902,8656,1,3,0,0,0,0,0,-0.506329113924051,-0.33862033752694976,,-1.6944081716601307
2020-12-07,358213,11532,3,5,1,0,1,0,0,-1.8602948427509851,-2.227462995955145,-1.13798008534851,-1.7034007380697151
2020-12-08,377103,11436,3,1,7,3,0,0,0,-0.18480094530618674,-6.00667408231368,,-1.4362563121589411
2020-12-09,387536,11801,1,3,0,2,0,0,0,-0.882352941176471,-2.517684848894157,,-1.4927126762758176
2020-12-10,404387,12927,0,4,0,0,0,0,0,,-0.9603736172866276,,-1.4053916860452227
2020-12-11,362894,10483,5,8,1,0,0,0,0,-4.310546502727844,-0.4257478242108408,,-1.5720502108834857
2020-12-12,253826,9213,4,2,0,0,3,0,0,1.4890342452411627,1.6063128563567586,3.47347423175012,-1.7025346256422498
2020-12-13,211533,7706,0,5,0,2,0,0,0,,-3.0698769766096836,,-1.5727621645440537
2020-12-14,344603,10732,3,56,1,0,0,0,0,-4.126581378528867,-5.18046724327092,,-1.7780709186818808
2020-12-15,400031,12261,3,34,3,0,0,0,0,0.2978431510488604,-5.144412806035617,,-1.6137680201427096
2020-12-16,377098,10181,3,7,3,1,0,0,0,-5.9966641165078,-2.52928882560026,,-1.646886736625891
2020-12-17,389760,11720,2,6,5,0,0,0,0,-0.5834204110066494,-1.6136293878866508,,-1.4164090759625294
2020-12-18,373237,10949,0,8,0,0,0,0,0,,-1.8927555115579042,,-1.431002850482624
2020-12-19,229882,7776,2,3,0,0,0,0,0,3.6354326676907327,-1.9335829847939552,,-1.7286365692130463
2020-12-20,209657,7697,2,8,1,0,0,0,0,1.140210795273075,-0.8842202811520975,,-1.5849634063128455
2020-12-21,356020,12310,39,4,76,0,2,0,2,-3.3417681086301605,-1.1232372086884725,-1.03453196347032,-1.614547799898215
2020-12-22,352836,11486,26,5,26,1,3,0,2,-1.5047564809989797,0.29485789713917576,-2.7827067391223963,-1.5041600364075958
2020-12-23,361872,11094,9,4,3,0,0,0,0,-3.5631556716786426,0.7756723152849999,,-1.5045783535402333
2020-12-24,303186,11382,2,2,1,0,0,0,0,-3.935451174413295,3.3457515403352907,,-1.3284597608068627
2020-12-25,225592,11572,0,10,0,1,0,0,0,,-3.6785108720770796,,-1.5108647413194023
2020-12-26,197004,8313,94,9,1,0,1,0,0,-4.728681070739951,-3.318552193417857,0.0,-1.4506520282745645
2020-12-27,203686,7758,5,8,6,0,4,0,0,-0.8286455243244747,-2.298681494555597,-0.8578709623450951,-1.6054659766671457
2020-12-28,322319,11880,5,8,1,1,1,0,0,-4.2117577320451085,-1.8213946136040011,-3.71747211895911,-1.5258676519589713
2020-12-29,326936,10754,13,2,0,1,0,0,0,-2.108659778816336,-2.2270214070026,,-1.2869581863121806
2020-12-30,342596,11224,2,6,0,0,0,0,0,0.376470588235295,-1.5262351072121125,,-1.104091547905684
2020-12-31,296788,10398,3,4,0,0,3,0,0,1.5305342170083,-0.5397683893393898,1.5305342170083,-0.89999209118128
2021-01-01,214833,9157,6,13,0,0,1,0,0,-3.3827691950274934,0.26540157803284087,-3.44827586206897,-1.2380699660930343
2021-01-02,198996,7603,2,4,0,0,1,0,0,0.60145540297512,-0.8508605416030488,0.53475935828877,-1.8544416647889335
2021-01-03,210303,8073,1,2,1,1,1,0,1,-0.234741784037559,0.1397629795600075,-0.234741784037559,-1.8274294073441422
2021-01-04,320880,10219,43,8,18,0,7,0,0,-2.5940961440592973,-1.5917920094184201,-1.265885859086304,-1.5556357482356513
2021-01-05,359129,10478,78,8,37,0,9,0,6,-2.153559073175916,0.49784408397105395,2.159083166316249,-1.3564558467767083
2021-01-06,364043,11280,34,7,9,1,6,0,6,-2.375985771851022,-2.013720661247136,-2.7436000407201715,-1.3600606170512062
2021-01-07,368189,10671,11,5,3,0,0,0,0,0.21354024781162312,2.273013588373678,,-1.4365536885161307
2021-01-08,345704,10243,7,3,0,0,2,0,0,-1.0397863113590728,-2.82083646503645,-2.9992481851683,-1.3035548431403474
2021-01-09,233569,7875,3,2,2,2,0,0,0,-1.2408310921548635,-0.866531622777405,,-1.252641577472863
2021-01-10,216961,7307,2,8,2,0,0,0,0,-3.3511420171867954,-2.1955784850774407,,-1.1084068064769348
2021-01-11,350500,10291,8,12,1,0,0,0,0,-3.68335035174828,-1.8235836682761266,,-1.2116505833438749
2021-01-12,385575,10600,10,6,1,0,2,0,1,-3.0943104884661197,-1.3917046176712717,-1.393557463344885,-1.5476754844633438
2021-01-13,400920,10989,2,8,4,1,1,0,0,-2.03471710472447,0.42853509488630415,-1.41242937853107,-1.1799967496740331
2021-01-14,387920,9796,2,3,1,3,0,0,0,-0.32462541813364165,-1.6367192578837433,,-0.9467070498777338
2021-01-15,378795,9911,5,7,0,0,0,0,0,-0.8785181893017702,-0.9786358650097441,,-0.9780642891833062
2021-01-16,230039,6700,2,2,0,0,0,0,0,-3.8031914893617005,-1.5625,,-1.0254828108794543
2021-01-17,214337,7177,2,3,4,0,0,0,3,-3.56950142292198,-2.2148442726933166,,-1.016036901205581
2021-01-18,336025,9402,6,27,6,10,0,0,0,-3.1785835074385234,1.6655402111549251,,-0.8169897405359964
2021-01-19,385210,10709,3,44,1,1,0,0,0,-1.9347770039333794,0.42419346227249555,,-1.1636000689421002
2021-01-20,377935,9777,3,9,0,0,0,0,0,2.2290082844963335,0.13433305796957618,,-0.9293755296601889
2021-01-21,386327,10320,0,4,0,0,0,0,0,,0.3334490974350872,,-1.0721990567147623
2021-01-22,383264,10558,5,7,0,1,1,0,0,-1.779512641739712,-3.45836897439221,3.58974358974359,-1.4548194741767935
2021-01-23,238332,8355,5,6,0,0,1,0,0,-0.3029117320725079,-4.214272646982267,3.38164251207729,-1.1963924423463537
2021-01-24,213908,7640,12,2,0,0,8,0,0,-1.584631215113926,-0.934240173579239,-0.2637074996978527,-1.4136213695676196
2021-01-25,361632,10395,11,9,1,0,1,0,0,-6.634723424711936,-2.3282438668341316,-1.18343195266272,-1.3432245874644373
2021-01-26,393864,10599,7,6,0,1,1,1,0,-6.403074953762563,-0.9147927296459732,-0.440528634361234,-1.303422614907378
2021-01-27,399332,10549,5,8,0,0,0,0,0,-4.544768902042284,-1.1177229856521291,,-1.4291723195852961
2021-01-28,395610,10536,8,17,3,1,1,0,2,1.202259552117407,-0.1080588425465391,-2.77136258660508,-1.3477747006305703
2021-01-29,363464,9159,10,7,1,5,0,0,0,0.415727447253345,0.5867450233848381,,-1.275225729247759
2021-01-30,250232,7992,1,3,0,2,0,0,0,-4.20711974110032,-3.009019730450247,,-1.5516925704735038
2021-01-31,224288,7052,1,5,0,0,0,0,0,1.41843971631206,-2.452541145360446,,-1.5766336966901235
2021-02-01,378041,10431,3,18,0,0,0,0,0,-0.6635215134608895,-1.3442245319680963,,-1.0613878553838654
2021-02-02,393977,9856,11,23,0,1,0,0,0,-2.8831896027043538,-1.080162206119919,,-1.5910903052764094
2021-02-03,405329,10821,9,12,2,1,0,0,0,-1.8805683238439586,-1.3452822614755506,,-1.5783873799450143
2021-02-04,377718,9526,6,9,0,1,5,0,0,-3.3592395765755674,-0.7355590525836759,-4.1522996131028025,-1.739346893462832
2021-02-05,363447,9365,1,4,0,1,0,0,0,0.78740157480315,-2.708229394963377,,-1.743915538295577
2021-02-06,239836,7790,1,4,0,0,0,0,0,-4.51127819548872,-2.488567165996833,,-1.458745718763953
2021-02-07,221906,7160,1,3,0,1,0,0,0,-1.72413793103448,-4.3092075797428375,,-1.5302727923179906
2021-02-08,368355,10693,1,6,0,1,0,0,0,9.74358974358974,0.6574860510151395,,-1.5628798053245476
2021-02-09,385542,10577,6,10,1,0,0,0,0,-5.388611701192753,-0.8671801017621412,,-1.547960130031957
2021-02-10,387646,10372,6,2,1,0,1,0,0,-1.9257399882961654,-0.5091197155885301,1.60213618157543,-1.4782421902294625
2021-02-11,364051,9370,2,5,0,0,0,0,0,-3.958582535885165,-2.417007220750054,,-1.3553564555414885
2021-02-12,351764,9949,2,11,0,1,0,0,0,0.6163961372508746,-2.0117943069098714,,-1.2688731584022301
2021-02-13,238394,7669,1,3,0,0,0,0,0,-0.134770889487871,-1.3091694686673634,,-1.216360129207042
2021-02-14,217463,7242,2,5,0,0,1,0,0,0.57471264367816,-1.1477322208998924,1.14942528735632,-1.244663024860068
2021-02-15,313169,9455,3,0,2,0,0,0,1,0.37564689463423684,,,-1.42150946270359
2021-02-16,366592,10587,7,7,0,5,0,0,0,0.5529502177527457,-0.18675543670761385,,-1.2130388450599638
2021-02-17,372712,9764,3,5,1,3,0,0,0,-0.12262509978008573,-0.07772475233461601,,-1.1285232841267459
2021-02-18,389749,9260,0,9,0,2,0,0,0,,-3.7815074146283596,,-0.9886756982950979
2021-02-19,373984,9739,1,8,0,1,0,0,0,-1.06382978723404,-3.410967607107794,,-1.3657926135203038
2021-02-20,246816,7283,0,3,0,1,0,0,0,,-1.3189922996837655,,-1.299750842800627
2021-02-21,215741,6700,1,4,0,0,0,0,0,-1.68539325842697,-2.825196942655226,,-1.4405235986837954
2021-02-22,353253,9428,12,3,0,0,0,0,0,-2.3910531416144005,-0.42801427101121864,,-1.402180200797498
2021-02-23,381590,9877,3,5,0,1,1,0,0,-0.48097939881664686,-2.087341607313332,-1.3531799729364,-1.4955628678881052
2021-02-24,390024,9347,7,2,1,0,1,0,0,0.6716448065504074,-1.95613746860066,-0.460829493087558,-1.5078970521332944
2021-02-25,383110,9856,0,8,0,7,0,0,0,,-1.933781828439569,,-1.4937308406087972
2021-02-26,374781,9481,6,5,0,0,0,0,0,-4.84375125308284,-0.07119960366857958,,-1.483302952736705
2021-02-27,238134,7234,11,8,2,0,0,0,0,-2.553424622020681,0.2951847644592772,,-1.386565813419284
2021-02-28,209555,6878,8,3,0,1,0,0,0,-3.2691580508950193,-1.33059311054634,,-1.7482526696686849
2021-03-01,355961,9786,9,13,0,0,0,0,0,-1.9912225122680527,-1.1486309515190083,,-1.6547493183002895
2021-03-02,376475,9304,2,18,6,2,0,0,0,-0.33289958794187746,-0.8928053807546067,,-1.4458388399737883
2021-03-03,380489,9619,4,13,0,0,0,0,0,-1.5841551890118104,-2.5216570508041802,,-1.1632158059805457
2021-03-04,378917,9527,0,6,0,2,0,0,0,,-3.1591045079005164,,-1.6880997166941112
2021-03-05,383390,9969,2,0,0,0,0,0,0,-1.44673198314053,,,-1.8578572278133665
2021-03-06,246436,8217,3,3,3,2,3,0,2,-2.127943958414863,-1.3696274821410495,-2.127943958414863,-1.5806720298654597
2021-03-07,213612,6790,3,1,0,0,1,0,0,-1.4988780019834935,1.72413793103448,0.0,-1.3747417166014744
2021-03-08,356687,10355,5,12,0,0,0,0,0,-2.2143663704487784,-1.799233434854563,,-0.8821085401883366
2021-03-09,383259,10249,4,5,0,1,0,0,0,-1.9520915993022738,-0.691006688250314,,-1.3599516129863212
2021-03-10,395498,11037,1,3,0,2,0,0,0,-3.6101083032491,0.6093047446700268,,-1.1085454527006133
2021-03-11,392905,10389,0,4,0,0,0,0,0,,-2.1666216149590447,,-1.3299663005707503
2021-03-12,375165,10442,4,1,1,1,0,0,1,-2.7132438634179468,-2.63157894736842,,-1.3137790485870402
2021-03-13,240429,8141,3,5,0,2,0,0,0,-3.0147394626514368,-2.1109783675572307,,-1.5629532760712712
2021-03-14,216720,7072,8,11,0,0,4,0,0,-6.018846457091242,-2.014226896873976,-1.591226135550909,-1.1709208703681169
2021-03-15,354998,9201,5,2,2,1,0,0,0,-3.351312553979242,-0.8065927936167516,,-1.5750503832581189
2021-03-16,394152,10893,3,4,1,0,0,0,0,-7.283866071657622,-2.9677112676703366,,-1.369796838796515
2021-03-17,381076,10228,4,11,1,0,0,0,0,-2.33425930579012,-0.914828426993554,,-1.4363812284008164
2021-03-18,389377,10433,2,1,0,1,0,0,0,-3.7543717956892495,0.254452926208652,,-1.1842621062138259
2021-03-19,376744,10432,1,7,1,0,0,0,0,3.38983050847458,0.27479729348779697,,-1.4120771895149424
2021-03-20,235031,8085,2,2,0,0,0,0,0,-1.1273614943748675,1.3628388374680556,,-1.38738292468929
2021-03-21,214650,7934,1,1,0,1,1,0,0,-1.20967741935484,-0.353356890459364,-1.20967741935484,-1.5372439122721009
2021-03-22,345309,9727,1,2,0,0,0,0,0,-1.12540192926045,-3.3664688865273353,,-1.5002125173536356
2021-03-23,394631,10984,0,4,1,0,0,0,0,,-1.240709914386005,,-1.684376767053548
2021-03-24,394719,10781,2,2,0,0,0,0,0,-1.354542630404699,-2.8759320150048615,,-0.922060650524811
2021-03-25,387107,10331,5,10,0,0,3,0,0,-1.8159280719638047,-0.6795141740349744,-0.617283950617284,-1.2261759448317755
2021-03-26,375978,9747,5,10,0,0,0,0,0,-2.9434114271842238,-2.2174714246208374,,-1.1589278066636817
2021-03-27,233025,7246,3,1,0,0,0,0,0,2.425880865423877,-4.58190148911798,,-1.063374667141861
2021-03-28,198029,6517,3,11,0,0,0,0,0,-0.9227177604043274,-1.9221631252708633,,-1.6432722317956394
2021-03-29,341308,9535,2,10,0,0,0,0,0,-2.672320414255895,-1.8447752643608943,,-1.287093304293768
2021-03-30,376289,10925,6,13,0,1,0,0,0,-2.500312244517665,-1.141419582356039,,-1.2771389585166102
2021-03-31,388803,11017,7,7,0,2,4,0,0,-1.6010222438690636,-1.50912722360749,-1.2853193784619217,-1.3844912014059685
2021-04-01,367072,9802,1,15,0,0,1,0,0,0.970873786407767,-1.5694164618921,0.970873786407767,-1.4328998714099777
2021-04-02,302154,10432,2,1,0,4,0,0,0,-1.80457171236636,-2.0141535111595,,-1.4749166075991027
2021-04-03,208969,7040,6,1,0,1,1,0,0,-2.024749207831872,-0.701978302488832,2.04081632653061,-1.266906621189274
2021-04-04,193551,6810,4,1,0,0,1,0,0,-0.022613611508665143,-2.22222222222222,1.92525481313703,-1.3389698133931904
2021-04-05,304263,10165,2,1,0,2,1,0,0,-2.5058210045596345,-0.464252553389044,-0.414937759336099,-1.57890924133738
2021-04-06,367473,9833,4,4,0,1,0,0,0,-3.2014075174354852,-2.6655699223495524,,-1.4703153169916592
2021-04-07,375653,10034,7,19,0,0,0,0,0,-3.467582487896718,-1.652301203720661,,-1.2392697593541449
2021-04-08,363369,9936,6,13,0,1,0,0,0,-2.21899167053863,-0.8755280174889337,,-1.4963982184148295
2021-04-09,360552,10295,18,11,4,1,0,0,0,-1.682997566657496,-1.235704995817122,,-1.2079778118427114
2021-04-10,224076,7111,2,8,0,0,1,0,0,-1.110993674693895,-1.1602748671909462,1.68539325842697,-1.105001591746888
2021-04-11,199432,6203,0,3,1,0,0,0,0,,-0.09535310043651801,,-1.0697546785915706
2021-04-12,346185,9353,4,3,1,3,0,0,0,-0.9019618241057126,-6.373160460256013,,-1.0478022391444748
2021-04-13,374791,9684,6,14,0,0,0,0,0,-2.0805837951839403,-2.0467711303793346,,-1.3321017002813362
2021-04-14,378427,9660,10,12,0,0,0,0,0,-0.12239518227782795,-2.859883498850203,,-1.2384195313308162
2021-04-15,382854,9914,2,7,0,0,0,0,0,-1.656679465278635,0.20632898598393284,,-1.2699904744832795
2021-04-16,366170,9984,1,9,0,0,0,0,0,-1.91881918819188,1.1328498528678237,,-1.5196863079005842
2021-04-17,223005,7285,36,9,0,1,0,0,0,-1.231170678504454,-3.3045640607655926,,-1.5607664059460635
2021-04-18,194926,6156,4,8,0,0,0,0,0,-0.49805761929262626,-0.5779050656196588,,-1.4862344931065261
2021-04-19,340898,9016,6,15,0,1,0,0,0,-1.3415768583210916,-1.2533730470815723,,-1.2411256891474889
2021-04-20,375144,9988,8,13,2,1,0,0,0,-2.0955385309014933,-1.3702511071683234,,-1.263066756576856
2021-04-21,375791,9764,1,3,0,0,0,0,0,-1.19453924914676,0.2669022797365054,,-1.4102543641868541
2021-04-22,373303,9698,5,13,0,0,0,0,0,-2.1719950207747147,-1.1770132639193098,,-1.217404049982787
2021-04-23,359816,8423,2,9,0,0,0,0,0,-3.2505376344086,-2.7757928749400715,,-0.7420642386115923
2021-04-24,224924,6967,2,25,0,1,0,0,0,-2.0501032526934475,-0.22757118220731987,,-1.755393653644939
2021-04-25,209410,6499,0,12,0,0,0,0,0,,2.073654630656434,,-1.9463496335493662
2021-04-26,347397,8806,2,5,0,1,1,0,0,-0.453175162477488,0.7738641361992791,-0.430663221360896,-1.8285595212950092
2021-04-27,363535,8465,7,4,0,0,0,0,0,-1.1469598766038667,1.1594661339351064,,-1.6801376761562943
2021-04-28,368776,8818,6,2,0,1,0,0,0,-2.727698177327573,-1.26030437539632,,-1.4600416189396228
2021-04-29,369391,9291,3,7,1,1,2,0,0,2.0360344122786254,-1.71310916796074,0.9035139840093385,-1.4528184795190142
2021-04-30,347627,8917,8,5,0,0,2,0,0,1.4375828424677672,-0.7190643979267021,2.3787424437146,-1.419045375489777
2021-05-01,217212,7055,0,0,0,0,0,0,0,,,,-1.4110772663300675
2021-05-02,198095,6747,2,5,0,0,2,0,0,1.49586479683567,-2.2890671723873712,1.49586479683567,-1.5290933089457686
2021-05-03,287056,8537,3,2,0,0,0,0,0,-2.762061557517149,-3.306010928961745,,-1.3446461950047193
2021-05-04,343846,9528,1,3,0,0,0,0,0,-0.218818380743983,-0.408598991557096,,-1.1306563287182123
2021-05-05,374861,10220,2,3,1,4,0,0,0,-0.776051962459235,0.64745747437197,,-1.1771749552384085
2021-05-06,373142,9566,2,3,0,0,0,0,0,-3.042813759155235,-2.91849385424038,,-1.1707954464389778
2021-05-07,364793,9724,4,1,0,0,2,0,0,0.59998009131857,-1.53631284916201,2.300000924886855,-0.9139604250278198
2021-05-08,245958,7959,1,3,0,1,0,0,0,-1.0989010989011,2.3120772791404733,,-1.0682594400717291
2021-05-09,218565,6982,2,5,0,0,0,0,0,-1.32866066290912,-1.9348351686436032,,-0.807661457261442
2021-05-10,350037,9801,16,4,21,0,9,0,0,-2.1908860324169366,-2.7167901542188604,-1.5463625254745021,-1.7011694046382302
2021-05-11,391292,9748,52,1,65,0,16,0,6,-3.800697115660928,-0.994575045207957,-3.7233162573075513,-1.550878169712111
2021-05-12,392577,9058,5,4,7,1,1,0,0,-4.619757957727632,-1.4191938925385974,-5.34351145038168,-1.372474780286667
2021-05-13,366967,7598,2,0,1,0,1,0,0,0.88339222614841,,1.76678445229682,-1.2979275198304525
2021-05-14,361891,7522,10,3,1,1,0,0,0,-2.4462594406547047,-2.7131893742426767,,-1.918305022753846
2021-05-15,228726,6671,3,7,0,1,0,0,0,-1.5676626853097433,0.6280501330967201,,-1.6182362588564712
2021-05-16,211552,6666,5,2,0,0,0,0,0,-0.6229647137636659,-1.271032860820964,,-2.0511188730336367
2021-05-17,355585,9306,5,2,0,2,2,0,0,-3.4570696583550036,-0.33709639431312,1.51997172145634,-1.7725577775608738
2021-05-18,389735,9508,2,1,0,1,0,0,0,-8.35655087286193,0.765585125774699,,-1.2693200432048717
2021-05-19,393758,7693,4,1,6,0,0,0,0,-6.169967170140042,4.07673860911271,,-1.0146735998287197
2021-05-20,397608,8362,3,1,1,0,0,0,0,-2.6633933074298266,-0.234741784037559,,-1.44042180875208
2021-05-21,371421,8307,1,1,2,2,0,0,2,-7.10227272727273,-8.33333333333333,,-1.479847137283309
2021-05-22,239118,6572,1,2,0,0,0,0,0,-1.4367816091954,-2.55110617427189,,-1.5577617833235446
2021-05-23,213331,5625,1,0,0,1,0,0,0,-1.63785259326661,,,-1.6459680838721868
2021-05-24,337010,8149,1,4,0,0,0,0,0,-0.534045393858478,-3.15230985412354,,-1.6086178900079569
2021-05-25,382012,8528,7,76,0,0,0,0,0,-2.5837047451025796,-0.8360119066952727,,-1.5940995480462443
2021-05-26,386536,8398,1,10,0,0,1,0,0,3.61094933022714,-1.763404432181931,3.61094933022714,-1.2441518682327308
2021-05-27,392505,8673,3,60,1,0,0,0,0,-2.4130134487748274,0.6739041982857986,,-1.3591076761270908
2021-05-28,370565,8057,4,20,0,0,1,0,0,0.6614968785769275,0.13842438364155063,2.11800302571861,-1.1163242120959795
2021-05-29,227400,6338,3,7,1,0,0,0,0,-2.8224773883959067,0.5377114518054905,,-1.311341624006893
2021-05-30,207653,5616,3,6,0,0,0,0,0,2.837398282704185,-0.7309821496263861,,-1.3058535072134279
2021-05-31,315138,8248,6,5,2,0,3,0,0,0.4037453407937639,0.08456762670293796,1.6896345602149665,-1.1550582014318644
2021-06-01,365866,8393,0,7,0,1,0,0,0,,-0.408192774364038,,-0.9765766526511115
2021-06-02,374732,8684,37,7,2,1,2,0,0,-3.5779958318161813,-0.5606596860248385,-3.58086998317712,-0.9644996676676769
2021-06-03,371481,8479,3,4,0,2,0,0,0,-2.9861176298799506,-3.6410713269906605,,-1.0538487804463552
2021-06-04,359782,7966,0,4,1,2,0,0,0,,-3.3995271090560175,,-1.0010739982621635
2021-06-05,227118,5699,1,4,0,0,0,0,0,-1.85185185185185,-2.2801185718161276,,-0.9606959817115487
2021-06-06,207933,5305,1,3,1,1,0,0,0,8.24175824175824,-2.460138041841387,,-1.1170132404082747
2021-06-07,350922,7562,11,2,1,1,8,0,0,1.8978667597810683,-0.3149016452570548,1.69767248538744,-1.1961975083701089
2021-06-08,379764,7861,3,2,0,0,0,0,0,3.0951674741534463,0.42722247812068004,,-1.415805520605856
2021-06-09,382169,7748,7,7,2,2,0,0,0,1.911100252168294,-3.1426718238017584,,-1.1776192860554224
2021-06-10,382722,7258,3,2,1,1,0,0,0,0.42719020598859325,-2.8184071808232902,,-1.256867994731245
2021-06-11,366870,7578,0,3,0,0,0,0,0,,-3.017173872793691,,-1.0626924830346631
2021-06-12,227832,5581,0,6,0,0,0,0,0,,-2.4837117214097253,,-1.2284032392824487
2021-06-13,206662,5564,2,3,0,0,0,0,0,-3.6636918741193,-2.719594570426528,,-1.3349396361688879
2021-06-14,331652,7624,0,13,0,2,0,0,0,,-4.500527731772054,,-0.9627477511396463
2021-06-15,377823,7839,0,7,0,2,0,0,0,,-2.282248196672481,,-1.1108533992816856
2021-06-16,379045,7773,1,7,0,1,0,0,0,-1.84162062615101,-1.3409992749286488,,-0.8724251036485694
2021-06-17,381586,7920,1,6,0,1,0,0,0,-7.05882352941176,-2.0421363368325753,,-1.085568762136407
2021-06-18,357682,7592,4,0,7,0,0,0,0,-0.86397427217047,,,-0.9827206199064065
2021-06-19,224100,6560,0,1,0,0,0,0,0,,3.36322869955157,,-1.1676319856275763
2021-06-20,206185,6348,8,3,8,0,5,0,8,-3.962200679830243,-1.6412603888160067,-3.504637290351576,-1.047151011100976
2021-06-21,343205,9212,0,3,2,0,0,0,1,,-5.26380598356788,,-1.1807761846188336
2021-06-22,369459,8822,3,3,0,0,1,0,0,-5.209192163379653,-1.5229445388970553,-6.34328358208955,-1.259515324892711
2021-06-23,384054,8319,6,7,7,1,3,0,6,-2.6669677774960263,1.9457115057685657,-5.173576002696323,-1.212319274811858
2021-06-24,376272,8946,0,3,1,2,0,0,0,,-4.612811623613633,,-1.0401959538644214
2021-06-25,355454,8829,7,6,0,1,0,0,0,-4.230455572866084,0.11574074074074067,,-1.061466433712265
2021-06-26,222956,6398,4,4,0,1,0,0,0,0.5568314119512361,-1.90519593475593,,-1.4955667658398821
2021-06-27,206424,6003,5,1,0,0,0,0,0,-3.023938315938992,-6.27962085308057,,-1.2383242989494772
2021-06-28,347597,8949,4,4,1,0,0,0,0,-0.2639811259535598,2.2406835871721027,,-1.0897660016311257
2021-06-29,370086,8953,17,3,1,3,1,0,0,-1.436584075940248,2.3049099044177668,-3.09477756286267,-1.0872881511266224
2021-06-30,381800,9129,34,6,1,1,0,0,0,-4.804244977420745,-0.8341863023196693,,-1.0696757526446479
2021-07-01,378778,9405,2,3,0,0,1,0,0,-3.5007572688603643,-2.235530369824431,0.384849098642901,-0.8790848794608963
2021-07-02,347387,8690,6,1,1,3,0,0,0,-2.6236541945799585,0.247831474597274,,-1.011764348713979
2021-07-03,215546,7054,4,3,1,0,0,0,0,-3.0829183822002277,-3.452237589284068,,-1.6761018778733905
2021-07-04,201139,5984,10,6,0,0,0,0,0,-1.6569993746829603,-0.36706602079206374,,-1.4024173340711175
2021-07-05,313571,8995,0,3,0,0,0,0,0,,0.05919347567523836,,-1.0838484164344342
2021-07-06,355594,9232,5,2,0,0,1,0,0,-2.477518281425974,0.944884538767073,3.84615384615385,-1.2282787119519216
2021-07-07,380383,9976,1,6,0,2,0,0,0,-2.25051147988179,2.67942852486845,,-1.0436453274651403
2021-07-08,377212,9796,5,1,1,1,0,0,0,-0.14473782880765695,-2.4330900243309,,-1.2651458790119245
2021-07-09,346436,8905,11,6,1,1,0,0,0,-2.3791809419849463,-2.87719970321845,,-1.282576776844536
2021-07-10,219270,6982,0,1,0,2,0,0,0,,1.50602409638554,,-1.4228094244254508
2021-07-11,201355,6382,0,1,0,0,0,0,0,,-2.9126213592233,,-1.273250504411033
2021-07-12,335320,9317,2,1,0,3,0,0,0,0.8029707685896299,-0.142857142857143,,-1.320426893074055
2021-07-13,370266,9524,3,4,0,3,1,0,0,-1.03301271670191,-0.8077784172201248,4.23452768729642,-1.2690997634733372
2021-07-14,376277,10126,0,2,0,0,0,0,0,,-1.520255331205053,,-1.2514221534307246
2021-07-15,372317,9116,2,2,1,0,0,0,0,-4.0415845301792945,0.8956586064116996,,-1.6331391175488152
2021-07-16,354706,9427,2,3,1,0,1,0,0,0.6457975440605699,-1.7397619100438066,-1.0752688172043,-1.5834751277241401
2021-07-17,226921,6658,1,0,1,0,1,0,0,1.82328190743338,,1.82328190743338,-1.6925739723566346
2021-07-18,203101,5920,1,2,1,1,0,0,0,-3.44827586206897,-2.184858689910195,,-1.9480825468733272
2021-07-19,331273,7104,10,3,2,0,0,0,0,-6.491340451507194,-3.8575535084788437,,-1.43668346893073
2021-07-20,353332,5928,7,1,1,1,0,0,0,-1.1437978968093128,-1.77514792899408,,-1.8602728636813926
2021-07-21,354032,6040,21,4,2,0,0,0,0,0.3429913971837633,-0.5071957399424936,,-1.646311222017995
2021-07-22,354153,6304,26,2,54,0,3,0,3,-3.071466842546618,-0.34170985835493006,-0.83275703088981,-2.2987616681090035
2021-07-23,342063,6808,13,0,11,0,2,0,1,-0.5155208124958749,,2.340124504810415,-1.8032242680352184
2021-07-24,216981,6000,2,2,1,1,0,0,0,1.64233576642336,2.832151300236405,,-1.939813254262324
2021-07-25,201574,6098,2,2,1,0,1,0,0,0.27830788804070994,-1.79085385353374,2.08333333333333,-2.124819693248753
2021-07-26,331810,8626,1,2,1,0,0,0,0,0.0,-3.1983604845446947,,-1.4955486537566265
2021-07-27,359990,8498,3,0,0,0,0,0,0,4.739336492891,,,-1.49071826852507
2021-07-28,366061,9104,9,3,2,2,0,0,1,-2.216546994016779,1.686317458448424,,-1.52499709353935
2021-07-29,335318,8064,1,2,0,0,1,0,0,-3.62892921032456,-2.9950310559006197,-3.62892921032456,-1.6227609167333306
2021-07-30,295205,8548,3,25,0,0,0,0,0,1.4472993595167927,-2.8884896861555918,,-1.786061602897408
2021-07-31,181111,6444,5,8,0,0,0,0,0,-2.55346893140947,-1.151151005041812,,-2.1484195196329394
2021-08-01,176383,5855,9,1,0,0,0,0,0,-2.028020524335415,-5.03472222222222,,-2.15850135345168
2021-08-02,278520,8077,14,5,2,1,0,0,0,-3.4298674157331153,1.1353887477386806,,-2.072577734335752
2021-08-03,306237,8040,6,6,0,0,0,0,0,-4.37048956328171,2.3827753665238296,,-2.0885260665386043
2021-08-04,324333,8237,23,12,3,0,0,0,0,-4.540630792010538,-1.1829289768283502,,-1.904597709147484
2021-08-05,306550,8452,12,2,1,0,0,0,0,-3.164980907726099,-1.0965145551891653,,-1.9264468960335803
2021-08-06,277654,7922,7,2,1,0,1,0,0,-2.693751752099854,-5.56749329078786,-4.3859649122807,-1.7560476067758377
2021-08-07,148122,5431,1,7,1,0,1,0,0,-1.47058823529412,-3.0791833621806117,-1.47058823529412,-1.5344277517280047
2021-08-08,141951,5138,2,3,0,1,2,0,0,1.47154899894626,-2.0697801718055664,1.47154899894626,-2.0183818480107427
2021-08-09,253049,7469,1,2,1,0,1,0,0,1.30187144019528,-2.619322470363625,1.30187144019528,-1.587901836942263
2021-08-10,262164,7852,2,3,0,2,1,0,0,-3.61216730038023,-0.7484700404748099,0.0,-1.5706718083663542
2021-08-11,271651,8228,0,2,0,3,0,0,0,,-1.713293185819445,,-1.67446949206906
2021-08-12,271068,7614,1,3,3,2,1,0,0,2.83400809716599,-2.57211316200038,2.83400809716599,-1.6219093497910473
2021-08-13,240949,6837,1,8,0,2,1,0,0,-2.3990637799883,-1.2757729196187542,-2.3990637799883,-1.8338333792742196
2021-08-14,120116,4463,0,2,0,1,0,0,0,,0.9102127150804685,,-2.0497657348488048
2021-08-15,105192,3927,0,0,0,0,0,0,0,,,,-1.7274248135358325
2021-08-16,211420,6832,3,2,0,1,0,0,0,0.6987876799645099,-0.09692838806762849,,-1.5965703585150717
2021-08-17,226572,7158,0,2,1,0,0,0,0,,-0.37593984962406,,-1.3309158597346054
2021-08-18,227136,7131,1,1,0,0,0,0,0,-6.73575129533679,0.0,,-1.1013412372793718
2021-08-19,324595,8942,2,1,0,1,0,0,0,-0.9632392385426175,0.366636113657195,,-1.4987112580410402
2021-08-20,329118,8652,3,3,0,1,0,0,0,-1.3876661129451724,-2.6000868361145986,,-1.118714395769455
2021-08-21,212594,6242,1,1,0,1,0,0,0,-3.87096774193548,0.0,,-1.4277507837637813
2021-08-22,196105,5874,3,2,0,1,2,0,0,0.4522064965625817,0.13182081949522662,0.5857971014492751,-1.430616207845157
2021-08-23,321674,8295,2,7,1,2,1,0,0,0.5082985556859065,-1.3122783651504624,-0.613496932515337,-1.3828076231523645
2021-08-24,348898,8735,3,1,1,0,1,0,0,-1.1752512473174666,-0.925925925925926,-1.54052243804421,-1.1413334135032442
2021-08-25,364167,9557,2,3,1,3,0,0,0,-1.99783950040782,1.1430210656216864,,-1.3072989064043428
2021-08-26,355326,9362,0,2,0,7,0,0,0,,-2.3104972375690607,,-1.4166518543806834
2021-08-27,335371,8889,0,1,0,2,0,0,0,,0.543478260869565,,-1.4147767642015834
2021-08-28,216465,7056,2,2,1,0,0,0,0,-2.50050732745382,-2.23214285714286,,-1.311620980214325
2021-08-29,198204,6691,5,7,1,0,0,0,0,-0.6886887537565825,0.7463733378064277,,-0.8561610427485692
2021-08-30,324876,8292,2,4,0,1,0,0,0,1.4998416217928394,-1.3513746365907482,,-0.1727069097562539
2021-08-31,354710,8985,1,6,0,0,0,0,0,0.0,0.6662109758764164,,-0.9768588947354601
2021-09-01,364326,9187,2,1,0,1,0,0,0,-0.002640719651375134,-3.03867403314917,,-0.7692755734927076
2021-09-02,359550,9064,4,0,0,4,0,0,0,2.9773714174923196,,,-0.9489265171098243
2021-09-03,338463,8914,1,1,0,0,0,0,0,3.0,0.23696682464455,,-1.1955159310022512
2021-09-04,214164,6901,4,0,0,1,0,0,0,0.9828660618682574,,,-1.467430219341421
2021-09-05,198476,6561,2,1,0,0,0,0,0,-5.49391572347096,-2.10526315789474,,-1.3407718257006658
2021-09-06,298603,8879,0,1,0,0,0,0,0,,-1.13636363636364,,-1.0072387674137262
2021-09-07,346200,9522,1,0,0,0,0,0,0,4.33298568313264,,,-1.2630251129049532
2021-09-08,363912,9024,0,55,0,0,0,0,0,,-4.955280786739905,,-1.3140173068683134
2021-09-09,363940,9001,4,8,1,1,0,0,0,-2.2580128205128194,-4.940261794098342,,-1.2116429323316713
2021-09-10,346298,9290,2,2,2,1,0,0,0,0.193798449612403,-3.3172954062794653,,-1.3051647225549776
2021-09-11,226276,7204,5,8,1,0,0,0,0,-0.8061859581319941,-2.7118725845018177,,-1.7539303284144385
2021-09-12,198385,6577,8,2,0,0,0,0,0,-1.0754831585750073,0.368663594470045,,-1.7510507345046464
2021-09-13,332313,9206,3,4,0,1,1,0,0,-0.8592745270217264,-1.959094478801977,-3.98899587345254,-1.4000442512149747
2021-09-14,366717,9688,1,0,1,0,0,0,0,0.0,,,-1.2403562029889363
2021-09-15,371023,9667,1,2,0,0,0,0,0,-1.28676470588235,-0.669964955679241,,-1.0762623145881864
2021-09-16,353831,9337,5,9,0,1,0,0,0,0.26599252643636606,-1.3827053473333053,,-1.0574888867780123
2021-09-17,346476,9373,3,4,0,0,1,0,0,1.3737331306554523,-4.00311597981847,2.20125786163522,-1.350622025613264
2021-09-18,229561,7298,0,5,0,1,0,0,0,,-3.121141841350992,,-1.1720878176949991
2021-09-19,198533,6457,1,3,0,0,0,0,0,-1.9047619047619,0.24253847774642967,,-0.8792768495975484
2021-09-20,324764,8950,3,11,0,1,0,0,0,-3.2963834533723966,-3.7845390032406634,,-1.3081601090223223
2021-09-21,346028,9005,0,10,1,2,0,0,0,,-5.8373401687096855,,-1.215728184040776
2021-09-22,360928,9240,1,9,0,1,0,0,0,-8.71559633027523,-4.33447655072134,,-1.2312291086363587
2021-09-23,365102,9388,1,11,0,0,0,0,0,0.675447483958122,-2.682942575125711,,-1.2910435504378817
2021-09-24,346965,9666,0,5,0,2,0,0,0,,-2.833201781287668,,-1.166265090940384
2021-09-25,235380,7309,1,3,0,1,1,0,0,2.88713910761155,-0.631824722881811,2.88713910761155,-1.0830453306120171
2021-09-26,251081,7181,1,5,0,0,0,0,0,-0.374882849109653,-1.5549601476020714,,-0.934956053500526
2021-09-27,371812,9806,5,13,1,0,0,0,0,-2.297082358216204,-2.213811620864873,,-0.9996973297708636
2021-09-28,388729,9308,1,6,0,3,0,0,0,-2.94117647058824,0.16080227417622223,,-1.6043547220832126
2021-09-29,386326,9323,1,2,0,1,0,0,0,-1.50143973673385,-2.432776139253898,,-1.2311718533292426
2021-09-30,384723,9726,1,3,0,4,0,0,0,-2.3094688221709,-4.21838943761384,,-1.2705796803239844
2021-10-01,357155,9805,1,2,0,0,0,0,0,-1.76390773405699,-2.240855663195335,,-1.2000086544980357
2021-10-02,234659,7290,3,3,0,0,0,0,0,0.7281860356412165,-2.0599711667635474,,-1.3088771013351976
2021-10-03,208693,6663,4,0,2,1,4,0,0,1.9246657784657375,,1.9246657784657375,-1.436556673945103
2021-10-04,339339,9104,7,1,0,2,1,0,0,-0.038960861204625136,-1.74050632911392,1.76991150442478,-0.9661508648462371
2021-10-05,369688,9421,0,8,1,0,0,0,0,,-0.6203368621944403,,-1.1693356607228707
2021-10-06,357711,9468,4,21,0,1,3,0,0,-2.9448941635477173,-2.5805373069999638,-2.7533554417310566,-1.1011497141730826
2021-10-07,371422,9823,3,9,1,1,2,0,1,-2.969131147235723,-5.566515632663583,-3.509615384615385,-1.1895566556418584
2021-10-08,356348,9493,8,6,0,0,3,0,0,-2.5175455733496017,-0.8829594166032662,3.650264108979703,-1.1434813593705573
2021-10-09,227456,6750,1,2,0,0,1,0,0,-1.05263157894737,-4.59750625149867,-1.05263157894737,-1.3958865912057397
2021-10-10,206782,6526,1,11,0,1,0,0,0,-2.57972053027589,0.2275040742412294,,-1.7855135870472494
2021-10-11,329387,9234,4,2,0,1,0,0,0,-1.8205650965122275,2.02690591649186,,-1.4407788655355627
2021-10-12,364586,9428,6,25,0,0,1,0,0,-3.3344358760171513,0.03680857262595874,-2.76679841897233,-1.6704917441867388
2021-10-13,370960,9294,1,28,1,8,0,0,0,-3.06774605879847,-4.093607263722843,,-1.3511267478910938
2021-10-14,367466,9237,3,8,0,4,0,0,0,-7.623787334398603,-0.07229544192442261,,-1.3277592212169562
2021-10-15,344601,9556,1,8,0,3,0,0,0,1.3869625520111,-4.4115860503177435,,-1.369243349856704
2021-10-16,219494,7031,4,2,0,1,0,0,0,-0.9736798104194864,-1.442920137187655,,-1.5078622666096044
2021-10-17,202717,6821,7,2,0,0,0,0,0,-2.4912655572474733,1.24294823374096,,-0.8737469147101604
2021-10-18,340437,9211,4,5,1,2,0,0,0,-1.5805354935680496,-1.245099455347295,,-1.2385044373150973
2021-10-19,363595,9611,5,7,0,8,0,0,0,-2.8785255213496503,0.49423163878481147,,-1.0939335566054766
2021-10-20,374592,9891,6,9,0,4,1,0,0,-6.0766523578588,2.053859197377434,-6.78466076696165,-1.554107207166801
2021-10-21,377125,10090,6,6,0,3,0,0,0,-2.9531335292840795,0.9550204104104668,,-1.2495695488339102
2021-10-22,357804,9662,0,1,1,1,0,0,0,,-1.67597765363128,,-1.2685427261418096
2021-10-23,219865,7062,1,16,0,0,0,0,0,1.95402298850575,-1.5513547332612212,,-1.3676091110374045
2021-10-24,201981,6515,0,17,1,1,0,0,0,,-3.6935814292461284,,-1.333215953295307
2021-10-25,338107,9298,2,7,0,0,0,0,0,-6.981686075445414,-2.7654825167454344,,-1.0365123205362359
2021-10-26,365652,9967,8,9,0,0,0,0,0,-2.3519025116379435,-1.9868911578001507,,-1.0845683439259701
2021-10-27,364297,9939,5,9,0,2,0,0,0,2.5345701739002857,-0.7653554603419075,,-1.355928081920347
2021-10-28,373104,9409,6,5,0,2,0,0,0,0.9993208636708989,-2.7382140840155924,,-1.1251942940997535
2021-10-29,356073,9025,12,5,0,1,0,0,0,0.20303965543428196,-0.09746217487267161,,0.18152947697484265
2021-10-30,223957,7201,9,2,0,0,0,0,0,0.2867918192205953,-2.287372463878855,,-1.0271786253824526
2021-10-31,213130,6454,5,88,0,0,0,0,0,-6.852868163325144,-1.7507307982934626,,-1.3282315253061459
2021-11-01,318684,9396,3,49,2,0,1,0,0,-0.415687739361558,-4.87682912874646,-2.42914979757085,-1.0179445046690305
2021-11-02,362527,10711,7,14,0,0,0,0,0,-3.3178923301865884,-3.034329552453726,,-1.2952527687530313
2021-11-03,374841,10768,8,9,3,1,4,0,3,-0.6145725583487539,-3.035251673377859,0.5748945147679335,-1.1420982675352123
2021-11-04,359909,11019,4,3,0,8,0,0,0,-2.13878203951645,-2.3436392484011517,,-1.1407930641354804
2021-11-05,347138,11006,3,1,0,0,3,0,0,0.6452146579535113,-2.37529691211401,0.6452146579535113,-1.1790814888937835
2021-11-06,225018,9031,0,2,0,0,0,0,0,,-1.9264061688860894,,-1.3965828112309024
2021-11-07,199195,7569,22,1,6,1,7,0,0,-2.095625584509894,-0.437226733291692,-0.6739156354772101,-1.2997085658757597
2021-11-08,333212,10208,11,11,1,0,2,0,0,-3.41471907576884,-2.9566889135070547,-1.17428072433128,-1.1473879735809265
2021-11-09,365902,10784,6,11,3,0,0,0,0,-2.6700350578797156,-6.96649345452273,,-1.212881909947755
2021-11-10,368172,10346,7,1,0,1,1,0,0,-0.4837472995863854,-1.16375727348296,-0.921052631578947,-1.0314509142091288
2021-11-11,366951,10986,6,4,1,3,2,0,0,0.8509740805757386,-2.455597612619292,1.770234035352615,-1.0959975473513142
2021-11-12,354560,10844,2,4,0,0,0,0,0,1.2186884323107243,-1.000899450058193,,-1.002898587020348
2021-11-13,220922,7927,2,4,1,0,0,0,0,4.257246376811595,-1.6024935942207823,,-1.506639715721759
2021-11-14,199834,7025,3,2,1,0,1,0,0,-1.8167785752874899,-1.73642216659271,0.0,-1.4551528172016543
2021-11-15,341166,10493,0,12,3,1,0,0,1,,-2.6502239704454698,,-1.4130256266784795
2021-11-16,369098,11037,7,6,3,1,3,0,2,-2.3092017162983294,-2.106956539262035,-3.4630932463186763,-1.4072835360425926
2021-11-17,369230,10705,1,2,1,0,0,0,0,-0.20703933747412,0.1160990712074305,,-1.5348556775037998
2021-11-18,370039,10631,0,8,0,1,0,0,0,,-0.5200701593399155,,-1.3987109361271977
2021-11-19,354418,10284,2,6,0,2,0,0,0,-0.31943582489549494,-1.4784019057571367,,-1.3365803537739478
2021-11-20,222758,8144,3,7,0,6,0,0,0,-3.1037976914265553,-2.223421405410762,,-1.3537535875779656
2021-11-21,198691,7465,5,2,1,0,0,0,0,-0.9858775623636855,-0.715488215488215,,-1.124859452830768
2021-11-22,338398,10848,1,7,0,1,0,0,0,1.52905198776758,-2.5284263578997357,,-1.3384605757899084
2021-11-23,361571,11048,2,2,1,1,0,0,0,-0.5349775491086546,0.6766752826924725,,-1.398519764868545
2021-11-24,365867,11174,1,2,0,0,0,0,0,-9.05660377358491,0.127307447485678,,-1.0824700061216228
2021-11-25,330814,10890,2,5,0,2,0,0,0,-0.68129544873731,1.9838243214276603,,-1.2897943712828865
2021-11-26,316226,10648,0,7,0,1,0,0,0,,0.4673910310194763,,-1.324149755727088
2021-11-27,214582,8023,1,3,0,0,0,0,0,-2.18579234972678,0.8016469399498706,,-1.5681488858876182
2021-11-28,201835,7684,5,4,0,0,0,0,0,-0.29874763826308776,-3.3288713464273454,,-1.710415668843956
2021-11-29,337644,10675,1,4,0,1,0,0,0,-2.0979020979021,-2.0780115221351223,,-1.9094597932350186
2021-11-30,367689,11228,11,4,0,2,1,0,0,-2.1757834028765437,-2.0487068974983123,3.23450134770889,-1.859830014902301
2021-12-01,353852,10211,2,4,0,0,0,0,0,-6.74157303370786,-1.3066804810841126,,-1.367573028177
2021-12-02,371201,10858,1,7,0,1,0,0,0,-0.81171695782601,-1.5693583009897565,,-1.219410351842483
2021-12-03,349231,9936,0,4,0,0,0,0,0,,-1.8832684308126115,,-1.3354832780528416
2021-12-04,222157,7944,2,3,1,1,0,0,0,-0.1356404630817845,-2.5837914180183934,,-1.4450445665605633
2021-12-05,200626,7024,0,4,2,2,0,0,0,,-2.253139999842133,,-1.4266303283524293
2021-12-06,330846,10529,2,8,2,1,0,0,0,-0.137531617142992,-0.736163831795444,,-1.1583889705619619
2021-12-07,357290,10173,3,3,0,1,0,0,0,-0.5879634370285417,-1.4394076095741821,,-1.5339249120667597
2021-12-08,360215,10339,1,7,0,1,0,0,0,1.17130307467057,-4.376192452597328,,-1.4116905385405685
2021-12-09,364589,10525,39,3,1,1,0,0,0,-1.0455603112759402,-3.6089673072295403,,-1.2039213759547744
2021-12-10,351732,10584,74,4,1,0,0,0,0,-2.254757965015347,-4.0767658593423475,,-1.7036612559708892
2021-12-11,227564,7720,11,4,0,1,0,0,0,-1.5886375070417085,-2.81285464828997,,-1.5292124570967693
2021-12-12,202611,7230,9,3,0,1,4,0,0,-0.7763124647823166,-1.2490834188651778,0.15522298510341648,-1.20091529779196
2021-12-13,330135,9509,2,1,1,0,1,0,0,0.28817587641117004,-0.224719101123595,-0.53475935828877,-1.6207760084752412
2021-12-14,363559,10594,4,9,1,0,1,0,0,0.08962871057187888,0.5064622847345278,-3.4324942791762,-1.6118159629135862
2021-12-15,371889,10436,3,4,1,1,2,0,0,-1.5271399926572364,-1.238141883411058,-3.9270736253494896,-1.4293059932631114
2021-12-16,365232,10411,5,19,6,0,3,0,3,4.213409115991611,0.15818081626728497,7.854341736694677,-1.2127830279504876
2021-12-17,353960,9779,5,7,4,2,0,0,0,-0.4027223051194325,-1.4750992556022147,,-1.501632100496624
2021-12-18,217559,7502,1,4,1,0,0,0,0,0.614754098360656,-6.1062281473752975,,-1.1394237128530575
2021-12-19,201713,7388,3,1,0,0,0,0,0,-0.8240762764841998,-3.44287949921753,,-0.8184413149248803
2021-12-20,324227,10229,3,1,5,0,0,0,0,-0.0027002448910233845,-2.19341974077767,,-1.2551807940354245
2021-12-21,354530,10702,10,6,2,1,1,0,0,-0.10577604922684089,-1.7219960327609884,0.75187969924812,-1.0294053072810236
2021-12-22,341279,10047,4,5,1,2,0,0,0,0.4931804717721453,-3.209362863688396,,-1.0341045857002003
2021-12-23,332378,10326,5,11,1,2,0,0,0,0.19198722933581142,-3.22511005023438,,-1.0556659117242386
2021-12-24,266804,9831,6,5,2,0,0,0,0,1.095098747216005,-1.342819254329763,,-1.1333818923728751
2021-12-25,168992,7432,1,0,0,0,0,0,0,-3.58974358974359,,,-1.2138648512003936
2021-12-26,177425,6925,6,3,0,0,0,0,0,-4.008950375798204,0.20596955712407164,,-1.4954418112319499
2021-12-27,272566,8655,0,4,0,0,0,0,0,,-0.4997191691359133,,-1.4619594088038073
2021-12-28,295194,9589,0,4,0,0,0,0,0,,-1.6329682461204524,,-1.4852239562537748
2021-12-29,306824,9567,2,4,1,1,0,0,0,-0.46580077690504496,-1.9872691505067286,,-1.489568664100075
2021-12-30,302224,8961,3,1,1,1,0,0,0,1.4226156129468897,-2.35988200589971,,-1.6529639147566095
2021-12-31,253284,8886,1,0,0,0,0,0,0,-1.6304347826087,,,-0.8040273452257566
2022-01-01,176322,6010,1,5,0,0,0,0,0,-3.60482911069546,-0.6727065790261847,,-1.5463261610975036
2022-01-02,182206,5799,2,10,0,0,0,0,0,0.7366010391030899,0.3722291573121108,,-1.8588199997865953
2022-01-03,269737,8883,1,101,1,0,0,0,0,4.16666666666667,-4.589216699204972,,-1.3696173240393643
2022-01-04,324031,9426,0,27,0,0,0,0,0,,-3.8250335779752294,,-1.6131820910961614
2022-01-05,339841,9929,0,9,0,0,0,0,0,,-4.3307847715538585,,-1.708239284764826
2022-01-06,326876,9536,3,10,0,2,0,0,0,0.06616336507243137,-2.8218624440110163,,-1.6020055846832637
2022-01-07,317853,9136,1,9,1,0,0,0,0,-4.46927374301676,-1.8765009349484503,,-1.3852708970493113
2022-01-08,212898,7357,0,9,0,0,0,1,0,,-0.21775117670456082,,-1.828047051091614
2022-01-09,194014,6523,3,3,0,0,2,0,0,-0.2564930361540533,-0.7418047480949994,0.1985937791022554,-1.4934337024477005
2022-01-10,321869,9238,0,5,0,1,0,0,0,,-1.3556005775695879,,-1.4733051542706819
2022-01-11,345668,9515,0,11,0,0,0,0,0,,0.20558999892721702,,-2.122447714921975
2022-01-12,361235,10049,5,5,1,0,0,0,0,-2.381863243982186,-3.62163662789255,,-1.6471228764868717
2022-01-13,365380,10056,4,7,0,0,0,0,0,-3.23378458325689,-3.3996526512386644,,-1.3539482596791945
2022-01-14,341723,9389,1,4,1,1,0,0,0,0.33112582781457,-0.8630750084052601,,-1.2584369838866047
2022-01-15,216004,6451,3,3,0,1,0,0,0,-5.4142478490362596,0.11109318397108123,,-1.3691417399118337
2022-01-16,198576,6721,6,2,0,1,0,0,0,-0.4499480701013447,3.97196261682243,,-1.3387191085847727
2022-01-17,302648,8978,3,22,1,0,1,0,1,-2.18525762018712,-6.000394472699028,-3.03030303030303,-1.4155444068613525
2022-01-18,346539,10128,3,17,0,2,0,0,0,-3.21617145317864,-5.3868034936025095,,-1.096502785939618
2022-01-19,371104,10941,1,8,0,0,0,0,0,1.05798575788403,-3.24735724773779,,-0.9345764616771093
2022-01-20,362028,10049,0,10,0,0,0,0,0,,-1.4088399917246857,,-1.3024576828051404
2022-01-21,343064,8802,0,5,0,0,0,0,0,,-2.064819391215908,,-0.9327885661357329
2022-01-22,220280,6372,3,3,0,0,0,0,0,-5.241322438496813,-3.2938076416337263,,-1.2381187902788093
2022-01-23,196464,7253,2,7,0,0,0,0,0,-4.725554343874955,-3.6844716487478024,,-0.9143842835691518
2022-01-24,331739,9659,5,5,4,0,1,0,1,-2.2958131391093395,-1.7740977323524794,3.18302387267904,-1.044563956869657
2022-01-25,358278,9397,7,3,0,0,0,0,0,-1.8881843985946358,-4.119168001146002,,-0.6458303180598265
2022-01-26,356428,9356,0,2,0,0,0,0,0,,-2.5517159574865684,,-1.1134146045569113
2022-01-27,358369,8944,2,7,0,1,0,0,0,-2.58723153868785,-5.008023558951375,,-1.0793397103496927
2022-01-28,338006,8514,1,4,0,0,0,0,0,-2.22739361702128,-1.78378556359431,,-1.1474305886636444
2022-01-29,223453,6590,0,5,0,1,0,0,0,,-3.7640414748790203,,-1.2229913893746565
2022-01-30,196105,6357,1,2,1,1,1,0,0,0.134770889487871,-4.002425712553065,0.134770889487871,-1.1576764503556063
2022-01-31,306618,8786,4,1,0,4,0,0,0,-1.6722228882408567,-0.25706940874036,,-1.234955630160734
2022-02-01,338103,9093,0,22,0,2,0,0,0,,-0.5842581622476782,,-1.231997005377384
2022-02-02,342779,9005,4,14,3,0,0,0,0,2.0249991888647374,-4.632735628765103,,-1.1135635586571182
2022-02-03,344197,9767,1,6,1,0,0,0,0,-3.7037037037037,-3.3509950699227504,,-1.0118448026967564
2022-02-04,323558,8787,2,0,2,0,0,0,0,-6.31578947368421,,,-1.506049324897885
2022-02-05,217207,7497,1,2,1,1,1,1,0,0.75075075075075,-0.45240722012809975,0.75075075075075,-1.0587413560069834
2022-02-06,194747,6870,4,5,2,0,0,0,0,-2.217070892499275,-1.3928537762048079,,-1.284460876112232
2022-02-07,314005,8672,8,17,1,0,2,0,0,-4.341391770459474,0.6664418930366864,-12.2358121330724,-1.5567338225794607
2022-02-08,350584,8928,4,8,0,0,1,0,0,-3.42782305559395,-0.07093412114783831,-9.82839313572543,-1.6525805497593016
2022-02-09,364218,10012,9,6,5,1,6,0,5,-4.551548755098377,-0.015297799255980182,-5.860054700000969,-1.6036510535669222
2022-02-10,363409,9229,3,4,0,0,0,0,0,-3.3631308503512236,-0.6577850129453062,,-1.2573705735993048
2022-02-11,342207,9128,0,9,0,0,0,0,0,,-0.09493796707492616,,-1.6354813080724406
2022-02-12,219354,7024,11,1,0,0,5,0,0,1.0347067744378544,2.58064516129032,3.421080266879842,-1.0813368550175566
2022-02-13,192218,6103,2,1,0,0,1,0,0,0.1672613737734152,4.30622009569378,2.96610169491525,-1.2129658191076549
2022-02-14,319478,8823,1,8,1,0,0,0,0,-1.21827411167513,-1.116551017732934,,-1.0642202597328403
2022-02-15,349553,9428,1,8,0,1,0,0,0,2.28136882129278,-1.0459452293614186,,-1.512359395957578
2022-02-16,357077,9221,0,7,0,0,0,0,0,,-1.107087075813048,,-1.5595557675080947
2022-02-17,350235,8438,0,6,0,0,0,0,0,,-0.6750152086838599,,-1.3393008175011716
2022-02-18,338909,8898,2,2,1,1,0,0,1,-4.497704315886132,-2.4277022934577253,,-1.5620778034628662
2022-02-19,216298,6358,0,1,0,0,0,0,0,,-3.75275938189845,,-1.740106765859401
2022-02-20,193294,6164,3,2,1,0,0,0,0,-2.54047759542471,-4.616095878231805,,-1.5678630484270877
2022-02-21,306057,8785,1,37,2,1,0,0,0,-2.83018867924528,-3.7599164822850923,,-1.6695499996611465
2022-02-22,349832,9159,5,21,0,0,2,0,0,-1.4180093103847728,-1.287852959239286,-1.010712622263622,-1.575451252968662
2022-02-23,357227,9326,6,11,0,0,0,0,0,-2.665951884138157,-2.176804564924926,,-1.5300919353805664
2022-02-24,356371,8916,1,6,0,0,0,0,0,-4.16666666666667,-1.2747104482189013,,-1.9155317111700794
2022-02-25,339089,8816,0,6,1,1,0,0,0,,-1.373230918332146,,-1.7655688632125814
2022-02-26,228733,7538,0,1,0,0,0,0,0,,-1.0498687664042,,-1.873863686069882
2022-02-27,207468,6287,0,18,0,0,0,0,0,,-1.3955933396417342,,-1.447601612137333
2022-02-28,323189,9668,0,19,0,3,0,0,0,,-2.3428480515372283,,-1.4464833937493005
2022-03-01,348884,10029,0,6,0,0,0,0,0,,-1.4651381669501828,,-1.621586252911713
2022-03-02,355066,9808,0,2,1,0,0,0,0,,1.7255671031703028,,-1.6235817320050294
2022-03-03,355901,9497,2,12,0,0,0,0,0,1.490825688073395,-0.4529662206644296,,-1.4563263477990753
2022-03-04,336934,9111,0,3,0,0,0,0,0,,0.48174351314127145,,-1.8902586402994386
2022-03-05,225776,6887,1,2,0,1,0,0,0,8.08823529411765,1.387678250737105,,-1.773851989822972
2022-03-06,200244,6041,4,62,0,0,0,0,0,-0.7453573006000324,-1.1258553282537138,,-1.6967418823759817
2022-03-07,303161,9132,1,11,3,1,0,0,3,0.759144237405107,-0.8795106903919413,,-1.270239087041546
2022-03-08,348026,10279,1,20,0,1,0,0,0,-1.8688164162697,1.4278640245728718,,-1.0086624872822563
2022-03-09,346136,9521,3,8,0,0,0,0,0,-1.1130989935322169,2.1843491175999312,,-1.2243826975390413
2022-03-10,357096,9607,2,6,0,2,0,0,0,-1.4386096994792663,-0.38363860035324066,,-1.3317513038097046
2022-03-11,340990,9587,2,3,0,2,0,0,0,-0.8938587275867584,-0.9296819283982298,,-1.1285160553466804
2022-03-12,222809,7417,0,5,0,0,0,0,0,,-2.317288502646295,,-1.1747244334386413
2022-03-13,199947,6572,4,5,1,0,0,0,0,1.2115650883963571,2.512076243834201,,-1.04270283047233
2022-03-14,321255,9495,3,6,0,0,0,0,0,-2.7892250698063887,-1.1341612119122602,,-0.7146190048755311
2022-03-15,355253,9418,5,3,1,0,0,0,0,-0.23467153349897094,-4.34620724397824,,-1.3548806062787662
2022-03-16,352788,9725,5,2,1,0,0,0,0,1.9588773767082603,-1.898939893989397,,-1.426055025538511
2022-03-17,352698,9616,2,3,0,0,0,0,0,-2.7572723901978633,3.4205161740588235,,-0.9691573145521408
2022-03-18,318189,8497,2,2,0,2,1,0,0,-1.642298672774778,-2.208241676452591,-4.26179604261796,-1.1452869528241367
2022-03-19,211940,6990,1,3,1,0,0,0,0,3.26633165829146,-0.9158575089158366,,-1.4655052179284658
2022-03-20,194075,6294,1,3,1,0,0,0,0,-1.27840909090909,-3.2613568778915054,,-1.2820642717975983
2022-03-21,316544,9168,0,4,0,0,0,0,0,,-0.8594513664443337,,-1.1585760785232715
2022-03-22,344727,9059,15,5,21,1,1,0,0,-2.1398976147540654,-1.2149015628826558,-2.11267605633803,-1.7340535364615377
2022-03-23,347813,9092,2,21,1,0,0,0,0,3.9387842718005253,-6.393113998744965,,-1.4463894963547272
2022-03-24,348279,8754,0,13,0,1,0,0,0,,-6.651321971206385,,-1.4111629886278583
2022-03-25,322131,8406,17,13,0,0,0,0,0,-2.030124539292001,-3.100781010369838,,-1.5994960808088658
2022-03-26,213413,7112,3,1,0,0,0,0,0,-0.26172686848068194,-3.6144578313253,,-1.1346383168909862
2022-03-27,195288,6291,1,2,0,4,0,0,0,-0.853242320819113,-2.25267127278365,,-1.2500343000070044
2022-03-28,323823,8918,3,3,0,1,0,0,0,-0.8053970563491932,-3.304686849879867,,-1.3740178877430684
2022-03-29,354907,9838,0,3,0,3,0,0,0,,-2.713625378917997,,-1.1781556410436047
2022-03-30,347356,9707,1,4,0,1,0,0,0,-5.23690773067332,-2.0770290122085697,,-1.2597857967164212
2022-03-31,358241,9672,4,4,2,0,0,0,0,-1.518013769204023,-2.5750487418829024,,-1.2084564730855418
2022-04-01,335382,10326,2,2,1,1,0,0,0,-2.3771767188701647,-0.119047619047619,,-0.9023353671629463
2022-04-02,220418,7382,1,0,0,0,0,0,0,-7.35895339329518,,,-0.8314870529540643
2022-04-03,201521,6468,2,1,0,0,0,0,0,-0.96922273709021,0.155642023346304,,-1.6821260521936223
2022-04-04,315142,8298,0,5,0,0,0,0,0,,-2.176741559724344,,-1.5783044108189015
2022-04-05,330445,7941,2,3,0,0,0,0,0,-3.54682146935668,-0.07214936378921233,,-1.7178553107610228
2022-04-06,348254,8280,0,2,0,0,0,0,0,,1.767462133594857,,-0.9607608573023302
2022-04-07,346912,8392,0,3,0,0,0,0,0,,-3.558904539616208,,-1.33912364667125
2022-04-08,334397,8693,0,6,0,3,0,0,0,,-2.5447083970872457,,-1.3523619470413153
2022-04-09,216785,6971,27,21,0,0,0,0,0,-2.495684871169347,-4.634575209136264,,-0.9776449493912822
2022-04-10,195657,6391,21,2,0,0,0,0,0,-2.9217841496488375,-2.1403508771929802,,-0.4399799760002742
2022-04-11,310509,8544,0,4,0,0,0,0,0,,0.2626126681853742,,-1.2996227420574478
2022-04-12,339626,8639,3,8,0,1,0,0,0,1.8690485001092925,3.7391448643655365,,-1.6328577090246368
2022-04-13,333384,8674,0,24,0,2,0,0,0,,-2.933243992900957,,-1.5353242258240134
2022-04-14,329795,8584,0,8,1,0,0,0,0,,-3.1726784074858543,,-1.558810844497373
2022-04-15,276071,8135,0,4,0,1,0,0,0,,-1.6504574983241351,,-1.4093119887578942
2022-04-16,197532,6508,2,117,0,0,0,0,0,-1.157065223171084,-6.827310902993754,,-1.1134021654474555
2022-04-17,182632,6496,1,3,0,1,0,0,0,1.3215859030837,-5.54097295966265,,-1.4330178852239885
2022-04-18,271500,8719,6,3,4,0,5,0,4,-2.629739947329818,-3.900849944201169,-2.0701616210063074,-1.7973541701871056
2022-04-19,330849,9381,8,4,0,0,4,0,0,-4.638147934761348,-0.7913378668990297,-7.246112421133132,-1.8408869409529611
2022-04-20,342226,8679,1,1,1,0,0,0,0,0.0,-6.77966101694915,,-1.4698088820840352
2022-04-21,343319,9063,2,1,1,2,0,0,0,-4.0976929092805054,2.85087719298246,,-1.2611933964327469
2022-04-22,324801,9275,1,3,1,0,0,0,0,2.63157894736842,0.9859091629470369,,-1.099394427312883
2022-04-23,210234,6985,2,7,1,0,0,0,0,1.9902337485517552,-2.538870965608623,,-0.18384417292847413
2022-04-24,202946,6280,0,3,1,0,0,0,0,,-3.4896415331197965,,-1.0256597787446036
2022-04-25,303876,7633,0,2,0,2,0,0,0,,-2.28761714682402,,-1.4409873884502122
2022-04-26,343146,8272,0,3,0,0,0,0,0,,0.9634376306146051,,-1.7141626135715944
2022-04-27,350581,8568,2,3,0,0,0,0,0,-3.1106694820519154,-2.1810202767258633,,-0.9798509350543126
2022-04-28,349026,8254,4,1,0,0,0,0,0,-2.2259114534375075,-1.92043895747599,,-1.2858607718765473
2022-04-29,334515,8287,0,2,0,0,0,0,0,,-1.4373361223227163,,-1.0264309416360649
2022-04-30,211237,6753,0,5,0,0,0,0,0,,-1.5071563384712166,,-0.2983307059124267
2022-05-01,188456,5918,0,0,0,1,0,0,0,,,,-0.30735264893350134
2022-05-02,266557,5444,1,0,1,0,0,0,0,10.0591715976331,,,-0.5405132040657058
2022-05-03,306486,5214,1,2,1,0,0,0,0,10.1796407185629,-2.27786249442959,,-1.581050020049187
2022-05-04,319705,5376,1,1,0,0,0,0,0,0.294985250737463,-4.34012400354296,,-1.712320942749685
2022-05-05,328792,7601,3,0,0,0,0,0,0,1.0393730933558134,,,-1.6849555380199126
2022-05-06,321512,6802,1,0,0,0,0,0,0,3.28407224958949,,,-1.5543982376244634
2022-05-07,209897,5793,2,0,1,0,0,0,0,3.23586744639376,,,-1.5865271159673198
2022-05-08,189856,6120,2,4,0,0,0,0,0,0.13198465260152292,-4.48192243509943,,-1.3659449444200384
2022-05-09,301889,7768,3,4,1,1,0,0,0,0.617077322306103,-1.4555338315432853,,-1.628924051885391
2022-05-10,335411,8118,1,3,0,0,0,0,0,-3.03951367781155,-5.880270151114243,,-1.4752983329758542
2022-05-11,344650,8365,1,4,0,1,0,0,0,3.04054054054054,-1.787615699992792,,-1.511511233299361
2022-05-12,342450,8582,2,7,0,1,0,0,0,-3.1733021077283396,-1.455816109584506,,-1.5234963375838237
2022-05-13,325196,8238,1,0,0,0,0,0,0,-4.58715596330275,,,-1.4214995068400051
2022-05-14,204376,6688,0,0,0,0,0,0,0,,,,-1.1892996489637577
2022-05-15,187187,5712,1,0,1,0,0,0,0,2.64550264550265,,,-1.1142628990160683
2022-05-16,310208,7627,1,4,1,2,0,0,0,2.6525198938992,0.49246653728796863,,-0.9078036211904962
2022-05-17,340853,8250,3,1,0,0,0,0,0,-0.3919047730117633,0.550584996558844,,-1.2531098521801716
2022-05-18,342687,8560,1,9,0,3,1,0,0,3.05555555555556,-0.791722678657313,3.05555555555556,-0.9794417229141085
2022-05-19,334176,7234,0,3,0,0,0,0,0,,-1.775864314564004,,-0.40775051437334825
2022-05-20,322699,8095,1,2,1,0,0,0,0,2.63929618768328,-1.0599213723852694,,-0.7189464816985254
2022-05-21,203065,6055,1,2,1,0,0,0,0,2.67062314540059,0.07585593722656503,,-0.6538843620509497
2022-05-22,183533,5443,0,0,0,0,0,0,0,,,,-1.134529882715173
2022-05-23,309520,8337,2,0,0,0,0,0,0,2.375296912114015,,,-1.2355643095819262
2022-05-24,333954,8139,3,0,1,0,0,0,0,1.052436569774175,,,-1.5001078721017276
2022-05-25,343536,8302,3,3,1,1,0,0,0,-1.2170968566317402,-2.832573545373697,,-1.3744589646901295
2022-05-26,323608,7828,1,2,1,0,0,0,0,1.47058823529412,-0.0370372628395845,,-1.326228754576586
2022-05-27,310141,8390,1,3,1,0,0,0,0,1.0,0.18840717417527397,,-1.4218024162795908
2022-05-28,196603,6134,10,0,4,0,8,0,0,1.0585711353779463,,0.9666097321446219,-1.2988236780502918
2022-05-29,180336,5343,7,0,0,0,0,0,0,1.6591428939652313,,,-1.1682332121982828
2022-05-30,279851,8380,9,2,1,1,4,0,0,-1.0465183343498339,-3.851790800808325,-0.979042807588093,-1.694898511170468
2022-05-31,318704,8174,3,5,0,1,0,0,0,-2.7691440453909566,-2.278556383371836,,-1.924021293267624
2022-06-01,334150,8090,5,11,1,0,0,0,0,-1.8867128398793982,0.6133161171396724,,-1.4590713336211216
2022-06-02,322578,8133,7,5,1,1,0,0,0,-1.4921478877421364,-1.4935440506575701,,-1.4009561190313482
2022-06-03,289929,7369,4,2,1,5,0,0,0,-1.82210038346866,-0.1006882156532849,,-1.3438952498573558
2022-06-04,196997,6087,1,3,1,0,0,0,0,-3.3816425120773,-1.1755060178042467,,-1.4879454112655537
2022-06-05,175808,5698,1,1,0,2,0,0,0,0.0,0.346020761245674,,-1.4359116768291387
2022-06-06,289140,7713,3,1,2,1,2,0,1,-3.021704925816538,-5.02283105022831,-0.9841702919506121,-1.3140046959529876
2022-06-07,322255,8412,1,0,0,1,0,0,0,1.64756446991404,,,-1.516650027889321
2022-06-08,333623,8599,0,1,0,1,0,0,0,,0.293255131964809,,-1.446154916115562
2022-06-09,334696,8215,1,1,1,0,0,0,0,-5.16304347826087,-2.96523517382413,,-1.3745507509229349
2022-06-10,317367,7993,2,4,1,2,0,0,0,3.305991559311895,2.82930473353723,,-1.2271996220142039
2022-06-11,199262,6567,7,26,1,2,4,0,0,-3.0820803913787684,2.826150529816422,-4.7625602714447295,-1.7000380477859318
2022-06-12,182600,5869,0,8,1,1,0,0,0,,3.3381699444749486,,-2.10222621521204
2022-06-13,294546,7752,3,5,0,1,0,0,0,0.14350906147553905,-3.036256374802368,,-1.6385097043081351
2022-06-14,329028,8134,1,7,1,1,0,0,0,2.21238938053097,-1.2309119461485336,,-1.5496870564758767
2022-06-15,337623,7920,3,3,1,0,0,0,0,-1.5592507041512018,-0.3312292318513663,,-1.4774833634305065
2022-06-16,332616,8325,5,4,0,1,5,0,0,-7.195096536136262,-0.2918307975127585,-7.195096536136262,-1.1412204765157101
2022-06-17,320317,8125,0,0,0,0,0,0,0,,,,-1.2020260630647326
2022-06-18,196661,5310,0,1,0,1,0,0,0,,-3.34672021419009,,-1.0731504202369635
2022-06-19,185582,5403,1,10,0,0,0,0,0,-0.298507462686568,-1.0124928697021658,,-1.2656022134680274
2022-06-20,290595,8116,0,2,0,0,0,0,0,,-2.5651966512181543,,-1.762063918580086
2022-06-21,321009,7820,5,2,37,0,0,0,0,-4.5809359877410385,0.8086449834022646,,-1.5186120589475687
2022-06-22,331658,8132,3,2,3,1,0,0,0,-1.76388389827125,-0.6623859041649789,,-1.5346936000802227
2022-06-23,326185,7526,1,6,0,2,0,0,0,-0.916976456009913,-0.804640670664666,,-1.3832396077717015
2022-06-24,310965,7254,0,1,0,0,0,0,0,,3.40136054421769,,-1.5085127095644486
2022-06-25,199185,5887,1,0,2,0,0,0,0,0.788436268068331,,,-1.5223289868977585
2022-06-26,179577,5433,1,0,1,0,1,0,1,-0.0513874614594041,,-0.0513874614594041,-1.5383224419436683
2022-06-27,295493,7639,1,0,1,0,0,0,0,3.1201248049922,,,-1.5868523682881386
2022-06-28,325527,8452,3,1,1,0,0,0,0,1.0387479124741703,-3.60221674876847,,-1.8191872503623072
2022-06-29,327645,7209,0,2,0,1,0,0,0,,-4.288551039404283,,-1.3683531763161165
2022-06-30,338286,7358,1,0,0,0,0,0,0,11.0663983903421,,,-1.2267537479040256
2022-07-01,306788,8009,3,3,0,1,0,0,0,-4.36032933063521,0.46756978653530135,,-1.2704817693561936
2022-07-02,191453,5871,21,9,1,1,0,0,0,-5.498305997408617,-1.0269408180697595,,-1.4723311412205873
2022-07-03,173303,5544,4,2,0,0,0,0,0,-4.934748609341012,-1.6726043791133,,-1.559863667836005
2022-07-04,265866,7567,2,3,0,0,0,0,0,-3.7973502519126696,-0.8909132691216934,,-1.8488539455293478
2022-07-05,305334,8155,1,1,1,0,0,0,0,-0.573065902578797,0.238663484486874,,-2.103488481099427
2022-07-06,315295,7545,2,2,0,1,0,0,0,2.01238390092879,-1.3110212638514525,,-2.120353775507131
2022-07-07,323366,7773,2,0,1,0,0,0,0,-4.77673935617861,,,-1.9284936646153
2022-07-08,308097,7745,0,0,0,1,0,0,0,,,,-1.9292188811724036
2022-07-09,192384,5260,0,0,0,0,0,0,0,,,,-2.9152816017447245
2022-07-10,168052,4617,0,1,0,0,0,0,0,,7.27272727272727,,-2.192691666225539
2022-07-11,281055,4715,2,0,0,0,0,0,0,-1.3299556681444,,,-2.3459334262559866
2022-07-12,309631,5229,0,0,0,4,0,0,0,,,,-2.2691438109352506
2022-07-13,321009,6558,1,0,0,0,0,0,0,-6.21761658031088,,,-2.2544245642178273
2022-07-14,318518,6808,0,3,0,2,0,0,0,,0.01105156449250333,,-2.0023941809789774
2022-07-15,303217,6861,0,1,0,0,0,0,0,,-5.94713656387665,,-1.9004397399671094
2022-07-16,192534,5682,15,119,0,0,11,0,0,1.2917464226532658,0.943044558435255,1.8493851124039091,-1.858405829205006
2022-07-17,175227,5429,4,10,0,0,3,0,0,2.24771706755031,0.8662595418773924,2.723732046351233,-2.6758488021708846
2022-07-18,288314,7291,0,4,0,0,0,0,0,,0.890255051904442,,-1.6766941945592628
2022-07-19,317036,7366,1,4,1,0,1,0,0,5.26315789473684,0.39975995565810807,5.26315789473684,-1.5619932275434643
2022-07-20,319010,7209,2,2,0,1,1,0,0,-0.488246934586008,1.2965641357420665,-0.719424460431656,-1.6037456365653995
2022-07-21,318453,6318,1,5,0,1,0,0,0,-1.91304347826087,0.6692746724085872,,-1.5565961993288213
2022-07-22,296637,6602,0,3,0,0,0,0,0,,-0.21937238615229487,,-1.2222339703932903
2022-07-23,185351,4718,4,0,0,0,0,0,0,-0.3433141903277356,,,-1.4754424532267525
2022-07-24,171097,4548,1,1,0,2,0,0,0,-5.61797752808989,-1.31979695431472,,-1.4900025062306264
2022-07-25,276623,6375,0,4,0,0,0,0,0,,1.040323882944365,,-1.6658106384975893
2022-07-26,312752,7252,0,1,0,0,0,0,0,,-3.9906103286385,,-1.4340448338350547
2022-07-27,313890,7111,12,4,0,0,0,0,0,-1.4375794400339617,-0.25124590047175777,,-1.4933991099240973
2022-07-28,315221,6926,1,1,0,1,0,0,0,-1.94384449244061,-1.20967741935484,,-1.7080709560622918
2022-07-29,294725,6937,5,4,1,0,0,0,0,-2.844570125266214,-1.1318877786198454,,-1.480063673968524
2022-07-30,187928,5656,4,2,1,1,0,0,0,-0.8155300718200718,-2.1903914767588644,,-1.6323695733611392
2022-07-31,168705,4831,1,1,0,0,0,0,0,-1.70906200317965,-4.63182897862233,,-1.5886652963184746
2022-08-01,280319,7001,4,2,1,0,0,0,0,-1.6124235900041775,0.772888272888273,,-1.3297294719227213
2022-08-02,299856,7074,12,1,1,0,0,0,0,0.3970473365014275,0.0,,-1.8246722690757742
2022-08-03,314090,7367,7,0,0,0,0,0,0,-2.222900103827385,,,-1.613407340830603
2022-08-04,312105,7450,1,0,0,0,0,0,0,-1.86666666666667,,,-1.7546091283504974
2022-08-05,295881,7292,1,0,0,1,0,0,0,-2.78481012658228,,,-1.6115245049463496
2022-08-06,188203,5934,2,0,0,0,0,0,0,-2.140503022143895,,,-1.9830981722972056
2022-08-07,168120,5199,1,1,0,0,0,0,0,0.0,-4.45682451253482,,-1.9069977673919087
2022-08-08,274936,7321,12,1,0,0,0,0,0,-0.31668439594522124,1.17647058823529,,-1.5892801740841678
2022-08-09,301906,7773,4,0,0,0,0,0,0,1.5724011448033417,,,-1.691092127237911
2022-08-10,307146,7723,5,4,0,0,0,0,0,-5.265116216284518,-1.7842255224465982,,-1.6842201246299435
2022-08-11,299437,7397,0,0,0,0,0,0,0,,,,-1.5296233211501684
2022-08-12,289335,7409,1,4,0,0,0,0,0,-6.71936758893281,0.5168475071185574,,-1.243477282875409
2022-08-13,182264,5498,5,2,0,0,5,0,0,-2.664285714513368,-0.9505712011262275,-2.664285714513368,-1.608101385714043
2022-08-14,164253,5336,3,4,0,0,0,0,0,-9.376153562200074,-2.2182832956667493,,-1.7237131451120615
2022-08-15,253971,6901,2,2,1,1,0,0,0,-9.342057433660486,-0.953371881221674,,-1.5238073568645019
2022-08-16,297133,7554,1,1,0,0,0,0,0,-1.38248847926267,-3.71517027863777,,-1.7760799004614274
2022-08-17,295322,7039,1,1,0,1,0,0,0,3.39506172839506,-0.282113974045515,,-1.5330793249137724
2022-08-18,299839,6526,2,3,0,2,0,0,0,-2.4521531100478446,-0.9210511377906261,,-1.5809829355517329
2022-08-19,277829,5926,0,1,0,0,0,0,0,,0.568181818181818,,-1.346735215436605
2022-08-20,181337,5449,2,1,0,0,0,0,0,-3.276334096315245,2.67496111975117,,-2.247624973416261
2022-08-21,166046,4934,0,1,0,0,0,0,0,,1.63398692810458,,-2.5288604743668386
2022-08-22,273308,6718,0,1,0,2,0,0,0,,1.77383592017738,,-1.998584111172113
2022-08-23,301581,6907,1,4,0,2,0,0,0,-4.15094339622642,-3.3654106437117624,,-1.465753518226797
2022-08-24,301566,6732,3,0,0,0,1,0,0,0.2881600808281677,,-0.436681222707424,-1.527854163637559
2022-08-25,304847,7007,5,0,0,1,0,0,0,-0.4217222521736715,,,-1.4931845201183642
2022-08-26,291620,6788,0,3,0,1,0,0,0,,0.4668627784107893,,-1.638959905912005
2022-08-27,182611,5060,1,4,0,1,0,0,0,-1.8359853121175,-0.5191205803613136,,-1.6468987929342647
2022-08-28,168732,4815,24,3,0,0,0,0,0,-3.0544901598139815,-0.9927124214052674,,-1.790642282877898
2022-08-29,272842,6225,1,1,0,2,0,0,0,2.08623087621697,-2.20713073005093,,-1.0692892194921235
2022-08-30,303346,5176,15,33,0,1,0,0,0,-2.029930484303452,-2.521027664065104,,-0.5315655376040281
2022-08-31,308667,6050,12,34,1,0,0,0,0,-2.4271473869044065,-2.579151804530835,,-1.1006296930623072
2022-09-01,309472,5840,4,2,5,0,0,0,0,-4.3144590737169315,-5.236794171220405,,-1.3346051215693524
2022-09-02,285559,5534,22,47,3,2,0,0,0,-0.6251686097552852,-4.784560634072257,,-1.4513529536214704
2022-09-03,182528,4174,9,22,0,0,0,0,0,-0.7575660047141707,-4.346201021819197,,-1.894809278717089
2022-09-04,167925,4142,30,5,0,0,0,0,0,-0.49250028276054714,-3.3579795312867855,,-1.5077232309740791
2022-09-05,256923,5650,14,5,7,2,0,0,0,-1.8407088956708844,-1.31555086192477,,-1.396248531972693
2022-09-06,297045,5828,4,3,2,1,0,0,0,-1.588206039932575,-3.639724699707055,,-1.3901997054644344
2022-09-07,307844,5543,6,5,1,0,0,0,0,0.9744785489369261,-0.13467891513488173,,-1.4939532368777897
2022-09-08,318893,5983,0,4,0,2,0,0,0,,-2.5637106905754763,,-1.2359021448339107
2022-09-09,296053,5601,1,0,0,1,0,0,0,-3.7542662116041,,,-1.1606682233147985
2022-09-10,188812,4059,1,1,0,0,0,0,0,-1.47058823529412,-1.5406162464986,,-1.6167253103355004
2022-09-11,168716,3891,1,0,0,0,0,0,0,-2.5462962962963,,,-1.5941499924712508
2022-09-12,272884,5582,3,2,2,2,0,0,0,2.2284473404403644,-3.0985701247338002,,-1.279805808687724
2022-09-13,310205,5373,1,2,0,0,0,0,0,-1.16618075801749,-1.7606587660864723,,-1.4377819019023954
2022-09-14,310035,5247,0,16,0,1,0,0,0,,0.7100014268259072,,-1.2504318107360217
2022-09-15,309704,5572,1,2,0,0,0,0,0,-2.45022970903522,-0.007993773640930124,,-1.3883982488246234
2022-09-16,289593,5407,6,20,0,2,0,0,0,-0.052880179578683295,-1.381850321233205,,-0.8626922508973376
2022-09-17,181683,4139,3,1,0,0,0,0,0,0.7374152052148467,-7.87589498806683,,-1.1299469046362922
2022-09-18,168258,3625,0,1,0,0,0,0,0,,-2.32558139534884,,-1.288503884715633
2022-09-19,274533,5424,1,1,0,0,0,0,0,-1.94805194805195,-1.47058823529412,,-1.2483735066538195
2022-09-20,302363,5928,0,2,0,0,0,0,0,,-0.7434157128909651,,-1.6483095521256863
2022-09-21,307640,5645,3,3,3,0,0,0,0,-0.254452926208651,-2.01660881608826,,-1.8423310537613296
2022-09-22,295229,5072,5,5,1,2,0,0,0,-0.2465808563340417,-4.445494682306904,,-1.5594276340961204
2022-09-23,287850,5644,4,1,1,2,0,0,0,0.6369871620475825,-5.15463917525773,,-1.3958833775717536
2022-09-24,186240,4178,2,2,0,0,0,0,0,-1.617259552042161,-1.1438270565398896,,-1.3951066076562024
2022-09-25,169405,3654,4,2,0,0,0,0,0,-2.5975871747265216,0.66079295154185,,-1.3575663970251133
2022-09-26,280770,5432,0,3,0,0,0,0,0,,-2.58661272826399,,-1.5411423460804048
2022-09-27,297847,5377,0,0,0,0,0,0,0,,,,-1.9642120094791633
2022-09-28,301157,5096,1,4,1,2,0,0,0,6.00858369098713,-0.8854444396160832,,-1.5324123857839889
2022-09-29,313620,5364,2,2,1,1,1,0,0,0.2103464142509699,-0.7591602245049249,-5.63991323210412,-1.5194118654745827
2022-09-30,292636,4998,0,0,0,1,0,0,0,,,,-1.308934076872894
2022-10-01,186851,4067,1,2,0,0,0,0,0,-1.07719928186715,-1.9558043985346452,,-1.1105895403443555
2022-10-02,166360,3600,1,0,0,0,0,0,0,1.98019801980198,,,-1.220574056726445
2022-10-03,272481,5158,3,7,0,0,0,0,0,1.3736127691241096,-2.7074780958909086,,-1.2185276382354706
2022-10-04,296725,5132,0,2,1,0,0,0,0,,-4.7729904467818205,,-1.165912500594215
2022-10-05,298542,4993,0,3,0,0,0,0,0,,-0.30466124771511993,,-0.9876824953180211
2022-10-06,296360,5374,0,3,0,1,0,0,0,,-0.99474123517748,,-1.1729492178086067
2022-10-07,279201,5024,4,5,0,1,0,0,0,0.7481754603602254,-2.660583665864724,,-1.2376882279953512
2022-10-08,186860,4058,6,0,0,1,0,0,0,-0.5800583338513613,,,-1.4136307851373209
2022-10-09,168698,3772,6,0,0,0,1,0,0,-1.8155134429845354,,-2.24089635854342,-1.439342847300975
2022-10-10,267480,5047,0,5,0,1,0,0,0,,-0.9817177481718018,,-1.7883553967587646
2022-10-11,302348,5528,2,5,0,1,0,0,0,0.4730903509807598,0.7821151790117193,,-1.5204129495282124
2022-10-12,307663,5320,0,6,0,0,0,0,0,,-3.0474201661268285,,-1.3906445024287797
2022-10-13,304307,5300,4,4,0,0,0,0,0,-0.8445185700873421,-0.12732528676414645,,-1.047412857967122
2022-10-14,277926,4787,2,0,1,3,0,0,0,1.8639598608022885,,,-1.252524971998875
2022-10-15,186218,3816,6,0,0,0,0,0,0,-3.1047405398657224,,,-2.4060526887793534
2022-10-16,168106,3413,1,0,0,0,0,0,0,-1.00671140939597,,,-2.0152626475973383
2022-10-17,285152,5366,1,4,0,1,0,0,0,-5.76923076923077,-3.377045699087543,,-1.696201192056536
2022-10-18,293855,5007,0,4,0,1,0,0,0,,-1.8006647037422876,,-1.7405829798548005
2022-10-19,310483,5562,5,4,1,0,0,0,0,0.13958499931650215,0.07141727190627001,,-1.440884421369005
2022-10-20,308763,5587,0,3,0,0,0,0,0,,-0.635064475209357,,-1.3518629410029528
2022-10-21,293156,5372,0,0,0,1,0,0,0,,,,-1.2975410754683445
2022-10-22,179243,4036,3,6,0,0,0,0,0,-0.06106223787058773,1.570135812624962,,-1.2122969966426627
2022-10-23,163132,3720,2,4,0,0,0,0,0,-3.1206232492997223,1.1131395928396275,,-1.280125433082755
2022-10-24,269540,5098,2,1,1,0,0,0,0,-1.21416395474973,-0.23121387283237,,-1.375834851377216
2022-10-25,299032,5639,4,3,1,0,1,0,0,-0.7337814863994847,-0.4635804398751132,0.78125,-1.268441486172808
2022-10-26,307233,5597,1,3,0,1,1,0,0,3.91304347826087,-2.693587971405227,3.91304347826087,-1.1700235290517556
2022-10-27,300956,5693,6,2,1,0,0,0,1,-0.8313712425280033,1.1721203270397726,,-1.1735792722663898
2022-10-28,288564,5668,1,0,0,4,0,0,0,0.921658986175115,,,-0.7414746255456709
2022-10-29,173789,4044,0,1,0,2,0,0,0,,-1.75438596491228,,0.11648589682103681
2022-10-30,161693,3745,0,1,0,3,0,0,0,,-3.20924261874198,,-1.245675506861396
2022-10-31,276264,5541,3,7,1,3,0,0,0,-1.326976644545533,-0.8890577876359371,,-1.1395187594922982
2022-11-01,284588,5834,1,4,5,0,0,0,0,8.85608856088561,-0.29813030962166504,,-1.1608994524110645
2022-11-02,290806,5681,1,3,1,0,0,0,0,1.6260162601626,-0.07269021620991664,,-0.9483375553491306
2022-11-03,299914,5897,0,1,0,0,0,0,0,,-3.66919044845661,,-1.1563468098384608
2022-11-04,279981,5527,1,0,0,0,0,0,0,1.9047619047619,,,-1.2853108068185257
2022-11-05,169144,3770,0,1,0,0,0,0,0,,-5.13513513513514,,-1.1500733247309785
2022-11-06,163823,3942,0,0,0,0,0,0,0,,,,-1.6295260615070741
2022-11-07,275261,5424,5,5,8,0,0,0,0,-2.894348894348892,-9.229365941250935,,-1.524226017986608
2022-11-08,301495,5653,5,5,0,1,0,0,0,2.281453703036606,-0.784347244648566,,-1.275631874323932
2022-11-09,316281,5885,1,4,0,0,0,0,0,3.38345864661654,-1.8386375652487148,,-1.2447636333182546
2022-11-10,286341,5228,2,3,1,0,0,0,0,4.217571370295855,-2.279144961897676,,-1.0133844113421553
2022-11-11,54239,441,1,0,0,0,0,0,0,-4.79041916167665,,,-1.9327927172578168
2022-11-12,187845,4398,3,0,0,0,0,0,0,-4.399667607677806,,,-1.3276508496412878
2022-11-13,169449,3968,6,0,2,0,0,0,0,0.26097177699990215,,,-2.056577846047347
2022-11-14,277117,5389,0,0,0,0,0,0,0,,,,-2.5564737997114175
2022-11-15,306128,5983,2,0,1,0,1,0,0,-6.315443146388976,,-4.5346062052506,-1.729543005500412
2022-11-16,307286,6049,4,1,0,0,0,0,0,-1.8851228019629407,5.3864168618267,,-1.8251545679621086
2022-11-17,312848,6038,2,4,0,0,0,0,0,-1.5025303590331522,-1.9369057285034033,,-1.5143648625737798
2022-11-18,294162,5606,2,0,0,0,0,0,0,-3.03430079155673,,,-1.7180166432859674
2022-11-19,184521,4116,2,2,0,0,0,0,0,-3.680871467105045,-4.120848462997776,,-1.4413663638167267
2022-11-20,165048,3925,2,3,0,1,0,0,0,-4.259975117746378,-0.22640650044435506,,-1.9508127748390052
2022-11-21,276539,5682,0,0,0,0,0,0,0,,,,-2.0757693758387363
2022-11-22,294665,5837,3,3,0,3,0,0,0,-2.513218056186453,-8.374760234420457,,-1.6954841384823605
2022-11-23,294726,6332,1,2,0,1,0,0,0,-0.209205020920502,-6.096463517029825,,-1.6600369653789153
2022-11-24,261352,5902,0,4,0,0,0,0,0,,-2.30553736795265,,-0.9622555307168861
2022-11-25,250736,5821,1,1,0,0,1,0,0,-2.74809160305343,-2.34986945169713,-2.74809160305343,-1.5631309367112276
2022-11-26,173525,4017,3,4,0,0,0,0,0,-1.0619285981677122,-1.5810675889117727,,-1.6524999422673914
2022-11-27,160828,3808,1,3,1,0,0,0,0,7.08812260536399,-3.337799007622889,,-1.394848529117515
2022-11-28,270808,5815,4,1,0,0,0,0,0,2.9191287649151128,-1.99430199430199,,-1.685642098971094
2022-11-29,294225,5791,3,3,0,1,0,0,0,2.0079847945316374,-3.8831567115121435,,-1.69726515410773
2022-11-30,304467,5996,6,3,0,0,0,0,0,-2.1756442098388087,0.29613881295318234,,-1.6351930670840074
2022-12-01,302706,5936,1,5,0,0,0,0,0,-5.41605120630231,0.554567946253794,,-1.4278346817482541
2022-12-02,284332,5821,6,7,0,0,1,0,0,-2.36641235319356,1.7820961837997142,1.94986072423398,-1.4614282213459486
2022-12-03,177132,4085,1,1,0,0,0,0,0,1.81664554288128,-1.93236714975845,,-1.124623175130426
2022-12-04,155406,3788,3,2,0,0,0,0,0,-2.6947984132491163,-0.928792569659445,,-1.2902779826594464
2022-12-05,270342,5823,12,2,0,1,0,0,0,-1.7806577537772257,-1.2397433216027527,,-1.5323883164084655
2022-12-06,294747,5820,0,1,4,1,0,0,0,,-2.0,,-1.3974284498221925
2022-12-07,305978,6154,6,2,19,1,4,0,3,-1.8641127758663116,-1.1288243169534364,-1.9007034632034625,-1.5082414802903183
2022-12-08,289891,5733,4,4,0,0,1,0,0,-1.4428270268474501,1.692803206703697,2.11193241816262,-1.3942644118209373
2022-12-09,281843,5697,0,20,0,2,0,0,0,,1.0485014241914392,,-1.4631935784664434
2022-12-10,180403,4383,1,5,0,1,0,0,0,-7.7720207253886,1.4209449856688259,,-1.3794535796538592
2022-12-11,157952,3944,6,0,0,0,0,0,0,-1.391515730919373,,,-1.5206020050625975
2022-12-12,267072,5633,3,20,0,1,2,0,0,1.952752138285592,-3.084557642910762,3.1474688187821,-1.3463287529573211
2022-12-13,296899,6333,2,14,1,0,1,0,0,3.57246609099834,-2.801810933147965,3.27169274537696,-1.4918494486166958
2022-12-14,301986,5925,2,8,3,1,1,0,0,-2.069216804316145,-2.529377325557213,-1.15830115830116,-1.5303342666819633
2022-12-15,302991,5962,1,5,1,0,0,0,0,0.417101147028154,1.5564613768649915,,-1.6310725585297947
2022-12-16,278502,5713,2,6,0,2,2,0,0,-7.23013174670633,-0.8754011347775381,-7.23013174670633,-1.703195230509943
2022-12-17,180592,4312,4,3,0,0,0,0,0,-1.468294473537235,-1.1835591744604144,,-1.4769264666838757
2022-12-18,156601,3801,6,2,0,0,0,0,0,0.39447764275076214,-2.23404255319149,,-1.5397112317668706
2022-12-19,259942,5692,1,1,0,1,0,0,0,-8.57142857142857,-2.01342281879195,,-1.4274794925817709
2022-12-20,285469,6330,6,7,0,1,0,0,0,-2.2862635575101855,-1.0782321340204901,,-1.1911086505080455
2022-12-21,286441,5740,1,3,2,0,1,0,0,1.78571428571429,-1.5171997245669644,1.78571428571429,-1.1460969487722803
2022-12-22,281278,5962,5,2,1,0,0,0,0,0.21097731750917015,-0.22900388225465518,,-1.155599340194842
2022-12-23,251067,5419,2,4,1,0,0,0,0,1.1920130048648727,-2.739106901082578,,-1.3167592662591334
2022-12-24,161978,3983,5,1,2,0,0,0,0,-3.540542673202948,-1.50453288754581,,-1.6031238861614563
2022-12-25,131521,3537,6,3,0,0,0,0,0,-5.073574536113249,-7.356118457813373,,-1.5642330244720508
2022-12-26,187188,5081,5,3,0,0,0,0,0,1.4088730661035052,1.47868253668367,,-1.490362345950087
2022-12-27,231407,5454,3,4,0,0,0,0,0,-1.647205915045585,-0.06311723769910493,,-1.3281947497515916
2022-12-28,246058,5318,2,1,0,1,0,0,0,-3.09753231492362,-1.85185185185185,,-1.3333466807767496
2022-12-29,241535,5443,6,1,13,0,0,0,0,-1.2766351172697126,-0.862068965517242,,-0.9234545485817707
2022-12-30,233418,4937,17,3,101,0,12,0,8,-1.028522138705141,0.4819828876527493,-1.1112283215649752,-1.0639899592489388
2022-12-31,169441,4173,26,2,34,0,2,0,1,-5.812685700613011,-0.47722288957050996,-2.13721264367816,-0.8278856347959628
2023-01-01,137900,3199,8,0,18,0,0,0,0,-3.9241763531745923,,,-1.072914462683802
2023-01-02,188826,5093,37,0,29,0,0,0,0,-2.954380184873163,,,-1.4788290332363236
2023-01-03,253305,5630,19,5,16,0,1,0,0,-2.079001718617269,1.2414117852663413,-0.277008310249307,-1.4567392051549373
2023-01-04,274430,5570,5,2,2,0,0,0,0,1.2486389210715383,-2.12290502793296,,-1.3652291736465372
2023-01-05,282047,5466,29,0,21,0,1,0,0,-0.24467358704957434,,3.68525896414343,-1.1351353041140118
2023-01-06,259117,5710,2,0,3,0,0,0,0,-2.451621419820055,,,-0.9982337287580046
2023-01-07,174769,4038,5,1,2,1,3,0,0,-4.41939673827548,-2.74914089347079,-3.3797269227426465,-1.7025103338558556
2023-01-08,161438,3671,15,1,2,0,0,0,0,-2.314135685887018,-0.884955752212389,,-1.2102419470066623
2023-01-09,274055,5741,47,5,1,0,0,0,0,-2.097484182469137,4.248069590031554,,-1.0970151584329275
2023-01-10,297994,5693,40,2,1,0,0,0,1,-1.5537009393850842,1.094890510948905,,-1.2494629795368895
2023-01-11,309261,5868,34,4,0,1,0,0,0,-2.3907676246331824,-0.3770064026483968,,-1.3542370337737788
2023-01-12,298917,5474,30,18,2,0,0,0,2,-1.9129361704057983,0.6414422195275382,,-1.319273033875506
2023-01-13,295845,5985,41,12,4,0,1,0,4,-1.7016751143905384,0.8692170277183145,2.96296296296296,-1.348455576829848
2023-01-14,184869,4102,24,3,1,0,0,0,1,-2.292767662185553,0.6757848823740467,,-0.9827536606683114
2023-01-15,160421,3517,10,5,0,0,0,0,0,-3.109466659612316,-2.435483892819804,,-1.14350489787001
2023-01-16,258471,5359,34,4,0,0,0,0,0,-2.5641268731054088,-0.6400168500237111,,-1.19436716288927
2023-01-17,298779,5877,53,1,1,0,0,0,0,-2.252151954702506,-1.63551401869159,,-1.3828304542996248
2023-01-18,308559,6090,40,3,1,0,0,0,0,-2.2053477328351594,-0.011544642830013219,,-1.1363091377063905
2023-01-19,307528,5864,41,1,0,0,0,0,0,-2.214602262573114,-0.269723533378288,,-1.032332498952601
2023-01-20,291026,5541,30,12,0,0,0,0,0,-2.1998724628690236,-1.1442419629808054,,-0.7581660541868287
2023-01-21,187286,4230,23,6,0,1,0,0,0,-1.9923673958035648,-0.8248789017277833,,-1.1529371398348094
2023-01-22,169379,3622,22,4,0,0,0,0,0,-2.8242837657302076,-0.5335269896988142,,-1.139313153693692
2023-01-23,263598,5231,31,3,5,0,0,0,0,-1.7133560287197744,-0.478312537136067,,-1.4255579214588268
2023-01-24,292404,5675,36,7,1,2,0,0,0,-2.1961561136720764,-1.1820642665216214,,-1.390514065265471
2023-01-25,292867,5156,39,5,1,1,0,0,0,-1.8978085594667156,0.392351540930871,,-1.0876346904494565
2023-01-26,293728,5291,14,3,0,0,0,0,0,-2.8726254815292736,-0.3526471256532603,,-0.9006467270014685
2023-01-27,278231,5401,19,11,0,1,0,0,0,-2.6125515709334226,-0.5813173585521517,,-1.5269645627243749
2023-01-28,184904,3931,22,3,0,0,0,0,0,-2.9178126136127998,-0.05235093072476134,,-1.4069023692961313
2023-01-29,169735,3329,19,7,0,0,0,0,0,-2.21321005415633,-0.9563999539516616,,-1.2914806804469556
2023-01-30,278046,5219,32,4,0,1,0,0,0,-2.930776775047298,-1.2685396584340125,,-1.22022542323021
2023-01-31,311029,5339,24,5,1,0,0,0,0,-2.9241409348358327,-1.3970098853071051,,-1.260481406911698
2023-02-01,320539,5488,22,8,1,0,0,0,0,-2.67420007138748,-1.8790039379305226,,-1.0510484028733895
2023-02-02,312203,5479,22,2,1,1,1,0,1,-2.1551838104325447,-2.2017973856209148,-2.34986945169713,-1.1317465516866574
2023-02-03,295041,5599,31,1,0,2,1,0,0,-2.2591727618887827,-2.63157894736842,-6.93512304250559,-0.7664291499650203
2023-02-04,181667,3916,11,3,0,0,0,0,0,-2.5017646099740136,-3.3875005389666533,,-1.3354722111414687
2023-02-05,163847,3662,12,1,0,0,1,0,0,-3.1507146649326288,-4.49077786688051,-16.8316831683168,-0.8010014641100662
2023-02-06,281667,5995,28,5,2,1,0,0,0,-2.4386506536989248,-2.3911706434826154,,-1.5853875052069615
2023-02-07,301556,5587,18,13,0,0,0,0,0,-3.296887071760468,-3.3113453896543157,,-0.9781380739228127
2023-02-08,310705,6006,28,2,0,0,0,0,0,-3.0620163670868514,0.8516214474109971,,-0.83967138809358
2023-02-09,310604,5981,24,3,0,0,0,0,0,-3.839588286291785,-1.3216879775249175,,-0.8754310494228503
2023-02-10,294394,5634,24,2,0,0,0,1,0,-2.269496046002221,-0.384245917387128,,-1.0166663985788555
2023-02-11,182195,4514,14,12,0,0,0,0,0,-1.9493840733753984,-1.7741194159252243,,-1.158901083156804
2023-02-12,161041,3805,9,8,0,0,0,0,0,-2.145131164830853,-1.6401999413289832,,-1.190449105418213
2023-02-13,277633,5182,22,6,0,1,0,0,0,-0.903438926047307,-0.7957167948757016,,-1.3995987144617035
2023-02-14,304516,4975,23,2,1,2,1,0,1,-3.177083485777606,-0.10282685512367506,1.71306209850107,-1.2365511999029843
2023-02-15,301522,4887,16,0,0,0,0,0,0,-2.061985440710096,,,-1.318342297304963
2023-02-16,294402,4718,22,3,0,0,0,0,0,-3.0746582210428755,1.9829450488206453,,-1.0480486310566741
2023-02-17,293952,4884,22,6,0,2,0,0,0,-2.331007473564012,-1.4581379846520113,,-1.1965652008504464
2023-02-18,183079,3704,16,8,0,0,1,0,0,-2.376948408150672,-0.7241924224797681,2.93501048218029,-1.4710830941277004
2023-02-19,165418,3343,25,10,0,0,0,0,0,-3.4277086913472514,-1.4900987160281756,,-1.7759065941888528
2023-02-20,260184,4931,25,8,1,1,0,0,0,-5.064526396663435,-1.9684443510052094,,-1.7487392781092244
2023-02-21,285888,4694,23,19,0,0,0,0,0,-3.4169789116460256,-2.7947344164404258,,-2.169336723878337
2023-02-22,304280,5398,11,7,1,0,0,0,0,-2.162136354096941,-1.9825149897300876,,-1.8433120210234557
2023-02-23,296596,5355,19,8,0,0,0,0,0,-1.9351733077986153,-0.8428648695977823,,-1.7805175962465085
2023-02-24,286787,5371,16,6,0,0,0,0,0,-0.7442730632117855,0.033403711909247014,,-1.5562895041646942
2023-02-25,184652,4083,12,4,0,0,0,0,0,-1.5911219909283343,-2.0855037492803348,,-1.884952603736221
2023-02-26,158589,3312,10,0,0,0,0,0,0,-2.9979777330209334,,,-1.7940371634085042
2023-02-27,266558,4999,1,0,0,0,0,0,0,-4.60176991150442,,,-1.677844627500402
2023-02-28,302781,5534,17,2,0,0,0,0,0,-2.3574364210003913,-1.8173215975433399,,-1.4328033448676547
2023-03-01,309170,5816,14,6,1,0,0,0,0,-2.97480500959653,-1.5018298845164482,,-1.621093787629537
2023-03-02,299210,5459,10,8,0,0,0,0,0,-1.6258110608258562,-1.0977623201055018,,-1.2960017022631323
2023-03-03,292503,5536,11,9,0,0,0,0,0,-2.036930955028606,-1.5466086487095052,,-0.994816350027055
2023-03-04,183532,3876,6,9,0,1,0,0,0,-2.512502392905115,-0.14563041811156746,,-0.7618279991342987
2023-03-05,166457,3724,12,8,1,1,0,0,0,-0.9801962937428038,-1.378114124711353,,-1.0444528421645334
2023-03-06,279360,5346,12,13,6,1,0,0,0,-0.2985359294342116,-1.234188999491812,,-0.757664471314574
2023-03-07,305763,5474,26,10,6,0,0,0,0,-1.01833737472993,-0.3713262088558355,,-1.1219938736923383
2023-03-08,298761,5479,19,8,1,2,0,0,0,0.29444351002571956,-1.4797173963694397,,-0.9101171778019369
2023-03-09,316344,5663,14,8,6,0,1,0,0,-0.3317795109930315,-1.9188160488907122,-3.35195530726257,-1.137828033242734
2023-03-10,298646,5227,18,2,0,1,0,0,0,-1.7411986895161975,1.0837245696400601,,-1.2522923363940408
2023-03-11,188632,4076,6,3,1,0,0,0,0,-0.9737857447221401,-2.360721846233503,,-1.1448988996805018
2023-03-12,172220,3716,16,2,0,0,0,0,0,-0.968388116704566,0.644631136245315,,-1.073628219299889
2023-03-13,286945,4794,18,14,0,1,0,0,0,-2.8308544287813557,-0.9528858701710604,,-0.9147218891947431
2023-03-14,299999,5661,14,1,0,0,0,0,0,-2.877221003559933,-2.68096514745308,,-0.8279928397284401
2023-03-15,306096,5949,8,1,0,1,0,0,0,-3.614793401640289,3.725782414307,,-1.2515424287288512
2023-03-16,311431,5879,16,2,2,0,0,0,0,-1.1766161349283406,-1.69762972453555,,-1.0312174674862975
2023-03-17,295436,6497,6,2,1,0,0,0,0,-1.4824182179922136,0.61855065666041,,-0.7922739762552458
2023-03-18,187192,4946,10,2,0,0,2,0,0,-0.02373528655648277,-2.0424684340492947,5.86750305997552,-0.8302180652250024
2023-03-19,172751,4249,4,3,0,0,0,0,0,-1.0716273641551863,-2.898994602330334,,-1.2516690470647232
2023-03-20,284045,6020,4,2,0,0,0,0,0,-4.587391585005406,0.07923057723486959,,-0.7010495983702837
2023-03-21,282540,5832,0,2,0,0,0,0,0,,-1.5793678420004458,,-0.630696931915238
2023-03-22,94233,1701,1,2,0,0,0,0,0,1.15183246073298,-3.74254049445865,,-0.3532431863309929
2023-03-23,242899,4733,1,1,0,2,0,0,0,4.96894409937888,-2.29166666666667,,-0.5422192023748471
2023-03-24,495829,13172,7,17,1,2,0,0,0,0.31226299329702156,-1.6605185846660602,,-0.46449288828858565
2023-03-25,317239,10415,5,7,0,0,4,0,0,-3.0013593302164843,-1.633683988023219,-3.4653821043016477,-0.80425217541706
2023-03-26,284309,10310,3,15,0,0,1,0,0,1.5569979602549164,-1.788510852865545,-0.33112582781457,-0.7106670011107985
2023-03-27,461451,13226,2,20,1,0,0,0,0,0.793190361341069,-1.491759262355305,,-1.124166077696664
2023-03-28,488397,13334,5,8,0,0,0,0,0,-0.4786827667574748,-0.3340518684069717,,-1.1084459232554336
2023-03-29,488695,13198,1,5,0,0,0,0,0,-0.31055900621118,-1.3653766397470772,,-0.6019969670191722
2023-03-30,483929,12796,2,5,0,0,0,0,0,-3.106654647595785,-1.0780757264495069,,-1.1020057813169035
2023-03-31,459672,11759,1,3,0,0,0,0,0,-1.97368421052632,-4.220016253667549,,-0.7336902942748795
2023-04-01,292667,9319,1,2,2,0,0,0,1,-0.495049504950495,-0.04014110054448983,,-0.7889667843136593
2023-04-02,269663,8702,3,3,0,0,3,0,0,-5.270809779536463,0.1292555198891845,-5.270809779536463,-0.8782143245565265
2023-04-03,446450,12267,2,9,0,0,1,0,0,-2.5124202361535977,-4.588804578159273,-5.67986230636833,-1.0331585411268376
2023-04-04,472072,14399,3,6,4,0,1,0,2,0.36784895202803264,-2.356950857621575,-0.811541929666366,-1.2085780700857371
2023-04-05,474224,13812,2,4,1,0,0,0,0,0.4657397310069076,-1.4607456705287976,,-1.0702425171717873
2023-04-06,457109,13849,2,4,8,0,1,0,8,3.697011062523715,-3.2145937633087596,2.97176820208024,-0.9710855349609153
2023-04-07,381370,13577,5,7,3,0,1,0,1,0.6145978329628499,-3.4496698454038826,-2.98913043478261,-0.7996417269753168
2023-04-08,267842,10733,26,288,1,0,14,0,0,-1.5473188185954523,-3.770966700847283,-1.5217066052163757,-1.0123515597321167
2023-04-09,243920,10278,11,43,1,2,5,0,0,-1.5897939012467663,-4.13642906824624,0.09536220586893185,-0.023140615995759034
2023-04-10,372872,13463,7,6,2,0,0,0,0,-0.26263982269995223,-2.9650660346280002,,-0.4203257545837085
2023-04-11,452678,13173,1,6,0,1,0,0,0,-1.87491255072058,-1.5238786729072602,,-0.9795140340457672
2023-04-12,472162,13969,0,10,0,0,0,0,0,,-2.4926002572924366,,-0.688940171594987
2023-04-13,467022,14293,3,8,0,3,0,0,0,-1.5826201383249154,-2.2762936260734206,,-0.5515568911790383
2023-04-14,428215,12971,9,1,0,3,0,0,0,-2.1892330145642376,2.4390243902439,,-0.678432808811492
2023-04-15,282407,11261,8,7,0,0,0,0,0,-2.6899402240342676,-0.3293225383504628,,-0.5465954493713411
2023-04-16,255341,10496,6,4,1,0,0,0,0,-2.3305616545151904,-4.157962199551672,,-0.7018054016904428
2023-04-17,410858,13454,6,5,9,1,2,0,7,0.8492270251287882,-2.8234009349302083,-1.06952211489578,-0.7997720038320895
2023-04-18,462421,14492,2,17,0,2,0,0,0,-3.8109064513202098,-2.429218089282374,,-0.4966138318914919
2023-04-19,467710,14142,5,23,39,0,1,0,1,-2.378280693908511,-1.3810651183813716,-6.33802816901408,-0.049411144917601256
2023-04-20,496959,13244,55,13,41,1,13,0,1,-3.757865055861804,-2.0801436610887887,-4.701552121300322,-0.34950270157829055
2023-04-21,468195,11349,28,15,13,0,1,0,0,-1.8509576020919494,-1.7038985029017355,-4.5662100456621,-0.2327919806369682
2023-04-22,286795,9962,5,15,1,0,0,0,0,-0.6488662791279819,-2.876921634398582,,-0.6016702700677041
2023-04-23,269772,10567,7,11,2,0,1,0,0,1.933329941709517,-2.370736301681919,2.60099612617598,-0.2892426161634913
2023-04-24,442711,12905,3,11,1,1,0,0,0,0.40367562781204347,-3.7103379748613436,,-0.5479165273508845
2023-04-25,481889,13403,4,7,3,0,2,0,0,0.520477211651425,-3.8084331577840187,-0.6092105931988,-0.745725382816094
2023-04-26,496807,14578,12,6,4,1,7,0,0,-0.8658725234274421,-0.9495689681747883,-2.099094231861331,-0.7288675883257003
2023-04-27,502245,13721,18,18,2,0,1,0,0,-1.4912007974398251,-1.841519531324808,-2.99003322259136,-0.680336490484218
2023-04-28,490103,14326,6,7,2,0,2,0,1,-3.356954386509673,-2.418924650722121,-1.3032524453000751,-0.7347925430487616
2023-04-29,305677,11302,6,4,4,1,1,0,4,-1.7181193568937352,-2.012407595508154,1.00502512562814,-0.4202035393544201
2023-04-30,281878,10310,15,4,5,0,2,0,4,0.6545822952534639,-1.5042200032811184,-0.3627208629455899,-0.6847641602099648
2023-05-01,367415,12320,5,8,4,2,0,0,0,1.6118914219987535,-2.6891874382814023,,-0.3013661046051772
2023-05-02,470965,13420,2,4,0,1,0,0,0,2.4078770492939197,-1.190895988988195,,-0.6023370697518863
2023-05-03,500864,14223,71,7,192,1,8,0,8,-2.9373421404412827,-1.8294105726695793,0.030660835495741667,-0.8426734480063601
2023-05-04,499124,13988,26,4,27,6,0,0,0,-2.695293715626607,-1.154383416533816,,-0.7815184987736644
2023-05-05,474368,14410,7,19,4,0,1,0,0,-0.502022607128823,-2.158136927282901,0.0,-0.8393408073108303
2023-05-06,315899,11698,2,5,12,2,0,0,0,-1.8091048246690298,-1.7240549927741597,,-0.6357866815215122
2023-05-07,279990,10288,8,3,4,0,0,0,0,-1.660756060392911,-2.3485334674888465,,-0.6312936816799674
2023-05-08,441011,13509,6,5,1,0,0,0,0,-1.6168239842840046,0.9029559385488681,,-0.8521318316967039
2023-05-09,484467,13460,5,0,2,5,1,0,0,-4.4268212483849805,,1.10921501706485,-0.899580933556051
2023-05-10,501160,12732,100,5,7,0,0,0,0,-4.333976819723154,0.703429759000374,,-0.6919453845646512
2023-05-11,490773,12419,38,7,24,0,0,0,0,-1.622058211463841,-2.307857828367875,,-0.5880383684378694
2023-05-12,478157,12488,37,3,24,1,15,0,3,-1.5536642472426339,0.28806134262744654,-1.807435687436721,-0.6207063498504957
2023-05-13,301484,10270,22,5,6,1,8,0,1,-2.2463067005120507,1.7570269622179298,-2.8872274359543164,-0.45675823267283383
2023-05-14,279417,10910,4,11,2,2,2,0,2,0.2113874934543598,-0.8028012907088087,3.866120218579235,0.6648780119184963
2023-05-15,454605,10834,7,6,1,0,1,0,0,-2.5299143812987723,0.3914533434762698,-3.84615384615385,0.8394135644656999
2023-05-16,489071,11134,15,6,6,0,3,0,0,-1.8780767422982594,-1.654756372161993,-1.9073676235548087,-0.4329145429781871
2023-05-17,492926,11701,8,6,5,3,0,0,0,-1.7004222285763668,-4.109639266402785,,-0.9622827224377757
2023-05-18,470956,11750,9,9,3,1,1,0,0,-2.0625266710951635,-0.9669460157903671,1.79171332586786,-0.46450692076273
2023-05-19,460822,10738,8,12,41,0,0,0,0,-0.5492005986459476,-0.9546976486423259,,0.05071420211415471
2023-05-20,296184,10091,7,13,4,3,0,0,0,-1.2623264928009503,-0.9864533056924887,,-0.32582683934849743
2023-05-21,270868,8787,0,5,5,0,0,0,0,,-1.440426059533254,,-0.41043916569758715
2023-05-22,438418,11974,14,8,5,1,0,0,0,-0.23773384419115068,-1.5269047336326365,,-0.23495868648955548
2023-05-23,465778,12561,10,5,3,1,5,0,0,-1.1633139319483574,-2.2371378744059363,0.3521827429233275,-0.7569466014434709
2023-05-24,495729,13114,6,17,1,0,0,0,0,5.451565395030643,-1.3127391242808089,,-0.4885401810796803
2023-05-25,480668,13180,1,13,0,1,0,0,0,-4.62130937098845,-0.654257358286898,,-0.858143285706709
2023-05-26,450474,12566,8,8,1,0,0,0,0,0.5550409421217903,-0.21853442595588035,,-0.6081220763398755
2023-05-27,285920,10440,3,1,0,0,0,0,0,-4.348818643253104,0.410798122065728,,-0.803048760833239
2023-05-28,264852,10963,4,6,1,1,0,0,0,1.2055798910359363,1.2793493140995715,,0.5505397004784729
2023-05-29,377593,12257,6,7,0,3,0,0,0,-0.16719715180349504,0.22307865737862853,,-0.19412291674787963
2023-05-30,443979,11679,8,6,0,2,0,0,0,2.2060019342588606,0.8946772887205617,,-0.4375587081224228
2023-05-31,502320,13957,9,7,1,3,2,0,0,-0.5880600331947937,-0.8356067590015033,-0.012862728956575031,-0.6985457501098599
2023-06-01,487919,12874,2,4,5,0,0,0,0,-2.3978946417276603,-2.48931814294214,,-0.7106716285281756
2023-06-02,448639,12148,0,4,0,4,0,0,0,,-1.0520528788545023,,-0.5863083467708824
2023-06-03,286265,10750,0,5,0,0,0,0,0,,-2.7786427433009955,,-0.30070023422564723
2023-06-04,263804,9545,3,3,2,0,0,0,0,-1.1090066585635387,-4.82638533295055,,-0.3398348124322275
2023-06-05,427995,12744,24,5,61,2,1,0,0,-1.8230717029001715,-1.5569955267176172,-4.1025641025641,-0.5614465671255716
2023-06-06,468676,12571,14,4,10,0,2,0,0,-1.3657036280226476,-1.151311872167487,1.1153479920678586,-0.6208603224303426
2023-06-07,473638,12685,15,2,4,1,5,0,0,-0.4162331444367537,-1.0931310384499715,1.989209569349638,-0.6397640871370113
2023-06-08,460467,13066,5,4,4,3,1,0,0,1.57361001305097,-1.1434952386659791,3.5031847133758,-0.6582671124222612
2023-06-09,448257,12486,7,0,4,0,1,0,0,1.9851636340106875,,-1.10497237569061,-0.6663050549739408
2023-06-10,287697,10221,5,3,1,0,1,0,0,-0.04708344642805258,0.33245271172149393,0.0,-0.7201642255126572
2023-06-11,261084,8947,5,6,1,1,0,0,0,2.4502402040850777,-2.058143473839093,,-0.670224030998074
2023-06-12,432291,12529,1,4,1,1,1,0,0,1.55210643015521,-1.2613893184988936,1.55210643015521,-0.9359182112441414
2023-06-13,480006,12800,2,15,1,0,1,0,0,0.8413752725510776,-4.246693061747678,0.204918032786885,-0.9544921587758
2023-06-14,483300,12989,3,10,0,0,0,0,0,-3.0215987462750262,-1.8927385515346873,,-0.8358746704678213
2023-06-15,478335,13477,4,6,3,1,0,0,0,-2.2564669541627027,-1.9631516883140199,,-1.0978148614951138
2023-06-16,445411,12608,8,5,4,1,0,0,0,0.93398831336265,-2.166613578962957,,-0.5632423588273423
2023-06-17,280193,10643,5,1,4,0,2,0,0,1.1121960860787765,1.18460019743337,1.0661431591664166,-1.0725287400425425
2023-06-18,259964,9185,5,7,2,0,0,0,0,0.9839005523228878,-0.5431318599358658,,-1.001653266013822
2023-06-19,406345,11622,3,4,4,1,0,0,0,0.8343850188029402,-3.007763724428541,,-1.0669406378458663
2023-06-20,465644,12174,6,9,4,0,0,0,1,-0.6845647197504383,-3.6126140124629575,,-1.4513093828119619
2023-06-21,472724,11609,7,2,9,1,1,0,1,-0.5292872052799228,-3.9552206303314996,-3.93700787401575,-1.1233408500045587
2023-06-22,458246,12573,0,3,0,1,0,0,0,,-3.8861378575582433,,-1.0305787360712348
2023-06-23,419917,12087,1,0,1,0,0,0,0,-1.80995475113122,,,-1.255927622076762
2023-06-24,282450,9392,3,5,3,1,0,0,0,0.010143545454870007,-1.9773198404974357,,-1.3792997687835442
2023-06-25,264438,9510,2,2,0,1,0,0,0,-1.6445037308766501,-7.979534748586721,,-1.264395309872486
2023-06-26,426124,11437,2,2,2,1,0,0,0,0.4464285714285715,-11.8873826903024,,-1.1392528178897092
2023-06-27,466059,10726,4,1,1,1,0,0,0,2.1940361074187003,1.84766214177979,,-1.2753257825375124
2023-06-28,464430,9591,1,2,0,1,0,0,0,-4.15094339622642,-4.82047641548518,,-1.6248750219606702
2023-06-29,450740,8264,2,2,2,0,0,0,0,-1.8357718795186608,8.91456282984926E-4,,-1.6299425670067194
2023-06-30,436145,8280,0,1,0,0,0,0,0,,-4.49330783938815,,-1.6462145419973775
2023-07-01,277569,8327,3,3,0,0,1,0,0,-0.2207362668967513,-2.6498891529566397,-1.97368421052632,-1.6949396344537118
2023-07-02,245685,7912,0,12,0,0,0,0,0,,-1.483199969270723,,-1.7069338044581759
2023-07-03,403018,11109,1,2,1,2,0,0,0,-5.80110497237569,-1.93798449612403,,-1.450793077281026
2023-07-04,417533,12253,1,2,0,0,0,0,0,-5.78512396694215,-4.84581497797357,,-1.1994782299681446
2023-07-05,437506,12022,34,13,41,2,5,0,6,-2.560288593007254,-2.690994954931409,-4.198077753399068,-1.1478144826300032
2023-07-06,459376,12509,27,27,7,0,8,0,0,-4.108025657725694,-2.139015206828902,-4.100154917688031,-1.3053558597911032
2023-07-07,441486,13013,14,7,7,1,1,0,0,-3.3768750583216023,-3.9515423114390242,-1.92307692307692,-1.0629860132780349
2023-07-08,275047,9933,3,9,0,0,1,0,0,-2.9203632549760306,-4.795361720800307,2.37388724035608,-1.2749085212804168
2023-07-09,247213,9545,3,4,0,0,0,0,0,-6.08670692972263,-5.29878229328596,,-1.472841717313973
2023-07-10,409748,11870,4,7,2,1,0,0,0,-1.3642831328208573,-4.644673601987504,,-1.3099422426785903
2023-07-11,453159,12823,5,6,1,0,0,0,0,-1.4941820046281853,-4.901193292636304,,-1.0740565238072846
2023-07-12,465915,12608,5,3,3,0,0,0,0,-0.11803515919946184,-1.8413352494069999,,-1.105691990180992
2023-07-13,451758,11632,4,7,0,1,0,0,0,-1.6255183928086803,-2.3039257773763326,,-1.175810937062562
2023-07-14,432115,12403,1,7,1,2,0,0,0,1.13636363636364,-1.037460626316861,,-1.2689217003601594
2023-07-15,275500,10346,37,8,19,0,19,0,7,-2.3501348041754526,-1.0914154408104486,-2.006308998520526,-1.3378956539727829
2023-07-16,252818,9322,10,22,6,0,2,0,1,-3.1419244622060005,-4.197536657775599,-3.360450563204005,-1.4172399085764544
2023-07-17,414855,12032,22,13,8,3,0,0,0,-1.8757672379872568,-5.101478091385732,,-1.057281619167424
2023-07-18,456778,12392,59,2,8,1,5,0,0,-2.1886945375350684,-2.3452630253027014,-1.6416710115390423,-0.7371523122097521
2023-07-19,451228,11659,12,2,2,0,0,0,0,-3.957548604152324,-0.7453342383417891,,-0.7386126570877684
2023-07-20,463935,12895,16,4,0,1,1,0,0,-3.093664294653309,-2.469391016592727,-5.12820512820513,-0.6519447750003644
2023-07-21,440722,12203,69,5,5,0,20,0,1,-2.6036114729179927,-2.0434176828814685,-3.3753183858807034,-1.0391029872706012
2023-07-22,283867,9557,14,2,2,1,0,0,0,-0.9011465452831484,-6.0,,-1.390801935707842
2023-07-23,255682,8618,6,15,1,0,0,0,0,-0.9679751661289454,-2.675632290016884,,-1.300394318232593
2023-07-24,414715,11902,8,8,3,0,0,0,0,-1.268806927449743,-2.144110177636814,,-1.0590865616170657
2023-07-25,449183,12360,22,37,1,2,0,0,0,-3.708371047118073,-3.7447467887697345,,-1.1734673096085064
2023-07-26,456946,12756,11,15,0,0,0,0,0,-3.0566853438906922,-2.7423268520379374,,-1.0687894567427425
2023-07-27,453369,12768,20,5,2,0,0,0,0,-4.741435664713449,-3.219467740789732,,-0.9458076915295569
2023-07-28,430482,12583,4,5,0,0,0,0,0,1.10874310492636,-3.664794618101004,,-1.0493759553411526
2023-07-29,269609,9879,6,12,0,0,0,0,0,-6.0244209428915,-3.1438392362407948,,-1.305034436199728
2023-07-30,252143,8378,9,15,0,0,0,0,0,-4.843091164876143,-3.6308626207529855,,-1.8601599561077127
2023-07-31,412464,11571,2,2,0,1,1,0,0,-2.139454748150399,-3.70174697097774,-4.87179487179487,-1.344003930442947
2023-08-01,445745,12758,7,1,0,1,0,0,0,-1.9234326275604587,-2.08333333333333,,-1.2578382709368348
2023-08-02,455413,12695,17,33,1,4,1,0,0,0.3307420329979798,-3.594165645678543,2.12765957446809,-0.9231486230667028
2023-08-03,451441,12626,15,10,94,3,4,0,4,-0.8873259589560704,-3.6533277644217863,-0.9745781166667122,-1.1502406496309585
2023-08-04,427790,12181,22,5,87,0,1,0,1,-1.5051543283945337,-4.2467918118154735,-1.22699386503067,-1.1988065829736911
2023-08-05,277127,10005,16,4,5,0,10,0,2,-1.5896339997956412,-3.2393613193095,-1.4354107718318119,-1.383219041698039
2023-08-06,252355,8628,10,5,6,1,0,0,0,-0.5071671940857829,-2.3964437173109907,,-1.5330233821638937
2023-08-07,405574,11973,34,12,4,5,8,0,0,-1.2210956947870928,-2.0528409805466286,-1.428209702153952,-1.2858295576547154
2023-08-08,439822,12430,37,10,7,1,16,0,0,-1.9587546758765675,-1.9455452168146272,-2.2785880273414056,-1.2054282042881679
2023-08-09,448564,13156,19,15,5,0,0,0,0,-2.8989896488246973,-2.4009682438208526,,-1.2281194141030947
2023-08-10,452420,13081,6,7,1,1,0,0,0,-3.7628731523182735,-4.326340589922424,,-1.3790401805072863
2023-08-11,424196,13094,12,9,1,0,0,0,0,-3.1975844260520034,-3.997231912308568,,-1.0808890884540947
2023-08-12,272576,10482,6,11,5,0,5,0,0,-2.0014546574057483,-4.097284866617521,-2.036031303172612,-1.1523215956365198
2023-08-13,247167,8991,30,6,10,0,0,0,0,-3.6048380348363294,-1.7625278976778942,,-1.2916467362847197
2023-08-14,391299,12235,14,13,9,1,5,0,6,-4.442715522544886,-1.7610072901992841,-3.8856381160445297,-1.3085473616274559
2023-08-15,407087,12619,12,8,8,0,3,0,8,-0.6842133861912366,-2.210220674143176,-0.050079023092516994,-1.3099069485507757
2023-08-16,426633,17298,3,6,2,0,0,0,0,-0.3878575912474226,-4.505244795187852,,-0.8159185510685426
2023-08-17,441397,12309,7,7,2,0,0,0,0,-1.3159435768315082,-4.394704597578645,,-1.0612185185323548
2023-08-18,419326,12387,2,2,1,0,0,0,0,-1.6137411520228602,-3.97350993377483,,-1.1942823229602733
2023-08-19,271210,9749,3,6,0,0,3,0,0,-1.4987765479038164,-3.4014735261962916,-1.4987765479038164,-1.1108189850858081
2023-08-20,251005,9591,7,5,3,0,2,0,1,-2.084298910175067,-3.603624595002928,-3.9188566159520546,-1.0739824572669892
2023-08-21,399494,12533,11,7,11,2,4,0,1,-2.2050498605681086,-2.345393132364262,-2.7523688256774927,-1.1668737231866457
2023-08-22,435666,12656,12,7,5,0,4,0,4,-2.1170400343894067,-1.799242225276477,-3.01467721815063,-1.2389801082098348
2023-08-23,439670,12198,2,3,1,0,0,0,0,-2.083121920418541,-2.9488079611709765,,-1.212840294922321
2023-08-24,440041,13077,4,12,2,2,0,0,0,0.18767194287683164,-3.1652585855861672,,-0.8443068657328098
2023-08-25,422179,11891,2,7,2,1,0,0,0,1.2657392972778494,-1.022962815674463,,-0.921564913618655
2023-08-26,267464,9862,1,6,0,0,0,0,0,-4.3613707165109,-4.160969805882222,,-1.1557753663743306
2023-08-27,245485,8606,5,7,0,1,0,0,0,-1.4971322525523991,-0.35393745641705987,,-1.4660240563802884
2023-08-28,394683,12527,3,9,1,0,2,0,1,-1.76315105179347,-0.7933508362744965,-1.952418885382515,-1.0851412015545376
2023-08-29,438578,12729,3,13,2,1,1,0,1,-4.0334066500737835,-1.7172754493175035,-3.78787878787879,-0.7563817079914046
2023-08-30,443595,11907,4,6,0,4,0,0,0,-1.9867120027400427,-1.6904786785168733,,0.1397378078306976
2023-08-31,446789,12602,8,3,0,1,1,0,0,-0.5707228906695709,-1.8744084485652965,-5.26315789473684,-0.6986475651263794
2023-09-01,429772,12252,4,10,0,0,2,0,0,-1.1975791723565776,-1.216361198592195,-3.79543439716312,-0.8339148990681867
2023-09-02,269178,9721,3,1,0,3,1,0,0,-2.7401983573531665,2.71739130434783,0.0,-1.2081434830843971
2023-09-03,244048,8838,4,5,1,0,0,0,0,-4.624508005655549,0.6449721107806986,,-0.8157719115170254
2023-09-04,370772,11026,0,7,0,0,0,0,0,,-0.30647305893511084,,-0.6682047562530368
2023-09-05,431348,12203,0,5,0,1,0,0,0,,-0.004866069744145829,,-1.1286001612883256
2023-09-06,449177,11687,0,5,0,0,0,0,0,,-1.0883294257750005,,-1.2043337710514408
2023-09-07,462356,13234,8,1,1,0,3,0,0,-3.358727993543295,-1.62074554294976,-2.4542915072903537,-1.1686806315639697
2023-09-08,433739,12614,4,8,0,0,0,0,0,-4.792663514617267,-3.449083132765094,,-0.9252120427387246
2023-09-09,280034,9963,3,4,0,1,1,0,0,-2.7945576017832767,-1.6431961090706815,-3.32850940665702,-1.009762137696667
2023-09-10,254724,9082,3,7,0,2,0,0,0,-1.546820897289421,-2.9677382633492404,,-1.3449619647577737
2023-09-11,424954,12678,4,4,1,3,1,0,0,1.9708605351615538,0.7755874871693906,-0.309119010819165,-0.8096915135693479
2023-09-12,457655,13389,3,3,0,0,0,0,0,0.7394921783347139,-3.383170404447,,-1.1316673353442759
2023-09-13,471099,12984,4,13,1,1,1,0,0,0.77433236985639,-2.1312058501435236,3.7821482602118,-1.1297677487892241
2023-09-14,479802,12911,3,7,2,0,0,0,0,2.5371259623346996,-4.524593905973324,,-1.0249485150211612
2023-09-15,445619,12533,2,5,0,0,0,0,0,-1.4451581027668001,-2.24270406096008,,-0.8796321678396752
2023-09-16,284272,9846,4,0,0,0,1,0,0,5.470881901147548,,0.0,-1.0706595047971181
2023-09-17,264758,9652,2,9,3,0,1,0,0,3.99529980527765,-2.337908057342698,1.58490566037736,-1.14246126645283
2023-09-18,423078,12204,5,12,2,2,0,0,0,-2.4459275052031515,-3.0432403142281057,,-0.959334816392149
2023-09-19,459973,12873,10,13,1,0,9,0,0,-1.0645475657708445,-1.9996298300231419,-0.6392341946268784,-1.1665140526978106
2023-09-20,466077,12665,7,8,0,1,0,0,0,0.8081782670840971,-1.5428687374598693,,-1.1763802858762555
2023-09-21,468204,12702,2,13,0,0,0,0,0,-1.5369235163579602,-2.051460850694728,,-0.7166930610316158
2023-09-22,441317,12163,1,8,0,1,0,0,0,-7.88804071246819,0.2653276746525437,,-1.112251264355118
2023-09-23,280091,9463,0,10,0,2,0,0,0,,-1.0219406099757378,,-0.9162361137833187
2023-09-24,263160,9368,4,6,0,0,0,0,0,4.612755106824901,-3.0304984174240492,,-1.233535704862817
2023-09-25,412426,12186,17,5,0,0,0,0,0,4.335089084731623,-3.1114167187226123,,-1.0449130638510298
2023-09-26,456892,12194,4,8,1,1,0,0,0,0.7431203401031532,-0.1871012164571119,,-0.8112867623321341
2023-09-27,458975,12381,1,3,0,1,0,0,0,6.95825049701789,-0.26874664173315277,,-0.9776072100644241
2023-09-28,452935,12787,1,4,0,0,0,0,0,-3.36194563662375,0.7069760282236255,,-1.2919906815331919
2023-09-29,427527,12031,4,3,0,0,1,0,0,-1.4282158827243923,-2.370104124254142,1.59216166564605,-1.246295741750218
2023-09-30,280241,9781,4,6,0,1,0,0,0,-1.0946241010036035,-3.502350033833616,,-1.3140608439253902
2023-10-01,252814,8725,4,2,0,0,0,0,0,1.8279394033185548,-1.9967035998670097,,-1.8703892437138847
2023-10-02,407106,12310,1,13,0,0,1,0,0,2.0979020979021,1.2635265844316315,2.0979020979021,-1.3071385636590642
2023-10-03,440807,13161,3,9,2,0,0,0,0,1.7866896694550634,-1.830268480350071,,-1.2997246292361075
2023-10-04,451796,12724,3,5,0,0,0,0,0,0.6138765587865267,-3.999287552757984,,-1.2178718128608217
2023-10-05,453017,13197,1,22,1,0,0,0,0,-1.91570881226054,-0.7502327550307137,,-1.1761536442879457
2023-10-06,428653,12913,2,7,2,1,0,0,0,0.1108870967741935,-1.3935927096165548,,-1.4540180673428962
2023-10-07,282802,10379,5,2,1,1,0,0,0,-0.8898550041803059,0.6330404289587951,,-1.6039933332808516
2023-10-08,262654,9042,9,2,0,0,4,0,0,-5.828060314013848,0.7196885827381515,-6.830432019225795,-1.7633478398153835
2023-10-09,415720,12916,65,14,4,2,4,0,0,-4.19413572216728,-2.086613943294938,-6.165281904173285,-1.9123952792558396
2023-10-10,454507,12606,48,10,57,0,6,0,0,-4.218789459434566,-1.7739364369361923,-4.561677131212374,-1.6637475246265998
2023-10-11,462987,13025,25,9,6,0,0,0,0,-2.8736606399518028,-2.4522076666043637,,-1.2750899198704817
2023-10-12,456273,13280,13,3,5,0,0,0,0,-2.2643884349837515,-0.8855674947120402,,-1.5828187992884466
2023-10-13,435370,13036,19,3,2,0,4,0,0,-3.938160630564333,-2.8902729519638024,-6.102806728351419,-1.9193282043790192
2023-10-14,271076,9989,13,0,1,0,2,0,0,-4.150275653360373,,-4.36973398018473,-1.9439340734333943
2023-10-15,254958,9207,3,10,0,0,0,0,0,-4.687757969408507,-1.3570504186754277,,-1.788193037276701
2023-10-16,420779,12397,11,10,1,2,2,0,1,-2.925855751217055,-2.466020836595497,-3.56862745098039,-1.51191449000813
2023-10-17,446099,12899,14,3,1,0,1,0,0,-3.0808016316256994,-3.8152101429645433,-3.40479192938209,-1.9593207380929547
2023-10-18,463394,13160,14,0,0,0,2,0,0,-2.394390020265734,,-2.0764263804949037,-2.622836855443463
2023-10-19,465805,13179,33,2,3,4,9,0,0,-0.1433304525169633,-2.109159554127017,-0.5698751740705457,-1.9006693741808305
2023-10-20,438122,12830,22,6,5,1,5,0,0,-2.525068457323957,-2.3573389073427578,-2.741471848078534,-1.9820795844987535
2023-10-21,273845,9587,9,4,0,0,2,0,0,-2.6601400340034598,-2.3345332330793527,0.9268719894905855,-1.9303368532253313
2023-10-22,248580,8763,4,3,0,0,2,0,0,-0.870044421621512,-4.810113328536733,1.8438464818325206,-1.7735587733625748
2023-10-23,412212,12454,12,4,3,0,1,0,0,-1.8199094488244627,-5.502981461062104,-6.12612612612613,-1.3173469100580941
2023-10-24,449057,12828,7,11,1,0,1,0,0,-1.7365205466471032,-3.44000924174747,1.2396694214876,-1.411253121225058
2023-10-25,461042,12628,18,8,2,0,5,0,0,-2.050798026181444,-2.151601267518196,-1.7679581055753217,-1.5375081523816552
2023-10-26,464521,13131,10,6,3,0,2,0,0,-2.381670737315699,-0.7080599138695389,-3.356065793702925,-1.1371454049060519
2023-10-27,433170,12685,20,3,2,0,3,0,1,-3.4113782354147566,-3.711851369864983,-0.9683924853497903,-0.965554245442463
2023-10-28,276164,10415,8,13,0,0,1,0,0,-3.3012826693667745,-4.665646104682776,-0.684931506849315,-0.7587890104491779
2023-10-29,255205,9567,8,2,0,1,1,0,0,-5.065462446993296,-4.05014841431026,-3.125,0.7694689716928702
2023-10-30,416340,12147,8,6,0,0,0,0,0,-4.815782642737165,-2.501704827045291,,-1.1469100868628797
2023-10-31,457576,12797,17,4,1,0,0,0,0,-4.181339228061348,-4.541390177645687,,-1.4501916013903877
2023-11-01,437572,13033,12,6,1,1,1,0,0,-3.1925024458904367,-4.418611706985191,-6.06936416184971,-1.569405649398659
2023-11-02,435248,11860,7,8,0,0,1,0,0,-4.308767345019983,-3.37063553625326,1.80009474182852,-1.6287668087740017
2023-11-03,419576,12282,5,5,10,7,1,0,0,-4.578668901470882,-5.547214968290534,-4.0495867768595,-1.3461259144231692
2023-11-04,274726,9384,3,6,2,0,0,0,0,-2.0768551160554507,-2.758264816943629,,-1.429003951934596
2023-11-05,252088,9044,3,4,0,1,1,0,0,-5.30504379779211,-3.220040593036915,-3.67298578199052,-1.3273038369336734
2023-11-06,407356,12031,3,7,0,3,0,0,0,-5.1380089201606935,-4.063201954757288,,-1.5180801881349457
2023-11-07,454675,13263,3,8,1,0,0,0,0,-2.6177672852864666,-2.1417708341361568,,-1.2375166997897207
2023-11-08,466449,13199,7,7,0,1,2,0,0,-1.8652275301520695,-3.4843081461230256,2.916073968705545,-1.213776648040451
2023-11-09,463934,14193,5,11,1,3,0,0,0,-3.723733878372566,-2.234896242604116,,-1.1460097288007034
2023-11-10,442053,12899,9,12,0,2,1,0,0,-2.3821966042887857,-2.5413485765265116,-0.452147701582517,-1.0510728335356776
2023-11-11,268560,9195,4,7,0,2,0,0,0,-1.5948937738895137,-2.8226615354285527,,-1.4827886068075977
2023-11-12,245290,8915,8,6,0,4,0,0,0,-0.8602790357501711,-0.8981938671092929,,-1.5618244456131125
2023-11-13,406918,11683,11,9,0,2,3,0,0,-3.2178167302782357,-1.2802473417218945,-2.6408915850794066,-1.4234635633259778
2023-11-14,447602,12522,14,30,1,4,1,0,0,-1.6097968122932982,-4.302978676976968,-3.62844702467344,-1.5876547359897872
2023-11-15,448230,12251,3,38,0,0,0,0,0,-4.38425765926101,-4.14337711034314,,-1.1489837586731544
2023-11-16,455519,12015,6,27,1,0,1,0,0,-4.371878592629205,-3.8103007635310635,-2.65432098765432,-1.2675161336683172
2023-11-17,439315,12720,7,20,1,0,0,0,0,-2.767427122697958,-4.532369791003479,,-1.5635557865634526
2023-11-18,276899,9897,5,15,0,0,1,0,0,-3.8188775848305263,-1.713829357430831,-4.53257790368272,-1.424176279964059
2023-11-19,248740,9076,4,131,0,0,0,0,0,-4.27166146095819,-4.490083610166145,,-1.629092699449844
2023-11-20,408522,12033,7,170,1,1,5,0,0,-5.124439469086155,-4.579899405754156,-6.018207569001087,-1.3921871372001857
2023-11-21,452892,13467,3,77,1,0,0,0,0,-0.8556006691343433,-4.901179045183679,,-1.0678683420858106
2023-11-22,454763,12892,5,34,1,1,1,0,0,-3.7435458880367403,-3.4617973990428066,-2.21187427240978,-1.2399732171525244
2023-11-23,408572,12594,3,38,0,1,0,0,0,-2.96332813422573,-3.8971823377596855,,-1.0945651385560367
2023-11-24,395185,12680,3,16,1,0,0,0,0,-1.606647593131424,-2.919857513309594,,-1.2324313391094195
2023-11-25,264161,9482,1,16,0,0,0,0,0,-1.3745704467354,-3.6311108393081506,,-1.8432313594495737
2023-11-26,245335,8925,0,19,1,0,0,0,0,,-3.5775837736695806,,-1.4831757471222269
2023-11-27,413602,12052,43,40,5,2,18,0,3,-1.559016873968049,-3.3362429596750887,-0.4282715653374304,-1.274885909771336
2023-11-28,452030,12318,10,22,2,2,0,0,0,-2.8014460473154594,-2.4217920883000668,,-1.335645536638294
2023-11-29,453567,12756,25,66,7,2,6,0,3,-1.6433989151312804,-3.727436384138643,-3.39826343181755,-1.1406545715848895
2023-11-30,460130,12952,24,65,2,0,2,0,1,-1.5129178946402662,-3.561766883851293,-0.8845029239766102,-1.0693723705809715
2023-12-01,436798,12078,9,24,5,3,0,0,0,-3.101495365509865,-2.5140462028397037,,-1.381826602879825
2023-12-02,276679,9830,4,13,0,1,0,0,0,0.44883638790496183,-2.1480230180967834,,-1.4478825387403522
2023-12-03,252493,8666,4,621,0,27,0,0,0,0.06855956253373252,-5.732929776105555,,-1.5940120801900273
2023-12-04,411084,12209,10,597,0,2,0,2,0,-4.981885905907596,-4.919395451387977,,-1.1536426781384517
2023-12-05,450886,12781,5,94,0,3,0,1,0,-3.031102242934432,-3.740574794089703,,-1.232662669412744
2023-12-06,453627,12120,1,89,0,3,0,0,0,-0.719424460431655,-3.209000581041771,,-1.2017863318860245
2023-12-07,451886,12235,2,55,0,0,0,0,0,-0.10172171730058699,-2.5795298876538815,,-1.1079062492378098
2023-12-08,419508,12337,3,43,0,0,2,0,0,0.692934603958367,-3.577634843833633,3.5024560931296698,-1.1797986050514886
2023-12-09,275256,9923,1,39,0,1,1,1,0,-1.53846153846154,-2.5743694486951454,-1.53846153846154,-1.2913825708383138
2023-12-10,252093,9143,4,53,0,0,0,0,0,-2.75508985176994,-3.4281862040325457,,-1.6236243999656743
2023-12-11,406918,12846,7,40,0,1,0,0,0,-1.8463529093077755,-2.9429242979570156,,-1.4155046494630834
2023-12-12,442337,13497,4,543,1,25,0,0,0,-1.414957266904985,-4.758382223465584,,-1.6565872487401772
2023-12-13,454291,12394,10,389,0,48,0,0,0,-1.828181140212647,-4.986324917289155,,-1.381522542465473
2023-12-14,455919,12490,5,281,0,36,0,0,0,-1.3152908449716112,-5.225077601625168,,-1.268753189459047
2023-12-15,434168,12271,4,614,1,90,0,0,0,-1.1625629095335293,-5.2650071106521015,,-1.457620757881737
2023-12-16,273069,9762,3,575,1,10,1,0,1,-0.7188331494056733,-4.726882737333779,1.3215859030837,-1.3996575318659457
2023-12-17,249802,9261,7,240,0,2,1,0,0,-2.9605668961784515,-4.609315762394684,-4.51388888888889,-1.1669763187734643
2023-12-18,408443,11953,7,660,0,11,0,1,0,-1.784091911988756,-3.728277479377727,,-1.3437319807804429
2023-12-19,442632,12161,6,718,1,81,0,2,0,-0.09932883797432002,-2.6127890049390032,,-1.1588338892737966
2023-12-20,435252,12660,10,256,0,5,0,1,0,-2.735591104553005,-2.517681054190201,,-1.2365110701497963
2023-12-21,431892,13232,8,242,0,2,2,1,0,-2.0626243257654586,-2.654732739607447,-2.3766088983480276,-1.2225762496685788
2023-12-22,398403,12543,21,180,1,8,6,1,0,-2.709195778399324,-2.6043485600053877,-3.4668208309647253,-1.4201108022297817
2023-12-23,258810,10103,25,149,0,4,5,0,0,-3.7560690982350646,-3.182773588510491,-2.828238987902855,-2.058854025700964
2023-12-24,220838,8939,13,175,2,7,1,0,0,-2.6122685848088167,-3.2333753178350864,-0.93167701863354,-2.0726389077470713
2023-12-25,238660,11555,8,110,0,1,1,0,0,-1.081661621240108,-2.0518068701143597,-2.61501210653753,-1.9329189390660266
2023-12-26,308202,12387,10,109,0,0,2,0,0,-3.488652983928977,-2.7233845131009886,-3.14148526150335,-1.492382494592424
2023-12-27,370855,11938,3,101,4,3,0,0,0,0.5685920160308497,-3.241825398292369,,-1.3224773105045315
2023-12-28,374139,12362,4,92,2,2,0,0,0,-1.6643378363843744,-2.8869319942814573,,-1.6441403396880383
2023-12-29,357943,11615,13,73,6,1,0,0,0,1.0343901204715598,-3.0297495108699057,,-1.09041767866115
2023-12-30,247676,9037,8,114,0,0,2,0,0,-3.9447395353044,-3.105165870698672,-3.120253400409915,-1.2462225339430137
2023-12-31,226077,8544,2,206,1,3,0,0,0,-0.7188352343168849,-4.1272744767359715,,-0.672217125002905
2024-01-01,228124,8457,5,246,0,1,1,0,0,-2.6551966237209887,-4.016017650032326,0.173010380622837,-1.3854422499523884
2024-01-02,343533,11399,39,203,0,1,25,0,0,-1.6282029520381955,-3.8250868167056664,-1.4038436866175381,-1.8184064574622232
2024-01-03,395881,12043,7,207,0,8,2,0,0,-0.10311918780957835,-5.376863821898291,-0.58536392139895,-1.8077534463443987
2024-01-04,402536,11944,7,187,0,1,2,0,0,-2.1736532682901695,-5.45377961806802,-0.613930831296662,-1.5445315137623004
2024-01-05,391285,12030,3,102,1,1,0,0,0,-4.020876245728033,-4.012139202366549,,-1.3903806332846789
2024-01-06,262237,9547,3,83,1,1,0,0,0,-3.2891183938437134,-4.0694649633554265,,-1.4728101452600901
2024-01-07,237778,8421,6,75,0,2,1,0,0,-5.837937113951021,-2.9810911090387884,-6.04651162790698,-1.3443934426196513
2024-01-08,389047,12026,16,93,0,1,3,0,0,-4.437484424913087,-3.6403028093162297,-5.371646144769737,-1.3174999193109276
2024-01-09,434692,13120,4,86,1,0,0,0,0,-4.236367137416143,-3.208324698959198,,-1.3123727664309857
2024-01-10,436424,13119,4,135,0,4,0,0,0,-4.117431106031296,-4.011940307986317,,-0.9053854161088848
2024-01-11,435112,12902,36,353,6,1,6,0,0,-2.0829238561525987,-4.646435902681513,0.5961364317677883,-0.7897460923324201
2024-01-12,416321,11809,79,1261,2,14,10,2,0,-3.806066052828134,-4.695857323985372,-4.626683071091934,-1.1966742341027576
2024-01-13,263442,9363,9,245,1,1,0,1,0,-2.305588178245868,-4.348874738275399,,-2.0061255444279795
2024-01-14,242830,8214,5,104,1,12,0,0,0,-3.9985247861055577,-3.4361690645631824,,-1.9511618213830428
2024-01-15,378373,11895,38,263,1,5,1,0,0,-2.526961456372387,-3.207723006841177,-4.75435816164818,-1.5088545922758498
2024-01-16,436668,12731,11,274,1,6,0,0,0,-4.156327887251086,-4.157678149272573,,-1.6337976955342792
2024-01-17,441980,12555,16,176,2,3,5,0,0,-1.3056558558044529,-3.2994231613667413,0.029297391235068006,-1.0558321986154633
2024-01-18,442036,12902,15,315,0,2,0,0,0,-3.341529263370001,-4.379814740586391,,-0.9531983878393054
2024-01-19,415548,12444,13,147,1,0,1,0,0,-3.850184576671858,-3.861619737360542,-1.41935483870968,-0.7771606270414696
2024-01-20,264996,9263,1,59,1,0,0,0,0,-6.84931506849315,-3.645085990823647,,-1.0209103000774329
2024-01-21,243205,8498,9,77,0,0,2,0,0,-1.5679711016200908,-2.8214081446109494,-2.0472501011601922,-1.3482370770166943
2024-01-22,403712,11824,14,101,11,1,2,1,0,-3.850966209475477,-3.0543650208248407,-0.38802753892876996,-1.1041895621146984
2024-01-23,440972,11916,6,169,0,2,0,1,0,-2.9142973848482865,-3.3998100361122887,,-1.046080633231955
2024-01-24,442029,12113,3,179,0,30,0,0,0,-4.612489287180817,-4.010014091070002,,-0.9278945117398534
2024-01-25,447172,12264,5,208,0,4,0,2,0,-3.154251360447188,-3.212357028173616,,-0.8823162105548664
2024-01-26,413072,12263,8,72,0,3,1,1,0,-1.75501559330627,-3.6202062876916044,-2.55524861878453,-0.9879877435414888
2024-01-27,271447,9269,2,55,0,0,1,0,0,-0.6807379715706703,-3.721644878597108,2.87425149700599,-0.44367794673311106
2024-01-28,252497,8745,10,64,0,1,1,0,0,-2.6905235329564148,-3.273174606303447,-3.68098159509202,-1.1780268394546036
2024-01-29,400616,11624,14,77,2,0,1,0,0,-3.1149604629548775,-3.2258937028370855,-2.22222222222222,-0.9832476347334442
2024-01-30,441466,12022,15,61,0,2,2,0,0,-4.241113125356888,-2.642727217606819,-4.314017872065185,-0.9935279078212129
2024-01-31,452875,12383,8,58,0,0,1,0,0,-3.7223646711587137,-2.7801524340957178,-2.11864406779661,-0.9719766288941168
2024-02-01,448784,11976,7,361,2,0,3,0,0,-2.6681979818945356,-5.853386129063691,-1.1546518763840345,-0.9846280565230097
2024-02-02,423957,12072,4,64,1,3,0,0,0,-1.7131859156354363,-3.319982840409116,,-0.8696199216980036
2024-02-03,269597,9072,4,87,0,1,1,0,0,-2.9595215185382373,-3.5213790150515103,-3.46205059920107,-1.1544299877522572
2024-02-04,250442,8555,3,460,0,0,0,0,0,-2.411775266330883,-3.5563514533186384,,-1.1566544656956492
2024-02-05,417691,11851,5,114,0,0,0,0,0,-1.8750654498909118,-3.694413766836764,,-1.0349073984931867
2024-02-06,439912,12259,12,82,0,2,0,0,0,-1.441996471107322,-3.325250354770285,,-1.6500816759539538
2024-02-07,456564,12479,7,107,1,1,1,0,0,-2.0007012897269485,-3.1054334360362534,0.69204152249135,-1.0361831674200126
2024-02-08,445747,12645,11,58,2,0,0,0,0,-0.9471558379291527,-3.1975546192092983,,-1.1103223456502118
2024-02-09,412816,11418,5,53,1,2,1,0,0,1.070981634562564,-3.840806141161158,6.25,-0.9097794198419482
2024-02-10,268162,9142,4,29,1,1,0,0,0,-1.2364566709399827,-3.3058055067592087,,-0.8764222579545428
2024-02-11,246750,8570,6,68,1,0,2,0,0,-2.9293323839578616,-1.2533206398020311,-3.5023384024529998,-1.1452271728927073
2024-02-12,386216,11509,7,213,0,48,0,0,0,-1.845559264556846,-4.026130633017728,,-1.3120555048850813
2024-02-13,422837,12363,9,129,2,11,3,1,0,-0.7616764721513587,-3.165031555549923,-0.6819319319319317,-0.9713867065433228
2024-02-14,437475,12052,6,66,0,3,2,0,0,-1.8769019059741716,-2.5116453991510923,-4.349627174813585,-0.7541409132772402
2024-02-15,446494,12391,2,129,4,0,0,0,0,0.0070621468926559405,-3.682447275883173,,-0.9119772350237133
2024-02-16,422451,11525,2,69,1,3,1,0,0,-3.5421058022501697,-3.614551999166762,-2.02429149797571,-0.9785963261406528
2024-02-17,270115,8892,5,46,2,0,0,0,0,-0.986178412178236,-2.708872824816679,,-0.9624884999667873
2024-02-18,246233,7961,1,45,0,6,0,0,0,-3.49907918968692,-2.7324182770802685,,-1.0587983826628018
2024-02-19,390060,11559,30,549,2,71,15,1,0,0.2886302640132111,-4.319880448832777,0.15466821344026335,-0.8941484817071873
2024-02-20,449580,12289,33,255,0,8,5,0,0,-1.407455508174521,-4.185608118404775,-0.6084953793408041,-0.8018531249611687
2024-02-21,453995,11796,6,125,0,1,2,0,0,-1.0257897144061552,-3.861157855650492,-1.661163151155735,-0.5850394888152214
2024-02-22,456634,12435,7,99,0,0,0,0,0,-3.0795919993506615,-3.4448571455412123,,-0.6459179952272618
2024-02-23,420434,11795,14,73,0,1,11,0,0,0.02962150880604497,-3.9247404765891885,0.505173125305791,-0.8113662085305472
2024-02-24,279109,9374,3,293,0,2,1,0,0,-0.8356720577881948,-4.390897122308294,-0.609756097560975,-0.6351431026954699
2024-02-25,251612,8779,6,478,1,0,1,0,0,-1.6840829885476358,-3.407132238914405,-0.602409638554216,-0.956350464141673
2024-02-26,419531,11736,15,90,0,3,1,0,0,-0.8711471855060902,-3.856848410838166,0.985221674876847,-1.0455945827236044
2024-02-27,459420,12311,5,106,0,2,1,0,0,-2.7049243311386952,-3.5748012549978387,-0.675675675675676,-1.1335851658417686
2024-02-28,469352,12433,2,151,0,4,0,0,0,-2.38156132018025,-3.5208808354828327,,-1.025652422341312
2024-02-29,470528,12527,8,48,7,1,0,1,0,1.4696747003747874,-3.394720042317098,,-0.9350397755791322
2024-03-01,445807,12511,1,26,0,3,0,0,0,2.7363184079602,-2.9947620410413727,,-0.7921878169630554
2024-03-02,276249,9531,4,266,0,1,0,0,0,-4.216858054866227,-5.431057128275347,,-0.5350308248124777
2024-03-03,248665,8831,8,224,1,1,1,0,0,-0.13452104933754416,-6.080429413282285,8.33333333333333,-0.669458088951501
2024-03-04,421014,11894,16,83,7,1,1,0,0,-0.9366695815946476,-4.480169109908275,-0.86264100862641,-0.8659356889761471
2024-03-05,460335,12091,7,84,2,0,0,0,0,-2.0232026522433486,-3.360232885112929,,-0.7837180030621933
2024-03-06,463421,12392,7,116,0,2,1,0,0,-5.492611409484073,-3.263830971335085,-1.3953488372093,-0.7803253231430527
2024-03-07,457269,12665,12,75,1,1,1,0,0,-1.379237790700469,-3.4367575529399153,-0.411522633744855,-0.4485045677985662
2024-03-08,438961,12469,2,50,0,0,0,0,0,-0.9445063792889901,-2.5604788450584,,-0.08581691804694315
2024-03-09,277983,9419,0,39,0,0,0,0,0,,-3.3031450303830545,,-0.559769810158293
2024-03-10,253609,8677,1,41,0,0,0,0,0,-2.23713646532438,-2.9359854766997557,,-0.45110710596627923
2024-03-11,426999,11680,8,25,0,0,5,0,0,-0.1553069304897859,-2.5996104007019456,0.2498889615691084,-0.5460826580951601
2024-03-12,455442,11923,1,30,0,1,0,0,0,-3.78787878787879,-3.1787677722204077,,-0.7951507075294031
2024-03-13,461233,12269,4,32,4,0,0,0,0,-1.5943979293489876,-2.4291934967266045,,-0.5343043091879791
2024-03-14,457175,12336,4,58,2,1,2,0,0,-1.1850748094767227,-3.221682012062891,-0.8890708890708885,-0.3413877846047624
2024-03-15,434192,12356,6,47,0,0,0,0,0,0.22467532281306035,-2.555770331367589,,-0.49606911958849276
2024-03-16,274113,8925,1,12,0,3,0,0,0,0.386100386100386,-3.4023206292313444,,-0.8968167553231983
2024-03-17,252754,8373,0,20,0,1,0,0,0,,-2.744196722201734,,-0.8196426370480754
2024-03-18,413090,11516,4,29,0,4,0,0,0,-0.5600831860042423,-3.8742760514741885,,-0.5338315334618741
2024-03-19,448181,11651,3,66,0,4,0,0,0,-0.38579392172266314,-2.687048114476816,,-0.9950970941101603
2024-03-20,462971,11997,0,40,0,1,0,0,0,,-2.862723766943507,,-0.8614300646704768
2024-03-21,458332,12384,6,33,5,0,0,0,0,-3.7764851485537267,-2.5331550247156875,,-0.41336024289016465
2024-03-22,441716,12253,1,50,0,2,0,0,0,-3.59712230215827,-2.0706978770665425,,-1.049661210357262
2024-03-23,277284,9465,0,18,0,0,0,0,0,,-3.69348638894875,,-1.314169224887119
2024-03-24,250023,8517,0,14,0,0,0,0,0,,-5.462833367792679,,-0.9122288661212521
2024-03-25,408264,11924,1,28,0,0,0,0,0,-1.27659574468085,-2.90269083171094,,-0.8229542388726799
2024-03-26,446715,12178,1,30,2,0,0,0,0,12.8813559322034,-2.5293997555800254,,-0.8071820675095241
2024-03-27,454369,12182,0,25,0,3,0,0,0,,-1.9011995958364007,,-0.8397969610275239
2024-03-28,438215,12244,5,85,1,0,0,0,0,-2.3110035931913027,-2.6633152279341843,,-0.5876662058628158
2024-03-29,373316,11762,1,28,0,0,0,0,0,-0.367647058823529,-2.251392193142685,,-0.5098208687144838
2024-03-30,259535,9154,2,11,0,2,0,0,0,-3.8155545112782,-3.1870812324519684,,-0.8522908425834363
2024-03-31,244068,10783,1,14,0,2,0,0,0,-4.17777777777778,-2.5402701035475097,,1.9158848863104114
2024-04-01,366787,12349,0,23,0,2,0,0,0,,-1.7537115274643813,,2.0584232524801185
2024-04-02,446675,11932,3,25,1,2,0,0,0,0.7183699504726899,-3.0095447658773815,,-0.7304005945382537
2024-04-03,454332,12427,1,20,0,0,0,0,0,-1.39165009940358,-2.261477130890104,,-0.7724523257888182
2024-04-04,442023,12363,10,12,1,2,0,0,0,0.45125437409641933,-2.123770929083741,,-0.3903719348887031
2024-04-05,426420,12172,7,14,1,2,0,0,0,-1.6482203966896503,-2.95348531775114,,-0.1863158201240363
2024-04-06,270058,9500,3,18,0,0,0,0,0,-3.8967909102925935,-2.0547245709030846,,-0.8088762960143782
2024-04-07,253080,9131,1,27,0,0,0,0,0,-3.87096774193548,-3.1424948143755937,,-0.5601953429631711
2024-04-08,417154,11156,8,30,0,0,0,0,0,-2.914265306954408,-1.5158864714122637,,-0.49677118016903216
2024-04-09,449908,10567,9,14,8,0,0,0,0,-3.36210912663578,-3.3562410006458783,,-0.8037361073747741
2024-04-10,434405,7954,14,15,13,4,0,0,0,-3.5551554771704788,-2.953423390673356,,-0.22833830759264578
2024-04-11,438482,8009,5,13,1,2,0,0,0,-2.4252527941816338,-4.437773643435429,,-1.2228404361821714
2024-04-12,417509,8096,3,12,0,0,0,0,0,-3.6970965037188437,-2.6495913811813034,,-1.2759755175869711
2024-04-13,267754,8892,401,13,693,2,82,0,10,-2.7937673781978454,-4.250464540143663,-1.0440842439712021,-1.6955209078681968
2024-04-14,251883,9040,192,19,41,1,8,0,0,-2.7077414668303805,-2.8264262323107943,-3.354829637581685,-1.9512330566644467
2024-04-15,405107,11287,146,23,20,0,22,0,1,-3.8905515373425317,-1.6431158767352314,-3.8757022985894314,-1.3517879677905669
2024-04-16,438763,11621,100,35,16,2,1,0,1,-2.5722897009592254,-3.206733788583565,-7.5635103926097,-1.1807879208264844
2024-04-17,452010,12557,65,29,6,1,3,0,0,-2.733517922432617,-3.381321996023331,-2.3828760861367333,-0.8822507202654483
2024-04-18,454036,12080,55,25,4,5,5,0,0,-3.2798389613370564,-3.40856610702842,-4.462695475579562,-1.2248365683565134
2024-04-19,428913,12223,83,24,7,0,15,0,0,-3.2584238933193213,-3.2654385715159275,-2.3207157258451963,-1.2008879302320594
2024-04-20,271431,8938,18,10,4,0,2,0,0,-4.1204860177059235,-2.548613839871828,-5.546851980941565,-1.3640756819211803
2024-04-21,249659,8465,23,9,17,1,4,0,0,-2.123434310023166,-1.6982289864959512,-1.7951738027280686,-1.2483633285654798
2024-04-22,418732,11866,26,22,8,1,5,0,2,-3.3349093352545442,-1.978954950154919,-4.163783520360094,-0.6655623312097889
2024-04-23,446996,10633,14,10,2,1,0,0,0,-1.7128615406356091,-0.9544506486940845,,-0.07880427025813404
2024-04-24,455938,11777,22,166,3,0,1,0,0,-1.2104556742520394,-4.215972543276376,0.778210116731517,-1.1399538834445944
2024-04-25,443823,11773,11,34,4,27,1,0,2,-1.7873855156091771,-3.3575273832403636,-2.91120815138282,-1.160783530235461
2024-04-26,430433,11855,8,22,4,0,1,0,0,1.0138164015009559,-3.1241125264022815,-2.79232111692845,-1.0380798637033017
2024-04-27,279314,9671,19,67,1,0,4,0,0,-1.081271774894254,-4.633204486625603,0.459304159942733,-0.8424555478591795
2024-04-28,248998,8066,11,19,1,0,4,0,0,-2.503213692784528,-3.449117255939381,-1.2879448981709474,-1.068018264236869
2024-04-29,399241,11327,3,47,2,0,0,0,0,-3.1205868477428633,-3.827983697875525,,-0.840428990217013
2024-04-30,436743,12379,6,86,0,0,0,0,0,-1.9680730158015787,-4.581301512969347,,-1.2693018575756603
2024-05-01,361715,9873,2,43,1,2,0,0,0,-1.59235668789809,-3.9112587629849838,,-0.9925507331134223
2024-05-02,419537,11498,10,23,0,12,0,0,0,-2.717668096021786,-3.534381353542508,,-0.9327579906352997
2024-05-03,401486,12081,17,24,4,1,0,0,0,-0.9301142014340837,-3.680890259255059,,-1.062471823644595
2024-05-04,268529,8981,2,12,0,4,1,0,0,-1.9717091909928475,-4.331971590984878,-0.989208633093525,-1.2149450036585288
2024-05-05,236374,8177,4,18,0,0,0,0,0,-2.122317255867895,-2.8232559769108247,,-0.9131852608822913
2024-05-06,383160,11498,2,31,0,2,0,0,0,-0.3373737373737353,-2.3818222454517497,,-1.263833151617325
2024-05-07,437565,11458,1,26,0,2,0,0,0,-2.0234291799787,-2.9840307731394153,,-1.0359730401197997
2024-05-08,439949,11863,0,23,0,0,0,0,0,,-1.0435477785649971,,-1.1663751966963616
2024-05-09,424219,12396,5,10,1,0,0,0,0,-1.5003351212684175,-2.093397985906027,,-1.0761972756730285
2024-05-10,407525,11844,10,21,5,4,0,0,3,1.129630648280986,-6.748280691739371,,-1.0941865688758485
2024-05-11,270234,9160,4,21,1,2,1,0,0,0.9569191074408652,-6.420199320105662,4.54545454545454,-1.3374275817312884
2024-05-12,243392,8760,4,15,0,1,1,0,0,-0.7197845147525501,-3.045232846736887,-1.27877237851662,-1.00323425316386
2024-05-13,400300,11598,5,14,1,0,0,0,0,0.11850554080757869,0.5451734641263959,,-1.1076504270719028
2024-05-14,443823,12209,10,21,4,1,8,0,1,4.543856796854623,-3.298046689099889,5.306160307361466,-1.0199973463946832
2024-05-15,449690,11521,2,10,0,1,1,0,0,2.3503419486632895,-0.8165335459556466,5.93525179856115,-0.9332791035356006
2024-05-16,436359,11550,2,40,5,2,0,0,0,2.01770162193499,-2.4916902486219357,,-1.1224727779233592
2024-05-17,423023,11787,4,21,4,2,0,0,0,1.0176676218678844,-2.4444360326614247,,-0.9159727146748625
2024-05-18,261552,9196,3,39,0,0,0,0,0,-0.31870919964573996,-4.331028479328846,,-0.8884616548709175
2024-05-19,240026,8337,0,16,0,0,0,0,0,,-2.0866171535170124,,-0.5158441976646277
2024-05-20,389184,11126,7,16,0,0,0,0,0,1.1286863068397626,-2.913746175780829,,-1.4069301688055034
2024-05-21,433262,11739,2,10,0,1,0,0,0,4.073340799402715,-2.236202032177211,,-1.3483820907237827
2024-05-22,443505,11876,5,8,0,0,1,0,0,0.5444019444703487,-3.327795513910755,0.714285714285714,-1.2614081407290518
2024-05-23,438395,11617,2,99,1,0,0,0,0,-2.96751355496086,-8.618074230284693,,-1.366389269897957
2024-05-24,412767,11856,2,27,1,2,0,0,0,2.5675389311752945,-4.536600267365588,,-1.17197807428961
2024-05-25,263159,9183,4,7,2,0,0,0,0,4.9376603296090895,-3.6437273811438167,,-0.9558697256727146
2024-05-26,246338,8035,2,11,0,1,0,0,0,0.5307770948911148,-1.930801398754602,,-0.6384847919503188
2024-05-27,366440,11327,2,12,0,0,0,1,0,-1.0187265917603003,-3.992593888980712,,-1.1154084750621522
2024-05-28,428689,11585,1,39,1,1,0,0,0,1.32701421800948,-5.920561313620863,,-1.140937854130342
2024-05-29,440298,12005,1,50,0,1,0,0,0,-1.82149362477231,-5.412014069113652,,-1.185440940282499
2024-05-30,427155,11678,1,19,0,1,0,0,0,-2.73515677118079,-3.5784541750582943,,-1.0366435728674719
2024-05-31,423782,11676,3,18,1,0,0,0,0,-1.5083988964567832,-4.016924236257144,,-1.0117113337827135
2024-06-01,269359,8870,2,20,0,2,1,0,0,-2.3597025016903297,-2.4421033713072067,-1.96078431372549,-0.5991188158895713
2024-06-02,238693,7853,0,15,0,1,0,0,0,,-3.1746943154302554,,-0.4275921231776736
2024-06-03,402364,11288,4,11,0,0,0,0,0,0.7365178691836776,-3.0178887331105346,,-0.9457757507811639
2024-06-04,438224,11827,2,40,2,0,0,0,0,-0.5585165536727801,2.5680808192365854,,-0.8564171230726748
2024-06-05,442053,11536,5,66,3,0,0,0,0,0.7566345236513322,2.9953598197930513,,-0.6818541610221942
2024-06-06,440029,11653,3,34,0,9,1,0,0,-1.357190686114647,-1.4600789281173994,0.992555831265509,-0.8328330125296421
2024-06-07,415720,11362,1,36,1,0,0,0,0,-0.126182965299685,-2.738567131083522,,-1.0121927500167687
2024-06-08,265115,8884,2,33,3,2,0,0,0,-2.259224515322077,-3.704129248756327,,-0.9045910974427387
2024-06-09,253891,7965,3,51,0,0,0,0,0,-4.866499452092411,-2.664589360766625,,-1.2307794527952294
2024-06-10,390765,11069,0,14,2,1,0,0,0,,-2.175341369067241,,-1.164875548590004
2024-06-11,433231,11314,1,14,0,0,0,0,0,1.47058823529412,-2.4786425419429396,,-1.0684838149495168
2024-06-12,427861,11179,0,17,1,0,0,0,0,,-2.430277175394127,,-1.087796588930414
2024-06-13,435845,12119,2,21,0,0,1,0,0,-5.026073640790759,-3.799727532976949,-1.67064439140811,-0.9173982548945915
2024-06-14,413559,11564,2,102,1,0,0,0,0,4.27289709790302,-4.8909446766851135,,-0.6376593043278405
2024-06-15,265639,9202,1,62,1,0,0,0,0,4.89977728285078,-5.063472924136964,,-1.052305546541499
2024-06-16,233082,6931,1,41,0,0,0,0,0,-1.60550458715596,-4.940147722651274,,-1.892452144059076
2024-06-17,378189,7220,3,46,0,1,0,0,0,-0.637268989991127,-3.519901151990471,,-1.4505708197194864
2024-06-18,421546,7546,2,26,0,1,1,0,0,4.48095673046286,-4.47799825000057,7.82122905027933,-1.1637905766724626
2024-06-19,412121,7875,1,19,0,0,0,0,0,1.61290322580645,-4.3192876684670996,,-1.559924231725889
2024-06-20,428550,9212,1,12,0,1,0,0,0,1.05263157894737,-1.8760974373270716,,-1.7023242974634465
2024-06-21,404979,9362,0,20,1,1,0,0,0,,-3.243740075126847,,-1.7355421546746266
2024-06-22,254067,7636,0,26,0,0,0,0,0,,-3.6137640363650863,,-1.8104478821227095
2024-06-23,232127,7385,0,35,0,0,0,0,0,,-3.4853420557934363,,-1.8007349244115807
2024-06-24,387207,10566,2,7,1,3,0,0,0,0.5187639470962848,-2.569794845502757,,-1.3641483812632231
2024-06-25,429525,11030,2,17,0,1,0,0,0,-0.10823332826978493,-4.573243585656452,,-1.2027406723513583
2024-06-26,432292,11264,2,18,1,0,0,0,0,0.06913555326465454,-1.3602056390288255,,-1.133018093871057
2024-06-27,429822,11308,2,12,0,0,0,0,0,-0.15806711503432852,-1.9001913885634965,,-0.9899745101170654
2024-06-28,416313,11095,5,8,1,0,0,0,0,0.3953512633569287,-3.81821866641283,,-0.833452179131214
2024-06-29,261705,8534,2,9,3,0,0,0,0,-1.28087632015362,-1.297098260544074,,-1.3949811599198363
2024-06-30,238290,8083,2,12,0,1,1,0,0,0.28177557975846,-3.3682432575126118,1.70454545454545,-1.2743168656075603
2024-07-01,396606,11267,2,5,0,0,2,0,0,-6.761250118923035,-3.668929796900286,-6.761250118923035,-1.194104643588452
2024-07-02,415916,11720,2,25,0,1,0,0,0,-0.3896172873228325,-2.0731618730109376,,-1.1366289635437985
2024-07-03,410650,11895,0,17,2,1,0,0,0,,-2.6621691631742066,,-0.7705851516682183
2024-07-04,385105,11592,1,10,0,2,0,0,0,-2.1486643437863,-0.9830782686012937,,-1.3265072376854716
2024-07-05,387967,11408,4,18,0,0,0,0,0,-0.42103939559179016,-2.6073211106965015,,-1.1432859018762207
2024-07-06,249397,8962,1,3,0,2,0,0,0,-5.06787330316742,-3.670255183413078,,-0.993207898183434
2024-07-07,231809,7968,4,4,2,0,0,0,0,-6.747698770251331,-3.2866293942545326,,-0.9875737805182676
2024-07-08,382677,11147,0,10,1,0,0,0,0,,-2.2219078506498984,,-0.8681814640698013
2024-07-09,416192,11693,4,13,2,1,0,0,0,-1.5878496275874208,-2.1611745115036607,,-1.1745084520607099
2024-07-10,424241,11816,1,76,0,39,0,0,0,-0.420168067226891,-5.370656225851831,,-1.0785832671198532
2024-07-11,423621,11673,5,11,0,7,2,0,0,-2.2893217918289923,-5.301476292447602,-3.447778173976535,-1.0621394670502113
2024-07-12,399912,11597,0,16,0,3,0,0,0,,-3.293090289502376,,-1.0572774546944954
2024-07-13,252660,8608,0,15,0,2,0,0,0,,-3.2199803528170214,,-1.7196118661673658
2024-07-14,250020,8214,1,13,0,1,0,0,0,-4.18848167539267,-3.261672074102118,,-1.7076823466254736
2024-07-15,382765,10391,4,19,0,2,0,0,0,-3.1617761704296097,-2.068669447316673,,-1.2950098401468182
2024-07-16,415755,12395,2,21,0,2,0,0,0,-0.8489499975365098,-1.8963849970865416,,-1.2594484418034486
2024-07-17,415018,11953,4,13,0,0,0,0,0,-2.892755366916755,-2.081383859222326,,-1.3221310102619945
2024-07-18,420418,12520,2,17,0,2,0,0,0,-3.8019389229507548,-4.019383911629268,,-0.9829356758660563
2024-07-19,405836,12485,2,17,0,0,0,0,0,-1.9597393494177484,-2.2466248088861787,,-1.2994673579626974
2024-07-20,251567,8870,3,25,0,1,2,0,0,-0.550987582834717,-3.0659822440937887,-0.030303030303030498,-1.0003973096225847
2024-07-21,235146,8020,0,23,0,2,0,0,0,,-5.165542616535647,,-1.2252239673366376
2024-07-22,382919,11492,2,20,0,2,0,0,0,0.68530701754386,-3.8518970361719544,,-1.0578446540473687
2024-07-23,409840,11878,10,11,0,0,0,0,0,0.9201044272563306,-3.012605084628305,,-1.2493467618944218
2024-07-24,419509,12599,6,11,2,0,0,0,0,0.06598518245012622,-3.0538293942380146,,-1.4337245645305465
2024-07-25,414839,12548,2,16,1,2,0,0,0,1.7448440435178,-1.7291696603931679,,-1.3561830272930744
2024-07-26,404123,12084,3,16,0,0,2,0,0,-2.3536738409171685,-1.1311309471262956,-3.131627634132035,-1.2713213117924673
2024-07-27,254294,9236,1,24,0,0,0,0,0,2.8169014084507,-1.4276314998312905,,-1.825516593752575
2024-07-28,232028,8598,1,11,2,1,0,0,0,4.71698113207547,-2.450961358073797,,-1.6523888890882148
2024-07-29,384717,11728,2,10,2,0,0,0,0,1.356725734997985,-2.524708978250377,,-1.5610620246723248
2024-07-30,418975,12352,1,16,0,0,0,0,0,2.099533437014,-2.213174111120892,,-1.4399917300024891
2024-07-31,422125,12719,4,7,0,0,0,0,0,-2.641373943868805,-2.2511728348483415,,-1.9131827473631227
2024-08-01,416173,12311,11,10,0,1,0,0,0,-3.069764944805042,-2.2314878214788347,,-1.3472768287988264
2024-08-02,391478,11699,3,8,1,0,0,0,1,-2.20112320169088,-2.2602437169422567,,-1.5464422968816962
2024-08-03,248108,9313,11,7,10,0,9,0,10,-4.473686213904048,-4.771153390675821,-4.5363790534229995,-1.5353656997846918
2024-08-04,224759,8588,7,12,1,0,2,0,1,-1.773867026917456,-3.303185310505321,1.21400338791643,-1.7049007951558621
2024-08-05,376774,11896,12,5,0,2,6,0,0,-2.5840745302427255,-3.742664954147264,0.885879388565405,-1.7462210229860327
2024-08-06,398169,11920,4,9,0,0,1,0,0,-1.9212265354396179,-3.109034602602439,-0.681818181818182,-1.601234306310237
2024-08-07,408542,12095,6,19,0,3,0,0,0,-2.6132134442152584,-3.6281233176013212,,-1.7453969895737218
2024-08-08,413214,11965,1,44,0,1,0,0,0,-2.60756192959583,-5.505520903777747,,-1.3912648445158862
2024-08-09,383962,11110,10,108,7,9,8,0,7,-4.568510965858757,-6.437209640984179,-5.1152390162945975,-1.5006063252135338
2024-08-10,254472,9681,6,24,1,0,3,0,0,-4.471634404957317,-4.440351569954538,-7.027233667304577,-1.6904894439751192
2024-08-11,225473,8855,0,7,0,0,0,0,0,,-2.3893756065330085,,-1.7119374925725017
2024-08-12,363098,11385,4,10,1,3,1,0,0,-3.67314017886231,-2.2972646873495277,-10.3092783505155,-1.589318928741362
2024-08-13,395651,12187,3,9,0,1,0,0,0,-5.511997070617756,-3.7070361774212177,,-1.2181701811683765
2024-08-14,403773,12352,9,10,1,0,0,0,0,-2.0236674088040187,-2.79738123289576,,-0.9725901443361862
2024-08-15,379302,12154,6,3,0,0,0,0,0,-1.4006470822922776,-3.352455880029003,,-1.3354533987846686
2024-08-16,379116,12172,5,3,0,1,1,0,0,-0.8124759964011699,-0.7397805982765785,3.6144578313253,-1.4745133364394305
2024-08-17,247702,8835,5,6,0,0,1,0,0,-1.497851414511926,-2.5025544373619524,3.6231884057971,-1.9285245657748116
2024-08-18,224721,8532,2,10,0,0,0,0,0,-2.586197236758065,-2.907522696282024,,-1.9507866549522601
2024-08-19,365048,11429,4,10,0,0,0,0,0,-4.90221765522303,-0.4076768709140379,,-1.4146915249713903
2024-08-20,400129,12039,6,10,0,1,6,0,0,-0.3996534244913435,-0.4248677728279101,-0.3996534244913435,-1.3476263265414024
2024-08-21,407086,11552,4,9,0,1,3,0,0,-0.4971197019504028,-4.18963238001316,1.0451156607071763,-1.6430680820836077
2024-08-22,408117,12073,5,15,0,0,0,0,0,-2.042131066427486,-4.352746769026231,,-1.3171470392947677
2024-08-23,387603,11436,2,12,0,10,2,0,0,2.02020202020202,-4.395946600867236,2.02020202020202,-1.3493252902497062
2024-08-24,249463,8855,1,11,0,3,1,0,0,-3.52504638218924,-4.548458164278079,-3.52504638218924,-1.6481168091745406
2024-08-25,228226,8718,1,49,0,0,0,0,0,-1.49333333333333,-6.36968905729128,,-1.5562121454346327
2024-08-26,364476,12190,3,15,0,1,0,0,0,-3.8188608776844037,-5.386040850964448,,-1.583555394133265
2024-08-27,399834,12297,11,8,0,2,0,0,0,-1.3758618587616152,-3.897443781254467,,-1.2273566393173132
2024-08-28,411785,12045,3,8,1,6,0,0,0,-3.33402389492762,-2.987793815834778,,-1.3105487203100694
2024-08-29,413741,11991,2,36,0,4,1,0,0,-1.2235417280073273,0.20595417724894216,-2.89855072463768,-0.8887630526368155
2024-08-30,394404,11619,3,19,1,6,0,1,0,0.6323850448838366,-1.6700151698740555,,-0.40778095069760933
2024-08-31,256558,9423,2,9,0,0,1,0,0,-0.15456869389453742,-3.0438831017767876,0.749063670411985,-0.7738209728512995
2024-09-01,235677,8492,1,12,0,0,0,0,0,-0.675219446320054,-2.0608580576650715,,-1.2530218284504677
2024-09-02,355802,11370,0,27,0,2,0,0,0,,-1.7247082318662454,,-1.164904254400203
2024-09-03,404303,11433,8,17,0,0,0,0,0,-1.6871866951578844,-3.236788510005758,,-1.392005647410378
2024-09-04,427481,11576,3,16,0,2,1,0,0,-1.5143888401131584,-5.485343200125873,0.0,-1.1223939163774495
2024-09-05,429563,12513,2,8,0,0,0,0,0,0.0803745865062302,-3.2252600551355286,,-1.044108252711934
2024-09-06,410537,12004,2,3,1,4,0,0,0,-2.038289995268872,0.005428741038233764,,-1.0262268255710787
2024-09-07,262433,9242,4,12,0,0,0,0,0,-3.1031564028506384,-2.3448508181323717,,-1.1249793005956006
2024-09-08,241981,8479,3,6,0,0,0,0,0,-5.6267292107266,-3.157545227078793,,-1.4368292057721679
2024-09-09,401184,11681,0,9,0,0,0,0,0,,-1.3943322396787716,,-0.9508205359141063
2024-09-10,433701,12134,3,14,0,0,0,0,0,-0.4723958781009099,-5.117140522472057,,-1.6409786178566381
2024-09-11,434248,12257,2,9,0,2,0,0,0,0.2492522432701895,0.0593443397178276,,-1.5381355682620772
2024-09-12,436610,11870,7,8,1,0,1,0,1,1.543806069096009,-1.5895396459890307,5.88235294117647,-1.3444292448804733
2024-09-13,414968,11746,0,13,0,0,0,0,0,,-0.6911159214994225,,-1.0691928868214475
2024-09-14,265963,9613,0,17,0,0,0,0,0,,3.261640279916336,,-0.8903205977138394
2024-09-15,237950,8416,2,20,0,1,0,0,0,3.907828597023838,-3.551273950864136,,-1.7608448048034662
2024-09-16,381135,11709,0,8,0,0,0,0,0,,-2.3301993091266797,,-1.2342404536937166
2024-09-17,414917,12264,5,15,0,1,0,0,0,0.989692739973286,-1.750389842778493,,-1.2954811533418178
2024-09-18,432789,12397,1,10,0,2,0,0,0,1.1887072808321,-1.478520314894189,,-1.4496407021737956
2024-09-19,426305,12501,1,7,0,2,0,0,0,-4.66321243523316,-3.6404474521295502,,-0.9298053119011613
2024-09-20,402144,11078,0,10,0,0,0,0,0,,-0.3781822815316729,,-1.217600173404561
2024-09-21,262949,9788,4,10,1,0,0,0,0,-3.8162999297857025,0.14535039063436817,,-1.6283147589901614
2024-09-22,241353,8817,0,7,0,2,0,0,0,,-1.7137594664731959,,-1.6985018563569974
2024-09-23,396014,12057,2,7,0,1,1,0,0,-5.288074133763095,-2.0183648363080016,-4.41176470588235,-1.7853791490362232
2024-09-24,430249,12496,4,6,6,3,2,0,0,-4.891553937813995,0.2715381410309183,-5.21793054571226,-1.369331312398103
2024-09-25,437466,12863,2,14,0,0,0,0,0,-5.08241758241758,-0.1656861959339529,,-1.1619460068679557
2024-09-26,435357,12859,3,8,0,1,0,0,0,-1.872697985963803,-1.8770093137275672,,-1.1921245666964997
2024-09-27,410178,11751,3,24,0,0,1,0,0,-4.68053200119876,-4.682355514221628,-3.59477124183007,-1.2822361754827825
2024-09-28,258868,9139,1,20,1,0,1,0,0,-4.48430493273543,-2.990936284232098,-4.48430493273543,-1.6377688271541833
2024-09-29,245776,8883,0,21,0,0,0,0,0,,-4.26622307939812,,-1.6858525647432894
2024-09-30,397191,11646,4,41,0,0,0,0,0,-1.0983308873131052,-3.7628758049344087,,-1.7087193781224739
2024-10-01,425040,12580,11,51,1,0,0,0,0,-2.9454371592793684,-5.903848328144371,,-1.4149886527537057
2024-10-02,417310,12653,55,14,1,2,6,0,0,-3.967356939983995,-3.6882765773781925,-3.6020072790329065,-1.8503664887316598
2024-10-03,408227,12982,35,8,3,1,1,0,0,-4.183209209965372,-2.7580284409525335,-4.96894409937888,-1.4232893867444223
2024-10-04,395356,11689,64,122,0,0,15,0,0,-4.736359704078307,-4.929231901293659,-5.955510497910431,-1.293430707822567
2024-10-05,252781,9421,17,106,0,0,0,0,0,-4.701261388744305,-5.154106509826827,,-1.6452954535783113
2024-10-06,236284,8738,23,11,3,0,3,0,2,-2.7712207162702076,-3.825985776650778,-3.1352611947440137,-1.901070013764777
2024-10-07,387792,12015,16,19,3,1,4,0,1,-4.322063911163323,-3.3480575120086336,-5.143221138419882,-1.7988881230117708
2024-10-08,430753,12212,34,13,12,2,3,1,0,-3.2128032094945946,-2.5383277360753724,-3.0964488981882403,-1.571752131916465
2024-10-09,427864,13016,30,9,2,0,1,0,0,-2.636941532355438,-3.503785857823001,-2.37087214225233,-1.5375844657999866
2024-10-10,416262,12697,16,36,3,0,2,0,0,-2.4132167542778697,1.4736597834030314,-3.3275442099884303,-1.5491754628371965
2024-10-11,393143,11967,5,34,0,1,0,0,0,-3.346613039983608,-1.4215132651289095,,-1.4171406054091047
2024-10-12,251045,9390,14,17,1,0,1,0,0,-1.8217246155249236,-2.052471408812395,-2.29568411386593,-1.544923375134375
2024-10-13,230650,8639,12,7,1,2,5,0,0,-4.499864217343768,-1.2266010622056265,-5.2093864559883425,-1.7472435872108782
2024-10-14,384957,12190,8,11,0,1,0,0,0,-4.304030299188922,-1.8474696313300514,,-1.73434644734099
2024-10-15,416703,12286,17,16,2,2,5,0,0,-1.7917418797705094,-1.1729546329050917,-1.3547794815422693,-1.4664338793204668
2024-10-16,424947,11988,13,29,2,1,4,0,0,-2.130868112371499,-0.9389604141876562,-3.93690236080741,-1.2658077439624313
2024-10-17,428737,12903,7,66,0,0,0,0,0,-3.368729547346919,-3.5847066816382807,,-1.399988406691558
2024-10-18,398442,11682,5,16,2,1,2,0,0,-3.453913246132136,-2.8891319916777283,-3.86656557998484,-1.3596412956364443
2024-10-19,252599,9605,1,22,0,2,0,0,0,-7.64044943820225,-2.6467558364850428,,-1.2568859466980182
2024-10-20,238585,8782,3,16,2,0,0,0,0,-2.9224934840024224,-1.513186820278836,,-1.4435962039002155
2024-10-21,385024,11284,8,18,1,2,1,0,0,-0.6836626639851708,-1.1028085193794381,-2.77777777777778,-1.3290764088517397
2024-10-22,427605,12742,4,11,1,1,0,0,0,-3.7812903627263976,-3.0039990288339316,,-1.0711440462466228
2024-10-23,431289,12627,6,13,1,0,0,0,0,-1.2521492277286155,-0.5129064822847565,,-2.020989728067845
2024-10-24,433618,12936,2,14,2,0,0,0,0,-2.334722083246155,-3.1863024719331383,,-2.347764356074592
2024-10-25,409205,11653,38,7,1,0,6,0,0,-6.868439974155862,-4.8266156071772475,-6.275995635599512,-1.6896762057580432
2024-10-26,255957,9212,8,12,2,0,4,0,0,-3.1015021500450515,-7.562249426625113,-3.8456914747116624,-1.6323854886447697
2024-10-27,240350,8358,5,4,0,2,2,0,0,-1.4289844810469583,-3.7407688572967324,-1.025642462064765,-1.4897154346060697
2024-10-28,395536,11710,9,30,1,7,2,0,0,-3.819686567069524,-5.268143313933471,-6.6889662034949104,-0.9674108192146125
2024-10-29,429389,11261,1,29,0,7,0,0,0,0.0,-4.780676489818479,,-0.18615692469156117
2024-10-30,433552,12395,6,7,0,1,1,0,0,-3.3964931542236494,-2.7089681631672593,-5.62770562770563,-1.1632168864977974
2024-10-31,416232,12616,3,12,0,0,1,0,0,2.4948666954181946,-4.346013991761483,5.05050505050505,-1.4176107751206566
2024-11-01,381221,11858,6,27,0,0,0,0,0,-4.095217055954606,-2.1321198435573807,,-1.4457668333420055
2024-11-02,257638,9919,2,31,0,0,0,0,0,-1.7762809146909917,-3.0786363041425417,,-1.4629145242537687
2024-11-03,232256,8412,7,8,0,0,0,0,0,-1.9934064846384816,-3.3031790763246938,,-1.3429923276617264
2024-11-04,385369,11554,6,11,0,0,2,0,0,-1.1459734793981882,-2.344792657626748,4.16445623342175,-1.3061919328932161
2024-11-05,428024,12449,5,19,0,0,5,0,0,3.725434924288666,-2.4885434274910354,3.725434924288666,-1.1973774133955564
2024-11-06,453335,12653,3,11,1,0,1,0,0,-4.172406160999802,-2.9053029338438274,-3.04182509505703,-0.7001860893195881
2024-11-07,433006,12878,11,7,1,3,0,0,0,-4.450855086293655,-1.8036653033228172,,-0.7703912239284095
2024-11-08,409939,12218,2,10,0,0,0,0,0,-2.55933389719993,-1.8681045629926611,,-0.8987968081884405
2024-11-09,263041,9849,3,8,0,0,0,0,0,-2.9587990992208435,-3.1779068482095925,,-1.0863057192741683
2024-11-10,232155,8747,4,14,0,0,0,0,0,-3.2107479461079023,-3.7673756659162403,,-0.9727503962131702
2024-11-11,380230,11595,3,10,2,1,0,0,0,2.2374595269130766,-3.266678734999606,,-1.2723284185130521
2024-11-12,429620,12019,6,27,2,1,0,0,0,0.7763252366652995,-5.29296836794474,,-1.3032771699825723
2024-11-13,439702,12068,6,65,1,4,2,0,0,-0.6879536099705875,-3.9643758111551506,-4.548483098654115,-1.2214099672588055
2024-11-14,434156,12288,4,99,1,1,0,0,0,-1.7909802678466948,-4.3031492260751785,,-1.1884068201837892
2024-11-15,411702,12285,3,16,0,1,0,0,0,-1.2825679129149732,-3.1102197199987986,,-1.117356897093569
2024-11-16,260438,9460,0,8,0,0,0,0,0,,-5.48226687614359,,-1.2089469450538415
2024-11-17,238303,8629,1,12,0,0,0,0,0,-0.667302192564347,-3.907206890374065,,-1.678325208127183
2024-11-18,390269,12007,2,38,2,0,0,0,0,-2.6456639566395648,-5.456938240365833,,-1.3531944990266545
2024-11-19,433857,12714,1,23,0,1,0,0,0,-0.72829131652661,-5.0830354550756125,,-1.3094647915378337
2024-11-20,436010,12888,2,6,0,1,0,0,0,-1.071957000936075,-2.85375229419944,,-1.4858233440725133
2024-11-21,439258,12923,1,12,0,1,0,0,0,0.167785234899329,-3.441470553358503,,-1.635639972566564
2024-11-22,419010,12583,0,15,2,4,0,0,0,,-3.3480816218173324,,-1.4048269034293106
2024-11-23,263039,9898,4,7,1,0,1,0,0,-3.1227750708090096,-2.4044517874395135,-0.335570469798657,-1.1539274742145038
2024-11-24,237894,9661,2,5,0,0,0,0,0,0.156626994902912,-3.465414343333716,,-0.737057736999486
2024-11-25,397028,12662,1,6,1,2,0,0,0,-5.74712643678161,-3.2482967548779667,,-1.1331257779523451
2024-11-26,428627,12704,1,8,1,0,0,0,0,-0.667302192564347,-2.890186036366451,,-1.091512859627454
2024-11-27,432750,13010,8,36,0,1,3,0,0,-0.6113357842383726,-2.8088430685114814,-2.671701820637993,-1.0718301023842656
2024-11-28,396479,13302,4,13,0,1,0,0,0,-2.52465188026373,-2.7079867518925713,,-1.2762368672797761
2024-11-29,376525,12592,1,10,1,3,0,0,0,3.7328094302554,-0.7927539639844441,,-1.2858293706117467
2024-11-30,254859,9639,2,9,1,0,0,0,0,-1.0959405298431797,-2.010864156058619,,-1.5517290104156105
2024-12-01,240150,8789,1,8,0,1,0,0,0,6.72963400236127,-4.7786783130119606,,-1.597021552601668
2024-12-02,396004,11752,2,14,1,2,0,0,0,5.423506188963755,-2.796678768387991,,-1.3018819412584337
2024-12-03,430703,12891,7,11,1,0,0,0,0,-6.4569069413145606,-0.9730718816167166,,-1.445968613599401
2024-12-04,431776,12662,0,6,1,5,0,0,0,,-3.2973129962067333,,-1.468712214242395
2024-12-05,429232,12981,0,5,2,3,0,0,1,,-3.0873460565157123,,-0.9614546017746982
2024-12-06,400175,12214,0,5,0,1,0,0,0,,-4.18279163853364,,-1.1179174792956026
2024-12-07,260617,9909,1,21,0,0,0,0,0,0.411522633744856,-3.965424454882716,,-1.4230372187577474
2024-12-08,232029,8687,1,10,1,0,0,0,0,7.26495726495726,-4.304719936663088,,-1.3374490623284896
2024-12-09,386803,11994,2,11,1,0,0,0,0,2.8176355163110123,-2.263856536833684,,-1.4734507043685146
2024-12-10,429565,13380,2,9,3,0,0,0,0,2.55271095169821,-2.5273402268745597,,-1.2494829960802423
2024-12-11,428245,13179,4,12,2,0,0,0,0,0.6366660709135552,-2.691939379696362,,-1.208394514829725
2024-12-12,433669,13221,6,8,1,0,1,0,0,-2.281829894134375,-1.2580519767292955,-2.14477211796247,-1.0409117912838999
2024-12-13,407145,11903,4,6,3,1,1,0,1,1.2736938590712379,-2.195649153350324,5.51724137931035,-1.208665341709266
2024-12-14,262401,9771,13,10,13,0,0,0,1,0.6099491428961935,-0.0643101512436128,,-1.2694451545491632
2024-12-15,232259,8653,3,9,2,0,0,0,1,-0.539765000480293,0.39679833723393176,,-1.3808035245081451
2024-12-16,395580,12297,1,9,1,1,0,0,0,4.10094637223975,-0.690068800306758,,-1.4614129830794296
2024-12-17,430543,13868,2,9,0,1,0,0,0,2.0484511008704542,-1.817455903267725,,-1.2714030621129782
2024-12-18,425445,12257,6,5,1,0,1,0,0,2.3964883467246154,-0.12546090814229469,0.510204081632653,-0.9953592294710063
2024-12-19,424637,12889,2,28,2,1,0,0,0,3.66575721611786,-2.1881054852124326,,-1.0276188147901921
2024-12-20,399210,11800,5,12,1,1,1,0,0,1.969645846003794,-2.0239569199304035,-5.71923743500867,-1.4063166276444001
2024-12-21,252814,9139,9,10,4,0,2,0,0,4.031735033574194,-2.0027763028798597,2.908167210936485,-1.635615652734504
2024-12-22,225160,8405,1,32,0,1,0,1,0,3.30434782608696,-4.665285387346698,,-1.5314549985049286
2024-12-23,345430,11260,4,8,1,1,2,0,0,0.7340628178780721,-4.162216756018811,3.450189319754535,-1.223815146359043
2024-12-24,314524,11745,5,16,1,0,2,0,0,-0.4158630312049031,-4.356525219975948,-0.06807799490157507,-1.3303552133352252
2024-12-25,241630,12427,1,8,0,0,0,0,0,-1.03567318757192,-4.230841846078336,,-1.4286148868003896
2024-12-26,296691,12197,2,30,1,0,1,0,1,-1.069622353487755,-2.3467099212213545,-3.69230769230769,-1.4674430224144341
2024-12-27,325321,11799,3,25,0,1,1,0,0,-1.353031467603213,-2.513091579517963,1.39426800929512,-1.2466453090630452
2024-12-28,237137,9251,1,23,2,0,0,0,1,-2.10057288351368,-2.8302279049170247,,-1.358056763944406
2024-12-29,221070,8580,0,11,0,0,0,0,0,,-1.2803177991299954,,-1.2258180079575958
2024-12-30,327047,11709,0,8,0,2,0,0,0,,-3.874284070188028,,-1.1815606494177238
2024-12-31,307353,11448,2,17,1,2,1,0,0,-0.96153846153846,-4.740612274750272,0.0,0.06149805487916839
2025-01-01,233551,9150,3,22,2,0,0,0,0,-2.8926740454615545,-5.323111717537806,,-1.095901364643042
2025-01-02,329908,11191,1,18,0,1,0,0,0,1.01596516690856,-4.936662327851217,,-0.9611004807418396
2025-01-03,350928,11504,2,29,0,2,1,0,0,0.891632373113855,-5.071372960832311,0.0,-1.0470400665516468
2025-01-04,241726,8979,1,5,0,0,0,0,0,-0.867888138862102,-5.266605434507426,,-1.334886875966488
2025-01-05,214911,7942,3,8,0,0,0,0,0,-0.9843089572115105,-3.3928535602827266,,-1.2719790764253829
2025-01-06,348544,11299,2,10,0,1,0,0,0,1.350678098579365,-3.8674258729284725,,-1.1741836061752635
2025-01-07,394689,11590,2,16,0,1,0,0,0,-2.815015269192785,-1.786520733747602,,-1.0564774066796674
2025-01-08,405622,12107,2,9,0,1,0,0,0,-3.92878920690575,-3.6599583567180645,,-1.42569248335365
2025-01-09,406902,11987,0,59,0,2,0,0,0,,-1.2712102095089857,,-0.8653251182501499
2025-01-10,399859,11546,3,18,1,0,1,1,0,-0.20859829827829324,-3.8753284477838426,-2.64550264550265,-1.2319765575383348
2025-01-11,252567,9153,4,13,0,0,3,0,0,-0.00592050842525893,-3.8652931563666466,1.0028728531917217,-1.5081746154211402
2025-01-12,223321,8751,0,7,1,0,0,0,0,,-3.516216906120294,,-1.2601668767598044
2025-01-13,384955,11970,1,25,0,1,0,0,0,-3.13293818797629,-1.9432533749731509,,-1.3413283652016854
2025-01-14,420891,11974,2,18,0,2,0,0,0,-2.8480174609738347,-1.0560081651632733,,-1.4921739018721636
2025-01-15,430957,12340,1,10,1,0,0,0,0,1.97628458498024,-2.128869099121048,,-0.899530387816327
2025-01-16,424541,12559,4,16,3,2,0,0,2,-1.6567626575651249,-2.752568529403976,,-0.920591282891137
2025-01-17,414705,12404,7,50,2,0,0,0,0,0.8566941886100686,-3.451721110272916,,-0.9807006546556974
2025-01-18,259261,9400,0,18,0,1,0,0,0,,-2.928431741493637,,-1.3343646052184681
2025-01-19,237891,8617,2,18,0,1,1,0,0,-2.65073831009024,-1.1745323559479783,-1.44927536231884,-1.2099279994742609
2025-01-20,378398,11807,2,25,0,0,0,0,0,-0.7729718989987999,-3.429527060016206,,-0.812323011414297
2025-01-21,418936,11924,3,72,0,1,2,0,0,-3.31095881680068,-0.10119516450872842,-2.2040072859745,-1.6413692255374863
2025-01-22,428373,11913,5,18,2,3,1,0,0,1.6748689288925809,-2.1297538949555204,-1.63934426229508,-1.8364706106447592
2025-01-23,425055,12561,11,49,1,1,8,0,0,-0.6322808047590563,-3.636858784305035,-0.033941554368082494,-1.3524957909450492
2025-01-24,393913,11798,6,22,3,1,3,0,0,0.9463446106472121,-1.3051850898125146,0.5924528146750374,-1.3224513756657708
2025-01-25,254042,9190,6,15,1,1,4,0,0,0.6475924557678466,-0.9508946506124125,0.3712575878648945,-1.1338750614647202
2025-01-26,228042,8458,4,6,0,0,0,0,0,-0.16238676170255095,-1.2981761967098018,,-1.1577414113900637
2025-01-27,365263,11660,1,5,0,2,0,0,0,0.0,-3.3527787260990203,,-1.2370588137508738
2025-01-28,399981,12270,3,5,1,0,0,0,0,-2.892003826222237,-2.601618087387082,,-1.26169282344942
2025-01-29,402487,12569,7,4,0,1,1,0,0,0.6514779677875326,-4.1921622445700875,-3.02013422818792,-1.1585327740402203
2025-01-30,400415,12306,1,6,0,1,0,0,0,2.68336314847943,-2.2412586776195065,,-1.2314165781214408
2025-01-31,387655,11839,1,17,0,1,0,0,0,6.00961538461539,-2.3162223834334688,,-1.1870697604297809
2025-02-01,253327,8981,1,9,0,0,0,0,0,-0.483091787439613,-2.3941231337487516,,-1.601642524532278
2025-02-02,229161,8385,3,60,0,2,1,0,0,0.19485734550143768,3.2622718651708924,0.429184549356223,-1.4279358972903637
2025-02-03,378349,11809,1,14,0,1,0,0,0,-3.9389638041164,-0.6434609176905333,,-1.3385835959302685
2025-02-04,401779,12085,4,16,1,5,4,0,0,1.9312364738893173,-4.169738400357262,1.9312364738893173,-1.3367357944996083
2025-02-05,420245,12226,0,8,0,1,0,0,0,,-2.7681283750579424,,-1.252741633829116
2025-02-06,415037,12956,3,8,0,1,0,0,0,-0.15605578159953315,-3.8511434695386635,,-1.1215408993930136
2025-02-07,391389,11432,1,8,0,0,0,0,0,-3.65198711063373,1.7483463614706016,,-1.4792752211668303
2025-02-08,258707,9284,1,6,0,1,0,0,0,1.67364016736402,-2.5509290386587384,,-1.4933196369663997
2025-02-09,224029,8467,10,9,2,0,0,0,0,-1.9965066416715598,-2.5509341802814336,,-0.9580312743989464
2025-02-10,375385,11440,5,15,6,2,1,0,1,-0.8354688241339081,-3.011405350838407,0.348432055749129,-1.045281981881176
2025-02-11,410574,11959,2,34,0,0,0,0,0,-3.416605437178545,-1.0553198752211927,,-0.9131816271034656
2025-02-12,415761,12265,4,10,0,10,1,0,0,-0.9300826290423224,-0.4790785346834401,0.0,-0.8274491379369002
2025-02-13,422100,12894,5,12,3,1,1,0,0,-0.44073433469297374,-3.1617719384596987,0.0,-0.8162496979745951
2025-02-14,394317,11514,4,24,0,0,1,0,0,-0.3391419060131442,-1.9672256559803782,2.54777070063694,-1.138893516011037
2025-02-15,253506,9222,0,10,0,1,0,0,0,,-1.8287841265628395,,-1.561446508909552
2025-02-16,229120,8334,0,11,0,1,0,0,0,,-0.6696676049295872,,-1.0559578601115922
2025-02-17,355559,11624,1,9,0,0,0,0,0,-2.40506329113924,-0.6390520919962104,,-1.1106608486785394
2025-02-18,391509,12209,5,20,0,1,0,0,0,1.4654417243500957,-0.6442517987584675,,-1.2176224547524057
2025-02-19,416124,12634,4,29,0,0,0,0,0,1.53280877907437,0.4828265319676097,,-0.9513506930093084
2025-02-20,418246,12972,3,22,0,2,0,0,0,-2.255785904824763,-1.6828145488777984,,-0.8626348937641106
2025-02-21,398467,12114,1,4,1,1,0,0,0,-2.8328611898017,-0.2581174040906442,,-0.6542379500854298
2025-02-22,256812,9097,0,5,0,3,0,0,0,,-4.502573276616096,,-0.9976574273729296
2025-02-23,233893,8632,1,6,0,1,0,0,0,2.23285486443381,-2.028484386622896,,-0.21954521437788288
2025-02-24,378389,11264,1,6,0,1,0,0,0,1.35135135135135,-2.2600803340047086,,-0.8953226877332503
2025-02-25,413172,11654,2,2,0,0,0,0,0,-2.234832734832737,-3.52026708436893,,-1.2111101738252077
2025-02-26,429721,12505,1,10,3,3,1,0,3,4.92957746478873,-0.8881135432819727,4.92957746478873,-0.9547165924484277
2025-02-27,422596,12565,1,3,0,0,0,0,0,-6.5843621399177,-2.368749320612676,,-0.7219448054201342
2025-02-28,404792,11689,3,4,0,0,0,0,0,-1.0259569814675966,-4.3539459643103005,,-0.7193033681780924
2025-03-01,253325,8864,4,5,0,0,0,0,0,-1.7647014908872576,-5.442001288540774,,-0.7810270084233615
2025-03-02,227465,8103,3,6,0,1,0,0,0,-2.0886305574687403,-2.2616370849839225,,-0.5705190767608604
2025-03-03,374263,11449,0,7,0,10,0,0,0,,-3.3668141830348666,,-1.1411067628939058
2025-03-04,409543,12033,1,24,0,3,0,0,0,-0.260756192959583,-0.45257173050671196,,-1.27288928909082
2025-03-05,423070,12507,4,18,0,0,0,0,0,0.9137320896017095,-0.8823489386770769,,-0.8925913043626525
2025-03-06,419157,12540,2,12,0,0,0,0,0,-0.826033615507298,0.21218336779107638,,-1.0237001116001445
2025-03-07,398789,12141,4,15,0,0,0,0,0,0.2643047913493985,-2.068359126203258,,-0.7184780493380555
2025-03-08,259972,9416,3,11,0,2,0,0,0,-0.29964321632174706,-0.5241990807568103,,-0.6531411204462579
2025-03-09,229878,8715,5,5,0,1,3,0,0,1.592656726459428,-4.233685669354719,1.6278729495254465,-1.401928039509698
2025-03-10,380817,10936,4,5,2,0,1,0,0,0.2666221907346408,-2.8795225048574546,-0.221238938053097,-1.3846865050443247
2025-03-11,409916,11750,17,38,6,0,1,0,1,-4.193979087746915,-5.502376901444178,-4.01785714285714,-1.1618746503207165
2025-03-12,415277,12212,9,150,0,2,1,1,0,1.1632151339063344,-4.849932366407815,2.11640211640212,-0.9428632133741208
2025-03-13,418203,12786,14,32,3,1,0,0,0,0.5067948077284888,-4.744421547957291,,-0.819582325744041
2025-03-14,393505,12227,6,14,1,2,0,0,0,0.02924606602731661,-1.9857576762639246,,-0.7500255849367731
2025-03-15,251320,9357,3,243,4,0,0,0,0,-0.34853583196605137,-4.862158023267137,,-0.8744146972990228
2025-03-16,229133,8809,0,407,0,3,0,0,0,,-4.701040713445973,,-0.9350690232472437
2025-03-17,379884,11781,5,81,0,1,2,5,0,-1.6843414026943893,-5.012092498559026,-3.35079669961521,-1.0378727038991313
2025-03-18,416917,12321,5,56,0,1,1,2,0,-4.359014800242486,-4.8223093424906525,-4.29447852760736,-1.0744423159361771
2025-03-19,419984,12145,7,33,1,1,0,2,0,-1.4784431840378953,-3.878528440535545,,-1.4010933600990467
2025-03-20,419476,12113,3,28,1,0,1,1,0,-3.1139425679436115,-2.538077379929943,-4.27807486631016,-1.3188045719602466
2025-03-21,396199,11791,2,18,0,1,1,0,0,-1.5045122851814314,-3.995538797076328,-3.3457249070632,-1.0298240151212177
2025-03-22,250753,9514,4,17,0,2,0,1,0,-5.688902235222384,-3.428218639351735,,-1.316413290267869
2025-03-23,224254,8902,8,16,2,0,1,2,0,-1.9769223180150146,-3.516982517986546,-5.31914893617021,-2.019038664831097
2025-03-24,365994,10779,6,23,0,1,0,0,0,-1.5431823112726066,-2.6528551619583953,,-1.7078961245640696
2025-03-25,405149,11591,3,27,0,0,0,1,0,-2.36289615331284,-2.354354474291938,,-1.6204684366101643
2025-03-26,417896,12062,3,27,1,0,0,1,0,-2.4212830596543533,-1.7180383175137917,,-1.2943730992197546
2025-03-27,409953,11551,4,72,1,0,0,1,1,-4.224933110287689,-3.8018739063680376,,-1.135457611998202
2025-03-28,392194,11680,4,26,6,2,1,0,6,-0.060411599352790724,-3.362250080375964,6.41509433962264,-0.9902357284066737
2025-03-29,253639,9759,5,122,2,2,1,1,1,-2.853057363224278,-3.4164247980912954,-7.69230769230769,-0.804869058548666
2025-03-30,225511,7897,0,14,0,1,0,2,0,,-3.903788436725145,,-0.7591155860031901
2025-03-31,362575,8265,4,13,0,1,0,1,0,-2.1900083218453625,-3.2085352576140083,,-1.646972062731203
2025-04-01,399381,8810,5,17,1,1,2,0,1,-3.33324858563038,-1.9114075387311067,-1.730103806228375,-1.7524762476974902
2025-04-02,409532,10783,3,19,0,2,0,1,0,-2.85279468070232,-2.056391059037588,,-1.5612862001612184
2025-04-03,410919,10966,10,18,0,0,2,0,0,-2.5496213978896827,-1.56461351710806,0.8961043830377551,-1.8271875087690033
2025-04-04,385168,10459,7,12,0,0,0,1,0,-3.2194514524313402,-3.3758522923018246,,-1.4743943320931023
2025-04-05,244992,8357,3,8,1,0,0,0,0,-2.3409663436443298,-2.0327774530675686,,-1.703043245821302
2025-04-06,219757,8367,6,17,0,0,0,1,0,-3.7634318691215864,-4.628697683034071,,-1.2323985359293141
2025-04-07,367442,10712,10,50,1,0,1,1,1,-4.600839229977573,-0.8104684556366129,-4.56140350877193,-1.2803144609804988
2025-04-08,400556,11486,7,21,0,0,0,1,0,-2.437781870626014,-1.8567270834007306,,-1.4444775320247187
2025-04-09,412630,12037,20,22,1,3,1,1,0,-4.196905264447054,-2.6972643533340985,-3.33692142088267,-1.1525090705058088
2025-04-10,415019,12509,1,14,0,1,0,2,0,-3.1317494600432,-3.721336416619064,,-0.917913399952021
2025-04-11,393412,11617,2,7,1,0,0,0,0,2.0585676219479048,-2.6338922576666772,,-1.323717714650003
2025-04-12,245671,9249,6,3,1,0,0,0,0,-0.9100678835637916,-2.017635996091025,,-1.0746484059902075
2025-04-13,220576,8871,3,5,0,0,0,0,0,-2.5487636273487015,-3.142010546158058,,-1.2475884556266326
2025-04-14,373345,11459,3,10,0,0,0,0,0,-0.6583497347827754,-2.913558654793783,,-1.2556702315968562
2025-04-15,402142,11626,3,11,0,0,0,0,0,-1.139920541335548,-2.3168141777923474,,-1.1104230006604041
2025-04-16,409835,12042,2,12,0,1,1,0,0,-2.401129943502825,-2.6958808769587903,0.0,-1.0952549603121495
2025-04-17,394645,12127,3,7,1,5,0,0,0,0.4728481398599167,-1.478169931766193,,-1.0498283365646048
2025-04-18,336924,11928,6,8,1,0,1,0,0,-2.2518069276687775,-4.647545157444107,-3.78787878787879,-1.2488500125897288
2025-04-19,238489,9443,4,20,0,1,0,0,0,-0.563911906571514,-3.237435983758317,,-1.231119628437323
2025-04-20,210696,8597,3,14,0,0,0,1,0,-3.6565983573033267,-2.087644415780334,,-0.9744593407349241
2025-04-21,331620,11377,0,25,0,0,0,0,0,,-2.670250318987752,,-1.1285512523975414
2025-04-22,394963,12529,3,14,0,2,1,0,0,-0.3094336509919604,-3.9196316034746177,-5.21609538002981,-1.0970317743089593
2025-04-23,410488,11196,2,33,0,1,0,2,0,-1.3400371215789377,-0.13427315740528523,,-0.8496426360105139
2025-04-24,403546,11574,5,44,0,2,0,1,0,-2.6585919108092138,0.18963250066525245,,-1.2810867515862332
2025-04-25,381943,11931,6,19,3,1,1,0,0,0.2271533661192996,-1.6634670287034559,1.21872995509942,-1.2133365973127757
2025-04-26,250198,9667,109,20,5,0,3,0,0,-3.955935253793927,-1.7697573285127826,-8.53484809227292,-1.4244562048731488
2025-04-27,228715,8856,109,40,0,0,6,0,0,-4.937206329942721,-2.0312301913834294,-6.578227438669688,-1.2708838176022896
2025-04-28,371942,11464,65,31,0,0,3,3,0,-4.491289984450621,-4.269441340770668,-7.765231156452633,-1.3237113731405337
2025-04-29,408370,11675,26,7,0,2,1,0,0,-2.8735977988998154,-4.570586285040307,-2.34466588511137,-1.5080401747009924
2025-04-30,415651,12540,4,12,0,0,0,0,0,-3.8076686386172547,-1.5524329108203718,,-1.1624860036226448
2025-05-01,329787,10755,1,23,3,1,1,0,3,5.50161812297735,-2.8338514792059906,5.50161812297735,-1.0434128800250577
2025-05-02,355451,11401,2,16,1,0,0,1,1,-1.2783470631571878,-2.5862747729511666,,-1.4989519126959128
2025-05-03,239695,9340,2,13,0,0,0,0,0,-0.0024464982402574997,-3.4532498868075927,,-0.9956227475956414
2025-05-04,224436,8942,6,19,0,2,0,4,0,-3.2758433818796298,-4.094268550012432,,-1.2146280127455678
2025-05-05,360453,12039,5,9,0,1,0,0,0,-1.8188039899916135,-4.476314021014524,,-1.2558181099425243
2025-05-06,397247,11822,2,186,0,0,1,4,0,0.9111375373871748,-3.1128120769058683,-1.47329650092081,-1.2470781441365857
2025-05-07,409332,12431,4,148,0,0,0,2,0,-5.194818379303915,-2.4316718046317414,,-1.4525016204826364
2025-05-08,404233,12243,6,49,0,0,1,0,0,-0.6194160873728007,-0.7891955221471414,1.38297872340426,-1.1366638913645142
2025-05-09,382975,11764,4,32,0,1,0,1,0,-1.92369933585069,-2.113268776230144,,-1.0614937902021153
2025-05-10,246805,10255,1,21,0,0,0,0,0,-2.06611570247934,-2.281808068038652,,-1.0205944088429213
2025-05-11,224007,9030,0,8,0,1,0,1,0,,-1.1349100892929718,,-0.4371954806373234
2025-05-12,372657,12212,3,13,0,0,0,1,0,-0.9678332704289614,-3.755679922181496,,-0.7586945430996487
2025-05-13,406297,12054,2,20,1,1,0,0,0,1.7452113104287048,-2.3931350717285054,,-1.2063132493878064
2025-05-14,412197,12813,2,27,3,1,0,2,0,2.0511251152317502,-2.7551583232810914,,-0.6529033933131154
2025-05-15,412834,11975,3,14,2,3,0,1,1,-0.873267781200149,-3.862805046247332,,-0.6451724218346301
2025-05-16,380795,10983,2,15,1,0,1,0,0,3.75624039938556,-2.1735066506498413,2.30414746543779,-0.8751011110874408
2025-05-17,243983,8860,2,33,1,1,0,0,0,-0.5295913265440397,-1.7611365941569455,,-1.237865145852469
2025-05-18,232047,8632,3,15,1,4,1,0,0,1.1028999269497732,-2.8356469605182646,3.38983050847458,-0.29223989744210066
2025-05-19,378366,9973,2,10,1,5,0,0,0,-2.91970802919708,-1.536313932154159,,-0.055460978909275996
2025-05-20,411450,11508,2,14,1,3,2,0,0,-1.170183982683985,-3.376192177757961,-1.170183982683985,-1.0889391185118853
2025-05-21,415620,12024,34,3,2,1,4,0,0,-4.5057892995323945,-0.8392049911946753,-3.8233254728302324,-1.1753766201584266
2025-05-22,405743,11482,4,7,0,5,0,0,0,-1.579960204699169,-1.7621603033237654,,-1.1146207858681216
2025-05-23,385550,11167,1,9,1,0,0,0,0,-4.24948594928033,-0.8432015756130256,,-1.2483380092504184
2025-05-24,241876,8509,2,7,1,0,1,0,1,0.5372011818425977,-1.7743056407679112,-0.980392156862745,-1.0613322709857773
2025-05-25,219912,8238,3,2,0,0,0,0,0,-2.532735238712723,-4.90579130775845,,-0.5452120522994759
2025-05-26,335451,11710,3,7,2,0,0,0,0,0.927366224958498,-3.198839061334586,,-1.1904831158030282
2025-05-27,396244,12201,6,6,2,0,0,0,0,-2.823514913032222,-2.258325685704413,,-0.9873702248614523
2025-05-28,404586,11172,1,7,1,0,0,0,0,4.37535981577432,-1.7581703541840095,,-0.9230356118728825
2025-05-29,392699,12243,4,11,2,0,1,0,0,-1.47218549521037,-3.1763017751381994,-3.4816247582205,-0.7859653155747528
2025-05-30,377690,11593,7,9,3,0,0,0,0,-0.4636033005207517,-3.971353766948525,,-1.0614436739362927
2025-05-31,243233,9037,0,3,2,0,0,0,0,,-0.8787630810909242,,-1.0523123838018682
2025-06-01,222278,8723,1,8,1,0,0,0,0,-1.18343195266272,-3.7531338493568107,,-1.208117239812631
2025-06-02,356545,11392,3,45,0,1,0,0,0,-0.6311594862626029,-2.877154608932564,,-1.1848596022523301
2025-06-03,399421,12069,0,9,0,4,0,0,0,,-0.8982026017203708,,-1.197891415685822
2025-06-04,406204,12039,1,12,1,1,0,0,0,-0.990099009900989,0.09010428160010198,,-1.3069166089736852
2025-06-05,400483,10842,2,20,0,2,1,0,0,6.565764381066235,-3.241504373346734,5.64853556485356,-1.266359112234735
2025-06-06,372232,8109,3,4,3,3,0,0,0,0.7539293939652998,-3.963282289594752,,-1.7913507857999116
2025-06-07,232744,7378,3,5,1,1,0,0,0,0.712423068441729,-4.452327392622512,,-1.8046506071376325
2025-06-08,212725,7616,0,4,1,1,0,0,0,,-2.5716268277888,,-1.8125913643413136
2025-06-09,341657,8110,6,4,3,1,1,0,0,1.7621393088338995,-7.42358108755801,1.52838427947598,-1.8583575277691626
2025-06-10,394777,10201,3,63,0,1,2,0,0,0.6999903409639732,-6.291885011838207,1.835699797160245,-1.5649415516355845
2025-06-11,412738,11586,24,6,0,0,5,0,0,-3.2572957167890686,-2.42788373747843,-0.382114212997681,-1.1796954688454762
2025-06-12,351444,10698,39,9,4,0,12,0,1,-3.052760717205939,-4.302195313967024,-1.9397029310236915,-1.293084149235858
2025-06-13,383406,11335,389,7,70,0,93,0,32,-3.645011778239621,-3.7315486286771957,-3.5993218722741607,-1.8530658856413282
2025-06-14,194004,7478,262,30,64,0,62,0,25,-3.8191357968280517,-4.561764963030285,-2.662564481393005,-1.7275598405730401
2025-07-02,387121,11552,146,6,107,1,42,0,23,-2.4222046136911204,-3.09685231715396,-1.4433761062073018,-1.2204824817498883
2025-07-03,406529,11653,57,4,6,1,26,0,0,-2.27497246703692,-5.623656597336332,-0.9758221638069097,-1.4091567067467898
2025-07-04,350102,10174,23,7,1,0,8,0,1,-2.2058406779455804,-3.885222360841663,-0.9138737971473847,-1.6777659831095784
2025-07-05,237332,8486,16,9,3,0,1,0,0,-2.5334908065448767,-3.849142299329502,-1.98675496688742,-1.645359816718705
2025-07-06,218669,7994,14,29,2,1,1,0,0,-3.2254940375265493,-4.3993704828622695,-4.71204188481675,-1.4182421221858081
2025-07-07,365476,10888,14,24,7,0,2,0,3,-2.031163268263785,-4.07762637657046,-3.2145739411142653,-1.6566695300639802
2025-07-08,399058,11279,16,27,9,0,1,0,0,-2.294263645161138,-2.422810744081147,1.19165839126117,-1.7045858396862597
2025-07-09,398275,11683,14,24,3,1,1,0,1,-2.630490713859881,-3.5248499617841182,-1.27272727272727,-1.4343371766536719
2025-07-10,396963,11250,11,10,4,0,0,0,0,-2.2568702856881235,-4.388701847643711,,-1.233279631302457
2025-07-11,375458,10317,7,25,5,0,0,0,0,-2.259833318950023,-3.686981199382746,,-0.883578439221424
2025-07-12,236125,8123,6,12,0,0,0,0,0,-3.587960133436108,-3.3875345656499096,,-1.121888434841699
2025-07-13,216523,7745,9,3,0,2,2,0,0,-1.6882665727786867,-2.929762090671043,1.6623887061843283,-1.3654946671304153
2025-07-14,360544,10170,17,6,6,0,2,0,0,-1.2408725964415226,-1.989697408418941,-6.172131147540981,-1.1757717219539068
2025-07-15,392620,10530,9,7,5,1,1,0,0,-2.330075257879864,-2.818218973489495,1.28205128205128,-1.4363647892584919
2025-07-16,397768,10741,16,16,3,1,4,1,0,-3.0518089062136085,-2.574388412083932,-4.57278846100946,-1.7310018744658013
2025-07-17,393055,10997,5,11,1,1,1,0,0,-2.8097780568056923,-0.4543097936542484,-2.17917675544794,-1.3098682875669267
2025-07-18,371829,10485,8,8,0,3,3,0,0,-2.423939724152195,-1.8134223712929645,-1.2398477313194556,-1.32113123370778
2025-07-19,235448,8283,5,14,0,3,1,0,0,-4.891224954584699,-3.200339157593877,-0.796812749003984,-1.173089140904237
2025-07-20,213980,8198,4,4,0,1,1,0,0,-1.5534440482897067,-2.1605327234887564,-0.952380952380953,-1.2639670840749162
2025-07-21,359427,10727,10,10,3,0,0,0,0,-4.6023071686722785,-1.5064459190555683,,-1.4045562440056882
2025-07-22,392997,11059,8,6,0,0,0,0,0,-4.05404096392986,-2.078050326710792,,-1.2248214051538016
2025-07-23,393936,11502,6,5,1,0,1,0,0,-3.996256935874225,-2.463092060483068,-6.27615062761506,-1.1516700861484235
2025-07-24,394411,11402,7,10,0,1,1,0,0,-2.5015684842793746,-3.3658482056611323,-4.32276657060519,-1.2545717530377107
2025-07-25,368947,10502,5,5,0,0,0,0,0,-1.3146988584565276,-4.2227040204147555,,-1.4656098591877202
2025-07-26,232412,8604,8,8,0,0,4,0,0,-1.3034301045264114,-2.1773202760735693,-0.242670080771413,-1.7980159091624308
2025-07-27,214136,7869,3,3,1,2,2,0,0,-1.3148297600208663,-3.45066847988718,-0.4485426084285895,-2.0600494304849235
2025-07-28,353006,10331,4,12,3,1,0,0,0,-4.0587906362331445,-4.235796474895142,,-2.0647449487419562
2025-07-29,386806,11512,4,10,1,2,1,0,0,-1.32333131272311,-3.9208639828215084,0.0,-1.6204533481934815
2025-07-30,394313,11923,2,4,1,0,1,0,0,-2.337255748677535,-3.4407136263831974,1.69491525423729,-1.3837599800370382
2025-07-31,394578,12069,2,9,0,2,0,0,0,-3.33290387662348,-0.6099541695278566,,-1.152176035282187
2025-08-01,373437,10785,0,9,0,2,0,0,0,,-0.781825943408719,,-1.1843991370650866
2025-08-02,232816,8614,9,2,4,0,0,0,0,-3.102382525098193,-3.4033019236479003,,-1.7399457143869415
2025-08-03,210191,7713,2,13,0,0,1,0,0,-2.0068213438379163,-6.801218700025215,-0.710339384372533,-1.6695944603385557
2025-08-04,343528,10112,4,36,0,0,0,0,0,-2.1625102289709073,-6.376267176654504,,-1.641170678662626
2025-08-05,372640,11223,5,6,0,0,0,0,0,-6.757394381417527,-5.535419109562631,,-1.5342918794190277
2025-08-06,384862,11153,11,12,6,2,1,0,0,-2.112000358266941,-7.807609895153872,0.106723585912487,-1.4514029620560036
2025-08-07,383029,11143,2,13,0,4,0,0,0,-5.5290897046216205,-8.21839001058781,,-1.4237021186600167
2025-08-08,359021,10726,2,8,0,1,0,0,0,2.650019896538004,-0.8611244693314526,,-1.45542644974494
2025-08-09,229013,8870,2,8,0,0,0,0,0,-4.571078431372545,-1.5874841272380107,,-1.4983247544016427
2025-08-10,203311,7753,1,12,0,0,0,0,0,-0.60882800608828,-1.2054700826268365,,-1.6420664824060216
2025-08-11,343831,10173,0,12,1,0,0,0,0,,-2.1206150595980913,,-1.7493451735794057
2025-08-12,372261,10710,1,9,1,1,0,0,0,-0.965250965250965,-2.5474590222227875,,-1.516786059450653
2025-08-13,377975,10676,3,5,1,0,1,0,1,-4.53196153385981,-3.553500160917019,-5.32319391634981,-1.2605572013185984
2025-08-14,370931,10686,4,1,0,0,1,0,0,-6.149005451876789,-1.08459869848156,0.773053561568194,-1.3296477817562138
2025-08-15,330906,9985,3,6,0,1,0,0,0,-1.6088188380561732,-4.128008611640585,,-1.546485660003467
2025-08-16,226742,8082,1,5,0,0,0,0,0,1.19284294234592,-2.021005324869795,,-1.3611086001224908
2025-08-17,207830,7710,0,6,0,0,0,0,0,,-2.79399662165178,,-1.911937250351067
2025-08-18,340003,10183,1,2,1,0,0,0,0,-4.6448087431694,-5.611269364342295,,-1.5446240543174254
2025-08-19,364718,10742,2,4,0,0,0,0,0,-4.05745183118352,-2.0302763879171053,,-1.065261514126849
2025-08-20,373094,10994,2,2,0,1,1,0,0,0.4568669129919951,-5.781393529445375,3.26975476839237,-1.281499946543227
2025-08-21,376086,10896,4,9,1,2,1,0,0,-2.5195212956322885,-3.930115370608148,-3.1055900621118,-1.1480655418226584
2025-08-22,356901,9593,5,8,1,0,1,0,0,-3.857710380838647,-2.9840024130844993,-4.9934296977661,-1.2431099246790145
2025-08-23,229844,7460,10,6,6,1,7,0,6,0.8600640669391801,-3.307245285216964,2.824562195237165,-1.2871159492091484
2025-08-24,207822,7258,9,4,3,0,6,0,3,-0.037823096647638166,-1.7945559178268233,1.758785149800068,-1.0888305314677469
2025-08-25,341314,9585,4,8,0,1,2,0,0,1.0456643885849066,-3.9878001863995562,-0.47943326542949694,-1.128450420822794
2025-08-26,375816,9876,1,3,3,2,0,0,0,-5.16717325227963,-2.4913692645763335,,-1.0576334768068987
2025-08-27,380975,10176,6,11,1,0,1,0,0,-4.210950486524209,-3.1322972872557435,-0.881057268722467,-1.3956062510628755
2025-08-28,379382,10269,2,6,0,1,0,0,0,0.6996109480581525,-3.2372621532318515,,-1.0363921160448482
2025-08-29,359060,10042,2,5,1,0,0,0,0,-1.011235955056182,-4.215161925768546,,-0.8806383623474012
2025-08-30,230067,7773,1,7,0,0,0,0,0,-4.48642266824085,-4.71464344457621,,-0.7443627474432202
2025-08-31,215051,7950,2,2,0,0,2,0,0,-3.32480645335932,-6.084274613474324,-3.32480645335932,-1.1200446896149818
2025-09-01,321323,9744,1,4,3,0,0,0,3,2.61780104712042,-3.6293596420907575,,-0.6642014498918437
2025-09-02,373593,10210,9,6,5,0,2,0,1,3.8490117799663928,-2.6181371763561683,2.252939846223425,-0.9089094803180636
2025-09-03,386463,10352,5,13,1,9,0,0,1,2.2432060889969603,-2.072139581321882,,-0.9774032711466257
2025-09-04,397060,10207,5,10,0,2,1,0,0,-2.3595475919791893,-3.214373342409475,-4.51263537906137,-1.0785343891675285
2025-09-05,368057,9382,7,5,1,1,0,0,0,0.5632070053578926,-1.6623454482797748,,-0.9687007589866161
2025-09-06,232028,7967,1,7,0,0,0,0,0,7.06860706860707,-3.5914372736164575,,-1.2451995005570644
2025-09-07,214672,7985,1,21,1,1,0,0,0,2.74509803921569,-5.276105151341434,,-0.9138893102418898
2025-09-08,357422,9315,8,8,0,1,0,0,0,-0.10925386241947277,-4.134674889829952,,-1.3853311120983383
2025-09-09,391791,10556,2,46,0,1,0,0,0,-4.174704218106995,-5.88802284526051,,-1.0896806285777256
2025-09-10,390252,10221,2,14,0,1,0,0,0,-0.7054272385936948,-5.526530743866998,,-1.4795433054219158
2025-09-11,381975,10314,5,66,0,0,1,0,0,-0.7210290040694567,-7.568596158234579,0.675675675675676,-1.1063928140913828
2025-09-12,366526,10293,5,32,0,1,0,0,0,-0.9989083196973207,-7.050903992140687,,-1.34881329448531
2025-09-13,235263,8289,1,7,0,0,0,0,0,5.09554140127389,-3.3586433500335957,,-1.1996993992552116
2025-09-14,211863,7773,0,6,0,1,0,0,0,,-3.641674325740485,,-1.0174020465799378
2025-09-15,362357,10848,5,5,0,0,0,0,0,-3.2191034562228036,-3.6142293750660976,,-1.040589027062487
2025-09-16,389697,11672,3,10,0,2,0,0,0,-4.557839451805069,-3.276935818983307,,-1.3455468434744764
2025-09-17,390006,11804,0,6,0,1,0,0,0,,-0.5002253068993803,,-1.1372511483427337
2025-09-18,392170,12020,3,5,0,0,0,0,0,-2.9400876412135304,-2.349681884317604,,-1.1224895776720618
2025-09-19,366750,11280,4,3,1,0,2,0,0,-4.25055383572427,-1.2726369577968968,-5.627267729521716,-1.0406043434525711
2025-09-20,238160,9104,0,9,0,0,0,0,0,,-2.803980350016188,,-1.328680700185521
2025-09-21,218465,9146,2,4,1,2,0,0,0,-3.9825207120465747,-0.6264073892887847,,-0.6652034921369852
2025-09-22,359004,11261,3,8,0,0,1,0,0,1.0852241486044307,-1.2922590102220026,3.37837837837838,-0.9910640156033557
2025-09-23,386292,11901,1,5,0,0,1,0,0,-1.04602510460251,-4.086290544629074,-1.04602510460251,-1.2492525682169628
2025-09-24,391039,11613,4,3,0,0,3,0,0,-1.8133505205024172,-3.7231604231989266,-0.9763592525617827,-1.0793218088998806
2025-09-25,395265,12049,3,9,1,0,0,0,0,-1.1299736119519666,-3.007383446613818,,-0.9528190793340594
2025-09-26,375285,11554,15,15,0,0,1,0,0,-0.391094139603019,-6.8372829150918015,3.125,-1.2010989372173695
2025-09-27,240266,8982,7,1,0,0,3,0,0,4.077311962849568,-3.93258426966292,2.470794418161573,-1.4049537901237654
2025-09-28,225180,8605,7,2,4,0,2,0,0,-1.314691266740116,-2.181739631336404,-0.3249327049558775,-1.4106982912560502
2025-09-29,363587,11246,4,13,0,1,0,0,0,1.208296236128235,-6.150867379584873,,-1.23246437167647
2025-09-30,394196,12519,6,22,0,2,0,0,0,-6.077881716650195,-7.299614678387289,,-1.359529881883204
2025-10-01,393911,11704,4,10,0,0,1,0,0,-2.904062186221722,-5.478519057624911,-4.98338870431894,-1.1582839461237346
2025-10-02,370342,11408,8,11,1,0,3,0,0,1.6559647529071986,-2.8430435252724093,1.575242094889677,-1.5474668619628213
2025-10-03,357409,10770,3,9,1,5,0,0,0,1.1846089044360442,-2.6098842861667384,,-1.352485674553427
2025-10-04,234764,8605,3,16,0,0,0,0,0,0.4505650498681866,-3.835289119802692,,-1.076565048039386
2025-10-05,211915,7804,0,2,0,0,0,0,0,,-3.33619156504065,,-1.260176288533055
2025-10-06,344461,10702,2,8,0,0,1,0,0,-3.36150595466769,-3.558420001280243,-1.45985401459854,-1.1876677445045132
2025-10-07,374758,10990,6,11,1,0,1,0,0,-0.9499921357107198,-2.5642619111149147,-0.487804878048781,-1.3716283417812989
2025-10-08,378415,11514,6,7,1,0,1,0,0,-2.5124977274668066,-1.471882338301416,-2.87769784172662,-1.1933136622182974
2025-10-09,386608,11359,9,22,1,0,0,0,0,0.32526262127320327,-2.3341240342873903,,-0.4463762401374087
2025-10-10,363316,10433,11,6,0,0,2,0,0,-0.6951084061723216,-1.6269948303579014,-4.8738286579232994,-0.9990803322822445
2025-10-11,239000,8783,17,12,3,1,7,0,2,-0.8150981814938477,-2.4974945563808233,-1.6183045847276487,-1.080343007105286
2025-10-12,212045,8266,3,6,1,0,0,0,0,-0.5321616645824667,-2.294723436598085,,-1.1493233025004306
2025-10-13,345088,10577,1,6,1,1,0,0,0,4.83271375464684,-2.443867842366468,,-0.7087496811096539
2025-10-14,379981,11101,2,9,0,0,0,0,0,-1.4492373933546734,-1.3447325996910142,,-1.0964790223310164
2025-10-15,394639,11560,2,0,0,3,2,0,0,-1.0655710325015866,,-1.0655710325015866,-1.1275747003757781
2025-10-16,391821,11890,3,6,0,0,1,0,0,-2.3539372212406233,-3.346776201431786,1.84743742550656,-1.1236685530518484
2025-10-17,370458,10809,1,5,0,1,0,0,0,-4.9800796812749,-2.631231357065707,,-1.179937047586128
2025-10-18,237225,8799,1,4,0,0,0,0,0,0.487804878048781,-3.6136679971736028,,-1.1737963532056115
2025-10-19,213187,8932,3,6,0,0,0,0,0,-1.1886708571168967,-2.4210451190945435,,-1.1367845089509419
2025-10-20,351480,11131,0,41,0,0,0,0,0,,-2.6940495261304496,,-1.3006927169579947
2025-10-21,386615,11682,3,16,2,0,1,0,2,3.8153099749354,-2.8989926045768133,3.78890392422192,-1.168170011322157
2025-10-22,396078,11764,5,14,1,4,1,0,0,-2.464699938830458,-2.910864188270377,2.69360269360269,-1.1863405109956684
2025-10-23,395034,11867,2,7,0,0,0,0,0,-3.318716169258929,-1.664154792144012,,-1.3432135887322367
2025-10-24,373379,11596,1,3,0,2,0,0,0,3.11909262759924,-0.16604099924580962,,-1.2864269435511795
2025-10-25,240901,8656,1,4,0,0,0,0,0,-2.2410945977825,-4.830667443183358,,-1.4249706893748555
2025-10-26,217336,8346,1,11,0,0,0,0,0,-4.11985018726592,-0.16872894034665273,,-1.2391595818074779
2025-10-27,359193,11380,2,6,1,2,1,0,1,-1.43607997672972,-1.018342783149699,1.35396518375242,-1.2443762638024907
2025-10-28,388663,10881,3,7,0,0,2,0,0,-0.44593317951618006,-2.03667289194746,1.30242639560028,-0.8735889793917873
2025-10-29,394553,10230,5,7,1,10,3,0,0,-0.3910264068101428,-1.6930651547832032,-0.6662410700714412,0.0792359267745658
2025-10-30,395502,11189,3,16,0,1,1,0,0,0.8344776025423264,-1.477282140827779,5.06454816285998,-0.8514315077137087
2025-10-31,368118,11481,6,8,1,0,0,0,1,4.456100459935955,-3.0460346032087084,,-1.2147444278804713
2025-11-01,241902,9073,1,10,0,2,0,0,0,-1.49006622516556,-4.2452839152745785,,-0.9923996608385528
2025-11-02,214537,8686,0,10,0,0,0,0,0,,0.5142668235183647,,-1.2503913996477753
2025-11-03,354264,11933,3,19,0,2,1,0,0,1.7914836541145496,-1.4323766220814926,-3.49040139616056,-1.2365447663265148
2025-11-04,386968,12382,2,17,0,2,0,0,0,-2.310636302576383,-2.5875825638317314,,-1.0209956435414924
2025-11-05,401719,12268,3,9,1,1,0,0,0,1.0017336215374333,-2.660802266279585,,-0.9908662735518461
2025-11-06,394887,12246,1,11,0,1,1,0,0,-4.0453074433657,0.6087800268110708,-4.0453074433657,-1.0325238765921276
2025-11-07,376428,11381,3,3,0,1,0,0,0,-3.4889657872284197,-0.8354436057214191,,-1.1955763580949492
2025-11-08,246840,9610,1,17,0,0,1,0,0,-1.69322709163347,1.028789070329975,-1.69322709163347,-1.2518218915954054
2025-11-09,218312,8511,1,21,0,0,0,0,0,1.67597765363128,-0.26679818663419663,,-1.3145361884629645
2025-11-10,351201,10066,2,12,1,1,0,0,0,6.48723257418909,-0.284952866295764,,-1.0539153523054545
2025-11-11,388181,11965,2,13,0,0,0,0,0,-3.671599718111345,-0.958914029285536,,-1.7368910638799686
2025-11-12,392608,11592,4,15,0,0,0,0,0,-2.7230454413300067,-1.9742290282269992,,-1.7871951642254005
2025-11-13,398184,12541,1,10,0,0,1,0,0,3.47551342812006,-1.311379264964636,3.47551342812006,-1.958897205545677
2025-11-14,372495,11724,33,7,30,0,6,0,4,-2.960070141650357,-3.3899327733147055,-1.7892691849077753,-1.7032112901198322
2025-11-15,246320,9178,39,51,43,1,5,0,4,-2.7848288927970786,-0.07887484552951277,-3.0824340388266878,-1.7658527702538174
2025-11-16,219616,8110,21,5,14,1,10,0,8,-3.656302374949064,-0.059118478550979736,-4.371780040276628,-1.6915027564413718
2025-11-17,359189,10683,18,9,9,1,8,0,7,-3.687608913236526,-3.158265548782485,-4.591243135430682,-1.4022707515592046
2025-11-18,376098,9858,5,4,3,0,1,0,2,0.02642312227566368,-1.5686455044411953,1.52284263959391,-1.446698493838099
2025-11-19,399585,11380,7,12,3,0,0,0,1,-1.8667459909847808,-4.7914313674292695,,-1.5277624849580984
2025-11-20,393801,11488,3,10,0,2,1,0,0,-0.5530664354193761,-2.807453624542876,0.0,-1.366107153729328
2025-11-21,371641,11004,3,5,0,3,0,0,0,-1.1106253376592266,-1.1181692007663964,,-1.273654652858933
2025-11-22,241376,8351,1,4,0,0,0,0,0,0.949367088607595,-1.1969828341513775,,-1.3308796344513991
2025-11-23,217510,8207,0,5,0,0,0,0,0,,-0.20416958169777222,,-1.0441359954199465
2025-11-24,347131,10842,3,6,1,0,0,0,0,0.49052741073435646,-1.850051008855463,,-0.8707805973911034
2025-11-25,382751,10953,2,12,0,0,1,0,0,-0.3993383742911152,-1.2247484320229427,-2.5,-1.5611155844723608
2025-11-26,386292,11424,3,9,0,1,1,0,0,-3.7785624431586804,-2.0390295103226017,-1.4760147601476,-1.3164771309016539
2025-11-27,353145,11737,0,11,0,0,0,0,0,,-1.3327691891150493,,-1.3533637858424687
2025-11-28,330050,10172,0,8,3,0,0,0,3,,-1.7626292029084154,,-1.2275944545881987
2025-11-29,229090,8604,4,6,1,0,2,0,1,-1.0163949699327897,-1.006445765674133,-1.59846547314578,-1.3079498459721024
2025-11-30,209438,8442,1,4,3,1,0,0,2,-1.31195335276968,-1.345238095238095,,-1.3140851867592245
2025-12-01,351436,11198,4,8,1,1,0,0,0,-2.0520440336216206,-1.8039221202102578,,-1.3532145767160375
2025-12-02,380617,12386,3,7,1,1,0,0,1,-1.1821014170047968,-0.7766058074579364,,-1.5311590351456204
2025-12-03,389727,12913,2,10,0,0,1,0,0,-0.657832222099047,-0.27926931873979965,-2.14592274678112,-1.1409454099854925
2025-12-04,381767,12379,9,9,7,0,7,0,6,-1.2509697271064244,-1.2255982143639752,-1.0804448763632424,-1.2476716226620088
2025-12-05,367528,12672,32,29,17,10,18,0,4,-1.304247962177842,-2.986839119214219,-0.7359850164060753,-1.3976761808811953
2025-12-06,229197,9368,7,17,0,1,1,0,0,-2.6328649031137052,-1.1544923088859633,-0.388726919339164,-1.6776358405716598
2025-12-07,207146,8359,7,11,2,1,6,0,1,-0.4550643692699428,-0.194986319582965,-0.3623880398476267,-1.7211325253802792
2025-12-08,327505,11325,4,30,0,1,1,0,0,-0.754611652188084,-0.9345173931269771,-0.273722627737226,-1.3118481896605356
2025-12-09,371695,11220,1,13,0,0,1,0,0,-0.521376433785193,-2.0087377524623453,-0.521376433785193,-1.4500297480310795
2025-12-10,379283,11044,5,13,0,1,1,0,0,-3.313048949000893,-2.5510803317722788,0.172711571675302,-1.3872420380829782
2025-12-11,382806,11565,4,5,0,0,1,0,0,-1.8917940306806764,-0.6636518140492189,-0.501672240802676,-1.5247928360697238
2025-12-12,363062,13681,2,6,0,0,1,0,0,-3.58842303922395,-1.5514815974926202,-2.23266745005875,-1.373873420797731
2025-12-13,227876,9352,15,5,5,0,11,0,4,-3.5413112689911457,0.5289776339307537,-3.262778415208846,-1.5230081616680164
2025-12-14,208071,8962,4,8,1,1,2,0,0,-0.6831501831501833,-2.3136394131124067,0.0,-1.7714276169774221
2025-12-15,350375,11996,0,9,0,1,0,0,0,,-2.2144840802394645,,-1.440387317496622
2025-12-16,374771,11438,0,7,0,1,0,0,0,,-2.364805281324312,,-1.6029562802658746
2025-12-17,378556,12058,26,7,16,0,11,1,4,0.8920312672058505,-0.38088268667971953,1.91264757591571,-1.3009387393828766
2025-12-18,382178,13089,136,9,118,0,1,0,0,1.503646077777069,-1.1356675321972938,-0.87719298245614,-1.4209449840832942
2025-12-19,357924,12079,27,35,4,1,0,0,0,0.8304543343797651,-1.228061874739267,,-1.2990707301555666
2025-12-20,222786,9688,3,9,0,0,1,0,0,1.312682077313137,-0.7054466204984671,-0.683371298405467,-1.3995943302136111
2025-12-21,200420,8814,11,11,1,0,3,0,0,-0.6269099613395855,-2.0089159440826956,-0.78534684788221,-1.5104956809970942
2025-12-22,321998,12066,9,17,3,0,3,0,0,-1.4872537803143728,-1.891766901184404,0.084071593441568,-1.4270042875796987
2025-12-23,338077,13204,11,21,2,0,1,0,0,-5.126073444466446,-2.0193886294102255,-0.934579439252337,-1.4347872516602216
2025-12-24,282987,12641,5,7,0,0,0,0,0,-2.524136272922232,-0.6084992740423615,,-1.3950539126296344
2025-12-25,212239,12250,1,7,0,0,0,0,0,-3.72881355932203,-1.321599387415017,,-1.2407243264344157
2025-12-26,250510,12023,10,15,20,0,2,0,5,-5.050541214386348,-0.5959983392867845,-5.20624968900831,-1.6138729945796046
2025-12-27,201702,9352,5,60,2,0,0,0,0,-2.241518219347679,-2.1574392103373135,,-1.1952455691324122
2025-12-28,193651,8988,1,69,1,0,0,0,0,-1.59525979945305,-2.0100763995232955,,-1.1491583978532494
2025-12-29,303409,12282,1,65,0,2,0,1,0,-4.73967684021544,-2.296648227060478,,-1.493857500071191
2025-12-30,314631,12694,3,44,3,0,0,0,0,-1.8045417400835333,-2.0774434686627496,,-1.3316242957371014
2025-12-31,282038,13091,18,44,0,0,9,0,0,-3.0978155872978053,-2.219498206562294,-1.7864897464671678,-0.20951062622954117
2026-01-01,208211,10112,2,22,0,0,0,0,0,-1.6675879859959446,-2.2826970357311147,,-0.420331942794697
2026-01-02,263531,11096,9,28,0,0,5,0,0,-3.6129412456154997,-1.6047124168821454,-3.215976501758278,-1.5420557307452254
2026-01-03,214354,9606,1,35,0,1,0,0,0,-4.0,-2.7578260458268513,,-1.8896273413362896
2026-01-04,202055,8429,12,24,0,0,2,0,0,-5.174487059379574,-2.2290952179559365,-1.0395858839701866,-1.5435155104771843
2026-01-05,326291,12009,5,27,0,0,0,0,0,-2.725937309424489,-2.746786313925124,,-1.3174979979663082
2026-01-06,332653,12166,3,44,1,3,1,0,0,-7.448139800877609,-2.3189151382458464,-2.3083264633141,-1.387519218027697
2026-01-07,356442,11803,5,18,0,1,2,0,0,-2.8786758735024818,-3.0171594010140046,-2.275741113059845,-1.3718834277944427
2026-01-08,361143,12697,3,22,0,0,1,0,0,-3.5473345076052336,-3.0120771757092464,-1.48423005565863,-1.6818966349094404
2026-01-09,343560,11704,3,15,1,0,0,0,0,-2.760060127272136,-2.1038529926163476,,-1.42400592708147
2026-01-10,222300,9201,0,14,0,2,0,0,0,,-2.3776487397247057,,-1.2292696909249132
2026-01-11,199073,9258,1,27,0,0,0,0,0,-3.52862849533955,-2.069444114180301,,-1.284379376087248
2026-01-12,336845,12111,28,16,8,0,4,0,2,-4.902573621934683,-2.958987360537606,-3.814591452648557,-1.3501006164911606
2026-01-13,371585,13430,35,16,2,0,5,1,1,-5.316493983586504,-1.559042383768567,-3.8726045288078215,-1.34988741733878
2026-01-14,376423,12907,90,16,5,0,44,0,1,-4.864475656616886,-3.067912630553685,-5.342593561414189,-1.3144113932956198
2026-01-15,382333,13144,64,18,5,0,7,0,0,-4.631993309014884,-2.1346338460723224,-2.990736730845586,-1.2362921300091594
2026-01-16,353384,12203,31,23,8,0,2,0,0,-4.214734950943387,-2.3770544124176722,-0.0657581639846665,-1.0993211725628411
2026-01-17,229658,9497,6,12,1,0,0,0,0,-4.234775969411904,-1.2913016222367097,,-1.3673255800190967
2026-01-18,207286,9164,2,9,0,0,1,0,0,-0.086355785837651,-2.0583423691891176,0.0,-1.2713347041692855
2026-01-19,330638,12604,14,15,0,3,6,0,0,-3.4977929896917623,-0.21793892653543187,-3.8364051757499884,-1.0772168425063855
2026-01-20,369243,12798,20,13,2,1,0,0,0,-3.508471866421228,-1.9716338845079633,,-1.4552157762703093
2026-01-21,379621,12188,16,14,1,2,0,0,0,-2.4578731397454625,-0.05227427895784328,,-1.383542512310954
2026-01-22,380005,12953,6,28,1,2,1,0,0,-3.6529308426513136,-2.847655535212491,-7.02299564947172,-1.1168128344079857
2026-01-23,362078,12263,16,14,2,0,2,0,0,-3.8288898366149726,-1.2339391873445218,-4.64151198718961,-1.1918950082015802
2026-01-24,232298,8928,8,7,0,1,2,0,0,-3.510850675485141,1.303333601778096,-4.7436336086807795,-1.2318380504315007
2026-01-25,209066,8744,6,14,3,0,1,0,0,-0.9795964318007582,-1.2590109113128396,-4.50097847358121,-1.571249504695456
2026-01-26,340730,11669,19,15,3,0,10,0,0,-2.375292334014509,-3.3732046071500226,-2.9054270783267118,-1.5787445471766928
2026-01-27,371442,11947,62,9,32,0,27,0,12,-3.104281677952667,-2.7802249175152927,-1.891426372410931,-1.4554283039332312
2026-01-28,378839,12359,108,7,24,1,18,0,1,-2.9513061427537117,-2.4247929012549503,-2.2105817601729707,-1.3314157811994267
2026-01-29,374908,12520,160,11,18,1,26,0,2,-3.8905286730246926,-4.775441236556332,-3.803560974065082,-1.2665284441573503
2026-01-30,363524,12219,122,6,17,1,28,0,2,-3.2910319329262507,-2.274053613306075,-3.3195552344251684,-1.4238434989190165
2026-01-31,235579,9864,197,19,126,0,71,0,21,-3.867781280266489,-0.28543982259043355,-2.8072693136068168,-1.4570264603586436
2026-02-01,214770,9045,134,20,23,1,28,0,4,-3.4696858480816566,-2.0629759762906192,-2.35739079589788,-1.5404427083557035
2026-02-02,344441,11522,111,9,6,0,13,0,0,-3.1752429273876355,-2.193480644988597,-1.97025901954859,-0.9053125178999806
2026-02-03,376950,12782,148,12,52,1,46,0,17,-2.5004840772170356,-2.3803093193701104,-2.71711780140465,-1.230965077316248
2026-02-04,375879,12156,130,10,14,3,27,0,2,-2.139090215657532,-2.7477256032754007,-0.9821601762651526,-1.145000956835334
2026-02-05,380719,13204,47,2,8,1,9,0,1,-3.2046018243095182,-2.6799611878145932,-3.615728121339478,-1.3615754769375408
2026-02-06,359143,12600,44,6,17,0,2,0,0,-3.0973681161748576,-2.1300259786258198,-2.438682401723585,-1.739120618054157
2026-02-07,225501,9173,17,6,1,1,6,0,1,-2.9107306698449675,-3.8887994945911633,-3.6317178860674484,-1.5951093508820529
2026-02-08,206885,8623,41,14,3,0,10,0,1,-2.4347881063048384,-2.4914339208015606,-1.3950375259974408,-1.3601307307756876
2026-02-09,340697,11764,59,9,16,0,12,0,0,-2.5436813781447554,-1.3697411091889158,-1.1883554793382047,-1.188750708024851
2026-02-10,368565,11688,86,8,51,3,12,0,7,-2.826261919546736,-4.862168907809668,-2.1107270498064072,-1.4305649099106703
2026-02-11,373166,11861,57,15,9,2,23,0,5,-2.7773103559735173,-1.3714803301430614,-3.0362307062890928,-0.9810158090505628
2026-02-12,375294,12430,26,15,0,2,2,0,0,-2.890567107233867,-3.4002117275667625,-1.063829787234045,-1.0250083482106667
2026-02-13,357915,11962,25,8,2,1,6,0,2,-2.657853767089025,-2.944532511132281,-3.1978763654311635,-1.1551150336715015
2026-02-14,235990,9171,8,11,0,0,4,0,0,-3.8819931151920377,-0.3646887268800776,-2.5812929138380705,-1.0738770395154196
2026-02-15,201137,8084,11,11,1,1,3,0,1,-2.516484620580688,-2.2297738746663396,-2.2237139505296564,-1.2185099561570867
2026-02-16,305198,11287,118,10,82,4,31,0,22,-1.1484037251582964,-2.026017664620791,-0.9500646115240738,-1.321882780218792
2026-02-17,334184,12152,397,10,384,1,133,0,42,-1.4746736743661228,-1.787386569524297,-0.8408602252088976,-0.8561139755682481
2026-02-18,354649,12703,212,7,79,2,48,1,2,-1.6065736092796872,-1.5918646867840485,-1.0360754505882859,-0.6345273577130167
2026-02-19,359892,13001,249,7,32,1,57,0,6,-2.6035678768755615,-2.2965171705242686,-1.7184829392204426,-0.8009080258286266
2026-02-20,344357,11972,193,12,17,0,23,0,2,-2.9245192510293734,-1.3015543164180978,-3.345221866186765,-1.0662224137485024
2026-02-21,224381,8983,83,8,22,1,42,0,10,-1.8266861828053147,-4.07023135951035,-1.085520317958792,-1.3703434489745638
2026-02-22,202612,8391,66,16,14,0,27,0,0,-2.2342869449973146,-1.6450898848574633,-2.0209638206647114,-1.3060483117528494
2026-02-23,321359,11248,73,19,12,0,17,0,0,-2.154361064623552,-0.24301022027075841,-0.6445374883352418,-1.4745364433478054
2026-02-24,368910,11625,64,11,5,0,23,0,1,-2.0064734167809815,-1.5389799705086906,-0.18212107756855025,-1.4104075228993973
2026-02-25,382127,12263,62,15,8,1,3,0,1,-3.2302131184175797,-0.37638212448066627,-1.5562386788271272,-1.0234483124814173
2026-02-26,375186,12589,48,9,2,0,7,0,0,-2.90810980896797,-2.515802226333192,-0.5146155729894397,-0.8348502110521949
2026-02-27,359740,12212,42,9,14,2,9,0,0,-2.7652893374974923,-3.074992585194296,-2.6002862680726104,-1.1720120233734665
2026-02-28,249335,10278,594,24,265,1,123,0,62,-3.4989306650896093,-4.364903618304215,-3.1152442123918584,-1.9314883798968525
2026-03-01,215500,9476,1294,97,716,3,323,0,137,-3.688757794104319,-3.690081766122064,-2.9122825541201123,-2.20289659359468
2026-03-02,344619,12070,2218,75,931,0,497,0,132,-3.4470453469092184,-2.634609093307035,-2.5177349332217083,-2.0730981391177914
2026-03-03,367731,12296,2457,46,1047,1,563,0,142,-3.286237560536286,-3.485424398798494,-2.5093410256113593,-2.028887392749267
2026-03-04,372321,12896,2354,39,1028,6,473,0,145,-3.144609002252632,-3.429684570789031,-2.7149437985140126,-1.6663591376762117
2026-03-05,379989,12544,1870,124,798,0,438,0,75,-3.141235251322613,-5.2008964233704615,-2.297436985595486,-1.6030900547638955
2026-03-06,362437,12412,1619,52,510,1,340,0,54,-3.1261575529696772,-4.468607308506385,-2.1082853452984027,-1.569937327913808
2026-03-07,233211,10074,1042,27,286,1,224,0,44,-3.7059498838700393,-3.353758161597923,-2.4200489800866514,-1.3593659990187676
2026-03-08,212223,9544,793,29,308,1,163,0,15,-3.494717924205995,-3.894574083860483,-3.1490923908733355,-1.3859184392073485
2026-03-09,343480,12030,2402,21,648,4,436,0,59,-2.949415136222338,-4.532490853562214,-2.397669562986812,-1.840071528495368
2026-03-10,371757,11926,2744,35,1292,3,604,0,204,-3.063475454296611,-4.497669372746345,-2.5506649690640453,-1.5493271020970991
2026-03-11,370079,12447,3254,35,2369,2,623,0,198,-3.41586326186151,-4.176709820336051,-2.937047017112489,-1.4456481499647054
2026-03-12,377205,12595,2630,56,2486,6,473,0,125,-3.3427109004760482,-3.937521271906018,-3.0404187407972096,-1.4990949282989208
2026-03-13,356416,12334,2349,43,1601,4,431,0,114,-3.1828950385837564,-3.440705997166225,-2.2193722605454234,-1.4654298431676227
2026-03-14,231124,10125,2229,43,1603,10,434,0,157,-2.9849438518332816,-3.68429911328441,-2.2470630628922827,-1.206700739772591
2026-03-15,211994,8968,2285,68,1284,29,306,0,65,-2.8106324857113876,-3.117217780820714,-2.435788748186713,-1.775463631697386
2026-03-16,350138,10944,4250,47,3814,18,711,0,289,-2.0120093625995303,-2.6967252732431435,-2.144511097884818,-1.2133307669104585
2026-03-17,365280,11835,2774,34,1947,7,584,0,144,-2.7775250847001325,-3.678410715289075,-2.9028541421247547,-1.2980271609839764
2026-03-18,367350,12052,2300,26,1820,3,495,0,141,-2.697845685816812,-4.1090375908209005,-2.3925028655241416,-0.9786421468315707
2026-03-19,360575,10517,2207,31,1393,0,437,0,98,-3.1749828550049153,-3.3228179485709144,-2.8506305176005178,-1.0095704236376968
2026-03-20,331611,8072,2146,42,1666,11,387,0,64,-3.0444622244419115,-4.447615554165416,-3.047476814968689,-1.0416607825455488
2026-03-21,213650,7451,1971,42,1119,3,427,0,99,-3.10656194615928,-4.197916941420091,-3.0537422059917727,-1.7657111885927819
2026-03-22,197817,7815,1905,60,2155,2,444,0,135,-4.177387969203929,-4.99060488503306,-3.721977708424759,-2.0103952802042313
2026-03-23,329446,10421,2954,48,1716,4,631,0,122,-3.7464904430662687,-3.201255753074274,-2.92666493997178,-1.93504108052622
2026-03-24,355300,10822,2155,45,942,0,586,0,80,-2.809786297894224,-2.4951528595303296,-2.1157359912688904,-1.961082766625231
2026-03-25,363448,11016,2451,127,1252,37,538,0,116,-2.8211887857782814,-3.8959012217555125,-2.6537888780002574,-1.6342819534214845
2026-03-26,367085,11211,2327,263,1705,76,528,0,71,-2.9038245559936042,-4.299770714357306,-2.4175289814218166,-1.6273012539580771
2026-03-27,346818,10505,2218,103,1441,23,513,0,141,-2.8444772079000287,-4.309397899505003,-2.2215757800489975,-1.5493898726656095
2026-03-28,224296,8139,1423,245,869,32,328,0,74,-2.7170554593864007,-5.024874729936445,-1.9138601654482439,-1.8746003921536154
2026-03-29,197375,7564,1049,732,672,28,234,2,42,-3.152693224977914,-5.3943946129646125,-3.0256864926314457,-2.171506419365506
2026-03-30,341247,10808,3078,206,705,35,404,0,79,-3.026270743648257,-4.435164002419671,-2.5651624352233733,-2.0811087968355233
2026-03-31,362208,11801,2789,124,1544,34,532,0,173,-2.766463413558746,-4.4499609010128705,-2.311400916809418,-1.7673034877621834
2026-04-01,367658,11097,3373,90,1344,16,572,0,131,-2.5728336181582145,-4.089313341754675,-2.278434443753114,-1.4856156015017896
2026-04-02,347224,11194,3671,87,2311,25,463,0,140,-2.5399183146379776,-4.242713914703709,-2.1933890862916643,-1.4387866375940075
2026-04-03,296582,10581,2374,54,1867,7,423,1,136,-2.7143082764636666,-4.037714263958752,-2.247799709128692,-1.332093841835652
2026-04-04,203120,8203,1512,161,982,37,282,0,90,-2.9811164454081367,-4.175657641892706,-2.5650186380234095,-1.5467083734061402
2026-04-05,181577,7730,1460,339,1168,15,326,0,89,-3.8087661044593517,-4.734393554153564,-3.238475231254841,-1.702838717677284
2026-04-06,280560,9848,2668,465,1977,38,626,1,172,-3.2131744402473412,-4.365858598546343,-2.345654674729009,-1.6504871612253376
2026-04-07,350197,10749,3294,130,1617,32,576,0,74,-3.796880270384053,-4.331256672538063,-1.8738294552831931,-1.9398011564617963
2026-04-08,361497,10727,5694,46,3477,4,1095,0,211,-2.1126897667631663,-3.303724903173418,-1.3790096908888458,-1.4264692269958357
2026-04-09,353478,10771,3601,39,2286,6,693,1,148,-2.434123001822773,-3.8959308550710023,-2.2380260028315977,-1.4439107838790146
2026-04-10,335964,10236,3192,35,1961,3,485,0,102,-2.399878066671083,-4.075384958933396,-2.3461323292325047,-1.109554409494669
2026-04-11,220849,8683,2011,30,1721,2,542,0,171,-1.5639967864347164,-2.0089373609722947,-0.9203152546461653,-1.2813131636072568
2026-04-12,198137,7754,2737,28,2559,1,363,0,146,-1.91715020240124,-4.077116330157256,-1.0576475509976084,-1.129101762735273
2026-04-13,321810,10357,4031,309,3565,14,793,0,286,-3.3173412950246597,-3.2643427092429604,-2.726356503062377,-1.5705534674093888
2026-04-14,358135,10564,2983,101,2830,12,551,0,167,-2.940157312341513,-4.754264704005717,-2.570572023685007,-1.7214591210234467
2026-04-15,363827,10629,2749,88,1507,10,419,0,103,-2.3477061917919553,-4.390371213817044,-1.8761001827558972,-1.6697174458203852
2026-04-16,359445,10771,2362,157,1159,3,266,0,63,-2.7218643206437774,-3.6498331345801107,-2.105814525861807,-1.9850715663077914
2026-04-17,344585,10977,3070,52,3786,8,554,1,258,-1.5304136276517608,-3.324286483249088,-0.6519071364187914,-1.6506279797304915
2026-04-18,220120,8317,2641,38,4219,1,539,0,288,-1.8560059809898548,-3.1203741539472145,-1.4352033617760371,-1.6122930236708548
2026-04-19,198234,7667,1796,100,2093,55,359,0,111,-2.8552683901056475,-3.1289520212580424,-2.339635469643376,-1.2477688088999865
2026-04-20,330611,10575,2378,43,2008,7,446,0,119,-2.9923165738034276,-3.65338563969012,-2.248741009461447,-1.4949825968670705
2026-04-21,356085,10677,1536,36,1019,7,299,0,51,-3.254758272132476,-3.3601282024483488,-3.00651322823616,-1.5292654492887119
2026-04-22,369045,11104,2271,36,2594,1,371,1,100,-3.392691552131557,-3.883782351375327,-2.981710119800064,-1.1810200869679428
2026-04-23,364662,9789,2177,38,2334,7,363,0,173,-3.1542040150723087,-3.018062165387511,-2.275150713082539,-0.2903322795217195
2026-04-24,348900,10476,1821,51,1362,10,368,0,78,-2.3654450288852233,-3.126227475272983,-1.663956258240517,-1.1589365655326922
2026-04-25,217947,7954,978,39,602,0,181,0,42,-2.6597021889490287,-2.2766073779179465,-1.8590211581055316,-1.244249875380346
2026-04-26,202442,7575,669,30,388,2,131,0,39,-3.4260653187302803,-2.629396299665012,-2.659372220298984,-1.308672594368549
2026-04-27,324901,10272,1670,56,1424,13,346,0,70,-2.489558318208803,-3.197321694357843,-1.5834454984900177,-1.403859297665164
2026-04-28,359418,10436,2419,17,1388,1,474,0,123,-2.922849499685693,-2.3844646675750782,-1.8117718256759707,-1.3892625018715115
2026-04-29,362059,10724,2107,27,895,6,492,1,77,-3.0271972878524576,-3.5621969232688735,-2.381209799628898,-1.1397930843804525
2026-04-30,362891,11401,1876,34,885,11,386,1,105,-2.798977020432683,-4.007219112528089,-2.392234637194091,-1.332117712638975
2026-05-01,278161,9594,1076,49,644,6,183,0,26,-2.782922439218723,-2.2369560729450706,-2.4989132420892193,-1.1214236759254774
2026-05-02,209097,8343,986,13,933,2,252,0,76,-3.1005124939607396,-3.1106965207943196,-2.327361041338259,-1.0616239915589327
2026-05-03,198202,7826,1057,17,875,2,222,0,59,-3.0926513218360348,-1.2060337526823264,-2.06332985720633,-1.633483034290878
2026-05-04,318167,11061,2671,31,3784,2,644,0,286,-2.687037786235074,-2.0756522912136486,-2.0037260403775297,-1.2659049844927464
2026-05-05,350943,11621,2569,23,2762,2,581,0,169,-3.2033510679557207,-3.6813904206927277,-2.225219645668699,-1.1976813209249024
2026-05-06,361551,10747,2946,21,2334,0,574,0,121,-1.660486295856272,-3.3953924634717905,-0.7809061651561744,-1.0669142521913666
2026-05-07,356730,10517,1787,13,1384,2,387,0,105,-2.443359094190211,-3.4954542541260354,-1.5707727695630023,-0.983716093389834
2026-05-08,344683,10397,2043,22,1534,0,428,0,119,-3.6642368289996154,-3.8850448445626617,-3.3306501349497553,-1.1892371459698916
2026-05-09,222421,8572,805,3,673,1,169,0,44,-2.842147681327229,-1.8918772559389763,-2.353584011721701,-0.2870463452431762
2026-05-10,197197,7528,1027,22,630,2,203,0,75,-3.46431117891969,-3.4908067020184044,-2.826389105558818,-0.514580991688485
2026-05-11,325282,9861,1512,18,911,4,330,0,51,-3.1372987017930014,-3.4452218100701946,-2.427425459538353,-1.2365114551901544
2026-05-12,361886,11055,1453,18,1046,3,284,0,88,-2.872181531303849,-1.2755891426932038,-1.4695604589665903,-1.0448408481246199
2026-05-13,365684,11135,1416,40,847,2,335,2,65,-2.3307489727417905,-3.235244100907467,-1.7917899280405323,-1.3130690861474565
2026-05-14,348183,11276,1291,18,1085,1,310,0,96,-1.3896102223134277,-3.2548586276449947,-0.47217858838611143,-0.9959837534694467
2026-05-15,340401,10842,1662,24,837,0,302,1,66,-1.2533178013518205,-3.729834958097905,-0.6644563823303761,-1.0865663914069392
2026-05-16,220586,8069,726,13,527,1,171,0,96,-1.8345201335326915,-1.8590708758246843,-1.4303950017416753,-1.0602304796412314
2026-05-17,201661,7736,702,17,483,0,194,0,32,-2.6439107640957342,-1.0302540523377388,-1.8812177299743869,-1.5356996697087821
2026-05-18,329745,10573,1400,23,385,2,310,0,30,-2.860783768171149,-1.4167511105614028,-2.551243162550933,-1.5074144902565634
2026-05-19,359052,9657,1070,44,516,14,133,0,24,-2.4037791945073828,-2.5361452741903325,-2.876152194035002,-0.7831535678060789
2026-05-20,365986,11642,1084,18,673,3,275,0,73,-2.1429806703210845,-0.7791645512948091,-0.9665171343261301,-0.8357777773287173
2026-05-21,359427,11069,983,14,571,1,186,0,50,-2.170797853780925,-2.8718016486435887,-1.581306739145288,-0.6720568242891873
2026-05-22,343326,11865,981,16,927,1,194,0,41,-1.7313307343925948,-3.292024774246219,-0.9766072608726575,-0.26246306843159584
2026-05-23,219973,8329,688,78,533,0,127,0,16,-1.5338691771576909,-4.230142267799529,-0.656090122817627,-1.142154717474993
2026-05-24,193808,7524,1085,11,975,0,200,0,36,-0.4259487006594451,-2.0750782819806393,0.740577258352192,-0.6405762915175975
2026-05-25,280977,9288,1359,10,713,1,294,0,43,-0.384015383800956,-3.415238047758635,0.7525620500805023,-0.4108561200348583
2026-05-26,338627,9233,1326,11,603,0,228,0,46,-2.238868871149244,-3.0578873634501935,-1.326838554086568,-0.4264099752301384
2026-05-27,342655,7220,867,20,706,1,194,0,85,-2.287195164616467,-1.7160393396280986,-1.5121956155922898,-1.29120105401651
2026-05-28,346124,7409,1465,9,1042,1,286,0,47,-2.960076377577703,-2.0243328015956927,-2.1427337316623603,-1.1238558255787192
2026-05-29,336008,7383,1283,27,621,0,185,0,24,-1.5841316645890777,-3.9689558768846513,-0.7192952911655253,-1.0633295847333466
2026-05-30,212260,6952,761,12,575,0,153,0,58,-1.562907209792335,-1.5656438533185724,-1.0802165846783987,-0.8684437512556415
2026-05-31,189906,7097,575,11,328,0,100,0,20,-1.9486238978096766,-3.8747323303929617,-1.1556310062559074,-1.1696616771696704
2026-06-01,316244,9685,1064,268,601,25,251,0,37,-2.518830463840758,-4.512699867660579,-1.9779423963295124,-0.9463097061090714
2026-06-02,344092,10307,873,262,437,24,230,0,45,-2.204654781727088,-5.038299010842248,-0.8569049213264838,-0.8685621206214091
2026-06-03,358129,10847,1073,61,567,5,234,0,35,-3.961727560281034,-3.9187070090356246,-2.316862511215346,-0.8657884924231163
2026-06-04,345115,11027,582,13,436,0,134,0,11,-2.5453439806778047,-1.5339605822901177,-1.0837849945698437,-1.0017826169663286
2026-06-05,337699,10723,583,42,197,3,165,0,18,-2.151951962528804,-2.7146870733380672,-1.4363816120416018,-1.052240912111008
2026-06-06,208050,8051,510,56,439,3,95,0,23,-3.6014376582052425,-2.9341411903928645,-3.3652538078011074,-0.9112552574240429
2026-06-07,191949,7772,446,21,323,1,128,0,54,-3.1625416980885426,-3.0466696236085875,-2.7961881286006487,-1.0029857601810757
2026-06-08,320187,10204,598,467,329,17,143,2,24,-3.2907343093654444,-6.112274836066485,-2.573829811667299,-1.095644672682713
2026-06-09,345867,10621,1050,58,1353,12,313,0,75,-2.7440172879508564,-3.4224599566969927,-1.941798739000845,-1.013489247852219
2026-06-10,355051,10795,1301,37,717,6,310,0,45,-3.159142690201756,-3.8524898205942675,-3.0661243349733245,-0.9674414818296977
2026-06-11,351744,10602,1546,54,892,0,303,1,77,-3.1191237237924367,-2.038461100815504,-2.2720597873527524,-0.675584256724182
2026-06-12,328253,9852,1216,21,493,4,303,0,31,-1.2040310493382453,-3.4140709469018193,-0.004479179408042766,-0.8799835215734815
2026-06-13,214379,8067,935,20,645,1,185,0,48,-0.7331321257895351,-2.702958684041505,-0.07403418217160752,-0.7013938007415995
2026-06-14,193052,7421,1042,25,463,2,157,0,31,-0.44913818016187884,-3.0290070374062608,0.5923308890471627,-0.8913267392041843
2026-06-15,322968,10056,2700,24,2350,0,681,0,94,0.30877480653542977,-2.5013957599758263,1.267936410493827,-0.3181296010257779
2026-06-16,345138,10422,1669,22,1005,3,435,1,62,-0.3583988027484941,-2.0625170403757105,0.3582124437249291,-0.9074341880750325
2026-06-17,354319,11188,1745,22,1435,2,432,0,48,-0.24252772821602162,-2.8940758707724075,0.23697128891368158,-0.5274105734161432
2026-06-18,355212,11358,1816,15,1377,2,437,0,80,-0.2581421656186666,-3.5103056771874543,0.8321001022577801,-0.6561907425788127
2026-06-19,316198,10844,1337,7,898,2,362,0,62,-1.3531961604436895,-3.123143668586109,-0.681816129091391,-0.6075187343594978
2026-06-20,207029,7993,992,8,1464,0,258,0,105,-2.2105232151442493,-2.6230564479914067,-1.5138964396585517,-0.9160226860066359
2026-06-21,189133,7379,1173,12,967,0,244,0,85,-1.9475174308344188,-1.985712155263901,-0.8369810305240136,-0.851092788074924
2026-06-22,321283,10182,1333,9,757,0,276,0,37,-1.1628159467116834,-2.8073601827882695,-0.002534230581838312,-1.0617879990599313
2026-06-23,346908,10922,1269,14,998,1,281,0,102,-0.7048347969029886,-1.6924236820690637,-0.1649251199350873,-1.0123203073195792
2026-06-24,350220,10569,985,8,852,0,249,0,67,-1.2904852561086917,-2.755388352846823,-0.8644770629010998,-0.8413038387766432
2026-06-25,349918,10695,944,11,1178,0,262,0,104,-1.6200099810105508,-2.4966601055837865,-1.0409263247684801,-0.8298122143623536
2026-06-26,329980,10819,1049,17,1454,0,264,0,128,-2.8105883275244468,-3.231898987079674,-2.3732311465537044,-0.7173035063803198
2026-06-27,210461,7789,756,8,894,0,163,0,30,-4.508204641814693,-1.8559089744632848,-4.625320802966499,-1.0587448216322983
2026-06-28,191843,7329,820,14,630,0,199,0,38,-4.341467003616368,-1.0074189473846773,-4.038299408806692,-1.0811709643420955
2026-06-29,314642,9782,1211,14,819,0,228,0,59,-2.0703561296958113,-2.9228903953338503,-0.45777474045155253,-1.1238697278502339
2026-06-30,346899,10522,808,9,629,3,183,0,49,-1.4117941784745873,-2.4231942270404674,-0.8501203769431944,-0.9720127994769405
2026-07-01,351781,10541,833,20,643,2,214,0,37,-1.3521168235189387,-5.176089674106558,-0.5099911779149449,-0.6311659235459759
2026-07-02,343931,9815,731,10,780,0,130,0,28,-1.9206899777340096,-1.9371664012681353,-1.1570264173277414,-1.1093667470124748
2026-07-03,312060,10021,573,8,241,2,92,0,16,-1.9651688956525872,-1.0723570730697478,-0.8025800358116099,-0.9427171333306222
2026-07-04,205206,7659,359,66,286,3,66,1,34,-1.5785107031915158,-2.8772479863792633,-0.4409982198257075,-1.018436296271675
2026-07-05,185060,7105,291,41,193,1,40,0,3,-1.5216605878676661,-5.6793713053280435,-1.9352605206264373,-1.0459068679144923
2026-07-06,311340,9658,504,30,225,2,158,0,25,-1.1852080091559918,-4.660958888567448,-0.2928240596857933,-1.0059512899595475
2026-07-07,336206,9644,1010,11,1476,3,252,0,77,-3.055590496386357,-3.002539308230853,-2.142455982847948,-0.6204683948734306
2026-07-08,346438,10046,2111,20,1458,2,606,0,81,-3.1115467470524005,-3.060449087574693,-1.7805533159682954,-0.7899188080881077
2026-07-09,338812,10082,1396,49,814,2,339,0,53,-3.4192417094505596,-3.7882806915956024,-3.3161475194483416,-0.7256430312683109
2026-07-10,315449,9149,770,31,578,1,129,0,18,-2.9760316029797544,-2.6187134200421305,-2.4267188578180687,-0.7155395744332228
2026-07-11,201750,6972,573,11,704,0,130,0,51,-2.620146107596234,-2.300606178529474,-2.7652757821216363,-1.226820225919784
2026-07-12,182079,6475,1245,6,1834,1,280,0,122,-3.662464879897575,-2.436038897869751,-3.9704285819393883,-1.1633894910028157
2026-07-13,303942,9068,2124,47,2769,4,452,0,178,-3.0915730692948844,-4.8286503539137415,-2.853562273960333,-1.0147404071670905
2026-07-14,330109,9969,2172,99,3032,21,366,0,126,-3.2124995101561127,-4.111228549306988,-2.972563396762761,-1.2748203859641234
2026-07-15,330673,9383,1491,304,1253,32,248,0,36,-3.455141179013474,-3.909315580869164,-3.998341680322743,-1.2537725239565651
2026-07-16,327081,9286,1003,300,602,53,253,0,66,-3.4523392751647948,-3.676301473474643,-3.4308169995199473,-1.3100289477980054
2026-07-17,316363,8867,844,186,556,46,197,1,38,-3.9315818573309116,-3.8839963995424793,-3.3656602961297333,-1.2301810544722014
2026-07-18,198402,7087,684,47,485,8,118,0,33,-4.010038094998686,-4.464207940151651,-2.6697992301236733,-1.465450970333498
2026-07-19,176933,6824,560,43,174,4,137,0,31,-3.974823269273502,-4.474316878539152,-2.086773075662171,-1.0058470470946148
2026-07-20,291573,9155,1184,278,573,21,293,0,53,-3.462379277849281,-3.9995447507350326,-3.2801496427877117,-0.7392917311707655
2026-07-21,321587,9566,1298,577,656,53,197,0,30,-1.9880224586046427,-4.372807522503516,-2.3280945201561325,-0.9381591335398519
2026-07-22,329551,9803,1041,663,743,107,275,2,63,-3.7302509495566296,-4.936144177602772,-3.479381798967083,-1.2293592770094324
2026-07-23,327857,9815,985,943,403,70,244,2,29,-3.5763224779762233,-4.354719168110842,-2.9469941775133512,-1.1759811484609688
2026-07-24,308635,8976,803,817,391,53,202,0,40,-3.7463798170243647,-4.544398329084642,-2.5450317305936125,-0.7411471144233501
2026-07-25,201201,7196,360,375,170,22,100,1,14,-2.815498129305574,-4.375904124940795,-1.8042802735247547,-1.394801649923653
2026-07-26,181280,6467,499,267,284,11,136,0,59,-3.01400007322971,-4.251498021497975,-2.7891290646070286,-1.3554888760794221
2026-07-27,295157,8825,712,406,295,23,200,3,37,-2.7441704594857486,-4.131466197470234,-2.0257901145620765,-0.949087004217348
2026-07-28,325226,9718,592,176,357,30,97,0,25,-2.55682921461468,-4.238589251869785,-2.086434418952033,-0.7663845746373272
2026-07-29,329552,9878,667,244,582,44,159,0,41,-3.259564369935527,-3.379990083059608,-2.571872855119553,-1.0021107145144519
2026-07-30,328779,10352,801,329,388,22,149,2,43,-3.7267075285783027,-2.062820755147501,-2.8136399098674865,-1.0031256275588558
2026-07-31,319003,9660,409,302,242,16,100,1,34,-2.386237436025347,-2.6373418239713633,-1.8872095394548982,-1.4148429185508657
2026-08-01,200313,7390,254,145,208,17,43,1,15,-3.397085469408005,-3.4154013872171167,-1.970229959537226,-1.5163581989362283
2026-08-02,180355,6791,630,120,322,8,138,0,44,-2.5002430643168374,-4.42347454768541,-1.4617448089982361,-1.7332369959790688
2026-08-03,296146,9374,1126,135,544,12,250,0,46,-1.94070086619581,-3.6766225654519484,-1.0380760007635528,-1.2761197672581845
2026-08-04,320714,9876,1038,337,982,6,241,0,83,-1.522635339785283,-2.893702425477272,0.15984516529013026,-1.0252139894203798
2026-08-05,326204,9975,1065,425,1486,6,295,0,123,-0.7365681008503379,-3.5259410383205516,-0.007775524062831177,-0.9243635562510581
2026-08-06,317526,10041,984,132,1052,17,250,3,71,-1.0613157492025673,-2.5331993053099,0.19014556161405494,-0.962173650063565
2026-08-07,304930,9932,675,168,763,6,164,1,37,-1.6638148856542623,-4.261798791095504,-0.689331293038616,-0.8602234581619692
2026-08-08,193793,7499,495,33,840,1,156,0,95,-2.1719713401835903,-2.9991080763562032,-1.4963425419127363,-1.3700522580916097
2026-08-09,174607,7047,608,130,908,6,118,5,54,-2.4773745184747993,-4.048136612069689,-1.6700787833415514,-1.5729930457757597
2026-08-10,298044,9672,957,455,1117,4,222,2,66,-2.4983562638658166,-5.0368430180263495,-1.5551953463736838,-1.0441713959253067
2026-08-11,315466,10464,885,290,585,71,235,1,92,-2.4928865256702575,-5.24023907684774,-1.487222035324904,-1.1659642077876393
2026-08-12,319382,10199,911,408,567,48,275,1,64,-2.2077214510453045,-4.2394107029859125,-0.7502924418401571,-0.7922123768967219
2026-08-13,323761,10871,757,155,627,14,206,1,73,-3.076774419993777,-4.452832946001253,-2.038887427010188,-1.046290206672622
2026-08-14,306764,10460,893,120,690,6,209,2,93,-3.1108602982147744,-4.48028840059502,-2.6698737223227713,-0.8794897309266332
2026-08-15,191268,8084,843,39,909,0,141,0,81,-3.2796942514517635,-3.7492715429045917,-2.254476803268678,-1.4125534503023505
2026-08-16,174555,7097,446,48,395,2,60,0,19,-3.209511627865598,-3.9336191537637326,-2.4021192064474217,-1.4566487398682453
2026-08-17,293353,9890,1017,132,706,8,204,0,53,-2.565216423356239,-5.097954901218401,-1.2184106153303882,-1.0315940594171773
2026-08-18,316806,10620,1276,230,1023,7,248,1,84,-2.7171510019051754,-4.907990698405874,-1.7684440548675153,-1.366922974822345
2026-08-19,316382,10206,808,119,600,6,162,0,33,-2.4872226111179914,-3.921748639799389,-1.9447436888154455,-1.2127711939627925
2026-08-20,319814,10401,735,130,399,6,146,0,46,-2.4670533426482084,-4.754207562582525,-1.0297922127064512,-0.9303205261656107
2026-08-21,303801,9840,503,100,222,3,71,0,14,-2.8248223317400365,-4.2053464331859365,-1.8860496700915845,-1.1502598544236182
2026-08-22,193461,7922,391,95,320,3,70,1,23,-2.495115961906892,-3.7788067321431673,-0.9987477201785899,-1.382441714401173
2026-08-23,176819,7355,339,25,240,5,99,0,46,-2.896948848061643,-3.441848472917002,-1.5102672972681301,-1.4421393590685807
2026-08-24,291585,9993,638,59,365,3,168,0,33,-3.1647123390471563,-4.039223889320273,-2.004526070387009,-1.0167254465807145
2026-08-25,318069,10040,1031,37,499,1,194,0,80,-3.6173961157830625,-2.7582944124365976,-1.940567670448847,-1.1920372773173245
2026-08-26,322695,10031,716,53,889,8,171,1,53,-1.627636328068798,-2.429842306705954,-0.28644928418521665,-0.9161903964082236
2026-08-27,318476,9978,587,32,382,1,162,0,49,-1.8581445599078465,-2.42924194526928,-1.2706946156043606,-1.1490357585145592
2026-08-28,292384,9536,464,39,547,2,105,0,46,-1.9338990612594964,-3.5687332411325654,-1.4763186642180528,-1.3583435775634187
2026-08-29,191223,8105,277,26,133,0,58,0,16,-2.353888110548526,-3.0479148027830334,-0.9160580209025869,-1.2063666217261317
2026-08-30,177190,7275,287,14,222,0,61,0,13,-3.5406358583361346,-2.0219489915181414,-3.6768277699835843,-0.03071080409300253
2026-08-31,281159,9366,1337,22,681,1,224,0,75,-3.809815794287977,-1.8471039446112254,-3.2582144238405535,-1.0372579007006346
2026-09-01,319360,10280,883,33,601,3,235,0,75,-3.203428831571251,-2.363360459821749,-3.354077489416876,-1.076716075068628
2026-09-02,313151,9874,1708,41,741,0,216,0,70,-3.9399434033053846,-2.30206980805294,-2.890463526642691,-1.2977248995258708
2026-09-03,312553,10006,662,33,425,3,121,0,42,-3.2163031914258498,-3.5564490426679702,-2.963768191629291,-1.308347026910707
2026-09-04,300711,9851,487,40,212,9,143,0,23,-2.511827370694763,-3.901879196883865,-2.4587356459925083,-1.296545945911862
2026-09-05,190459,7540,297,50,117,7,43,1,14,-3.7077020723499317,-5.029333107531569,-3.626989345976799,-1.4596672544546532
2026-09-06,171722,6637,343,31,360,6,75,0,32,-3.700248633355009,-4.313013611405572,-2.1144304336495097,-1.089230649787732
2026-09-07,263704,9179,601,68,536,12,156,0,52,-2.796577916942602,-4.071144850720089,-1.976539147539658,-1.1036828882639098
2026-09-08,309692,9951,609,117,337,24,180,1,27,-2.754987306299972,-4.594160423755655,-1.6149313975231403,-1.3344672261960142
2026-09-09,322708,9847,770,121,447,15,182,0,63,-3.0409404981616057,-4.923096636283395,-3.2694240552410805,-0.9992626288072629
2026-09-10,316298,9394,724,442,208,167,145,6,23,-2.7038086064330695,-3.7826481251552493,-2.151038853017829,-0.9440066216047731
2026-09-11,301500,9238,823,1196,299,426,177,8,24,-2.811343831228683,-3.515968460554838,-1.9580577582392857,-1.402554949988409
2026-09-12,198369,7678,592,907,221,137,155,4,45,-2.634382767445608,-4.255175186606244,-2.19851592348565,-1.2841823386448517
2026-09-13,176995,6887,433,708,701,106,107,2,35,-2.7763355355853414,-3.575993394089729,-2.772658309816551,-1.0845217102981972
2026-09-14,294864,9394,767,746,464,113,170,2,33,-2.6660590506799786,-3.6229922326711446,-2.0708333351984924,-1.0642121812905576
2026-09-15,315465,9902,743,880,240,114,199,4,38,-2.87677540893353,-4.1362659477540475,-1.9214484369627394,-1.1386211432225366
2026-09-16,322391,10524,618,639,129,62,137,0,22,-3.224828186632219,-4.373799803028114,-2.6885126564769086,-1.4975339298948
2026-09-17,309174,10645,421,542,99,128,98,3,11,-2.880349384167792,-3.4234628060744314,-2.3084971333438817,-0.9959319028749619
2026-09-18,301033,10333,556,489,344,111,103,6,29,-2.8234791570761044,-3.863305821249274,-2.6750899250396643,-1.1308308510922433
2026-09-19,192525,8253,262,395,132,50,66,4,28,-2.9229740516281,-4.483025091337268,-1.7881738088014916,-1.1213842885365803
2026-09-20,179030,6851,342,412,169,25,84,2,33,-3.080396588992931,-5.1102139024619175,-2.1363053353651273,-1.0624113836728066
2026-09-21,284383,9692,465,448,321,39,115,2,37,-2.645561106346193,-3.7154890050569787,-2.0461146322084014,-1.2863387082170994
2026-09-22,308700,10296,703,760,346,65,208,0,43,-1.6731079436280178,-3.297364797857581,-1.3308451370053387,-1.2987820637193543
2026-09-23,316299,9476,636,372,266,24,196,0,42,-2.309244826312344,-3.32886415487593,-1.7250587868380052,-1.3272295469201576
