gun,olay,makale,h_makale,h_tehdit,h_eylem,h_ton,h_goldstein,b_makale,b_tehdit,b_eylem,b_ton,b_goldstein
2017-01-01,167169,988446,2105,24,176,0.6420756861504509,0.9587765957446805,340,0,200,-5.9949498182172904,-5.524390243902439
2017-01-02,219617,1330279,3027,20,265,0.927931199920472,1.2032142857142853,148,0,78,-3.8488425313549146,-4.500000000000001
2017-01-03,282199,1667130,3225,21,254,1.038330999112459,1.6305691056910572,144,0,70,-4.311991315309102,-3.547368421052632
2017-01-04,308141,1813935,3584,14,401,0.9478030624206938,1.1684474123539237,180,10,66,-4.365725565038644,-5.225714285714285
2017-01-05,313127,1845802,3053,38,324,0.3409533348015227,0.9832644628099181,339,0,147,-3.520181866459749,-5.264705882352941
2017-01-06,299906,1743986,2140,28,172,-0.027529812836395884,1.5547683923705722,329,0,216,-2.759773639550425,-5.215999999999998
2017-01-07,182641,1064521,1682,14,184,-0.2799756499006656,0.85794701986755,797,2,556,-4.030894982724741,-6.03203125
2017-01-08,202174,1188306,4368,10,365,0.048938581040293805,1.6880064829821704,1381,2,834,-3.912334750385895,-4.397478991596638
2017-01-09,314748,1841228,4630,49,493,-0.10648459723580816,1.2762141967621412,1223,0,822,-3.858139430093108,-5.943661971830987
2017-01-10,344971,2035450,3722,68,397,0.5273836886865801,0.8099290780141846,538,10,387,-3.115810072501494,-6.259090909090908
2017-01-11,344718,2021028,5253,73,454,-0.05166428579148463,1.1212916246215956,513,0,264,-2.655022133499156,-3.7999999999999994
2017-01-12,359509,2090826,5005,84,379,-0.5742518955551681,1.0214771622934893,724,21,355,-2.980273257320272,-3.490999999999999
2017-01-13,340788,1974257,2955,29,316,-1.0929268391923355,0.931046931407942,226,0,134,-4.363378172638454,-4.033333333333332
2017-01-14,231766,1331982,2816,61,295,0.14556608542619287,1.226508620689656,597,14,266,-6.1346059790405985,-3.559000000000001
2017-01-15,217276,1247099,3712,64,354,0.28358792229825247,1.2265367316341815,398,0,227,-5.44354185626778,-4.295833333333336
2017-01-16,328174,1902930,4591,101,554,0.5532853853896547,1.3734444444444438,475,50,294,-4.48677958022544,-4.8
2017-01-17,363818,2104434,3960,23,348,0.6187853085942172,1.7706578947368428,461,0,233,-3.699283539263922,-4.906060606060606
2017-01-18,387422,2227173,4331,13,418,1.1952194976480892,1.6810872027180057,375,10,212,-4.076356820486772,-3.7192982456140347
2017-01-19,375515,2161911,4017,43,448,0.9501199993145413,1.8960490463215267,675,15,446,-4.08822148982044,-4.404166666666667
2017-01-20,341812,1924518,3214,38,355,-0.06264378232937395,0.9759535655058054,551,5,323,-3.532923808002295,-5.43048780487805
2017-01-21,245206,1377615,3339,58,399,0.5847226391732837,0.5769383697813117,268,0,164,-3.22331026141181,-5.45813953488372
2017-01-22,220132,1241370,3675,41,378,0.7785839341475804,0.9953453453453447,367,36,231,-3.6022173837243914,-6.052054794520546
2017-01-23,338382,1936363,4464,79,497,0.5306553723770633,1.2072551390568305,787,13,509,-3.750063949193679,-5.37248322147651
2017-01-24,371799,2124760,5338,22,507,0.3286414501010997,1.3552795031055884,783,2,468,-3.6129814933587054,-3.719594594594595
2017-01-25,377175,2153180,5011,42,537,0.42363156310751826,1.3961065573770486,337,13,140,-2.414981290642435,-3.6067567567567576
2017-01-26,376537,2139598,3547,22,359,0.9489702537430762,1.5481698389458254,354,3,173,-3.4740714090507443,-4.250943396226416
2017-01-27,356882,2022613,2398,27,298,0.5307073257780136,1.400427350427352,444,20,284,-4.773862946262802,-6.176666666666668
2017-01-28,263660,1463903,2206,22,289,-0.7476819606220333,1.1564885496183201,807,18,294,-3.985588389175406,-2.1258241758241754
2017-01-29,262864,1417129,3913,30,618,-0.7567464425079131,0.6292267365661859,659,28,399,-5.4447628227467435,-4.8576
2017-01-30,399017,2173458,4895,32,612,-0.08245523947488818,1.0733463035019455,348,10,170,-5.042908292342054,-3.4310810810810812
2017-01-31,412891,2310446,4926,33,565,0.6402139359137584,1.1622070312499981,589,0,403,-6.001799119201272,-5.018918918918918
2017-02-01,402789,2279889,4817,56,430,0.822123270790984,1.1512613521695234,887,22,320,-4.598395950726318,-2.3631578947368417
2017-02-02,401553,2265289,4246,79,373,1.0728709448070581,1.248153034300791,901,20,254,-3.0715897090319997,-1.7532846715328456
2017-02-03,378873,2145774,2917,38,471,-0.5762129844848295,0.7732538330494036,369,0,85,-3.6906825608842335,0.03055555555555549
2017-02-04,254924,1429100,3078,69,407,-1.3940073437599816,0.8439418416801282,214,0,117,-3.514115555351919,-3.7457142857142856
2017-02-05,225494,1279110,4229,33,411,-0.22708435172711106,1.3714999999999997,282,0,153,-4.484969212288281,-2.9999999999999996
2017-02-06,344597,1975611,4706,14,455,0.8306133157477988,1.6787807737397424,231,0,120,-2.5940919089728944,-3.4354838709677415
2017-02-07,378191,2189656,4496,23,432,-0.12703911488980957,1.3904817861339591,333,20,66,-3.5014206964133208,-0.38604651162790704
2017-02-08,388576,2252640,3511,30,352,0.3794623517107021,1.251914241960186,483,0,253,-2.9258391555929415,-3.352564102564102
2017-02-09,390088,2256241,3713,93,267,0.3578245035174699,1.7092352092352097,860,10,404,-3.594571429374249,-2.8697674418604646
2017-02-10,360671,2086093,2444,4,139,0.8825001136150329,1.879865771812079,1135,6,489,-4.459122191834995,-2.682584269662922
2017-02-11,240645,1397990,2763,12,270,0.2921257829725661,1.433333333333334,614,8,231,-2.5000478105740545,-2.732110091743118
2017-02-12,219534,1259209,3594,28,267,0.5276309173574608,1.7161004431314595,278,10,126,-2.4713906735664293,-3.0022222222222217
2017-02-13,347000,2001829,6427,68,486,0.6405180597596201,1.2419999999999995,549,10,305,-4.103953924579648,-4.065979381443299
2017-02-14,377958,2158375,5694,53,394,0.4116028828324916,1.4132743362831848,564,16,411,-5.04891535845108,-7.300000000000001
2017-02-15,403567,2278975,5036,43,433,0.7290228230221326,1.6370454545454534,302,0,248,-4.428204683500574,-6.594
2017-02-16,403796,2296788,4190,61,324,0.5101029247031987,1.492503536067893,260,0,204,-2.6477239639189127,-5.916279069767442
2017-02-17,376889,2123725,3317,44,292,0.19378121977510254,1.145655877342419,271,0,166,-3.452052880529709,-3.5651162790697675
2017-02-18,255113,1438061,2587,44,340,-0.1426065561824843,1.437894736842105,453,0,144,-2.9993401655272933,-1.2043478260869567
2017-02-19,229650,1291890,3138,62,309,0.8447493227582679,1.529111842105263,168,0,47,-3.990163608719932,-0.8045454545454545
2017-02-20,341666,1956322,4403,82,361,0.9610254126923945,1.4684393063583827,262,0,199,-4.049670980253072,-6.713953488372091
2017-02-21,375280,2161108,4975,94,337,0.6907540966074363,1.503181818181817,364,34,225,-4.781989517425048,-6.698214285714286
2017-02-22,391891,2268612,4009,83,387,0.9372138315700917,1.388844086021506,1703,54,1046,-4.215479077942076,-5.847767857142858
2017-02-23,381541,2193613,3517,23,308,1.0527849140562777,1.3244582043343642,688,12,412,-4.677837935058735,-5.706201550387599
2017-02-24,358475,2044882,2322,13,307,-0.12010427214024899,0.707762557077626,448,8,200,-4.5348075332022155,-4.348101265822784
2017-02-25,243343,1380689,2001,10,131,0.997309942819274,1.7704663212435237,201,0,72,-1.788405065263486,-1.0361111111111112
2017-02-26,215306,1226538,3517,60,229,1.2347940259812393,1.9331316187594538,158,0,92,-1.9155235233721921,-3.5280000000000005
2017-02-27,334984,1924666,3807,49,276,0.6699066634777047,1.3964520367936921,236,0,36,-2.0231182034432456,-1.5978260869565204
2017-02-28,368488,2128344,4013,35,375,0.5945733667391232,1.4995867768595028,304,10,122,-2.7867697302931234,-2.542553191489362
2017-03-01,384722,2212578,3689,6,240,1.2166520953601319,1.6458143074581417,465,16,161,-5.657927649842284,-3.1391304347826083
2017-03-02,385337,2223726,3889,38,240,1.321073737876743,1.6733238231098428,457,16,162,-5.202019569286237,-2.0987654320987663
2017-03-03,369562,2126282,2496,25,306,0.87715816151098,1.45492341356674,357,6,211,-5.303519718369818,-4.566666666666666
2017-03-04,251936,1438297,2015,18,166,1.1911194848118272,1.3973045822102415,334,0,177,-3.516343137103013,-4.38360655737705
2017-03-05,225027,1307849,3543,25,297,0.12557044051456367,1.0675994108983784,402,0,190,-2.8938995988841087,-3.255714285714286
2017-03-06,358115,2091707,4648,97,551,0.7862538441234153,1.1138089758342928,284,20,151,-2.5953088004701885,-4.965853658536586
2017-03-07,376038,2214974,3970,48,382,0.5182744267748687,1.4447740112994363,373,0,200,-3.531264886635056,-4.28909090909091
2017-03-08,373465,2168137,4325,70,507,0.8703478080040545,1.5201242236024848,166,0,117,-3.697869284034553,-7.30625
2017-03-09,381619,2222820,4106,78,423,1.2392015576393443,1.5788113695090453,284,12,140,-5.330147939882435,-2.238775510204082
2017-03-10,356668,2094383,2461,46,283,0.06887676359599482,0.93758389261745,259,0,108,-2.9045794140127175,-1.0500000000000003
2017-03-11,242854,1418787,1649,15,186,0.8259369669374795,1.5572784810126579,493,12,232,-3.7405934540741015,-3.5280898876404514
2017-03-12,228852,1310553,4186,40,236,0.9950919233186969,1.9555123216601813,229,13,140,-4.397377125847116,-6.356521739130434
2017-03-13,342849,1993217,4309,54,212,1.5658924951049011,2.4119647355163703,444,0,226,-5.035392058673464,-3.384745762711865
2017-03-14,370403,2181547,4150,44,417,0.2988800518786731,1.3684873949579819,159,0,90,-4.609827507930137,-4.162857142857143
2017-03-15,373226,2194198,4930,10,590,0.0969716239955088,1.428325688073395,175,0,102,-3.173613638541561,-3.5400000000000005
2017-03-16,390695,2292105,4447,20,431,0.011701809658563489,1.4481528662420389,226,20,98,-3.5762761279596824,-1.7321428571428572
2017-03-17,377180,2174088,2979,36,283,-0.1832445798297503,1.3774774774774772,385,0,206,-5.577636531591812,-4.518750000000001
2017-03-18,247674,1429811,2720,26,195,0.914275978964942,1.3336032388663956,422,0,225,-7.5235239672671295,-5.238823529411766
2017-03-19,213923,1245373,3641,38,168,1.6957544362897794,2.18282208588957,388,0,279,-4.912440519337555,-7.141379310344824
2017-03-20,325319,1903214,5916,25,910,1.5210089270526104,1.780718562874252,344,8,196,-4.86204602714356,-4.53709677419355
2017-03-21,358708,2108358,6803,54,895,-0.4481196448259897,0.4712190650779102,195,8,126,-5.715506192119587,-7.165624999999999
2017-03-22,370212,2181239,5334,33,666,0.2636231746890434,1.4864779874213843,191,0,105,-5.097612671332272,-4.007142857142857
2017-03-23,354941,2115479,4226,70,397,-0.08043563662553854,1.6450204638472026,342,10,77,-3.172332044091747,0.0038461538461539604
2017-03-24,336811,1999138,2666,33,332,0.39339990917268697,0.9475247524752466,475,0,239,-5.201156644781012,-2.268918918918919
2017-03-25,227602,1365644,2742,35,327,0.4344488720703863,1.1050505050505062,337,10,207,-3.093589390418321,-4.075999999999999
2017-03-26,199647,1186566,3653,29,417,0.44879763980443244,1.376303317535546,312,12,55,-3.1459414232624567,-0.9732142857142855
2017-03-27,321596,1906861,4791,82,407,-0.001229643882843856,1.6452038369304547,185,0,102,-4.804275731592016,-3.7142857142857144
2017-03-28,361084,2133898,4711,109,340,1.0454072808148671,1.9386792452830202,279,0,76,-2.9942955888232206,0.05641025641025632
2017-03-29,381769,2244793,4412,39,414,1.1885670407252737,1.6993849938499395,218,12,86,-2.244747625932043,-3.511111111111111
2017-03-30,366177,2154663,4550,15,504,0.42868335774686583,1.4594919786096257,309,14,163,-1.691029527060429,-3.540740740740741
2017-03-31,346585,2056764,3256,26,303,-0.11701984267510568,1.2862985685071582,111,2,80,-4.055838846310179,-4.914285714285714
2017-04-01,217739,1297915,2146,20,208,0.24039654788349063,1.3722826086956528,181,13,76,-4.832835096484534,-3.1793103448275866
2017-04-02,200731,1191979,5072,34,988,0.23510901925649108,0.5993026499302649,220,12,108,-2.366669669799578,-3.241935483870967
2017-04-03,332291,1965614,4882,45,591,-1.3879143120170188,0.9679086538461528,93,2,50,-2.6169556725068084,-4.594117647058824
2017-04-04,357346,2102146,4214,29,463,0.28033171399980394,1.5814220183486234,521,8,148,-3.6005489688628267,-0.9235955056179779
2017-04-05,375015,2178496,3518,28,299,0.8495107375725861,1.7790945406125156,324,8,97,-4.133455838932123,-1.1402985074626866
2017-04-06,372515,2152903,3279,18,263,1.1835920438322405,1.8599721059972096,229,0,93,-5.194176875253374,-3.757999999999999
2017-04-07,405579,2277237,1897,16,171,-0.7267117570956241,1.3020151133501268,122,10,74,-2.091652253057621,-2.9423076923076916
2017-04-08,251153,1418617,3232,75,793,-0.24198096130166524,0.9372141372141376,89,4,47,-4.909628718879884,-5.1571428571428575
2017-04-09,227341,1300152,3491,15,339,0.2465040149188391,1.5560821484992116,209,0,91,-2.6585817883064173,-3.5130434782608697
2017-04-10,348461,2005816,4390,44,660,0.1767793263424915,1.2278953922789542,185,0,126,-3.5699821582698874,-5.743243243243244
2017-04-11,377393,2176574,4543,32,679,1.3880401299984435,1.844405594405594,391,22,285,-3.6223412903053314,-6.072340425531914
2017-04-12,367133,2105853,3982,33,299,0.625903634332778,1.6119318181818174,369,0,240,-3.1208298882617753,-5.977966101694915
2017-04-13,351801,2013326,3702,19,230,0.6959182811410676,1.9668470906630593,345,0,231,-2.9163511191409293,-5.58695652173913
2017-04-14,279443,1576091,2271,8,139,0.8832820743661083,1.5336231884057954,310,6,214,-2.161982617196005,-6.058139534883721
2017-04-15,202623,1183810,2718,87,250,0.7532257234038497,1.2953974895397484,559,17,281,-2.0208083775684367,-4.682432432432432
2017-04-16,193717,1122740,3248,74,305,1.076905874414348,1.6204044117647043,337,1,223,-3.44700128750036,-5.040983606557377
2017-04-17,274515,1579434,3560,70,328,1.5123478938065804,1.5627906976744195,344,11,156,-1.9597552482793419,-1.8676923076923075
2017-04-18,336737,1965666,4173,68,230,1.4620307731584175,1.7888157894736854,323,10,106,-3.1732592438447726,-1.9833333333333327
2017-04-19,329864,1938329,4405,24,391,0.9732312497934363,2.1487671232876693,309,8,187,-4.245159834302219,-6.344897959183673
2017-04-20,348322,2072230,3296,47,273,0.8682224964988947,1.7664874551971317,465,0,352,-2.6784171451132206,-4.715384615384615
2017-04-21,338316,1971759,2679,21,266,0.9228747096293467,1.708247422680413,237,0,209,-3.3877015225967027,-8.03030303030303
2017-04-22,212075,1245076,1686,21,130,1.1894976450831054,1.992763157894737,277,0,220,-3.744642032076182,-7.583783783783783
2017-04-23,195784,1129161,1977,10,101,1.1107273001788813,2.0976811594202895,341,10,146,-2.6216494472158804,-2.8869565217391306
2017-04-24,318867,1846846,3528,10,311,0.48930330717823667,1.7321266968325801,614,10,332,-1.5770799705682488,-3.6011235955056184
2017-04-25,363031,2114291,4551,10,376,0.8986245244558018,1.7328235294117649,282,0,175,-1.5462281935233868,-4.304761904761905
2017-04-26,367007,2146454,4765,28,337,0.9986871625942544,1.8014722536806367,361,30,177,-2.126906988471356,-4.068085106382979
2017-04-27,375424,2199205,4282,46,244,0.8375077473609562,1.9840399002493767,170,4,59,-3.0274611202426964,-1.928
2017-04-28,341720,2014574,2368,34,165,0.8944019481570978,1.8231788079470221,60,0,56,-1.595193755523267,-6.4714285714285715
2017-04-29,232647,1379796,3060,39,476,0.6343628411671136,1.3207739307535635,680,0,80,-3.0165327098130725,-4.348148148148148
2017-04-30,198221,1148589,4407,17,230,1.0545347021464757,1.944109947643978,188,0,140,-5.601370241751671,-6.506451612903224
2017-05-01,276653,1586588,5260,72,381,0.6281001715879427,1.906779661016948,422,0,262,-3.4571767509400644,-4.413207547169812
2017-05-02,331663,1923940,4666,24,306,1.1264020198972378,1.7629459148446507,410,0,270,-3.1081864940050585,-4.488888888888888
2017-05-03,356893,2081320,3593,53,345,0.7157334611397725,1.2026200873362458,306,0,160,-2.041240995308498,-1.9555555555555553
2017-05-04,322390,1910175,3086,24,276,0.8045265903284287,1.7038461538461545,223,0,84,-1.6820754930757709,0.1968749999999999
2017-05-05,300818,1787493,2209,35,146,1.7669459360634607,1.498855835240275,514,0,328,-3.4168288862465204,-4.540697674418604
2017-05-06,213023,1258389,1715,49,179,0.5353856934956536,1.6657657657657656,284,0,222,-3.6844223081557743,-7.008108108108107
2017-05-07,195291,1151602,2585,37,224,1.647960702637176,2.3491769547325108,394,0,311,-3.0066572081606773,-7.521568627450979
2017-05-08,307828,1802923,3562,30,303,0.8255051688297889,1.5998397435897438,270,0,176,-4.366899826049698,-4.558333333333333
2017-05-09,330044,1920365,3422,26,338,0.6238254641261503,1.6400572246065817,241,0,124,-4.724881871887004,-4.461904761904761
2017-05-10,344289,1988616,3196,57,213,1.227785167548673,1.7421338155515373,185,0,94,-3.351912962392205,-4.416666666666667
2017-05-11,334604,1958717,2819,49,285,0.988154001719709,1.8677595628415302,172,14,98,-3.7292615069662767,-3.4038461538461537
2017-05-12,325776,1915312,2512,10,249,0.3916214751539595,1.6866498740554157,176,6,118,-4.621347244043332,-5.038461538461538
2017-05-13,219712,1289530,2760,24,217,0.8061367604910799,1.553941908713693,174,0,116,-4.998713900471665,-5.291304347826086
2017-05-14,196155,1148883,2992,20,225,1.231173372973928,1.801320754716981,372,0,243,-1.8304417086473774,-4.669767441860465
2017-05-15,308897,1816871,3614,14,258,0.6300765963090731,1.5947611710323575,333,0,202,-2.2230131954889596,-4.077551020408163
2017-05-16,340832,1987722,3500,19,208,0.5270348599284658,1.5197530864197522,300,0,144,-4.317935681121366,-3.6690476190476184
2017-05-17,347060,2029330,3117,21,441,0.321468972742342,1.3270566727605135,439,18,177,-5.02427924891204,-1.8639534883720932
2017-05-18,355270,2082166,3102,48,314,0.18136834433698068,1.3852049910873443,381,5,188,-5.798417299293524,-3.2544117647058837
2017-05-19,343013,1980459,2058,43,211,-0.6286578703536794,1.2709424083769623,154,0,80,-0.8403807665118915,-2.0653846153846156
2017-05-20,225187,1297748,2807,100,179,0.9420451551890647,1.6866279069767445,194,20,118,-4.079322847221003,-6.596
2017-05-21,204293,1159006,3398,53,186,0.6626160837333286,1.7852649006622525,76,0,42,-2.9086709792809122,-3.7
2017-05-22,329206,1885274,4555,59,194,0.8986545033415345,2.112093628088428,116,0,38,-5.17707874560091,-0.32500000000000007
2017-05-23,334454,1964497,4869,52,379,-0.1697320403390835,1.7899999999999991,89,0,36,-3.199576610158809,0.013333333333333575
2017-05-24,349844,2052851,3692,72,312,0.20182354723582832,1.8095851216022882,95,10,1,-2.6740957635403824,1.666666666666667
2017-05-25,354055,2038600,3280,68,282,1.1348351685993894,1.8702163061564074,271,20,118,-2.866234792219792,-2.3360000000000003
2017-05-26,331348,1938274,2065,0,130,0.7388773004745253,1.8992481203007525,306,0,144,-2.306237138268442,-2.5414634146341455
2017-05-27,232972,1349205,2161,35,277,0.06358582462258644,1.3032345013477085,148,0,112,-2.992941087855233,-5.4111111111111105
2017-05-28,200443,1163256,2903,56,220,0.8391245098499203,1.4454894433781198,230,0,127,-1.1371616178181307,-2.023076923076923
2017-05-29,267886,1608115,2842,61,258,0.6269450507524619,1.0349146110056933,141,0,33,-1.523416500078511,-0.6970588235294117
2017-05-30,309865,1839766,3271,35,352,0.13722437315711478,1.8614516129032248,167,0,64,0.6412500455100845,-1.739130434782609
2017-05-31,336466,2003272,2719,25,265,0.10015491727109893,1.660693641618496,275,55,156,-3.365783719267815,-3.328571428571428
2017-06-01,329122,1939977,3068,61,249,0.07645661874467535,1.19294532627866,334,51,163,-3.9391630283283727,-5.086666666666667
2017-06-02,316712,1852896,2239,12,240,0.6462205469450613,1.5516556291390728,288,28,148,-1.3874853129400677,-3.788095238095239
2017-06-03,207344,1235918,2598,22,146,-0.03917883985853865,1.3268786127167636,151,0,26,-2.5316570741618287,1.2714285714285716
2017-06-04,189516,1122589,2686,49,154,1.4325051405611342,1.3663326653306616,230,0,40,-0.16852700877845575,0.7474999999999998
2017-06-05,312380,1823366,3714,22,228,-1.0225154771359728,0.35049382716049404,128,5,25,0.4014810380465454,-2.291304347826087
2017-06-06,343834,2015689,4666,39,361,-0.548593105315784,1.0972850678733046,142,4,34,2.9393651079403407,-1.6520000000000001
2017-06-07,356816,2079035,7711,79,511,-1.1266102611160802,0.8688553682342508,90,0,11,4.141276556557829,1.1363636363636362
2017-06-08,355047,2056279,4245,80,360,-1.2346405595206948,0.9051762114537452,148,0,46,0.6199887370777537,-0.7740740740740745
2017-06-09,341864,1979893,2988,32,309,-0.3513143639753087,0.8684536082474228,150,0,30,3.800040210756155,-0.8647058823529417
2017-06-10,212561,1258430,2083,11,117,0.06450964416648874,0.9005167958656344,70,0,40,0.23564254678982444,-3.7125
2017-06-11,200520,1182687,2736,14,128,0.7483369193085654,2.416564417177914,87,0,20,2.1839962380688176,0.6499999999999999
2017-06-12,299564,1783450,3944,46,210,0.30341295351412945,1.3784810126582259,100,0,50,1.9801983482115164,-1.5470588235294118
2017-06-13,337220,1986925,4377,21,338,0.2949156223037887,1.5050430504305052,157,0,52,-2.986429035618261,-0.547222222222222
2017-06-14,341458,2018125,4740,30,399,0.5012469708727667,1.8997546012269937,401,10,55,-2.4312360276761327,0.30149253731343323
2017-06-15,328917,1940653,4423,45,301,0.8721171207741243,1.8249708284714106,602,10,359,-4.491676398263093,-5.8960526315789465
2017-06-16,318446,1870939,3116,18,270,-0.8694138169525525,1.3197976878612703,329,20,167,-4.806751282326249,-3.8437499999999987
2017-06-17,210937,1236741,2386,50,271,-0.8179232730273656,1.123725055432371,164,0,40,-6.2181103970535165,-0.045833333333333115
2017-06-18,194454,1155530,3632,82,263,0.357929764432511,1.8356589147286835,113,0,60,-1.0563392785268961,-5.05625
2017-06-19,315445,1877031,3709,79,248,0.675898907797152,1.492496392496391,326,0,80,-3.6016163615770083,-0.5098039215686277
2017-06-20,340758,2037690,4099,25,423,0.5275444947638868,1.2105413105413105,345,10,54,-3.743801519844999,0.5646153846153843
2017-06-21,353740,2088954,3386,54,275,0.9057832839613985,1.3375706214689247,232,2,16,-4.02376080554594,0.28627450980392166
2017-06-22,329497,1961294,2803,35,226,0.43433873899632713,1.3773618538324417,203,0,50,-6.927041164325203,0.6894736842105267
2017-06-23,311032,1832738,2495,42,216,-0.979956670161978,0.8410989010989005,189,0,36,-5.599421892809425,-0.0736842105263156
2017-06-24,215742,1285990,3085,24,336,-0.7999576065105126,1.0302564102564107,223,0,72,-1.9776263369608271,-1.7972222222222225
2017-06-25,178834,1047697,1932,23,150,0.6241454402410906,0.9900804289544227,170,0,88,-0.24789648549610718,-2.3305555555555553
2017-06-26,271471,1637941,1657,6,177,0.8897913386738172,1.4723270440251564,146,15,50,-2.630734017183769,-4.044
2017-06-27,282423,1674913,1771,18,184,0.20291785548801222,1.2728531855955674,92,0,54,-3.170713901678686,-5.2
2017-06-28,295341,1750745,3017,115,390,-0.3051175414791683,0.7971807628524048,114,18,42,-2.4334205719460926,-5.787999999999999
2017-06-29,291833,1750092,3564,41,326,-0.6639420574153538,1.3706319702602237,167,0,84,-4.411708847460365,-1.6478260869565218
2017-06-30,289981,1722924,1822,36,209,-0.867677480905904,1.2073964497041425,193,0,101,-3.233746493539664,-4.091836734693878
2017-07-01,196659,1160075,2091,4,277,-0.38424652450951824,0.719889502762431,108,0,43,-3.49668253881976,-3.133333333333334
2017-07-02,178173,1041149,2636,30,349,-0.021738449381215164,1.1791111111111103,57,8,20,-1.8388394649324833,-3.130769230769231
2017-07-03,259499,1533995,2948,50,331,-0.3645534425477521,0.9674033149171264,139,0,56,-3.5145953862531125,-3.2476190476190476
2017-07-04,273837,1629224,3278,39,412,-0.6363797569488776,1.0806020066889657,29,0,24,-5.397004383263628,-6.2
2017-07-05,288807,1686532,3159,32,540,-1.0324811788903725,0.6190641247833621,98,0,54,-4.531775864306335,-1.6
2017-07-06,317278,1831790,2500,30,250,-0.001867315516411061,1.8265720081135914,186,0,106,-8.848314480325747,-4.050000000000001
2017-07-07,303672,1757912,1774,8,103,0.49347204023789476,1.0078864353312302,45,0,44,-9.173120857620516,-8.085714285714285
2017-07-08,220764,1258349,1731,15,127,0.8127300741617904,1.6861356932153386,153,0,73,-4.877854933532179,-3.1625000000000005
2017-07-09,200901,1160495,1839,15,230,0.2592712484451445,0.92484076433121,131,0,107,-4.4746768322515145,-7.304347826086956
2017-07-10,278775,1633507,2718,13,505,-1.0030687346008982,0.07038216560509536,104,0,58,-3.1809921573069166,-4.042857142857143
2017-07-11,308056,1809904,3474,29,550,-1.687977074586946,-0.09912917271407862,80,0,38,-4.997131387992881,-2.690909090909091
2017-07-12,316661,1845026,3211,45,207,-0.7145003114252342,1.6121052631578945,201,35,36,-1.7183450072047899,-1.8659574468085105
2017-07-13,302722,1770786,2426,29,285,-0.780003262316869,1.2424242424242418,321,64,76,-2.265129840714287,-1.9749999999999999
2017-07-14,283499,1677016,1665,18,191,-1.278327674313661,0.621875,140,21,23,-0.29677239698758856,-0.7866666666666667
2017-07-15,193404,1136132,1664,28,191,0.05178297641751062,0.6756578947368421,128,20,92,-4.723799356272332,-5.887499999999999
2017-07-16,167484,991789,1829,32,157,-0.31557912130047805,1.4599388379204896,56,0,18,-3.0194114069018383,-0.7
2017-07-17,268768,1610926,2891,12,262,0.12991747537269815,1.5866541353383454,254,0,77,-4.4166959054201005,-0.1289473684210522
2017-07-18,285023,1683998,2652,3,179,0.49430448283326944,2.1479757085020212,379,10,159,-4.798711059075272,-3.837777777777777
2017-07-19,309444,1823564,3672,41,334,-0.1416747345374898,1.6349085365853644,708,10,306,-7.6353467860453765,-3.8289719626168233
2017-07-20,291859,1728568,3073,22,283,-0.010502854310412044,1.4901234567901214,255,12,98,-5.347103194427517,-3.123529411764706
2017-07-21,275955,1614408,1869,20,277,-0.5763130094414648,0.7771260997067446,34,0,17,-7.7616261124009345,-2.566666666666667
2017-07-22,206347,1205321,1830,22,259,-0.9635464449476316,-0.030362116991643262,157,0,90,-4.509765883806745,-5.587999999999998
2017-07-23,185210,1081721,2312,47,209,-0.03776836333273792,0.7212410501193314,185,10,68,-5.417184285777519,-3.817857142857143
2017-07-24,283033,1646483,2434,18,177,0.43547881476473393,1.7850515463917522,237,0,153,-5.734177900457305,-5.361904761904762
2017-07-25,308797,1803479,3652,18,290,0.23008562744406724,1.6319112627986347,126,0,44,-4.030987983033421,-4.565217391304348
2017-07-26,298919,1760320,2870,22,269,0.2460954635441932,1.4650107991360697,199,0,47,-2.934740404999294,-0.2054054054054059
2017-07-27,297603,1762318,2742,10,491,0.31929463546086656,0.8291866028708137,158,10,72,-2.5206180282701864,-2.880952380952382
2017-07-28,290310,1693194,1504,22,130,0.18090259431033023,1.3892857142857151,220,6,72,-3.2434624992704033,-3.451612903225806
2017-07-29,207091,1210621,1825,36,122,0.7046286584720549,1.1441441441441453,321,34,97,-3.8587249791670377,-1.7322033898305087
2017-07-30,188948,1123309,2757,28,89,0.32344465445593595,1.8338912133891219,815,30,427,-4.392369237462637,-4.234074074074074
2017-07-31,284699,1672802,3511,24,294,0.4277595113902761,1.4618739903069478,420,20,247,-4.945127103219971,-6.357971014492754
2017-08-01,302872,1759728,2855,42,259,0.15598814443646403,1.0956349206349212,240,10,112,-3.338414476891645,-4.818604651162789
2017-08-02,313127,1828803,3053,71,276,-0.005024683217746684,1.8582867783985106,247,0,173,-1.8382392233506621,-5.324242424242425
2017-08-03,301130,1744101,2950,2,368,0.2876397311046077,1.1624497991967848,258,0,143,-5.2762915611984,-3.9170731707317072
2017-08-04,286928,1685314,5287,48,870,-1.5147170936289203,0.2012328767123291,450,10,156,-3.615251574424186,-3.7507936507936517
2017-08-05,196510,1159675,1938,12,393,-0.7948015690290586,0.36114649681528643,272,10,54,-5.424173595536689,-2.2020833333333334
2017-08-06,185582,1084602,2482,15,392,0.20551785899828312,1.0781637717121593,173,0,67,-4.289152665846265,-2.7703703703703706
2017-08-07,281340,1651081,3620,50,496,-0.3878795378418356,0.827521367521368,525,4,230,-2.9814538826468535,-1.7308333333333328
2017-08-08,295542,1741406,3813,41,465,-0.590789348931013,0.5198561151079137,488,0,211,-4.216416509952568,-2.950000000000001
2017-08-09,303054,1768716,3155,80,329,-0.4935898687037934,0.9210950080515302,299,7,110,-3.5568842782974293,-3.328333333333334
2017-08-10,276300,1628265,2855,11,288,-0.7217152102249436,0.6801869158878506,104,0,60,-3.233083970364326,-3.36
2017-08-11,265791,1577189,2187,48,301,-1.2029686819170344,0.6329466357308586,309,0,92,-2.0900949483575033,0.11086956521739107
2017-08-12,192383,1122410,1504,0,142,-0.37251225134018373,0.9987603305785124,334,8,66,-5.580619331135624,-2.3374999999999995
2017-08-13,175169,1033369,2298,10,221,0.343927568003287,0.9013550135501357,376,16,123,-3.3068427242039267,-2.5690140845070424
2017-08-14,269195,1578261,2577,6,210,0.0579110965655103,1.738574423480082,378,6,246,-2.0082984062112397,-3.556896551724138
2017-08-15,302909,1745768,2783,24,223,-0.3478712167627521,1.1138339920948621,304,12,80,-0.4902451587487828,-1.0509433962264152
2017-08-16,308006,1763011,2421,15,271,-0.11104517476123534,0.7006787330316744,223,0,94,-1.7460428046253174,-1.4741935483870965
2017-08-17,319336,1832166,2702,5,293,0.1761297408255352,1.3329545454545446,101,0,60,-4.608179780568086,-3.8928571428571423
2017-08-18,281373,1628200,1569,3,275,-0.7908243951467164,0.5190031152647969,53,0,30,-1.9852918416256147,-4.166666666666667
2017-08-19,211948,1230129,1346,0,138,-0.6756929296221713,1.1646209386281596,326,10,118,-5.773861299029354,-4.690697674418604
2017-08-20,183593,1055399,2308,20,67,0.1119687511049765,1.567088607594937,268,0,74,-2.5491707343274483,-1.491176470588235
2017-08-21,274842,1590862,2457,51,173,0.43165772771791633,1.4147058823529415,104,0,54,-2.590029787019659,-4.878947368421053
2017-08-22,303439,1736087,3157,19,328,0.5594738862634274,1.2629711751662969,88,0,26,-2.452759931511453,-4.129411764705883
2017-08-23,326791,1840265,3397,4,393,0.752636912224106,1.4245980707395507,173,6,36,-1.701381719986644,-2.1473684210526316
2017-08-24,210462,1046405,2036,2,232,-0.03388454930464535,1.2028301886792452,20,0,8,-7.015799595085608,-2.8666666666666667
2017-08-25,277661,1600115,2109,18,208,-1.545249552993093,0.8581218274111677,130,10,34,-3.8462104857617687,-2.8
2017-08-26,205893,1212126,2487,32,277,-0.9333196541172741,1.1929961089494157,309,0,206,-4.778846480949499,-6.036363636363637
2017-08-27,179918,1050501,2470,14,184,0.08929847852235007,1.6062921348314612,138,10,84,-5.5941386864565175,-4.7739130434782595
2017-08-28,177178,983742,2291,20,317,-1.0144631173804144,0.8508733624454152,71,10,10,-2.839475245120286,-0.025000000000000022
2017-08-29,6083,29753,44,0,16,-1.9176240115516392,-0.642857142857143,0,0,0,,
2017-08-30,126639,707367,897,0,47,0.6891718078716538,1.6883248730964473,52,0,22,-0.9639834250459823,-4.720000000000001
2017-08-31,290142,1691456,2153,38,240,-1.4652749702216015,1.064127764127764,97,0,52,-4.088291504896943,-1.9263157894736842
2017-09-01,276175,1597744,1581,42,144,-0.8666003002682365,1.3948553054662367,124,0,78,-2.3735502935740866,-5.4941176470588236
2017-09-02,193596,1132443,1438,18,108,-0.052693840342175946,1.2639285714285713,174,0,78,1.6942661369712302,-1.8192307692307694
2017-09-03,182879,1059586,1653,27,79,0.050180369249479106,2.2194805194805207,30,0,30,-6.1976650563607105,-10.0
2017-09-04,259920,1540869,2566,36,100,0.2601615918197835,1.6275711159737418,119,0,24,0.21704679165034108,1.134782608695652
2017-09-05,309099,1798599,2111,8,177,0.17757362737651872,1.2283618581907088,20,0,0,-0.3428038201997734,1.4
2017-09-06,343403,1984765,2772,4,164,0.23385685731475336,1.6227180527383354,78,8,40,-3.986581562748461,-4.477777777777779
2017-09-07,330643,1911912,2719,50,248,-1.0289315087292104,1.0287356321839063,102,0,72,-4.440474343360532,-6.381818181818181
2017-09-08,308360,1778804,1960,44,131,-0.1400778946278985,1.1891246684350127,58,10,40,-3.9245772383027253,-6.828571428571429
2017-09-09,197930,1161551,1989,42,93,0.01142706563725765,1.3787179487179488,164,12,60,-4.82197518939804,-2.9576923076923074
2017-09-10,194096,1123582,3884,193,184,0.8565299166493612,1.7230182926829274,154,20,61,-5.290216704989103,-2.7809523809523804
2017-09-11,305230,1760235,3562,130,150,0.3801377222750211,1.5026058631921826,76,0,12,-3.604177331099587,-0.4600000000000002
2017-09-12,339093,1977146,4076,0,404,-0.46821822513732736,1.5094420600858374,125,0,22,-5.3611929605454165,-0.256
2017-09-13,343239,1989197,4071,74,369,-0.18677243666393606,1.4988157894736815,166,0,65,-3.2630748759253176,-2.5676470588235296
2017-09-14,339541,1968935,2876,44,273,0.15174054275931326,1.4447105788423151,76,0,10,-0.42895457576819307,-1.168421052631579
2017-09-15,308344,1786523,1698,4,155,-0.814548351630408,1.4699346405228764,325,4,78,-4.490086230204277,-0.642
2017-09-16,218369,1279597,2088,20,167,0.6621613566820577,1.7308357348703163,174,2,86,-5.863902679682908,-4.366666666666667
2017-09-17,198549,1153716,3410,20,268,0.9922259960316845,1.7927750410509016,264,0,174,-4.825626143132234,-5.49375
2017-09-18,304808,1773532,3732,12,264,0.13575351819152282,1.8786118980169961,156,10,84,-3.3414613582834423,-1.3307692307692307
2017-09-19,346246,1996282,4817,21,495,1.1859005187021165,1.644849246231154,59,0,14,-5.700750940728304,-1.476923076923077
2017-09-20,341049,1975078,3009,38,328,0.7858150001638301,1.5031971580817043,42,0,10,-3.7543264714953444,-3.1428571428571432
2017-09-21,341726,1970228,2591,18,339,0.10058149537054331,1.1538617886178884,58,0,26,-1.6553387546296356,-3.0272727272727273
2017-09-22,302003,1747548,2105,10,286,-0.7471944979531835,0.8300492610837447,20,0,0,-0.3007518796992434,-0.19999999999999984
2017-09-23,212084,1233121,2437,33,195,0.1559009745232527,1.421052631578947,160,30,56,-1.5575273069568694,-0.2400000000000001
2017-09-24,178344,1045659,2781,80,196,1.2528193646199566,1.6363465160075341,12,0,8,-1.7452569533984201,-6.65
2017-09-25,302573,1752057,4205,45,332,0.7135532842907963,1.9813750000000003,98,0,10,-2.3205201122589876,-0.06956521739130457
2017-09-26,315116,1831447,4032,47,243,0.5471127362968952,1.7706756756756763,94,0,18,-2.3209428820067664,-0.3200000000000002
2017-09-27,309303,1807684,4604,31,815,-2.645896212990769,-0.2346107784431137,81,10,12,-2.107926546715492,0.5187499999999998
2017-09-28,307346,1818508,3790,0,544,-1.6859442061998662,0.7163610719322988,137,0,94,-5.887883266029287,-4.496153846153846
2017-09-29,285233,1688251,2808,40,264,-0.8006330445228422,1.6445525291828789,134,0,56,-7.157399121201419,-5.85
2017-09-30,186829,1101990,2403,13,217,-0.20914002185134883,1.6590200445434284,118,0,60,-3.0539257571696696,-5.688888888888889
2017-10-01,163092,974688,2717,24,218,1.6881747159726213,1.8155925155925152,136,0,86,-7.383361151989056,-5.1454545454545455
2017-10-02,272398,1636051,3447,11,316,1.8550473679198487,1.8975961538461537,149,0,30,-3.777659304187036,-1.2250000000000003
2017-10-03,317614,1872383,4051,37,288,0.7937184335585734,1.49421052631579,87,3,10,-2.159152889141344,3.0739130434782616
2017-10-04,306465,1783550,3967,32,395,-0.017859593744541158,1.4292035398230087,127,0,36,-1.8141267965698025,-0.30000000000000016
2017-10-05,315928,1844481,3580,58,248,0.43081433380287826,1.6979938271604953,60,6,0,-1.223354059377333,2.34
2017-10-06,281869,1657491,2614,79,288,-1.4490108967179087,0.7055441478439421,24,0,20,-5.704522883738149,-4.333333333333334
2017-10-07,200976,1174441,2989,33,328,-0.19551974085289703,1.590476190476191,102,0,50,-6.8581941480381445,-5.371428571428572
2017-10-08,180172,1048795,3701,33,416,0.2042566911717939,1.25016077170418,56,0,46,-7.590373620143945,-5.333333333333333
2017-10-09,283542,1669351,4282,43,389,0.976281504640388,2.079286694101508,36,0,10,1.0257499998134052,1.700000000000001
2017-10-10,305795,1803512,4121,50,267,1.0805206436716217,2.27188703465982,70,2,42,-1.757952480830187,-2.5727272727272728
2017-10-11,319712,1852498,3998,35,394,0.6386118934300089,1.4124487004103967,20,0,0,-6.298097057390305,1.5
2017-10-12,329620,1899087,4370,19,384,0.15497847789257468,1.8692307692307693,140,0,16,-2.528012636909782,0.5681818181818183
2017-10-13,316483,1808620,2477,23,173,0.5824804225374018,1.7626106194690265,42,0,12,-5.446269888057937,-5.0
2017-10-14,205128,1183719,2139,20,203,1.8128764559336292,1.6312195121951223,28,0,18,-7.253945505722426,-5.333333333333333
2017-10-15,190911,1098695,3364,28,452,1.2688034708858478,1.661262798634812,68,0,28,-1.3310548799020498,-3.185714285714286
2017-10-16,287539,1695030,3710,48,274,0.4703043190464882,1.696255850234008,34,0,16,-3.7275758234942575,-2.0
2017-10-17,333861,1944574,3706,6,297,1.0366287460352057,1.7419306184012067,95,0,8,-2.1526364445492527,1.1736842105263157
2017-10-18,315074,1836816,4034,55,328,0.3452531943105205,1.4542817679558,62,0,40,-4.1747966230318045,-3.928571428571429
2017-10-19,329501,1914581,3756,47,230,1.2558777011458329,1.7352507374631267,89,0,16,-1.718688613425462,1.07
2017-10-20,319594,1865364,2586,12,164,1.1121523322171396,1.7749490835030544,23,0,12,2.2554792053420503,-3.9
2017-10-21,201068,1183953,2078,26,160,0.49024891597880504,1.8492307692307701,0,0,0,,
2017-10-22,193658,1120778,3856,49,595,-0.9446271388279868,1.2658082975679539,15,0,1,-0.17002869501906193,0.23999999999999985
2017-10-23,315901,1829087,5558,41,827,-1.1009885060903013,1.2049603174603163,49,0,5,-1.01946956432681,1.7125
2017-10-24,327658,1919610,4853,43,404,0.543249029486403,1.9978079331941547,62,0,52,-6.019646151991781,-9.25
2017-10-25,334064,1941050,4862,46,393,0.6442458745070718,1.809413202933987,27,0,16,-3.7395629195208238,-5.5
2017-10-26,343764,1992301,3262,28,280,1.0336962693731309,1.6260252365930619,65,0,10,-1.7469433219346875,0.6181818181818179
2017-10-27,312243,1806206,2370,17,206,0.5369292050436534,1.5032482598607892,10,0,10,-10.8974358974359,-10.0
2017-10-28,201280,1176553,2608,29,163,0.6593173355644516,1.6099567099567105,82,0,34,0.13454818418799497,-0.94
2017-10-29,187766,1095060,2992,26,190,1.0525271101916356,1.863583815028902,102,0,54,-4.303201342751761,-3.5058823529411756
2017-10-30,295957,1696679,3895,22,243,1.4362788230548222,1.8500747384155445,175,0,58,-0.7179416950517259,0.7400000000000002
2017-10-31,327952,1889216,4736,15,470,0.714194380595955,1.58983451536643,101,0,10,-2.0081572953346822,0.777777777777778
2017-11-01,332576,1888203,3929,13,268,0.9181307943774003,1.852442159383035,52,0,20,-7.18277064995502,-5.5
2017-11-02,328654,1883540,4581,12,404,1.5287561932269513,1.5056220095693802,276,0,226,-4.840395820048024,-3.7255319148936183
2017-11-03,320753,1838774,2777,34,227,0.5853012395774799,1.3077220077220075,78,0,42,-2.247479572533114,-3.87
2017-11-04,207844,1180900,2077,3,178,1.1945723560234822,1.8743589743589733,126,0,70,-3.209397903960699,-3.935294117647058
2017-11-05,194333,1117530,2721,28,332,0.3750175917528926,1.1053149606299213,132,20,42,-4.188893756333253,-5.111111111111111
2017-11-06,304670,1732933,4729,50,391,0.6862498059067352,1.8409681227863053,15,0,10,-12.374783246632,-5.0
2017-11-07,341224,1943891,4005,21,345,0.8724552915292553,1.925725593667545,76,0,20,-2.210084477092572,-1.7
2017-11-08,344342,1952934,3816,28,260,1.0454857258949146,2.0992917847025474,89,1,78,-9.708826807938403,-7.771428571428571
2017-11-09,344873,1969945,4870,60,268,0.5052823475478762,1.6500575373993094,167,6,59,-3.5209110276677786,-4.630555555555555
2017-11-10,330774,1866554,3552,163,241,-0.16687570791598222,1.282100591715978,84,0,40,-1.6320314997038539,-0.8307692307692309
2017-11-11,224489,1256240,2880,69,174,0.12891386124922355,1.4805999999999995,174,0,58,-1.63249033499985,0.5607142857142857
2017-11-12,202706,1136704,6086,27,369,0.19577739017727094,2.1224852071005906,151,2,86,-5.03963594094918,-5.24
2017-11-13,308568,1763716,6388,65,374,0.486551593167018,2.123245214220602,194,0,89,-4.3101692645449345,-4.184210526315789
2017-11-14,337822,1939636,5891,77,332,0.5392680189297623,2.46186440677966,160,0,10,-5.81211931537385,-1.090322580645161
2017-11-15,343037,1986650,5113,7,367,0.8396780760430089,2.0957943925233673,86,0,8,-4.389855017079596,0.786666666666667
2017-11-16,316454,1804456,3948,61,291,1.1884354563739392,2.0259917920656623,38,0,30,-7.068607043348652,-5.250000000000001
2017-11-17,317261,1819335,2939,35,288,0.3948448319434086,1.8354166666666663,180,0,116,-7.453314270369958,-5.292307692307691
2017-11-18,208361,1183465,2061,16,173,0.3001457129972628,1.418004866180049,130,2,26,-3.925805341348667,-1.417391304347826
2017-11-19,188160,1081129,2649,45,190,1.6338836965626917,2.2640151515151516,265,20,130,-5.715600707983399,-4.287234042553192
2017-11-20,286507,1672880,3211,55,128,1.3854151433220743,2.200164744645797,118,0,64,-3.072765207986623,-5.094117647058823
2017-11-21,333592,1929947,3826,34,385,0.6941428367076896,2.0723011363636363,152,0,84,-1.3435321872176582,-4.11875
2017-11-22,321901,1852472,4303,29,352,0.12168519311649806,1.7555118110236223,210,0,156,-2.0427344910680145,-6.499999999999999
2017-11-23,268681,1600070,3712,27,363,-0.751060114804033,1.1816107382550323,72,0,38,-7.262176561281454,-0.6833333333333332
2017-11-24,269936,1625565,2275,4,155,0.7180241530040709,1.7455723542116623,60,10,20,-2.571474901136409,-2.5999999999999996
2017-11-25,181992,1088344,2627,20,154,1.4116221517036818,2.0981171548117166,55,10,9,-1.373296331635232,-3.5
2017-11-26,172322,1027937,3275,58,295,0.7360990322025358,1.6467116357504228,6,0,0,1.91127694859038,0.0
2017-11-27,280308,1645943,3875,40,228,0.9561138111409992,2.1907111756168387,268,2,66,-2.8907894065734396,1.6622222222222223
2017-11-28,327906,1926535,3960,56,411,0.9990446553963364,1.548966408268734,109,0,10,-2.012141810779157,0.3523809523809529
2017-11-29,342184,2004018,3938,29,462,0.7183058507378843,1.2407456724367525,86,0,40,-6.390325685783701,-4.544999999999998
2017-11-30,324348,1879327,2682,28,302,0.3321085998136937,1.2925512104283041,107,0,35,-5.358867345786912,-2.2636363636363632
2017-12-01,298570,1701093,2006,26,159,1.0860928770007572,1.4914027149321258,84,0,13,-2.30312719588284,-0.7249999999999999
2017-12-02,203118,1163020,2477,15,185,1.4983485911107581,1.3419203747072599,365,30,97,-3.5564065906182343,-2.0618556701030926
2017-12-03,171784,995543,3011,32,269,1.5292330583894143,1.6173112338858198,344,2,119,-2.8370903250405073,-1.9172413793103447
2017-12-04,281333,1641663,3365,99,271,0.6947743699058844,1.8724590163934438,1323,30,741,-4.143476495175679,-4.564135021097046
2017-12-05,327315,1872221,3556,20,390,0.9172998422974459,1.764285714285715,1127,84,391,-3.6573845085778274,-2.1322957198443593
2017-12-06,332690,1852863,3902,80,275,1.3263515568478375,1.5589430894308947,455,10,232,-3.197817705714234,-4.672093023255815
2017-12-07,350053,1947735,3231,26,245,1.0225718863952615,1.2352941176470584,207,10,122,-4.624177508440447,-4.041666666666667
2017-12-08,326222,1827334,2159,1,131,1.6960385864528802,1.9469626168224305,75,0,5,-3.9967289695776724,3.8500000000000005
2017-12-09,211339,1156990,1943,23,127,0.9500691636965825,1.63756906077348,118,0,56,-3.7549343870109024,-4.3478260869565215
2017-12-10,196763,1096281,3336,40,327,0.849113386395428,1.3893292682926834,154,0,40,-4.484960079145035,-1.6916666666666664
2017-12-11,277930,1588669,2976,10,228,0.93846057978262,1.8478405315614608,147,10,44,-2.3129050649871328,-0.532
2017-12-12,308402,1776399,3481,47,213,0.7102401149381803,1.844857142857142,130,0,94,-4.064993529229039,-3.566666666666667
2017-12-13,325050,1880379,4018,50,307,1.2246302131571287,1.7960988296488936,270,0,126,-2.3450129734980236,-1.3977777777777773
2017-12-14,308398,1824323,3194,37,212,0.8838395565995855,1.6437919463087245,138,10,97,-4.258876583789407,-5.438095238095238
2017-12-15,287162,1675350,2078,10,197,0.8571593379934324,1.7360526315789484,116,0,40,-4.792493533900589,-2.5157894736842104
2017-12-16,183837,1054318,1863,0,213,0.39928279991930404,1.3509259259259263,139,0,94,-6.4639892449366885,-6.009523809523809
2017-12-17,171989,999355,2674,74,228,0.9801868402543829,2.1054794520547935,195,0,131,-4.295262472110247,-3.3449999999999998
2017-12-18,256336,1521302,3186,37,239,0.8121020165648409,1.8845500848896433,156,0,74,-1.407390304482056,-0.7218749999999994
2017-12-19,287034,1676824,3356,30,178,1.5676973674179098,1.8472789115646264,122,10,50,-3.6598537739588353,-2.8374999999999995
2017-12-20,289467,1705337,3029,29,215,1.1619378539746816,1.7988721804511278,248,0,89,-4.947653536860799,-1.9102040816326533
2017-12-21,290818,1714870,2410,42,208,1.3633577755394042,1.5681293302540424,151,0,50,-2.6112808561098086,-1.69
2017-12-22,266966,1560689,1793,5,155,0.7464354344940831,1.4379213483146067,152,0,92,-3.8142293845013238,-4.138095238095238
2017-12-23,181275,1052876,1758,4,127,0.3215963877466792,1.3662251655629145,174,0,34,-0.7221181008887543,-1.21
2017-12-24,156319,908428,2856,39,254,0.3089494682535334,1.5516634050880633,91,0,71,-3.8933747862991317,-7.584615384615383
2017-12-25,150366,880283,2532,81,289,-1.487989791973193,0.7059183673469389,73,0,23,0.9895193374184799,-0.6125
2017-12-26,188971,1113721,2998,41,388,-0.8526021536067327,0.7870841487279836,79,0,51,-5.271557112839833,-6.652941176470589
2017-12-27,224403,1322065,2755,30,478,-0.5578627957268424,0.5183070866141727,52,0,26,-5.30488243219645,-4.944444444444445
2017-12-28,235824,1408945,2355,15,261,-0.19734717226638868,1.5017199017199028,42,0,30,-6.320106322440472,-5.833333333333333
2017-12-29,215663,1277289,1844,16,187,-0.18380945675008853,1.2993710691823894,191,0,44,-1.9645923396698244,0.3424242424242421
2017-12-30,158481,944515,1881,20,200,-0.46761408808536775,1.5056818181818183,138,0,44,-2.487780747848377,-0.5250000000000001
2017-12-31,144436,864952,2495,86,213,0.47327931242048193,1.2249438202247198,24,0,14,-8.927473510410248,-7.666666666666666
2018-01-01,147242,864685,2305,45,216,0.14475527358989637,1.0537037037037043,108,0,20,1.732450253002985,-0.875
2018-01-02,203925,1202729,2498,45,164,1.462721638289572,1.7853603603603598,42,0,10,-1.661964322065475,-2.16
2018-01-03,255904,1484407,3856,73,342,0.40546447035626965,1.3357585139318866,164,0,92,-3.5874244557800283,-2.592307692307692
2018-01-04,258152,1498578,2659,21,213,0.42413305989696304,1.4673956262425443,134,0,21,-1.240637046548225,0.0
2018-01-05,251442,1458171,2117,6,160,-0.5086121760364224,1.4294429708222807,95,0,25,-0.814811314563926,0.395
2018-01-06,191484,1108052,2144,41,156,0.2601677471369108,1.03160621761658,191,0,77,-3.8884549062604656,-2.2638888888888893
2018-01-07,162646,955886,3000,10,284,0.6638066264776399,1.336105476673429,116,0,20,-0.6825325932956752,0.85625
2018-01-08,253216,1491278,4192,27,206,0.9595312352312679,1.649768160741884,87,10,19,-1.4754688544707932,-2.2357142857142858
2018-01-09,285195,1671773,2618,19,177,0.4856266914139038,1.9909961685823747,141,0,40,-3.0800803268402333,-2.551851851851852
2018-01-10,309674,1795460,3169,34,212,0.7739667292222432,1.3628774422735352,70,2,10,-2.1577592855382735,-1.9444444444444442
2018-01-11,300739,1754021,2446,42,229,0.2758539248985934,1.0851612903225811,125,0,8,-0.948445253834716,0.24285714285714277
2018-01-12,296571,1696440,1938,18,180,0.535835997441493,1.4111747851002878,95,0,34,-1.8718546258375053,-0.47666666666666657
2018-01-13,199053,1148889,1953,63,242,0.06860402413715286,1.3966887417218536,61,0,0,-0.10440105122744092,2.246153846153846
2018-01-14,180268,1037342,2989,25,263,0.17814263362254734,1.687404580152672,44,0,22,-5.659343092871934,-3.8499999999999996
2018-01-15,264970,1542045,3550,29,272,-0.031759096325251895,1.657186544342507,16,0,0,-3.4134817513864153,-0.3250000000000002
2018-01-16,310268,1795611,3947,38,322,0.7448535677077667,2.1664041994750662,106,0,20,-2.7835188157051287,1.0846153846153845
2018-01-17,320841,1838444,3162,61,197,1.7282594149317139,1.763953488372091,206,0,170,-7.692894722576161,-3.1500000000000004
2018-01-18,306821,1767853,3640,65,175,1.2815286750291115,2.3649289099526083,129,0,23,-5.595837669664118,-0.14814814814814808
2018-01-19,312619,1800866,2175,14,176,0.49654232863393893,1.4552941176470566,245,0,145,-4.607907590932982,-3.4289473684210527
2018-01-20,215337,1221793,1774,10,255,0.8403907489890698,1.526780626780627,192,5,57,-3.485385429004568,-1.1263157894736844
2018-01-21,214512,1218121,2693,10,200,1.6044579792794822,1.9728682170542646,172,0,80,-3.4846404413981107,-3.1960000000000006
2018-01-22,296779,1705085,4188,154,418,0.4364089310995107,1.0930291508238286,180,0,62,-2.0817266954021174,-0.8025641025641024
2018-01-23,319020,1852278,5027,74,385,0.17812833300611597,1.544772447724477,367,10,113,-3.0983693642127967,-2.426865671641791
2018-01-24,321319,1828527,4454,16,357,-0.04272662666873317,1.7471121177802957,175,10,36,-0.7673651107718307,1.5147058823529411
2018-01-25,318208,1806281,3112,111,210,-0.830413253139465,1.55205047318612,322,10,76,-1.4275342851425938,-0.20508474576271177
2018-01-26,304329,1744292,2526,14,147,-0.7580810923895633,1.5852362204724408,176,7,48,0.3939932893909994,0.6086956521739123
2018-01-27,211562,1220814,2657,32,133,0.3661640191262077,2.0067567567567566,329,0,208,-2.348952579907398,-4.252
2018-01-28,193534,1111780,3088,30,195,0.9054081723491312,2.253703703703704,282,0,84,-3.345589491427076,-0.6695652173913045
2018-01-29,268643,1561923,3824,14,244,0.2812764933976336,2.0422516556291397,151,0,26,-3.6560291026246565,-0.5918918918918921
2018-01-30,301446,1772378,3865,45,266,0.15126581600791522,2.083972602739727,223,0,50,-1.1800447571743553,-0.20681818181818223
2018-01-31,313466,1820279,3450,17,246,0.33759336410681984,1.8573466476462204,127,0,34,-1.1395157372302975,-0.20666666666666683
2018-02-01,309325,1818390,3057,10,232,1.0656272824839674,2.211681415929203,386,0,170,-3.2653091382821122,-0.4518518518518517
2018-02-02,300174,1770042,2141,10,151,0.6109375159390866,1.741479820627804,213,0,134,-1.4962596094040117,-2.9137931034482754
2018-02-03,200862,1166739,2621,8,222,0.5934645254581871,1.917674418604652,86,0,0,-0.28797514288761245,2.05
2018-02-04,178975,1035148,3223,46,295,1.22325315006242,1.5736497545008172,131,0,40,1.0013826315923313,1.2333333333333332
2018-02-05,288818,1687509,4217,10,406,0.1889471059534083,1.571890547263681,89,0,31,-1.7346795151216508,-0.5384615384615384
2018-02-06,317851,1859837,4524,57,438,-0.13444166930033752,1.606431273644387,108,0,4,0.5430615671394919,0.3969696969696972
2018-02-07,317476,1853658,3774,55,338,0.887674959734325,1.8585365853658533,217,0,113,-4.360693298436385,-2.793548387096774
2018-02-08,308054,1803357,4122,36,296,1.0819272022209514,1.9172110552763821,157,2,30,-0.8838289656660431,-1.2714285714285714
2018-02-09,292230,1706950,3224,10,164,1.3820389730653124,1.8073025335320436,37,0,30,-6.094034799120637,-5.640000000000001
2018-02-10,220049,1246260,4030,31,257,2.0783926554956857,2.0521493212669673,127,10,65,-2.4240459744799274,-4.242307692307692
2018-02-11,191149,1086159,5867,24,239,1.936105433225211,2.197348484848489,100,0,26,-3.186819477215905,-0.7272727272727273
2018-02-12,281438,1611672,5392,87,352,0.8365759898566081,1.5705510388437212,93,0,20,-1.6285570432127505,-1.5142857142857142
2018-02-13,302871,1745660,4708,65,310,0.6287295735061234,1.9870860927152303,112,0,8,0.24514077961140604,1.3499999999999996
2018-02-14,310258,1790908,4403,48,206,1.3626748966367974,1.7306095979247722,56,3,13,0.308844963794399,-0.3200000000000003
2018-02-15,312486,1806465,3020,15,240,0.981502336741829,1.5572934973637953,64,0,0,2.0947835736048637,1.1
2018-02-16,299463,1699069,2638,72,213,-0.879612313668602,1.2211610486891384,126,0,60,-5.397147430414648,-4.23125
2018-02-17,215118,1217102,2353,38,179,1.129695782387965,1.7116071428571424,138,0,98,-4.212566074074538,-4.273684210526316
2018-02-18,188765,1073822,3747,18,412,0.3397180892169579,1.6828815977175458,164,0,38,-1.9572193103768756,0.8799999999999999
2018-02-19,267962,1551924,3451,27,459,-0.0398027433651732,1.3340874811463042,87,0,43,-2.1561309631891623,-2.7666666666666666
2018-02-20,323982,1884172,4211,35,446,0.2447412256545256,1.492650602409638,60,0,15,-2.1463065865653954,-1.6
2018-02-21,324728,1874007,4285,36,411,0.004308188864663665,1.5561797752808972,70,0,24,0.2012886560635028,-0.76
2018-02-22,319417,1853631,3426,44,313,1.0189443978074848,1.0817484662576669,136,0,44,0.8215586348248829,0.5521739130434771
2018-02-23,302288,1717026,2684,20,474,0.44832542505303885,1.5361045130641315,199,0,58,-4.049612537234873,-1.5272727272727264
2018-02-24,215161,1248941,2283,20,256,0.7974368368829662,1.6253658536585351,175,0,30,-1.3499705777733506,1.1400000000000001
2018-02-25,188924,1093501,5352,43,417,-0.772593156271774,1.4684594348222415,80,0,0,-1.8099560286239469,0.9187500000000002
2018-02-26,288127,1686465,5989,39,415,-0.9878350177181543,1.6457695406929884,52,0,18,1.0650419081238842,-1.2583333333333333
2018-02-27,302172,1753395,5965,36,340,-1.7198009678002717,1.8104387291981836,49,0,38,-2.5339210654233133,-6.6499999999999995
2018-02-28,326938,1879127,5139,43,316,0.7507832432629973,2.1200995024875624,30,0,20,-3.6111718408395257,-8.0
2018-03-01,327088,1909733,4062,36,284,0.6718694072325829,1.7618677042801543,52,0,12,-2.7133032115947824,-3.4749999999999996
2018-03-02,303113,1766751,2203,56,168,0.04662948534799427,1.5995402298850572,23,0,10,-0.1294498381877,-1.3250000000000002
2018-03-03,202357,1148323,2351,0,122,0.6129516436757021,1.8741150442477872,140,0,48,-3.227460820608829,-2.411764705882353
2018-03-04,167224,942838,2506,29,149,1.0299147424720985,1.865524193548387,139,0,38,0.3077441080449308,1.1961538461538455
2018-03-05,299721,1731312,3781,50,221,1.375430060689666,2.052773826458034,39,0,0,0.9124389571141348,2.408333333333333
2018-03-06,334301,1923720,3572,37,315,1.8283418361881927,1.8275602409638556,21,0,0,-5.16549772232673,3.6000000000000005
2018-03-07,339753,1950161,3763,20,239,1.1996135610979244,1.6456808199121526,10,0,0,-7.74220374220374,1.0
2018-03-08,309092,1764723,3514,0,392,0.6411973908222924,0.9430397727272726,88,0,36,-6.295382783530669,-3.141176470588235
2018-03-09,323391,1827384,2660,20,277,-0.1334064116437368,1.145405405405406,60,0,0,-0.2836950355329664,1.1874999999999996
2018-03-10,221487,1269774,2370,0,323,-0.28759618455679653,1.028668171557563,132,0,38,-3.225211586230374,0.019999999999999536
2018-03-11,192925,1102662,3724,47,313,0.1703985160219913,1.5331476323119777,121,0,44,-2.56037102418257,-0.6947368421052633
2018-03-12,299826,1739479,4414,31,336,0.007919577655753754,1.78220640569395,109,0,15,-4.902502148932939,0.10500000000000043
2018-03-13,318206,1797697,4022,47,280,0.5955244737376431,1.7004048582995943,35,0,5,-0.8756287560970898,1.2571428571428571
2018-03-14,350066,1992982,3759,13,289,1.016923192482956,1.992223738062757,158,8,98,-5.230016254944506,-4.0
2018-03-15,336297,1920592,3473,23,272,1.0157175259490576,1.7131297709923652,68,8,30,-2.0765583025675936,-0.6799999999999999
2018-03-16,326568,1882440,2613,29,211,-0.2873970346039858,1.6754201680672258,24,0,17,-3.9496053720294086,-6.0
2018-03-17,210449,1190108,3502,38,332,0.3950400521002555,1.564547206165704,52,0,31,-4.6563278749655765,-4.836363636363636
2018-03-18,188942,1075987,3648,32,259,1.969464894073187,1.9116504854368928,45,2,0,-2.1605682456327697,2.0
2018-03-19,315546,1814787,4051,61,273,1.6934561136485655,1.6251358695652174,37,0,0,-2.574803155366693,3.55
2018-03-20,322176,1872010,3824,38,380,0.8944318839165215,1.7396576319543502,10,0,0,3.01003344481605,-5.0
2018-03-21,326113,1876992,3933,49,418,1.3456027371730868,1.4652116402116406,33,0,6,-4.678438562807813,-0.4500000000000005
2018-03-22,322029,1873338,3601,38,393,0.2518223499445972,1.306584992343032,16,0,10,-5.482383611138018,1.8500000000000014
2018-03-23,302841,1747168,2144,49,119,1.5883774386058098,1.641404358353511,93,0,32,-4.190202909512797,0.8299999999999998
2018-03-24,204979,1184614,2355,54,177,1.5929480528206184,1.0326810176125243,34,0,0,-0.2389982900104775,4.387499999999999
2018-03-25,192385,1091182,4580,31,1463,-1.0930753047085642,0.002515723270439918,48,0,10,-1.93431342687019,0.4800000000000001
2018-03-26,307504,1759938,4517,15,708,-0.5037663871700699,0.7363428571428577,133,10,12,-4.709798166298428,0.5818181818181817
2018-03-27,337328,1901057,6204,293,523,-0.5112143731129297,1.2543222003929286,82,10,44,-5.73250294207961,-6.027777777777777
2018-03-28,343229,1925364,4164,21,389,-0.3004843424097816,1.5286842105263176,102,10,44,-4.120207038752227,-4.1045454545454545
2018-03-29,327456,1847410,4480,25,416,-0.7952053120591525,0.9865191146881291,34,0,10,-4.5851197817040985,-6.7125
2018-03-30,266398,1507566,2398,67,262,-1.5694759790518715,0.6347140039447736,57,0,20,-2.333723600777576,1.3000000000000003
2018-03-31,187486,1073492,2602,42,284,0.5339825080720291,1.6242125984251967,70,0,50,-4.25885717235058,-8.027777777777777
2018-04-01,162895,933519,2751,10,245,-0.026627643449389865,0.6751423149905122,54,0,40,-1.3479739571432512,-5.75
2018-04-02,256990,1483677,3566,16,312,-0.24739009212943064,1.608701657458564,44,0,1,-2.8774186155033887,-1.4555555555555555
2018-04-03,313011,1805572,3686,5,262,0.09776406660201165,1.5915977961432504,36,0,26,-4.532516043363296,-7.220000000000001
2018-04-04,331797,1860422,3816,24,226,0.0664109008819731,1.7691780821917815,55,2,38,-5.941464552721968,-5.6090909090909085
2018-04-05,331839,1904700,3448,14,271,0.545716039555125,1.8269927536231902,87,20,53,-5.401121390456542,-3.4875
2018-04-06,297051,1704113,1773,22,190,0.4849093877177049,1.7151603498542256,36,5,21,-9.442938744388218,-5.2
2018-04-07,200452,1148968,1993,2,118,0.7935158419163196,2.1261096605744116,81,0,34,-2.129561661605723,-1.738888888888889
2018-04-08,186737,1063818,3322,25,202,0.7307182369188939,1.9187290969899649,4,0,0,-1.31826741996234,2.8
2018-04-09,294122,1679827,4202,28,208,0.49842108003050506,1.8319949811794227,486,0,9,-1.6601752201490503,-0.8220000000000001
2018-04-10,345706,1951648,4687,30,279,0.5050688169976706,1.9323987538940814,275,10,6,-2.179051622113499,0.1392156862745098
2018-04-11,341435,1898073,4432,43,373,0.2639068363311764,1.435761589403973,171,10,4,-2.0972343035324106,-0.532608695652174
2018-04-12,359262,1988121,2926,32,199,0.6945347108616462,1.5270085470085468,244,0,29,-1.9219912971660307,-0.9583333333333334
2018-04-13,320479,1767242,2095,17,145,0.8115052683480841,1.4291139240506334,78,0,18,-4.473826902956885,-0.3333333333333333
2018-04-14,266674,1412247,2199,3,141,1.2157435150161875,1.604576659038902,26,0,2,-1.496994933352308,-3.3000000000000003
2018-04-15,209200,1127179,2725,11,268,1.063217217691964,1.2550321199143457,97,0,0,-0.7226846902944104,1.1590909090909092
2018-04-16,305565,1708958,3564,23,309,0.8638373010880073,1.917475728155338,32,0,19,-3.5139302463134343,-3.628571428571429
2018-04-17,334647,1900562,3627,30,266,0.75454450136697,1.669713506139154,137,0,78,-2.8751729239333534,-5.084210526315789
2018-04-18,349913,1968688,3710,32,237,1.1010341171165616,1.7878740157480315,108,0,10,-2.5896955481618615,0.37058823529411744
2018-04-19,344323,1952287,3950,10,310,0.9401914770967605,2.0470899470899466,277,0,105,-2.1279303159001084,-1.9054545454545455
2018-04-20,295607,1670566,2171,21,158,-0.0020737636845735707,1.9564159292035415,295,10,171,-3.691599762893891,-3.808771929824562
2018-04-21,204129,1168935,2394,12,215,0.3787122949181496,1.4515081206496514,321,19,103,-2.7179276686601175,-1.8756410256410256
2018-04-22,184267,1057917,3451,25,318,1.476433433430909,1.419211822660099,237,0,66,-1.5962424686845216,-1.6000000000000003
2018-04-23,283993,1636952,4203,48,457,0.47158031169803877,1.3957983193277306,102,0,68,-2.183224779073713,-5.944000000000001
2018-04-24,330483,1882751,4516,50,494,0.26143203129087444,1.1358258928571425,142,0,34,-4.099662611557797,-1.5592592592592598
2018-04-25,315095,1795600,3975,41,330,1.1013427916017802,1.9055214723926357,114,0,8,0.4411004861980346,0.9107142857142854
2018-04-26,304028,1713718,2858,20,229,1.0692849995753435,2.0525590551181114,42,2,30,-1.5660082486711528,-2.7142857142857144
2018-04-27,300268,1685428,1974,12,206,0.7123773015170972,1.6129629629629623,29,0,28,-3.6597164173089802,-8.333333333333334
2018-04-28,204340,1157499,2270,0,216,1.0163081154006215,2.0093434343434344,169,0,100,-2.9609230431886053,-2.8515151515151516
2018-04-29,179500,1009416,3184,0,302,1.3330294854124989,1.9323214285714283,165,20,87,-4.077957422051988,-5.74
2018-04-30,282563,1583587,3602,59,261,1.8572918640408362,1.9318112633181124,141,0,30,-1.3502122029822683,-0.5250000000000001
2018-05-01,281424,1556691,3768,42,332,1.4385701946512535,1.825811688311688,245,28,158,-4.113480470998132,-6.283333333333332
2018-05-02,293033,1684090,3487,34,153,1.4331496774400743,2.1812302839116744,144,10,70,-3.7124787527160703,-5.11304347826087
2018-05-03,305274,1761323,3180,35,197,1.3256230669734796,1.6838709677419343,92,0,66,-1.2863715141744918,-4.4071428571428575
2018-05-04,290797,1661767,1931,17,193,0.5210830532927822,1.2776504297994256,109,8,94,-1.9334387655970535,-8.34090909090909
2018-05-05,192181,1101987,2543,4,178,0.7376947166677368,1.5873913043478265,294,18,184,-3.4843274803676803,-5.273469387755102
2018-05-06,176377,998507,2965,14,240,1.8446218462465493,1.6697508896797153,294,20,115,-3.3758024290089503,-3.4829787234042557
2018-05-07,274143,1567615,3549,24,221,1.2137823460180115,2.0265079365079366,150,10,80,-2.1413373279450103,-4.8291666666666675
2018-05-08,312518,1764638,3830,34,289,0.6017257001778706,1.9373292867981786,320,10,152,-0.43917313681865927,-2.7756097560975603
2018-05-09,351621,1926554,3641,34,197,0.893401892762413,1.9114730878186974,303,18,145,-1.3056399060725434,-2.507272727272727
2018-05-10,351954,1935376,3284,22,258,0.9453609842881805,1.8496309963099637,328,10,102,-1.7482412566215777,-0.7380952380952384
2018-05-11,317232,1760504,2302,15,241,-1.3873240903284862,0.818201284796574,199,2,94,-2.6002113156713462,-4.111428571428572
2018-05-12,197292,1101060,2020,16,185,1.3008749002866768,1.1561561561561564,245,4,89,-0.7009009396271105,-3.3431818181818187
2018-05-13,183262,1033173,3242,58,379,0.002159756752548536,1.152749140893471,192,0,140,-0.8911494991727356,-6.642857142857144
2018-05-14,306673,1720137,4373,53,443,0.37190302543410647,1.4984009840098382,141,0,48,-2.184112088889466,0.07368421052631591
2018-05-15,334472,1852001,4006,10,262,0.75967018630383,2.0496635262449536,126,0,76,-2.558301553122654,-4.372727272727272
2018-05-16,352892,1964848,2978,20,195,0.39718151788800826,1.972212978369385,115,0,38,-2.7486250698160672,-2.1476190476190484
2018-05-17,340208,1919350,3511,48,204,0.4194704339933639,1.8436420722135,33,0,16,-2.912382605904849,-0.15000000000000036
2018-05-18,313652,1776995,1673,19,109,-0.042605495743618604,1.9415151515151514,14,0,4,-1.55691820424999,-4.666666666666666
2018-05-19,199366,1113214,1680,0,90,-0.11490126840507155,2.021543408360128,35,0,0,-3.2686833461741234,1.685714285714286
2018-05-20,171724,970504,2349,40,167,0.8410514412795476,1.8028888888888888,56,0,32,-1.89989630908285,-2.433333333333333
2018-05-21,274742,1565501,3218,25,200,2.0852863509557102,1.960655737704919,74,0,20,-1.3799286499304593,1.6500000000000021
2018-05-22,299672,1703850,3297,45,236,0.8784059024121147,1.8488636363636375,101,10,48,-2.464818098912258,-2.831818181818182
2018-05-23,317552,1811824,3612,69,331,0.9093638800900354,1.5881766381766376,254,20,46,-2.600028861088678,0.6666666666666667
2018-05-24,325492,1853739,2809,30,234,0.00789296167341913,1.4191650853889939,136,10,36,-1.7311505211214553,-2.9142857142857137
2018-05-25,297695,1689973,1714,25,144,-0.07318454272018649,2.012540192926044,42,0,0,-0.8745933624934925,1.6750000000000003
2018-05-26,193567,1121222,1647,5,45,1.2897039500790284,1.9836012861736327,24,0,0,1.1838762290888125,4.4
2018-05-27,176481,1004170,2469,16,255,-0.19287413757207833,1.761640798226164,135,0,80,-4.1310210274328485,-3.3611111111111116
2018-05-28,230630,1359531,2333,50,191,0.45228794493861485,1.9726457399103141,29,0,12,-2.8947940436247745,-2.842857142857143
2018-05-29,301204,1744671,3029,14,284,-0.14485790337514315,1.4818671454219023,24,0,4,-2.5544728996244577,-2.1333333333333333
2018-05-30,316385,1815125,3152,27,506,-0.6695896882152852,1.0794466403162062,184,10,118,-3.5305603989269434,-4.845454545454545
2018-05-31,302729,1714175,2673,16,348,-1.2139337502431435,0.8142857142857137,97,15,38,-2.874493968538955,-2.168421052631578
2018-06-01,284985,1622222,1877,7,196,-0.49244868134512565,1.403874092009685,20,0,0,-0.54458815520762,8.0
2018-06-02,193008,1102000,2005,1,235,-0.5159406564795087,0.46622691292875995,134,0,0,5.469761428506154,2.32
2018-06-03,173434,1001574,2794,20,161,1.2121053823852326,2.2056947608200455,162,0,48,2.0426196520088684,1.2466666666666661
2018-06-04,270593,1566077,2507,20,182,0.14368068996622108,1.5125265392781322,40,0,16,0.5934721408915833,-5.066666666666666
2018-06-05,297475,1706856,3310,10,448,0.2924499607965232,1.3129213483146058,196,8,8,-1.8993679251000348,0.03404255319148916
2018-06-06,307994,1746283,2585,47,232,1.120190629367262,1.6452941176470577,42,0,0,3.9292871967462846,2.6125000000000003
2018-06-07,305010,1729032,2954,46,280,0.22877678406229207,1.522264875239923,168,0,1,0.1527271323399278,3.166
2018-06-08,287779,1629148,1903,28,87,-0.17171816735721523,1.0777464788732383,57,0,2,-0.6548307492806353,0.7999999999999997
2018-06-09,191991,1072424,1732,5,179,-0.1439561023951564,1.9910891089108906,8,0,0,9.35251798561151,3.4
2018-06-10,183194,1005768,2273,20,184,0.8139252700768533,2.3190594059405925,24,0,22,-1.66626865671642,-5.5
2018-06-11,294324,1654324,2524,53,144,0.5159880582054317,1.6093023255813947,76,4,40,-5.509984873480329,-3.8470588235294114
2018-06-12,313003,1764831,3201,59,188,0.46106792473683744,1.7353637901861263,24,0,0,2.71186440677966,-7.5
2018-06-13,305622,1726502,3259,22,236,0.7578943334365114,1.897004991680533,108,2,27,-2.7269077353465985,-0.5578947368421052
2018-06-14,303586,1716900,2698,22,214,0.2602405778099035,1.7173410404624274,319,20,72,-0.925357667356163,-0.3854166666666665
2018-06-15,272345,1546243,1614,1,111,-0.08510714324422342,1.6536873156342191,132,0,10,1.5401009638704966,2.0589743589743588
2018-06-16,177156,1011209,1555,2,136,-0.2897613092040233,1.597833935018051,139,12,18,-2.2982884722453325,0.39782608695652166
2018-06-17,162405,935131,1662,3,118,0.19796434005856156,1.805722891566265,39,0,29,-2.7804440441472695,-4.746666666666667
2018-06-18,264211,1527725,2956,51,267,-0.6017709642084585,1.4970355731225296,53,0,25,-2.1795196730626847,-1.6714285714285715
2018-06-19,288003,1637565,2376,42,243,-0.8081187199416578,1.1894736842105262,108,0,0,-2.6451650008284293,1.9761904761904756
2018-06-20,315913,1815298,3160,31,281,-0.1247667546131197,2.0138989169675097,55,0,16,-3.115092347882181,-1.2590909090909093
2018-06-21,309603,1779887,2624,30,196,-0.01342681365340681,2.203680981595092,236,55,50,-3.8147522356563734,-1.5511627906976746
2018-06-22,298365,1717216,1715,14,140,-0.5020244813981449,1.1565656565656566,188,18,59,-3.36336047198017,-3.0349999999999997
2018-06-23,193293,1115014,1932,93,178,-1.0096105938403748,1.0076923076923077,168,0,64,-5.133821250907585,-0.3083333333333331
2018-06-24,175582,1009868,2580,81,271,0.0491549622386378,1.4634433962264153,60,0,37,-4.773658112703865,-4.25
2018-06-25,272151,1563899,3029,135,265,0.25589941026544993,1.4958408679927673,408,0,115,-0.8632550367528551,-0.2264150943396226
2018-06-26,318655,1814756,2887,16,214,0.1911019309171012,1.6398,148,0,22,-2.2580085361671514,0.8516129032258065
2018-06-27,303582,1735849,3486,51,192,-0.16690910407032422,1.852373660030627,24,0,0,-2.9859676968445426,2.5125
2018-06-28,309643,1771497,2932,10,167,-0.7317942264562434,1.8525830258302574,12,0,0,-1.957210776545165,1.5
2018-06-29,289186,1643942,1996,19,284,-0.3641646276211763,1.003191489361702,16,0,16,-5.639862208094264,-9.0
2018-06-30,190499,1082856,1743,5,225,-0.2931790130773063,1.389007092198581,40,0,12,0.4483381459920843,-3.371428571428572
2018-07-01,166113,964619,2925,41,182,0.45781801366554076,1.7401221995926677,30,0,10,-1.6302661107630332,0.46666666666666723
2018-07-02,264020,1527565,3033,30,246,0.9066042947491972,2.1117977528089886,76,0,10,-5.1554660294302295,1.166666666666667
2018-07-03,281736,1627086,2922,72,282,0.40500403147683595,1.7826429980276115,95,1,30,-2.1306755941640185,0.19999999999999996
2018-07-04,261994,1546351,2884,12,318,0.82763975125062,1.7409506398537462,132,0,18,-2.195339223208833,-1.0333333333333334
2018-07-05,282971,1653181,2764,21,208,0.38837625907432516,1.5116412213740447,48,0,10,-0.8223904582964021,-0.7900000000000003
2018-07-06,268369,1535597,1593,30,124,0.3689973187829616,1.4934782608695651,22,0,0,-1.9089574155653466,1.8
2018-07-07,177752,1023190,1551,10,203,-0.9517992094793855,0.8141538461538462,56,0,6,-1.3843365166930748,-0.8666666666666665
2018-07-08,161101,918366,2193,10,274,-0.2735523209059056,1.3371921182266013,113,0,30,-1.7023547853855265,-0.6045454545454545
2018-07-09,267486,1547299,3060,20,168,-0.1827799812504228,1.5059113300492601,202,10,65,-3.0984942733779883,-0.8805555555555555
2018-07-10,295508,1688402,2881,30,250,-0.3979018999213626,1.5320754716981133,145,2,10,-0.6153012054506695,0.7703703703703701
2018-07-11,309026,1727528,3098,0,226,0.1392864721160084,1.8731285988483686,134,0,30,-0.9273648100398721,-0.6071428571428568
2018-07-12,308070,1708720,2222,28,119,-0.04614062991908563,2.0973451327433628,81,0,20,-3.3880249483767026,2.9624999999999995
2018-07-13,287365,1625317,1758,35,131,0.7845924705625188,1.7989071038251365,122,20,20,-1.8616261182767306,-1.736842105263158
2018-07-14,182512,1043688,1161,12,108,0.9237325782717134,1.2354368932038842,64,0,42,-3.8767700739731676,-3.13
2018-07-15,133791,754717,2017,30,71,-0.7007080454642046,1.9629722921914352,22,0,22,-3.2123961050519463,-10.0
2018-07-16,258185,1458796,2552,21,259,-0.050893681346240255,1.2874999999999996,166,0,24,-2.8927617740618192,0.5666666666666669
2018-07-17,279140,1593943,2819,0,212,0.6504926688328191,1.1585409252669039,188,8,20,1.2193186416668036,2.122727272727273
2018-07-18,278955,1587170,2793,22,237,1.1551129051814895,1.9458256029684604,162,0,29,-2.931945011354262,0.8969696969696965
2018-07-19,288152,1644465,2670,30,244,0.5820836821688952,1.9985347985347985,164,0,60,-1.7811715773974899,-1.4612903225806448
2018-07-20,270728,1529196,1787,2,101,0.662056157902553,2.4107728337236525,143,0,66,-1.655158371064047,-1.7848484848484847
2018-07-21,175017,995257,1689,10,127,0.9910084875746432,2.870491803278691,108,4,60,-5.14236433334244,-3.864705882352941
2018-07-22,159386,906202,2512,69,195,0.3219363565806437,1.9526652452025584,127,8,66,-3.8561314720011883,-4.069565217391304
2018-07-23,255869,1452123,3159,63,249,-0.11348160207031693,1.427399650959861,43,0,10,-3.5244608117425336,-1.4533333333333336
2018-07-24,281462,1604060,2949,75,340,0.44670806396812557,1.0102517985611517,59,0,28,-3.74635290843069,-3.2444444444444445
2018-07-25,277432,1578922,2723,80,262,0.6109476716468168,1.488380281690141,157,0,122,-4.004954581661368,-6.53125
2018-07-26,278758,1581962,2441,58,223,0.07667281545482296,1.5013129102844633,384,44,68,-4.098839318935106,-0.24673913043478257
2018-07-27,261034,1471580,1565,35,155,0.0673753066768688,1.4005899705014753,1010,0,110,-3.8884835381069784,-2.4533333333333336
2018-07-28,171214,972140,1545,27,242,0.6291870364414338,1.2856269113149854,466,6,4,-1.8987602194713755,1.9897727272727277
2018-07-29,155506,882728,3009,24,289,-0.16717615880374803,1.4850180505415147,194,24,25,-1.5855241635487718,-0.1288461538461539
2018-07-30,246190,1412737,3296,79,394,-0.1313347535776188,1.0995057660626026,224,0,15,-2.654349928359844,2.090909090909091
2018-07-31,274840,1567800,3046,35,255,-0.031257195910030566,1.6157807308970098,129,0,37,-2.9425324079455644,0.7343750000000003
2018-08-01,282174,1631009,3552,82,130,-0.05943823864377142,1.8286330935251809,164,0,40,-3.912832131689807,-0.2142857142857143
2018-08-02,273146,1570999,2912,170,202,-0.208849713451131,1.561797752808989,82,19,9,-3.9718778288111416,-2.582608695652174
2018-08-03,252907,1457408,1884,114,123,-0.3781373584265616,1.515702479338844,139,28,46,-1.3525175906982625,-2.6264705882352937
2018-08-04,171146,989097,1555,20,116,0.8662008616809214,1.8561403508771948,139,16,1,-1.676109970547581,2.902857142857143
2018-08-05,151325,892397,1950,44,208,-0.3305137954079118,1.4395348837209312,45,0,12,-2.553634949468278,2.2
2018-08-06,249118,1425931,2731,62,185,-0.3185173758376759,1.6132379248658304,144,0,46,-4.803125018807962,-0.22307692307692295
2018-08-07,275509,1573619,2539,12,177,-0.05846996846084018,1.4904862579281184,29,2,7,-4.749756057895592,-6.2125
2018-08-08,285425,1596905,2604,45,297,-0.42207061828049075,1.281048387096773,150,0,31,-2.4992281720716507,-1.0545454545454542
2018-08-09,270254,1527474,2258,3,373,-0.6780250180209574,0.6821670428893907,66,0,20,-2.244320105036366,-0.9444444444444446
2018-08-10,250189,1425896,1883,48,258,-2.006115830176128,1.2599483204134363,163,0,35,-2.183855649956799,0.1181818181818183
2018-08-11,168512,980003,2080,4,310,-1.446309631155351,0.9359413202933987,43,0,0,2.4862874816621217,1.3818181818181818
2018-08-12,152230,884691,2401,91,297,-1.0544741472373644,0.8372093023255816,32,0,8,-5.60879981412051,-0.05714285714285694
2018-08-13,243470,1404232,2730,80,311,-0.24414955665881358,1.2328871892925428,92,0,10,-3.991492453829294,0.32857142857142874
2018-08-14,262463,1505064,2966,47,313,-0.26847368490542767,1.3835125448028678,79,0,1,-4.324734121915568,-0.1444444444444444
2018-08-15,265451,1499417,3036,39,232,0.2402485747649808,1.3667289719626163,51,0,4,-5.060190993909944,-2.9066666666666667
2018-08-16,264747,1489637,2572,19,253,-0.13904151607963738,1.6322580645161293,14,0,0,-1.2743645149652525,-0.8499999999999999
2018-08-17,253296,1423696,1476,62,88,-1.2397383634104822,1.8638629283489112,106,10,19,-2.442402267364928,-0.05833333333333318
2018-08-18,171543,977620,1805,18,174,-0.43760329601492787,1.8419999999999992,58,8,0,1.1488966886939758,1.6444444444444444
2018-08-19,154512,872650,2427,43,185,-0.563489616851276,2.1338809034907618,86,5,8,0.027738033686613248,1.2599999999999998
2018-08-20,245126,1388906,1955,24,111,-0.18224383327813998,2.1846153846153853,4,0,0,-4.62046204620462,2.3499999999999996
2018-08-21,255004,1455111,1862,14,117,1.041931332571036,2.362373737373736,7,0,5,-3.524333194037835,-4.7
2018-08-22,274648,1545882,1306,56,138,0.11160716548084204,1.9014336917562722,111,0,10,-2.1486771063742505,0.01739130434782643
2018-08-23,276384,1552346,1726,53,72,-0.3633428106114399,1.4709969788519637,31,0,1,-0.8974624176435972,1.3375
2018-08-24,258843,1460120,1642,25,145,0.2614930199565855,1.317927170868346,60,0,10,-5.232571284273937,-0.7466666666666667
2018-08-25,184004,1048301,1403,15,141,1.2957164667658607,2.205016722408029,47,0,24,-7.013222861711011,-4.3999999999999995
2018-08-26,175341,953683,1711,38,67,0.6716915415124984,2.284659090909091,46,0,22,-1.0182084376910199,-0.7750000000000001
2018-08-27,259758,1457944,2612,56,226,0.45960268855999864,1.7898785425101214,245,0,75,-3.474062151372464,-2.0688888888888886
2018-08-28,296444,1661522,3269,51,284,-0.4793439637365049,1.2894736842105265,159,1,86,-3.4961663328149863,-5.596875000000001
2018-08-29,303671,1701831,2826,43,203,0.27775496712663283,1.5824803149606321,16,0,10,-2.982132771914708,-2.16
2018-08-30,296475,1653855,2740,4,261,-1.1570540530246056,1.298775510204082,22,0,18,-1.4074074673119108,-5.6
2018-08-31,277441,1559180,1484,19,149,-1.0322885095463386,1.2233449477351912,117,0,2,-2.16704354512737,1.826923076923077
2018-09-01,188308,1054070,1927,31,158,0.5745971870420841,1.5137724550898197,22,0,5,-3.9601622426540573,-1.65
2018-09-02,164923,926613,2121,9,139,0.9499743158236552,1.9090909090909092,75,7,15,-4.0868397380128805,-0.25833333333333364
2018-09-03,232460,1353568,2550,12,184,1.7012846026922988,1.8422222222222213,94,16,16,-4.650423351556851,-2.2
2018-09-04,272686,1566621,2450,92,146,0.9509423315235721,1.8097402597402592,60,10,8,-0.923930698499248,-2.0400000000000005
2018-09-05,303186,1710911,3498,14,141,-0.9753632259972036,1.8661716171617173,352,0,16,0.46497548707679504,1.9291666666666667
2018-09-06,294717,1671320,3005,24,120,-1.14457652234631,1.7313167259786466,442,0,10,-1.4520220310002439,1.7589041095890405
2018-09-07,287354,1611303,2029,47,223,-1.1734909916922716,1.1352185089974292,94,2,2,-1.9518458407663801,0.8549999999999998
2018-09-08,187417,1070386,1781,20,106,-0.34424580040463826,2.1074074074074076,114,0,0,-0.966440353385388,2.115384615384615
2018-09-09,176577,998698,2172,26,276,-0.3268310006746805,0.9510158013544014,98,0,42,-9.025320344299967,-5.4
2018-09-10,260584,1511455,3173,44,321,-0.3876106091379117,1.4869496855345914,124,10,15,-1.864675792767275,0.3842105263157895
2018-09-11,288433,1661609,2690,18,306,-0.35862789171549614,1.2238095238095235,126,0,10,0.7920331837267959,4.268571428571429
2018-09-12,295753,1711115,3031,10,141,0.07868476079090947,2.4670731707317097,38,5,0,-3.330477956923967,1.5312499999999998
2018-09-13,288692,1668650,1890,28,77,-0.12083071830311728,1.738271604938273,52,0,28,-5.276578282035121,-5.636363636363637
2018-09-14,274505,1570956,1097,20,117,-1.3969560596868553,0.7470852017937224,24,0,0,0.003297622628264981,3.71
2018-09-15,180237,1028385,1259,5,57,0.5235405202855524,2.137727272727274,36,5,0,-2.7315354665638845,0.6153846153846155
2018-09-16,158253,903400,2193,47,135,1.9646529784960207,2.465151515151513,611,0,10,1.0330517728606643,4.045161290322581
2018-09-17,264934,1504426,2286,20,268,0.9361382801836746,1.738288288288289,233,0,8,0.8559949121180166,4.368292682926828
2018-09-18,297278,1696915,3023,38,345,0.38548459118298917,1.029533678756477,114,0,4,-1.2912118896752962,3.029032258064517
2018-09-19,294143,1704883,3184,58,361,-0.5746724715409994,0.8870129870129873,21,0,10,-4.15645813523867,-1.25
2018-09-20,296146,1699428,2711,17,231,-0.2917925866086266,1.4666666666666672,58,0,0,1.1361474528825022,2.928571428571429
2018-09-21,275962,1576146,1759,12,230,-0.5851976805716337,0.4306358381502891,34,0,8,-1.664437418936445,1.0124999999999995
2018-09-22,182849,1041843,1924,52,245,-1.3847467859285305,0.3984042553191489,16,0,0,-4.31034482758621,2.1999999999999997
2018-09-23,173631,977463,2997,14,319,-1.2646950609526924,0.5198852772466531,8,0,0,-0.39777247414479,2.35
2018-09-24,270414,1541726,3022,49,317,-0.5578608903938236,1.2158813263525303,127,19,0,-0.23693213006524508,0.6472222222222221
2018-09-25,306042,1740673,2936,15,285,-0.4133139237810709,1.4220125786163527,11,0,0,-0.582967218654955,2.1500000000000004
2018-09-26,306607,1745749,2789,24,256,0.4517655895763545,1.568461538461539,68,0,0,-3.629924808313635,1.0941176470588234
2018-09-27,302213,1714684,2848,17,231,0.9280391028554211,1.8108108108108094,66,0,0,-3.2281897127584087,1.5285714285714282
2018-09-28,280000,1595407,2049,8,187,-0.6691263936879754,2.0133333333333345,10,0,0,-12.7450980392157,-2.0
2018-09-29,179882,1037656,1847,16,162,0.722535988824291,1.7760932944606411,70,0,36,-5.745305035054657,-3.438095238095238
2018-09-30,159778,920905,3197,35,414,-0.22890531844523032,1.154472843450478,55,0,32,-4.790975992373202,-6.7875000000000005
2018-10-01,256453,1478706,3718,18,287,0.8163545881054164,1.9005722460658072,82,10,27,-3.737349414024277,-4.126315789473684
2018-10-02,276529,1593126,3658,40,500,0.3675556791301152,1.4902941176470579,0,0,0,,
2018-10-03,287627,1634996,3283,6,325,0.5731440674550061,1.8082934609250403,36,0,26,-8.624708624708623,-7.166666666666666
2018-10-04,293952,1683840,3463,53,143,1.5943251900503235,2.1664804469273764,2,0,0,-1.15606936416185,3.5
2018-10-05,275203,1571928,1605,20,99,0.714687275715788,1.544242424242423,14,0,8,-6.068823492422818,-5.7666666666666675
2018-10-06,178090,1021901,1547,8,96,1.22218414822774,2.0020477815699658,42,0,0,-0.9204242002047611,-0.375
2018-10-07,170813,988716,2523,10,457,-1.427858395910759,1.0353982300884952,30,0,20,-9.05298289528574,-5.533333333333333
2018-10-08,252867,1448323,2655,12,215,-0.029371272525587855,1.4904862579281188,26,0,8,-2.8427965186772335,-2.216666666666667
2018-10-09,278289,1583852,2903,24,295,0.17493925273869912,1.2049090909090912,76,0,58,-3.278497823418758,-7.2444444444444445
2018-10-10,286295,1638132,3076,6,227,0.8485490673033933,1.6003745318352056,40,0,40,-2.18728870858688,-10.0
2018-10-11,281484,1604487,2934,10,484,-0.5808605726755693,0.8563559322033898,20,0,0,-0.9177215189873399,5.3
2018-10-12,272932,1535640,2042,37,199,-0.19062651383709844,1.5567204301075268,22,0,10,-2.456225001587204,0.8
2018-10-13,178012,1001962,1989,0,141,0.326655337944884,1.7234463276836167,58,0,0,1.680398401950883,4.499999999999999
2018-10-14,165773,947555,2731,18,196,-0.06212671196095717,1.9438271604938266,55,0,8,-0.7947987385680965,2.2777777777777777
2018-10-15,264837,1498485,4157,63,434,-0.4796718436367664,1.2015999999999991,8,0,8,-11.9718309859155,-10.0
2018-10-16,295574,1659926,4131,36,335,0.20959903207123326,1.4718367346938774,48,0,2,-3.1424033001333935,0.4285714285714284
2018-10-17,304847,1734535,3350,35,239,0.6372047981801992,1.8545031055900625,3,0,3,-2.22531293463143,-10.0
2018-10-18,306999,1740783,3085,10,234,1.101919151518254,2.0697297297297337,13,0,2,-2.849641277442303,2.4000000000000004
2018-10-19,296348,1652507,2047,34,162,0.5274772076528714,1.3365853658536588,144,0,0,-0.4546198797253105,2.9785714285714286
2018-10-20,191151,1071780,2486,31,203,0.13350777223191557,1.6587268993839832,54,0,4,-2.00129280352221,0.79
2018-10-21,171483,957314,2257,28,228,0.1505208164396299,1.1837777777777783,139,0,16,-3.8578364658738153,0.5619047619047622
2018-10-22,276350,1541122,4023,69,246,-0.3908682227137614,1.4845052083333339,285,0,30,-3.5319424724478887,1.5714285714285716
2018-10-23,311990,1762568,3689,76,296,0.39433385375120267,1.8172413793103472,64,0,10,-2.7006193763836754,3.4499999999999997
2018-10-24,298057,1676818,3968,57,426,0.854101478743805,1.7871273712737126,63,0,0,-0.8201112713785323,2.6666666666666665
2018-10-25,299413,1702074,3358,29,277,1.0596836280101503,2.0124352331606223,152,8,0,-1.4622407069724321,1.6117647058823528
2018-10-26,281309,1595677,2070,33,153,0.6955837647173492,1.5052631578947369,28,0,2,-2.86425902864259,-0.40000000000000013
2018-10-27,190625,1067499,1791,30,183,1.4419175103684219,1.410644257703081,69,0,0,-1.2483040539313455,3.2444444444444445
2018-10-28,168095,952623,2970,22,117,1.6224902603860276,2.112277227722772,20,0,0,-0.13869625520111,4.0
2018-10-29,270830,1535253,3970,29,319,0.6543460096106603,2.113835616438358,89,0,30,-1.4880773909917182,1.7785714285714285
2018-10-30,295303,1684310,4660,27,264,1.0158503680232744,1.9497142857142884,51,0,0,-1.7805699322747421,2.2124999999999995
2018-10-31,306991,1728881,3335,56,115,1.9265748046559121,2.1233128834355846,78,0,24,-4.3215284124543345,0.9047619047619048
2018-11-01,294929,1650334,2812,20,106,2.052449841548829,1.8806509945750447,90,0,4,-1.166968849086692,1.3869565217391306
2018-11-02,283984,1593791,1782,14,126,0.49460420449872,1.3773841961852855,68,0,28,-3.3349328965183185,-2.25
2018-11-03,188958,1066658,1646,0,104,1.0793113944921031,2.2418300653594776,18,0,0,-2.3838463630258167,1.3333333333333333
2018-11-04,168934,953911,2406,35,163,0.47220796059174064,1.7690082644628096,133,0,19,-1.6444593897384054,2.235135135135135
2018-11-05,261458,1473290,3292,49,263,0.33619975336451424,1.5843902439024393,100,10,23,-2.3682168059170206,-1.8380952380952384
2018-11-06,278740,1581067,2447,19,175,1.5948691129589525,1.4514099783080257,140,0,110,-5.3011975761313375,-6.538095238095238
2018-11-07,304011,1674715,2708,29,177,1.1914848585354945,1.8413255360623788,10,0,2,-2.568870769707587,-1.1999999999999993
2018-11-08,288807,1637749,2169,83,129,0.15768875953825645,1.2152808988764052,6,0,6,-7.302929628511022,-6.0
2018-11-09,281716,1592827,2160,32,153,0.058370379200986644,1.2942786069651735,64,0,18,-1.2179262392229275,-1.5266666666666662
2018-11-10,197916,1106641,1825,25,111,-0.7100928959496917,1.5071839080459775,6,0,6,-2.60223048327138,-5.0
2018-11-11,180272,999667,3595,55,155,0.15427713338042803,1.9672281776416511,107,0,63,-7.8035313239309545,-3.157142857142857
2018-11-12,265400,1493376,3951,47,199,0.2958162495768448,2.0381598793363502,39,0,20,-3.2866733436926094,-0.06666666666666676
2018-11-13,294480,1678472,2570,13,259,0.16705651551170897,1.5662601626016257,48,0,0,-3.93574297188755,2.5
2018-11-14,298047,1719555,3152,22,230,0.1376840640968392,1.5085106382978715,308,10,38,-5.643385695837809,-0.4620000000000002
2018-11-15,295802,1703589,3140,27,197,-0.1988345685757011,1.4991408934707913,289,0,1,-4.847259388689758,0.45438596491228095
2018-11-16,275031,1575136,1954,29,121,0.5121700324047189,1.0278061224489803,43,0,0,-2.791636956519908,1.3428571428571427
2018-11-17,188889,1066357,1511,17,110,1.6152424383058146,1.2093373493975896,30,0,0,-2.8795453924541685,2.6714285714285713
2018-11-18,167473,948033,2331,60,79,0.8665378182263677,2.0486997635933792,166,0,156,-6.216630298267907,-9.105263157894736
2018-11-19,257958,1487171,3911,13,351,0.3045553248360256,1.6287616511318255,41,0,39,-7.603253800720695,-8.577777777777778
2018-11-20,281367,1617727,4300,4,285,-0.6549652924059187,1.5290450928381984,53,0,40,-4.1332953305736675,-7.142857142857143
2018-11-21,290483,1672522,6491,50,859,-2.00671845448405,0.7561756633119858,116,0,0,-2.1568152521274877,3.3870967741935485
2018-11-22,247770,1475788,4450,66,528,-1.161602285977871,0.6322247706422024,40,0,0,-1.8034082471146529,1.6
2018-11-23,237965,1410822,3397,60,329,-0.19720755539488416,1.063622526636225,0,0,0,,
2018-11-24,171713,1010322,2366,36,193,-0.22966889545888752,1.3324675324675317,34,0,0,4.30622009569378,2.6999999999999997
2018-11-25,166570,974252,2878,31,145,0.623375455130961,2.2180198019801973,60,0,0,-0.6292372021272288,3.270588235294118
2018-11-26,270894,1573627,4957,46,404,0.14312357844632806,1.6747663551401861,124,0,0,2.2946581738796508,4.215151515151515
2018-11-27,300702,1712079,4336,38,379,0.7109929859433102,1.6373349339735892,86,0,0,-0.667493417607367,2.5999999999999996
2018-11-28,311943,1753888,3978,50,211,1.3046052439894682,1.9352020860495438,181,10,10,-2.9672560050079833,1.2382978723404254
2018-11-29,313006,1768163,2908,34,248,0.4316498890712248,1.5339350180505416,45,8,6,-2.750689937293186,0.3384615384615385
2018-11-30,298861,1662406,1715,13,71,0.8200953189820925,2.217094017094018,10,0,0,3.70729032188814,1.675
2018-12-01,200516,1105620,2293,10,144,1.0666748031076818,2.13972602739726,20,0,4,-0.9511436857067022,-1.3714285714285714
2018-12-02,169073,949363,1554,8,82,1.8583997343905152,1.9711267605633809,8,0,4,0.6803368443007649,-3.6000000000000005
2018-12-03,263793,1517080,2459,12,147,0.9842310559194543,2.2146750524109016,14,0,6,-3.7292293862339267,-2.0666666666666664
2018-12-04,289353,1650217,3222,8,395,-0.6689499591302148,0.9650280898876407,64,0,0,0.59923594593063,3.0545454545454547
2018-12-05,291438,1674849,4398,36,524,-1.4046795135907368,0.6905494505494509,40,0,0,-0.8013879370889555,5.444444444444445
2018-12-06,291759,1684091,3986,25,383,-0.004982639630218166,1.2993997599039602,41,0,6,-3.257233865022982,-1.67
2018-12-07,265477,1508273,2233,38,207,0.5767421308783336,1.5072691552062867,18,0,14,-9.475864209320092,-2.942857142857143
2018-12-08,167450,952599,1618,40,93,1.3311235008571662,1.7254966887417227,0,0,0,,
2018-12-09,151667,873126,1887,13,116,1.3277828851548756,1.9544943820224725,0,0,0,,
2018-12-10,242014,1404598,2577,45,166,0.5176343868145629,1.12907949790795,40,0,0,-0.17247482168140993,6.6
2018-12-11,269098,1567205,2611,6,162,1.144359185814103,1.6430232558139544,47,0,0,-1.52057245080501,3.1538461538461537
2018-12-12,280316,1617485,2721,8,144,1.3816175261979449,2.2672690763052237,111,0,10,0.85798808345183,2.2950000000000004
2018-12-13,265189,1524597,1934,41,107,1.033984035938573,1.8983091787439619,111,0,18,-0.4573726882598852,1.9049999999999998
2018-12-14,264724,1519796,1500,8,156,0.1003779197783457,1.1639344262295084,172,0,90,-2.116297527850284,-2.286666666666667
2018-12-15,167197,962519,1852,30,237,0.6895666936821061,1.5658892128279875,4,0,0,-6.85082872928177,8.65
2018-12-16,149299,855384,2127,25,233,0.6351415850900084,1.1272517321016173,2,0,0,0.10395010395011,1.0
2018-12-17,233965,1356238,3044,35,352,-0.23257757267530987,0.9220869565217393,30,0,10,-3.806789684861651,4.571428571428571
2018-12-18,260173,1495536,2960,22,355,0.339072523843037,1.5389967637540434,16,0,0,-1.6383219954648567,3.4333333333333336
2018-12-19,268149,1543576,2301,6,143,0.7988143400819209,2.0236203090507705,9,0,0,-1.3983371126228334,3.5666666666666664
2018-12-20,271406,1549220,1874,74,183,0.750024422281435,1.0347962382445135,16,0,8,-0.9247394396051734,-1.6
2018-12-21,255112,1451459,1572,16,119,-0.1348739219971118,1.7874193548387105,109,0,24,-1.292365288536589,2.647368421052631
2018-12-22,161603,936419,1603,0,144,-0.5045879856735005,1.7822981366459627,126,0,18,-2.583028723678642,1.0349999999999997
2018-12-23,139583,799748,2067,47,176,-0.7932286999700939,1.2199445983379498,171,0,57,-6.5640203329005455,-0.9818181818181818
2018-12-24,170465,975659,2530,20,65,0.5475256337747276,2.2428904428904435,66,0,0,-1.408450704225353,2.390909090909091
2018-12-25,134042,782335,1768,0,109,0.6010515758034246,2.0248554913294794,25,0,0,-0.80971659919029,1.2000000000000002
2018-12-26,169993,990364,1583,4,104,0.6605045361712465,1.9738983050847452,53,0,10,-0.28485814387662894,2.0999999999999996
2018-12-27,202638,1151963,1847,10,110,-0.019800340819460284,1.9286501377410463,119,0,56,-4.238410287058776,-1.8947368421052626
2018-12-28,201878,1129405,1810,14,102,-1.0352355929672372,1.503217158176943,44,0,12,-5.676996583771163,-2.12
2018-12-29,152604,860104,1720,10,128,-0.9796020432109379,1.3693498452012385,38,0,0,-1.6760218199067125,2.0250000000000004
2018-12-30,137984,767143,1967,10,125,0.7898557560460331,1.4259162303664927,0,0,0,,
2018-12-31,164272,910703,2622,17,271,-0.5788062707607078,1.2485549132947975,161,0,0,-2.5788324707263564,1.1804878048780485
2019-01-01,128492,720808,1411,7,120,0.7540778615658373,1.626621160409558,132,1,68,-3.7953477736628947,-3.2279999999999998
2019-01-02,185844,1050591,1582,37,143,1.0119325288146876,1.2727848101265824,64,0,0,-0.37786674190364955,4.280000000000001
2019-01-03,216086,1201422,1735,55,187,-0.08488677524270649,0.7882352941176465,20,0,6,-6.686839413569766,-3.0249999999999995
2019-01-04,212939,1189725,1379,20,84,-0.2191439728734635,1.6026578073089703,12,0,0,3.897124887690925,2.2
2019-01-05,148740,842369,1798,30,65,-0.43379692256017677,1.6790960451977393,41,0,10,-3.55534411671424,-2.2
2019-01-06,142472,794086,2109,22,108,1.0303260735395185,1.8510895883777243,11,0,0,-0.6,-4.0
2019-01-07,214773,1209322,2488,22,122,0.5935820054512009,2.210699588477368,16,0,12,-4.721307474637635,-3.7
2019-01-08,252268,1411626,2660,14,222,0.3748718376282012,1.602646502835539,68,0,0,-3.96008730901154,1.02
2019-01-09,262246,1483505,2242,19,381,0.38171541142376153,1.557320099255583,48,0,6,-3.2313699930399116,2.381818181818182
2019-01-10,264338,1477704,2373,20,195,-0.05976443478641846,1.422075055187638,61,0,4,-3.9478218938222396,4.72
2019-01-11,251724,1407101,2421,2,189,0.08794699024465746,1.3834661354581672,116,0,20,-4.383947571606764,-1.1814814814814811
2019-01-12,168872,936071,1992,80,158,0.5835308422300565,0.8095505617977536,0,0,0,,
2019-01-13,158950,883701,2476,53,174,0.4412409452264825,1.4008213552361388,26,0,10,-3.6278938785332615,0.26
2019-01-14,248898,1405555,3083,37,407,-0.6211566499009891,1.061171032357474,49,0,4,-3.644320965557747,4.0
2019-01-15,275088,1544596,2766,10,229,0.1950453485262017,1.6074074074074078,104,0,6,2.5182768174812993,1.8588235294117643
2019-01-16,281355,1579517,3303,39,289,0.08674072695023893,1.3488200589970507,151,0,98,-4.744496900289374,-3.252380952380953
2019-01-17,276984,1556555,2678,35,241,0.6603390585141788,1.6605555555555538,28,0,10,-7.25368334639089,-4.133333333333334
2019-01-18,264449,1490072,1603,16,169,-0.24205467856249796,1.4112994350282473,6,0,0,2.09205020920502,-2.0
2019-01-19,180966,1009585,1546,20,80,-1.0469058671004223,1.6327645051194541,10,0,10,-7.14285714285714,-10.0
2019-01-20,158995,895214,2174,12,197,0.5956732638665452,1.3995073891625627,54,16,34,-10.424148923511694,-6.7333333333333325
2019-01-21,238729,1357387,2520,16,247,-0.6146372830405122,1.1069915254237297,0,0,0,,
2019-01-22,266490,1513839,2274,12,133,-0.07025579750613806,1.6045662100456626,54,0,40,-2.92924740874268,-7.438461538461539
2019-01-23,280600,1587983,2305,3,175,1.0472983003901217,1.7177884615384607,15,0,0,0.30059653265395003,3.7
2019-01-24,288461,1612893,1976,0,212,0.035297337256109396,1.7496402877697843,18,0,0,-4.09617097061443,-2.6666666666666665
2019-01-25,265646,1486428,1396,9,135,0.7243689409269093,1.4554716981132074,16,0,8,-1.25881168177241,0.04999999999999982
2019-01-26,175738,982757,1433,10,111,1.5518506048446215,2.173519163763066,0,0,0,,
2019-01-27,159409,894209,1788,10,99,1.6192312843472996,2.6222222222222222,86,0,31,-1.0814275054021645,-0.5187499999999998
2019-01-28,246660,1401191,2906,4,123,1.295867071889764,1.9261382799325468,96,0,26,-2.1071821979610563,0.7399999999999999
2019-01-29,281963,1591695,3081,24,203,1.334018089290566,1.8105345911949673,238,0,80,-6.814547650852736,-1.6963636363636363
2019-01-30,283034,1599099,2802,14,255,1.0894045344138088,1.281407942238268,512,0,50,-6.8739259858374515,0.8076923076923078
2019-01-31,275439,1563506,3087,13,297,-0.21478649183049123,1.1126623376623375,402,0,16,-7.677851364490728,1.2425
2019-02-01,261557,1478159,2060,30,111,0.5100475319999082,1.7237089201877942,256,0,72,-6.659582187614322,-1.8339622641509434
2019-02-02,169368,957467,2138,13,158,0.14451370501636412,1.3757180156657967,60,0,0,-3.6440775306909146,1.3
2019-02-03,157652,877305,2726,36,128,1.6361823128408384,2.244322344322345,14,0,0,-2.67379679144385,7.0
2019-02-04,247242,1376327,3950,31,310,1.1104343702383332,1.750116009280742,0,0,0,,
2019-02-05,277621,1542037,3321,10,264,0.5637970199575055,1.4982008995502232,48,0,0,-3.179006133512744,2.0416666666666665
2019-02-06,287411,1605858,3109,30,255,0.7480192253431499,1.6632758620689663,36,0,12,-7.017422669766874,-1.1
2019-02-07,277025,1564095,2499,28,244,0.2744435606861779,1.579644268774702,0,0,0,,
2019-02-08,263896,1491523,2340,16,232,0.21354084230755174,1.4999999999999993,0,0,0,,
2019-02-09,175662,984753,2230,1,254,0.4303164389735903,1.38949671772429,21,0,11,-1.36286201022147,-1.7666666666666666
2019-02-10,160185,903906,3694,109,178,0.772875293258738,1.900852272727272,0,0,0,,
2019-02-11,250651,1407915,4263,51,340,0.49431028329607485,1.7436666666666665,26,0,16,-6.820634578027197,-3.7333333333333334
2019-02-12,283233,1600223,4204,35,294,-0.11828306162689906,1.5118527042577676,53,0,0,-6.490446849272506,2.5428571428571427
2019-02-13,290567,1628390,3955,42,261,-0.2928639465173424,1.4895833333333341,0,0,0,,
2019-02-14,297776,1658080,2878,29,173,-0.20519777354381732,1.840885860306643,22,0,0,-3.5278745644599256,2.5
2019-02-15,279818,1562423,2387,42,184,-0.259101929059702,1.25875,10,0,0,1.93548387096774,3.4
2019-02-16,197104,1079480,2104,0,138,0.14611181812481183,1.790649350649351,40,10,0,3.14569536423841,2.8307692307692305
2019-02-17,160570,894747,2898,40,131,0.2254652435387068,2.003074141048823,32,0,10,-0.8950127612609498,0.5666666666666668
2019-02-18,252021,1408444,3292,55,224,0.9082941716886882,1.6823161189358373,39,0,12,-7.61363119490221,-0.155555555555555
2019-02-19,281526,1567099,2905,63,188,0.34215603866622324,1.4845454545454553,31,0,24,-5.593990215246068,-4.52
2019-02-20,297270,1651533,2186,34,174,0.47353543793026986,1.2805555555555561,49,0,10,-2.0910539494650626,1.1375
2019-02-21,291617,1635388,2635,71,299,-0.13497541210001618,1.538353765323993,50,0,0,-1.113758189398452,1.94
2019-02-22,275158,1522386,1950,3,107,0.35823287637726753,1.7946478873239444,50,0,10,-2.20797720797721,-2.885714285714286
2019-02-23,187262,1034375,1457,27,189,-0.06714274092581307,1.084121621621622,0,0,0,,
2019-02-24,174959,956940,3549,30,503,-1.8066149387364672,0.864586846543001,146,10,46,-5.200333809651819,-1.6880000000000004
2019-02-25,262533,1447777,3857,40,465,-0.9550781802530083,1.2703753351206433,28,0,0,-1.4736842105263133,1.9
2019-02-26,294349,1615592,3021,33,168,0.805298749179602,1.9944630872483229,35,0,1,-3.36505778382053,2.857142857142857
2019-02-27,310589,1683619,3187,12,192,0.7296553503748779,1.5148529411764717,125,0,19,-3.315848032992524,0.01923076923076933
2019-02-28,305323,1659899,2207,10,171,0.8609245000518801,1.726133909287257,80,0,10,-3.4976026862801377,2.19
2019-03-01,278996,1533543,1797,47,169,0.602391421065283,1.2257971014492757,72,0,2,-2.8333683559651996,2.9166666666666665
2019-03-02,183657,1002209,1515,7,156,-0.3344600069054988,1.2913333333333323,9,0,2,-4.60210930009588,-1.65
2019-03-03,163042,895971,2150,19,150,1.1728804739228373,1.61985294117647,30,0,30,-5.041722869971721,-10.0
2019-03-04,256074,1418524,2735,31,185,1.1370190916656269,1.698224852071007,78,0,10,-2.367458996460612,1.7466666666666666
2019-03-05,268959,1504983,2311,46,167,0.49599447822113496,1.2591880341880346,206,0,56,-4.551563489391344,-0.6199999999999999
2019-03-06,275216,1558074,2861,70,255,0.12471006136064111,1.3499999999999992,0,0,0,,
2019-03-07,276592,1551106,2886,14,264,1.609501957915504,1.1290909090909078,8,0,8,-0.11267605633802,-9.5
2019-03-08,249985,1386783,1352,16,101,1.8311911732559305,1.3125954198473286,46,0,14,-2.2826248703139447,-0.20000000000000018
2019-03-09,171517,953933,2007,31,141,0.2980927588356552,1.7330708661417336,10,0,0,6.28272251308901,3.0
2019-03-10,156263,878734,2161,25,135,1.6364619945564054,2.129005524861879,32,0,0,-0.10351966873705776,2.3
2019-03-11,252549,1437639,2917,33,185,0.9680837796909236,1.5828897338403038,50,0,0,-2.502589169255833,2.8181818181818183
2019-03-12,281615,1613638,3293,59,394,-0.1439506964022268,1.2487140695915282,16,0,0,-2.730259606595605,-5.25
2019-03-13,277417,1599457,2890,20,434,0.3400852534339389,1.0724857685009486,0,0,0,,
2019-03-14,290509,1648604,2600,14,375,-0.2686886152491238,0.8806910569105695,0,0,0,,
2019-03-15,281385,1603612,1896,13,168,-1.3846424906110992,0.8446927374301677,0,0,0,,
2019-03-16,179975,1024242,1537,20,196,-1.8487140993164288,0.45377358490566033,12,0,0,-2.08127813495709,3.5
2019-03-17,164454,932260,2249,5,205,0.9877514690148534,1.2584183673469393,78,0,30,-1.6939352651661457,-2.5846153846153848
2019-03-18,266631,1506107,2686,28,253,0.8421793337235631,1.5113138686131402,24,0,0,2.5608316888451856,4.233333333333333
2019-03-19,293670,1647304,2722,19,176,1.4568579827106931,1.787725631768954,16,0,0,-2.43531202435312,2.3499999999999996
2019-03-20,291456,1649032,2697,18,231,1.3999733856812178,1.6470355731225284,209,0,39,-5.330506562759638,0.6363636363636369
2019-03-21,274313,1566713,2626,7,129,1.4700559703175735,2.3135135135135165,48,10,10,-3.7350802264966836,-4.1
2019-03-22,267646,1503815,2088,14,134,1.0441237645760735,1.9212276214833748,0,0,0,,
2019-03-23,181008,1007064,1789,22,217,0.15671706793881546,0.8916455696202541,6,0,0,-2.33333333333334,-6.5
2019-03-24,161608,899506,2564,10,225,1.102536770878768,1.5245967741935487,37,0,0,-0.53078141769493,-0.25
2019-03-25,268788,1504146,3176,21,218,0.7804627761492379,1.6697933227344985,0,0,0,,
2019-03-26,288372,1602323,3489,26,272,1.3902790789948964,1.8180995475113124,0,0,0,,
2019-03-27,294315,1672811,3315,27,256,0.6398603359685571,1.8074809160305323,44,0,0,-2.80777537796977,3.1111111111111107
2019-03-28,282428,1616512,2693,25,256,0.4788236742472114,1.3818499127399653,50,0,34,-6.155288921766798,-5.716666666666667
2019-03-29,273768,1540587,1984,10,280,0.4626950010280487,0.8960975609756088,112,0,10,-0.6713336556844071,1.5296296296296292
2019-03-30,176147,995788,1500,30,168,0.18309126056553493,1.9751700680272113,10,0,10,-4.58015267175573,-10.0
2019-03-31,159357,890541,1992,15,125,0.7153932724656666,2.268157894736841,48,0,38,-8.542384438702264,-8.75
2019-04-01,241317,1356413,2167,57,140,0.2908148744300535,1.7497536945812813,8,0,0,-3.16265060240964,4.0
2019-04-02,265762,1509559,2835,6,278,-0.6823479825925376,1.5346863468634686,50,0,50,-7.00947045484861,-9.833333333333334
2019-04-03,274381,1561215,2556,0,241,0.2904067811258795,1.8303703703703702,60,0,50,-1.625953458304715,-7.5
2019-04-04,279321,1588537,2464,0,281,0.3860168361303103,1.3060329067641687,20,0,20,-1.45985401459854,-10.0
2019-04-05,253832,1456323,1733,10,272,-1.3336401338922985,1.0021978021978022,10,0,0,-2.9126213592233,3.4
2019-04-06,177681,999069,1502,22,175,-0.8435424035907959,1.0582278481012652,2,0,2,-4.64516129032258,-5.0
2019-04-07,159033,894692,2660,40,291,-0.3427751083993129,1.6602739726027402,10,0,0,3.96396396396396,6.0
2019-04-08,255435,1443977,4953,40,628,-1.9491661660650008,1.2806829268292685,0,0,0,,
2019-04-09,277225,1578544,4524,20,444,-1.3965670344219603,1.1979005524861879,40,0,20,-1.61064425770308,-4.65
2019-04-10,279156,1590850,3924,32,322,-0.3042648130703918,1.5415453527435607,10,0,0,-1.90839694656488,5.0
2019-04-11,294460,1630778,3555,40,375,-1.026204876627438,1.4354138398914527,15,0,13,-2.87430287430287,-6.3199999999999985
2019-04-12,273394,1517331,2016,16,198,-1.1756521168530445,1.2639455782312918,28,0,28,-1.76317343720484,-9.75
2019-04-13,176281,977672,1276,20,175,0.18236281736474103,1.6704797047970483,0,0,0,,
2019-04-14,154043,860972,2117,40,186,1.2305778743077163,1.6830287206266332,50,0,40,-0.6856258733686044,-9.142857142857142
2019-04-15,242054,1360001,2746,60,278,0.4775441740031101,1.3449330783938807,60,0,11,-1.4296449154358601,-3.2812499999999996
2019-04-16,259090,1461525,2887,8,326,0.3190318617387617,1.3082116788321179,0,0,0,,
2019-04-17,273524,1535831,2846,28,288,0.22667111774153836,1.5040453074433646,43,0,0,-6.249261289765341,1.4363636363636365
2019-04-18,260653,1445273,2298,10,135,0.15645658166580445,1.8547045951859946,76,0,20,-2.382280154723745,-2.5636363636363635
2019-04-19,217258,1210975,1228,0,133,-0.2465118855420636,1.0995983935742975,10,0,10,-1.5625,-10.0
2019-04-20,151194,849473,1701,0,103,-0.08537298107303704,1.417168674698795,0,0,0,,
2019-04-21,146437,834676,1936,0,193,0.6637406643242256,1.1177377892030838,10,0,10,-7.73067331670823,-5.0
2019-04-22,217532,1221510,2327,35,178,-0.2527416380320774,1.6731132075471704,49,0,15,-4.773362025388762,-1.1833333333333336
2019-04-23,260173,1488584,2588,100,264,0.44162155685192783,1.220958083832335,34,0,0,0.5114139353740383,1.64
2019-04-24,276929,1555183,3353,20,168,0.6463796475867816,2.028983308042489,28,0,18,-3.6894659079215835,-8.0
2019-04-25,275802,1557530,2799,56,179,0.42806475713718983,1.6973637961335672,0,0,0,,
2019-04-26,250628,1416232,2128,10,149,0.6532685826107827,1.7772428884026257,20,0,10,-4.3035107587769,-3.0
2019-04-27,162361,914623,2225,20,142,1.5688649584906442,1.5516949152542376,0,0,0,,
2019-04-28,149170,841256,2875,4,252,1.7845267860773166,1.7916666666666665,66,7,39,-5.639033462192227,-4.233333333333333
2019-04-29,236345,1340154,3033,69,156,1.368056910471433,1.868181818181819,49,0,20,-4.750030231828913,1.0250000000000001
2019-04-30,264079,1502258,2765,56,382,0.40563786746015285,1.3433467741935479,6,0,0,6.91004535482353,6.966666666666666
2019-05-01,257307,1393995,2600,25,211,0.5354927605275653,1.6138084632516712,26,0,6,0.61750014593184,-1.7666666666666673
2019-05-02,267348,1481871,2523,14,257,0.48436781401819395,1.6383817427385887,0,0,0,,
2019-05-03,251037,1415775,1791,0,185,-0.34924713443080346,1.2474801061007965,75,0,0,-3.2948040155307434,-1.5999999999999999
2019-05-04,166477,943510,1886,26,137,0.4075686089156211,2.1159292035398236,28,0,8,-1.3976608187134518,-2.4400000000000004
2019-05-05,157983,889666,2538,36,239,0.18625727112430313,1.5943107221006554,10,0,0,5.89849108367627,3.4
2019-05-06,232491,1317508,2388,129,254,-0.29295958839867,1.1352112676056336,2,0,0,7.39357729648992,3.4
2019-05-07,266208,1503363,2335,43,300,-0.4096615907267424,1.1104627766599595,0,0,0,,
2019-05-08,274473,1537495,2644,44,299,0.08936382741717991,1.1152577319587622,44,0,0,1.8148162709443574,1.4249999999999998
2019-05-09,264033,1487237,2533,49,224,-0.75732712142894,1.3970000000000002,20,0,0,1.05485232067511,2.45
2019-05-10,252214,1414401,1524,40,136,-0.2679347592067644,1.3561594202898553,65,0,0,-2.1036495451437203,4.3583333333333325
2019-05-11,160924,911315,1562,50,101,-0.024746557089212473,1.6952218430034132,127,0,48,-6.0178978519745705,0.6789473684210525
2019-05-12,147998,837140,2584,151,292,-1.1930541416598346,0.4124282982791585,14,0,0,0.35528022296421025,3.7
2019-05-13,250081,1412344,5184,402,813,-3.4818288145968754,-0.8214962121212128,108,0,25,-2.973422676568,-0.34705882352941164
2019-05-14,277877,1559431,4276,216,596,-3.2553978225423776,-0.3951245937161429,14,0,14,-1.97568389057751,-10.0
2019-05-15,278031,1579518,4163,299,522,-2.4948813335067745,0.2002628120893561,50,12,14,-0.913776931046598,-5.24
2019-05-16,273746,1551106,3308,150,401,-1.9050667948951707,0.2666156202143948,6,0,0,0.0,1.0
2019-05-17,253151,1440355,2487,70,440,-2.257890198610901,0.003941908713692932,36,0,0,7.26744186046512,0.1999999999999998
2019-05-18,161572,918731,2517,252,287,-2.4099780016546832,0.31225680933852107,0,0,0,,
2019-05-19,145987,823517,3055,235,271,-2.0388522446508675,0.44222560975609815,10,0,0,2.63157894736842,3.7
2019-05-20,238437,1359980,3249,178,393,-1.4528370412083778,0.4859443631039535,22,0,0,3.2940986032744424,2.8
2019-05-21,261858,1507085,2999,125,249,-0.6539677407832806,0.7891233766233772,46,0,0,2.066858644621661,3.6499999999999995
2019-05-22,272057,1546548,2924,119,210,0.2733785263203332,1.433389830508473,75,0,5,-3.5109590834901523,1.1375
2019-05-23,270824,1542024,2322,94,174,-0.521514222241991,0.8355408388520975,57,0,4,2.90283210344517,1.9388888888888882
2019-05-24,254953,1446840,1669,29,80,-0.11335268504363355,1.7030812324929967,42,0,0,4.000891592942499,2.546153846153846
2019-05-25,158477,903604,1971,91,182,-1.5228793079819312,0.37704545454545446,0,0,0,,
2019-05-26,150814,848969,2347,44,143,0.42938109892484944,0.8848936170212771,10,0,2,-0.71942446043165,-3.0
2019-05-27,209723,1213472,2870,37,192,0.5247762217657972,1.7177083333333336,0,0,0,,
2019-05-28,252045,1435688,2477,41,218,0.2552950792342371,1.5161172161172156,4,0,4,-3.25149303251493,-10.0
2019-05-29,264584,1491203,3290,82,401,-1.2261640416916428,0.8974739970282322,0,0,0,,
2019-05-30,265248,1476057,2584,51,349,-0.8880174515599485,0.5666666666666664,6,0,6,-6.35538261997406,-10.0
2019-05-31,253264,1407271,1576,23,144,-0.9663721431806713,1.2391666666666665,17,0,0,1.267288834965472,1.76
2019-06-01,165079,917236,1519,43,125,-0.23693838756811125,0.8984227129337521,23,0,0,1.8273930047354452,2.9166666666666665
2019-06-02,150270,837897,1598,12,97,0.5188843463706103,1.713855421686748,12,0,6,-9.18727915194345,-6.666666666666666
2019-06-03,240309,1345716,1745,18,64,0.21596961182024066,1.83490099009901,20,0,0,-3.45165718768385,2.3499999999999996
2019-06-04,259023,1464132,1435,54,124,-0.4371619891477785,1.1848137535816619,70,0,20,0.3327111550712514,1.5214285714285714
2019-06-05,264686,1469399,1720,51,145,0.03568111416045283,1.015176151761518,13,0,0,0.6028897573015126,4.475
2019-06-06,265848,1473990,2191,41,335,-1.4543872738188157,0.33784946236559155,0,0,0,,
2019-06-07,242373,1363335,3542,12,754,-4.231186651428619,0.29895678092399375,0,0,0,,
2019-06-08,159276,899874,1592,0,229,-3.585074835333198,1.066011235955057,0,0,0,,
2019-06-09,144842,819345,1805,10,240,-1.6415290346575826,0.32710526315789457,22,0,0,-0.500802077763353,2.0142857142857142
2019-06-10,229841,1316245,3422,75,387,-0.9189774936245332,0.6207627118644069,33,0,0,0.18174220932022794,-0.26
2019-06-11,259644,1482860,3638,80,621,-1.1002168834754893,0.3601492537313429,2,0,0,-0.46948356807512,1.0
2019-06-12,275818,1555127,3868,46,554,-1.2564416169536996,0.08267515923566904,0,0,0,,
2019-06-13,277245,1566465,11712,603,2293,-3.841690429822605,-1.1202814569536423,5,0,0,-8.21256038647345,2.8
2019-06-14,257681,1454226,14202,553,2456,-4.169543976139134,-0.7495967741935479,20,0,0,0.0,2.3499999999999996
2019-06-15,163804,936102,9831,260,1352,-4.282774253350527,-0.6941620533467543,20,0,20,-3.7037037037037,-10.0
2019-06-16,147917,836929,9855,344,1181,-3.4304043027620033,-0.25817239755063537,40,0,30,-0.27174516504498336,-7.333333333333333
2019-06-17,231866,1329123,10079,460,1374,-2.8979797923653434,-0.24426987060998145,56,0,30,-4.9007052363621275,-3.0333333333333337
2019-06-18,265029,1515095,10914,685,893,-2.523417195908608,0.394556001784917,12,0,10,-4.70434749242163,-1.5
2019-06-19,281634,1573058,7740,313,1025,-3.001754165811994,-0.29219308700834346,0,0,0,,
2019-06-20,274141,1552341,11496,665,2398,-3.819928564137738,-0.7523606975754993,20,0,10,-3.907851350147047,-5.833333333333333
2019-06-21,256588,1459192,12431,883,3154,-4.21878017287441,-1.7024497991967886,0,0,0,,
2019-06-22,166640,944511,7215,504,1617,-3.607583176743247,-1.2512905360688302,7,0,0,-4.26720200786103,8.666666666666666
2019-06-23,150653,844560,5798,489,1082,-3.622439833801065,-1.0759065269943617,10,0,10,-1.54738878143134,-10.0
2019-06-24,241034,1364090,7246,582,1263,-2.6548300996584686,-0.04807938540332933,37,0,20,-3.3926277142842856,-0.45714285714285685
2019-06-25,269565,1502266,5570,319,674,-2.554613746465285,-0.035524256651017494,17,0,0,-0.41911148365465,1.1333333333333337
2019-06-26,280570,1575866,4250,191,525,-2.440796062445436,0.14669555796316314,1,0,0,-2.75750202757502,7.4
2019-06-27,278330,1563836,3695,104,355,-1.76362436087897,0.5833558863328825,26,0,10,0.48750761730652,-1.7666666666666664
2019-06-28,269472,1495247,3382,108,480,-1.886063248219412,-0.12783641160949874,0,0,0,,
2019-06-29,173552,950463,2838,143,376,-1.0725291514772426,0.6120129870129867,21,0,0,0.32825627918961187,1.5600000000000003
2019-06-30,158753,879138,2743,66,343,-0.6240589950204602,0.715591397849463,32,10,12,-4.0646071131055415,-5.7666666666666675
2019-07-01,242600,1358914,4282,108,423,-0.9480988727969426,0.9678823529411775,26,8,0,0.11770526563890993,-2.3375
2019-07-02,258390,1470737,3710,87,482,-0.9817775612592261,0.6075187969924816,0,0,0,,
2019-07-03,258307,1484043,4144,191,540,-0.3298530598646819,0.41854934601664706,8,0,0,-4.76190476190476,-4.0
2019-07-04,231355,1327681,2932,63,365,-0.9024976644576478,0.5875776397515531,0,0,0,,
2019-07-05,217617,1258973,3142,31,492,-1.3571458587661152,0.5515064562410326,12,0,6,-0.4037685060565333,-1.9000000000000001
2019-07-06,145063,828141,1931,18,170,0.1482714684266787,1.892530120481928,10,0,10,-5.39877300613497,-10.0
2019-07-07,142404,809689,2179,39,273,-0.5974140426612056,0.15423340961098442,10,10,0,-1.96926032660903,-7.2
2019-07-08,231875,1313658,2364,65,271,-0.37668094636717453,0.37974137931034485,38,0,0,-1.86393289841565,3.509090909090909
2019-07-09,256519,1447325,3145,49,294,-0.5916860183526552,1.4833333333333325,36,0,10,-2.757493565799811,1.042857142857143
2019-07-10,262001,1478329,3187,98,307,-1.089423727297404,1.2954802259887006,81,10,0,-0.7332940219422796,-0.5999999999999999
2019-07-11,258407,1464732,4331,268,483,-1.9335645233234815,0.2696935300794552,141,28,14,-2.091889837479989,-2.947826086956521
2019-07-12,241100,1365392,3409,79,412,-2.1204807163427164,0.44483870967741906,38,12,4,-2.6901077363136143,-2.9111111111111114
2019-07-13,159801,897595,1881,22,235,-1.3110419760274008,0.5953002610966057,106,10,56,-5.662482883758056,-5.3157894736842115
2019-07-14,141483,799548,1999,41,205,-0.46309062279455104,1.4204494382022463,91,0,74,-7.570517214214138,-8.292857142857143
2019-07-15,227480,1296436,2984,35,263,-0.46817851297704927,1.4393034825870643,26,0,20,-3.310350970649443,-8.5
2019-07-16,255156,1434657,3571,92,323,-0.6581195615485158,1.2518987341772163,102,10,0,0.14978669069310208,0.6423076923076918
2019-07-17,266910,1494191,3049,69,241,-0.9518964322822757,0.7998363338788868,0,0,0,,
2019-07-18,260575,1469300,4849,253,748,-2.3162704787398045,0.31745120551090755,8,0,0,-0.81967213114755,3.0
2019-07-19,241376,1362792,4298,127,692,-3.062043193805914,-0.2417751479289943,0,0,0,,
2019-07-20,162648,902592,5766,278,591,-2.830979584707364,0.6024353120243535,60,2,0,-2.7477221175803006,2.75
2019-07-21,148781,819891,5039,231,475,-2.580615583122569,0.7502085070892406,20,0,10,-6.70981661272922,-6.666666666666666
2019-07-22,231658,1302392,6436,244,753,-2.6438708980841374,0.4834200743494425,102,0,42,-4.622306917880446,-0.3652173913043478
2019-07-23,258618,1444789,4163,108,406,-1.1410557357709699,1.0968645016797314,91,0,34,-1.0899028941131812,-1.5090909090909088
2019-07-24,265101,1480986,4909,138,653,-1.1919952052130591,0.9307222787385553,65,0,26,-4.146385322011059,-2.4153846153846152
2019-07-25,256013,1431162,3092,69,396,-0.6871699484190348,0.8161030595813216,29,0,0,-4.70938879148782,5.728571428571429
2019-07-26,225131,1285338,2410,172,385,-1.630251223630694,0.16451612903225804,55,0,0,1.0972140865531017,0.6428571428571432
2019-07-27,153039,870210,2210,36,392,-2.049976105151171,0.02832512315270936,24,0,4,-0.19792182088077026,-3.25
2019-07-28,143672,808747,3324,59,405,-1.6073241156959726,0.5102097902097897,6,0,6,-4.64516129032258,-10.0
2019-07-29,226901,1285884,2791,44,348,-1.4090988801794084,1.593295292439373,0,0,0,,
2019-07-30,244408,1398205,3443,38,461,-1.4533679108606221,0.6190962099125362,16,0,0,-5.27704485488127,2.3499999999999996
2019-07-31,253748,1434844,3400,50,458,-0.7399901790684016,0.423275862068966,81,0,0,-4.408945852098919,2.3200000000000003
2019-08-01,251543,1412430,3304,78,431,-1.4097044430742443,0.2830083565459609,36,0,10,-0.08737610850286592,-1.5199999999999998
2019-08-02,233736,1297537,1992,64,279,-1.1574018633228413,0.5152808988764046,0,0,0,,
2019-08-03,150084,854026,1769,25,175,-1.0643253209664065,1.2559888579387195,0,0,0,,
2019-08-04,143624,801799,2664,20,329,-1.233934915733946,0.9335443037974689,0,0,0,,
2019-08-05,220905,1233069,2786,60,335,-0.7517112858779675,1.2484429065743945,8,0,0,3.976801988401,0.0
2019-08-06,247888,1386019,2571,49,248,-0.6304639945259614,1.1939890710382515,93,7,20,-4.475924072930271,0.9500000000000002
2019-08-07,253390,1414868,2394,86,253,-0.7259649956556758,1.4635036496350367,0,0,0,,
2019-08-08,244810,1376027,2942,107,287,-1.4031807917502663,0.9094736842105264,126,0,22,-3.440632423740402,0.049999999999999975
2019-08-09,231536,1298047,2390,73,294,-1.9622940450597746,0.8067285382830633,103,0,5,-2.6224539553917845,2.495
2019-08-10,150613,848504,1302,44,164,-0.6038188397213904,0.8066202090592336,14,4,2,-1.9191346447420101,-5.733333333333333
2019-08-11,134121,754361,1132,13,85,0.05310310106423449,1.47984496124031,38,0,10,0.11849048639635562,0.8444444444444443
2019-08-12,201414,1128937,1637,14,179,-0.2839211811872262,1.3233618233618234,32,0,6,8.02235188942138,-0.4750000000000001
2019-08-13,218483,1233842,1327,20,138,-0.8830877751539138,1.2392739273927393,54,0,10,0.11095898019158602,3.0
2019-08-14,232832,1307182,1985,10,156,0.45205166393212537,2.080097087378642,9,0,3,-0.8835135540277175,0.7999999999999998
2019-08-15,233817,1283121,2074,40,267,-0.08185118741948308,1.174109263657957,10,0,10,-2.86396181384248,-10.0
2019-08-16,229832,1269667,1421,54,191,-0.5573218631663082,1.3120689655172422,44,10,4,2.188204596100883,1.120000000000001
2019-08-17,153774,857501,1634,25,458,-1.5161435667231733,0.2122448979591841,0,0,0,,
2019-08-18,144882,804755,2251,78,431,-1.4252738198872525,0.565879265091864,20,0,2,-3.26409495548961,-4.0
2019-08-19,233790,1311580,2424,83,199,-1.6028330483076143,0.6033596837944663,16,0,2,-0.92983939137785,2.7
2019-08-20,252212,1410361,2615,102,111,-1.68662250932186,1.5134790528233144,57,0,8,-1.6633672044262968,-0.17000000000000037
2019-08-21,268514,1493713,2504,67,180,-1.1846323578062135,1.3055028462998093,131,10,10,-0.8879512176001626,0.926666666666667
2019-08-22,260153,1442146,2490,42,226,-0.07207163954134996,1.814336283185841,24,0,4,-3.2592812437259395,0.8800000000000001
2019-08-23,242827,1334056,1895,12,182,-0.7460052429111408,1.9440594059405942,24,0,2,-0.91164095371669,1.25
2019-08-24,165668,914624,1386,20,151,0.20950236870335948,1.9968749999999993,0,0,0,,
2019-08-25,155721,846714,1610,10,176,0.12909766442855508,1.5728434504792328,30,0,0,-0.4188091884669133,0.0
2019-08-26,234110,1285376,2097,14,209,-0.4670871440734268,1.1948275862068973,0,0,0,,
2019-08-27,255624,1413282,2279,58,214,-0.45012642536173253,1.1230277185501065,0,0,0,,
2019-08-28,259899,1454123,2513,23,204,-0.14120090606580532,1.229896907216495,46,0,22,-2.151088348271452,-1.1909090909090903
2019-08-29,257594,1450447,1905,71,256,-0.7374509947855931,1.253605769230769,15,0,0,-1.4380994899684736,5.333333333333333
2019-08-30,240900,1352695,1573,27,205,-1.2945088500856596,1.2037681159420297,46,0,14,-3.3599851574357924,-2.1111111111111107
2019-08-31,155911,882982,1595,6,126,-1.7511950893226207,0.9493865030674844,0,0,0,,
2019-09-01,149749,839949,1705,24,181,0.11617823496989699,0.5980281690140847,49,0,0,2.36630383341221,3.0923076923076924
2019-09-02,204387,1182070,2333,38,239,-0.11987182040879585,1.1946351931330463,2,0,0,-1.48083623693379,4.0
2019-09-03,242909,1371821,2654,26,324,-1.0640944248399413,1.005664062499999,26,0,18,-3.019671569525184,-2.2
2019-09-04,262831,1484693,3422,54,316,-0.9383194795078303,1.7538567493112935,16,0,16,0.82304526748971,-10.0
2019-09-05,261785,1479440,2593,31,220,0.05474368649539302,1.517341040462427,12,0,12,1.38248847926267,-9.733333333333333
2019-09-06,242256,1375865,1289,5,135,-1.7832096890270726,1.2022222222222223,28,0,0,4.21052631578947,3.2
2019-09-07,160401,908755,1831,56,217,-1.5116764157855642,0.47847025495750684,8,0,0,-1.18770978569585,3.4
2019-09-08,146968,826023,2519,18,248,0.424691784814347,2.112109375,8,0,0,-1.19356512714063,3.4
2019-09-09,238010,1329414,2723,61,224,-1.0744188082074715,1.4116981132075468,0,0,0,,
2019-09-10,259130,1457108,2383,50,136,0.04181890375725067,1.977973568281938,0,0,0,,
2019-09-11,266116,1492625,2703,30,200,0.5812955462794935,2.1383223684210533,0,0,0,,
2019-09-12,259373,1460893,1981,38,202,0.690607718920041,0.8101736972704716,25,0,5,-3.26116011761561,0.0
2019-09-13,242721,1360130,1543,103,213,-1.3588909505984903E-4,1.0440740740740742,8,0,0,-4.6831955922865,2.5
2019-09-14,155908,876035,2140,77,307,-1.210972851872199,0.9928089887640448,10,0,0,7.27699530516432,7.4
2019-09-15,147296,824671,2586,53,205,-0.6263575180730616,0.8318107667210423,30,0,10,-3.3418383295995397,-1.1999999999999997
2019-09-16,246930,1369321,2850,77,244,-1.2078666762654722,0.7474178403755869,10,0,0,1.55642023346303,3.0
2019-09-17,259191,1450856,3026,108,238,-0.20521936472185834,1.722705314009662,10,0,0,2.23978919631094,7.4
2019-09-18,269011,1517561,3438,173,383,-0.9095291716714027,1.0276276276276277,139,0,12,-3.816824552987752,-2.8933333333333335
2019-09-19,266428,1491621,3254,71,290,-1.1969427809204638,1.5663235294117652,158,0,0,-1.5514097202931822,3.7318181818181815
2019-09-20,253241,1421165,2044,77,241,-2.1150551230100594,0.5106888361045132,51,7,25,-6.666340046259354,-5.664285714285714
2019-09-21,161662,906119,1794,84,163,-0.9272346781335714,0.5576819407008095,18,0,2,-1.0359317811336974,3.0
2019-09-22,152642,840181,4991,190,509,-1.3496151176719597,0.8150166852057841,0,0,0,,
2019-09-23,257471,1417269,3756,172,385,-0.8365057183816439,1.4410646387832697,0,0,0,,
2019-09-24,282160,1565167,3694,31,401,-0.15985793316986366,1.1136363636363633,5,0,0,-6.18556701030928,-4.0
2019-09-25,286241,1584172,3540,97,196,-0.1323140379078368,1.524147339699864,20,0,0,-1.2400354295837,4.0
2019-09-26,274216,1539053,2631,52,148,0.590910563675326,1.7513618677042806,20,0,0,-1.2400354295837,4.0
2019-09-27,262340,1463255,4345,79,603,-1.5666064625675316,0.8143835616438353,0,0,0,,
2019-09-28,164789,915923,2994,13,360,-1.3208224225150562,1.3732223903177,0,0,0,,
2019-09-29,142783,807992,2494,56,322,-0.09494472704651491,1.1232704402515732,30,10,10,-4.0274047054546,-6.333333333333333
2019-09-30,229774,1305867,3027,12,235,-0.2031509336168429,1.8169544740973316,0,0,0,,
2019-10-01,251666,1437734,3015,42,249,0.49562002714377884,1.5420647149460718,29,0,0,-3.751063197732293,2.5999999999999996
2019-10-02,265301,1483576,3190,37,355,0.40348280122779145,1.0891780821917805,22,0,2,-1.561356587244883,0.18571428571428528
2019-10-03,263734,1480132,2272,0,234,0.44268889192591665,1.4569593147751607,24,0,0,1.10725398750819,1.2666666666666666
2019-10-04,247670,1399826,1939,20,292,-0.5521691731108416,0.8069948186528495,10,0,0,-1.25,5.0
2019-10-05,157203,889474,1938,3,152,1.005509943873379,1.6044619422572177,0,0,0,,
2019-10-06,143263,809828,2625,33,160,1.7413859265831435,2.4285714285714297,0,0,0,,
2019-10-07,239395,1348490,2157,31,151,1.1519430369909343,1.802644230769229,0,0,0,,
2019-10-08,259040,1457590,2387,31,431,1.5762050462729458,1.8330120481927712,10,0,0,4.73372781065089,3.4
2019-10-09,273482,1533505,2506,25,155,0.8029235097569482,1.9633911368015404,41,0,2,-3.0306276475859804,1.04
2019-10-10,282979,1581014,2165,41,90,0.786295274246399,1.8324455205811137,0,0,0,,
2019-10-11,268385,1483542,2856,60,347,-1.6188860624086314,0.6398907103825137,142,0,0,-1.7473080972566795,1.8714285714285712
2019-10-12,169562,945981,1807,40,128,-0.12208430529995895,1.3305039787798414,10,0,0,-6.9364161849711,7.0
2019-10-13,157160,874885,2419,21,192,-0.7556914699295137,1.438936170212767,40,0,10,-4.854983569566994,-1.0333333333333332
2019-10-14,241396,1360997,2432,53,159,0.34304446238906944,1.8235426008968614,2,0,2,-3.51906158357771,-5.0
2019-10-15,271200,1525334,2606,9,193,-0.07276795917386018,1.4716417910447748,8,0,4,-3.8374915247575347,-3.5
2019-10-16,285432,1579328,2360,54,197,0.4865780853235063,1.8432989690721657,18,0,18,-5.87628865979382,-10.0
2019-10-17,275907,1536160,2367,64,205,0.17726917232703018,1.8900804289544237,36,0,10,-3.4205930793614003,2.966666666666667
2019-10-18,257871,1450000,1471,10,72,-0.35594474705212387,2.0210332103321047,77,0,16,-3.0835458098578146,-0.8999999999999999
2019-10-19,165128,932956,1733,10,105,-0.09082010996110323,1.6467289719626166,0,0,0,,
2019-10-20,146367,823730,2045,0,190,0.4928350949735175,1.4643454038997215,0,0,0,,
2019-10-21,234539,1328866,2414,3,227,1.1342227315543743,1.3875288683602773,24,0,5,-4.6142754145638,0.34285714285714264
2019-10-22,264078,1481868,2488,30,230,0.4787419290340198,1.8018828451882845,35,0,0,1.6359491326246296,1.1875
2019-10-23,272102,1525862,2070,5,124,0.9881805058039306,1.719506172839506,28,0,20,-11.802279874213845,-4.875
2019-10-24,263839,1479336,2273,41,119,0.44127565876562036,2.131516587677724,0,0,0,,
2019-10-25,243219,1378757,1698,12,106,0.4014885198606908,1.5279220779220777,52,0,0,-0.6331383560423651,2.7333333333333334
2019-10-26,157902,902847,1413,18,117,0.26010678021500944,1.2571929824561408,71,0,32,-5.235714895007131,-4.922222222222222
2019-10-27,147251,820757,1968,22,109,0.6734887664433958,2.046564885496184,42,0,26,-0.6968152582734229,-2.314285714285714
2019-10-28,228390,1270103,2512,15,111,0.4388639153412668,2.06806387225549,51,1,6,-4.474127268639513,0.8363636363636363
2019-10-29,252264,1419038,2041,32,102,0.9471643591114187,1.7647887323943658,30,0,0,-1.8825118729609165,0.8999999999999995
2019-10-30,251686,1427986,1891,25,121,0.6035071298959738,1.8028645833333343,875,0,239,-7.64162588588438,-1.4283185840707966
2019-10-31,245161,1399379,2626,20,249,1.0990807524784807,1.7208602150537642,215,10,66,-7.955702516372767,-2.0
2019-11-01,219641,1232658,1689,27,193,0.41204397838042406,1.151367781155015,12,0,0,-3.28964276535595,-0.7999999999999999
2019-11-02,153064,863781,1225,11,105,0.7216371806876751,1.412184873949579,365,0,117,-7.883569934289155,-2.092307692307692
2019-11-03,135938,776090,2275,7,143,2.302690616566479,2.103248259860789,134,0,41,-8.543656372498027,-1.8750000000000002
2019-11-04,224085,1279248,2748,34,159,0.9709709450939116,1.8869198312236288,155,10,42,-8.124607012003935,-2.145454545454545
2019-11-05,248531,1404223,2366,20,231,0.1016898781124839,1.0943181818181824,177,0,42,-8.112233615183179,-0.2466666666666667
2019-11-06,257727,1463014,3414,14,534,-0.44977346780709737,1.1052459016393443,277,15,79,-6.804587550632452,-3.0793103448275865
2019-11-07,254584,1447943,2273,52,169,-0.0688540884039539,1.5211920529801333,266,0,108,-8.433464627717205,-3.544736842105263
2019-11-08,240662,1367008,1519,51,159,-0.20095628788418185,1.0560283687943262,269,0,109,-7.557975204600527,-3.033333333333333
2019-11-09,158400,885948,1294,17,101,0.3853105447032845,1.565811965811966,16,0,8,-5.504115226337451,-2.1333333333333337
2019-11-10,138724,790679,1434,31,132,-0.0668303027426167,1.3896797153024911,0,0,0,,
2019-11-11,224792,1288594,2175,30,138,1.4222778430386334,1.9895121951219505,24,0,24,-6.9364161849711,-9.799999999999999
2019-11-12,256585,1473461,2975,23,407,0.9739014006075345,1.5855871886121,51,0,20,-6.039634962364259,-1.8250000000000002
2019-11-13,256916,1448467,2540,37,154,1.2297599168050697,2.097933884297519,155,0,38,-7.050614366943929,-1.0916666666666663
2019-11-14,260193,1470680,2569,15,168,0.7430689295123777,2.1133333333333324,0,0,0,,
2019-11-15,240356,1360288,2172,28,189,0.8749644607905933,1.8452153110047842,0,0,0,,
2019-11-16,155898,896105,2267,31,132,0.4327768338726301,1.6788888888888867,0,0,0,,
2019-11-17,140356,807341,2967,34,345,-0.07178741105269248,1.2906557377049177,0,0,0,,
2019-11-18,226261,1308252,4770,105,241,0.8333096368976762,1.8254275940706965,6,0,0,-4.98084291187739,0.0
2019-11-19,254660,1458741,4264,20,275,0.9033216129489458,1.8810092961487388,16,0,0,-5.507887587117835,-0.5
2019-11-20,265406,1503232,3928,34,463,0.5980046410084947,1.4464187327823694,10,0,10,-3.69565217391304,-10.0
2019-11-21,259956,1483348,3452,25,286,0.5813356792088693,1.937603993344425,0,0,0,,
2019-11-22,237916,1360574,2016,30,202,-0.292203674723427,1.421727748691099,65,0,0,-2.68741159830269,2.5857142857142854
2019-11-23,156673,898855,1900,12,252,-0.8103249782588673,0.5681318681318679,105,0,0,-3.45659163987139,3.75
2019-11-24,136840,797719,2070,20,169,0.7388903284644655,1.7521739130434786,0,0,0,,
2019-11-25,219940,1263143,2955,56,199,0.6088240350547433,1.7629357798165124,142,0,20,-3.4340668342328105,0.9190476190476189
2019-11-26,242556,1393107,2940,38,269,0.0171420470661523,1.4232203389830516,10,0,0,-4.78632478632479,-2.0
2019-11-27,241682,1395840,3961,34,605,0.22995098921691204,1.4378545006165224,0,0,0,,
2019-11-28,213427,1261755,3052,20,328,0.3743210686947266,1.1322061191626434,20,0,0,-0.8233957183702548,-2.0
2019-11-29,197280,1181476,1837,14,160,1.7496988415227555,1.5461748633879777,8,0,0,-2.16606498194946,4.0
2019-11-30,137373,811049,1374,38,170,0.007717223443535228,0.7671428571428573,56,0,0,-1.1627991984237485,3.4214285714285717
2019-12-01,133004,780561,1772,26,156,0.6383999893269514,0.9006042296072514,0,0,0,,
2019-12-02,217963,1256696,2217,55,188,1.0803614526664378,1.2917050691244238,90,0,10,0.2207939816678609,2.913333333333333
2019-12-03,252126,1416180,2341,10,240,0.1958989224955311,0.9215633423180595,50,0,0,0.548446069469834,3.1545454545454548
2019-12-04,262746,1471105,2550,34,182,0.1529325649417419,1.6127906976744182,10,0,0,-3.43283582089553,1.0
2019-12-05,248394,1410694,2369,41,191,0.1326246343880494,1.3151452282157678,30,0,0,2.2761766796845,2.8
2019-12-06,233551,1325266,1073,10,97,0.5055889206390106,2.005829596412555,132,0,6,-0.4066785632769534,-0.7166666666666667
2019-12-07,156501,885873,1332,38,107,-0.08282380704694509,2.2243346007604576,40,0,0,1.27272727272727,-0.575
2019-12-08,137987,770301,1659,21,58,0.35010258431066266,1.7481690140845068,0,0,0,,
2019-12-09,227304,1279816,2538,37,186,0.32610371948108696,1.4088607594936706,0,0,0,,
2019-12-10,259194,1451450,2775,47,126,0.7157732971980133,1.9371115173674567,16,4,0,-5.25821596244132,1.2000000000000002
2019-12-11,249940,1417002,2064,14,107,0.9626572239222142,1.9919902912621354,143,10,8,-1.6590153821293132,1.552
2019-12-12,247285,1417553,2279,10,184,0.8197911379590679,1.4430155210643023,77,6,28,-4.383880383662221,-2.616666666666667
2019-12-13,233968,1324105,1343,6,67,0.6753711535372726,1.490421455938698,16,0,0,0.9237952171124957,2.7714285714285714
2019-12-14,144734,829179,761,13,57,0.10798458364687047,1.2581249999999997,0,0,0,,
2019-12-15,133148,756266,2121,1,189,1.161510341987317,1.7564032697547676,120,0,0,-1.9183288008662713,3.2449999999999997
2019-12-16,214457,1218721,2548,25,313,0.2067081783901069,1.3499017681728893,17,0,0,-6.951607716986163,2.9999999999999996
2019-12-17,238030,1364228,4866,86,983,-2.400646199749513,0.6319654427645791,38,0,18,-3.4078943731986304,-2.625
2019-12-18,242036,1393024,3047,30,434,-1.2583193420271073,0.8522807017543865,105,0,18,-1.9324625832357767,0.35714285714285704
2019-12-19,237999,1363449,3320,38,587,-2.163744171640206,0.6022556390977439,0,0,0,,
2019-12-20,225985,1276593,2156,48,313,-1.6060996994602876,1.10101419878296,0,0,0,,
2019-12-21,149542,853600,1336,10,158,-1.116613156335503,1.3548736462093867,0,0,0,,
2019-12-22,130288,744588,1497,37,178,-0.20649686513250134,1.356140350877193,54,16,36,-4.60901087519419,-6.9
2019-12-23,194955,1110318,1981,12,166,0.1947998341802244,1.8361650485436913,10,0,0,-8.95322939866366,2.8
2019-12-24,175528,1001548,2269,21,185,-0.26953506109826086,1.3560767590618326,30,10,18,-4.02355250245339,-6.977777777777778
2019-12-25,123506,715326,2615,0,200,0.106967437756857,1.5535175879396979,0,0,0,,
2019-12-26,153816,877253,2166,60,186,-0.7567539967879677,3.1458252427184465,8,0,0,-0.5524861878453,1.5999999999999999
2019-12-27,166172,957608,2877,109,298,-2.160703148241468,2.4496285289747415,44,0,10,-1.513480645477982,0.3499999999999997
2019-12-28,126032,728501,2087,95,199,-1.448387125900436,1.6501187648456057,31,10,10,-7.260572776935915,-2.8500000000000005
2019-12-29,125259,719423,2215,130,211,-0.7159781095456857,1.5596982758620688,0,0,0,,
2019-12-30,184690,1052210,2046,98,262,-1.8613502019177661,1.5924276169265037,0,0,0,,
2019-12-31,185548,1015983,1958,77,227,-1.1606914634814993,1.0595180722891557,32,0,16,-3.494156208244092,-4.8
2020-01-01,5028,23580,121,15,97,-4.671398460843375,-8.434782608695654,0,0,0,,
2020-01-02,3922,19588,49,0,49,-2.040155142139633,-10.0,0,0,0,,
2020-01-03,4083,20696,51,2,21,-2.4765990805390645,-3.4461538461538463,0,0,0,,
2020-01-04,3788,20157,29,0,12,-2.149742879796875,-3.2,0,0,0,,
2020-01-05,79517,421848,1077,22,147,-1.7678685226284936,0.5168949771689496,0,0,0,,
2020-01-06,229682,1209893,3600,127,424,-1.900916308642274,0.7281632653061213,10,0,10,-5.66037735849057,-10.0
2020-01-07,255482,1373393,4036,243,475,-1.6590876873223204,0.38980582524271773,20,0,2,1.35997904618742,1.35
2020-01-08,287986,1531904,8298,633,2031,-3.7273323172425035,-1.8519929660023466,12,0,2,-4.018682622455733,-1.0666666666666664
2020-01-09,272737,1473450,3934,213,768,-2.9127371148311454,-0.9500641848523748,0,0,0,,
2020-01-10,257472,1416157,2902,156,553,-2.995502600281096,-0.37220447284345054,0,0,0,,
2020-01-11,177325,965991,3000,76,455,-2.436498861956804,-0.16017241379310357,0,0,0,,
2020-01-12,158841,872210,2766,70,351,-1.9644749670879416,0.17421150278293127,0,0,0,,
2020-01-13,243385,1343193,3819,74,374,-1.8060380086361887,0.924408284023668,18,0,0,-3.26295585412668,5.4
2020-01-14,256560,1422455,2683,46,347,-0.8572718542055049,0.9003861003861002,60,0,20,-3.856988949425924,-0.15714285714285703
2020-01-15,251555,1407471,3038,82,243,0.8716051183680287,1.3700854700854688,68,0,16,-3.9569036701746736,-2.4818181818181815
2020-01-16,265105,1470351,2937,48,223,-0.2590845178459671,1.3930139720558912,65,0,10,-1.5649779824859449,-2.483333333333333
2020-01-17,245211,1358659,1441,13,220,-1.4122400470515322,0.5283088235294117,10,0,10,-7.12365591397849,-10.0
2020-01-18,160313,888704,1527,8,120,0.7362726898224128,1.9352159468438526,0,0,0,,
2020-01-19,149473,832846,1762,28,138,0.6932738114725165,1.4081871345029235,0,0,0,,
2020-01-20,220817,1257546,1840,25,168,-1.1470467244425413,1.615061728395063,0,0,0,,
2020-01-21,248251,1395610,2777,32,252,-0.6603702963729687,1.4373517786561272,22,0,22,-9.66666666666667,-9.666666666666666
2020-01-22,262997,1465553,2653,64,277,-0.21798585818539779,1.1269709543568474,38,0,0,-0.21709244599742908,3.7818181818181817
2020-01-23,260375,1464406,2189,53,152,-0.14091107679788245,1.6205417607223473,0,0,0,,
2020-01-24,245991,1375767,1992,21,189,-0.2332720036400704,1.5254054054054054,21,0,0,0.0,3.0714285714285716
2020-01-25,160074,891364,1260,19,96,0.033976254195613786,1.1668141592920354,0,0,0,,
2020-01-26,142696,793458,1674,30,67,0.33929678206562564,1.804242424242424,0,0,0,,
2020-01-27,222705,1261281,2693,63,238,0.0229055077184408,1.3051181102362202,46,0,8,-4.224047108251061,-0.7142857142857144
2020-01-28,260078,1450010,2404,10,262,-0.06839221003158935,1.5173913043478269,4,0,0,0.8686210640608,3.0
2020-01-29,268848,1483140,2844,12,169,0.4723024004481678,1.9384328358208955,0,0,0,,
2020-01-30,263421,1467494,1649,37,66,0.9917951037687767,1.8371428571428574,48,0,0,2.207117641201243,0.48571428571428565
2020-01-31,254572,1417678,1207,0,63,-0.3753894558665444,1.69485294117647,0,0,0,,
2020-02-01,167826,931240,1159,4,57,0.09433283487707278,2.106882591093119,20,10,0,-7.77809845798632,-2.0
2020-02-02,152355,850096,2271,12,128,0.7491259617946353,2.1935926773455385,0,0,0,,
2020-02-03,238706,1324775,2657,2,238,0.433622303875151,1.54110898661568,0,0,0,,
2020-02-04,258791,1441386,2402,18,166,0.15215054468257244,1.5165841584158415,0,0,0,,
2020-02-05,266987,1476665,2251,23,159,0.892152051130646,1.5013921113689095,20,0,0,-0.16655562958028,2.35
2020-02-06,259749,1452603,1785,12,99,0.38907399615033844,1.9546742209631733,6,0,6,-9.70350404312667,-10.0
2020-02-07,243275,1353576,1323,10,101,-1.351017465571024,1.0526315789473686,10,0,0,-4.99533892566199,0.3500000000000001
2020-02-08,158523,884340,1127,10,55,1.4212423771493201,1.1354838709677417,14,0,10,-3.7442578652769734,-1.7666666666666666
2020-02-09,140119,790345,2033,28,86,1.4892145057117574,2.670080862533691,26,0,0,2.0674064822956817,3.1999999999999997
2020-02-10,220985,1255736,2323,20,160,0.443897264764076,1.8203196347031962,6,0,0,2.44077530509691,2.5
2020-02-11,251635,1432649,2664,13,166,0.8757768980106375,1.776136363636363,0,0,0,,
2020-02-12,260686,1472409,2562,6,201,0.5395248185776278,1.308203124999999,0,0,0,,
2020-02-13,257263,1453329,2472,52,147,1.074649428101224,1.3964000000000003,18,0,0,-1.4927980340779534,3.45
2020-02-14,242058,1360885,1503,26,201,-0.7877691280867082,0.3717607973421926,319,0,20,-4.531327878803572,1.1380952380952383
2020-02-15,163146,911709,2006,21,104,0.3265016020823186,1.7246246246246257,105,0,7,-4.612367530308201,0.9666666666666663
2020-02-16,143334,797178,2478,17,172,1.3885903909522388,1.5430062630480168,0,0,0,,
2020-02-17,210933,1210021,2880,0,162,0.9510963012941407,1.60791896869245,112,0,7,-4.295297084670904,0.7030303030303033
2020-02-18,245361,1392665,2690,16,277,0.6370980073555932,1.5170370370370365,12,2,0,1.64383561643835,-2.16
2020-02-19,253669,1421515,2504,13,192,1.1496523077892093,1.675384615384615,0,0,0,,
2020-02-20,262203,1465140,2021,3,149,0.8197584036663692,1.8501222493887521,2,2,0,-6.2124248496994,-4.4
2020-02-21,245524,1365472,1648,33,173,0.583386756195809,1.0766272189349113,22,0,0,-2.93594306049823,2.35
2020-02-22,158299,883024,1986,0,224,0.30526780815998045,1.349468085106383,149,0,18,-4.4235073808565435,1.8000000000000003
2020-02-23,138971,771570,1966,26,241,0.22478988072413641,1.3577039274924476,9,0,0,-0.99502487562189,2.3499999999999996
2020-02-24,218306,1214849,2104,4,131,0.5741193241873189,1.824264705882351,54,2,0,-5.0810086474178515,2.276470588235294
2020-02-25,249264,1397084,2712,15,231,-1.5629765361568864,1.3597165991902833,3,0,2,-4.931497738760305,-7.5
2020-02-26,258094,1449483,2298,29,232,0.021730354733074747,1.4837837837837833,20,0,0,8.33333333333333,1.7
2020-02-27,257019,1455040,2098,30,222,-0.539474007927684,1.1949109414758268,0,0,0,,
2020-02-28,257127,1427206,2489,3,413,-0.5690608679115746,0.8084592145015104,0,0,0,,
2020-02-29,173982,976589,1518,46,253,-1.1499192018839153,0.1657039711191335,0,0,0,,
2020-03-01,161217,909191,1903,28,227,-0.3110984681962812,0.7740837696335081,12,0,6,-0.99502487562189,-7.5
2020-03-02,246829,1385994,2694,36,191,-1.8726893452146693,1.412072072072073,0,0,0,,
2020-03-03,267535,1494745,2882,48,195,-0.9624881844888855,1.6947626841243864,0,0,0,,
2020-03-04,270129,1509234,2505,45,215,-0.14975927965709696,1.4498084291187743,17,0,0,1.94715447154471,4.2666666666666675
2020-03-05,268250,1511031,4698,68,657,-1.2139117267185044,0.2156177156177158,30,8,0,-4.04595404595404,-1.5750000000000004
2020-03-06,244596,1391633,3314,30,471,-1.1877785267855652,0.18884180790960436,6,0,0,-1.75541252194265,-2.0
2020-03-07,157910,897280,2620,22,300,-1.8698741072443743,0.7321999999999997,15,0,0,2.75229357798165,7.4
2020-03-08,142532,816941,2831,15,329,-0.5516392106257979,0.1923868312757202,10,0,0,-1.73913043478261,3.4
2020-03-09,219799,1249284,2960,5,253,-0.6390683675521827,1.1718631178707224,36,0,0,-1.3505070125035998,1.48
2020-03-10,241539,1375918,2811,4,235,-0.502705550532089,1.50453720508167,0,0,0,,
2020-03-11,249710,1422449,2959,57,245,-1.2605137447166892,1.3337591240875908,25,0,0,-4.61733080328906,2.2249999999999996
2020-03-12,239618,1384877,2589,25,246,-1.246181798879878,1.320654396728016,1,0,0,-1.25461254612546,-2.0
2020-03-13,222818,1286465,2183,23,169,-1.6479914400976357,1.6832985386221302,2,0,0,-1.83050847457627,-4.0
2020-03-14,151346,885324,2014,17,147,-1.1285585410060208,1.6428985507246352,10,0,10,-12.0481927710844,-10.0
2020-03-15,142260,841999,2109,20,181,-1.1606829409698614,1.3752500000000003,0,0,0,,
2020-03-16,201720,1211685,2500,38,276,-1.0585417027211113,1.0576555023923446,9,0,8,-3.4920937946504447,-6.0
2020-03-17,226852,1347898,2518,20,213,-1.5922213095234454,1.1721881390593045,0,0,0,,
2020-03-18,234792,1407239,3250,80,285,-1.7733972585532858,1.2414673046251994,18,0,0,-1.5942593674913967,-3.3333333333333335
2020-03-19,227017,1363671,3070,38,264,-1.3820280224336492,1.307155322862131,17,0,0,1.0666851715254735,0.33333333333333326
2020-03-20,213765,1291854,2054,27,163,-1.7768756153664533,1.4159806295399515,36,0,18,-8.430620135659852,-1.3166666666666669
2020-03-21,143898,866709,2281,18,84,-1.2808623761986768,1.668036529680366,4,0,0,1.56657963446475,3.4
2020-03-22,134619,816638,3787,30,366,-1.1568020772913181,1.7136577708006278,0,0,0,,
2020-03-23,201348,1242699,3816,103,393,-2.1727993923362714,0.7904628330995811,70,0,40,-4.4781951622513905,-3.6750000000000007
2020-03-24,212294,1297449,3584,94,234,-1.4623955926501464,1.2584474885844756,30,0,0,-2.98507462686567,5.0
2020-03-25,216530,1323942,3448,45,379,-1.712813149559474,0.9570715474209658,6,0,0,1.0126582278481,0.0
2020-03-26,220933,1340288,3359,87,349,-1.509293860113633,1.1685214626391096,0,0,0,,
2020-03-27,208545,1257634,2008,28,149,-2.1390165825311076,1.5871232876712316,0,0,0,,
2020-03-28,143245,862647,2396,59,185,-1.973667492340458,1.3740825688073395,10,0,0,-3.21027287319422,3.4
2020-03-29,133134,800823,2446,30,144,-1.4836535352375662,1.3763761467889903,2,0,0,-5.53410553410553,-2.0
2020-03-30,195991,1195552,2876,75,171,-1.2923506797261066,1.6203187250996016,0,0,0,,
2020-03-31,221217,1326108,3066,48,210,-0.9393957910453622,1.6387832699619773,34,0,10,-1.4857672175498475,-0.5749999999999993
2020-04-01,216728,1298130,2666,40,154,-1.0757808547253158,1.490891472868217,0,0,0,,
2020-04-02,219340,1324257,2154,28,149,-1.180477106540769,1.409383378016086,30,0,0,0.59347181008902,2.4799999999999995
2020-04-03,207400,1248951,1921,37,162,-1.0145395185894652,1.3891495601173016,0,0,0,,
2020-04-04,141223,847663,2071,20,229,-2.0786705777871406,1.2724719101123587,0,0,0,,
2020-04-05,126587,753500,2877,16,407,-1.4168574774989855,0.8272540983606564,20,0,20,-8.12324929971988,-9.6
2020-04-06,188369,1142876,2788,6,263,-0.9992366433879103,1.218674698795182,10,0,0,-0.641025641025641,2.8
2020-04-07,204740,1239496,2849,36,177,-2.0447305660264266,1.176526717557252,15,0,7,-1.3083958820392931,-4.0
2020-04-08,203576,1235755,2579,77,140,-0.9366876795374037,1.3341304347826084,7,0,7,-4.47976878612716,-10.0
2020-04-09,202792,1232451,3160,38,306,-1.3447056161094333,1.7959432048681536,0,0,0,,
2020-04-10,179113,1080016,1391,6,82,-2.4099870537226007,1.6350943396226412,0,0,0,,
2020-04-11,128883,780962,1529,20,83,-1.6214397859720595,1.6003448275862073,10,0,0,-0.8512443438914044,7.0
2020-04-12,117988,715406,1568,24,114,-0.4393651807964426,1.8590604026845627,0,0,0,,
2020-04-13,169283,1022474,2515,32,187,-0.7730106330031665,1.7704347826086968,2,0,2,-3.71517027863777,-10.0
2020-04-14,196198,1187827,2485,18,146,-0.8155130454039621,1.9697104677060142,0,0,0,,
2020-04-15,204299,1244465,2933,30,331,-1.6178629744381026,1.497117516629711,0,0,0,,
2020-04-16,204738,1242157,2704,54,256,-1.151518998387613,0.824686192468619,10,0,0,2.74111675126904,3.0
2020-04-17,197824,1188219,2044,51,215,-1.8623485547558518,0.8560209424083772,16,0,0,-4.15584415584416,2.5
2020-04-18,139487,830125,2067,12,122,-1.2567175020019776,1.6381313131313116,0,0,0,,
2020-04-19,123915,739019,2255,58,145,-0.8110996724325518,0.9606217616580317,0,0,0,,
2020-04-20,186746,1118510,2649,56,193,-1.0061414505686135,1.2479120879120884,28,6,0,-1.10076206604573,0.22499999999999998
2020-04-21,203055,1213230,2279,27,172,-0.27322892844463664,1.8230215827338137,0,0,0,,
2020-04-22,208657,1247957,2051,13,157,-1.2054868618831382,1.2890818858560793,60,0,0,-0.75187969924812,2.3499999999999996
2020-04-23,209722,1265520,2770,62,172,-0.4579662238118317,1.0313131313131314,0,0,0,,
2020-04-24,200499,1207496,2187,31,145,-0.8787135318709829,1.2935999999999996,8,0,0,0.52770448548813,7.0
2020-04-25,132599,795351,1585,30,199,-0.6381987450991808,1.1130718954248364,0,0,0,,
2020-04-26,119804,714265,1801,14,179,-0.8139663761935779,1.5198813056379825,0,0,0,,
2020-04-27,184718,1113495,2213,16,167,-1.334916573078338,1.7357320099255584,8,0,0,-4.34782608695653,0.0
2020-04-28,200903,1214718,2093,40,125,-0.49118981437720965,1.86793893129771,6,0,0,-2.71084337349398,0.0
2020-04-29,206577,1236019,1940,13,101,-0.3983901290548058,1.680874316939891,50,0,0,0.56603773584906,2.583333333333333
2020-04-30,209122,1243257,2274,58,182,-1.5833617974378296,1.4407766990291258,16,0,16,-5.59322033898305,-10.0
2020-05-01,183346,1076161,1444,0,140,-1.4073074185023569,1.305970149253731,0,0,0,,
2020-05-02,127099,757043,1516,40,156,-1.0099174423840276,0.7915032679738561,18,0,18,-8.068752188630764,-9.75
2020-05-03,122903,744700,2250,49,100,-0.6275412044404094,1.9308080808080808,0,0,0,,
2020-05-04,183262,1105935,2237,34,126,-0.4096175378958288,1.5881266490765165,0,0,0,,
2020-05-05,203218,1201814,2895,26,237,-0.20859964700294442,1.3169042769857433,0,0,0,,
2020-05-06,210058,1245228,2635,72,184,-1.0512245880815585,1.3590336134453778,6,0,0,2.5575434191253397,4.133333333333334
2020-05-07,209015,1237714,2401,31,162,-1.1516838495986428,1.659958506224066,0,0,0,,
2020-05-08,206291,1209365,1796,58,108,-1.8724262376171938,1.5838150289017343,12,0,0,-2.17522658610272,2.3499999999999996
2020-05-09,137523,815860,1606,30,107,-1.5558422354874384,1.5234604105571843,10,0,0,-5.50964187327824,-2.0
2020-05-10,120542,718865,1914,54,121,-0.4802913826691313,1.3498422712933755,0,0,0,,
2020-05-11,179248,1070013,2878,142,528,-2.0632750645516333,-0.5803001876172598,38,0,0,0.7876657158251316,2.2384615384615385
2020-05-12,205206,1229810,2352,50,202,-1.4319055493411932,1.1564049586776863,10,0,0,3.38541666666667,3.4
2020-05-13,216929,1290954,3106,20,242,-0.2426406829597616,1.7101449275362324,0,0,0,,
2020-05-14,211906,1254323,2723,60,259,-0.8443331194009085,1.4529045643153524,0,0,0,,
2020-05-15,194814,1168519,2112,30,97,-1.3096662992649162,1.7474999999999996,10,0,0,-2.43427458617332,0.4
2020-05-16,132818,794522,1706,23,107,-0.837323214417232,1.5250836120401334,34,0,20,-1.522786086165455,-1.75
2020-05-17,120427,720031,1908,81,156,-1.200440622938484,0.8916923076923076,5,0,5,-4.97382198952879,-10.0
2020-05-18,186910,1119537,2475,87,202,-1.3137048238439966,1.5268343815513625,74,10,50,-6.994941685198142,-7.683333333333332
2020-05-19,205716,1220501,2619,62,240,-1.365204420984781,0.8884615384615377,0,0,0,,
2020-05-20,214019,1265819,2012,52,170,-1.825277232124142,0.9672972972972975,0,0,0,,
2020-05-21,225241,1293700,2326,29,161,-0.7958626000216817,1.23887587822014,8,0,0,-2.56410256410257,7.4
2020-05-22,194315,1148172,2240,71,306,-1.6411087347389075,1.000787401574803,32,0,0,-2.69542697471546,0.33333333333333326
2020-05-23,129303,772080,1526,41,153,-0.3347628366110664,1.3536231884057974,12,0,4,-1.54109589041096,2.142857142857143
2020-05-24,117734,698404,1336,0,124,-0.8096207827420544,1.4981617647058827,0,0,0,,
2020-05-25,152044,921772,1261,10,38,-1.2869000155509607,1.8481171548117161,24,0,0,-3.57781753130591,1.4
2020-05-26,188983,1127988,1539,30,113,-0.2536189672089169,1.512230215827338,0,0,0,,
2020-05-27,206427,1221695,1920,40,117,0.07097534251915283,1.5205962059620595,0,0,0,,
2020-05-28,210954,1248913,1844,70,102,-0.8268764168574086,1.413505747126436,20,0,0,-2.0979020979021,2.1999999999999997
2020-05-29,204998,1203431,1566,67,60,-1.112277040879901,1.187272727272727,36,0,0,-0.5058639655439865,2.9444444444444446
2020-05-30,145686,843789,1080,18,22,-0.7304696900858016,2.567875647668395,24,0,0,-2.65878877400296,1.4
2020-05-31,140469,802208,1845,30,113,-0.8675591154982327,1.6524115755627014,0,0,0,,
2020-06-01,203870,1167325,2399,20,104,0.0063836721871717295,2.143478260869567,20,0,0,-8.1841432225064,-2.0
2020-06-02,226043,1285937,1995,39,161,-0.7038596488689508,1.0506172839506178,0,0,0,,
2020-06-03,238209,1370956,2377,34,236,-1.4963317103513127,0.7928089887640452,6,0,0,-6.49526387009472,-1.75
2020-06-04,237255,1362580,2540,11,205,-0.5783523929636925,2.1781395348837207,0,0,0,,
2020-06-05,221768,1283846,1972,10,264,-1.9404844538612576,1.1428143712574848,0,0,0,,
2020-06-06,154505,882727,1335,34,212,-1.1633560883819336,0.6375000000000002,0,0,0,,
2020-06-07,136873,787426,1357,21,105,-0.5403161089700474,1.5008130081300806,16,0,10,-5.853549476017733,-0.6666666666666665
2020-06-08,201933,1180302,1738,29,94,-1.0605540775017366,1.4823529411764713,0,0,0,,
2020-06-09,221688,1280571,2442,58,202,-1.7805103856603433,0.860243407707911,60,0,0,-0.408185974367258,-1.0
2020-06-10,225688,1305755,2768,101,261,-1.2202197212724823,0.9828220858895702,0,0,0,,
2020-06-11,219745,1274483,1953,8,83,-0.5394696456887074,1.9784090909090915,47,0,1,-9.037313852168912,-1.2666666666666666
2020-06-12,213202,1230707,1489,0,34,-1.1968772871777,1.5240601503759397,1,0,1,1.14942528735632,-10.0
2020-06-13,141578,826902,1743,4,103,-1.2147553132456597,1.3429012345679014,2,0,2,-8.45213849287165,-10.0
2020-06-14,131174,768619,2266,55,189,0.05140423640792538,1.828921568627451,6,0,0,-0.59171597633136,7.4
2020-06-15,204335,1194005,2017,44,113,0.1145205550373074,1.8318713450292414,3,0,0,-4.20038449553793,1.5999999999999999
2020-06-16,224710,1315466,1899,57,146,-0.0034306950867697417,1.1964912280701752,8,0,0,-2.30326295585412,3.5
2020-06-17,234406,1360998,1577,39,185,-1.0059839861866795,0.857291666666667,10,0,0,1.28755364806867,4.0
2020-06-18,232579,1343220,1834,124,185,-1.070203283087754,0.4323899371069182,0,0,0,,
2020-06-19,218741,1247956,1210,33,164,-1.4229444500154813,0.804888888888889,33,0,0,-6.8879369281568605,5.499999999999999
2020-06-20,144321,826702,1443,12,153,-0.1568008640586971,1.4558935361216714,27,0,0,-6.35696821515893,5.416666666666666
2020-06-21,125825,726231,2023,37,194,-0.543257647355027,1.5233668341708537,64,0,0,-3.9177870541038735,1.83
2020-06-22,196964,1142475,2871,39,193,-0.9720250638419601,1.3041125541125538,0,0,0,,
2020-06-23,221184,1289081,2917,15,173,0.05662734443389669,1.5601626016260162,5,0,0,0.47348484848485,3.0
2020-06-24,222226,1285480,2774,5,255,0.109739203647119,1.5343984962406014,34,0,1,-2.248568151983738,0.3600000000000003
2020-06-25,220223,1272162,2689,14,341,-1.967741114078166,0.7530145530145533,22,0,18,-1.6506328141012525,-2.0
2020-06-26,208865,1226749,1948,36,239,-2.208977624712091,0.7312335958005256,0,0,0,,
2020-06-27,139079,824332,1673,7,153,-0.38577927139619406,1.9533783783783796,2,0,0,-2.87206266318538,4.0
2020-06-28,124721,726574,2288,30,208,-0.14948075318729687,1.352867830423941,2,0,0,-0.36764705882353,3.4
2020-06-29,195873,1144096,3063,37,297,-1.0111672221721204,1.3910447761194025,5,0,4,-6.185483628265326,-7.5
2020-06-30,223635,1301444,2427,32,235,-0.31167365683099124,1.264285714285715,4,0,0,-6.54205607476635,6.5
2020-07-01,224555,1303238,2489,4,205,0.3734455799536531,2.086666666666666,114,0,26,-2.8866860394120004,0.6583333333333334
2020-07-02,222283,1279725,2310,12,336,-1.4397017754748949,0.7177631578947367,4,0,0,-3.14753189129229,0.6666666666666666
2020-07-03,194329,1141301,1755,2,192,-1.1868341425271287,1.366366366366367,30,0,0,-2.7660830695733276,1.1749999999999998
2020-07-04,129003,750581,2028,16,201,-1.6985473736733336,0.8733496332518342,44,0,8,-6.28342245989305,-0.766666666666667
2020-07-05,117002,684121,2616,83,238,-0.3359529183059157,1.4120724346076448,10,0,0,-2.31884057971015,2.3499999999999996
2020-07-06,187088,1090621,3051,31,333,-0.8212359398115237,1.0914634146341462,44,0,0,0.27506636015654884,4.122222222222222
2020-07-07,212585,1239411,3045,35,273,-0.613366924834323,1.448251748251747,40,0,0,-4.82295482295482,7.0
2020-07-08,223901,1291852,2249,33,247,-0.6099589040403569,1.1702460850111855,0,0,0,,
2020-07-09,220448,1273326,2301,28,366,-1.4881427216305874,0.568986083499006,0,0,0,,
2020-07-10,206787,1196362,1856,20,172,-0.9833416769674292,1.2060109289617484,2,0,0,-6.73400673400669,1.9
2020-07-11,136991,792621,1831,13,121,-0.7844318818096646,1.2455445544554462,0,0,0,,
2020-07-12,121714,708405,2035,24,268,-1.3376510332792155,0.3778054862842892,8,0,0,-6.71785028790787,5.5
2020-07-13,193426,1130545,2856,28,182,-0.6188776282893362,1.3475877192982457,8,0,0,-2.76679841897233,6.0
2020-07-14,219153,1265046,2407,21,118,-0.40429191416549104,1.6542510121457492,0,0,0,,
2020-07-15,218570,1280874,2399,46,80,-0.8146156749703557,1.3631004366812223,10,0,0,-6.59121171770973,2.5
2020-07-16,216054,1261587,2135,10,173,-0.6959529380267814,1.365207877461706,14,0,0,-5.718074255405955,1.3
2020-07-17,202960,1170940,1655,1,72,-1.0208330310681342,1.4104477611940298,42,0,0,-3.048241904965222,0.711111111111111
2020-07-18,135883,782907,1486,34,94,-0.40214567290675785,1.1797101449275362,4,0,2,-7.21533258173619,-3.8
2020-07-19,122603,710914,2209,1,177,0.3120919580167364,1.5129251700680273,51,0,30,-4.011932191122944,-4.271428571428571
2020-07-20,193069,1117266,2780,1,212,1.4528746874223124,1.8479508196721328,39,0,0,-5.19905025221762,-4.353846153846154
2020-07-21,212253,1233661,2304,20,124,0.9587749690619862,1.8851063829787238,9,0,0,-6.93374422187982,-6.0
2020-07-22,221507,1276434,2118,10,171,0.3394574822937001,1.440291262135923,10,0,10,-4.28015564202334,-10.0
2020-07-23,218391,1264657,1868,11,108,-0.011845750768801622,1.8786111111111103,0,0,0,,
2020-07-24,204288,1181803,1794,21,154,-1.5044738992974422,1.528947368421052,0,0,0,,
2020-07-25,133827,777357,1441,30,91,-0.49477564874923663,1.6460063897763586,0,0,0,,
2020-07-26,122251,713388,1855,50,161,-0.4217440871812264,1.7753048780487808,60,5,0,-3.2769277282004436,1.2857142857142858
2020-07-27,193910,1132166,2640,36,245,-0.31703264634759826,1.2724731182795705,35,0,0,-3.712786193288382,-1.7428571428571433
2020-07-28,208137,1209552,2435,61,409,-1.1920445775492907,0.29417475728155396,18,0,0,-2.265193791357918,-3.0
2020-07-29,210419,1219822,2903,212,465,-0.7116803630611599,0.31463878326996264,5,0,0,4.69135802469136,-2.0
2020-07-30,205337,1194403,1727,6,188,-0.20907358758423772,0.9160883280757095,6,0,0,2.63157894736842,3.5
2020-07-31,188974,1096480,1187,20,169,0.24479134812608372,0.8450757575757573,40,0,0,1.0386651462697059,4.214285714285714
2020-08-01,123079,716757,1125,41,82,-0.0964489301195525,0.4340101522842641,28,0,0,5.981308411214952,5.720000000000001
2020-08-02,109622,640484,1240,48,119,-0.1903114926566249,1.3763565891472869,0,0,0,,
2020-08-03,177896,1029297,1503,21,187,-0.8384876754486672,1.2316455696202537,16,0,13,-3.609031783040865,-5.275
2020-08-04,196921,1132194,2119,30,150,-0.6635879046520249,1.1987113402061857,0,0,0,,
2020-08-05,205579,1179180,2340,20,405,-1.7362724771146452,0.48898305084745775,0,0,0,,
2020-08-06,212816,1226470,1825,0,206,-0.5484277803028541,1.2752265861027183,0,0,0,,
2020-08-07,199720,1145999,2342,24,211,-2.8526966417676025,0.8159274193548386,26,0,0,-1.39737991266375,1.97
2020-08-08,131399,768882,2403,7,124,-2.9428478761797434,1.673684210526316,16,0,0,-1.69211721007016,1.0
2020-08-09,119894,712524,1973,24,177,-1.0583185612423054,1.33061224489796,38,0,0,-2.120927318295743,3.2666666666666666
2020-08-10,189618,1112965,2278,22,225,-0.1143247470565738,1.1302272727272733,0,0,0,,
2020-08-11,211265,1219807,2120,12,188,-0.06518405930198778,1.4875621890547257,0,0,0,,
2020-08-12,212761,1227977,2069,10,104,0.6496944387255315,2.098655913978493,0,0,0,,
2020-08-13,217527,1249625,3804,60,262,0.7495211464738251,1.94625,0,0,0,,
2020-08-14,213595,1205588,2014,41,137,0.4378560502586326,1.5132558139534886,20,0,0,-1.91387559808613,1.5
2020-08-15,144473,814171,1523,18,95,1.086195691359456,1.9541139240506316,4,0,0,-1.79563916203505,1.0
2020-08-16,125913,714602,2614,16,216,0.7460389323624524,1.6900709219858157,0,0,0,,
2020-08-17,196154,1125583,2553,26,153,0.3840737710692102,2.0532494758909845,31,0,5,-1.0584007187780764,0.8833333333333333
2020-08-18,216155,1232731,2762,0,146,0.5007420703863376,1.699999999999999,4,0,0,-0.18744142455483,2.3499999999999996
2020-08-19,222297,1254567,2267,21,77,0.017682746746671668,1.804904051172707,10,0,0,-2.56880733944954,4.0
2020-08-20,218289,1240690,2126,40,250,-0.6876385635127157,0.972069825436409,0,0,0,,
2020-08-21,200582,1131020,1782,50,180,-0.6176219839947777,0.9973053892215569,0,0,0,,
2020-08-22,129891,745462,1551,22,126,-0.5541240625049184,1.6690235690235689,0,0,0,,
2020-08-23,119887,690821,1621,42,77,-0.03499041010231394,1.7261016949152546,0,0,0,,
2020-08-24,193019,1100209,1872,15,167,-0.5994165663384883,1.0189265536723164,28,0,20,-8.646957762001986,-5.333333333333333
2020-08-25,214569,1214135,2261,22,133,-0.2634644907948258,1.6005208333333338,0,0,0,,
2020-08-26,218403,1235771,2063,17,160,-0.028353884519558115,1.718796992481202,28,0,0,-5.39215686274509,2.5
2020-08-27,214678,1230514,2470,18,125,0.1777003687275761,2.093363844393593,20,0,0,-2.42718446601942,3.4
2020-08-28,201359,1154848,1396,4,82,0.27578983796052736,2.0200716845878124,2,0,2,-4.19235511713933,-10.0
2020-08-29,130170,752644,1736,44,69,0.37959915254239973,1.9762345679012379,0,0,0,,
2020-08-30,123862,713349,1712,43,149,0.95039633183465,1.5935691318327967,0,0,0,,
2020-08-31,190072,1099901,2435,9,302,0.2740444092730492,1.6305045871559625,0,0,0,,
2020-09-01,213567,1229959,3199,25,373,-0.8079544761368544,1.4592417061611385,60,0,0,-5.9746560603302665,2.06
2020-09-02,223953,1282422,2506,21,129,-0.6246771481090067,1.8426160337552733,54,6,10,-3.5335601776665526,-0.357142857142857
2020-09-03,217246,1243421,2401,20,160,0.11950291018618753,2.151034482758621,0,0,0,,
2020-09-04,207839,1182205,1234,3,37,-0.08539390206579041,2.3967479674796732,0,0,0,,
2020-09-05,132836,762239,1523,4,108,-0.1538374300000551,1.9711462450592885,4,0,0,-1.84696569920845,8.0
2020-09-06,123576,712015,2283,77,216,-0.9587919344859568,1.0422110552763821,10,0,10,-11.8895966029724,-9.0
2020-09-07,174243,1022351,2257,38,204,-0.6374023798336097,0.6643564356435646,36,0,16,-2.841403399426075,0.7916666666666665
2020-09-08,206783,1193647,2338,25,218,-0.645164844071035,1.1953091684434962,0,0,0,,
2020-09-09,222133,1267888,2289,68,190,-0.050569028529189486,1.4777528089887637,20,0,0,3.903589599775655,6.2
2020-09-10,221129,1273311,2228,38,221,-0.8668673083748994,0.7933862433862434,30,10,0,-6.770833333333332,0.2499999999999999
2020-09-11,215512,1226951,1760,35,161,-1.1219499889866114,1.9349397590361452,0,0,0,,
2020-09-12,147360,833596,1615,40,170,-0.24457348558984504,1.0600000000000005,10,0,0,-1.994301994302,2.3499999999999996
2020-09-13,126620,724286,2077,79,168,-0.7236130106579878,1.1560606060606065,29,0,7,-11.0132158590309,-1.2166666666666668
2020-09-14,203042,1159040,2589,14,208,0.06374698222529163,2.046296296296295,18,0,18,-17.0,-9.0
2020-09-15,225348,1281152,2865,27,169,0.10260866468886021,2.568233082706765,10,0,0,-1.994301994302,2.3499999999999996
2020-09-16,224057,1277625,2412,22,215,0.830954905962189,1.8806640625000004,12,0,0,2.6318095388309097,4.0
2020-09-17,217433,1251110,2633,41,270,-0.38972196353271515,1.6670682730923692,70,0,0,-1.9145650296872525,3.2368421052631575
2020-09-18,202181,1161870,1818,24,154,-1.224506086098888,1.306111111111111,0,0,0,,
2020-09-19,137067,780166,1149,7,83,-1.1945717527081234,1.4920833333333345,20,0,20,2.15419501133787,-10.0
2020-09-20,121308,699092,1548,5,75,-0.07369470021020268,2.218508287292819,0,0,0,,
2020-09-21,195745,1143247,2689,65,195,0.4284054207602974,2.380970149253731,0,0,0,,
2020-09-22,212684,1231680,2230,58,236,0.26352065827615256,1.8183006535947719,30,0,0,-0.71501532175689,1.675
2020-09-23,226917,1302601,3515,32,218,0.543192404057885,1.9082851637764948,37,0,0,-9.87326229004953,-1.0000000000000002
2020-09-24,214255,1228966,2483,34,189,0.2160666854900759,1.6113289760348575,10,0,2,-0.684617197995985,-2.8000000000000003
2020-09-25,191976,1104681,1885,42,174,0.46923517363583334,2.1087671232876724,50,0,0,-3.2923848103324858,2.558333333333333
2020-09-26,115325,663997,1228,34,141,1.11225891726539,1.4016260162601621,10,0,0,-2.0,2.3499999999999996
2020-09-27,131066,746959,1789,15,222,0.26663826689934467,1.118181818181818,20,0,0,-8.41584158415841,2.3499999999999996
2020-09-28,184609,1061471,1934,18,148,-0.32667092171151757,1.6829670329670323,20,0,0,-1.55763239875389,2.3499999999999996
2020-09-29,206393,1173279,2270,0,116,0.06273491205002135,2.3541573033707888,10,0,0,-4.52616690240453,2.8
2020-09-30,204273,1159415,1897,20,159,-0.08931648224261686,1.6880778588807799,16,0,8,-4.437984496124034,-1.7666666666666666
2020-10-01,214985,1221395,1641,19,164,-0.6707037412068174,0.8949494949494947,10,0,10,-4.02684563758389,-5.0
2020-10-02,190805,1068846,1397,7,174,-1.0853309504600692,1.129718875502008,22,0,10,-6.43564356435644,-1.228571428571429
2020-10-03,105736,601019,1179,4,120,0.859339282637719,1.3326923076923072,10,0,0,-5.60131795716639,0.0
2020-10-04,99786,572573,1445,15,115,0.5479391114558972,1.921232876712329,30,0,0,-9.57746478873236,3.8999999999999995
2020-10-05,161057,930522,1681,20,78,1.215197728170686,2.4618012422360245,182,0,0,-2.874655277959915,2.89047619047619
2020-10-06,180601,1044293,1978,18,176,0.07022354912067175,1.3400576368876083,49,0,0,-2.2105642048299,3.1999999999999997
2020-10-07,176566,1022356,2335,28,254,0.07242430307101322,1.3184269662921348,36,0,0,4.719139043047845,2.6333333333333333
2020-10-08,183688,1048739,1477,20,184,-0.47148217697630324,0.952650176678446,25,0,0,-8.532162923534253,2.4999999999999996
2020-10-09,118149,654729,788,28,62,-1.372051519526132,0.7253424657534244,0,0,0,,
2020-10-10,140979,806682,1327,10,90,-0.4460598063405457,2.060079051383399,0,0,0,,
2020-10-11,115081,662901,1444,20,141,0.19285010410075024,1.032432432432432,15,0,0,-9.91735537190085,2.3499999999999996
2020-10-12,153132,879713,1912,24,179,-0.2806028485281904,1.5726256983240223,49,0,6,1.6734135793037666,0.35833333333333306
2020-10-13,155618,916148,1614,14,149,0.49496065470268985,1.8962068965517247,56,0,0,-6.8020609478823175,3.8000000000000003
2020-10-14,167445,973334,1808,50,166,0.5253876547612595,2.3230031948881793,14,0,4,-2.174454828660432,-6.0
2020-10-15,147881,866897,1698,15,81,-0.4340009999928194,1.8163043478260885,62,0,0,-8.029351399989036,2.566666666666667
2020-10-16,72117,427751,559,10,45,-0.10431285260841298,1.0761904761904764,23,0,0,1.20023522493384,4.5
2020-10-17,109136,633765,1063,50,122,-1.123789142323689,0.9913265306122451,53,0,20,-10.180494576056251,-1.6250000000000002
2020-10-18,109719,625936,1467,13,190,-0.012068529211883837,1.0274021352313172,34,0,18,-10.2150537634409,-4.166666666666666
2020-10-19,138941,811457,1530,22,142,0.8050393450956888,1.5861423220973787,128,0,61,-10.715651034141366,-3.116666666666667
2020-10-20,145738,849919,1683,30,135,0.7491693562612965,1.948318042813456,86,6,10,-4.1637142870108494,-0.7636363636363634
2020-10-21,149500,878051,1678,12,163,0.6294908464328255,1.6625418060200658,0,0,0,,
2020-10-22,130002,775594,1270,4,77,0.12072655935095111,1.83010752688172,10,0,0,5.3030303030303,3.0
2020-10-23,94386,529558,920,15,47,-0.574960889498305,2.5363095238095235,0,0,0,,
2020-10-24,72940,412995,928,5,114,-0.6166837652634191,1.5462686567164186,1,0,0,3.6046511627907,0.0
2020-10-25,91909,519623,1085,0,107,1.5785601066902548,1.9825870646766166,0,0,0,,
2020-10-26,129274,743599,1452,7,86,0.5647511774981441,1.782083333333333,8,0,0,-7.40203193033381,-0.4
2020-10-27,128130,749412,1783,4,131,0.6987016496941547,1.465875370919882,8,0,0,-7.17092337917485,-0.4
2020-10-28,144579,836533,1421,13,148,0.10062386065063238,1.4460431654676256,0,0,0,,
2020-10-29,107570,633343,779,10,96,-1.5155279748060977,1.1467065868263475,0,0,0,,
2020-10-30,69180,408570,541,0,35,0.1997572045511502,1.8632075471698109,0,0,0,,
2020-10-31,48491,280554,528,0,38,0.437237268062509,1.7423076923076923,0,0,0,,
2020-11-01,67768,387713,1111,16,105,-0.52369074109978,1.4511415525114155,0,0,0,,
2020-11-02,121164,692003,1606,37,180,-0.0599221403383714,0.6657718120805369,24,0,16,-8.92857142857143,-8.083333333333334
2020-11-03,93901,550550,1232,0,126,1.3949431170053868,1.4119815668202762,0,0,0,,
2020-11-04,128421,711096,1286,9,36,0.25387285260115544,2.491701244813277,0,0,0,,
2020-11-05,95695,551226,1169,20,43,0.4149425291991313,2.33212669683258,18,6,0,-0.24793388429752,-0.8500000000000001
2020-11-06,46572,271747,413,10,70,0.6431689111883928,1.4027027027027026,0,0,0,,
2020-11-07,31466,179633,264,7,28,0.8259666277012592,0.5694915254237288,0,0,0,,
2020-11-08,51737,283122,640,0,40,0.6649826630466348,1.7983606557377043,0,0,0,,
2020-11-09,112271,639375,1665,7,145,0.5653841250848495,1.5311111111111106,15,0,0,-3.1865807940017348,-0.8000000000000002
2020-11-10,109805,614769,1211,12,77,0.5190384050880699,1.7726415094339625,5,0,0,0.0,3.0
2020-11-11,104321,601762,1739,10,126,0.5834166089161688,1.9577319587628863,7,0,0,-4.03726708074534,0.4
2020-11-12,92790,533607,1384,30,91,0.34427963577189136,1.1069958847736616,0,0,0,,
2020-11-13,30209,181813,314,0,62,-0.8403128405179029,0.825,0,0,0,,
2020-11-14,21899,121156,208,0,10,0.28633703127841703,1.9924999999999997,0,0,0,,
2020-11-15,36510,209752,675,10,33,0.5912039870740011,1.9401785714285715,26,0,0,-7.232713995409968,0.957142857142857
2020-11-16,90777,536376,1217,9,115,0.5360483379336681,1.7025104602510475,117,12,26,-6.156619176738154,-1.6733333333333333
2020-11-17,91452,537827,1242,20,27,0.9363763901693436,2.801149425287358,45,0,20,-6.506935385557626,-1.5888888888888886
2020-11-18,226125,1296718,2240,20,143,0.2617721718230439,1.8173366834170859,87,10,34,-4.793107680321696,-5.070833333333332
2020-11-19,223592,1288849,2249,27,176,0.6552631543785179,1.6394666666666675,57,6,2,-1.9036196020729559,-0.6875
2020-11-20,202905,1174158,1450,14,119,0.24031266783978023,1.611552346570397,42,0,2,-4.231817483037219,-3.1777777777777776
2020-11-21,136894,792302,1413,0,80,0.9288956424084014,1.845283018867924,0,0,0,,
2020-11-22,118866,694415,1923,37,167,-0.5042280947646324,1.7336870026525215,2,0,0,-4.05117270788913,3.4
2020-11-23,182004,1063816,2740,25,181,-0.10378141663146706,1.6188644688644687,15,0,0,-7.811080835604,0.33999999999999997
2020-11-24,203130,1179706,2211,4,150,1.6686613793158338,1.919909502262445,23,0,8,-6.538553783427265,0.2499999999999999
2020-11-25,199404,1163857,2132,59,168,0.9412751923037102,1.4291237113402069,41,0,7,-2.6555110592625137,2.142857142857143
2020-11-26,177963,1062743,2001,10,120,1.0012303199144075,2.4157766990291276,0,0,0,,
2020-11-27,166657,997052,1310,0,161,0.6655583210804499,1.6415322580645166,0,0,0,,
2020-11-28,124118,731884,1385,2,171,-0.2915231467299913,0.880694980694981,0,0,0,,
2020-11-29,114109,674445,1713,20,57,1.9779819602849622,2.2940298507462673,0,0,0,,
2020-11-30,179310,1053667,2627,17,189,0.8636873567098473,1.79447983014862,0,0,0,,
2020-12-01,194369,1143370,1949,41,77,1.3972749881625548,1.6026178010471206,20,0,18,-0.709115343629846,-6.8
2020-12-02,196621,1165393,1684,8,97,1.7513213113573045,1.8091666666666661,11,2,0,-1.5347974483494449,3.6499999999999995
2020-12-03,197283,1172883,1238,17,70,0.2535592497896837,1.7147321428571434,53,0,1,-1.6119363218544,0.6538461538461537
2020-12-04,186439,1107730,1428,38,141,-0.5521049158835305,0.7615107913669066,0,0,0,,
2020-12-05,124698,734184,1140,32,112,0.7614797369560402,1.3746724890829691,10,0,0,-5.87570621468926,7.0
2020-12-06,111946,672405,1839,24,180,1.2397191025328196,1.7733333333333325,0,0,0,,
2020-12-07,178349,1047854,2423,34,243,0.21614337023180855,1.3068736141906876,1,1,0,-1.875,-4.4
2020-12-08,198634,1161275,2243,27,181,0.9162635900382292,1.7887614678899086,0,0,0,,
2020-12-09,200630,1189963,2777,29,173,1.1429148551603898,1.990891472868217,37,0,10,-0.8731682676837473,-0.5
2020-12-10,204621,1200327,2103,31,188,1.253899757888886,1.3523573200992556,29,0,5,-2.077911465493492,0.775
2020-12-11,192133,1118327,1227,60,127,0.38587563907188027,1.0118143459915614,3,0,0,-7.69230769230769,3.5
2020-12-12,131737,770949,1377,11,100,-0.3066172404647097,1.2307971014492751,23,0,5,-5.87570621468926,3.09
2020-12-13,116864,689853,1848,37,152,0.9965143690093483,1.6230547550432266,46,10,0,-6.460335947789509,2.1625
2020-12-14,178600,1050561,2123,28,140,0.6337527848833314,1.8446043165467625,28,0,0,-2.90404040404041,-2.7755575615628914E-17
2020-12-15,200505,1177904,2193,24,166,0.6009373903520244,1.6295399515738498,0,0,0,,
2020-12-16,198284,1168365,2385,55,244,0.6553479277685972,1.188484848484849,35,0,0,-1.5826254124126433,-3.844444444444444
2020-12-17,195340,1160044,2291,29,102,1.550750862534888,2.0373101952277644,208,2,31,-3.9511575462384045,0.4015384615384614
2020-12-18,181772,1079425,1824,10,83,1.5253746501061978,2.1274752475247527,0,0,0,,
2020-12-19,120572,711699,1260,10,56,1.3315022827928502,1.8391791044776118,0,0,0,,
2020-12-20,110354,661247,1616,10,116,1.3221716216083716,1.7374581939799332,20,0,0,-8.90052356020943,2.3499999999999996
2020-12-21,174440,1036005,1987,15,164,0.4030690230243146,1.2654040404040403,0,0,0,,
2020-12-22,184151,1087313,2240,20,156,0.6378866616020455,1.5278959810874713,0,0,0,,
2020-12-23,184377,1079059,3059,84,259,0.06863111203723005,1.382868525896415,40,0,0,-3.25484764542936,2.3499999999999996
2020-12-24,153775,907135,1754,9,144,0.5001664932494909,0.7873949579831937,33,0,5,-0.9845488967252547,1.5090909090909097
2020-12-25,100290,606958,1016,6,94,0.3644408784242297,1.7745098039215683,0,0,0,,
2020-12-26,91543,552398,1149,10,89,1.0415218465830174,1.495945945945946,0,0,0,,
2020-12-27,95945,573319,1470,0,88,1.3134060700934302,1.709701492537313,0,0,0,,
2020-12-28,138141,832265,1950,5,150,0.028918375998293833,1.2330645161290323,10,0,0,-4.44444444444444,3.0
2020-12-29,155568,931709,2448,46,271,-0.3518504576149213,1.1035785288270368,38,8,0,-5.956957009839528,-3.08
2020-12-30,163207,975942,2235,18,141,0.30138536591016274,1.3160550458715599,2,0,0,-1.35236664162284,4.0
2020-12-31,145236,850868,1698,12,140,0.11867134890739842,1.1887850467289733,0,0,0,,
2021-01-01,102467,601819,1413,2,131,0.4847073896484027,1.441132075471698,37,0,0,-0.41695253059834325,2.283333333333333
2021-01-02,94519,561650,1311,56,152,-0.04064381899223113,0.6716911764705884,0,0,0,,
2021-01-03,100887,589627,1669,24,184,0.40292014356202177,1.434482758620689,30,0,0,0.35087719298246,3.071428571428571
2021-01-04,160360,938677,3129,71,442,-0.9809937774053126,0.8433734939759039,0,0,0,,
2021-01-05,183591,1050801,2755,24,295,-1.1007459544549463,0.9588946459412784,14,2,12,1.03181427343078,-8.733333333333333
2021-01-06,186210,1064284,2336,79,180,-0.7660270218210699,1.1474613686534205,0,0,0,,
2021-01-07,201518,1129803,1904,6,128,-0.07971507080037687,1.7280453257790356,0,0,0,,
2021-01-08,185422,1052453,1343,63,99,-0.5871116671252283,1.6017543859649128,0,0,0,,
2021-01-09,122714,716872,1294,8,93,0.4910309016221417,1.3747863247863248,0,0,0,,
2021-01-10,112868,660823,1461,18,106,-0.5368229440726688,1.4727659574468088,10,0,10,-12.639405204461,-9.0
2021-01-11,174366,1018094,2287,59,229,-0.7565140981064236,1.0741293532338314,24,0,0,-4.491462935171549,2.0555555555555554
2021-01-12,195251,1138390,2277,27,155,0.4993781752292096,1.978238341968912,4,0,0,-1.93776173672494,3.4
2021-01-13,200634,1168095,2517,40,189,-0.2646274555309523,1.123076923076924,0,0,0,,
2021-01-14,193599,1131817,2188,49,253,-0.3509243823558109,1.1855421686746985,17,0,0,-4.588792061573691,1.0400000000000003
2021-01-15,186281,1087677,1566,36,98,-0.8815732812218995,1.3683636363636351,0,0,0,,
2021-01-16,123140,724389,1676,102,184,-0.7906152512688832,0.41554770318021267,20,0,10,-6.08974358974359,-7.5
2021-01-17,115448,673309,2337,61,208,-0.18442229889434647,1.2659523809523794,16,0,0,0.46403712296984,1.0
2021-01-18,170786,998108,2559,63,234,0.021999359958321918,1.2018518518518517,0,0,0,,
2021-01-19,191937,1112597,2463,68,210,0.39047824240340434,1.4447136563876637,20,10,0,-1.26686146579674,-0.8000000000000003
2021-01-20,204225,1145249,2134,70,199,-0.23756268461585872,1.0085333333333333,44,0,10,-3.807806472122689,1.2357142857142858
2021-01-21,199093,1147731,2280,37,149,0.017337689958008995,1.4260127931769722,10,0,0,1.14942528735632,2.8
2021-01-22,185430,1094305,1647,17,183,-0.4376011377536555,1.2032490974729244,10,0,10,0.0,-10.0
2021-01-23,126018,736234,1399,31,121,-0.21999801196969848,1.4806122448979586,36,0,0,-2.136134777506025,2.6375
2021-01-24,114900,676788,1925,22,186,1.2793745128259042,1.4833746898263032,0,0,0,,
2021-01-25,180387,1067883,2024,1,136,1.1380214876414092,1.8282776349614391,24,0,0,-5.30315758980301,-0.16000000000000014
2021-01-26,198015,1172835,2597,74,169,0.48633732028254395,1.723290598290598,20,0,10,-9.241430211579495,-6.0
2021-01-27,204647,1202971,2256,59,166,-0.5481444813418941,1.2199124726477022,0,0,0,,
2021-01-28,200969,1189222,2186,42,182,-0.5484353081261424,1.1833333333333327,32,0,10,-2.10223602545065,4.0
2021-01-29,188590,1116379,2143,9,186,-1.1420158842200787,1.0049504950495052,50,0,10,-4.740808929290601,2.9571428571428577
2021-01-30,126154,745408,1898,15,228,0.23359348170958638,0.8412742382271469,30,0,20,-1.4176065162907265,-5.533333333333333
2021-01-31,112251,670402,2265,20,173,0.6123903027188771,1.8032098765432112,21,2,0,-3.896449895045465,-0.95
2021-02-01,180869,1083549,2626,30,283,0.1951745179386588,1.3875776397515525,10,0,0,-4.10094637223975,2.8
2021-02-02,197239,1167291,2750,28,296,-0.07926245570798533,1.2491295938104452,30,0,6,-6.15835777126099,-1.2
2021-02-03,203645,1201735,2378,44,259,0.20334248380792697,1.091304347826087,0,0,0,,
2021-02-04,203659,1193580,1869,12,175,-0.7201473296544494,1.0983379501385044,0,0,0,,
2021-02-05,193641,1125987,1497,10,191,-0.7998985762456698,1.4929824561403504,30,0,0,-0.37453183520599,1.6833333333333331
2021-02-06,126493,739721,1357,29,123,-0.004106257201395458,0.9018867924528303,22,0,0,-2.68389662027833,0.2333333333333334
2021-02-07,113778,672720,2160,0,234,0.9607510473981273,1.5596638655462176,41,0,30,-3.4175566440127,-4.6
2021-02-08,174349,1038008,2248,35,230,-0.3306330315303467,1.0612658227848104,61,4,18,-4.18544752092723,-0.16000000000000006
2021-02-09,196454,1159752,2736,20,185,0.42976148429152067,1.5656565656565666,22,0,2,-3.30374579835878,-0.5999999999999996
2021-02-10,199037,1176148,2872,32,260,0.4494656105483917,1.6507462686567171,70,0,30,-1.7092750038837947,1.3333333333333333
2021-02-11,194304,1152676,1633,33,176,0.1251718204342085,0.9952076677316306,31,0,9,-7.097445382036756,-2.46
2021-02-12,179509,1063642,1437,20,194,-1.5036496595546207,0.3565217391304347,80,0,0,-1.866484375615578,4.3545454545454545
2021-02-13,125523,736393,2004,0,116,0.38569366933988913,1.878025477707006,20,0,0,4.25531914893617,5.2
2021-02-14,114890,680457,1859,5,123,0.31716491198429164,1.8744186046511633,46,0,4,-0.5713133292838536,3.366666666666667
2021-02-15,164466,979101,2622,43,180,0.0598676242405598,1.4757446808510633,48,4,34,-5.816971234973246,-7.428571428571429
2021-02-16,187214,1103051,3793,60,407,-0.4798176545153638,1.06306990881459,66,0,20,-2.968084472668485,-0.7
2021-02-17,197412,1167924,4305,75,467,-0.9671426477587199,1.1751101321585904,0,0,0,,
2021-02-18,195233,1156861,2495,30,257,-0.4291452381560682,1.1973273942093563,41,0,0,-1.6838577739800578,4.666666666666667
2021-02-19,192689,1129965,2334,15,207,-0.5475912491295951,1.1544364508393294,10,0,0,-3.8094075804595713,0.5714285714285716
2021-02-20,129732,770533,2028,47,207,-0.43687597281583546,1.1360613810741693,3,0,3,-1.76036342986939,-9.75
2021-02-21,114185,677280,1862,19,141,0.007774785942098905,1.5044568245125345,0,0,0,,
2021-02-22,177186,1058577,2555,0,196,-0.7884927312284473,1.7015533980582536,23,0,3,-0.5642784710312978,-1.288888888888889
2021-02-23,199673,1177905,2284,0,213,0.13759559088532747,1.5730941704035863,38,8,0,1.041187151552345,-0.3500000000000001
2021-02-24,204590,1203622,2253,29,116,0.8434321113948227,1.9203233256351009,2,0,0,1.51515151515152,3.4
2021-02-25,200685,1192532,2502,18,300,-0.2781993523763089,1.2893203883495148,0,0,0,,
2021-02-26,204620,1191806,1864,12,203,-1.7640659713481122,0.5682539682539685,20,0,0,-7.35942950954238,1.3
2021-02-27,134071,774319,1812,74,171,-2.192282399008701,0.03076923076923066,10,0,0,-7.82608695652174,-0.4
2021-02-28,116211,689037,2510,127,365,-2.859993055123036,-0.16968503937007906,0,0,0,,
2021-03-01,180280,1065775,3854,83,433,-1.8347253271094681,0.4146529562982,0,0,0,,
2021-03-02,202761,1190537,2518,65,282,-1.6220760998277939,0.6272015655577299,20,0,0,-3.21243523316063,8.65
2021-03-03,206506,1221036,2469,23,147,-0.07207169226699861,1.7660508083140873,20,0,0,-2.94188570050639,3.5
2021-03-04,199312,1174243,2289,45,249,-1.5791207160604857,0.3396061269146612,162,0,11,-8.33431639522994,2.1043478260869564
2021-03-05,187741,1108929,1644,58,193,-0.2716908203886339,0.8043624161073826,61,0,0,-7.410175030770478,2.471428571428572
2021-03-06,129060,755005,1269,14,89,0.29651518450272807,1.1123076923076929,30,0,0,-6.337242891121507,3.766666666666667
2021-03-07,114581,678178,2185,54,165,-0.2404498733959759,1.3864864864864872,0,0,0,,
2021-03-08,171329,1018678,2464,27,133,0.12989479247680857,1.338394793926248,26,0,20,-1.7478299635486265,-5.733333333333333
2021-03-09,192740,1136261,1943,22,149,0.5626969913857782,1.5739130434782607,0,0,0,,
2021-03-10,202126,1187448,2323,10,165,0.3436414927792707,1.8249388753056235,55,0,38,0.580211197471255,-3.975
2021-03-11,200667,1176727,2011,54,226,0.15851786559546854,1.2554999999999994,24,0,10,-2.9412634178386767,-2.9666666666666663
2021-03-12,187993,1116583,1700,9,220,-1.2296390026117838,0.7478510028653298,46,8,28,-4.6410329706457,-6.366666666666667
2021-03-13,123743,736508,1446,20,157,-0.9351360725362062,1.2613559322033898,10,0,0,-9.16905444126074,-2.0
2021-03-14,111771,674874,1907,10,197,-0.49001901443936147,1.1187319884726226,62,0,30,-2.4340263575007675,-2.9125
2021-03-15,183198,1089478,2179,48,256,-1.0556933380326512,0.8167525773195884,9,0,9,-2.6688103382051835,-9.833333333333334
2021-03-16,202071,1190245,1968,2,147,0.6735118041675765,1.6700854700854713,20,0,0,-3.07692307692308,1.7333333333333336
2021-03-17,204947,1203237,1707,28,103,1.1692274911269671,1.7980519480519486,20,0,10,-6.886628823714945,-3.6000000000000005
2021-03-18,207993,1204194,1308,10,74,0.324280612723014,1.7201646090534979,3,0,3,-6.09756097560975,-5.0
2021-03-19,197800,1136497,1102,1,67,0.2556792722014092,1.8299595141700407,7,0,3,-4.472474993227852,-2.0
2021-03-20,126070,739614,1062,6,46,0.6690255760274756,2.142380952380952,11,0,11,-5.77281763122847,-5.0
2021-03-21,112908,669048,1779,35,130,0.23924493779696232,1.4310344827586192,0,0,0,,
2021-03-22,181284,1075789,2298,21,190,0.6694985780650782,1.732432432432432,9,0,1,-0.72234762979684,-1.0
2021-03-23,202607,1185589,2145,11,177,1.1326178606543822,2.074870466321243,0,0,0,,
2021-03-24,204655,1205068,2560,28,78,0.9630628565322077,1.9741747572815533,52,0,46,-9.024610227685743,-7.9714285714285715
2021-03-25,204153,1199196,1886,0,125,0.7457946663072272,1.5885714285714276,30,0,10,-2.2538983454350703,3.6500000000000004
2021-03-26,197179,1157404,1242,2,155,-1.0839503776951114,0.4343396226415094,42,0,42,-4.929595008412573,-10.0
2021-03-27,127101,751416,1061,0,94,-0.7634388461534831,1.4253164556962021,26,0,26,-5.741876700374725,-10.0
2021-03-28,112331,669034,1605,12,117,0.6814353696026246,1.6702970297029671,35,8,14,-3.7024872878119672,-1.9000000000000004
2021-03-29,170850,1021857,2054,46,234,0.5214842305433552,1.5463007159904532,23,0,0,-1.9676258771476778,2.708333333333333
2021-03-30,195210,1156442,2171,20,228,0.9973423249588512,1.887096774193548,0,0,0,,
2021-03-31,199464,1185522,1874,15,133,0.9118654408778171,1.8386503067484667,42,0,0,-2.3610794875789454,4.907692307692308
2021-04-01,188003,1103898,1692,16,145,0.2651878207254805,1.4136904761904756,101,0,10,-2.811916266273228,2.7047619047619054
2021-04-02,165804,957070,1008,15,116,-0.07240947009956633,1.3378640776699031,17,0,1,-3.6794050069111575,0.94
2021-04-03,109258,643760,1133,24,138,-0.6089337996982209,0.9089743589743595,7,0,1,-7.350852272727275,-1.299999999999999
2021-04-04,102071,602583,2225,66,255,-0.08516023430081693,1.2050000000000003,0,0,0,,
2021-04-05,151998,895398,3807,108,691,-0.24087075242402325,0.9252365930599382,42,3,16,-6.570608244291058,1.1500000000000001
2021-04-06,187863,1108059,3368,32,826,-0.8622271311668905,0.2935374149659864,10,0,0,1.3978494623656,7.0
2021-04-07,196509,1151495,3929,18,774,-0.4070578173930056,0.7755614266842784,30,0,10,-4.947338986080154,-4.0
2021-04-08,198423,1166478,2182,42,242,-0.3507632918445416,1.2094036697247708,10,0,0,-4.45304937076476,0.0
2021-04-09,192984,1130762,1968,2,266,-0.4675140042705781,2.281792717086836,26,0,0,-4.411496559128436,2.26
2021-04-10,124101,735954,1614,14,204,0.32213068204214235,1.1550185873605945,60,0,10,-7.310766436140012,1.525
2021-04-11,114489,677103,2028,10,150,0.7224866927222591,1.9895013123359604,60,10,28,-4.333864296277136,-3.8428571428571425
2021-04-12,180839,1060314,2531,25,211,0.6824245062471859,1.9786324786324792,185,14,42,-7.887200300269791,-1.0542857142857143
2021-04-13,197562,1154160,2921,62,362,-0.7989715735984662,0.9009107468123858,96,0,20,-5.077304393660963,0.6956521739130435
2021-04-14,205602,1204039,2381,34,280,-0.41196491524882184,0.9484090909090913,26,8,12,-3.7216476412471318,-6.771428571428571
2021-04-15,208536,1209279,2035,0,180,-0.6451360768845307,1.4677419354838697,56,0,0,-7.654398616847025,2.4857142857142853
2021-04-16,190448,1108542,1524,17,186,-0.26763456457072937,0.9806324110671933,40,0,20,-6.120990891756675,-2.5
2021-04-17,124007,726949,1468,10,148,0.39033407587935387,1.94782608695652,20,0,0,-5.44794188861985,7.0
2021-04-18,116937,677518,1975,0,92,1.58740988216751,2.3850543478260886,13,0,13,-4.99071307437616,-8.75
2021-04-19,181072,1054604,2340,29,162,-0.2754369900215945,2.234639175257731,98,0,0,-1.312968035456127,3.49375
2021-04-20,199529,1163030,2814,47,254,0.014326805740410009,1.3011605415860732,63,0,5,-2.68436973733111,1.9749999999999996
2021-04-21,204438,1187906,2690,44,236,0.3021799996487904,1.376923076923077,32,0,26,-7.47330960854092,-3.0
2021-04-22,208414,1206853,2650,24,367,-0.5674637817635413,1.033398821218074,20,0,20,-6.58578856152513,-10.0
2021-04-23,190854,1108376,1420,7,192,-0.7976719100502434,0.45465116279069795,0,0,0,,
2021-04-24,128380,750069,1054,6,74,0.47293751643077053,1.4680365296803652,0,0,0,,
2021-04-25,114338,666985,1654,20,90,0.7713828702604688,2.191666666666669,0,0,0,,
2021-04-26,183633,1071871,2097,16,185,0.11350068680376024,1.5451025056947598,62,0,10,-2.947113992818136,-1.13
2021-04-27,199135,1163701,2110,16,144,-0.28184607219284885,1.2289276807980052,12,0,12,-1.2395764521162995,-10.0
2021-04-28,202356,1181183,1966,37,200,0.05282447028134149,1.5026162790697677,30,0,10,-8.494309167413954,0.0
2021-04-29,193052,1136968,2152,10,175,-0.3493579692124428,1.7223809523809535,102,0,102,-2.1802689855074497,-10.0
2021-04-30,179167,1047867,1077,0,65,0.07032706083217374,2.166666666666668,0,0,0,,
2021-05-01,116960,696294,1152,10,66,1.3197660492384253,2.122268907563025,0,0,0,,
2021-05-02,106382,629755,1803,18,105,0.8813459819074903,2.0316993464052286,33,1,0,-2.627346449054617,1.96
2021-05-03,160260,936385,1588,10,79,1.590372643651995,2.2942084942084944,0,0,0,,
2021-05-04,177354,1036318,1855,16,124,1.6039975909046658,2.2184049079754597,38,0,0,-1.3393157293172426,3.9375
2021-05-05,195276,1133977,2452,38,288,0.6927331614961405,1.2240196078431382,28,0,0,-1.2264255807921733,7.8
2021-05-06,195547,1146639,1917,20,140,1.1569875119970736,1.7179012345679014,0,0,0,,
2021-05-07,181419,1065457,1199,0,92,0.07096225422005897,1.3432900432900434,10,0,0,-4.47761194029851,2.8
2021-05-08,119893,712352,725,3,25,2.0194011916496586,2.5794701986754953,2,0,0,-6.16400660429279,-4.0
2021-05-09,109525,652575,1656,10,204,-0.15039027106416536,1.7937499999999993,56,0,0,-5.436511608437215,2.3499999999999996
2021-05-10,172375,1004417,1889,15,226,-0.28425360233086794,1.185894206549118,52,0,0,-5.606796116504853,3.1249999999999996
2021-05-11,195601,1153152,1836,25,222,0.3353480597362499,1.0807365439093481,41,0,8,-1.3538211718634412,2.7
2021-05-12,205867,1188295,1224,7,92,0.24341777786489494,1.3429223744292236,48,0,7,-4.653217357232216,-2.9111111111111123
2021-05-13,192067,1105031,1136,20,119,0.06411154277991638,0.8399253731343284,0,0,0,,
2021-05-14,183005,1060869,1093,21,228,-0.35305719499940386,-0.0701244813278008,0,0,0,,
2021-05-15,126752,721625,1234,22,162,-1.1406351867075062,-0.0659751037344396,86,0,0,0.024621286878989207,2.944444444444444
2021-05-16,120911,692053,1926,22,134,-1.0837513318377237,1.0430232558139536,8,0,0,7.49185667752443,1.9
2021-05-17,183737,1051920,1969,48,81,0.10809495651417533,1.7201634877384202,51,1,2,-1.528679055750883,-0.32
2021-05-18,201802,1163657,2314,72,270,-0.7166323953066682,0.4738938053097348,0,0,0,,
2021-05-19,214558,1224746,2295,50,251,0.19102983064404755,1.1310502283105028,12,0,3,-7.457019644260736,-0.5142857142857145
2021-05-20,210977,1207038,2244,28,191,0.2739452741791826,1.7022727272727272,46,0,20,-1.1182019417420692,-2.7571428571428576
2021-05-21,191823,1097324,1227,7,107,-1.3888615419901407,1.2015810276679835,0,0,0,,
2021-05-22,122878,709650,1380,20,132,-0.9180481565096332,0.8989247311827953,0,0,0,,
2021-05-23,110476,647190,2058,14,162,0.8284581663404408,1.9766917293233068,0,0,0,,
2021-05-24,182329,1041575,2247,10,305,-0.452831604515328,0.3593264248704659,83,0,0,-2.112615602966761,-1.5062499999999999
2021-05-25,209134,1199051,2284,22,126,1.3461763338564599,2.1109619686800882,79,0,21,-2.8359009888430156,-1.133333333333333
2021-05-26,206177,1189103,1973,16,109,0.7700504102664971,2.197777777777779,199,0,0,-2.401262409981261,-0.6348837209302326
2021-05-27,202818,1174357,1571,23,113,0.8701822531162606,1.805483870967741,193,14,3,-1.822424563148692,-0.09000000000000004
2021-05-28,188164,1101046,1242,34,90,0.2196886244511136,1.6201612903225802,21,0,0,-1.6258284743706612,-0.3000000000000001
2021-05-29,117393,694190,1178,20,69,0.677481948714118,1.3356481481481481,21,0,0,-3.906307884627668,1.48
2021-05-30,110487,636841,1261,39,108,1.2720335140121033,1.2467532467532454,40,0,10,-6.161885009439427,1.8333333333333335
2021-05-31,154469,913186,1997,30,169,0.36042819798528214,2.2296703296703297,6,0,0,-6.34005763688761,-2.0
2021-06-01,179873,1050756,2214,20,238,0.2034000803305076,1.6007537688442208,49,0,0,1.55642023346304,4.75
2021-06-02,190586,1112404,3357,53,446,-0.49618901920333924,1.0416809605488848,5,0,0,-2.019181099599415,-2.0
2021-06-03,189900,1107561,2479,23,367,-0.6517514222813199,0.9816414686825057,0,0,0,,
2021-06-04,181241,1052844,1236,20,109,-0.19724029916447422,1.5820754716981134,20,0,0,-6.80061823802163,-2.0
2021-06-05,113045,671778,892,10,46,1.0787922462212773,1.9134408602150537,10,0,0,-3.04182509505704,-5.0
2021-06-06,110082,641389,1406,21,144,0.046869783569503776,1.7685606060606056,0,0,0,,
2021-06-07,171473,991494,1960,8,147,0.6674267407598462,2.1255434782608695,36,0,0,-2.368836930105988,0.6666666666666666
2021-06-08,190598,1103320,2415,12,185,1.4408753660169198,2.205833333333334,27,0,27,-3.79746835443038,-10.0
2021-06-09,197303,1148278,1981,0,142,0.18335160223757185,2.2027322404371596,3,2,0,-3.4813592540819807,-2.2
2021-06-10,199416,1148330,1662,0,97,0.824472999973815,2.4057057057057056,6,0,6,-5.33453887884267,-10.0
2021-06-11,186389,1067566,1462,0,170,0.30008764833660084,1.0558823529411765,0,0,0,,
2021-06-12,118036,683198,1014,28,39,0.5649667996946084,1.498952879581151,1,0,0,-11.2408759124088,9.0
2021-06-13,112660,642705,1283,6,89,1.1783584041826165,1.6438524590163945,0,0,0,,
2021-06-14,178906,1016479,2580,12,200,0.5028514273679364,2.152834467120184,108,0,10,-5.143410549625105,2.857142857142857
2021-06-15,193747,1112131,2210,14,147,-0.08337306390667143,2.319021739130436,153,0,0,-2.531972336947611,1.2629629629629626
2021-06-16,193676,1112232,1794,12,135,1.0745389468517754,1.9698863636363648,153,0,35,-5.676193461031448,-1.7966666666666669
2021-06-17,188757,1093422,1528,30,51,1.81410015602404,2.5716262975778568,1,0,0,-4.10205102551276,-5.0
2021-06-18,173618,1011027,1045,10,75,-0.47826994626256397,1.0949999999999998,37,0,37,-9.42859115068682,-7.5
2021-06-19,109774,651207,1139,17,100,0.7850349172693115,2.1000000000000005,0,0,0,,
2021-06-20,104765,613790,2109,4,169,0.5303678958452885,2.0002604166666673,0,0,0,,
2021-06-21,167414,980371,2703,32,209,0.4967046383999071,2.024381625441697,0,0,0,,
2021-06-22,184246,1076008,2321,28,129,0.8355505004721024,1.9437647058823544,0,0,0,,
2021-06-23,195895,1145490,2832,5,312,0.36245754086909177,1.614849187935036,0,0,0,,
2021-06-24,197743,1136295,1985,14,144,0.9476060018789788,1.7549549549549535,41,0,0,-3.3113588044954683,0.8285714285714285
2021-06-25,183230,1050586,1239,0,80,-0.8021800494493283,1.7205761316872419,80,10,0,-1.8708501675841158,1.6222222222222222
2021-06-26,116046,679296,1032,3,105,-0.04863450724419524,0.8994444444444447,0,0,0,,
2021-06-27,103585,607343,1445,0,119,0.5908966446143225,1.840304182509505,0,0,0,,
2021-06-28,167419,978395,2167,31,206,1.2351341766373274,2.265375302663439,17,0,0,-1.977468942035445,2.275
2021-06-29,180362,1058768,2684,8,203,0.7134476235784741,1.9211805555555546,10,0,0,-3.17460317460317,-2.0
2021-06-30,184579,1085065,2382,26,142,0.6684454380593553,2.106458797327393,0,0,0,,
2021-07-01,179460,1052250,1721,41,155,-0.4259623654579281,1.6273657289002543,0,0,0,,
2021-07-02,166342,973971,1123,10,117,-0.1990645079768858,1.2397435897435891,0,0,0,,
2021-07-03,107877,636578,1274,6,112,-0.04348125140658079,0.8362068965517236,0,0,0,,
2021-07-04,99230,583409,1819,0,230,-0.5072445264429983,0.6602209944751375,38,0,0,-2.629111623158599,2.755555555555555
2021-07-05,144903,878044,2181,25,254,-0.6068049849833945,1.2246973365617422,10,0,0,-4.41458733205375,0.0
2021-07-06,172357,1019820,2175,26,203,0.7341337904812738,1.125123152709359,0,0,0,,
2021-07-07,186643,1087676,2884,4,376,-0.17666901821683334,0.7806691449814132,0,0,0,,
2021-07-08,187788,1092243,3185,15,352,-1.258935363441358,0.8415360501567424,0,0,0,,
2021-07-09,175380,1014052,1199,0,139,-0.10245138620058203,0.8495726495726494,11,0,1,-2.9968382705604704,3.866666666666667
2021-07-10,112936,659119,1547,10,94,0.5317333771909524,1.6411149825783973,0,0,0,,
2021-07-11,100044,580241,1563,10,116,1.1971264841653397,1.8562499999999995,0,0,0,,
2021-07-12,167798,963989,1544,32,103,0.2539363848825811,1.4085616438356166,16,0,16,-5.38764783180026,-10.0
2021-07-13,186668,1076731,1759,0,158,0.5888554143013307,1.266772151898734,6,0,0,-2.31990231990232,0.0
2021-07-14,193457,1117562,2289,30,121,1.0974834021895765,2.369302325581394,0,0,0,,
2021-07-15,189349,1095013,1803,15,127,1.3714176576062953,1.8497142857142856,82,0,14,-2.5863867790213435,1.237037037037037
2021-07-16,175584,1017503,1043,23,90,0.5307408573944198,1.1124999999999994,10,0,0,3.82165605095541,3.0
2021-07-17,115152,669425,1366,20,139,-0.4854677303486994,1.2126168224299072,0,0,0,,
2021-07-18,103044,600759,1007,17,45,1.0179291697651864,1.5256756756756746,66,0,0,-3.8535139361320527,0.3076923076923079
2021-07-19,163025,946488,946,19,70,-0.26096112400179106,1.5452736318407965,0,0,0,,
2021-07-20,172862,995705,1073,9,110,-0.13666646925709908,0.7460465116279074,0,0,0,,
2021-07-21,173075,1005835,1385,30,104,-1.0802529160234147,1.314126394052044,0,0,0,,
2021-07-22,172502,999953,1956,36,131,-1.3691472765921233,1.2407925407925406,14,0,0,-7.46058396336072,2.56
2021-07-23,158399,924912,1050,0,97,0.24610621636747362,1.9820388349514557,0,0,0,,
2021-07-24,103565,613713,832,0,38,-0.9757287792456363,1.744827586206897,0,0,0,,
2021-07-25,94933,562922,1292,6,93,1.4485730192210202,2.012152777777778,105,0,14,-3.77197958026092,1.6645161290322588
2021-07-26,156579,923948,1352,10,142,-0.24465434132617936,1.323161764705883,0,0,0,,
2021-07-27,169127,987664,1808,0,176,0.16946494721402505,1.2730994152046786,0,0,0,,
2021-07-28,178672,1031803,2065,0,367,-0.6304552296888843,0.943783783783783,10,0,0,-4.47761194029851,2.8
2021-07-29,169730,973041,1593,22,249,-0.6671120975872542,0.5490625000000016,0,0,0,,
2021-07-30,147089,860183,1512,27,303,-2.4049681955403317,-0.10984126984126981,31,0,20,0.3416277069378728,-2.25
2021-07-31,89249,532521,1557,11,210,-2.6265381718234195,0.04451219512195104,0,0,0,,
2021-08-01,88178,514891,2122,41,279,-3.0118944472975526,0.11277641277641291,10,0,10,-2.86831812255541,-5.0
2021-08-02,134912,798159,2009,33,225,-1.5418778310754173,0.012529550827423056,0,0,0,,
2021-08-03,152274,891483,2368,34,324,-1.3252496804341949,0.3196202531645572,8,0,8,-1.44766146993319,-5.0
2021-08-04,160363,932775,3544,95,420,-2.390993817153577,-0.13888888888888906,11,0,8,-0.3317242607167966,-0.5333333333333332
2021-08-05,157941,917828,2524,103,231,-1.744868648571515,0.09134615384615397,0,0,0,,
2021-08-06,144529,843987,1463,42,192,-1.5492503389620444,1.1708737864077663,2,0,0,-3.89937106918239,8.3
2021-08-07,77651,462417,1067,30,111,-1.3955404176604365,0.3041025641025641,0,0,0,,
2021-08-08,76396,447048,1015,25,101,-0.32121293835276726,-0.0116751269035535,0,0,0,,
2021-08-09,130017,766252,1367,8,136,0.643548696339197,0.3966329966329962,0,0,0,,
2021-08-10,144863,834792,2223,26,255,-0.3757256722926332,0.39241379310344726,2,0,0,-4.41767068273093,8.3
2021-08-11,150412,867361,2099,18,98,0.04509046788692275,1.5466321243523322,34,2,0,-0.3631746733128283,-1.916666666666667
2021-08-12,148858,862616,1471,20,70,-0.158718903818076,1.154266211604095,0,0,0,,
2021-08-13,135625,784821,930,8,45,-0.10972440339028662,1.28909090909091,6,0,0,0.0,4.7
2021-08-14,76700,451428,794,0,92,-0.16874073189369104,1.1441717791411046,6,0,0,-0.14064697609001,4.7
2021-08-15,72972,426196,1236,14,127,1.0258625433835062,1.406550218340612,0,0,0,,
2021-08-16,129872,742830,1464,6,123,-0.191734319333798,1.2721874999999994,30,0,0,-2.10556105844064,2.5
2021-08-17,137907,795255,2300,16,80,0.7286947979917537,1.7882222222222222,0,0,0,,
2021-08-18,140747,798488,1836,30,91,0.14448688625011966,2.417711171662124,12,0,0,-0.3850868819021631,-0.16666666666666674
2021-08-19,182430,1037503,1609,8,166,-0.7224616628429359,1.4315634218289084,0,0,0,,
2021-08-20,177579,1014665,1321,0,106,0.07717833030279478,1.6733840304182515,0,0,0,,
2021-08-21,122084,703384,1480,6,87,0.29417653706926145,2.0281045751633995,0,0,0,,
2021-08-22,115831,656770,1905,36,263,0.10302829142177972,1.2688346883468844,6,0,0,0.0,4.7
2021-08-23,174413,993554,2195,31,196,-0.46153349079437644,1.3968674698795187,44,0,18,-3.341955527448471,-2.0428571428571427
2021-08-24,189831,1083951,2318,6,162,-0.18712688411182252,2.0081632653061234,5,0,0,0.39770733419114,-5.0
2021-08-25,195702,1116785,2346,17,310,-0.3808493740496311,1.348259860788863,20,0,0,-1.65137614678899,-2.166666666666667
2021-08-26,189516,1081567,2070,59,162,0.10760927711435953,1.6766304347826093,0,0,0,,
2021-08-27,181728,1045785,1634,19,124,0.9088973148588396,1.8769230769230765,0,0,0,,
2021-08-28,122971,705118,1411,5,62,-0.05255118715002183,2.041533546325879,4,0,0,-2.12290502793296,-5.6
2021-08-29,110019,636014,1808,2,119,0.6579365913267146,2.1596491228070187,0,0,0,,
2021-08-30,163051,945941,2175,51,198,1.2283456259683745,1.923544973544975,10,0,10,-17.0886075949367,-9.0
2021-08-31,184150,1069422,2443,125,120,-0.016545526876880857,1.5230769230769234,0,0,0,,
2021-09-01,188823,1093054,1938,45,139,0.6311047053563025,1.788188976377953,0,0,0,,
2021-09-02,183188,1059820,1733,3,165,1.0933901348299484,1.739520958083833,50,0,0,-2.659791584911396,2.2125
2021-09-03,169056,987772,1403,11,34,1.7840552673011119,1.8615094339622642,14,0,0,-3.48692403486924,6.1
2021-09-04,110257,647576,1114,0,31,1.9671299587621833,2.540552995391705,10,0,0,0.29048656499637,7.0
2021-09-05,104125,613318,1501,23,177,1.358358861342744,1.3159468438538207,10,0,10,-11.4285714285714,-10.0
2021-09-06,147527,872783,1973,10,136,2.0695984464404518,2.153987730061349,18,0,18,-11.8895966029724,-5.0
2021-09-07,172660,1011468,1990,6,191,0.3877741287512211,1.5885204081632653,62,0,12,-6.126103760277254,-0.9555555555555555
2021-09-08,183061,1057056,2197,5,222,1.3688559815106633,1.9382499999999994,0,0,0,,
2021-09-09,184718,1063614,1906,20,113,1.4294368155316008,2.2492447129909356,0,0,0,,
2021-09-10,176289,1020277,1031,27,60,0.4331909096750495,1.6679558011049722,2,0,0,-8.90354492992585,-2.0
2021-09-11,124179,720098,1266,5,38,2.1026891565547836,2.403211009174311,85,0,31,-4.046331307760179,-0.4208333333333334
2021-09-12,108702,633043,1867,10,75,1.315560885996638,2.49567901234568,11,0,6,-5.53459622087073,-1.6666666666666667
2021-09-13,169131,987212,2176,12,155,1.996477056811273,2.291764705882353,2,0,0,-8.83534136546188,-2.0
2021-09-14,185468,1067318,2045,14,63,1.9007433683159962,2.8259587020648964,10,0,10,-6.16113744075829,-9.0
2021-09-15,192765,1109281,1629,26,100,1.607213566071716,1.8061162079510706,104,2,7,-2.457570534094135,0.5476190476190472
2021-09-16,191590,1096326,1729,16,127,1.582348825344372,2.1752717391304364,0,0,0,,
2021-09-17,185367,1049341,1313,0,130,-0.16495324599856395,1.1065217391304343,18,0,8,-4.442848471130011,-3.3666666666666663
2021-09-18,122529,709107,1734,0,86,1.3025584728491406,1.5568421052631582,18,0,8,-5.848785004436028,-5.0
2021-09-19,107460,625345,1590,10,95,1.3878788226397893,2.0767361111111127,0,0,0,,
2021-09-20,174515,1003530,2398,23,174,0.8834322802734946,1.8480932203389833,42,0,0,-0.3262868286601759,0.29999999999999993
2021-09-21,188927,1093467,2440,11,222,1.4668662134330495,2.0259340659340648,28,0,8,0.7172157252414064,0.0
2021-09-22,198990,1139855,2268,8,93,1.7606895814397192,2.8431421446384038,0,0,0,,
2021-09-23,193927,1114703,2070,28,107,1.9065505758358388,1.713554987212276,58,0,58,-2.30010952902519,-10.0
2021-09-24,189899,1086365,1534,30,88,1.0273581164813528,1.9942857142857147,10,0,0,-7.0866141732283,3.4
2021-09-25,141880,801016,1679,1,83,1.240698439938496,2.1425249169435214,11,0,0,-0.40245434341482,1.8666666666666665
2021-09-26,151494,828195,2973,33,121,1.4968923516322057,2.2528375733855186,47,0,2,-1.562308739162898,0.24285714285714283
2021-09-27,208473,1165183,3176,47,267,0.9761819442303754,1.404166666666668,32,0,0,-3.7345536833761295,1.7692307692307692
2021-09-28,212473,1208070,3146,8,127,2.4762195357007797,2.47838827838828,20,0,0,-7.22129650727691,2.266666666666667
2021-09-29,204374,1164369,2640,27,107,1.8781271378949829,2.657019438444924,130,0,7,-3.4859140799375004,2.019047619047619
2021-09-30,202722,1154900,3010,12,223,1.9668809152264548,1.5727099236641213,111,10,16,-5.066585770678623,-2.279166666666667
2021-10-01,183612,1052145,2819,8,99,2.2679888836820927,2.11252268602541,18,0,0,-2.99401197604791,3.0
2021-10-02,123424,709031,2431,42,170,2.247971539140073,1.786480686695279,0,0,0,,
2021-10-03,113662,656644,3392,24,201,1.7995177944700473,1.6022580645161277,0,0,0,,
2021-10-04,168603,973768,2689,36,162,0.6262146762018874,1.5286516853932595,36,0,10,-0.120670053994263,-1.1142857142857143
2021-10-05,191636,1102541,3380,21,244,1.8031273394600615,1.6598802395209575,10,10,0,-8.19277108433735,-7.2
2021-10-06,194284,1114496,3337,21,366,0.4707256107791188,1.112676056338028,60,10,10,-7.252025352521512,1.4461538461538463
2021-10-07,192179,1108404,3159,3,186,1.268914401755305,1.7133633633633627,0,0,0,,
2021-10-08,180106,1040929,1966,10,115,1.2848815787377443,1.9115089514066492,0,0,0,,
2021-10-09,121499,712313,2181,8,50,1.5678069624868478,1.9170842824601368,24,0,0,0.9686563096211466,2.5666666666666664
2021-10-10,108966,633208,2257,3,203,1.4408207634878063,1.244725738396624,39,10,0,-0.045694722114495004,-4.925
2021-10-11,165036,954042,2725,26,185,1.9613697317328187,1.7937022900763353,6,0,0,0.0,4.7
2021-10-12,180085,1050970,2503,42,171,1.9206290724832815,1.9657718120805368,2,0,0,0.0,1.0
2021-10-13,187947,1093585,2755,29,221,1.6967835869296821,1.7581881533101047,1,0,1,-9.72222222222222,-9.2
2021-10-14,189020,1093707,2480,15,168,1.3372358507579127,1.8385796545105555,0,0,0,,
2021-10-15,172757,1014636,1638,0,58,1.3063263256741933,2.1648318042813455,0,0,0,,
2021-10-16,117471,693566,1675,0,94,2.334637028634973,2.6789156626506,0,0,0,,
2021-10-17,106752,624699,1962,0,65,2.6147144253284367,2.5722991689750705,0,0,0,,
2021-10-18,168081,984857,2742,14,204,1.4581344399359804,2.0526217228464443,0,0,0,,
2021-10-19,190964,1102174,2729,4,136,1.621322966874841,2.3444444444444437,32,0,0,-2.47373528972501,6.0
2021-10-20,193851,1115832,2995,30,160,2.5771060755442243,2.7770940170940177,25,0,0,-1.41697844604452,6.666666666666667
2021-10-21,191150,1109257,1956,21,78,0.6696380046663105,2.0955916473317866,10,0,0,-4.70588235294118,3.7
2021-10-22,179427,1037429,1761,18,76,1.672729156673822,2.2507731958762904,0,0,0,,
2021-10-23,117070,677957,2113,20,87,1.0858211611357609,2.365610859728505,56,0,38,-5.567479468292273,-4.430000000000001
2021-10-24,105656,616026,2290,0,50,2.668897210308689,2.713024282560707,0,0,0,,
2021-10-25,168913,992181,2681,11,211,1.3984009730920985,2.0503861003861044,48,0,28,-8.040981394462804,-3.4
2021-10-26,185033,1091001,3263,22,152,1.9727999137832761,2.135798319327733,0,0,0,,
2021-10-27,192088,1122384,2629,40,156,2.1290777171728377,1.7416833667334681,0,0,0,,
2021-10-28,188434,1086793,2538,22,221,2.3458377160769683,2.1028282828282836,0,0,0,,
2021-10-29,181698,1038326,1513,10,110,3.0172755559012567,1.7414383561643845,0,0,0,,
2021-10-30,123513,716633,2113,0,149,1.9373269103777897,1.806855791962174,16,0,0,2.42424242424243,2.4999999999999996
2021-10-31,136677,783755,2856,32,249,1.251583484406396,1.3133720930232555,19,0,2,-3.894846114959964,-0.9699999999999995
2021-11-01,167104,951942,2092,20,108,2.060124657860288,2.089617486338799,0,0,0,,
2021-11-02,178283,1034473,2548,28,100,2.7101728247822696,2.2809523809523826,30,0,8,-2.4817083857979703,0.17777777777777787
2021-11-03,185517,1070121,3937,40,209,1.3896057316010102,1.6625925925925897,0,0,0,,
2021-11-04,178179,1046127,3889,47,247,0.7551517535331294,1.727058823529413,50,0,10,0.1956934008689999,0.8999999999999999
2021-11-05,170874,1000476,1911,20,97,1.185756037261521,1.8567708333333324,40,0,0,-4.65116279069768,2.0999999999999996
2021-11-06,110609,658006,1692,30,51,2.544843768014447,2.0271978021978017,0,0,0,,
2021-11-07,99988,594202,2183,32,108,1.673875228247657,2.019117647058822,0,0,0,,
2021-11-08,173120,1011984,2654,26,164,1.3159209189884176,1.665944881889764,22,0,1,-2.3403464579935127,-0.875
2021-11-09,196033,1121466,3163,45,162,1.9253265283564054,1.9442519685039372,50,0,1,-0.7107071244385372,0.0
2021-11-10,202770,1160363,3317,40,189,0.914445839788423,2.1263665594855325,22,0,1,1.6300551512082126,0.5428571428571428
2021-11-11,198646,1132930,2889,60,214,1.266728069926854,1.7264864864864868,48,2,2,-3.8764496855109463,1.6437499999999998
2021-11-12,182962,1055198,2106,12,91,0.9123607220479564,2.1007832898172323,46,0,0,-2.76008492569003,3.4857142857142858
2021-11-13,118591,696049,2407,45,89,1.5564710624633493,1.955863539445629,0,0,0,,
2021-11-14,108427,643784,4234,45,230,1.1006061273339505,2.0246298788694492,20,0,10,-2.52173913043478,0.33333333333333326
2021-11-15,171784,994625,4394,71,247,1.6087681495741677,2.3802484472049654,18,16,0,-3.1628566722102365,-1.1999999999999997
2021-11-16,191160,1113535,4048,40,214,1.3471191616009701,1.910742705570292,10,0,0,0.0,7.0
2021-11-17,193904,1129788,3339,30,224,1.304364396708815,1.9842507645259946,0,0,0,,
2021-11-18,195269,1118739,2928,19,166,1.814404889263276,2.4706521739130407,52,4,1,-3.9587575175714607,0.4062499999999999
2021-11-19,178735,1045205,2141,12,124,1.7134284413388268,2.2556354916067156,8,0,0,-2.72373540856031,5.0
2021-11-20,113497,673364,1704,14,48,1.8666137933846207,2.457093425605537,2,0,2,-3.82165605095542,-10.0
2021-11-21,105340,625947,2424,12,150,2.3797505363505502,1.9008988764044952,0,0,0,,
2021-11-22,167925,986977,2517,10,157,1.8694075578186045,2.1195329087048838,12,0,0,1.98511166253102,2.3499999999999996
2021-11-23,186166,1082988,3017,15,117,1.3993064856417772,2.008093525179854,10,0,0,-6.75105485232064,-2.0
2021-11-24,182246,1071515,3093,10,104,2.136720609842768,2.5542213883677296,56,0,0,0.6773312180504149,2.3499999999999996
2021-11-25,161680,972666,2849,28,116,2.5775646414101696,3.1990583804143116,36,0,12,-2.21354166666667,-0.44999999999999996
2021-11-26,160627,964799,1956,30,98,1.7638167138062464,2.3884615384615384,7,0,0,-2.60115606936417,0.0
2021-11-27,111873,668781,1867,1,142,0.7921741187092219,1.4361581920903959,2,0,0,-2.72331154684096,3.4
2021-11-28,105294,626300,2628,10,144,2.436236519455453,1.985653104925053,7,0,0,2.219642605881525,4.0
2021-11-29,167731,985999,2670,11,224,2.2642756361507237,1.9059171597633142,99,7,8,-3.7008980688325392,1.5333333333333334
2021-11-30,180830,1056002,2645,20,118,1.1589870164664413,1.9376595744680865,5,0,0,-3.64431486880466,2.8
2021-12-01,185873,1084450,2600,1,138,2.1283619455282397,1.9339731285988484,0,0,0,,
2021-12-02,188331,1095961,2621,21,75,2.5855852273517534,2.3048828125000007,0,0,0,,
2021-12-03,173951,1011671,2067,20,97,1.727380472706253,2.3011848341232195,58,0,0,-2.502059607553512,1.7454545454545456
2021-12-04,120321,702155,1720,14,73,1.711643186124203,2.135523114355231,0,0,0,,
2021-12-05,105234,610833,2419,13,67,2.035122549533558,2.7924778761061932,12,0,12,-6.34920634920633,-9.68
2021-12-06,168171,974332,2902,0,179,1.950321565664613,1.9302411873840435,58,8,0,-4.124842171717176,-1.8125000000000002
2021-12-07,186562,1071029,3134,41,144,2.121066849473646,1.9785349233390108,12,0,0,-4.44938820912125,2.3499999999999996
2021-12-08,189084,1074445,2795,45,137,2.2048506925919558,2.0222429906542088,0,0,0,,
2021-12-09,187308,1074873,2696,1,154,2.353294025741868,2.213861386138615,0,0,0,,
2021-12-10,180869,1044701,1627,0,131,2.109395510659817,1.8328313253012036,0,0,0,,
2021-12-11,117364,684886,1655,4,45,1.8983664708985042,2.5369281045751633,0,0,0,,
2021-12-12,104655,607145,2337,0,43,2.1752956162340356,2.6997830802603033,0,0,0,,
2021-12-13,163272,951376,2980,19,184,2.368008623289515,1.9555369127516788,0,0,0,,
2021-12-14,177114,1033809,3028,12,233,1.7166104011094148,2.0973597359735985,20,0,0,-0.92091007583966,2.3499999999999996
2021-12-15,180832,1061267,2966,11,265,1.3122263202091728,1.7096828046744588,20,0,0,-1.94805194805195,0.5
2021-12-16,177098,1034321,2415,4,152,1.7555957919627456,2.1208430913348923,0,0,0,,
2021-12-17,167981,984948,1583,14,84,1.5818650714090605,2.1713355048859957,10,0,10,-5.58659217877096,-9.2
2021-12-18,108353,643945,1272,20,112,1.627050265980143,1.7626666666666657,0,0,0,,
2021-12-19,101210,601249,2000,10,129,0.8350169906931983,2.028532608695653,0,0,0,,
2021-12-20,147564,877487,2375,34,206,1.7127905419519973,2.093548387096777,0,0,0,,
2021-12-21,162054,959523,2949,45,295,0.6002996237308158,1.1850847457627114,0,0,0,,
2021-12-22,155429,918773,2778,80,185,1.1336996260330667,1.5181297709923662,0,0,0,,
2021-12-23,148014,873384,2464,33,126,1.4024821804214276,1.5403189066059229,4,0,0,-2.81090289608177,5.0
2021-12-24,116306,701936,1411,2,106,0.44011064073043427,1.5738461538461535,0,0,0,,
2021-12-25,74112,454431,1145,10,67,1.1033910265653781,1.9058823529411768,0,0,0,,
2021-12-26,82054,494970,1290,20,88,1.7803912109569386,1.5149779735682822,0,0,0,,
2021-12-27,118320,707122,1792,8,175,0.4741279008920666,1.5440729483282665,25,0,0,-1.728086740078312,1.311111111111111
2021-12-28,131355,790658,1535,30,124,0.7094884285877592,1.4404000000000003,10,0,0,-2.97619047619047,7.4
2021-12-29,135144,802513,2707,54,319,0.29340504991303795,1.2044052863436125,0,0,0,,
2021-12-30,136876,802901,2105,20,258,-0.004139583560771487,1.2782945736434113,8,0,8,-10.2272727272728,-10.0
2021-12-31,112599,668843,1230,10,134,0.7001882066193726,1.2274418604651165,6,0,6,-1.98300283286119,-10.0
2022-01-01,76081,452917,1366,58,171,0.2771878198590006,1.0991189427312777,0,0,0,,
2022-01-02,79923,478427,1226,54,107,0.5139949855225203,1.7403162055335968,46,0,0,-1.102940873520497,3.9999999999999996
2022-01-03,123058,731744,2286,54,198,0.6189747514375229,1.785087719298244,33,0,6,-4.090940293863284,-2.166666666666667
2022-01-04,145101,850647,2116,76,93,1.5245779334379372,1.673192771084338,12,0,0,-4.25925925925926,4.75
2022-01-05,155223,911503,1715,26,137,1.0265609597763905,2.059121621621622,20,0,0,1.90116817025215,0.0
2022-01-06,157301,916778,2143,8,193,0.732037947934592,1.8583959899749374,20,0,0,2.5726699307485363,2.266666666666667
2022-01-07,150684,882623,1946,0,125,0.007909110924633644,1.9958904109589037,18,4,0,-1.405891624706605,0.3299999999999998
2022-01-08,102931,610151,1266,46,158,-0.6007934974307244,1.2154185022026427,20,0,20,-2.75330396475771,-9.6
2022-01-09,95533,570570,1443,3,114,0.9847178079525178,1.3286852589641442,62,0,0,4.25531914893617,6.32
2022-01-10,152728,893001,2327,13,225,1.4651430851503706,1.6385714285714292,70,0,0,2.5891326653972353,3.336842105263157
2022-01-11,167665,978036,2785,34,258,1.3088797898186504,2.1198458574181136,36,0,0,-2.1021021021021,-1.7333333333333334
2022-01-12,169902,995466,2151,51,156,1.6476580880863323,1.7329145728643214,0,0,0,,
2022-01-13,176790,1032248,1845,40,162,0.6411464974762868,1.5895061728395052,0,0,0,,
2022-01-14,166175,965012,1713,30,120,1.7252838752672282,1.6407407407407408,0,0,0,,
2022-01-15,108747,638671,1789,20,69,1.1663521043801521,1.7857575757575757,0,0,0,,
2022-01-16,99035,577468,2457,22,157,1.9337189028823218,1.9516279069767437,0,0,0,,
2022-01-17,152742,888947,3697,58,439,0.9938515705394573,1.2934002869440446,34,0,8,-3.346651081388363,2.1333333333333333
2022-01-18,178909,1030010,3440,86,397,0.33892556514735883,1.2992295839753476,18,0,0,-6.316390506045697,-0.9199999999999999
2022-01-19,187251,1066179,3176,28,392,-0.15206002762564297,1.238063439065108,2,0,1,-4.80693459416863,-5.2
2022-01-20,190479,1077947,3255,23,279,0.0020172441930208507,2.410284810126582,0,0,0,,
2022-01-21,179114,1018373,2227,28,222,0.23813246434079963,1.430092592592593,6,0,0,0.25641025641026,4.7
2022-01-22,119717,692333,1135,10,72,1.1561220267630627,2.045581395348837,0,0,0,,
2022-01-23,108646,632243,1562,10,203,-1.7922008283981943,1.5291044776119411,0,0,0,,
2022-01-24,175848,1024771,2879,95,419,-0.22097805167242401,0.9431519699812387,10,0,0,1.0158013544018,2.3499999999999996
2022-01-25,187155,1079756,2491,60,215,1.7033164586676892,1.8323529411764696,12,7,5,-3.6281179138322,-8.2
2022-01-26,191251,1101338,2933,18,152,1.486958978751849,2.3389830508474594,40,6,10,-2.88307142476601,-1.4499999999999997
2022-01-27,191133,1094213,2637,37,218,1.3240707768697988,2.1361829025844923,20,0,20,-6.11620795107034,-10.0
2022-01-28,178338,1029094,2481,43,155,1.1221536731818098,2.0450901803607207,29,0,8,-4.697055546821378,-2.12
2022-01-29,114162,673088,1202,28,103,0.9686674654061715,1.2210144927536226,0,0,0,,
2022-01-30,103883,606884,2515,10,109,1.9862360869580373,2.2033395176252304,0,0,0,,
2022-01-31,163719,953838,3272,100,336,0.7987469612603464,1.558908045977013,10,0,0,8.18965517241379,3.4
2022-02-01,188921,1075602,2595,65,243,1.0721269593510598,1.6238615664845182,6,0,0,1.26422753645603,1.5666666666666664
2022-02-02,189998,1088038,3226,64,212,0.3695023846951957,1.7392226148409884,18,0,8,-1.00984642269046,-1.0
2022-02-03,193948,1099286,2833,42,251,1.1019495290707804,1.5767657992565036,0,0,0,,
2022-02-04,175663,999075,2346,34,204,0.789353688565753,1.7108352144469507,12,0,0,-1.167953527067855,3.5
2022-02-05,116599,675626,1677,0,129,1.7612107104887111,1.7038575667655786,0,0,0,,
2022-02-06,104521,602724,1762,22,98,1.4598111580786095,1.8957627118644074,10,10,0,0.42553191489361,-7.2
2022-02-07,171328,979093,2160,12,164,1.5890414986771375,2.092180094786731,38,10,2,-1.4562232501923262,-0.11818181818181828
2022-02-08,193887,1100692,2134,0,230,1.738926491835917,1.9841232227488153,0,0,0,,
2022-02-09,193907,1103553,3057,20,195,1.585125364832707,1.932902033271721,0,0,0,,
2022-02-10,198606,1131075,3271,39,161,2.239262150905125,1.8726094003241494,16,8,0,0.45578851412944,-0.4500000000000002
2022-02-11,187461,1064912,2541,16,133,2.061793104091972,2.4329809725158555,0,0,0,,
2022-02-12,131012,748657,1321,14,78,2.0500491416138433,1.9231707317073181,0,0,0,,
2022-02-13,115410,657014,1608,10,136,1.8569984988818469,2.2595808383233535,8,0,0,-8.27067669172932,0.0
2022-02-14,179521,1021074,2159,21,144,1.2965583529996114,1.9082191780821933,16,0,0,-1.82868142444658,2.3499999999999996
2022-02-15,198362,1126991,2970,10,197,1.8996160978617407,2.201340996168583,0,0,0,,
2022-02-16,197512,1132114,3514,6,209,1.5827197751113042,2.4509212730318257,0,0,0,,
2022-02-17,201327,1141489,2319,8,141,2.2693737843637427,2.24609929078014,86,0,52,-5.2824693073393805,-6.384615384615385
2022-02-18,192159,1083103,1928,0,175,1.1099203285052845,1.8387811634349047,45,0,12,1.294421044429724,1.4923076923076926
2022-02-19,135939,759358,1297,10,78,2.0081226029805985,2.457094594594595,138,0,20,0.39100465891003455,1.3
2022-02-20,120100,677833,1761,6,107,1.136495425690369,1.9574468085106373,95,0,67,-8.528569673892994,-5.858823529411764
2022-02-21,183546,1055428,2476,20,180,1.5232070376891464,1.9634042553191482,180,0,20,-0.24733434021844458,1.531034482758621
2022-02-22,221307,1230500,2578,24,179,1.0049721893019767,1.4271653543307097,20,0,4,-3.2543857407763075,-2.8
2022-02-23,212934,1186050,2958,33,221,1.1929839475282247,1.7625899280575532,0,0,0,,
2022-02-24,267476,1446073,2303,0,107,1.853816424219958,2.0575824175824167,40,0,0,1.99726277833049,3.2181818181818183
2022-02-25,244980,1314217,2087,16,102,2.747334956448527,1.8975169300225736,0,0,0,,
2022-02-26,172613,929216,1634,5,126,2.263021232415625,1.598176291793313,0,0,0,,
2022-02-27,166683,890183,1857,4,161,1.4046134733974807,1.2979289940828402,0,0,0,,
2022-02-28,220233,1186842,2148,0,46,2.4511524060294856,2.7300595238095235,45,0,10,-0.7285610560021625,2.5500000000000007
2022-03-01,233830,1257004,2403,13,169,1.7022024271275251,1.736027713625865,0,0,0,,
2022-03-02,236869,1281326,2725,25,137,2.108751160017326,1.9074803149606283,17,0,10,-1.9699228665073103,-3.3000000000000003
2022-03-03,234019,1266389,2018,10,155,2.0483728111083916,1.8858227848101268,0,0,0,,
2022-03-04,217320,1176111,1651,2,152,1.6787340117498566,1.4802547770700631,10,0,0,-8.47457627118645,5.0
2022-03-05,154336,849108,972,6,87,1.3198798598207055,1.6455497382198956,120,0,110,-6.820879172496169,-8.883333333333333
2022-03-06,143892,771683,1541,1,105,1.6769724922106861,1.8239130434782607,32,0,20,-6.499562809676443,-4.55
2022-03-07,211725,1132933,2678,10,142,1.7543438303831462,2.372121212121213,16,0,16,-6.3292357819905,-9.75
2022-03-08,222809,1195770,2929,10,202,2.317683457435912,1.8554687500000009,33,0,20,-3.75285942282189,-2.066666666666667
2022-03-09,232021,1253599,3147,19,212,2.4202070652076992,2.3125850340136047,0,0,0,,
2022-03-10,226267,1225730,2833,13,165,1.796685974217509,1.9455017301038087,10,0,0,-8.38926174496644,3.4
2022-03-11,211527,1158507,2252,10,126,1.2613528772843785,2.156038647342994,34,0,0,2.7356397815245397,4.34
2022-03-12,143859,795723,1389,0,89,1.0619034974795287,1.9960573476702506,13,0,0,-0.8298755186722,1.6500000000000001
2022-03-13,138409,748885,2176,26,207,0.5440859297107175,1.3828908554572283,10,0,0,-7.17299578059072,0.0
2022-03-14,204436,1114905,2187,3,141,0.9154336472816005,1.763224181360203,0,0,0,,
2022-03-15,222232,1210638,2466,20,144,1.32997376435856,2.145852534562211,0,0,0,,
2022-03-16,221165,1201587,2705,25,252,1.6520288954164735,1.6625000000000003,0,0,0,,
2022-03-17,215372,1179916,3185,102,200,1.0105955494287642,1.8317241379310332,6,0,6,-7.67790262172286,-9.5
2022-03-18,194736,1073007,3013,40,100,0.8063626218798504,1.7937500000000006,10,0,0,3.05927342256214,7.4
2022-03-19,130697,721495,2124,61,35,0.6467334118223461,1.9732456140350878,10,0,10,-7.5,-10.0
2022-03-20,120794,676045,1976,10,141,1.0726506570024137,1.459541984732824,18,0,8,-9.525990999487984,0.0
2022-03-21,195576,1083733,3019,21,156,1.0342105400995643,1.79104991394148,2,0,0,-5.24676942238829,7.4
2022-03-22,209666,1162722,3049,18,148,1.3779647825966561,1.8881326352530543,0,0,0,,
2022-03-23,212871,1175699,2736,19,161,1.4315701065610216,2.2426739926739936,22,0,20,-6.76818950930626,-7.333333333333333
2022-03-24,222436,1214852,2852,25,224,1.4231255742298625,1.7192513368983948,0,0,0,,
2022-03-25,205655,1126795,2061,2,100,1.5214193534290146,1.8393939393939385,20,0,20,-3.0812324929972,-10.0
2022-03-26,141290,781124,2049,36,172,0.7281809204686693,1.304972375690607,22,0,0,-5.8076225045372,3.1666666666666665
2022-03-27,126098,696993,2388,23,182,1.0305414644749218,1.6305429864253398,0,0,0,,
2022-03-28,192548,1058118,3246,40,141,2.0286009770150137,2.0337190082644647,30,0,0,0.51282051282051,2.9000000000000004
2022-03-29,214315,1189870,3644,21,208,1.1962818967386337,2.1912000000000003,22,0,0,-4.32569974554708,3.3333333333333335
2022-03-30,213672,1174426,3461,35,139,1.4557591149310782,2.2900874635568527,28,0,6,-3.2723578004479483,0.75
2022-03-31,209629,1149819,3166,38,100,1.3736125728981756,2.402599653379548,50,0,20,-7.451533886982288,-1.8
2022-04-01,190771,1059051,2451,16,85,1.3748402645332032,2.2237472766884507,0,0,0,,
2022-04-02,128025,723850,1698,28,212,-0.8729862585285573,1.39064935064935,0,0,0,,
2022-04-03,119056,674291,1736,0,71,0.8167854133542791,2.6592261904761916,30,0,10,-5.1643192488263,-3.9666666666666672
2022-04-04,181902,1029587,2273,75,125,0.9458168944520455,1.9065573770491802,62,0,48,-2.7402696130862476,-2.8125
2022-04-05,199506,1115437,2468,10,267,0.6469065849737758,2.0413870246085013,10,0,0,-4.85981308411215,-2.3000000000000003
2022-04-06,201891,1127821,2132,5,139,1.309691245244574,2.5799457994579953,50,0,0,-5.7797616952931765,0.0
2022-04-07,203993,1145236,1995,16,131,1.100696151200421,1.847352941176471,22,0,6,-1.8892087333995269,-0.8333333333333335
2022-04-08,187576,1054706,1589,15,157,0.02438891119886666,1.2879870129870126,10,0,0,-0.17825311942959,-2.0
2022-04-09,125340,711074,1060,4,134,0.7972865831239528,1.2686868686868689,38,0,0,-0.17477040652002568,2.4
2022-04-10,113749,633289,1487,4,174,0.7343247739453903,1.2989285714285703,30,0,0,0.3210486322188434,-0.08333333333333331
2022-04-11,179618,998205,2240,0,203,0.5570875225729449,1.2441396508728166,20,0,0,-2.22222222222222,-1.0
2022-04-12,191187,1064082,2044,86,149,0.6381875528110146,1.2753968253968253,20,0,0,-0.6844166633698596,1.7
2022-04-13,196820,1079740,1664,0,191,0.627903468980977,1.6076124567474053,1,0,0,-2.1978021978022,-5.0
2022-04-14,192201,1052837,2117,4,165,1.1179882938836307,1.9085051546391747,74,0,20,1.4570182740266708,-1.111111111111111
2022-04-15,159401,879043,1665,0,146,1.3828163216180993,1.8361111111111104,0,0,0,,
2022-04-16,114018,632780,1126,0,60,1.740488525961915,2.522540983606556,0,0,0,,
2022-04-17,106931,601910,973,0,81,0.8830820300373072,2.2535519125683057,24,0,4,-2.2508038585209,-4.5
2022-04-18,154428,863676,1878,0,150,0.8586972192996571,1.6987804878048776,0,0,0,,
2022-04-19,186330,1038030,2029,0,118,1.2233224244809149,1.8846965699208431,0,0,0,,
2022-04-20,193315,1078270,1723,0,117,0.43696081282667476,1.817522658610272,0,0,0,,
2022-04-21,195706,1086571,2113,6,227,1.0114952985399497,1.1602380952380962,28,0,0,0.12735745544975163,2.785714285714286
2022-04-22,185471,1016424,1376,28,69,0.9019293035252203,1.419157088122605,0,0,0,,
2022-04-23,120210,676334,1101,5,97,0.9568093593132041,1.5420212765957446,0,0,0,,
2022-04-24,115719,644701,1242,38,105,0.004981128410053159,1.5349282296650715,0,0,0,,
2022-04-25,176274,971149,2306,40,211,1.62271267452417,1.9395555555555555,34,0,0,6.83453237410072,4.0200000000000005
2022-04-26,196458,1085465,2066,30,217,1.1918666910473164,1.6375979112271541,0,0,0,,
2022-04-27,202446,1129961,2161,37,270,0.35337948988652645,1.6247448979591834,0,0,0,,
2022-04-28,198635,1106393,1748,48,122,2.137302242415269,2.218475073313784,10,0,0,-7.08661417322834,-2.0
2022-04-29,185714,1026971,1780,10,118,1.1630021029781843,2.555393586005831,11,0,0,-1.99146514935989,0.6000000000000001
2022-04-30,118342,665480,1133,20,69,1.6691815276937452,1.851652892561984,12,0,2,-7.342135186355023,-2.525
2022-05-01,112503,626242,1553,0,95,2.7104994873356825,2.495454545454546,0,0,0,,
2022-05-02,159312,873179,1408,8,104,1.765362008879011,1.6816666666666669,20,0,4,-3.23967465223071,-6.5
2022-05-03,180093,995538,1680,6,185,0.3333622420573333,1.630656934306569,0,0,0,,
2022-05-04,187803,1040162,958,0,24,0.3178512998267585,2.534972677595629,9,0,9,-4.34012400354295,-10.0
2022-05-05,191001,1045255,1718,2,143,1.3506322830144297,1.9083333333333314,0,0,0,,
2022-05-06,180390,993297,1414,0,104,-0.2064065493904481,1.533333333333333,0,0,0,,
2022-05-07,120067,670242,840,6,85,0.4171272020263723,1.3615384615384616,0,0,0,,
2022-05-08,117742,657795,1673,12,188,-1.0037264167956157,1.4340579710144925,0,0,0,,
2022-05-09,176315,978918,1595,4,70,1.4139393257791892,2.3575862068965523,0,0,0,,
2022-05-10,188050,1064460,2415,50,233,1.3433899018430573,2.079,6,0,0,-0.7044864664442,-2.0
2022-05-11,202669,1115497,2253,20,234,0.18408819355715655,1.5841628959276015,27,0,8,-0.6585136406397,3.4000000000000004
2022-05-12,196881,1094376,1967,30,250,0.7219439619589387,1.5118598382749329,27,0,10,-1.984267453294005,-1.375
2022-05-13,189075,1041313,2439,12,234,0.3500966432454796,0.7912500000000001,0,0,0,,
2022-05-14,125738,693652,2157,6,106,1.4323442012019327,2.3607692307692316,0,0,0,,
2022-05-15,116272,655804,1212,0,96,1.697835075723917,2.2706611570247928,12,0,0,-0.80241648898365,4.7
2022-05-16,182596,1012021,1512,10,125,0.8890146122487532,1.9194915254237284,0,0,0,,
2022-05-17,198101,1108941,1563,8,59,0.945073557591819,2.358666666666667,32,0,20,-3.8270329987030953,-2.0
2022-05-18,201837,1124885,1717,10,151,0.5775766440759851,1.6162011173184356,20,0,0,-0.7608617653938987,-0.2857142857142857
2022-05-19,194497,1086385,1940,5,217,0.729386701755972,1.471565495207668,44,0,20,-4.6315012207752915,-3.6999999999999997
2022-05-20,180023,1008369,1559,53,94,0.5469165512450005,1.8270072992700734,16,0,0,-0.60386473429952,2.3499999999999996
2022-05-21,122705,686720,1124,0,55,0.9492883128754577,1.931840796019899,10,0,0,-7.74647887323944,-2.0
2022-05-22,116038,644336,1430,10,144,0.46540972147911486,1.7239285714285724,0,0,0,,
2022-05-23,179147,1000293,1877,4,166,2.6920312617677893,2.0684057971014487,10,0,0,-0.79617834394904,5.0
2022-05-24,198170,1099498,2219,10,172,0.654140193050057,2.1848329048843182,0,0,0,,
2022-05-25,207598,1138071,1847,26,95,1.2305204921267272,2.036206896551724,0,0,0,,
2022-05-26,196097,1072449,1763,0,175,1.1333333471124936,1.4624595469255666,12,0,0,-2.73141122913505,1.0
2022-05-27,178581,987975,1483,29,131,0.25176346871104,1.2356923076923065,26,5,0,-0.7876709324866,-3.325
2022-05-28,121737,674873,1068,20,106,0.36885477087634033,0.9989473684210526,0,0,0,,
2022-05-29,110211,610423,809,19,80,-0.14134312055419623,1.105479452054795,0,0,0,,
2022-05-30,159256,897765,1563,29,142,0.21713571331125803,1.463157894736842,0,0,0,,
2022-05-31,180465,1010762,2275,46,269,0.9198481053792773,1.565986394557824,10,10,0,-5.26315789473684,-7.2
2022-06-01,184822,1040907,2032,0,185,0.1301300088026276,1.5172330097087383,0,0,0,,
2022-06-02,183821,1026200,1925,0,151,1.3810412037290696,1.3465648854961834,6,0,6,-5.4519368723099,-9.5
2022-06-03,166905,938143,1679,17,255,-0.6127393931180589,0.906104651162791,0,0,0,,
2022-06-04,113138,637953,1108,0,79,0.986131947739103,1.5041841004184107,0,0,0,,
2022-06-05,101363,578167,1001,0,130,0.9550580803451324,1.7345177664974616,20,0,0,0.75187969924812,2.3499999999999996
2022-06-06,167790,937183,1872,88,194,0.2776546743699788,1.5567415730337082,0,0,0,,
2022-06-07,187664,1043229,2903,12,483,-2.1691780139020174,0.02905525846702328,0,0,0,,
2022-06-08,191904,1065163,1961,35,219,-0.7884706912749652,0.7681159420289851,0,0,0,,
2022-06-09,188141,1051113,2579,26,303,0.06974222058946411,1.1247544204322197,0,0,0,,
2022-06-10,177389,992866,1704,35,212,-1.1732569964436312,0.34320241691842895,0,0,0,,
2022-06-11,117756,663616,977,38,81,-0.6595386741844403,0.8894179894179893,8,0,6,-3.3560677405642805,-1.25
2022-06-12,106528,605988,1293,0,143,1.109307827874111,1.6090909090909098,0,0,0,,
2022-06-13,163630,915221,2181,167,230,0.6422415960999655,1.7678100263852259,10,0,10,-4.07608695652174,-9.0
2022-06-14,186060,1048601,1893,25,208,0.44981689151065296,1.8709969788519638,1,0,0,-0.3167898627244,7.0
2022-06-15,192585,1079999,1640,20,73,1.261270033791587,2.086281588447653,1,0,1,-2.32323232323232,-5.0
2022-06-16,192006,1057011,1555,24,91,1.4316621955203912,1.9735785953177252,0,0,0,,
2022-06-17,176319,981153,1149,24,81,1.5609849342527378,1.3082474226804126,0,0,0,,
2022-06-18,110649,635511,877,4,67,0.5667269505177686,2.0349726775956283,0,0,0,,
2022-06-19,102048,590097,784,10,69,0.21608179242693737,1.6404761904761895,0,0,0,,
2022-06-20,159831,909789,1464,16,119,1.0759552255652582,1.9756097560975618,8,0,0,-1.30963517305893,3.4
2022-06-21,175479,994737,1303,12,96,1.592070834264308,1.479674796747967,0,0,0,,
2022-06-22,185538,1038917,2053,31,190,-0.3157727264922117,1.419113573407202,0,0,0,,
2022-06-23,184827,1038386,2310,13,209,0.1576404073988199,1.29725,0,0,0,,
2022-06-24,172346,968239,1773,2,208,-0.053177038659958265,1.153602305475505,0,0,0,,
2022-06-25,118404,669772,1147,15,142,-0.027859679905335222,0.7291479820627802,0,0,0,,
2022-06-26,110288,617875,1289,20,142,0.4455659873567174,1.2689530685920578,0,0,0,,
2022-06-27,172739,963028,1665,18,169,0.8521145263107354,1.3951951951951955,0,0,0,,
2022-06-28,195365,1088358,2198,4,92,1.1047390748154144,2.094772727272728,0,0,0,,
2022-06-29,199410,1104676,1945,16,128,1.4811099059277497,2.0014051522248235,0,0,0,,
2022-06-30,194108,1077375,1925,8,159,1.6176229942458622,1.9300236406619389,10,0,0,-5.26315789473684,-2.0
2022-07-01,167463,946929,1305,22,85,1.37648286002118,2.051190476190477,0,0,0,,
2022-07-02,107616,610143,1180,10,222,-1.9037688630765766,0.3668049792531122,0,0,0,,
2022-07-03,100338,567226,1487,4,142,0.9435995958551893,2.0873900293255128,20,0,10,-1.67832167832167,-2.3333333333333335
2022-07-04,141447,820599,1623,14,237,1.0319008290690563,1.3124242424242418,20,0,10,-1.67832167832167,-2.333333333333333
2022-07-05,168405,954638,1633,0,178,0.46042449807171426,1.9848396501457728,0,0,0,,
2022-07-06,174843,976346,2097,40,183,-0.1874582612271274,1.0511688311688312,14,0,4,3.99789584429248,0.5999999999999999
2022-07-07,180046,993845,2129,35,274,1.0302254859615418,1.3019801980198018,0,0,0,,
2022-07-08,171266,946036,1097,0,39,1.3987767252174526,2.162980769230769,6,0,0,9.81941309255079,1.0
2022-07-09,107388,610699,840,36,55,0.9847578010563882,1.1911392405063284,0,0,0,,
2022-07-10,98203,551876,684,90,51,-1.2016711669929743,-0.9983957219251341,0,0,0,,
2022-07-11,149412,837116,1330,110,108,-1.0361184782647137,0.15189003436426105,0,0,0,,
2022-07-12,165739,921810,1463,20,126,-0.24333746087632413,0.8876760563380279,8,0,0,-2.77392510402219,8.0
2022-07-13,175375,964997,1575,0,92,0.3243548121381903,1.7138801261829657,38,0,18,-6.1527057079318,-3.04
2022-07-14,177023,981792,1671,35,130,1.0822383733338918,1.982515337423312,10,0,0,3.53982300884955,3.4
2022-07-15,167474,928037,1228,10,134,-0.24671753138788377,0.9910216718266249,141,0,1,-0.11086474501109,3.01375
2022-07-16,112820,631022,799,0,78,-0.014392265662111381,0.9866666666666664,0,0,0,,
2022-07-17,99021,556500,1246,2,219,-1.195515399216034,0.9749999999999996,0,0,0,,
2022-07-18,157189,878343,1659,10,199,0.16909781038587485,1.4979411764705886,10,0,0,-0.76923076923077,7.4
2022-07-19,178097,980477,1763,6,257,-0.24384885789265942,1.1551319648093852,0,0,0,,
2022-07-20,176233,976512,1235,4,114,1.5255988365520157,0.9567567567567574,0,0,0,,
2022-07-21,173458,963150,1454,10,146,1.1375297698849443,1.848854961832062,0,0,0,,
2022-07-22,161791,904809,1179,10,93,0.5620627030423293,1.6462616822429919,30,0,2,-0.6852528068873747,0.7444444444444445
2022-07-23,107612,606762,684,0,81,0.599510332348105,1.511111111111112,0,0,0,,
2022-07-24,100588,566437,838,0,47,0.9904253993886036,1.5304093567251462,0,0,0,,
2022-07-25,153191,859327,1310,17,134,-0.02084024729419598,0.8811023622047234,0,0,0,,
2022-07-26,166350,940961,1331,36,152,0.3024709855079657,0.5420833333333333,0,0,0,,
2022-07-27,169635,954467,1338,6,186,-0.8625586600097721,1.0603112840466922,44,14,0,-0.533338338133239,-1.0363636363636364
2022-07-28,169045,952330,1301,69,99,-0.9799812244875099,1.873308270676692,0,0,0,,
2022-07-29,159522,890871,1718,46,128,0.12588132002943203,1.4457317073170735,5,0,0,1.29449838187702,2.8
2022-07-30,107679,604424,818,0,82,-0.6074565479460792,1.7162337662337661,0,0,0,,
2022-07-31,94657,541642,916,10,136,0.07386600636414586,0.4680628272251308,0,0,0,,
2022-08-01,151095,853376,1397,20,125,0.6907585364195117,1.7483660130718963,8,0,0,-0.87440381558029,4.4
2022-08-02,177215,989583,1109,10,137,-0.1868453854287213,1.2629032258064514,0,0,0,,
2022-08-03,178947,996540,1419,0,95,1.145575232519536,1.7471042471042475,0,0,0,,
2022-08-04,180189,1006773,1554,20,136,0.8356525709751079,1.4695652173913052,0,0,0,,
2022-08-05,168104,935391,968,17,72,1.4172491375752958,1.719270833333332,0,0,0,,
2022-08-06,112110,629753,746,0,36,3.522563793782353,2.2964497041420118,0,0,0,,
2022-08-07,104045,576195,1018,0,67,1.6047604063493457,2.0117283950617284,0,0,0,,
2022-08-08,152281,856746,1307,24,52,0.6447041823529367,2.05829596412556,0,0,0,,
2022-08-09,163675,906869,1155,30,109,-0.7607629018303315,1.4615740740740744,0,0,0,,
2022-08-10,166351,930827,1288,0,142,-0.30005818805812545,0.9891304347826085,0,0,0,,
2022-08-11,162906,914905,1254,0,110,0.23156710289642185,1.4504132231404965,20,0,20,-10.7981220657277,-10.0
2022-08-12,151527,852658,1334,31,104,0.6960246811262727,1.9463035019455246,0,0,0,,
2022-08-13,97209,555213,922,0,147,-1.4546418892715298,0.7026455026455021,0,0,0,,
2022-08-14,91942,527872,1184,18,80,1.5497400333363673,1.8336448598130843,0,0,0,,
2022-08-15,139445,787373,1154,0,54,1.2218566114704925,2.0532019704433493,4,0,4,-4.76190476190476,-10.0
2022-08-16,156544,890325,1208,20,88,0.8330206740085401,1.8851162790697682,0,0,0,,
2022-08-17,160483,899339,1224,27,70,1.080375918276287,1.3208000000000002,6,0,6,-3.16455696202531,-10.0
2022-08-18,167462,936790,1729,0,189,0.3662880036784295,1.4595870206489678,0,0,0,,
2022-08-19,156880,871684,1057,10,114,-0.008545470066407462,1.2366492146596855,0,0,0,,
2022-08-20,100180,577117,742,0,38,0.5534536503363539,1.9021739130434785,0,0,0,,
2022-08-21,91793,518808,1128,26,213,-0.8380113874782187,0.5929577464788726,0,0,0,,
2022-08-22,146717,829602,1389,9,202,0.11479876158739202,1.9460207612456737,24,0,0,-1.4345396164667434,2.1333333333333333
2022-08-23,162437,919453,1778,10,140,0.21912335260885574,1.1955696202531647,20,0,0,0.0,1.0
2022-08-24,169531,951474,1612,12,106,0.07706934744730665,1.5574626865671652,2,0,0,-1.1949215832711,3.0
2022-08-25,166059,938362,1536,34,68,0.2047082477809834,1.890298507462687,0,0,0,,
2022-08-26,151199,852528,1279,0,100,1.4290626496607512,2.0086956521739134,0,0,0,,
2022-08-27,99187,573448,1090,40,39,1.8468263288994309,2.324766355140188,20,0,10,-3.88059701492537,-5.75
2022-08-28,91806,534986,1343,8,145,1.2668211348369622,1.5378277153558053,0,0,0,,
2022-08-29,143134,824001,1652,6,173,1.224809140632583,1.466329966329966,0,0,0,,
2022-08-30,164095,934974,1561,10,142,0.4763664409215951,1.181428571428572,0,0,0,,
2022-08-31,167664,946967,1800,0,145,1.1209340923307372,1.7640378548895894,0,0,0,,
2022-09-01,163448,931417,1546,18,191,0.2336451100006336,1.606397306397307,0,0,0,,
2022-09-02,148895,855032,1195,32,98,1.5607811766378616,1.7852380952380955,0,0,0,,
2022-09-03,96443,557357,643,10,27,-0.4522341757622039,1.9198275862068965,0,0,0,,
2022-09-04,93648,535995,1020,15,53,1.4702873835884254,2.397584541062802,0,0,0,,
2022-09-05,135266,784518,1559,30,164,0.5177478110998234,1.714285714285714,6,0,6,-5.6,-9.5
2022-09-06,160320,908624,1675,10,85,2.4721507454014784,2.257556270096465,2,0,0,-5.02775057133529,6.4
2022-09-07,169076,953155,1791,22,70,1.8985552397572312,1.9122388059701487,0,0,0,,
2022-09-08,183449,1007762,1423,25,229,-0.20189076346471052,0.7935606060606054,2,0,0,-3.5890218156228,7.0
2022-09-09,168075,909142,1206,4,33,2.5444376692509083,2.575416666666665,0,0,0,,
2022-09-10,108345,605348,900,28,57,1.9594293632050452,1.882389937106919,28,0,0,0.59171597633136,7.133333333333334
2022-09-11,98780,553064,883,0,122,0.027771897977342697,0.976027397260274,0,0,0,,
2022-09-12,154651,868636,1724,25,146,-0.3128241886958909,2.3694158075601366,0,0,0,,
2022-09-13,178323,995894,1755,5,84,0.9031872230295457,2.180895522388061,20,0,10,-6.72451193058568,-3.5
2022-09-14,180966,1011143,1658,0,114,1.0538560459314423,1.796636085626911,0,0,0,,
2022-09-15,185321,1019726,1599,20,73,1.8399792254180853,1.995652173913043,0,0,0,,
2022-09-16,174975,962106,1542,0,128,0.17573645712177988,1.5868055555555554,0,0,0,,
2022-09-17,115715,641858,691,4,61,1.31292776036568,1.1366412213740458,20,0,0,1.77304964539007,2.3499999999999996
2022-09-18,107213,592254,1091,0,113,1.7283011888870623,1.5191588785046735,0,0,0,,
2022-09-19,161254,898551,1379,0,151,0.9938817953101601,1.2526881720430099,40,0,0,-4.9444993833264785,1.9285714285714284
2022-09-20,178564,997908,1712,30,141,2.2134261241002067,2.0462783171521037,15,0,0,-4.101248105591097,2.533333333333333
2022-09-21,184411,1030545,2306,8,120,1.5143686251024118,1.8471491228070183,20,0,0,-5.91397849462365,-1.8499999999999996
2022-09-22,183266,1017354,1744,24,144,0.802805726437028,1.8447154471544716,0,0,0,,
2022-09-23,168702,947658,1103,10,116,1.535440355994006,1.3945701357466058,0,0,0,,
2022-09-24,112900,639343,934,25,128,1.003834852430491,1.4486338797814209,0,0,0,,
2022-09-25,103842,592563,1228,22,121,0.1332809440075693,1.2238738738738741,0,0,0,,
2022-09-26,154706,879525,1423,10,103,1.333904461824134,2.4808695652173918,0,0,0,,
2022-09-27,166438,944433,1454,16,90,2.485262836159238,2.5287272727272736,0,0,0,,
2022-09-28,174501,982177,2064,10,69,1.7338669042122978,2.4370192307692298,0,0,0,,
2022-09-29,176666,994166,1974,2,75,2.83079648138851,2.3823008849557517,2,0,0,-2.1875,2.8
2022-09-30,165206,930519,1267,0,110,1.5924545967625188,1.5939655172413798,2,0,2,-4.12796697626419,-10.0
2022-10-01,111431,633060,986,10,103,0.743197021585684,1.6708571428571424,0,0,0,,
2022-10-02,97461,552999,1110,45,112,0.7398411220861342,1.1171568627450983,0,0,0,,
2022-10-03,153409,857060,1926,10,141,1.4197992390971397,1.9704477611940294,0,0,0,,
2022-10-04,171679,960327,1729,34,169,1.0139214598519322,1.4425981873111784,8,0,0,0.0,3.4
2022-10-05,174151,973800,1953,23,204,1.277265675361565,1.2966942148760332,0,0,0,,
2022-10-06,178915,1009379,1915,10,43,1.34640861652175,1.9115902964959564,0,0,0,,
2022-10-07,167170,927473,1785,20,117,1.4526549608401773,1.6561046511627904,8,0,0,0.0,3.4
2022-10-08,103571,586470,801,0,49,2.0059747364560185,1.9460431654676258,0,0,0,,
2022-10-09,95939,544718,1630,14,167,1.4258704372787712,1.4930379746835443,9,0,0,0.806451612903225,2.3499999999999996
2022-10-10,156910,880458,1720,22,90,1.9586217507417418,1.8207667731629382,0,0,0,,
2022-10-11,178083,999056,2203,50,165,1.2733020926334129,1.4828124999999994,0,0,0,,
2022-10-12,174891,986271,2037,40,120,1.028862729374436,1.7876010781671159,0,0,0,,
2022-10-13,175680,996073,2042,18,129,1.4861248505889753,1.9255050505050508,1,0,0,-1.14660114660115,1.9
2022-10-14,163537,926817,1548,18,104,1.9781349353257203,2.453973509933776,0,0,0,,
2022-10-15,107284,616735,1193,8,117,1.639288694680795,1.7052631578947373,0,0,0,,
2022-10-16,95393,554716,818,0,88,1.6638095138537257,1.6804733727810655,0,0,0,,
2022-10-17,153560,887783,1212,9,129,0.14757599230199597,1.2909090909090917,0,0,0,,
2022-10-18,169065,962645,1482,12,199,2.224310603353442,1.6453124999999997,20,0,10,-5.41586073500967,-2.8000000000000003
2022-10-19,176838,998913,1892,18,84,1.875524235260321,1.877391304347825,0,0,0,,
2022-10-20,177391,1008891,2055,8,95,1.7295268575910265,1.880259740259742,0,0,0,,
2022-10-21,164006,929525,1439,8,102,1.4205606221054008,1.9773770491803273,10,0,0,-3.46534653465347,7.4
2022-10-22,102996,593075,942,8,74,0.20705648482621586,1.9432098765432102,0,0,0,,
2022-10-23,92449,529759,983,10,92,1.3600158218244858,1.2460317460317467,0,0,0,,
2022-10-24,149028,842595,1738,7,165,0.6196603594820516,1.5280864197530872,0,0,0,,
2022-10-25,168409,953515,1420,14,154,0.3651855898051409,1.1512635379061378,30,0,13,-4.894550914238207,-0.16666666666666674
2022-10-26,175087,988651,1799,38,215,0.20421638616498433,0.7165191740412982,0,0,0,,
2022-10-27,173891,972135,1691,32,180,-0.001770078667734598,1.3403669724770642,26,0,0,-7.3345259391771,1.5666666666666664
2022-10-28,161195,900443,1269,46,169,0.2982124055599571,0.693798449612403,20,0,0,-3.57142857142857,7.4
2022-10-29,102730,585152,831,10,60,2.3219405628776086,1.5148809523809526,20,0,20,-6.27802690582959,-10.0
2022-10-30,96132,549178,984,0,182,-0.3100110082271179,1.5698224852071005,10,0,10,-4.69043151969981,-10.0
2022-10-31,150217,856400,1477,26,179,0.35958913402592774,1.4245551601423485,0,0,0,,
2022-11-01,160801,897296,1733,22,160,1.1508630638541257,1.8755852842809364,0,0,0,,
2022-11-02,171547,961325,2128,17,107,0.9562577510823964,1.7197530864197537,0,0,0,,
2022-11-03,174771,977204,2127,0,199,1.696899707925485,1.891152815013405,0,0,0,,
2022-11-04,163064,913085,1461,0,199,0.421739502930203,1.1782178217821784,20,0,10,-7.40157480314961,-3.3499999999999996
2022-11-05,103889,593252,832,8,116,0.1776584874981736,0.7839285714285714,0,0,0,,
2022-11-06,90978,533462,1169,19,84,1.0018628885174612,1.659471365638767,0,0,0,,
2022-11-07,146036,833787,1678,7,129,1.4747285817051266,1.7997142857142858,20,0,0,-12.3147252472931,2.8
2022-11-08,161256,917959,1969,23,217,0.1710146914459243,1.2798927613941022,10,0,0,-12.2448979591837,2.8
2022-11-09,173063,954788,1814,12,108,1.14749659971983,1.8964285714285714,0,0,0,,
2022-11-10,159761,895867,1836,11,212,0.38907253400286934,0.9749226006191946,0,0,0,,
2022-11-11,52096,277742,257,0,26,0.7824727212054325,1.6878048780487804,12,0,0,1.72413793103448,0.5999999999999996
2022-11-12,112272,630740,961,10,87,1.3577954234846321,1.5109826589595372,36,0,0,-3.387261929141916,3.0999999999999996
2022-11-13,100456,568860,1170,22,55,0.5862542745618878,2.2938775510204072,72,0,10,-4.49848496620309,0.08000000000000018
2022-11-14,161177,902755,1698,0,138,1.1882587554703796,1.3188953488372086,0,0,0,,
2022-11-15,179024,996784,2110,35,216,0.9142164367786144,1.4192129629629633,0,0,0,,
2022-11-16,191949,1055937,2448,39,255,-0.17592800697465266,0.515268817204301,0,0,0,,
2022-11-17,180330,998204,2207,5,190,1.4391879053949463,1.2441489361702134,0,0,0,,
2022-11-18,166380,926545,1557,16,94,1.6596117633451535,1.9087227414330212,0,0,0,,
2022-11-19,105865,596916,914,16,83,0.4927808346226106,1.1132596685082872,0,0,0,,
2022-11-20,94516,531324,984,0,81,0.854813751151769,1.6708108108108104,0,0,0,,
2022-11-21,145377,828087,1780,35,111,1.1380732899143589,2.003333333333332,0,0,0,,
2022-11-22,162396,912362,1480,13,148,1.3610944953771678,1.5723484848484843,0,0,0,,
2022-11-23,163017,923608,1913,0,140,1.8811375044967091,1.8560344827586215,0,0,0,,
2022-11-24,142008,831665,1704,10,118,1.5445252545633568,2.027574750830564,0,0,0,,
2022-11-25,128053,760688,1329,26,45,1.5917443546151557,1.63971119133574,0,0,0,,
2022-11-26,90518,533275,901,15,74,1.3080283065248537,0.9434285714285713,28,0,0,0.222382671480142,1.78
2022-11-27,84862,509176,1086,0,131,1.1957982133764853,1.80841121495327,0,0,0,,
2022-11-28,141990,842866,2356,24,329,-1.0779652238521034,0.6182952182952179,0,0,0,,
2022-11-29,168832,978348,2536,20,266,-0.18211643297583802,1.4820202020202013,0,0,0,,
2022-11-30,168985,980078,2399,18,147,1.4801372038335645,2.254342984409802,0,0,0,,
2022-12-01,167106,968262,1554,0,150,1.1232994638324338,0.9407643312101914,0,0,0,,
2022-12-02,156715,908506,1326,0,141,0.6584484800620651,1.418947368421052,0,0,0,,
2022-12-03,102012,579015,902,12,65,0.5172855083605536,1.5174157303370777,0,0,0,,
2022-12-04,88814,516954,1359,10,112,0.7098120359542883,2.0586206896551738,0,0,0,,
2022-12-05,143312,845243,1759,0,122,1.7835258212023684,1.9008450704225346,10,0,0,1.09589041095891,0.0
2022-12-06,163882,969532,1769,15,144,0.5677919766152282,1.5503012048192777,7,0,0,1.28205128205128,7.4
2022-12-07,169077,986778,1891,8,201,0.8260521677966617,1.631176470588236,0,0,0,,
2022-12-08,174928,1002326,1776,0,97,0.07650720180833656,1.4250000000000007,0,0,0,,
2022-12-09,155880,892591,1353,0,105,1.445206191284388,1.3233050847457626,0,0,0,,
2022-12-10,99678,574667,555,10,41,0.12230147961465976,0.772413793103448,0,0,0,,
2022-12-11,88863,514302,1018,17,56,1.2375822305188495,1.657619047619047,0,0,0,,
2022-12-12,147105,861541,2419,4,127,1.0645580439549294,1.8298578199052133,8,0,0,-6.9284064665127,7.0
2022-12-13,164658,956410,1529,20,104,1.041311376221564,1.5702898550724633,2,0,2,-2.68724985706118,-9.2
2022-12-14,165155,948347,1601,0,137,1.5249373355480083,2.040909090909091,3,0,3,-2.97872340425532,-10.0
2022-12-15,165835,955002,1773,10,86,1.8124697281811586,1.9116207951070336,10,10,0,-12.4183006535947,-4.4
2022-12-16,151098,871976,1200,24,42,1.573610483911906,1.8150684931506853,0,0,0,,
2022-12-17,99883,578267,1105,16,50,0.6335247835042381,1.7943589743589754,0,0,0,,
2022-12-18,84856,498472,829,0,28,2.0509633779907235,2.387113402061856,0,0,0,,
2022-12-19,139102,809413,1596,20,95,-0.46710291099370593,1.2979020979020979,0,0,0,,
2022-12-20,156241,901739,1602,11,135,1.026979491848849,1.7762886597938146,2,0,0,-4.18604651162791,-5.0
2022-12-21,160059,918450,1246,4,127,0.8403713794834441,1.0730434782608695,0,0,0,,
2022-12-22,160853,911495,1348,12,186,0.6225022219265923,0.9222641509433973,10,0,10,-4.88826815642458,-5.0
2022-12-23,136169,791261,1161,25,71,1.456188930584108,1.597716894977169,0,0,0,,
2022-12-24,84447,497377,995,0,142,1.0551746997210292,1.011920529801325,0,0,0,,
2022-12-25,68909,409596,776,15,76,0.34043774249223224,0.9172413793103448,30,0,10,-8.601100278721061,-0.10000000000000009
2022-12-26,93393,564888,1104,57,142,-0.06484417375227426,0.5336206896551725,0,0,0,,
2022-12-27,116683,696821,1342,14,150,-0.27295671745079453,0.728813559322034,0,0,0,,
2022-12-28,128876,760869,1308,0,180,-0.23360025798747142,0.9973384030418251,0,0,0,,
2022-12-29,130146,754243,1685,42,262,-1.1293488454222367,0.84375,0,0,0,,
2022-12-30,119048,685157,1211,50,120,-1.2127383685782447,0.7431718061674011,0,0,0,,
2022-12-31,90788,520707,1033,10,128,1.8921982147238763,1.3497142857142856,0,0,0,,
2023-01-01,72069,420699,1092,38,211,-0.1300183502840746,0.6703349282296651,6,0,0,-9.44881889763775,-4.0
2023-01-02,100538,586913,2036,14,222,0.22125157523131977,1.127893175074185,10,0,0,3.34841628959276,2.8
2023-01-03,133450,754968,1632,5,220,-1.0809481219884896,1.2065972222222219,0,0,0,,
2023-01-04,146497,826366,1838,0,173,0.25820100322256856,1.6878260869565214,10,0,10,-7.89473684210526,-10.0
2023-01-05,156030,877828,1756,26,125,0.703344665153278,1.6768996960486322,0,0,0,,
2023-01-06,144813,804209,1179,17,75,0.026042537505622743,1.372765957446808,0,0,0,,
2023-01-07,96868,552181,981,11,93,-0.9663690357989599,1.0723270440251578,0,0,0,,
2023-01-08,97180,553410,1334,8,122,1.2396573762907135,1.9839215686274527,0,0,0,,
2023-01-09,156361,869144,2114,20,205,0.396122976785128,1.3185101580135439,8,0,8,-0.54945054945055,-10.0
2023-01-10,170251,941896,2363,20,393,-0.1513848128935108,0.37565217391304284,58,0,0,2.91869780796527,6.714285714285714
2023-01-11,175326,966713,1889,38,260,-0.02655245244917892,0.6419525065963066,0,0,0,,
2023-01-12,174705,970452,2266,20,191,0.8084261416504857,1.5571748878923772,68,0,0,0.47374619604697,7.0
2023-01-13,159171,876165,1668,20,86,1.635997581407177,2.0689750692520774,60,0,0,1.805501132009755,3.375
2023-01-14,107334,596836,1009,0,70,0.17834530736456156,1.777678571428571,0,0,0,,
2023-01-15,95941,538950,1271,4,78,1.0502009416958433,1.9568464730290454,50,0,20,-1.7595171163597199,-3.4399999999999995
2023-01-16,145175,819219,2145,4,100,1.1157236381231705,2.1699468085106357,15,0,0,2.288732394366195,0.5
2023-01-17,168835,932599,2137,14,231,0.943437281797056,1.4312342569269518,0,0,0,,
2023-01-18,175844,980395,2189,30,110,1.605053912656841,2.042821158690177,4,0,0,1.51260504201681,0.0
2023-01-19,181983,1013217,1989,24,116,1.093087880340325,1.7827777777777774,10,0,0,-0.27586206896551,3.4
2023-01-20,169282,940219,1507,26,84,1.5663644118533309,1.8313953488372092,0,0,0,,
2023-01-21,113698,629116,1020,0,47,2.2346614355034364,1.6819095477386934,54,0,0,1.5691886442144023,2.375
2023-01-22,105048,586905,1434,8,72,1.0156687527182364,1.657068062827225,10,0,0,1.18152524167561,7.4
2023-01-23,159998,887012,1956,13,119,1.0342032746928198,1.4159763313609466,30,0,0,3.2520325203252,3.58
2023-01-24,178464,986027,1674,14,90,0.7250760784425987,1.73343653250774,13,0,0,-6.7211512666232345,-1.5333333333333332
2023-01-25,179890,999896,1975,22,109,0.9785467747019165,1.6265895953757223,0,0,0,,
2023-01-26,183193,1020666,1650,20,111,1.4606945095689372,1.4462328767123296,20,0,0,-0.644064045914325,7.7
2023-01-27,174634,960905,1737,26,194,-0.7602353074826262,0.7371345029239758,0,0,0,,
2023-01-28,118305,652112,902,8,80,-0.9755135021591337,0.8391812865497076,0,0,0,,
2023-01-29,107428,596173,1271,21,121,-1.5115710168591832,2.146491228070177,10,0,0,1.75438596491228,3.0
2023-01-30,168178,917105,1974,25,116,1.204239077789603,2.3161931818181807,0,0,0,,
2023-01-31,180300,990349,1528,17,213,1.0115026716429805,0.819672131147541,4,0,0,1.66112956810632,0.0
2023-02-01,181071,997074,1765,24,165,1.047403939117743,1.7319402985074621,5,0,0,0.0,3.0
2023-02-02,187036,1032117,1786,19,246,0.34631955585390256,0.791388888888889,0,0,0,,
2023-02-03,165759,919623,1725,30,101,0.05936662847346996,1.7523297491039422,0,0,0,,
2023-02-04,107259,612714,1055,4,107,-0.20980390827370082,1.1164021164021167,0,0,0,,
2023-02-05,99334,562357,2685,10,452,-3.0757207808007068,0.6622516556291395,0,0,0,,
2023-02-06,155432,869069,2327,5,206,-0.28648365940882625,1.6879146919431283,0,0,0,,
2023-02-07,174670,978378,2084,10,148,0.5286967756828249,1.6391959798994973,10,0,0,-4.83870967741935,3.5
2023-02-08,182765,1006678,2343,34,120,1.868304869776612,2.084749455337693,0,0,0,,
2023-02-09,180599,999822,1871,44,134,1.585487370082195,1.5424501424501424,0,0,0,,
2023-02-10,168832,936858,1515,0,65,1.8678819811612033,2.064393939393939,0,0,0,,
2023-02-11,109271,610836,893,8,48,2.117718006164636,1.3599999999999999,0,0,0,,
2023-02-12,99490,564084,1649,20,138,0.9496555633269878,2.0409523809523806,0,0,0,,
2023-02-13,154225,866878,2866,28,135,1.4763391400921864,2.181378026070764,0,0,0,,
2023-02-14,175108,969789,3079,20,133,1.2816213619625831,1.9879310344827577,0,0,0,,
2023-02-15,177995,989701,3216,60,115,1.8101046451104814,2.081309904153354,10,0,0,-7.12328767123287,3.4
2023-02-16,178980,985614,2335,54,114,2.056546747656613,1.8592255125284733,20,0,0,-5.80357142857143,-1.0
2023-02-17,171734,945510,2022,26,177,1.0465524652430986,1.782070707070707,30,0,5,-6.583372063238366,-1.02
2023-02-18,116736,643171,963,10,65,0.2867475781329789,0.9835897435897436,0,0,0,,
2023-02-19,110343,603352,1504,47,272,1.3239704685309965,1.7277056277056275,0,0,0,,
2023-02-20,169361,920466,2071,27,217,0.9816662588257918,1.5438502673796792,9,0,0,-4.82686253934942,1.1333333333333333
2023-02-21,183861,985329,2059,40,231,0.3369973441764241,1.366339066339067,0,0,0,,
2023-02-22,189797,1029834,2016,32,214,1.228009773699829,1.173315363881402,26,0,0,1.52333561968634,2.75
2023-02-23,189069,1020269,2031,0,132,0.9466935440852142,2.0672634271099732,24,0,0,2.7572552996281834,1.5666666666666664
2023-02-24,184003,1009374,1592,16,108,0.15933647067771056,1.0720930232558132,22,0,12,-6.523012298806471,-4.666666666666667
2023-02-25,118366,646897,1202,0,128,0.8635333517926753,1.4331932773109248,0,0,0,,
2023-02-26,100007,572116,1489,10,86,2.668091997150145,1.555681818181818,8,0,0,-1.50722854506306,2.35
2023-02-27,160583,914471,2031,14,166,1.3724057044260445,1.9971181556195965,0,0,0,,
2023-02-28,178045,993871,1958,22,152,1.6354160918192449,1.6428169014084504,0,0,0,,
2023-03-01,179480,985919,1847,0,115,1.5398285858217657,2.1258358662613976,26,0,18,-0.7119301996040066,-1.416666666666667
2023-03-02,181688,1004674,2720,10,205,0.6207739771826212,1.771009174311926,0,0,0,,
2023-03-03,169894,943596,1900,10,150,0.08476019029137971,1.6869230769230752,30,0,10,-3.14363143631437,1.6666666666666665
2023-03-04,111850,622853,1077,20,86,-0.8159630859782825,0.7717073170731708,0,0,0,,
2023-03-05,99247,556474,1223,10,75,0.5037569443318586,2.3577405857740588,0,0,0,,
2023-03-06,160786,901393,2275,10,149,0.504563206747833,2.1595454545454533,12,0,2,1.25035521454959,-6.666666666666667
2023-03-07,178812,999829,2047,34,119,1.0503109524445797,1.6547263681592035,0,0,0,,
2023-03-08,173780,963530,1950,10,164,1.468033198394765,1.3549450549450552,0,0,0,,
2023-03-09,179013,1003425,2334,9,196,1.5676797276549954,1.3654708520179366,27,0,0,2.6447562204480297,2.971428571428571
2023-03-10,175643,988631,1742,38,75,1.5652542157986826,1.6439759036144568,0,0,0,,
2023-03-11,112443,618459,826,10,25,1.4215743840313955,2.0023809523809533,0,0,0,,
2023-03-12,102267,581330,1154,10,67,1.2412551019931461,1.53419689119171,20,10,10,-10.2040816326531,-7.2
2023-03-13,161940,899465,1713,10,95,1.2744687097576606,1.7169329073482422,0,0,0,,
2023-03-14,177263,991921,2141,10,155,2.1654372431065214,1.7953161592505855,0,0,0,,
2023-03-15,183587,1018632,2352,134,81,1.1343932406467792,1.6776595744680847,32,0,14,-5.26315789473684,-5.166666666666667
2023-03-16,182738,1012452,2442,25,160,1.0629143151438705,2.513214990138067,0,0,0,,
2023-03-17,176252,980501,2032,61,138,1.465892361413361,2.1118686868686876,0,0,0,,
2023-03-18,122000,670351,1176,49,100,0.5507900842293041,1.2987447698744767,0,0,0,,
2023-03-19,110057,606113,1470,2,266,0.0945778727591518,1.0759375000000002,0,0,0,,
2023-03-20,171030,956036,2305,28,238,0.333430374916998,1.2511335012594453,20,0,10,-4.74074074074074,-7.0
2023-03-21,174046,961635,2512,38,163,1.0622478864535327,1.5631687242798349,0,0,0,,
2023-03-22,93302,496798,783,0,101,0.5711401504717026,1.63,0,0,0,,
2023-03-23,4400,21509,64,0,10,-0.24056408354364422,1.2571428571428573,0,0,0,,
2023-03-24,63563,328866,646,10,31,-0.9955099483709047,0.8449612403100772,0,0,0,,
2023-03-25,187633,1020871,2056,13,219,-0.6001273516688672,0.5846774193548391,10,0,0,5.48523206751055,3.4
2023-03-26,168216,920095,1837,17,165,0.3667228305401915,1.849871465295629,32,0,0,-0.72194326205606,2.85
2023-03-27,252874,1411041,2465,8,192,0.923195260154656,1.7976138828633412,21,0,0,0.8140701428107033,3.8
2023-03-28,269786,1507595,2634,52,226,0.3291762608493958,1.9752327746741147,20,0,0,2.97128051728305,3.7
2023-03-29,281124,1549280,2270,48,174,1.0152677162080523,1.7634146341463415,50,0,10,-1.3873722306398522,0.7600000000000002
2023-03-30,281489,1553105,2536,27,131,1.3876538854308846,1.7431102362204727,46,0,16,-1.8413921061183511,-2.242857142857143
2023-03-31,263359,1436232,1752,26,168,1.1028379330679479,1.1838983050847462,6,0,0,6.84624017957351,3.4
2023-04-01,169085,922729,1731,17,134,1.0052993415230902,1.4042071197411004,30,0,0,-0.1704494683227581,2.5599999999999996
2023-04-02,152344,834794,1959,31,168,1.0016934786394138,1.5561224489795915,29,0,2,-2.1738720866887915,1.9000000000000004
2023-04-03,241498,1312393,2724,31,171,0.3499124682550192,1.5978174603174606,40,0,2,-0.19080053365634608,1.1999999999999997
2023-04-04,266684,1455267,2190,10,167,0.6949503596732735,1.5684210526315783,0,0,0,,
2023-04-05,281804,1522405,2325,4,200,0.6535493046121109,1.6192477876106197,70,0,0,-2.605365168757544,1.5083333333333329
2023-04-06,265462,1444851,1910,6,151,0.34623790720599595,1.5093994778067885,30,0,0,1.06100795755968,5.1
2023-04-07,227667,1240795,1885,10,177,-0.28346264241538904,1.1843187660668375,110,0,0,-2.2715632290601575,1.4799999999999998
2023-04-08,159493,868321,1604,33,204,0.20758077794431898,1.2036827195467423,10,0,0,7.88177339901478,3.4
2023-04-09,143475,792620,1816,34,121,1.631869455253516,1.5519287833827897,17,0,0,-0.7394973886177066,0.3666666666666667
2023-04-10,215633,1172279,2314,0,114,1.2809986642815585,1.7044973544973545,30,0,0,-1.90075235066562,2.0
2023-04-11,254587,1409031,2359,23,107,1.7135836082459874,1.7032786885245894,10,0,0,-1.42045454545454,6.7
2023-04-12,265170,1460784,2395,5,212,1.0509370264029054,1.7066265060240964,48,0,13,-5.422808795817021,-3.2249999999999996
2023-04-13,268883,1488526,2595,73,241,0.7476672723776115,1.4268888888888887,0,0,0,,
2023-04-14,243459,1332300,1742,14,172,0.00526594269918812,1.917910447761193,65,0,0,-4.062133037942042,4.572727272727272
2023-04-15,162834,911969,1434,32,194,-1.504553949981453,0.6052238805970154,60,0,0,-3.0208506879668597,2.546153846153846
2023-04-16,149166,831015,2443,22,505,-0.8859284469163891,0.19099307159353332,10,0,0,-2.05761316872428,2.3499999999999996
2023-04-17,233432,1295280,2572,10,203,-0.9956581937497286,1.7665338645418334,48,0,8,-3.237919163585363,1.9
2023-04-18,256400,1426629,2600,4,214,0.07150547423788323,1.4622471910112362,23,0,3,-3.72940156114484,1.5
2023-04-19,258040,1443096,2599,19,273,0.33363430792377013,1.8896414342629488,59,0,18,-3.8151540268939117,1.63
2023-04-20,247525,1388150,1814,33,204,0.8063897677314796,1.4147928994082846,28,0,10,-0.3449629089885633,-0.7000000000000011
2023-04-21,235256,1309521,1666,20,182,0.9886713351604524,0.7450581395348839,48,0,0,-0.014990449003284834,0.12499999999999978
2023-04-22,146656,826122,874,15,94,-0.6628496678670593,1.1186046511627903,0,0,0,,
2023-04-23,139774,781935,1433,20,236,-1.8474111880528754,0.2807692307692311,40,0,40,-8.490132090132105,-9.7
2023-04-24,232339,1290961,2330,20,251,-0.015262503890459023,1.2733644859813085,30,0,20,-3.7179487179487203,-4.875
2023-04-25,253792,1403620,2672,45,297,-0.4261795546883398,0.9868525896414337,44,0,0,-9.954845744561377,3.071428571428571
2023-04-26,263992,1456372,2794,50,402,-0.6572477144969214,0.7723440134907251,52,0,0,-3.811204423318122,2.5428571428571427
2023-04-27,261723,1440711,4669,11,494,-0.2247744757056766,1.4526822558459394,24,0,0,-4.02434003198885,4.2142857142857135
2023-04-28,244925,1353555,2744,42,365,-1.3244048672643756,0.8130434782608695,14,0,0,-1.5360084371233402,5.08
2023-04-29,157177,881306,1835,0,178,0.3419501909997059,1.1003124999999994,0,0,0,,
2023-04-30,144668,808537,1947,31,134,0.7209033380742109,1.7343859649122817,50,0,0,-2.356473572500906,5.14
2023-05-01,196410,1067026,2267,35,109,1.3152660016447553,1.762946428571428,81,0,6,-1.7633388531814007,3.208
2023-05-02,241685,1338313,3154,49,213,1.8899450484979854,2.0215625000000004,0,0,0,,
2023-05-03,259510,1440224,3170,42,385,0.4369258382327383,1.1080128205128201,18,0,0,4.288922592311735,4.449999999999999
2023-05-04,260150,1426163,3025,20,315,0.616474793936199,1.7705592105263177,164,0,0,-1.364674142701869,1.4172413793103444
2023-05-05,243678,1336196,2390,30,108,1.974251841751656,2.345582329317269,0,0,0,,
2023-05-06,159999,877731,1810,27,99,1.9341485115981358,2.0356741573033705,10,0,10,-9.65517241379312,-10.0
2023-05-07,142126,793560,1480,0,117,0.3296731588989912,1.4266666666666665,2,0,0,1.14140773620799,3.0
2023-05-08,218412,1217133,2191,22,109,0.44491974111486077,1.6946859903381644,18,0,0,-5.908880666049955,1.1749999999999998
2023-05-09,251377,1389045,2328,42,183,-0.055971579944116376,1.4567510548523206,13,0,3,-7.88723931767833,-4.333333333333334
2023-05-10,256075,1434900,2367,19,122,2.078943626844913,2.2243619489559157,8,0,0,-6.32183908045977,0.0
2023-05-11,252003,1405615,2642,62,187,1.3710736792203875,2.0041841004184104,21,0,0,-6.853145894153505,2.175
2023-05-12,238653,1334090,2423,39,175,1.1501896100571307,1.772842105263158,8,0,0,0.676913477047695,3.15
2023-05-13,161077,882922,1212,0,115,0.18559572040019834,1.0890909090909089,20,0,10,-10.7142857142857,-7.0
2023-05-14,140275,783554,1449,5,59,1.4374768104656526,2.3889795918367334,10,0,0,0.33003300330033,0.0
2023-05-15,227429,1270060,2032,40,149,0.3348607110560513,1.3683215130023638,0,0,0,,
2023-05-16,243363,1369054,2278,4,141,1.319451587413093,2.0356973995271876,30,0,10,-4.64547677261614,-1.6666666666666667
2023-05-17,257862,1438584,2722,8,236,1.2617828316974917,1.613867187499999,2,2,0,-1.65441176470588,-4.4
2023-05-18,252405,1384802,2777,50,141,1.2961534925366631,2.0806678383128294,46,0,0,-2.15588723051409,-0.40833333333333327
2023-05-19,251427,1373406,2189,28,173,0.25007537828833254,1.5196185286103543,136,0,0,-1.1411646727522442,1.3958333333333328
2023-05-20,164319,896925,1249,12,139,-0.9194226357297927,0.8207171314741037,0,0,0,,
2023-05-21,151279,821636,1563,0,77,1.2307383691148848,2.0268965517241373,54,0,0,-1.2966609455521492,3.5727272727272728
2023-05-22,226367,1253449,1932,0,184,1.2554743321239195,1.4856763925729444,59,0,10,1.2043604725537556,4.029999999999999
2023-05-23,239089,1335766,2464,56,88,0.924968224787014,1.9908685968819595,50,0,0,4.242120061114083,5.058333333333334
2023-05-24,245214,1368912,2595,2,297,0.22243992682005803,1.3988962472406181,40,0,10,-5.9558823529411695,-0.07499999999999929
2023-05-25,243706,1347553,2243,1,483,-0.8013025843156937,0.4377969762419007,82,0,0,0.6640762900217196,5.31764705882353
2023-05-26,226667,1259659,1862,22,288,0.2794902534825616,1.1417613636363637,10,0,0,0.80971659919028,7.4
2023-05-27,143148,815189,1478,36,180,1.4761475031002484,1.5992063492063493,0,0,0,,
2023-05-28,131337,749904,1248,2,102,1.4810144409939725,2.1365019011406847,14,0,0,-7.07547169811321,1.0799999999999998
2023-05-29,188936,1074925,1818,0,115,2.037254168706959,1.918429003021148,15,0,0,-6.37362637362636,1.6
2023-05-30,229778,1298882,2175,20,84,2.9840588772605146,1.943672456575682,40,0,0,-1.2383603951793,5.0
2023-05-31,248194,1401318,2130,28,171,1.8007699062090843,1.7166259168704157,0,0,0,,
2023-06-01,253073,1411042,2135,3,107,1.526255852970335,2.1990610328638502,8,0,0,7.36875395319418,1.0
2023-06-02,230977,1279763,1655,0,38,1.379199294046129,1.7966666666666664,0,0,0,,
2023-06-03,145873,825035,1326,13,118,0.7316860439677751,1.4169291338582677,20,0,0,7.90960451977401,5.2
2023-06-04,138819,784397,1220,0,141,0.8963707564611351,1.5602620087336254,0,0,0,,
2023-06-05,215388,1202086,2309,42,227,0.7688254061708067,1.192239467849224,5,0,0,-6.82730923694779,2.8
2023-06-06,238727,1317405,2493,39,240,0.9303788253046665,1.0411290322580644,0,0,0,,
2023-06-07,243888,1353392,2831,25,145,1.3743646427086706,2.097795591182365,25,0,0,1.1564389096823,2.08
2023-06-08,241920,1346518,2150,58,114,1.5436121346769793,1.2336927223719676,0,0,0,,
2023-06-09,227564,1263888,1758,59,105,1.08325722168159,1.4737752161383286,0,0,0,,
2023-06-10,146315,820871,1169,4,65,1.1601380023845929,2.0843220338983057,0,0,0,,
2023-06-11,129095,735553,1005,16,82,1.9421024206157977,1.6571428571428566,0,0,0,,
2023-06-12,211703,1194083,2298,10,251,1.5630864239344882,1.9256410256410255,0,0,0,,
2023-06-13,231142,1293929,2233,36,184,1.369232256075474,2.00575,0,0,0,,
2023-06-14,245014,1374431,2625,18,125,2.5493769973053864,2.4361111111111113,18,0,0,3.25203252032521,1.75
2023-06-15,243960,1366413,2296,6,116,1.4710583921002214,1.618426966292135,10,0,0,-4.0290088638195,0.0
2023-06-16,230791,1282077,1881,15,63,1.378336864098412,2.070725388601036,38,0,0,-2.863068586547268,3.02
2023-06-17,154251,867239,1226,20,95,1.7619038632083124,1.6247826086956518,58,0,0,-2.3182274174554016,5.413333333333334
2023-06-18,135931,775657,1007,5,39,0.9023553884251673,1.7579545454545453,0,0,0,,
2023-06-19,215220,1221115,2016,21,74,1.5364437610248034,2.6146907216494846,0,0,0,,
2023-06-20,246417,1382452,2607,2,127,1.0465702329314222,2.027514231499051,10,0,0,-1.72910662824207,-2.0
2023-06-21,246902,1379959,2832,12,107,1.5191973994046346,1.8642857142857143,0,0,0,,
2023-06-22,240788,1339270,2671,2,95,1.8630324493585864,2.432464929859719,0,0,0,,
2023-06-23,222386,1238296,2286,10,128,1.079127675616812,2.20615711252654,0,0,0,,
2023-06-24,162422,888920,1463,17,75,0.9842871300610874,2.0359589041095894,124,0,30,-2.4505448075328284,1.5531249999999996
2023-06-25,138264,760080,1282,8,10,1.1891406812055694,2.393114754098361,10,0,10,-3.96825396825397,-10.0
2023-06-26,212312,1191244,2510,28,120,1.5905682624674016,2.0793248945147678,10,0,0,2.16836734693878,0.0
2023-06-27,225117,1276982,1917,20,63,1.9921158955694915,1.8587537091988129,9,0,0,5.962135962656975,3.3
2023-06-28,223533,1256322,1622,44,124,0.7164262922652539,1.5575757575757576,4,0,0,8.7067861715749,0.0
2023-06-29,221781,1256090,1399,26,136,0.7061290089876426,1.4610526315789474,1,0,0,-3.19488817891374,3.0
2023-06-30,210581,1199038,1166,27,59,1.409618751342359,2.094422310756972,0,0,0,,
2023-07-01,134463,781006,1193,11,47,1.6392577161101094,1.8862222222222227,4,0,0,2.99319727891157,1.9
2023-07-02,121422,694958,999,0,80,0.15349675550382635,2.043255813953488,1,0,0,-1.0122921185828,7.0
2023-07-03,190491,1093318,2070,10,72,1.796662499563016,2.3304761904761913,10,0,10,-11.1650485436893,-9.0
2023-07-04,195141,1126871,1966,12,133,1.9231653722509987,2.0365482233502537,21,0,0,-2.5010230258337587,0.3999999999999999
2023-07-05,214288,1243662,2562,25,351,0.06673029149672494,1.027777777777778,14,0,10,-0.25203886309668677,-5.666666666666667
2023-07-06,228687,1290657,2328,18,300,0.2664713623606384,0.8618483412322273,39,10,0,-5.2113044533637,-0.1272727272727276
2023-07-07,217149,1208791,1370,0,123,1.048174134637685,2.1209386281588447,20,0,0,-1.76965477226573,4.0
2023-07-08,144372,819425,979,17,102,0.496577298558126,0.7832402234636876,10,0,10,-11.7032392894462,-10.0
2023-07-09,133203,749489,1164,0,45,2.500894927045698,2.210798122065728,10,0,0,3.4965034965035,1.0
2023-07-10,217226,1222269,2168,20,109,1.1352232193245417,1.9636597938144325,16,0,10,-2.9079365079365127,-2.0
2023-07-11,239951,1346323,2277,20,60,1.2600218414740059,2.4966981132075468,20,0,0,0.47281323877068,1.7000000000000002
2023-07-12,248935,1386513,2732,48,138,1.175008900149158,1.6897540983606558,0,0,0,,
2023-07-13,240182,1350271,2200,16,182,0.8677605329874514,1.6984162895927601,4,0,0,-1.79563916203505,1.0
2023-07-14,212967,1191577,1550,20,49,0.6120936010785166,2.2254125412541255,25,0,7,-9.477764177886554,-0.7666666666666675
2023-07-15,143912,808928,1644,30,112,0.7468938334188143,1.727671232876713,19,0,6,-8.07174887892376,-0.33333333333333304
2023-07-16,127750,719921,1484,0,78,0.8623794655993864,2.1887905604719764,93,0,38,-8.793304879122244,-3.153846153846154
2023-07-17,206736,1141061,2570,24,210,0.6011369466119381,1.640725806451613,79,0,10,-2.8376410319213323,1.7866666666666657
2023-07-18,234044,1301789,2764,7,199,0.7106387616671465,1.9151624548736461,33,0,10,-5.50210003818251,-3.5999999999999996
2023-07-19,240875,1338065,2539,10,194,0.6195208604909054,1.7831556503198296,46,0,0,-2.956635493352143,4.566666666666666
2023-07-20,259696,1426807,2619,16,190,0.7463569009149548,1.7577777777777777,18,0,0,2.5757136646862753,2.5
2023-07-21,211253,1175673,2064,55,247,-0.5265439505425584,1.068181818181818,340,10,126,-7.265459510959915,-1.5440677966101697
2023-07-22,136314,765568,1351,24,67,-0.3417015246098949,0.8632575757575759,545,10,264,-7.14862530144287,-3.232407407407408
2023-07-23,126888,726299,1254,38,78,-0.44459604759100313,1.7214285714285715,158,0,69,-7.723154253019511,-3.748648648648649
2023-07-24,199641,1131294,2327,55,186,-0.22689550746369325,1.1874734607218687,163,0,65,-6.960728172812599,-3.593103448275862
2023-07-25,223258,1252153,2139,50,154,-0.3149348730985754,1.9709677419354836,64,5,13,-6.223128789061551,-1.3333333333333335
2023-07-26,224208,1252733,1910,39,89,0.3148721088160152,1.7739473684210525,80,7,28,-7.608043524993597,-2.966666666666667
2023-07-27,226646,1266347,1505,67,152,0.6198340221992962,0.8741100323624593,44,0,0,-4.233440511079268,1.69
2023-07-28,208372,1179984,1158,35,49,-0.27361336594446545,1.7342629482071714,4,0,0,-0.512820512820511,-5.0
2023-07-29,139010,782484,775,4,38,0.33937879407067323,1.5694444444444446,68,0,0,2.508125527806013,1.4
2023-07-30,127476,719055,953,14,37,1.4341808886190264,1.8375,0,0,0,,
2023-07-31,199394,1114955,1852,10,200,1.0908611968774642,1.5097633136094675,30,0,0,0.51282051282051,2.9
2023-08-01,215377,1216297,1828,16,93,1.6424848488107011,1.9831932773109242,120,0,15,-3.58207772395415,-0.41578947368421026
2023-08-02,223015,1246694,1769,126,255,-0.0656461893073273,0.26606060606060605,25,0,10,-4.02930402930403,-2.3333333333333335
2023-08-03,218872,1226083,2371,73,264,0.12953779145371963,1.2012371134020619,5,0,0,1.94174757281553,8.3
2023-08-04,206204,1157666,1812,36,188,0.6027166826510298,1.1854166666666663,0,0,0,,
2023-08-05,139249,777356,887,41,104,-1.0260372656954764,1.0301020408163262,0,0,0,,
2023-08-06,127248,722197,1241,20,112,-0.8047004177137377,1.5046610169491528,0,0,0,,
2023-08-07,197002,1101546,2081,49,150,1.1019117029614853,2.398342541436463,15,0,5,-7.67494356659142,-1.0
2023-08-08,212222,1198581,2462,69,221,0.02738175976480911,1.2604938271604937,30,0,8,-3.33763677267614,-3.2285714285714295
2023-08-09,213363,1208256,2329,17,203,0.14854815066237245,1.3946169772256731,0,0,0,,
2023-08-10,213781,1213024,2294,86,214,0.4330501778004155,1.120979020979021,0,0,0,,
2023-08-11,196997,1121331,1184,30,83,0.05835999385642865,1.6136170212765957,8,0,0,3.00751879699248,-0.4
2023-08-12,128962,737507,1125,51,111,0.9375479484194007,1.4105022831050227,56,0,0,1.0344677166601537,3.766666666666667
2023-08-13,122385,694972,1105,81,115,-0.02491181150874877,0.7474137931034486,0,0,0,,
2023-08-14,190592,1070266,1977,58,160,0.6034242307340578,1.3605985037406483,50,10,0,2.3766189660229395,2.7066666666666666
2023-08-15,198990,1109533,1304,22,66,1.6895486060641285,2.2783185840707967,26,0,16,-10.4347826086957,-7.12
2023-08-16,206829,1165462,1833,34,211,-0.4667489475230757,0.8411940298507462,83,0,38,-8.621054539551016,-4.394117647058824
2023-08-17,210595,1174379,1720,35,180,0.398254148017116,1.0130990415335461,4,0,0,-1.06635071090048,8.0
2023-08-18,202977,1128853,1399,12,112,0.2507047604153862,1.59280303030303,31,0,10,-5.35121282555575,-1.04
2023-08-19,136940,766356,937,5,77,0.22857584772118655,1.9883597883597874,17,0,0,-4.695798751391682,-0.43999999999999995
2023-08-20,123787,688746,1252,10,155,-0.09110432001925162,0.8192307692307692,0,0,0,,
2023-08-21,205047,1129325,1789,15,184,1.0266191113407275,1.0179331306990882,40,0,0,-3.356482230055296,1.7199999999999998
2023-08-22,226683,1243362,1728,35,182,-0.19546898668551507,1.4857605177993525,16,0,0,-1.63265306122449,2.3499999999999996
2023-08-23,219149,1216809,1593,17,149,0.6125770689346919,1.154109589041096,16,0,10,-5.17471883186849,-2.5
2023-08-24,226839,1230839,2164,0,169,1.1844659480541557,1.661467889908257,20,0,0,-6.589673913043455,1.5
2023-08-25,207251,1122447,2004,16,160,0.146929303795642,1.4604456824512535,0,0,0,,
2023-08-26,134313,747557,1007,14,109,-0.35275156131219365,1.0911602209944755,0,0,0,,
2023-08-27,121443,688841,1272,14,131,1.7440619461571603,1.2723140495867769,0,0,0,,
2023-08-28,196150,1100969,2006,2,138,2.259636572465101,1.6832000000000003,0,0,0,,
2023-08-29,214598,1209436,2141,0,149,0.830393707088609,1.870909090909091,0,0,0,,
2023-08-30,221370,1243005,2142,0,170,0.8696946404469226,2.11864406779661,0,0,0,,
2023-08-31,219421,1216368,2437,32,153,0.22342818649442303,1.4894211576846306,22,0,0,-5.17799352750809,4.15
2023-09-01,202436,1136090,1993,4,121,0.9149368617930389,2.1037249283667623,22,0,0,-0.07852375343542,4.0
2023-09-02,129406,736211,1160,20,68,-0.3924226386624722,2.2047393364928904,11,0,10,1.8654010363663966,-8.0
2023-09-03,121354,688361,1034,8,54,0.4509367423645508,2.150660792951542,20,0,0,0.7887323943662,2.3499999999999996
2023-09-04,188026,1061858,2155,16,131,1.3849039362007225,2.0843010752688182,22,0,0,0.64102564102564,1.1500000000000004
2023-09-05,219306,1227702,3234,10,130,1.1308607699397895,2.3003861003861004,68,0,4,-1.6834823197974886,0.5833333333333333
2023-09-06,236958,1320633,3033,46,153,0.6136221778849907,1.9637037037037035,0,0,0,,
2023-09-07,236953,1314048,2891,23,175,0.4919296263175417,2.0517647058823525,22,0,0,-2.09523809523809,3.3333333333333335
2023-09-08,224942,1222941,1704,28,106,0.3679474437095852,1.9449230769230765,32,0,10,-3.4891555518227024,0.0
2023-09-09,149245,825232,1125,6,59,0.328321570338928,1.5031674208144787,0,0,0,,
2023-09-10,142503,780083,1438,10,97,-0.17814150887412017,2.3212765957446804,34,0,0,-0.40401746284099394,1.42
2023-09-11,220878,1224558,2170,16,96,-0.33058163970549803,2.3222727272727273,24,0,0,-2.593406146399004,0.82
2023-09-12,238604,1330660,2380,4,188,0.9523866710640259,1.8272908366533862,122,0,0,0.27708642215142165,4.546428571428571
2023-09-13,243168,1355006,2801,48,145,1.1133141458931775,1.9418118466898953,0,0,0,,
2023-09-14,241002,1351299,2568,37,259,0.6390847862413545,1.3338297872340426,0,0,0,,
2023-09-15,229265,1276934,2102,21,201,1.042329243361892,1.2708121827411167,10,0,10,-7.75193798449613,-8.0
2023-09-16,151299,839704,1293,15,88,0.17559136338393144,0.8805447470817119,8,0,0,-4.18410041841004,-2.0
2023-09-17,134362,752788,1488,11,135,0.4920499267375489,1.9844765342960287,0,0,0,,
2023-09-18,221608,1237751,2451,27,251,1.031021644417943,1.6773930753564152,8,0,0,8.08823529411764,3.4
2023-09-19,254675,1405595,2602,30,104,1.7226475110127362,2.09078947368421,0,0,0,,
2023-09-20,263663,1446763,2118,15,75,1.8339686959189536,1.634871794871795,53,0,15,-5.846694513699989,-4.55
2023-09-21,263499,1435680,2504,20,41,2.111464323970874,2.272842105263158,0,0,0,,
2023-09-22,240548,1311188,2294,19,99,1.3611737155051444,2.0190476190476194,10,0,0,-5.04871567759079,2.8
2023-09-23,153824,851557,1610,42,63,1.8174314851870912,2.1616161616161613,20,0,10,-2.94906166219839,-3.4000000000000004
2023-09-24,137268,771839,1592,10,125,1.7453919008085217,1.8470989761092147,73,0,0,-2.46913580246913,2.65625
2023-09-25,216513,1213259,2146,11,241,1.4008280017446209,1.5136253041362526,0,0,0,,
2023-09-26,244757,1360571,2789,10,303,1.470756261262767,2.1984126984126986,10,10,0,-10.1598173515982,-4.4
2023-09-27,239298,1322513,2827,46,174,1.818766995799878,2.086512524084778,0,0,0,,
2023-09-28,235188,1307021,2250,0,137,1.540036440505428,1.9995412844036695,0,0,0,,
2023-09-29,220875,1227457,1234,23,108,-0.5049943924136324,2.092592592592592,0,0,0,,
2023-09-30,142548,805774,1059,6,35,0.4141320064420781,2.407692307692308,0,0,0,,
2023-10-01,129523,739804,1667,6,131,1.7883222440297224,1.6101398601398595,0,0,0,,
2023-10-02,197605,1127658,2682,2,148,1.9540947683728347,1.749789029535865,25,0,0,1.7070431957186551,4.475
2023-10-03,225517,1291638,2538,18,296,0.6005041035204112,1.2058212058212057,6,0,0,-1.00502512562814,0.0
2023-10-04,227285,1288858,3575,44,482,-0.7693413860154463,1.6565217391304348,48,10,0,-0.5971793516005315,0.11428571428571432
2023-10-05,238213,1341968,2894,20,364,-0.019043474358480583,1.216952380952381,0,0,0,,
2023-10-06,222767,1250020,2026,0,182,0.49447701145809836,1.8890052356020943,20,0,0,-0.22321428571428,1.7
2023-10-07,168209,939432,1267,0,132,0.5924151944171778,1.8376518218623485,0,0,0,,
2023-10-08,164928,897622,1435,30,109,1.6207737167129963,2.0900383141762453,0,0,0,,
2023-10-09,249713,1352714,2307,42,194,1.032349893254885,1.4038095238095238,8,0,0,2.09059233449477,-2.0
2023-10-10,275830,1496186,2214,0,131,2.198627980028682,2.1564766839378238,0,0,0,,
2023-10-11,284515,1543884,2341,17,128,2.048168302801518,2.214653465346535,0,0,0,,
2023-10-12,279354,1514383,2500,36,161,0.8925894813747007,1.8569264069264069,10,0,0,-4.59183673469388,1.9
2023-10-13,260240,1402349,1983,94,123,0.8794686648803063,1.2846560846560844,10,0,0,-9.58904109589046,7.4
2023-10-14,170126,928936,1471,24,111,-0.5096823691651544,1.4465703971119135,19,5,0,-4.58937198067633,0.9444444444444442
2023-10-15,161775,875674,1685,5,88,1.413785659875406,2.0524844720496898,0,0,0,,
2023-10-16,246938,1334283,2599,20,215,0.616206888836051,1.7839458413926497,0,0,0,,
2023-10-17,269941,1467001,3092,27,213,1.168904432694523,2.029900332225913,5,0,0,-2.86885245901639,-0.4
2023-10-18,294447,1577638,2919,73,183,1.0813859347663142,1.8815018315018313,12,0,0,-1.18483412322275,1.2666666666666666
2023-10-19,279399,1503932,2620,15,186,0.48878285527779486,1.4788867562380035,0,0,0,,
2023-10-20,257162,1391962,2697,26,144,1.0383442995821521,2.0515325670498084,28,0,10,-2.05320152501187,0.06666666666666687
2023-10-21,166054,896396,2223,0,141,0.8635319878530867,1.9262910798122064,22,0,0,-2.3056182418732165,1.9
2023-10-22,147593,800386,1402,0,76,0.269389224641341,1.5205128205128198,11,0,11,-7.55888179616993,-8.5
2023-10-23,235593,1277566,2223,14,87,1.214078843975375,1.7799999999999998,12,6,0,-0.60240963855422,-0.7000000000000002
2023-10-24,249526,1369745,2796,22,177,1.7767958139977011,1.6010224948875258,0,0,0,,
2023-10-25,255327,1394113,2076,29,132,0.8375756849093121,1.343283582089552,0,0,0,,
2023-10-26,257937,1418119,2269,17,139,1.4179284117177802,1.9296983758700699,14,0,0,-0.7525698426666441,7.2
2023-10-27,239428,1307384,1816,10,88,0.5050143407413663,1.700537634408602,28,0,0,-2.3304832712796926,2.2250000000000005
2023-10-28,159357,876686,1282,53,124,-0.2102855966774464,0.4692622950819669,28,0,10,-3.382802112803338,-0.1499999999999999
2023-10-29,143627,784940,1281,16,113,0.7423302284700177,1.556470588235294,0,0,0,,
2023-10-30,225114,1244962,2421,45,85,1.1600057620325694,2.0540669856459335,0,0,0,,
2023-10-31,243799,1346221,2483,48,89,1.5371395671220114,2.3014799154334042,0,0,0,,
2023-11-01,247927,1354045,3422,28,210,0.5250705029364657,1.6493212669683255,56,0,20,-4.963154517706554,1.1090909090909093
2023-11-02,245103,1337767,3418,0,127,0.6165194924084925,1.9855007473841553,0,0,0,,
2023-11-03,235699,1276726,2569,10,150,0.7077691167331123,1.477551020408163,10,0,0,-2.64171711612549,0.0
2023-11-04,164103,887074,1786,0,108,-0.7383795537375684,1.4258992805755404,12,0,0,-0.7303229458193176,2.35
2023-11-05,149115,791823,2150,23,153,0.39742177785788746,1.4064197530864195,0,0,0,,
2023-11-06,221495,1194277,2710,28,201,0.374559524743505,1.4614931237721023,10,0,0,-6.2015503875969,-0.4
2023-11-07,241702,1340074,2293,38,142,0.21720552968850465,1.329764453961456,65,6,6,-3.744132040766689,3.61304347826087
2023-11-08,245954,1356685,2754,46,94,0.9659059771133767,1.7871308016877636,24,0,14,-4.65863453815261,-2.176923076923077
2023-11-09,254204,1398163,2955,35,204,0.6339715560046106,1.8879182156133825,24,0,14,-4.6474358974359,-2.176923076923077
2023-11-10,235197,1298489,2873,13,133,0.8059208324957419,1.796243291592129,24,0,10,-0.025009087152788156,-1.04
2023-11-11,157573,856125,1288,10,125,0.39531362089373545,1.3778242677824262,38,0,14,-3.2894725055605143,-0.3437500000000001
2023-11-12,138315,760123,1456,20,65,0.9242636925482572,2.295719844357977,13,0,10,-2.446148229280755,-3.6000000000000014
2023-11-13,211442,1186593,4015,50,193,1.2199289640565105,2.102624671916009,2,0,0,3.5,6.0
2023-11-14,237829,1320208,3689,21,225,0.9368568254728287,2.0154727793696274,27,0,0,-1.14367405289493,6.0
2023-11-15,244586,1352192,4384,35,300,0.5901257365085286,2.0436766623207303,65,4,3,-1.03452085798702,2.2199999999999998
2023-11-16,246338,1371520,2970,17,191,0.5198737215879604,2.119729206963249,0,0,0,,
2023-11-17,230422,1284856,2840,28,173,0.6537631433044102,1.5766932270916334,18,0,18,-4.752332046847337,-10.0
2023-11-18,152243,838160,1615,20,100,0.16591248047752463,2.019488817891374,0,0,0,,
2023-11-19,132501,734364,1508,12,36,1.089400631781455,1.8720689655172422,17,0,0,-4.7542740287264875,0.0
2023-11-20,203253,1131769,3126,88,161,-0.03309613093090036,1.5379870129870126,45,0,20,-3.5228220874349163,-2.4818181818181824
2023-11-21,237036,1323336,3327,108,193,1.0131419560251804,1.6611544461778474,0,0,0,,
2023-11-22,244945,1374128,3076,13,194,0.2821034030829196,1.9648409893992933,0,0,0,,
2023-11-23,208790,1206665,2957,36,205,1.0655718802688425,2.013026052104208,16,2,2,-2.3278438570136646,-1.2428571428571429
2023-11-24,198910,1151576,2503,37,146,0.6433973974749919,1.7663934426229506,53,0,10,-3.287546650746025,-0.10666666666666647
2023-11-25,139173,788054,2477,31,119,-0.053022585946317695,1.616235294117647,0,0,0,,
2023-11-26,133671,742493,2619,29,112,0.31103184977508347,2.007383966244726,85,0,0,-2.7711284727589685,2.520689655172414
2023-11-27,211871,1188186,5168,15,287,-0.2693660146418636,1.7040642722117225,79,0,15,-5.933016755103094,-3.1374999999999997
2023-11-28,237533,1327699,6818,49,309,-0.4086852315955968,1.8523705324580602,68,16,13,-4.265268213027571,0.4153846153846157
2023-11-29,236301,1332947,7345,31,232,-0.2085600057451767,1.949762711864406,18,0,12,-2.45982114563824,-6.666666666666667
2023-11-30,232926,1311984,11666,122,370,0.09617626648358314,2.2118715083798888,18,0,0,-0.3446012318026678,1.8749999999999998
2023-12-01,220414,1223205,13179,188,434,-0.16085121003379,2.3672614712308784,34,10,8,-2.669417568620987,-1.4666666666666672
2023-12-02,144232,808318,8589,129,363,-0.06296633633543514,2.133118279569892,58,0,10,-2.6838993451982587,0.23749999999999993
2023-12-03,133061,749092,7764,46,358,-0.3480212083365397,1.8777848504137487,29,0,9,-8.348281770212624,-5.800000000000001
2023-12-04,203871,1152627,8551,39,266,-0.4683528446697425,2.348606465997769,26,0,17,-6.108313472314554,-4.65
2023-12-05,230002,1293031,7478,59,370,-0.49805551261547565,1.8785284280936467,24,0,4,-3.878538203002149,-0.9888888888888889
2023-12-06,236939,1322909,6701,94,484,-0.40135777523458344,1.8842375366568909,14,0,6,-4.45187385685636,-3.333333333333333
2023-12-07,240753,1336772,5903,43,315,0.1820298660894982,1.8298850574712655,28,0,0,-2.0131777018749295,0.52
2023-12-08,216675,1205389,5405,25,392,0.10486775621699104,1.6813640730067236,34,8,10,-3.5784543338758548,-3.0000000000000004
2023-12-09,146976,823428,3997,61,206,-0.9935386016939018,1.0663143989431978,64,0,15,-3.842270537930374,-0.7111111111111112
2023-12-10,137921,758281,4310,52,131,0.14948100029243439,2.268788249694002,29,0,3,-1.8920524555536,1.1249999999999998
2023-12-11,212397,1182118,5421,71,205,0.4415957380311685,1.8917234664070106,13,0,0,-3.203586329071686,1.62
2023-12-12,232361,1295879,5050,35,334,0.0443818946500725,1.435670731707317,316,49,135,-4.438426069437509,-4.291304347826087
2023-12-13,231589,1293456,4839,113,243,0.054143726624473684,1.4147092360319276,106,0,69,-3.432158319744037,-5.291666666666667
2023-12-14,235428,1315801,4340,76,169,0.5896785817457463,1.870451770451771,51,2,14,-3.32050346268571,-4.041666666666667
2023-12-15,217788,1214706,2931,31,308,0.6114038038384813,1.522222222222222,408,28,158,-4.068026357915702,-3.925609756097561
2023-12-16,140540,788802,1678,28,87,-0.1131523199409055,1.5573667711598749,193,4,142,-4.329697168166147,-5.715909090909091
2023-12-17,127267,715254,1775,21,113,-0.3048032455850889,1.1627507163323778,98,10,68,-4.723718892136877,-6.069565217391304
2023-12-18,198493,1121500,2731,0,131,0.6810564173061886,1.7047101449275353,187,9,71,-3.8761450739241288,-2.226315789473684
2023-12-19,214757,1219283,2195,9,74,1.4462210226224146,2.1860635696821515,252,10,40,-3.1121409442881856,-0.1843373493975904
2023-12-20,215486,1230830,2286,27,133,1.466244895202109,1.6814220183486237,126,4,32,-2.5309398928205167,0.19750000000000006
2023-12-21,209438,1182991,2335,16,115,1.4155257896599067,1.9822429906542056,133,0,22,-2.2299448368671193,0.8676470588235297
2023-12-22,188160,1064507,2136,14,278,0.4188189033470218,0.7433333333333336,94,0,29,-2.1920130497013504,-1.696551724137931
2023-12-23,123816,708031,1397,2,190,-0.2330021260456583,1.5580524344569289,70,8,26,-2.3719941634164163,-2.0090909090909097
2023-12-24,105865,605939,1225,2,112,-0.21513859291177906,1.594782608695652,41,0,25,-2.6192543969390996,-3.8823529411764706
2023-12-25,114483,649160,1596,18,101,1.0369126456384032,1.4524916943521582,68,0,28,-3.6178891606130135,0.08125000000000071
2023-12-26,145077,812391,1694,25,78,0.3927031564174681,1.95982404692082,45,6,14,-3.9693771722612503,-3.0538461538461537
2023-12-27,168766,947995,1778,26,183,0.041032631040370526,1.2802431610942242,32,0,16,-4.460950116480776,-1.9090909090909087
2023-12-28,175114,991537,2048,34,216,0.4404856582732377,1.3552884615384622,42,0,10,-3.8175583510754714,-1.08
2023-12-29,167185,940402,1751,16,167,0.4180438221196515,1.767378048780488,92,0,22,-3.2135880607059812,-3.3882352941176466
2023-12-30,122174,684314,1775,10,181,-0.1695098184939377,1.0727848101265818,71,3,30,-3.388306098465833,-3.0
2023-12-31,110677,619495,1104,12,123,-0.41092423581313403,0.8798206278026899,88,20,0,-1.9902494296851598,0.6999999999999997
2024-01-01,105529,602198,1393,78,136,1.1759837986713892,0.9693379790940772,36,10,3,-4.822478530520973,-2.1200000000000006
2024-01-02,159298,889180,1723,30,116,1.0408958187639554,1.2498542274052484,58,0,14,-2.813603806787297,-1.6833333333333336
2024-01-03,184099,1035414,2109,40,123,0.40022101194073,1.497738693467336,52,2,23,-4.707670257526583,-4.43
2024-01-04,198847,1096678,1763,1,144,0.6567324545564976,1.28236914600551,144,16,18,-3.010504627091051,2.6909090909090905
2024-01-05,189752,1042304,2035,37,115,0.15460293006824127,1.5564039408866994,88,16,22,-2.5667843812318685,0.6172413793103448
2024-01-06,134879,742794,1166,30,72,-1.0478571624280677,1.1775590551181103,40,0,11,-4.596221283826134,-0.6142857142857143
2024-01-07,122083,678032,1494,10,95,0.3946046447194286,2.2246913580246908,12,0,0,-3.2130290963487353,4.65
2024-01-08,187174,1043525,2167,45,216,1.0614230670383975,2.0551162790697672,75,0,10,-2.09778736392906,1.4769230769230768
2024-01-09,211099,1186639,2345,49,151,1.8196531830437999,1.6525974025974024,18,0,2,-4.126923483670915,-2.2285714285714286
2024-01-10,220786,1244572,2107,23,83,1.6991094280321881,2.0681372549019605,148,0,44,-5.809488168265141,-0.9153846153846155
2024-01-11,229595,1272182,3053,58,433,-0.9719332654786152,0.6422512234910277,101,0,31,-3.577735688249208,-0.7357142857142855
2024-01-12,225552,1248089,2965,139,546,-2.52077520683908,0.05190082644628107,211,34,53,-4.576098721035632,-1.8870967741935485
2024-01-13,144543,810431,1511,50,222,-1.7816018807048088,0.8175548589341695,54,1,9,-3.0137960136254156,-2.5500000000000003
2024-01-14,133810,740969,2285,26,181,0.36875984383276184,1.416083916083916,42,0,26,-2.11960635881907,-3.7111111111111117
2024-01-15,192030,1085619,2214,38,171,0.49253049701950596,1.6296296296296295,44,10,1,-3.233425165540934,-1.93
2024-01-16,216071,1219975,2282,18,191,0.8352290363643112,2.0936034115138598,74,12,18,-4.282273591910546,-3.7222222222222223
2024-01-17,227851,1284503,1810,18,82,1.3199098500832234,1.936624203821656,41,0,22,-1.334607979962893,-2.885714285714286
2024-01-18,233411,1312375,2456,40,59,2.0939316857015124,2.765972222222223,64,4,21,-3.024613217102833,1.1047619047619044
2024-01-19,211479,1187256,2200,22,229,0.23484198856995186,1.4171717171717173,52,0,0,-1.7397891216911268,2.608333333333333
2024-01-20,139321,782081,849,2,65,0.22501258227886556,1.2229813664596276,27,0,0,-1.2237293378876835,4.199999999999999
2024-01-21,128373,704124,1085,0,118,-0.2720248894574113,1.215068493150685,55,1,6,-3.502223954555164,0.6749999999999998
2024-01-22,200027,1122526,1980,0,194,1.8058639369904068,2.472773536895674,41,10,0,-3.2115064891096523,0.10909090909090935
2024-01-23,224770,1264276,2324,26,317,1.0417448819983945,1.4416243654822336,48,2,8,-2.916560788595798,-2.918181818181818
2024-01-24,228193,1279621,1927,31,150,1.572093966615691,1.7710937500000001,113,10,2,-2.081449049035547,1.8115384615384613
2024-01-25,232885,1302328,1792,47,145,0.9957058969500897,1.8218289085545722,85,0,25,-4.184646322453168,-0.3111111111111112
2024-01-26,217630,1206822,1767,24,127,1.2310749552334896,2.14574780058651,61,10,8,-3.752261154622954,-1.8769230769230774
2024-01-27,148633,833308,1152,4,84,1.1856106627274596,1.888059701492537,17,12,0,-1.60287044200754,-0.7600000000000002
2024-01-28,134503,751831,1064,12,67,1.4964978535676756,1.8612244897959183,46,20,8,-5.317114146895504,-6.485714285714286
2024-01-29,219421,1227966,1575,10,95,1.3106607910523527,2.0392026578073086,42,0,14,-1.9326019881380718,-6.336363636363637
2024-01-30,235197,1324581,2240,17,127,2.1472296870323464,2.0815964523281596,24,0,2,-1.67349418299277,1.775
2024-01-31,234329,1315159,2264,23,206,1.6339869775045335,1.9373390557939918,2,0,0,0.0,-2.0
2024-02-01,232163,1305617,2378,22,107,2.914226901277491,2.286746987951807,9,0,2,-3.7726966068314396,-2.45
2024-02-02,212645,1206840,1835,30,121,0.5671229625268188,1.4562146892655368,5,0,0,-3.7137608997207874,-0.20000000000000018
2024-02-03,146647,828236,823,14,88,0.6320686808011958,1.363253012048193,30,0,8,-0.879986817203755,-0.06000000000000005
2024-02-04,130385,736792,927,10,28,0.5839642948992186,1.6653631284916197,70,0,54,-3.5722215906248485,-8.0125
2024-02-05,204574,1153474,2048,26,105,1.997956692535952,2.5183023872679042,26,16,0,-4.89267170190554,-2.025
2024-02-06,229077,1278310,1796,50,106,0.9248467892659533,1.8521489971346705,14,0,4,-3.828443496231547,-3.333333333333333
2024-02-07,236328,1322115,1947,23,102,1.9624168060044525,1.9067357512953367,12,0,0,-2.6951543080575364,0.0
2024-02-08,231308,1300776,1869,8,105,1.9838229325182344,2.217922077922078,13,0,13,-3.51811087080934,-9.75
2024-02-09,215370,1197903,1347,28,85,0.6288207485763166,1.173234200743495,4,0,4,-3.2930355604774197,-7.5
2024-02-10,142780,796477,1190,0,38,0.3670247458677782,1.9787148594377504,103,10,34,-1.3192733488562056,-3.378260869565217
2024-02-11,127706,706180,1731,10,79,0.7237120322514323,2.263803680981596,0,0,0,,
2024-02-12,201726,1126594,3903,66,139,0.7804972160539823,2.286563307493541,87,11,62,-2.3101637894192155,-7.65
2024-02-13,225952,1243026,4358,100,221,1.0789623886386734,1.9412404787812845,34,0,0,-0.8033871731536915,6.485714285714286
2024-02-14,229282,1273175,3867,41,216,1.1710779665741666,1.8674712643678157,16,0,2,-2.8384723576287323,-1.3000000000000003
2024-02-15,233182,1302056,2959,53,268,1.472421217933539,1.9264122137404587,25,0,0,-0.41865939492805715,3.4857142857142858
2024-02-16,227978,1250134,1729,1,91,0.9117215911280004,1.6458563535911603,120,10,89,-2.383726021520115,-7.586206896551723
2024-02-17,154995,852412,786,20,69,1.2116216100954484,1.6133802816901408,68,0,53,-3.92300259941161,-7.230769230769231
2024-02-18,134834,747515,1231,57,74,0.9760647017928366,1.608260869565217,66,0,12,-4.0778481586982425,0.5636363636363634
2024-02-19,207900,1169244,2186,30,174,0.9836906113612063,2.1153488372093023,370,15,219,-4.744998748326726,-5.196385542168675
2024-02-20,236960,1319406,1918,19,121,1.8228521023851894,1.6311855670103095,87,0,51,-4.409959813803631,-4.65
2024-02-21,240768,1336268,2467,10,169,1.6686732128920256,1.8654088050314466,54,0,34,-5.116894118099065,-5.325
2024-02-22,235895,1318306,1809,16,154,0.8230455459760242,1.8958904109589043,26,0,10,-0.9103957054243356,4.414285714285715
2024-02-23,225675,1248895,1686,28,120,0.9124644002765523,1.4113636363636364,50,0,0,-2.483252460193082,3.4899999999999998
2024-02-24,159729,881280,1303,27,94,-0.2602740814458395,0.548,68,0,10,-0.5215873238202576,0.06470588235294161
2024-02-25,135188,748129,1068,17,80,0.7533483606658572,1.004285714285714,24,0,24,-3.9177759349161767,-10.0
2024-02-26,222906,1235116,2467,24,68,1.46343450481452,2.0344671201814055,80,0,24,-4.205550868026702,-3.8583333333333334
2024-02-27,247855,1377258,1997,4,223,0.12660161380535817,1.1410757946210268,107,0,10,-3.5616312627127704,0.835
2024-02-28,249578,1390361,2676,36,119,0.26431676140859667,1.679674796747968,139,36,48,-3.7951422457094837,-4.94
2024-02-29,240024,1342169,2058,29,68,2.1013525608941817,1.9530927835051548,9,0,0,-3.76155717761557,2.733333333333333
2024-03-01,227305,1272687,2139,18,152,0.8316252778379626,1.5842995169082126,0,0,0,,
2024-03-02,147381,829716,1392,12,82,1.7402070191756343,0.9833333333333332,232,0,62,-5.2970437680632845,-1.961111111111111
2024-03-03,130679,731249,1314,30,57,0.8301531486786748,1.906827309236948,141,0,29,-5.227003677872644,-1.3611111111111112
2024-03-04,209436,1188580,1901,0,132,1.4695179734678923,1.8648725212464594,107,0,21,-6.177633715464072,0.11851851851851783
2024-03-05,235957,1323967,2324,26,131,1.2612667154396424,1.966094420600858,60,0,10,3.6934980098020347,0.7166666666666659
2024-03-06,244857,1362602,2436,20,421,0.8371404000912747,1.3074786324786323,80,0,14,-1.0475660218637646,0.525925925925926
2024-03-07,241283,1347616,2474,26,331,0.9866060630222121,1.0482014388489211,24,0,0,-2.693305084303657,2.3
2024-03-08,219372,1215631,2095,21,259,0.12415378448586997,1.7284263959390864,44,0,0,-3.1885340172616727,1.583333333333333
2024-03-09,144993,813967,1116,10,109,-1.0553625963324,1.4589108910891089,58,0,0,1.61812297734628,3.1374999999999997
2024-03-10,129900,726078,1136,20,28,1.8467324170290336,1.9864978902953583,73,0,0,-3.4820592857734365,2.315384615384615
2024-03-11,205799,1155306,1766,58,162,0.4801337155437134,2.139692307692308,42,0,8,-3.2825369885714775,-2.25
2024-03-12,232032,1299699,2369,96,241,0.04075102685413212,1.8842887473460719,30,0,10,-2.992822338616733,-0.6666666666666667
2024-03-13,230821,1307198,1932,37,122,1.5305625995532943,2.2388429752066115,10,0,0,7.69230769230769,3.4
2024-03-14,228095,1282995,1898,92,151,0.7870757076832323,1.7123359580052495,30,0,20,-4.04147000493484,-6.75
2024-03-15,218099,1232500,2054,67,96,0.7620248702522916,1.978082191780822,10,0,0,5.6,3.4
2024-03-16,137262,776896,898,14,68,0.688524656305311,1.426315789473684,15,0,15,-6.249046529366879,-10.0
2024-03-17,130175,732230,1221,2,77,1.477754122891283,1.768844221105527,0,0,0,,
2024-03-18,207791,1174685,1978,36,126,1.0840377322819745,1.963197969543147,0,0,0,,
2024-03-19,235292,1321331,2398,26,268,1.0306095181022699,1.2347126436781612,26,0,6,-2.58067725106962,-3.5999999999999996
2024-03-20,236222,1332767,2007,29,248,0.4441317384198882,1.1217506631299736,62,0,10,-7.4808312666518715,-0.6142857142857144
2024-03-21,236177,1326102,1798,9,109,1.1975117314610508,2.7063414634146343,2,0,0,-1.72839506172839,4.0
2024-03-22,221877,1236546,1651,20,94,1.7141649467947748,2.5755952380952376,15,0,7,-4.8050256138491365,-6.666666666666667
2024-03-23,143245,812066,955,5,58,2.3584147833639464,2.395454545454546,31,2,8,-4.247111010838601,-4.342857142857143
2024-03-24,131322,740394,1175,15,63,0.9519715849096702,3.267482517482517,138,9,79,-3.346800558295113,-5.196153846153846
2024-03-25,206824,1165276,1926,30,111,1.7765026842076914,2.344311377245509,42,2,10,-0.4962943804199949,-2.7166666666666672
2024-03-26,228927,1273602,1817,15,160,1.3800677081921444,1.208181818181818,16,0,0,-2.3883641047659947,4.25
2024-03-27,224019,1249562,1697,15,209,1.21275799677968,1.1130030959752322,0,0,0,,
2024-03-28,217492,1216992,1704,13,134,0.6469644683062633,1.531750741839763,43,0,0,0.6424335548149405,2.5857142857142854
2024-03-29,188469,1044139,1471,10,131,0.906810553284625,1.8190476190476188,33,0,15,-1.0311994282576298,-1.1250000000000004
2024-03-30,125454,704316,1390,20,139,-0.173198992569112,1.431999999999999,5,0,5,-3.63070539419088,-10.0
2024-03-31,117292,663535,1263,20,112,-0.42246838890084637,1.0403669724770641,0,0,0,,
2024-04-01,178959,995746,1292,29,135,1.1566008754394062,1.2594142259414225,2,0,0,-0.69541029207232,-2.0
2024-04-02,225290,1249715,1638,4,141,1.27485185380964,1.4149006622516558,0,0,0,,
2024-04-03,229323,1280939,2552,10,72,2.9293880297681127,1.997455470737914,5,0,5,-3.45549738219896,-10.0
2024-04-04,227851,1277818,1513,67,92,1.067273073596374,1.3685512367491164,0,0,0,,
2024-04-05,212572,1195451,1390,14,154,0.2838053358115927,1.1931999999999998,0,0,0,,
2024-04-06,140375,795722,1348,84,166,0.3437986273334914,1.4329166666666668,18,0,8,-4.63960231980116,-6.333333333333333
2024-04-07,134461,747465,1082,18,119,-0.4937063969224421,0.9541484716157209,0,0,0,,
2024-04-08,206773,1152672,1766,10,182,0.4620025855371379,1.3324999999999998,24,8,8,-8.44816947758121,-2.175
2024-04-09,224660,1263075,1536,28,121,1.2404690836293655,1.4805653710247348,38,0,30,-5.326191711765134,-4.96
2024-04-10,221880,1239526,1436,7,65,1.4439696342848551,1.6819852941176474,14,0,6,-2.9138202837624747,-2.8000000000000003
2024-04-11,220768,1233557,1241,47,108,0.36054042758695914,0.9490990990990992,20,0,0,-4.56541177196066,1.9
2024-04-12,217930,1215938,969,10,87,0.9385356724834502,1.3610837438423644,33,0,0,-4.360758485154291,0.675
2024-04-13,147111,827932,2051,132,335,-2.3396854878284956,-0.4404958677685951,10,0,10,-4.65116279069767,-9.2
2024-04-14,159599,872871,1914,50,252,-2.9699475905460266,0.42843601895734595,8,0,0,-5.36992840095465,5.0
2024-04-15,218539,1206976,2389,102,225,-0.5729649542288944,1.4233140655105962,22,0,0,-0.3993010693265917,0.5666666666666668
2024-04-16,229645,1281301,2337,92,203,0.08195800062651604,1.0709832134292565,0,0,0,,
2024-04-17,234871,1302615,3831,188,411,-2.576788294308837,0.5629860031104199,10,0,10,-4.93179433368311,-10.0
2024-04-18,231138,1300474,3885,146,198,-2.2619350907454505,0.9326149425287358,8,8,0,-5.84817970565453,-4.4
2024-04-19,221488,1248434,3305,93,322,-2.4324289474182335,0.4939721792890262,10,0,0,-4.86223662884927,-8.0
2024-04-20,145125,805810,1732,40,177,-1.9199616709131448,0.7813186813186818,0,0,0,,
2024-04-21,130355,723664,1496,20,70,-0.533035243283288,1.6262411347517727,14,0,0,-6.64820882865072,0.0
2024-04-22,213242,1197675,2114,13,103,-0.06976748905053669,1.937333333333333,92,20,12,-4.536325809310354,-0.21818181818181825
2024-04-23,229329,1297123,2194,21,132,1.2865417739357543,2.005392156862745,20,0,0,-12.4087591240876,7.0
2024-04-24,234091,1319958,2378,6,156,1.1428640656138813,2.7108870967741927,104,5,0,-4.395343540125327,1.7066666666666666
2024-04-25,234010,1311893,1786,4,76,0.727471392801812,1.8166144200626957,36,0,4,-4.72798737536565,0.19999999999999984
2024-04-26,218742,1233026,1469,26,99,0.33943598190965885,1.2570866141732282,73,8,37,-3.3828603836750433,-4.622222222222222
2024-04-27,143429,807270,981,5,72,0.34805733539740313,1.2840796019900504,186,5,85,-3.3364763456640967,-3.762962962962962
2024-04-28,130808,736679,1661,0,105,0.3774353740690545,1.5208791208791208,46,0,18,-5.151258317723694,-3.825
2024-04-29,209263,1170439,2104,6,102,1.2072791859857153,2.1297229219143574,309,4,181,-6.776242531538677,-5.899999999999999
2024-04-30,220742,1245729,2084,27,163,0.49049650602973327,1.1709944751381216,127,0,112,-5.303119838398382,-8.233333333333333
2024-05-01,204214,1124188,1932,66,205,0.8843999550356364,1.1076452599388378,29,15,14,-5.247931818214288,-7.85
2024-05-02,218234,1217957,1902,63,174,-0.34425164997284596,1.0954545454545457,0,0,0,,
2024-05-03,210129,1172100,1614,49,110,0.5199573016847919,1.7815181518151817,10,10,0,-8.43373493975903,-4.4
2024-05-04,140135,783378,1114,20,80,1.7675017856554511,2.136111111111111,12,10,0,-6.13636363636363,-1.6000000000000003
2024-05-05,129746,723878,965,18,63,2.4110700785739185,1.7114285714285715,0,0,0,,
2024-05-06,211072,1167748,1927,12,88,1.9693851609005673,2.2319587628865984,0,0,0,,
2024-05-07,232101,1278486,2029,2,126,1.2988812267138463,2.3944303797468347,0,0,0,,
2024-05-08,232041,1291308,2238,4,169,1.376075987978219,1.961978021978022,5,0,0,-8.88625592417058,0.8999999999999997
2024-05-09,221422,1233168,2227,23,188,1.1420471845333675,1.5117516629711751,6,0,0,-2.97397769516729,3.4
2024-05-10,206365,1150137,1581,10,119,1.2025337331721604,1.8013071895424837,11,0,0,-3.1943373441387397,4.65
2024-05-11,135226,755940,1051,8,134,2.4487431154466117,1.2518716577540105,0,0,0,,
2024-05-12,123132,693820,1029,12,69,1.622518452531859,1.5946524064171121,20,0,0,-7.21311475409836,1.5
2024-05-13,202651,1141182,1622,10,106,2.040294370252871,2.2503424657534246,36,0,20,-4.883954951792738,-0.8571428571428572
2024-05-14,225017,1264915,2014,14,174,0.8357864017957339,1.3835106382978724,32,0,4,-2.386188613240804,1.1714285714285715
2024-05-15,235328,1326061,2887,12,158,1.2779016928705849,1.6858156028368791,56,0,0,1.049857369797809,3.6142857142857143
2024-05-16,235356,1321001,2183,4,106,1.6098970987917278,2.2045023696682464,54,0,0,-2.46898144963764,2.2666666666666666
2024-05-17,217522,1221281,2089,46,216,1.510041162713593,1.7117794486215538,43,0,0,-2.06794682422452,2.07
2024-05-18,141225,790650,1118,0,109,1.096943035463262,1.5730392156862751,69,0,31,-4.090834375160196,-6.0
2024-05-19,128629,728913,979,0,83,2.1336823765816324,1.8414893617021275,98,1,37,-5.923958979769654,-2.2411764705882353
2024-05-20,212139,1173957,1571,26,87,-0.44545184454304343,1.252727272727273,108,0,14,-1.8592310146423983,0.42500000000000004
2024-05-21,228528,1285992,1635,22,71,0.8762096208736376,1.9231543624161074,0,0,0,,
2024-05-22,240329,1326362,1686,33,151,0.03672373839316623,1.3956772334293948,8,0,0,-2.89765721331689,3.4
2024-05-23,227761,1266165,1953,14,121,1.070151422223969,1.8135135135135132,16,0,0,-4.36021462975783,2.6
2024-05-24,213230,1196444,1544,21,91,1.1858182756453102,2.22051282051282,4,0,0,-4.3010752688172,2.3499999999999996
2024-05-25,140187,783571,1114,2,113,0.3741634190465777,1.6075471698113217,20,0,0,7.557944239166945,5.2
2024-05-26,127989,717677,931,0,16,1.547835317799854,2.08855421686747,14,0,0,-2.09729099912613,5.375
2024-05-27,193945,1100838,1771,22,110,0.6219408835455575,1.2907563025210076,0,0,0,,
2024-05-28,224336,1266084,2253,17,136,1.7214718328629264,1.6278538812785384,10,0,0,-4.81927710843374,-4.0
2024-05-29,225965,1274604,1965,16,138,0.8937585382205656,1.4674418604651163,71,0,67,-5.38422473844757,-7.093333333333333
2024-05-30,222015,1249204,1831,3,128,0.9231038749763174,1.892073170731707,31,0,16,-7.623206465105773,-1.7666666666666666
2024-05-31,223576,1231283,1594,10,123,0.7542115741517728,1.2492700729927007,0,0,0,,
2024-06-01,140676,780410,866,4,64,0.8449397852439513,1.3200000000000003,46,0,0,4.598504217076097,2.266666666666667
2024-06-02,124860,701202,897,10,104,0.17787308261343002,0.9284023668639054,0,0,0,,
2024-06-03,200432,1127310,2376,25,160,0.9789012892010265,1.9625866050808325,10,0,10,-7.97227036395151,-9.0
2024-06-04,211029,1189615,2168,12,63,-0.13097036048904864,2.191990846681922,32,0,0,3.297493186378748,1.9142857142857144
2024-06-05,225152,1267128,2370,16,127,0.6975873404103867,1.6099557522123895,0,0,0,,
2024-06-06,230782,1270010,1850,23,79,1.0174063490722545,1.2691558441558444,47,1,2,-2.8066774154549163,-1.372727272727273
2024-06-07,209906,1168940,1342,10,120,0.7244036328120238,1.6660839160839163,189,20,66,-5.397597908669209,-2.2964285714285713
2024-06-08,138614,774241,908,45,45,1.6049905018843114,1.7284090909090906,103,2,46,-4.752403246105499,-4.58
2024-06-09,125252,710740,1219,0,58,1.576666292352675,1.2777777777777775,10,0,0,-3.98860398860399,-2.0
2024-06-10,192956,1096380,1914,29,62,1.9934524118316785,2.4636363636363634,20,0,0,-5.59440559440559,-1.3
2024-06-11,215813,1216033,1884,6,93,2.2503459193216377,2.4604456824512533,10,0,5,-2.3809523809523796,-3.5666666666666664
2024-06-12,217090,1226812,2265,38,130,1.4285434200070501,1.996681415929204,0,0,0,,
2024-06-13,224970,1264975,1868,0,209,1.2962789728032433,1.665142857142857,68,0,26,-2.8174792093464442,-0.8500000000000001
2024-06-14,211122,1186005,2122,20,139,1.065629186151311,2.2665048543689323,20,0,10,-7.5,-4.239999999999999
2024-06-15,154924,831564,1052,0,130,-0.24793067480497033,1.2229074889867835,20,0,14,-0.5728165797119598,-6.171428571428572
2024-06-16,135195,730934,1063,0,89,0.4894862794518597,1.6903765690376567,7,0,2,-3.6674183464877332,-7.333333333333333
2024-06-17,194231,1074076,1073,16,129,0.46065025570213947,1.1228571428571428,71,0,37,-2.610802727781491,-5.268181818181818
2024-06-18,198297,1128009,1094,45,69,-0.46373554136706335,1.0400000000000003,9,8,1,-3.132706635592472,-5.022222222222222
2024-06-19,204353,1157330,1477,13,97,1.1920051444737871,1.65539033457249,16,0,6,-4.570424006126855,-5.0
2024-06-20,206403,1172579,1592,24,132,1.5504273767944914,1.2085409252669035,38,0,0,-3.4191198072742233,0.7833333333333332
2024-06-21,200440,1132718,1132,0,84,1.2849065891927907,1.6372340425531915,14,0,0,-3.4019630293469634,-0.8999999999999999
2024-06-22,126789,724929,893,0,138,0.7216736854282583,0.45321637426900585,10,0,10,-3.58126721763085,-9.0
2024-06-23,116483,660781,816,29,67,-0.45441423623219834,0.412790697674419,0,0,0,,
2024-06-24,189221,1075514,1300,10,121,1.1699154120237019,1.7582959641255604,10,0,0,-3.10344827586207,-6.5
2024-06-25,221144,1248592,1424,14,155,1.5271116615270526,1.3073170731707318,26,0,8,-6.694878893671215,-2.8
2024-06-26,220949,1258771,1399,11,115,0.8277533806096883,1.3085501858736062,0,0,0,,
2024-06-27,212940,1215729,1450,19,94,1.225917339077919,1.5269230769230766,0,0,0,,
2024-06-28,195177,1110985,1305,8,115,0.14519134768242445,1.352459016393443,0,0,0,,
2024-06-29,120247,699612,833,0,110,1.066037778619401,1.3089820359281439,0,0,0,,
2024-06-30,110358,637590,777,0,90,1.5163342438544838,0.788,8,0,0,2.13414634146342,-2.0
2024-07-01,179415,1038137,1485,0,142,0.8545159365823545,1.063197026022305,38,0,10,-0.9308338720103286,-0.2999999999999998
2024-07-02,202558,1160600,1429,20,79,1.6175604770359313,1.8137614678899083,16,0,16,-1.58562367864694,-10.0
2024-07-03,207619,1168957,1647,0,121,1.7778417131604105,1.931012658227848,11,0,6,-1.629338220707416,-6.4
2024-07-04,189077,1090093,1811,3,242,2.142928720611174,1.7277566539923952,20,0,0,-4.95963091118801,4.0
2024-07-05,183968,1045724,1180,0,83,1.5248192015293713,1.6563559322033894,4,4,0,-6.01092896174863,-4.4
2024-07-06,121504,692826,862,0,124,0.16337955500256468,1.606470588235294,1,0,1,-5.36585365853659,-10.0
2024-07-07,113741,647061,723,0,86,0.84346593770964,0.27200000000000024,0,0,0,,
2024-07-08,195710,1095975,1490,5,73,0.886412664152037,1.829473684210526,0,0,0,,
2024-07-09,208839,1174736,1708,11,203,-0.20933725836844652,1.4752976190476192,30,0,20,6.16740088105727,-7.333333333333334
2024-07-10,212376,1191262,2400,39,335,-3.193949933888542,1.1417832167832167,25,0,3,-7.29159768005172,-3.6
2024-07-11,217218,1208414,2184,10,312,-1.411912022784664,0.9740259740259739,26,0,16,-5.850088051723393,-8.4
2024-07-12,197149,1116033,1698,0,239,-0.584505770217582,0.8016666666666665,0,0,0,,
2024-07-13,127163,715410,815,6,75,-0.16794903868329958,1.0316939890710382,30,0,0,-5.6969696969697,3.0
2024-07-14,121801,657392,1134,5,52,0.8945503307099982,2.043396226415095,10,0,10,-8.73362445414848,-10.0
2024-07-15,181558,1018589,1460,8,93,1.0500058423200083,2.2192926045016073,8,0,0,-3.64077669902913,7.4
2024-07-16,203557,1143159,1652,25,171,1.3701908362700452,1.8172881355932204,0,0,0,,
2024-07-17,208238,1167314,1676,28,116,1.263664284140801,1.699375,40,0,0,1.6782582538868565,3.3666666666666667
2024-07-18,206707,1162666,1468,10,131,0.5490610414788533,1.4806949806949805,8,0,0,-0.41436464088398,-2.0
2024-07-19,194448,1090191,1226,17,64,-0.6810796222461781,1.354237288135593,58,7,10,-3.1000525324887125,1.4666666666666666
2024-07-20,127510,717379,888,4,72,0.32896584469533924,0.9903954802259884,84,2,38,-3.1452279576406026,-3.65625
2024-07-21,120674,671082,996,4,120,1.5913727075760233,1.1401098901098907,10,0,10,-7.48502994011976,-10.0
2024-07-22,190200,1050705,1936,10,124,1.2405701694794562,1.6336708860759497,22,0,10,-2.9921182368050396,-4.5
2024-07-23,203208,1128137,1278,8,106,1.5641306563657382,1.7180392156862747,18,0,8,-2.54377662091813,0.9333333333333336
2024-07-24,210300,1156280,1686,15,89,0.9941208710555605,1.8779359430604985,0,0,0,,
2024-07-25,205476,1137859,1596,18,154,0.4088770447776317,1.3891986062717765,70,0,20,-3.216675911667216,2.0545454545454547
2024-07-26,190355,1042954,1029,0,86,-0.16811608180798768,1.5119170984455959,130,0,0,-0.6974759625279852,2.0470588235294116
2024-07-27,124342,691321,816,6,57,0.8308159624692334,1.2298701298701293,0,0,0,,
2024-07-28,108635,612381,894,13,48,1.3668728653382607,2.0353658536585373,0,0,0,,
2024-07-29,179312,1006512,1573,10,143,-0.28398956694197586,1.6184563758389272,2,0,2,-0.51216389244559,-9.0
2024-07-30,199299,1116949,1637,12,54,1.294680147607946,2.2376666666666667,10,0,0,-4.05982905982906,0.0
2024-07-31,218783,1189360,1590,17,147,-0.6403031765933778,0.4545189504373177,2,0,2,-2.44755244755245,-5.0
2024-08-01,221825,1193296,1243,13,139,-0.17572602126173822,1.2911196911196912,0,0,0,,
2024-08-02,201109,1087179,1256,41,155,-0.26967961053402956,0.99484126984127,4,0,4,-9.52380952380953,-9.0
2024-08-03,127505,709475,908,81,136,-1.604928137525667,0.16081871345029217,0,0,0,,
2024-08-04,117253,655538,913,26,122,-1.5006348004693344,1.0677018633540367,10,0,0,-4.02625820568928,4.0
2024-08-05,185714,1039536,1442,60,214,-0.8658933287324659,0.13189964157706058,6,0,0,-4.40835266821346,7.0
2024-08-06,203444,1128856,1284,13,125,0.08288396905273615,0.6882352941176474,20,0,0,-1.44927536231884,2.3499999999999996
2024-08-07,204969,1143436,1775,29,116,1.4695042708074884,1.9511834319526635,20,0,0,-4.37342304457527,2.3499999999999996
2024-08-08,200219,1123639,1603,50,171,0.325777760971098,0.9242957746478873,88,0,76,-3.550611254243809,-8.999999999999998
2024-08-09,187832,1046489,1313,4,122,0.02601568187638456,1.2472340425531914,112,0,106,-3.281101661679991,-9.1
2024-08-10,134106,739217,1076,0,104,-0.5590419704907379,1.5037433155080215,45,0,45,-4.036940430949984,-10.0
2024-08-11,111544,629857,831,0,87,-0.824252476260461,1.3207407407407405,0,0,0,,
2024-08-12,177481,997653,1310,11,145,0.5571442427201363,1.0471311475409835,26,0,16,-3.9344223344223344,-4.4
2024-08-13,195758,1090309,1460,4,149,-0.3425333078513927,1.1173501577287066,20,0,0,-3.21199143468951,2.7
2024-08-14,201257,1121419,1225,0,60,1.6915816616960093,1.7550660792951542,11,0,0,-3.58695652173913,1.5666666666666667
2024-08-15,200040,1096801,1241,10,67,1.4836594884654548,2.1084507042253517,8,0,0,-7.37155621742368,2.3499999999999996
2024-08-16,191860,1059656,1188,0,123,0.7757554855428891,1.2836283185840711,0,0,0,,
2024-08-17,128542,719105,789,21,35,0.005314499915041182,1.7287769784172657,0,0,0,,
2024-08-18,116750,644588,816,0,23,0.6726615383129387,1.709375,12,0,0,-1.79385671704569,2.8000000000000003
2024-08-19,186860,1030360,1696,14,190,0.08015730356173711,1.1525641025641027,10,0,0,-11.4754098360656,6.0
2024-08-20,212291,1156478,1640,0,161,1.1988825148389854,1.7016181229773464,0,0,0,,
2024-08-21,205580,1141198,1757,110,159,-0.06402777171190481,1.0649842271293375,0,0,0,,
2024-08-22,206781,1147669,1616,59,278,-0.7558676598833902,0.510596026490066,0,0,0,,
2024-08-23,193379,1065140,1290,22,138,0.5071624138877515,0.7811023622047243,0,0,0,,
2024-08-24,128755,723902,799,13,50,0.10155989011115008,1.600769230769231,13,0,1,-1.7169313438271365,-5.333333333333334
2024-08-25,125060,703594,1450,32,196,-1.8397978076314565,0.29862068965517263,94,10,8,-8.659173735014225,-1.9230769230769238
2024-08-26,182921,1037840,2301,16,268,-0.5342838528763136,1.164,40,0,10,-3.4761094001557797,-1.8999999999999986
2024-08-27,206516,1149601,2090,33,186,-0.851926350501576,1.0372881355932202,34,8,0,-5.870478095447815,2.4500000000000006
2024-08-28,210119,1180576,1898,20,208,-0.26029485985425016,1.3073417721518987,0,0,0,,
2024-08-29,210165,1175094,1676,0,147,-0.08036195039690697,1.5678571428571428,2,0,0,-1.07991360691144,3.5
2024-08-30,195380,1093278,1605,19,114,0.08434267486589114,1.4293333333333331,8,4,0,-2.669585667168263,-1.0666666666666669
2024-08-31,124016,706849,924,10,147,0.027425797712788524,1.3344086021505375,19,0,0,1.21477528271232,3.6571428571428575
2024-09-01,117101,661586,1104,12,149,-1.1564915510085219,1.541037735849057,10,0,0,1.41287284144427,4.0
2024-09-02,170377,983807,1889,30,96,0.575548763410334,1.6658730158730148,16,0,6,0.6892301729237925,0.7000000000000002
2024-09-03,204006,1156182,2448,1,436,-2.6114460665001684,0.27366336633663413,30,0,10,-1.3474124479889023,1.8249999999999997
2024-09-04,219224,1219412,2209,49,260,-1.583700645870446,0.7604545454545455,0,0,0,,
2024-09-05,215468,1207490,1886,10,270,0.4321315871618788,0.7626666666666666,0,0,0,,
2024-09-06,209247,1155450,1726,2,157,0.5745857938731728,0.8047923322683704,0,0,0,,
2024-09-07,135768,749668,1207,10,146,-0.12053088965788286,0.9886597938144328,8,0,0,-7.48847926267284,-2.0
2024-09-08,125690,703483,1004,20,70,0.3557517143073188,1.4594713656387663,0,0,0,,
2024-09-09,200214,1121236,1412,4,77,0.6755425061041602,1.4204545454545452,0,0,0,,
2024-09-10,218744,1223628,1673,20,93,0.1549899748981841,1.873404255319149,15,0,0,-4.721698136046485,-1.0
2024-09-11,226062,1248780,1546,0,135,0.24899593620658547,1.5085603112840467,3,0,3,-2.08450704225352,-10.0
2024-09-12,222770,1247460,1785,22,71,1.726449647086524,2.3271739130434788,22,0,0,-1.783320341113379,1.8666666666666663
2024-09-13,217022,1206126,1651,20,161,1.2567898232829056,1.5923287671232877,25,0,0,-2.8805695445618427,-1.9000000000000004
2024-09-14,136813,764231,826,2,95,0.2740439879816495,0.4245508982035929,0,0,0,,
2024-09-15,120807,678016,1199,2,49,1.632643627061544,1.8179282868525901,20,0,16,0.5640660475485695,-1.766666666666667
2024-09-16,183372,1038591,1522,8,113,1.222656631991604,1.4507462686567163,8,0,8,-7.54189944134079,-10.0
2024-09-17,203111,1160329,1824,10,98,1.8886816321429876,2.7423976608187135,4,0,0,-7.14285714285714,-2.0
2024-09-18,213352,1211557,1696,0,168,0.9875722249780139,1.6525073746312682,6,0,1,-0.024815849283936764,1.8500000000000014
2024-09-19,216480,1221084,1527,14,156,1.3673266366611343,1.2662576687116562,10,0,0,-3.83182543906333,2.8
2024-09-20,204419,1151010,1493,13,113,0.8426379357215901,1.989527027027027,68,0,0,-3.286462803468467,2.4299999999999997
2024-09-21,136326,763936,1052,5,107,0.8292039819281583,1.7603174603174607,15,0,0,2.7318295739348364,-0.6666666666666667
2024-09-22,123435,697213,947,2,67,1.0321738366250037,1.6119999999999999,0,0,0,,
2024-09-23,199181,1120713,1911,20,105,0.25776106974797874,2.3409090909090913,0,0,0,,
2024-09-24,228666,1277237,1912,26,98,0.9768729713939843,1.5211796246648797,0,0,0,,
2024-09-25,232032,1302491,2286,60,171,0.48165060392806147,1.3676056338028173,10,0,0,2.57731958762886,7.0
2024-09-26,235575,1310881,1803,10,118,1.4659395534518374,1.7499999999999996,0,0,0,,
2024-09-27,222076,1218219,1618,50,160,0.8462760846161034,1.1408408408408408,35,2,0,-6.95022742793806,-1.3555555555555558
2024-09-28,147544,801495,930,12,56,1.5391272744410605,1.7163366336633663,8,8,0,-2.83687943262411,-7.0
2024-09-29,131840,724053,770,0,44,3.002515039585482,1.5579999999999994,10,0,10,-3.19148936170213,-10.0
2024-09-30,200522,1120275,1633,14,104,1.579163378834298,1.4794392523364486,12,0,12,-10.3004291845494,-9.0
2024-10-01,230955,1302170,1865,22,250,-0.23260584687690178,0.4659217877094974,10,0,0,-1.59574468085106,4.65
2024-10-02,233872,1296574,2382,30,263,0.42887745544440903,0.5537444933920704,143,0,0,-5.819701478715885,3.3652173913043475
2024-10-03,219855,1235794,1735,6,183,-0.43634950193625666,0.7559556786703598,89,0,15,-5.674623003991364,-0.13529411764705881
2024-10-04,212934,1194272,1830,32,136,0.27262063888775456,1.385142857142857,41,0,0,-7.254718763853498,0.8799999999999999
2024-10-05,139436,784585,1522,30,207,0.23952371194797273,0.6102310231023105,0,0,0,,
2024-10-06,130657,721681,793,14,76,0.4642196107843361,1.522627737226277,0,0,0,,
2024-10-07,210964,1166257,1829,50,96,1.603340525663599,2.118934911242603,1,1,0,-7.70877944325483,-4.4
2024-10-08,224220,1250886,1948,53,144,1.735506200936317,1.4086075949367087,11,1,0,-3.93629954720135,1.6333333333333333
2024-10-09,225434,1252565,1699,36,76,1.401277018187877,2.22760736196319,55,0,0,-2.2217028984012526,3.783333333333333
2024-10-10,219913,1221841,2227,10,315,-0.51596622943871,0.5484560570071262,7,0,0,-6.8421052631579,0.13333333333333333
2024-10-11,209808,1160969,1607,19,216,-1.1921043931937392,0.7501519756838905,10,0,0,-2.08333333333334,4.65
2024-10-12,134897,750517,1004,2,186,-0.07874525953190492,0.4958139534883721,10,0,10,-11.6504854368932,-10.0
2024-10-13,123434,695531,1592,2,215,0.34645687635225697,1.0625850340136054,20,0,0,1.80055401662049,1.9
2024-10-14,197281,1116360,2296,32,140,1.0157541759881048,1.5568720379146928,40,0,0,-1.8923096202848901,2.45
2024-10-15,218541,1233914,2323,12,147,2.3213317790456265,2.2096982758620682,30,0,0,-1.66543725439128,3.428571428571429
2024-10-16,228388,1281211,2082,20,130,1.8017403082065804,1.787533156498674,4,0,0,-0.42592029205963,0.8
2024-10-17,222433,1242056,2217,46,143,1.0885880492775484,1.4682741116751268,4,0,4,-3.05010893246188,-10.0
2024-10-18,214727,1189811,1856,45,172,0.5352005671279811,1.3598915989159892,60,0,10,-3.6196682420775574,-0.5750000000000002
2024-10-19,140888,786155,1284,107,105,-0.900421688475357,1.3917241379310337,0,0,0,,
2024-10-20,124918,703815,1311,12,63,-0.034416395412983025,1.8157894736842106,0,0,0,,
2024-10-21,204674,1149481,1508,31,86,2.1140436138821097,1.8321554770318027,0,0,0,,
2024-10-22,225996,1257210,1942,20,399,0.4185956722212191,0.4975903614457831,0,0,0,,
2024-10-23,231866,1280614,1943,29,87,0.9938929599068462,2.0301136363636365,50,20,16,-5.224046684463654,-6.3
2024-10-24,227654,1266816,1786,30,163,1.4832952601329557,1.6984,0,0,0,,
2024-10-25,214506,1196825,1463,34,150,-0.3660452371765315,1.5585669781931464,16,0,0,-3.1191332439262434,0.0
2024-10-26,142414,803627,1201,36,147,-1.1569410751713476,0.12540983606557382,0,0,0,,
2024-10-27,123240,702283,1048,27,111,0.6675695698346282,1.3553191489361707,0,0,0,,
2024-10-28,194866,1101380,2142,16,192,0.31835708771230453,1.4097130242825608,55,0,22,-4.420626706554257,-2.581818181818182
2024-10-29,214154,1199779,1900,14,198,0.9048762734522582,1.477488151658768,69,0,39,-3.4723359034637555,-6.166666666666667
2024-10-30,210760,1181666,1873,31,113,1.2439101505576131,2.0733509234828493,6,0,0,-6.54205607476636,7.4
2024-10-31,205107,1145765,2061,30,110,1.8331044102436145,1.6087939698492464,30,0,12,-4.480367747354668,-4.3
2024-11-01,195148,1071186,1688,10,95,0.8577947890397685,2.4728045325779027,0,0,0,,
2024-11-02,127578,716449,729,14,44,0.4179193891685239,0.6677631578947373,0,0,0,,
2024-11-03,113803,634570,809,5,79,2.104075363566265,1.4194805194805196,8,0,0,3.19031903190319,7.0
2024-11-04,187234,1030225,1735,20,62,2.569043559757487,2.1735099337748345,0,0,0,,
2024-11-05,206651,1147896,1685,13,78,1.1694589216812892,1.9687096774193549,10,0,0,2.40362811791383,0.8799999999999998
2024-11-06,223882,1189416,1931,0,262,0.19865742813562126,0.9276595744680849,36,0,0,2.392967866652082,2.88
2024-11-07,214465,1172615,1381,19,129,2.0646206918319927,1.5684824902723737,6,0,0,2.71186440677966,2.3499999999999996
2024-11-08,194397,1088537,1336,16,142,-0.12840412897115944,0.6486301369863017,26,0,14,-3.08171206225681,-6.066666666666666
2024-11-09,131636,741578,918,2,47,0.6465626490112555,1.5121387283236993,4,0,0,-3.85487528344671,4.0
2024-11-10,121176,682658,1032,10,61,0.8720546266695262,1.3773504273504276,1,0,1,0.68965517241379,-5.0
2024-11-11,188710,1058304,1661,12,75,0.8993163804368354,2.030718954248366,10,0,0,-4.44444444444445,3.0
2024-11-12,208890,1180401,2058,61,117,0.7729833703007523,2.172992700729927,10,0,0,-1.89104007203963,-4.0
2024-11-13,218762,1222215,1829,5,102,1.935640237296625,2.3493630573248407,26,0,20,-3.12837238303077,-6.166666666666667
2024-11-14,211340,1193398,1871,0,166,1.820824632913865,1.6933526011560693,60,0,20,-2.018202675807166,-2.75
2024-11-15,202572,1130974,1748,15,107,2.4435035023319136,1.729090909090909,20,0,0,0.210084033613446,7.0
2024-11-16,135059,758865,859,18,27,-0.18794756229867438,2.6613636363636357,10,0,0,-2.12765957446808,2.8
2024-11-17,124864,697319,708,0,64,0.9714407360325491,1.7721088435374148,30,0,0,-4.28530808416023,1.0
2024-11-18,201234,1136920,1451,7,137,1.3973085473103217,0.7870307167235492,43,0,23,-4.427542840311082,-1.5999999999999994
2024-11-19,220656,1236803,1903,4,59,1.4673226145107883,1.763636363636364,5,0,5,-2.82885431400283,-10.0
2024-11-20,224091,1255274,2004,30,179,0.5902216381703876,1.5819711538461543,0,0,0,,
2024-11-21,226470,1262596,2176,40,219,0.5271376185242519,1.1861111111111107,10,0,0,-4.60526315789473,-0.4
2024-11-22,210192,1176962,1567,48,159,0.6667182506139164,1.4552447552447554,0,0,0,,
2024-11-23,134770,759702,1006,14,134,0.6137482563543915,0.8984615384615386,0,0,0,,
2024-11-24,120738,683173,2091,27,445,-2.125364741793576,-0.6042769857433814,0,0,0,,
2024-11-25,194121,1105507,2414,2,487,-1.9426955111659308,-0.6894642857142856,10,0,0,0.66857688634193,3.5
2024-11-26,217721,1240675,2312,3,398,-0.4777256014364567,0.38247011952191234,0,0,0,,
2024-11-27,216853,1242439,1990,5,216,0.9945207823757072,1.9800000000000004,0,0,0,,
2024-11-28,190406,1111706,2276,20,174,2.0423237898431843,1.7025056947608206,0,0,0,,
2024-11-29,179243,1044090,1419,21,131,1.7639442753797132,1.726132404181185,7,0,0,-1.49608976538592,7.4
2024-11-30,136809,774872,991,4,66,1.3975303164316855,1.6022321428571424,0,0,0,,
2024-12-01,128773,716145,1407,41,140,0.6873409495980825,0.8303754266211609,0,0,0,,
2024-12-02,204472,1144783,2038,10,147,2.7410104700811653,1.863507109004738,85,0,9,-3.4418527391084406,-1.5550000000000002
2024-12-03,228426,1290360,1896,17,172,0.6036816043100914,1.8480519480519475,39,0,20,-3.259671280516577,-3.35
2024-12-04,226910,1286315,1667,26,174,0.7534338953204073,1.0808510638297868,20,10,0,-1.5491820077881098,-4.2
2024-12-05,222052,1255223,1856,0,122,1.8780981397418537,2.150969529085872,6,0,5,3.17848410757946,-8.08
2024-12-06,209342,1169896,1635,11,93,0.5689354357729518,1.5815028901734105,6,6,0,-3.48193947282786,-7.0
2024-12-07,148434,821048,989,18,69,0.32311302528550356,1.5480446927374305,0,0,0,,
2024-12-08,145525,775289,1482,33,162,-0.0693861671270081,0.757975460122699,0,0,0,,
2024-12-09,215637,1190033,1631,12,131,1.2589599340273983,1.451724137931034,38,0,0,-1.5100024649106172,2.6
2024-12-10,230052,1273161,2212,15,198,1.4903952726151117,1.7196936542669587,18,0,14,-8.06066822751261,-2.8000000000000003
2024-12-11,226021,1262200,2732,15,393,0.859015674367291,1.4910091743119267,6,0,0,-3.11112528138708,7.5
2024-12-12,227379,1270761,2651,21,208,-0.04333483403802413,1.5064935064935066,28,0,0,-6.785181311136928,0.8399999999999999
2024-12-13,207202,1170170,2027,12,172,0.4049888739686579,1.4059101654846335,6,0,0,0.53248136315229,1.9
2024-12-14,138867,782574,1081,26,71,0.753183707879634,1.8536697247706422,16,0,8,-0.9084477147304378,-1.6000000000000005
2024-12-15,125586,707444,1470,10,150,0.42099436770444565,1.4224489795918365,30,0,20,-0.33352852193430005,-2.333333333333333
2024-12-16,196438,1111407,1702,0,180,1.2319556247456045,1.147452229299363,57,0,2,-2.6354226687106097,2.8777777777777778
2024-12-17,218706,1226782,2245,48,218,0.26406238897658746,1.3655405405405407,89,0,10,-1.439088640427383,-0.40384615384615374
2024-12-18,213611,1210336,2006,19,152,1.4539604550757899,1.6908355795148247,5,5,0,-1.68674698795181,-4.4
2024-12-19,212812,1210374,1783,22,135,1.0422102068419767,1.1418994413407821,24,0,0,-0.6801788734263947,2.7875
2024-12-20,201921,1141658,1319,12,144,1.2408942974845798,1.7399253731343285,34,0,2,-1.6050192712326419,0.5857142857142855
2024-12-21,130608,744957,987,0,38,2.0112985063942186,1.9666666666666666,8,0,0,-2.41498275012321,4.0
2024-12-22,113256,652495,1183,7,66,0.11442346211020943,1.0416326530612248,16,0,0,1.7888764620904967,3.466666666666667
2024-12-23,169610,960620,1517,12,180,-0.0973499391935167,1.1545762711864396,99,6,0,-1.1408151605055468,1.8550000000000004
2024-12-24,154585,870680,1600,0,204,1.169406532454343,1.1849397590361443,9,0,8,-6.066144016643367,-7.5
2024-12-25,113596,650682,1400,27,59,2.3181301564460197,2.031535269709544,0,0,0,,
2024-12-26,136987,782418,1498,7,71,1.6288100878504137,2.1817829457364333,0,0,0,,
2024-12-27,152787,873598,1196,5,131,-0.9865945686177916,1.2512000000000003,69,0,18,-4.194973311896038,-0.657142857142857
2024-12-28,117152,665147,959,6,109,-1.752966509392872,0.27684210526315794,11,0,2,-3.0810823211308684,-0.75
2024-12-29,108990,614346,777,10,64,1.6275856623886948,1.5410596026490069,12,0,0,-5.50660792951541,2.3499999999999996
2024-12-30,150801,847993,1664,1,158,0.11508109503341424,1.5264437689969605,0,0,0,,
2024-12-31,145253,815021,1454,18,94,1.3354975298756053,2.0625925925925923,36,0,10,-4.514227573438102,-0.6599999999999999
2025-01-01,107113,612425,986,15,63,2.753961387497431,2.180000000000001,10,0,10,-8.96159317211949,-10.0
2025-01-02,138685,802601,1556,6,151,0.5435658508122336,1.8965986394557812,0,0,0,,
2025-01-03,158057,894947,1381,36,143,0.5161700804878766,0.8215909090909093,3,0,0,-2.98977183320221,-1.75
2025-01-04,116428,663553,1006,10,106,0.8117369604957808,1.3414999999999992,1,0,0,-1.97309417040358,-2.0
2025-01-05,107760,612163,887,24,102,-0.09774918875298555,0.7758064516129034,0,0,0,,
2025-01-06,165934,927944,1123,0,85,2.2199073886949776,1.9567567567567568,20,10,0,-5.324778889372193,-4.6000000000000005
2025-01-07,191522,1068645,1953,18,204,0.39743477474972044,1.7146981627296587,23,0,6,-2.5386277978027327,-4.142857142857143
2025-01-08,205955,1150699,2251,10,102,1.7522179346435511,2.3119047619047617,15,0,6,-2.7742880630131324,-3.4666666666666663
2025-01-09,212787,1180352,1710,11,83,1.5638193292292393,1.796875,0,0,0,,
2025-01-10,196149,1090020,1070,17,149,0.9155211714867654,1.0813333333333333,8,0,8,-2.41657077100115,-10.0
2025-01-11,130716,731919,1543,25,116,0.3216156804717518,1.3989726027397262,0,0,0,,
2025-01-12,121424,684686,1321,5,91,2.5037704947869623,1.6110638297872346,4,0,0,-0.29585798816568,3.4
2025-01-13,190145,1069808,1799,20,59,3.222303581433192,1.654166666666667,33,0,0,-1.8857395231427558,1.3571428571428572
2025-01-14,209989,1184094,1662,26,160,1.942249374337519,1.6481792717086832,0,0,0,,
2025-01-15,227261,1263516,1738,33,81,1.3655367401506864,2.234700315457413,34,6,14,-2.00018904187924,-4.833333333333334
2025-01-16,230209,1262289,1711,24,47,1.9707880168924017,2.3839506172839506,43,0,13,-4.630923494573263,-2.96
2025-01-17,214102,1173187,1434,16,99,1.3700758413160279,1.94336917562724,0,0,0,,
2025-01-18,141286,787933,1006,2,92,0.053591018257522494,1.2502392344497602,22,0,12,-13.207040048399833,-6.5
2025-01-19,128068,712763,968,2,117,1.1352910188734606,0.751098901098901,2,0,0,-0.99654260728086,5.0
2025-01-20,193083,1070864,1868,2,145,1.711658791793173,1.6814917127071816,34,0,0,-4.624785817862987,2.8285714285714287
2025-01-21,221686,1208746,1643,0,168,1.717403245016074,1.6869186046511626,85,0,0,-5.650895126476419,3.475
2025-01-22,224912,1237880,2486,6,119,2.035071384887069,2.29437751004016,104,10,12,-7.219993333281565,-0.8529411764705883
2025-01-23,221235,1224333,1829,0,82,0.9389197970358115,2.0585714285714287,68,0,0,-4.991118740669237,6.918181818181818
2025-01-24,207287,1142010,1952,8,108,1.3825225962994496,2.359308510638298,10,0,0,0.59880239520958,1.9
2025-01-25,147413,808781,956,0,27,-0.2916179202052118,2.380113636363636,0,0,0,,
2025-01-26,133478,739645,1133,10,127,1.4154564921551405,0.6573221757322175,0,0,0,,
2025-01-27,203744,1131672,1638,0,105,2.249047224439873,2.1081250000000002,10,0,0,-1.87884677680596,3.4
2025-01-28,218529,1212777,1982,9,188,1.9149512772607584,1.7335064935064937,4,0,0,-1.23882503192848,4.0
2025-01-29,218431,1218099,1804,12,54,2.092332628852314,2.0422535211267605,4,0,4,-4.30442919525889,-10.0
2025-01-30,208341,1167873,1979,20,79,1.8616129475153795,1.9300261096605746,2,0,2,-5.26315789473684,-10.0
2025-01-31,197649,1108830,1572,13,82,1.981132133457153,1.8043010752688162,16,0,0,2.97619047619047,-0.3
2025-02-01,138466,780333,885,21,92,0.028162627959976927,0.7213872832369942,22,0,0,-1.4345066672885078,3.8399999999999994
2025-02-02,124430,688900,1157,23,121,2.1361545920257035,1.2329949238578677,20,0,0,2.2979931885672107,2.9333333333333336
2025-02-03,193479,1071644,1527,9,103,2.498239242614889,2.143790849673203,16,0,0,-1.7959054878214675,9.5
2025-02-04,218447,1206992,1752,27,71,2.8359524300971195,2.480790960451978,10,0,10,-1.2962962962963,-10.0
2025-02-05,234906,1268256,1875,11,80,1.065833760773116,1.9961139896373055,10,0,0,-1.68711656441717,3.0
2025-02-06,224611,1224912,1717,7,131,0.6822119592332618,1.7093833780160856,43,0,0,-1.4501765170970955,2.4000000000000004
2025-02-07,205355,1138685,1546,20,78,1.3550144482676632,2.018815331010453,81,0,10,-1.3013666616149235,-0.2928571428571428
2025-02-08,139000,773059,778,0,37,1.181947777194766,2.1748031496062983,14,0,2,-0.756887052341595,4.0
2025-02-09,122109,676396,1600,0,87,1.9846094046459477,2.2791245791245793,0,0,0,,
2025-02-10,188405,1061044,2377,0,134,1.669851153243276,1.7799154334038056,8,0,0,-2.58257441892075,5.0
2025-02-11,216861,1200860,3240,42,78,2.000530271499805,2.3597200622083983,28,0,0,-3.2074281415417327,2.5
2025-02-12,230771,1263613,2904,9,48,1.7010999718120166,2.1162711864406782,10,0,0,4.77941176470588,3.4
2025-02-13,235849,1287745,3374,14,129,1.4724026045290084,1.8516642547033286,42,0,1,-0.26858147608511995,1.316666666666667
2025-02-14,218601,1188184,2360,6,148,0.43830710587693666,1.721218487394958,18,8,0,-9.02912621359223,-0.5999999999999996
2025-02-15,151161,823264,1178,14,59,0.9176140326133612,2.00703125,192,0,20,-2.1221329877626762,0.9178571428571429
2025-02-16,138966,755435,1091,10,99,0.6633795657633271,1.3529411764705885,48,0,2,-1.4166880317705142,2.09
2025-02-17,211857,1149962,1946,18,111,0.8076731707251045,2.192493946731235,0,0,0,,
2025-02-18,230409,1263703,2208,38,137,-0.030614253108230433,1.6721603563474388,0,0,0,,
2025-02-19,231305,1271161,1908,34,132,0.5472714552980881,1.578729281767956,6,6,0,-6.38297872340426,-4.4
2025-02-20,224779,1236663,1546,10,98,1.494413132532243,2.4436426116838486,18,0,0,-0.6315789473684204,4.933333333333334
2025-02-21,211627,1167584,1260,23,157,0.963577755514412,1.253012048192771,10,0,0,2.56410256410257,3.4
2025-02-22,143320,800090,846,18,58,-0.841409653315385,1.0577380952380948,0,0,0,,
2025-02-23,128070,715862,1039,13,86,0.6021243661176143,1.5453038674033142,0,0,0,,
2025-02-24,210937,1176790,1506,14,69,1.5088844037051294,2.4094696969696976,0,0,0,,
2025-02-25,228432,1272490,1651,19,176,0.7062687463278013,1.2112903225806453,15,0,0,-0.26624068157614,-0.2999999999999998
2025-02-26,223389,1245972,1700,23,94,1.9111264488363604,1.6223926380368099,0,0,0,,
2025-02-27,226552,1250097,1596,22,138,1.3494463346576684,1.6481355932203388,14,0,0,2.3164894389726567,4.666666666666667
2025-02-28,220922,1198658,1823,20,136,1.6286309761177642,2.2240625000000005,0,0,0,,
2025-03-01,155280,809535,924,10,95,2.0717120682078933,1.965030674846626,0,0,0,,
2025-03-02,136070,732890,903,22,36,2.5897254471472486,2.558381502890173,0,0,0,,
2025-03-03,197393,1067537,1508,0,131,0.9711273850743853,2.2077192982456144,0,0,0,,
2025-03-04,225890,1224163,1798,16,114,0.6093953688207013,2.373684210526316,6,0,0,6.63841807909605,1.0
2025-03-05,231495,1261376,1913,14,258,-0.5096939170133897,0.7507692307692306,26,0,0,2.6127819548872173,5.0
2025-03-06,229158,1261482,1920,6,236,0.6119369882619919,0.7668571428571428,18,0,0,8.560766621201006,3.4
2025-03-07,216709,1202350,1717,9,208,0.22195708346838994,0.8533724340175952,67,0,0,-7.939275486676319,1.833333333333334
2025-03-08,140894,788251,1122,10,206,0.09730491385690776,0.5917391304347823,31,0,0,-6.317373103087365,0.9833333333333334
2025-03-09,127322,710734,1036,0,59,-0.6618283072917475,2.317341040462428,24,4,0,4.143270682419428,1.42
2025-03-10,203031,1127973,1813,42,201,0.41974163568820627,1.4779456193353475,16,0,0,1.189035734907291,1.5199999999999998
2025-03-11,227466,1252928,1882,40,285,-0.27330357338818034,0.9153034300791557,64,0,1,4.438652750370659,3.3
2025-03-12,234827,1281531,2398,22,233,-0.6645320184688943,1.3691119691119689,12,0,0,9.4316807738815,0.23333333333333317
2025-03-13,233502,1283649,1918,25,221,-0.19276120374263261,1.0289926289926288,2,0,0,-1.43266475644699,7.0
2025-03-14,214301,1177374,1811,54,115,-0.6445941948283825,1.4245614035087717,18,0,0,4.538339620306837,3.8000000000000003
2025-03-15,141270,779930,1326,27,232,-0.7268401886494935,1.6270096463022505,15,0,0,-5.933825072530523,5.0
2025-03-16,127821,709461,1132,22,161,-0.258331337117647,1.9705882352941178,82,10,42,-3.441495627888913,-3.9230769230769234
2025-03-17,210224,1158954,2460,26,284,0.20282300401987452,1.3919765166340505,67,0,32,-2.9090038212074374,-2.7555555555555555
2025-03-18,234800,1286663,2102,10,475,1.0914685715248156,0.7932291666666667,23,8,0,-0.5101485901030514,0.7428571428571431
2025-03-19,232532,1271000,1877,21,177,0.48606497216858713,1.382210242587601,4,0,0,-4.86486486486487,4.0
2025-03-20,228992,1277456,1499,0,190,0.607902922574729,1.0984615384615384,31,0,0,-6.364845116312493,-1.2857142857142858
2025-03-21,211366,1174128,1213,11,128,-0.29075309397542326,0.9651685393258425,24,0,2,-3.764237276976755,0.1333333333333333
2025-03-22,139532,779051,1210,10,139,-0.3421214392840921,0.5697247706422013,26,0,7,-5.79757518195379,-4.7555555555555555
2025-03-23,125568,704350,1072,55,167,0.17625588560605754,0.34911242603550285,0,0,0,,
2025-03-24,204144,1130163,1633,54,202,-0.38055757083673747,1.581210191082802,24,0,6,-4.157386785449146,-3.2888888888888888
2025-03-25,224674,1246355,1669,42,170,-0.3002905716890971,1.2668852459016393,54,11,1,-4.851306526032985,0.2066666666666668
2025-03-26,227619,1265057,1861,38,241,-0.8848178503947477,0.7936962750716332,10,0,0,0.53680981595092,6.0
2025-03-27,227889,1274272,2017,0,250,1.1864127976178487,1.8117359413202931,31,2,4,-4.326373935823542,-1.4299999999999997
2025-03-28,217035,1189391,1518,20,201,-0.18759496641426393,2.0290102389078495,36,0,16,-2.22701149425287,-5.125
2025-03-29,138484,770445,1232,47,113,0.1969024353788773,1.7267441860465118,116,0,63,-4.475912723198052,-4.232258064516129
2025-03-30,120216,673441,735,0,106,1.2411749865847137,0.8932835820895523,53,0,29,-3.366726695733378,-4.78
2025-03-31,182590,1021813,1705,24,200,0.002268587287239998,1.349532710280373,16,0,4,-1.2906211435623172,-2.942857142857143
2025-04-01,203352,1135090,934,21,177,-1.3999401266103078,0.14876847290640394,0,0,0,,
2025-04-02,209237,1167296,1263,14,108,0.42300702615385677,1.359375,8,0,2,-2.4364406779661,-0.5
2025-04-03,210394,1168580,1638,15,93,0.4245678281302911,1.76084142394822,57,0,23,-2.434862471994883,-4.292857142857144
2025-04-04,203797,1136234,1270,31,183,-1.7677682363143497,1.070307167235495,0,0,0,,
2025-04-05,136352,754550,1086,0,75,0.6863234630393378,1.122885572139303,0,0,0,,
2025-04-06,119984,665627,891,12,84,1.6846279198204477,1.7956284153005468,2,0,0,-1.70940170940171,3.0
2025-04-07,192108,1064281,1238,2,50,2.0252010095755884,1.9981412639405192,59,0,10,-5.9873485524607775,-1.061111111111111
2025-04-08,214845,1188485,2219,0,136,4.228033852511986,2.065794066317626,2,0,0,-1.88888888888889,-0.4
2025-04-09,216966,1203521,1773,12,97,3.0508947637292794,2.214081145584726,76,10,21,-7.713666878822581,-2.580952380952381
2025-04-10,221071,1215776,1781,18,97,2.4279423904154105,2.5646153846153847,0,0,0,,
2025-04-11,210687,1153822,1257,31,87,1.4637049483073765,1.9325581395348834,21,0,0,-1.6564610958751087,2.7666666666666666
2025-04-12,135576,747388,1146,18,86,-0.7695763265932474,0.5223107569721113,0,0,0,,
2025-04-13,116748,658076,1211,28,100,-0.1815525693075959,1.5176691729323308,10,0,10,-11.3207547169811,-10.0
2025-04-14,193862,1068082,1673,26,108,0.9412155723449995,1.9090301003344479,0,0,0,,
2025-04-15,216985,1196144,1831,14,133,0.7865123886846118,2.1402597402597405,4,0,0,-3.19148936170213,3.4
2025-04-16,215440,1185855,1764,22,155,0.5173956983715731,1.2184281842818432,36,0,0,-2.3770471216481184,4.181818181818182
2025-04-17,217052,1169116,1987,76,110,1.5238593648803747,2.152791878172589,11,0,0,-5.18518518518519,3.25
2025-04-18,188275,1018098,1488,7,104,2.52932357021864,2.03551724137931,0,0,0,,
2025-04-19,136052,743417,1046,6,194,0.02814374697505917,1.0556650246305421,16,10,0,-6.63662433428925,-0.19999999999999996
2025-04-20,118459,653244,1176,0,114,1.6313961373558201,1.3257918552036196,0,0,0,,
2025-04-21,198890,1049090,2321,16,196,0.28064301531178626,1.094823529411765,7,0,0,-2.3768667947531403,-1.0
2025-04-22,225746,1209794,2157,16,134,1.509311269329897,1.7675824175824182,16,0,0,0.42462845010615,1.0
2025-04-23,242450,1286558,2000,15,158,0.6570302584061793,1.3959537572254335,0,0,0,,
2025-04-24,235869,1272928,2173,12,171,2.2098721980370932,2.4622950819672136,0,0,0,,
2025-04-25,222954,1200709,1779,5,154,0.8383726267012236,1.7327586206896555,32,0,20,-1.47109726548979,-6.1000000000000005
2025-04-26,158760,831790,2854,31,408,-3.2489886017782657,0.5337231968810916,21,0,0,-2.0186911303753563,1.92
2025-04-27,129113,702174,3355,51,451,-4.113864561754353,0.1710651828298887,0,0,0,,
2025-04-28,204352,1125346,3749,53,422,-1.8932736466781601,1.0509774436090225,28,0,2,-2.6410021598473876,1.7666666666666664
2025-04-29,218692,1214533,2392,25,172,-0.24490116769107131,1.9560869565217385,10,0,0,2.83018867924529,7.0
2025-04-30,225652,1245548,2504,19,175,1.5289815255806882,1.793991416309013,5,0,5,-6.64160401002506,-10.0
2025-05-01,191384,1035274,1673,20,98,1.6018619607021716,2.1138364779874212,0,0,0,,
2025-05-02,188534,1038199,1604,28,158,-0.12532086756456473,1.2274999999999996,8,0,0,-2.09125475285171,6.4
2025-05-03,134548,749448,1156,22,148,-1.9461090204735418,0.06074766355140171,14,0,0,1.249594514806335,2.0
2025-05-04,122239,682434,1437,22,265,-0.8964368793823623,0.23666666666666658,10,0,2,-1.9473070788860336,-5.533333333333333
2025-05-05,188739,1053172,1792,20,174,1.3712838072328868,1.497383720930232,30,10,0,-3.8535447761194037,-3.38
2025-05-06,213761,1184822,2141,30,270,0.7401387128359166,1.8162025316455697,10,10,0,-3.4375,-7.2
2025-05-07,245874,1328994,1951,37,241,-0.039280308531253,1.2177545691906,0,0,0,,
2025-05-08,234854,1268845,2260,18,191,1.4876460218701022,1.9278772378516622,0,0,0,,
2025-05-09,225003,1209377,1571,31,74,1.5832032433711325,2.05472972972973,10,0,2,-1.81388012618297,-3.0
2025-05-10,158843,845075,839,25,89,-0.249711916538346,1.3497005988023956,0,0,0,,
2025-05-11,141506,750446,1083,9,32,1.7282562939850037,1.8876923076923076,20,0,0,-0.883227335474926,4.2
2025-05-12,220289,1184939,2027,40,145,2.0182970739056576,2.077692307692308,22,0,10,-2.602166276411896,1.6
2025-05-13,232160,1254763,2154,20,177,0.9436539398430752,2.2446601941747573,46,0,1,-1.7068255940918147,0.6400000000000001
2025-05-14,239326,1285470,2227,15,143,1.4595332308880835,1.5340632603406323,10,0,0,0.96153846153846,3.4
2025-05-15,238712,1282235,1974,23,138,1.2788268932881581,2.0074742268041237,12,0,0,-1.27263827704356,1.0
2025-05-16,223210,1208372,2080,6,222,0.9950168223831196,2.058008658008658,4,0,0,-0.40927694406549,2.3499999999999996
2025-05-17,148928,800217,1156,2,101,0.5353154681224858,1.9288702928870285,0,0,0,,
2025-05-18,133972,721383,1024,42,117,-0.4419753317280417,0.685204081632653,28,0,0,-3.37260677466863,1.0
2025-05-19,203801,1116004,2170,10,190,1.7427458103378894,1.6502475247524755,34,0,0,-1.66128287955699,2.2857142857142856
2025-05-20,225906,1236088,1828,9,142,1.288785884403171,1.6226804123711336,0,0,0,,
2025-05-21,232936,1278823,1900,11,96,1.3063614213268402,1.6979112271540469,0,0,0,,
2025-05-22,229664,1263311,1606,8,124,2.1158417339724633,2.1671052631578944,4,0,0,-3.13390313390314,-4.0
2025-05-23,211990,1166599,2108,2,186,1.3493518423079889,1.7824096385542174,10,0,0,-12.5412541254125,-2.0
2025-05-24,136407,752554,1134,16,182,0.051103227039389645,1.104090909090909,0,0,0,,
2025-05-25,119784,669462,1043,0,137,0.722303506598962,1.025837320574163,0,0,0,,
2025-05-26,179192,1004607,1623,19,187,1.5120995960255215,2.105573770491804,12,0,0,-1.91867628938567,2.46
2025-05-27,205730,1157511,2557,4,142,2.4268577923096064,2.1799578059071725,2,0,0,-0.806451612903224,5.2
2025-05-28,220945,1221050,2063,25,145,0.6273317335986481,1.7013574660633481,26,0,0,-3.609901265470725,3.4333333333333336
2025-05-29,213117,1167721,2276,21,225,-0.9675326275970692,1.0082644628099173,0,0,0,,
2025-05-30,200925,1098040,1705,17,317,-1.0611811356058833,0.7115281501340485,0,0,0,,
2025-05-31,131292,723386,1073,29,116,-0.3046189134640711,1.5129807692307695,0,0,0,,
2025-06-01,118035,661757,1109,10,174,-0.6839254460562878,0.4963350785340316,0,0,0,,
2025-06-02,195540,1074575,1473,7,131,0.5872413322662893,1.0486842105263159,30,0,0,-6.86274509803922,6.1000000000000005
2025-06-03,206072,1146535,1528,10,129,1.3327857788161968,1.7468354430379749,0,0,0,,
2025-06-04,218335,1214742,1643,14,139,0.5335651021482342,2.1997142857142857,20,0,0,-5.92193808882907,-5.0
2025-06-05,213833,1178843,1119,31,80,0.2323658885870889,0.9168032786885248,0,0,0,,
2025-06-06,192129,1052823,989,4,96,1.3415039855379645,1.9553846153846153,23,0,0,6.408094611253894,3.4
2025-06-07,125527,695469,595,18,33,-0.24196970973216647,2.3016260162601614,0,0,0,,
2025-06-08,112656,630525,586,0,34,-0.7684951762680585,1.1566371681415928,0,0,0,,
2025-06-09,180572,1011482,1445,8,156,-0.2708847105244914,1.6851851851851853,7,0,7,-5.5234954657873,-10.0
2025-06-10,209519,1177117,1546,8,132,0.916502926644806,1.1050793650793653,35,0,10,-4.997056597426629,-1.981818181818182
2025-06-11,222836,1246607,1595,72,106,0.2831485291553928,1.2757785467128024,19,0,0,-1.500127345953317,2.157142857142857
2025-06-12,198011,1106010,1852,134,200,-0.4466527476229745,0.6651098901098897,10,10,0,-4.28380187416332,-7.0
2025-06-13,224937,1225508,1975,155,182,-1.8101749144014763,-0.21691919191919196,0,0,0,,
2025-06-14,120126,656262,870,24,190,-1.7729280866256079,-0.46025641025641034,4,0,0,-3.6196590657516,7.0
2025-06-15,2367,12268,30,0,0,-1.4497038703743979,1.8,0,0,0,,
2025-06-16,2248,11709,0,0,0,,,0,0,0,,
2025-06-17,2501,12639,38,0,0,3.034459516387226,2.04,0,0,0,,
2025-06-18,2468,12259,8,0,4,-2.75373942975626,-3.25,0,0,0,,
2025-06-19,1704,8827,31,0,0,-1.2636161988028705,3.4714285714285715,0,0,0,,
2025-06-20,1184,5496,6,0,0,-2.4390243902439,0.0,0,0,0,,
2025-06-21,1280,6878,0,0,0,,,0,0,0,,
2025-06-22,1921,9658,1,0,0,0.43103448275862,1.9,0,0,0,,
2025-06-23,2203,11649,2,0,0,-4.10958904109589,2.3499999999999996,0,0,0,,
2025-06-24,2366,12294,24,0,0,1.2619318457613071,1.5999999999999999,0,0,0,,
2025-06-25,4091,19348,30,0,0,-2.6322095131854186,2.5999999999999996,0,0,0,,
2025-06-26,3142,15573,15,0,0,1.504099813504725,2.2,0,0,0,,
2025-06-27,2323,11453,10,0,10,0.79716563330381,-5.0,0,0,0,,
2025-06-28,1857,9119,14,0,0,-5.788506149603876,-4.25,0,0,0,,
2025-06-29,2374,11564,15,0,0,-0.6212121212121202,-3.0,0,0,0,,
2025-06-30,3066,15957,6,0,0,-2.3791445203745902,5.333333333333333,0,0,0,,
2025-07-01,4744,24560,0,0,0,,,0,0,0,,
2025-07-02,205806,1153741,1913,30,164,0.9971204664847516,1.634794520547945,0,0,0,,
2025-07-03,211855,1190364,1674,19,167,1.0732980640177054,1.622295081967213,0,0,0,,
2025-07-04,185581,1038724,1545,20,112,0.825469255296235,1.7703071672354953,21,0,20,-6.236818447831206,-5.0
2025-07-05,122619,695376,1019,12,77,-0.40457365516599364,1.1678414096916296,2,0,0,-1.60528800755429,1.9
2025-07-06,117348,650374,873,12,54,1.0304920192288505,1.2977777777777786,0,0,0,,
2025-07-07,187703,1033143,2405,67,265,-0.43559515807056504,1.5888888888888886,51,10,18,-6.285334524912293,-6.09090909090909
2025-07-08,208320,1151045,1285,10,135,0.8323020453305398,1.3942965779467689,52,0,26,-3.57863581326517,-4.909090909090909
2025-07-09,214509,1190579,1516,25,158,0.9731832973948171,1.1190476190476186,0,0,0,,
2025-07-10,215763,1189091,1928,10,209,0.5473971916761953,2.5247282608695647,10,10,0,-12.7272727272728,-4.4
2025-07-11,198996,1097803,1445,24,145,0.7281869240459411,1.3725274725274728,4,0,0,-3.03099885189437,5.0
2025-07-12,131612,732775,998,0,48,0.9345170352895995,2.497927461139896,32,0,0,-0.390745602391278,4.340000000000001
2025-07-13,116713,650001,1501,8,112,1.8660729224289092,2.026779661016949,0,0,0,,
2025-07-14,189544,1053096,2203,6,126,2.2643553240407863,2.2979498861047842,2,0,0,-3.10077519379845,5.0
2025-07-15,209771,1159009,2196,20,196,2.3441360507211013,1.9738255033557055,10,0,0,-0.66298342541437,7.0
2025-07-16,211930,1182490,1835,12,147,1.016918007942964,1.4085798816568047,22,0,0,-2.084342841961142,4.225
2025-07-17,207907,1153986,1669,17,244,-0.004379193031588957,0.9179640718562877,30,0,0,-0.73170731707317,0.8
2025-07-18,197187,1090967,1285,10,164,0.5678304687556872,1.0725321888412023,20,0,20,-7.08661417322835,-10.0
2025-07-19,129235,727361,853,9,97,0.3215870780314161,0.9777777777777776,30,0,10,-4.31654676258993,-3.6666666666666665
2025-07-20,112372,634732,865,0,113,-0.47923449234124604,1.1224598930481287,0,0,0,,
2025-07-21,182897,1026152,1567,17,173,0.5487227749719332,0.8786144578313251,20,0,0,-1.995360579784422,2.1399999999999997
2025-07-22,201071,1122251,1595,10,176,-0.030622333299654414,0.9543478260869563,0,0,0,,
2025-07-23,209648,1164634,1336,19,95,1.1183690911538342,1.183261802575107,59,0,2,-7.3910669755015155,-0.56
2025-07-24,208576,1159895,1684,61,247,-1.2320080957651953,0.38580441640378527,70,0,38,-3.1871088854796614,-4.8
2025-07-25,200703,1099002,1101,40,164,-1.1649547380189977,0.45767441860465086,11,0,5,-0.688281184464388,-5.5
2025-07-26,128994,718706,738,15,112,-1.895886541591,0.7979310344827584,23,0,0,-7.40465360391882,1.2999999999999998
2025-07-27,112225,632687,733,0,20,1.082150699205991,2.2415584415584417,18,0,0,-1.5133967586309833,6.7
2025-07-28,183491,1028193,1681,16,151,0.8817855160693938,1.7521072796934862,0,0,0,,
2025-07-29,203388,1114900,1351,8,106,0.6224773463012493,1.634583333333333,20,0,10,-2.1284616355459898,-0.5
2025-07-30,196842,1093812,1050,7,82,0.532065750150962,1.7152542372881363,16,0,8,-6.047736681217787,-8.4
2025-07-31,204639,1125192,948,0,102,0.9206052309685964,1.18472906403941,6,0,6,-6.04395604395604,-10.0
2025-08-01,210046,1121475,954,28,86,-0.09399364979054825,0.4395939086294417,0,0,0,,
2025-08-02,120587,675817,663,26,86,-1.928613348933459,1.044029850746269,44,0,8,-1.492627342557336,-0.9499999999999997
2025-08-03,107781,606857,684,12,100,-0.7500404012939268,0.7514492753623191,16,0,0,-8.945005611672286,0.33333333333333337
2025-08-04,168163,945165,1243,10,129,-0.004987393691749331,1.3616935483870969,116,0,10,-8.675693053806187,-0.04210526315789476
2025-08-05,191258,1063096,1308,0,85,0.054273617973955135,1.5831417624521071,41,0,0,-7.26855017279208,2.454545454545454
2025-08-06,201251,1096027,1549,36,166,0.1944115813918374,0.9554421768707482,8,0,0,-8.81953867028496,2.3499999999999996
2025-08-07,201561,1101506,1186,22,95,0.9145476990893289,1.391441441441441,14,0,0,-6.89189189189189,1.6
2025-08-08,200137,1074365,1151,25,59,0.7913972358805776,1.955555555555555,21,0,2,-2.7583434706722403,-1.6
2025-08-09,141036,762299,640,10,106,-0.35330781903124886,0.9764285714285711,14,4,0,-0.32368502956738343,-0.4666666666666668
2025-08-10,121640,661902,791,0,139,-2.077833736304129,0.8040697674418604,10,0,10,-7.93650793650793,-5.0
2025-08-11,188281,1024362,1367,52,165,-0.9008987676107932,1.0027027027027027,5,0,0,2.1547966979439033,2.0
2025-08-12,199864,1086020,1162,0,101,0.7950305236250694,1.2235042735042738,28,0,0,-4.889858331327187,5.0
2025-08-13,206958,1121908,1407,24,100,1.609471946980977,2.3851351351351346,0,0,0,,
2025-08-14,204951,1106800,1039,26,64,1.471344238335717,1.5970297029702967,19,2,0,-5.754821919533243,1.9
2025-08-15,190208,1005551,1106,10,149,0.190866927991329,0.4970588235294121,0,0,0,,
2025-08-16,137774,724581,846,7,94,0.8377839761998978,0.9812182741116755,0,0,0,,
2025-08-17,121913,655067,678,10,62,1.331773933265882,1.4303030303030302,32,0,0,-1.98187995469989,1.0
2025-08-18,202941,1058310,1657,0,155,2.2218332583881604,1.7039007092198584,40,0,0,-5.74193548387097,-1.2
2025-08-19,217529,1149399,1163,13,120,0.375912995183754,1.895081967213115,10,0,10,0.67497403946002,-5.0
2025-08-20,212716,1150189,1035,28,131,0.13603456161967387,1.487434554973822,24,0,0,-2.41885466198056,-1.24
2025-08-21,210123,1138975,1234,21,56,1.1294515390003734,1.3767543859649125,0,0,0,,
2025-08-22,193746,1063720,1056,24,89,-0.29884191112860264,1.4558375634517764,13,0,1,-5.052672223481316,0.1333333333333342
2025-08-23,126605,702162,793,22,82,-0.04440644413495165,1.7518518518518518,20,0,0,-2.40384615384615,3.6666666666666665
2025-08-24,118827,657130,817,20,125,-0.7185678041696131,0.9167664670658684,63,28,25,-4.8564514936169365,-4.9222222222222225
2025-08-25,184689,1017955,1409,24,87,1.6378823969012757,1.884555984555983,44,16,28,-4.298580375833087,-9.5
2025-08-26,200153,1112969,1185,17,85,1.343785200478422,1.6191489361702125,14,0,12,-3.780927415343456,-5.883333333333334
2025-08-27,203358,1129322,1347,30,149,1.0149374656791914,1.391139240506329,10,0,0,-9.88372093023259,7.0
2025-08-28,209359,1147461,1657,10,82,2.1491443344832613,1.81355421686747,12,2,10,-5.9994343967292165,-8.133333333333333
2025-08-29,194793,1074326,1385,0,292,0.7095306137403773,1.3185950413223133,12,0,2,-3.67074527252502,0.06666666666666687
2025-08-30,133332,731757,915,0,133,-1.3437229551445116,0.46327683615819226,48,0,4,-3.9918068314075863,-0.6916666666666669
2025-08-31,119923,671040,672,10,92,0.5905803782320713,1.5050632911392408,0,0,0,,
2025-09-01,172108,968875,1106,30,76,1.1272903869817765,1.6174358974358964,0,0,0,,
2025-09-02,202625,1127033,1762,8,167,-0.675071754059632,3.076943005181347,11,0,0,2.0,1.675
2025-09-03,218939,1196350,1407,61,103,0.608755256786224,1.153586497890295,0,0,0,,
2025-09-04,212564,1172411,1509,28,135,0.6184260675209602,0.9490909090909091,11,0,0,0.09347655697894242,4.800000000000001
2025-09-05,192392,1068000,1791,38,217,-1.5141771186930282,1.0724137931034476,0,0,0,,
2025-09-06,125999,703913,1215,12,299,-2.7305374576598482,0.4392592592592593,12,0,0,-4.24528301886793,-2.0
2025-09-07,113000,638441,1420,0,217,-2.743957183105874,0.3651685393258429,0,0,0,,
2025-09-08,186817,1044715,1538,14,251,-0.5881809028733729,0.8730639730639731,10,0,0,-4.57516339869281,3.4
2025-09-09,216657,1211884,1759,25,320,-1.9097090055154902,0.7974860335195532,40,10,0,-9.5846645367412,1.8249999999999997
2025-09-10,228581,1262324,1484,26,203,-0.5453757064280021,1.2462897526501764,0,0,0,,
2025-09-11,222831,1213754,1799,10,117,2.15224765152788,1.5548746518105847,0,0,0,,
2025-09-12,206016,1119404,1229,15,105,0.8668818976487327,1.5894736842105264,32,0,0,4.385331861370199,0.8142857142857145
2025-09-13,133260,743785,829,2,112,-0.5381585340419107,0.9050314465408804,59,0,0,3.81578775659346,0.7888888888888888
2025-09-14,115010,646088,802,0,109,-0.631428456081278,1.2548387096774203,0,0,0,,
2025-09-15,191370,1055494,1032,29,87,0.9249782479895221,1.5412060301507537,35,0,2,-3.2556760558119597,0.8999999999999997
2025-09-16,209571,1158004,1332,25,111,0.116551595786615,1.8327402135231317,0,0,0,,
2025-09-17,209985,1161660,1552,14,110,1.6997772486292049,1.8899328859060402,0,0,0,,
2025-09-18,209490,1156785,1936,51,159,0.7574771317610174,1.5685792349726775,5,0,0,2.02702702702702,3.4
2025-09-19,200159,1103188,1427,6,149,1.3121842268775752,1.1910344827586208,34,0,0,-1.3885977172140667,1.9833333333333336
2025-09-20,130216,727089,896,10,56,0.05396223897962504,1.638277511961723,8,0,8,-6.25,-10.0
2025-09-21,121889,674209,874,20,60,1.9301739146135504,1.5960526315789474,0,0,0,,
2025-09-22,196896,1079070,1559,3,107,1.6825308783372235,1.9897689768976892,2,0,0,-3.43787696019301,3.0
2025-09-23,218789,1196674,1684,2,85,1.5496761648034472,1.9743440233236151,15,0,10,-2.77372262773723,-2.2
2025-09-24,217673,1197630,1588,14,117,2.1460198438198805,1.7116564417177909,6,0,0,-0.18796992481203,3.0
2025-09-25,217361,1190668,1733,28,152,0.6243368718752456,1.635714285714286,19,10,0,-0.3506934051681161,-1.8800000000000003
2025-09-26,204621,1125294,1398,22,150,1.1780980565754382,1.300675675675675,0,0,0,,
2025-09-27,137330,760258,1189,0,177,0.7515606781707111,1.0460465116279074,0,0,0,,
2025-09-28,116010,658553,903,22,84,0.20651184662494126,1.562777777777778,0,0,0,,
2025-09-29,187884,1046238,1671,15,252,1.291958742973336,1.4583596214511039,0,0,0,,
2025-09-30,206360,1143144,1592,0,188,0.5748825412023818,1.5754658385093163,41,0,0,-2.69780142294597,1.9076923076923076
2025-10-01,199215,1131618,1707,5,244,0.9001292961161389,0.951376146788991,0,0,0,,
2025-10-02,202679,1143302,2028,37,125,1.8566782804084272,1.9163434903047094,42,0,0,-2.616345277862135,3.1625
2025-10-03,193339,1077497,1379,43,149,0.43081137872694736,1.2673758865248212,5,0,3,-3.46847792689712,-5.666666666666667
2025-10-04,126118,704872,1395,10,162,-1.7749216615353198,1.9447653429602865,8,0,0,-5.77075098814229,-2.0
2025-10-05,113781,646178,1616,42,256,-1.2266803647242865,0.49219330855018617,8,0,0,-1.79341657207718,0.4
2025-10-06,182019,1024582,1776,10,197,1.6355684231376473,1.1066202090592332,21,2,8,-4.665037293484435,-4.75
2025-10-07,207070,1141754,1691,16,124,1.5345340571404429,1.7205128205128206,6,0,0,-3.9146478831035063,1.9333333333333336
2025-10-08,202347,1123647,1790,50,210,0.8010952082543488,1.2818681318681302,8,0,8,-7.88530465949821,-5.0
2025-10-09,214728,1179286,1952,10,146,2.1128662246236356,1.653475935828877,88,10,0,-4.409168187372199,-0.972222222222222
2025-10-10,202349,1099081,1108,3,76,1.0224693688403736,1.7117154811715483,0,0,0,,
2025-10-11,131853,727890,1039,20,140,-0.5688697341237952,1.2566210045662096,2,0,0,-10.7976653696498,-2.0
2025-10-12,122000,675294,996,0,106,2.2491477173167853,1.5093167701863357,0,0,0,,
2025-10-13,198926,1084402,1787,8,178,1.9562390984042233,1.7186708860759492,6,0,0,2.86195286195286,3.4
2025-10-14,208624,1148938,2184,4,170,1.6268170579134313,1.5802139037433156,8,0,0,2.87769784172662,1.0
2025-10-15,209601,1181596,2073,41,88,2.434347041065109,2.1061281337047353,18,0,10,-6.525652565256525,-7.0
2025-10-16,215462,1190221,2172,25,140,1.8709257233325618,1.9314102564102567,30,10,10,-10.279805352798054,-3.3333333333333335
2025-10-17,210543,1147732,1546,19,125,2.516468081015754,1.721069182389938,0,0,0,,
2025-10-18,133886,742131,1013,20,90,0.5099784975004291,1.527461139896373,18,0,10,-6.667644484271555,-3.0
2025-10-19,117011,653821,1169,23,70,1.8081611882193867,1.5191919191919188,0,0,0,,
2025-10-20,184521,1033165,2381,42,144,0.7250395570750607,1.7715686274509799,56,0,32,-4.440187980843989,-3.18
2025-10-21,211821,1167692,1749,21,101,0.47736050241796324,1.9950310559006208,3,0,3,-0.88050314465409,-10.0
2025-10-22,214756,1188319,2109,0,178,1.7858957232817703,2.0900000000000003,48,0,3,1.1736194914342613,2.4363636363636374
2025-10-23,211005,1170045,1775,38,166,0.978913258351338,1.3033802816901408,0,0,0,,
2025-10-24,201836,1108667,1557,10,146,0.3842803962107484,1.0446808510638297,20,0,0,-3.578000356185308,2.65
2025-10-25,133246,733262,823,4,65,1.8554817510685258,2.118367346938776,9,0,0,-1.4202172096909,-1.3333333333333335
2025-10-26,122727,673366,829,16,57,2.2530043145638046,1.7433121019108282,20,0,0,-3.28358208955224,-3.0
2025-10-27,192184,1067164,1418,14,78,2.3087482419469545,2.113703703703704,17,8,2,-1.7365442062096097,-0.98
2025-10-28,207072,1153142,2118,10,268,2.127269791325048,1.6553424657534248,61,8,3,-3.471290033759254,-2.06
2025-10-29,211503,1183086,1751,10,75,1.4603017002762189,1.7804733727810649,42,12,0,-3.9096572068955986,-2.9749999999999996
2025-10-30,211172,1180431,1783,15,75,1.398151300948205,2.0672514619883042,6,0,0,-4.704227507342083,2.2666666666666666
2025-10-31,196504,1104340,1480,7,88,1.3818185783038852,1.8964412811387898,13,3,0,-0.5872756933115814,-3.4400000000000004
2025-11-01,130908,737506,855,0,34,0.7227197915738339,2.096992481203008,0,0,0,,
2025-11-02,111998,630460,1115,0,203,-0.8171469308693429,0.4995098039215687,0,0,0,,
2025-11-03,183052,1018795,1331,12,92,1.2350960274468725,1.8671532846715326,47,0,0,-2.5801661221215246,3.4142857142857146
2025-11-04,194484,1096490,2056,56,122,1.632953598632431,1.883804627249357,13,0,1,-2.054804784803718,1.75
2025-11-05,199270,1113852,1857,23,160,1.6686963038229632,1.9134615384615388,35,10,2,-1.0318420414757634,-0.15555555555555564
2025-11-06,200066,1131785,2275,44,106,2.2054007834715605,1.8790523690773067,135,6,16,-4.84927560244561,-2.957575757575758
2025-11-07,196196,1093092,1768,18,241,0.16785472239113564,1.054896142433234,31,0,0,-4.11067193675889,2.6454545454545455
2025-11-08,129274,728338,1127,10,69,0.6620852616350883,1.5421875,0,0,0,,
2025-11-09,111687,633041,948,10,41,1.748875486629231,2.4792134831460673,28,0,0,-2.584665459222514,5.8
2025-11-10,179244,1010206,1576,1,155,0.45495047667835875,1.0715909090909088,4,0,4,-2.41935483870968,-9.2
2025-11-11,197945,1110978,1665,37,94,2.153187311826005,2.0215873015873034,0,0,0,,
2025-11-12,200073,1126767,1668,10,141,1.560121592365062,1.5863787375415286,0,0,0,,
2025-11-13,196773,1116830,1781,30,93,1.8533705450229356,1.4719298245614034,14,0,0,3.04287690179806,3.5
2025-11-14,185186,1046285,2121,62,224,-0.02804513994725416,1.199999999999999,0,0,0,,
2025-11-15,121272,694596,1482,38,116,0.7667142581378558,1.5938181818181816,46,0,0,-1.194657405905462,1.6
2025-11-16,111632,643235,1524,0,103,1.2308169050020725,1.4514285714285713,30,0,0,-4.02245975098547,-0.1499999999999999
2025-11-17,181642,1028203,2591,24,162,0.8117059650669196,1.977113402061856,2,0,0,4.92845786963434,0.4
2025-11-18,200907,1121249,2868,15,220,2.050727494711039,2.2211045364891504,22,10,0,-3.95256916996048,1.9999999999999996
2025-11-19,210246,1167497,3066,15,212,1.8602476843344395,2.5026845637583897,30,2,0,-1.4562569767248101,0.39999999999999947
2025-11-20,207850,1157466,2494,45,198,0.8360411581051176,1.7840262582056905,0,0,0,,
2025-11-21,198816,1104166,3072,15,338,-0.8524094586544927,0.8674336283185837,2,0,0,-0.41050903119869,0.0
2025-11-22,135368,745910,2036,16,199,-0.6008164036215995,1.1826086956521735,10,0,0,-1.25,7.0
2025-11-23,125018,682829,1600,14,89,0.32646345026782175,1.6112121212121218,66,18,20,-4.3415183199078395,-4.33125
2025-11-24,187985,1046271,2219,12,188,0.7354022467326256,1.5536697247706435,77,11,4,-5.453057025218962,-2.291666666666667
2025-11-25,200919,1126272,1972,38,96,0.4050883393593308,2.3378378378378395,42,5,0,-4.834088462255103,-0.8769230769230769
2025-11-26,195793,1107481,1828,47,168,1.2068469667170907,1.8099462365591392,30,0,6,-3.1956317387565836,-0.7181818181818181
2025-11-27,171296,1007489,1612,4,100,2.0590445513431153,2.1433234421364986,56,6,0,-5.59540889526542,-1.5727272727272725
2025-11-28,161379,931956,1443,0,69,1.3514714285708527,1.876150627615063,42,0,0,2.43559718969555,3.425
2025-11-29,112913,645775,977,0,86,-0.06470189770628121,1.245673076923077,26,0,0,-5.060487768224332,0.4875
2025-11-30,106129,606952,786,6,89,-0.42511075306050716,0.6143790849673205,0,0,0,,
2025-12-01,173014,977295,1104,44,87,0.8339113312972111,1.0584474885844746,0,0,0,,
2025-12-02,195245,1098468,1116,23,239,0.7050319776402647,0.43219696969696964,0,0,0,,
2025-12-03,201681,1128747,1501,94,167,-0.059562681479307655,0.5960288808664259,0,0,0,,
2025-12-04,201149,1126853,1446,50,87,1.0069893912831778,0.8507246376811592,21,0,0,-1.3497927972964754,0.6499999999999999
2025-12-05,179230,1016196,1131,76,79,0.44149787154496256,0.6971311475409836,96,0,28,-5.873455303626538,-6.887499999999999
2025-12-06,118796,672586,547,20,75,-1.0498356641077407,0.16391752577319574,42,0,8,-8.706520582916745,-2.8857142857142852
2025-12-07,105545,599944,844,5,102,-0.39964173197975333,1.134682080924855,6,0,6,0.68376068376069,-10.0
2025-12-08,173827,965155,1556,38,197,-0.16300225837735505,0.8396226415094338,36,0,0,-6.232976311404736,-0.05999999999999961
2025-12-09,191540,1086867,1210,31,100,0.6887672918028576,2.0517391304347834,16,0,10,0.2236525707820778,-0.9600000000000002
2025-12-10,192291,1090713,1392,10,55,2.127003707587774,1.9413385826771654,81,0,0,-4.459378120905745,0.1736842105263161
2025-12-11,195784,1107731,1113,1,71,2.5580210948945026,2.142410714285715,38,0,18,-1.6812660646414375,-0.6499999999999999
2025-12-12,181447,1025974,1458,46,132,0.6337243476210102,1.2065517241379313,20,0,1,0.7782203123362317,-2.8666666666666667
2025-12-13,122073,695482,856,28,109,-0.8200888928405592,0.9267045454545454,15,0,0,-4.32900432900433,3.5
2025-12-14,110903,646330,730,10,60,-1.151240213994968,1.1742647058823532,26,0,10,-3.22441030080069,-7.6
2025-12-15,176272,1003136,1014,0,76,0.48777392185914176,1.9730538922155687,0,0,0,,
2025-12-16,184171,1046102,1199,71,61,2.653984052093307,1.961883408071749,20,0,0,-0.46260601387818,1.1333333333333333
2025-12-17,188385,1075538,1227,48,126,0.9691489094305468,1.497107438016529,7,0,5,0.326532794586051,-2.5
2025-12-18,190343,1079706,1459,72,84,1.3099154720436363,1.6867579908675803,0,0,0,,
2025-12-19,177575,1004065,1388,59,129,-1.5328974887150555,0.5142307692307696,50,0,0,2.0289906709659773,3.3555555555555556
2025-12-20,117499,661800,751,12,158,-3.2647093936025113,-0.5090361445783133,34,0,0,-2.93494704992436,1.72
2025-12-21,98616,570242,897,2,83,0.24997532797409794,0.8560509554140125,10,0,0,-0.16447368421052,3.4
2025-12-22,152411,864718,1558,20,108,1.124924435040053,1.8139860139860142,18,0,10,-4.5551242575543665,-0.75
2025-12-23,163910,929794,1259,20,97,0.018130172942766587,1.730396475770925,0,0,0,,
2025-12-24,141907,799917,1083,0,111,-0.13932471674471558,1.1363636363636358,16,0,0,-2.33758348512446,1.0
2025-12-25,99250,570811,806,10,26,1.695178691366838,1.5697841726618702,2,0,0,-0.93776641091219,-4.0
2025-12-26,116833,672222,759,0,62,0.5616546172074084,1.8758389261744965,0,0,0,,
2025-12-27,103972,586084,703,8,111,-1.2311902927287186,0.4357664233576639,24,2,0,-0.758297140278654,-0.8399999999999999
2025-12-28,99055,561002,942,0,156,-0.44924731378163013,0.9202531645569619,18,0,0,-1.22129403875277,0.8
2025-12-29,146824,825768,1282,49,101,0.5196103406407209,1.5414096916299558,8,0,0,-0.4778972520908,6.0
2025-12-30,149059,843675,1439,0,129,-0.9713310055357363,1.120992366412214,38,0,0,0.12984478606612251,3.2500000000000004
2025-12-31,132742,741195,1231,26,134,-0.3516005435716837,0.5404958677685952,34,0,2,-4.94057308842942,-1.966666666666666
2026-01-01,98035,550506,906,4,88,0.4151381486473684,0.9514619883040933,10,0,0,-1.91285866099894,0.0
2026-01-02,116461,662540,932,12,106,-1.026155816409632,0.9828124999999992,56,0,42,-3.298943323507918,-4.228571428571428
2026-01-03,121483,667775,603,27,39,-2.2461814122037063,1.333082706766917,22,0,0,-4.724226663016698,4.800000000000001
2026-01-04,120635,637711,911,10,61,0.8341537481197224,2.2733727810650883,8,0,0,-1.43702451394759,-0.7999999999999998
2026-01-05,174474,932236,1273,15,54,0.9420846450198341,2.0168888888888876,11,0,9,-11.913234585741812,-7.75
2026-01-06,185997,987951,1280,20,49,0.3811525878280404,1.674285714285715,49,0,14,0.6725356488246423,-0.9444444444444446
2026-01-07,194949,1047479,1188,0,127,1.0732645156706848,0.9765182186234821,45,0,16,-5.4563408353778104,-3.2357142857142853
2026-01-08,191595,1056571,1251,0,136,0.11994313829335732,1.4008474576271184,31,0,2,-2.8187953162475545,0.44615384615384635
2026-01-09,187300,1043473,1301,7,66,0.47096106318858144,1.4901639344262296,116,0,0,-0.6026297961882661,1.5615384615384618
2026-01-10,127333,710161,824,2,87,-1.3410081348091478,1.5320512820512822,61,0,0,-2.7044589832076005,1.45625
2026-01-11,110441,622581,1272,66,61,0.8653487617513809,1.146153846153846,26,0,0,-2.708208383432865,2.875
2026-01-12,174418,979338,1314,18,99,0.3671141747130837,1.106569343065694,18,0,10,-4.32525951557093,-2.75
2026-01-13,194674,1095416,1414,21,117,-1.2425638365656213,1.1415224913494808,30,0,0,1.17493472584856,2.0
2026-01-14,203411,1128116,1545,18,168,0.202628477045247,1.0962962962962965,46,0,0,-3.667302010396801,0.8571428571428571
2026-01-15,207685,1157899,1429,24,127,0.4395455462725095,1.3837370242214533,113,0,19,-4.173619838734495,-2.394444444444445
2026-01-16,191381,1060515,1490,46,143,0.5700781495883036,1.4404669260700378,30,0,0,1.785540999514803,1.0
2026-01-17,131073,724645,935,12,51,0.8850552235827457,1.9882653061224496,55,6,9,-3.00147282946471,2.76
2026-01-18,116537,643055,939,8,58,1.2435459567747222,1.747023809523809,8,0,0,-2.26468506723284,1.7285714285714284
2026-01-19,171327,963359,1345,23,53,2.162132242141915,2.190243902439026,67,0,8,-2.140049071780086,-2.590909090909091
2026-01-20,199673,1104160,1497,25,75,1.87635129732236,2.0811912225705327,0,0,0,,
2026-01-21,206885,1148248,1736,16,87,1.474628585542955,2.052215189873417,62,0,11,-4.418527124980231,-1.7565217391304344
2026-01-22,208401,1146310,1420,0,71,1.558858689237313,1.7069230769230772,58,0,20,-6.337451076361454,-0.5999999999999994
2026-01-23,194806,1073327,1739,38,156,0.2828729894091483,1.5960784313725491,21,0,0,-3.0501705216834467,4.8999999999999995
2026-01-24,126640,714266,1430,22,125,-2.6521268614761335,-0.02519379844961256,40,0,2,-1.9683489176000841,0.9285714285714286
2026-01-25,107945,620004,927,81,67,-0.4669331006201882,0.4790419161676647,42,10,14,-6.079559435266498,-3.6545454545454543
2026-01-26,167549,965637,1749,14,140,0.6434593190234742,1.016343490304709,38,0,0,1.6339869281045725,6.2
2026-01-27,191743,1090133,1973,35,178,-0.27919087193005965,0.7494949494949492,27,0,0,0.5230411576978058,2.62
2026-01-28,193790,1094044,1762,72,134,0.9439233227277121,1.2583113456464383,44,0,10,-0.7791749584120133,-2.477777777777778
2026-01-29,196470,1105189,1961,44,93,1.410947600224484,1.688018433179723,30,0,10,0.86805555555555,-5.0600000000000005
2026-01-30,185764,1040659,1360,42,167,0.510781186170794,1.1569444444444448,14,0,0,0.72202166064982,4.333333333333333
2026-01-31,121436,684642,2096,217,250,-2.867165541309323,-0.4114845938375357,0,0,0,,
2026-02-01,107820,612713,2391,159,157,-0.8525776023731265,1.201937046004842,36,0,18,-7.694452644742677,-7.128571428571429
2026-02-02,165756,936011,2180,44,138,1.0513764749931997,1.67864476386037,10,0,10,-6.126482213438727,-10.0
2026-02-03,189944,1059452,3484,67,228,-0.10100219317974335,1.661485557083906,58,0,24,-10.8843537414966,-3.9230769230769234
2026-02-04,196564,1106050,3116,66,202,0.8054120004746222,1.608909370199692,0,0,0,,
2026-02-05,194697,1089204,2766,23,194,1.357783379390235,1.8106122448979587,0,0,0,,
2026-02-06,181213,1026400,2115,18,219,0.8842098143301063,1.5019464720194655,13,0,10,-6.835771840542854,-2.8000000000000003
2026-02-07,121129,680153,1040,37,107,-0.7088799293624203,0.7042654028436017,22,0,10,0.37616762651019986,-2.6666666666666665
2026-02-08,103166,588769,1694,40,360,-2.015973339636968,-0.5591304347826092,125,7,10,-4.980342447736352,-0.26
2026-02-09,168267,953676,2216,48,263,-0.42284703347597147,1.1054229934924078,154,1,0,-4.177130903295607,1.5578947368421052
2026-02-10,186232,1046361,1833,45,204,0.5028874586483091,1.036490250696379,10,0,0,-4.0625,-5.0
2026-02-11,200189,1117367,1898,29,158,0.06093328646377813,1.4562499999999994,10,0,0,-5.93220338983048,-5.0
2026-02-12,193185,1086301,1615,34,122,1.0341029500724934,1.2795918367346937,26,0,0,3.4167028765099503,2.6999999999999997
2026-02-13,182020,1018451,2082,55,149,0.3056165271850255,1.5264631043256993,7,0,0,-1.75913396481732,3.0
2026-02-14,127594,713296,1097,0,98,-0.29526950463099144,1.493867924528302,10,0,0,-4.40613026819919,2.8
2026-02-15,109029,608254,817,0,129,-0.1856609460387744,0.827439024390244,70,0,0,-6.441986593382278,3.7714285714285714
2026-02-16,162334,913819,1524,70,121,1.459000417906856,1.898965517241379,0,0,0,,
2026-02-17,180215,992303,2705,209,288,-1.0542797170051061,0.98314606741573,22,0,0,1.9012764306014467,5.233333333333334
2026-02-18,192302,1062237,2110,93,166,-0.43340042576893223,1.486160714285715,79,0,8,-4.652097404220875,-0.8562500000000002
2026-02-19,199555,1101272,2449,99,157,-1.2878651555875666,2.1696606786427166,48,0,8,-4.25724637681159,-0.5599999999999998
2026-02-20,181654,1026372,1666,154,159,-0.9772152464913707,1.3144886363636368,114,13,2,-3.9342047880390565,0.5093750000000004
2026-02-21,118016,673864,820,35,53,-0.9132115196258925,1.2395522388059705,10,0,0,-9.61538461538466,3.0
2026-02-22,107717,612317,1014,44,91,-0.4541054647058317,0.46702127659574455,22,0,16,-2.76046304541406,-7.5
2026-02-23,172376,978445,1495,28,164,-1.017956437381284,0.7618243243243245,95,0,10,-5.861163707105733,-0.4515151515151514
2026-02-24,199036,1108159,1209,41,105,-0.49574092484610166,1.273568281938326,105,0,8,-9.907813525317373,-0.5208333333333333
2026-02-25,195239,1105187,1377,0,123,0.38101149646164495,1.634649122807018,0,0,0,,
2026-02-26,200908,1119986,1718,41,141,-0.13096060130699025,1.4909374999999998,43,0,0,-5.590832215670897,-2.5124999999999997
2026-02-27,195946,1089340,1770,48,305,0.4452338708455228,0.8558641975308641,62,0,2,-3.822110494222315,0.48235294117647054
2026-02-28,168907,909114,6877,279,1577,-3.6573587480410534,-1.6792587312900928,47,1,8,-4.779399572062982,2.246153846153846
2026-03-01,150585,790437,11537,400,3532,-4.261322999661961,-2.0522419627749597,4,2,0,-4.3327988110010995,-0.5
2026-03-02,210640,1145589,11907,439,2027,-3.2401581408080498,-0.886139842780306,26,6,0,-4.440056553925308,-2.2
2026-03-03,222462,1205650,12417,447,1787,-2.5982148013345356,-0.19064138765631317,25,1,14,-4.394296398765643,-1.7399999999999998
2026-03-04,220597,1210541,10333,386,1530,-2.913968331358453,-0.514329580348004,32,0,6,-1.6188564003834776,0.3333333333333337
2026-03-05,230512,1273585,10175,418,1376,-3.0762043553839904,-0.14639593908629453,0,0,0,,
2026-03-06,210644,1165915,7461,355,906,-2.7039679798176204,0.30240054869684496,42,0,14,-6.945448001882539,-5.483333333333333
2026-03-07,143064,788672,6686,218,1052,-3.035180561445693,-0.41876947040498425,22,6,6,-8.23529411764706,-8.257142857142858
2026-03-08,125406,701774,3955,150,667,-2.995469183125306,-0.654074074074074,70,0,0,4.084453662719485,4.022222222222222
2026-03-09,180115,1022838,4442,172,732,-2.5280441712830433,-0.1659691629955946,0,0,0,,
2026-03-10,195282,1110329,3865,177,577,-2.2765425982489704,-0.29679012345679,10,0,10,-5.0,-5.0
2026-03-11,200334,1135601,5770,330,1154,-3.336367905575558,-1.1310225303292896,38,6,10,-2.8890551271922886,-1.1714285714285717
2026-03-12,204273,1159705,5195,217,1124,-2.8332740437647614,-1.2200581395348835,2,0,0,-6.60660660660661,2.8
2026-03-13,197256,1113208,3965,209,786,-2.8689723706782386,-0.8015094339622648,34,2,0,0.2761115566200718,1.5499999999999998
2026-03-14,133383,753102,4125,280,839,-3.126436517532746,-0.7827984595635438,10,8,0,-6.351017130823753,-3.0666666666666673
2026-03-15,114927,656100,3442,299,786,-2.906799824873851,-1.5602898550724649,24,1,0,-4.059263983011257,1.5500000000000003
2026-03-16,185697,1045127,6972,325,1419,-3.282807127288167,-0.9504964539007088,10,0,0,3.87858347386172,1.0
2026-03-17,201730,1124049,4591,184,1009,-3.4633046586673095,-1.3853683148335016,50,0,0,-2.6167216838735223,3.74
2026-03-18,202932,1128938,3541,161,606,-3.0019717410684734,-0.5074858757062142,26,0,0,-0.955459770114945,4.675
2026-03-19,198126,1092167,2941,155,560,-3.232066204046242,-0.7500000000000001,2,2,0,-8.29326923076923,-4.4
2026-03-20,176858,982003,2430,90,389,-2.083326645006149,-0.6700396825396824,8,0,0,4.48275862068966,2.8
2026-03-21,113791,643361,1810,276,352,-3.0087869890214356,-0.9928753180661583,26,6,0,-0.9168704156479226,2.125
2026-03-22,97351,555496,1910,170,319,-2.9887641456277727,-0.5730478589420654,26,12,0,-3.7268557969306477,-2.325
2026-03-23,158262,896645,2748,143,481,-2.9471154370536015,-0.6603658536585373,75,18,4,-6.004728157279713,-1.905263157894737
2026-03-24,183134,1028778,2398,110,293,-2.088717541738685,0.2460652591170826,35,0,2,-3.760776442656493,0.8333333333333334
2026-03-25,188509,1066955,1606,81,198,-1.5472788888938573,0.4687679083094557,112,6,10,-1.5210415506467692,0.2100000000000002
2026-03-26,187476,1064971,3364,175,817,-2.4241589290025587,-0.8886877828054303,91,21,18,-4.42321804370936,-1.9611111111111112
2026-03-27,172514,977541,2832,145,409,-2.8269190730463194,-0.3977186311787071,159,24,22,-5.90875639763713,-0.44594594594594583
2026-03-28,122139,691644,1776,50,399,-2.7720146298539756,-0.4638522427440632,77,0,29,-5.19135707224417,-1.496428571428571
2026-03-29,112008,627731,1448,64,463,-3.047380894908296,-1.4874193548387096,65,0,12,-3.95765481422668,-0.5599999999999998
2026-03-30,174242,971147,2332,87,557,-2.892259500769998,-0.588954635108482,107,8,29,-4.979227659336996,-1.2703703703703706
2026-03-31,185463,1045790,3685,190,1219,-3.273667685011281,-2.0494565217391316,102,7,0,-3.589222726714621,1.2103448275862068
2026-04-01,183602,1028225,2892,111,682,-2.424065881049188,-1.222276422764228,65,9,4,-5.879069276403707,0.16470588235294104
2026-04-02,169340,956150,2501,106,320,-1.4080453348444373,0.44389233954451307,53,8,17,-5.231289917121021,-3.6
2026-04-03,143675,818976,2810,143,297,-2.0912496751795975,-0.7069053708439895,0,0,0,,
2026-04-04,100860,586431,1760,79,375,-2.6996440502626613,-1.0017751479289945,14,2,8,-3.3554577910506405,-1.9999999999999996
2026-04-05,95456,549973,1514,65,299,-3.1637337453140613,-0.6000000000000001,46,12,0,-4.461642412693059,-2.2727272727272725
2026-04-06,138503,783457,2158,104,211,-2.546490684075997,-0.03176733780760632,46,14,18,-4.064837821785731,-4.066666666666667
2026-04-07,171543,970764,1650,58,195,-2.0168053636702488,0.10920245398772996,37,2,19,-2.9316084799879927,-7.112500000000001
2026-04-08,195340,1078735,2661,206,165,-2.6730441055996965,1.768885191347755,119,5,0,-2.015124717033904,-1.0888888888888888
2026-04-09,193324,1073541,2533,182,274,-2.3377172172470586,0.7062499999999996,142,13,0,-2.396775433328644,-0.18214285714285738
2026-04-10,178496,989951,2255,31,234,-0.4843630097016295,0.9678185745140393,58,1,4,-1.4666743700292364,-1.25625
2026-04-11,120740,670676,1394,32,163,-1.7485213021722914,0.5946938775510204,40,0,0,0.2341013851409801,-0.8714285714285716
2026-04-12,103165,583424,1700,82,136,-1.2552944082020843,1.2777089783281732,27,0,0,-0.5586592178771,-1.0833333333333333
2026-04-13,162827,912313,4184,338,509,-3.221969515133737,0.09647630619684078,69,0,0,-2.9044859536658545,0.5999999999999999
2026-04-14,186681,1039267,3778,204,312,-2.7764067458422033,0.43291492329149217,91,18,10,-3.7073531834510973,-0.8714285714285719
2026-04-15,190419,1069767,4153,158,347,-2.2973413457919767,0.7252525252525247,67,5,4,-3.626672807249225,0.6812499999999999
2026-04-16,191726,1070208,3810,133,359,-1.7421516484680892,0.4972691807542262,20,0,0,-4.840493848946435,3.8400000000000003
2026-04-17,179168,1007485,2991,130,625,-3.5682216255789783,0.08298245614035071,10,0,0,-0.71428571428571,1.0
2026-04-18,116458,661664,2176,113,381,-1.9840366301577614,-0.26341463414634125,34,0,0,-7.0195658000536,2.04
2026-04-19,104529,598487,2500,158,348,-4.036747322305476,-0.2252485089463221,9,8,0,-6.112449548002971,-4.5
2026-04-20,166466,949787,5742,470,1129,-4.155110844420672,-0.7169842584921297,51,0,0,-1.898301994080771,2.2625
2026-04-21,185638,1047722,3904,158,508,-3.6876611551801113,0.2897466827503019,38,0,26,-8.067133138785737,-8.125
2026-04-22,184550,1056596,2120,89,465,-2.5927099543331518,-0.43712121212121213,12,0,4,-5.467584624211125,-0.8499999999999996
2026-04-23,185448,1056394,2206,53,279,-1.7221597797726589,0.3849765258215965,35,0,9,-3.2016354025063913,-2.0700000000000003
2026-04-24,180184,1017623,2275,86,256,-2.735462878878925,1.1428235294117643,32,3,5,-3.108412351193936,-2.6999999999999997
2026-04-25,120439,681531,1175,53,233,-2.9404223492628523,-0.29401709401709414,12,0,0,-0.17744735855839333,3.266666666666667
2026-04-26,105264,594478,1128,33,133,-0.9377641887276693,0.831981981981982,8,0,0,-3.6890212260875797,2.4
2026-04-27,165636,936948,1502,21,148,-0.642338756722497,0.95048231511254,6,0,0,-4.83531885073581,5.2
2026-04-28,183792,1040465,2225,80,200,-2.106418347350005,1.0982543640897753,0,0,0,,
2026-04-29,188345,1065670,1922,52,186,-0.9307085369983519,0.8773778920308477,0,0,0,,
2026-04-30,183107,1037986,1934,38,177,-0.8560914880146937,0.9882903981264641,17,0,0,-2.021978142632127,4.833333333333334
2026-05-01,155418,865950,1573,24,134,-1.8452174002935486,1.3343558282208585,90,0,34,-5.83039570132196,-1.2714285714285711
2026-05-02,114466,645238,1365,25,108,-2.1555032675444497,1.0220077220077215,40,0,0,-2.4213816561229535,1.4222222222222223
2026-05-03,103501,595395,1491,64,263,-1.523613398892335,-0.13245033112582805,5,0,0,-10.4046242774567,5.0
2026-05-04,160587,924285,5729,515,1259,-2.7793672392898987,-1.5070652173913044,28,0,0,4.327204853298442,1.7857142857142847
2026-05-05,178539,1020431,5302,387,1168,-3.4051439640790773,-1.7296195652173922,40,0,10,-2.83855706682436,-3.46
2026-05-06,190943,1078377,3581,109,662,-1.9698566701764082,-0.35808625336927236,0,0,0,,
2026-05-07,197764,1117125,4155,123,908,-2.560798671295723,-0.6610491071428575,0,0,0,,
2026-05-08,188539,1072247,6208,327,1806,-4.249827537282321,-2.4386885245901637,1,0,0,-2.12053571428571,5.2
2026-05-09,122881,702688,2422,58,500,-3.3440369728430506,-1.1610278372591012,11,10,1,-4.8233797335728195,-7.2
2026-05-10,109663,630591,1940,158,357,-3.538474674022417,-0.9676814988290396,48,0,0,-1.4839743589743601,1.657142857142857
2026-05-11,174737,993624,1966,78,224,-1.4594634699548514,0.5050574712643681,73,0,0,-1.0358452431883014,6.562068965517241
2026-05-12,191683,1100878,2050,34,205,-0.6515781519969508,1.2839416058394157,0,0,0,,
2026-05-13,194725,1104449,1700,12,153,0.37466009906418885,1.4774390243902447,32,0,0,-0.5316756142348844,3.88
2026-05-14,194245,1076439,2486,55,249,-0.9418369015365289,0.9624768946395565,0,0,0,,
2026-05-15,180760,1016253,2097,44,229,-0.6170167304936903,1.1303493449781663,8,0,0,-5.46448087431694,7.0
2026-05-16,119449,692306,1159,10,99,0.8163221596301521,1.0799163179916322,0,0,0,,
2026-05-17,103739,600247,1358,66,193,-0.9921255673923551,0.7037344398340251,43,8,1,-2.0652117297775887,0.14285714285714268
2026-05-18,168408,966860,1883,64,192,0.35329006433114896,1.1550251256281403,8,0,0,-2.04081632653062,2.8
2026-05-19,188286,1078235,1752,22,211,-1.1077034701102755,0.7093406593406595,19,0,2,-5.040410580209253,-2.7
2026-05-20,200049,1132405,2106,65,119,-0.55399310262729,1.4689737470167057,14,0,0,-3.07845084409136,2.1999999999999997
2026-05-21,195510,1111124,2261,23,165,-0.4136927984160059,1.5546067415730334,68,0,20,0.3627762527902856,1.2666666666666666
2026-05-22,181746,1041312,1944,46,118,-0.5868472918268125,1.626345609065156,20,0,0,-2.09742895805142,2.3499999999999996
2026-05-23,118838,676839,1271,7,143,-1.223457831905102,1.0282868525896414,0,0,0,,
2026-05-24,104820,598700,1417,6,165,-1.0286097933372276,0.9608108108108107,81,1,18,0.7199579192640664,-1.0863636363636364
2026-05-25,146748,838904,1785,50,172,-1.346308968523734,0.954867256637169,16,0,0,-3.1392542466829103,-1.0
2026-05-26,177354,1016307,4005,247,948,-2.246580939078278,-0.679903147699758,0,0,0,,
2026-05-27,178023,1016698,1921,54,328,-1.5888651356956836,0.5047846889952157,39,8,0,-4.245381124567433,1.2571428571428571
2026-05-28,179062,1029646,4513,289,1245,-3.870899721693325,-1.6260540540540527,0,0,0,,
2026-05-29,176972,1015647,3090,117,557,-3.1194167639607606,0.19786535303776687,4,0,0,-5.66037735849057,3.4
2026-05-30,108082,626476,1603,45,285,-2.6132469723424814,-0.25224358974358985,0,0,0,,
2026-05-31,96612,566583,1526,38,323,-1.4701018645375916,-0.38064516129032255,0,0,0,,
2026-06-01,164925,943351,2099,82,373,-2.8200016761550906,-0.5036231884057972,20,0,6,-6.157056640304059,-0.9666666666666666
2026-06-02,184547,1049723,1450,50,198,-1.8745474105682443,0.08419117647058824,37,0,0,-2.9224815897420746,1.3333333333333333
2026-06-03,186754,1080038,2011,48,328,-1.2173588059898492,0.1618279569892469,1,0,0,-2.13930348258706,3.5
2026-06-04,186587,1072995,1614,65,232,-1.0394347742624912,0.11503067484662555,61,0,0,-2.576881673503824,4.544444444444444
2026-06-05,172473,994872,1952,113,396,-3.740883567665861,-0.420094562647754,45,3,17,-5.10901185620355,-5.6692307692307695
2026-06-06,115031,657142,2025,127,695,-3.633472599173185,-1.5801675977653638,26,3,12,-5.28603721091984,-5.966666666666667
2026-06-07,106852,606348,1366,20,197,-1.7523423646213963,0.4039007092198576,0,0,0,,
2026-06-08,170330,968670,2551,102,602,-2.123873222540235,-0.25273522975929974,66,8,3,-1.1115903871376682,1.05
2026-06-09,175221,1011585,2248,78,429,-1.602559890613171,-0.4347031963470318,65,6,21,-2.6210303016896166,-2.966666666666667
2026-06-10,181341,1051763,4863,330,1368,-3.173134009727214,-2.416346153846152,0,0,0,,
2026-06-11,174000,1010291,4580,360,1195,-3.4530965411684567,-2.2828539823008853,6,0,0,-2.32954545454545,6.666666666666667
2026-06-12,159878,925494,2732,150,567,-2.753615463706817,-0.6289115646258503,5,0,0,-3.3980611045828475,0.5499999999999999
2026-06-13,109199,639591,1464,50,243,-3.3267257387333795,-0.2795527156549522,20,10,0,-2.6716663546518644,-3.4571428571428573
2026-06-14,99127,574061,1228,5,149,-1.9207563856136423,0.4643442622950822,0,0,0,,
2026-06-15,173301,972421,1760,36,178,-1.6615224648294826,1.215469613259668,14,0,0,-2.943209851981535,0.5
2026-06-16,181656,1028807,1615,44,227,-1.2934028152140435,0.4874193548387099,106,10,10,-0.9013458872713722,0.26086956521739113
2026-06-17,183394,1046803,2815,64,333,-0.9006745926478266,1.2430088495575216,4,0,0,-2.56821829855538,2.3499999999999996
2026-06-18,182817,1049964,2809,42,318,-1.7222567265006534,1.389541284403671,18,0,0,-4.0796963946869,4.666666666666667
2026-06-19,166232,961866,1880,10,225,-1.0101976030249809,1.3492268041237117,28,0,0,-3.50991810737034,4.5
2026-06-20,110752,635561,903,0,50,0.4012728912694455,1.540340909090909,29,0,0,-3.80959815313116,4.2
2026-06-21,103706,595261,939,20,24,1.003872709484498,2.4474820143884886,0,0,0,,
2026-06-22,163759,934313,1339,27,117,-0.35169954441515716,2.107630522088354,0,0,0,,
2026-06-23,177877,1018772,1491,26,124,0.4061989245628712,0.7788927335640138,0,0,0,,
2026-06-24,176195,1007470,1231,24,93,-0.6793284867017849,1.3108374384236456,40,0,2,1.9354615222313534,1.1111111111111112
2026-06-25,175794,1009802,2060,193,296,-2.812260220408411,-0.16401985111662554,28,0,8,-3.1413170878142767,-1.4
2026-06-26,161679,936007,2932,142,607,-3.1346951908401435,-0.4518456375838925,38,0,1,-4.164702643842027,1.2777777777777777
2026-06-27,107739,626919,2262,164,553,-3.630298290686326,-1.432853717026378,35,0,1,-3.64771606966809,2.8571428571428568
2026-06-28,98014,569536,1810,153,437,-2.078578394495814,-0.4991847826086954,1,0,1,0.52246603970742,-5.0
2026-06-29,157012,907706,1613,15,248,-1.7311979123162526,0.7283625730994153,28,0,0,-7.25388601036274,1.64
2026-06-30,167727,978011,1401,16,157,-0.3506252770043019,1.2301075268817203,9,0,0,-0.126262626262627,-0.19999999999999996
2026-07-01,168101,970611,1534,8,117,2.060549108422417,2.1212230215827335,14,0,0,1.57866086009798,1.5666666666666667
2026-07-02,167655,967253,1210,10,75,0.3595483109234707,1.5365957446808514,2,0,0,-1.53061224489796,5.1
2026-07-03,154836,887368,1186,38,97,1.0932421586362706,1.3841628959276018,8,8,0,-14.0065146579805,-4.4
2026-07-04,104210,593217,871,29,97,-0.48215815692835173,0.9110497237569062,0,0,0,,
2026-07-05,93822,542322,749,0,88,0.30617335006113544,0.4175572519083969,0,0,0,,
2026-07-06,156180,892175,1129,22,128,0.3278363009668568,1.3199999999999992,12,0,2,-2.71009727976941,0.0
2026-07-07,178158,1010583,2344,89,448,-1.9923616675484226,0.20933940774487425,10,0,6,-1.8683493900586803,-1.0
2026-07-08,191019,1081663,3836,243,804,-3.186053609251717,-1.430735294117647,26,0,0,-3.6709379463153518,-2.52
2026-07-09,178222,1010428,2485,131,645,-2.6936913899803985,-1.8055214723926385,0,0,0,,
2026-07-10,163980,939654,1598,28,253,-1.8553868515000864,-0.13323076923076901,0,0,0,,
2026-07-11,111292,640649,869,47,111,-2.8380870522994286,0.08466257668711663,0,0,0,,
2026-07-12,99429,571334,2662,246,757,-3.936215697143497,-2.3385281385281385,20,0,0,-4.5662100456621,2.3499999999999996
2026-07-13,163815,936714,3562,180,1118,-3.4709084761822364,-2.228466076696166,33,0,8,-6.160305881399729,-0.7272727272727273
2026-07-14,175550,1006292,4875,349,1216,-2.9817014709783627,-1.8184839044652146,36,0,13,-5.570178493279342,-2.920000000000001
2026-07-15,175641,997214,2571,125,618,-2.1489731271817054,-1.204642166344296,103,24,25,-2.827591333858497,-2.9371428571428577
2026-07-16,174138,997919,2830,224,605,-3.110540670809061,-1.2264598540145988,115,24,16,-4.347541943482497,-1.1606060606060606
2026-07-17,159602,916310,3654,448,1330,-4.010714513907617,-2.9695335276967922,165,8,30,-3.203546037383833,-1.0518518518518518
2026-07-18,107017,625376,2790,177,931,-4.428918835676091,-3.2450381679389313,8,1,0,-3.6924516674247236,1.6
2026-07-19,93802,542364,1750,125,634,-4.9415451691004835,-3.2941358024691363,21,0,20,-4.241615752565852,-3.5200000000000014
2026-07-20,149663,868218,1355,37,320,-2.72072087361085,-0.6416666666666665,148,16,12,-2.1610433118623646,-0.8166666666666661
2026-07-21,175009,1005198,2223,86,418,-2.3862617802394546,-0.9539062500000002,150,36,74,-4.781280634903122,-3.14375
2026-07-22,184893,1050295,2124,147,355,-1.1577275616679574,-0.008192771084336609,117,19,10,-4.614320818881662,0.4395348837209303
2026-07-23,179354,1029529,1637,69,317,-1.3113288669965648,0.001519756838905817,383,52,119,-4.914446453273288,-1.971
2026-07-24,174736,993492,1854,108,438,-2.4498181579829854,-1.3823529411764701,126,25,4,-5.116302769905194,-0.8152173913043479
2026-07-25,116427,674070,1462,33,239,-2.6507062748912897,-0.8283216783216787,107,42,13,-2.8820277083310692,-3.619047619047619
2026-07-26,103990,599618,1219,32,146,-1.372459762575557,0.31977186311787087,49,20,5,-3.3494269180672442,-3.736363636363637
2026-07-27,161782,927693,1006,20,82,-1.253202610115623,1.5067073170731713,153,0,19,-3.5079960195166224,1.3194444444444442
2026-07-28,181711,1023722,1648,40,144,-0.3346067362414228,1.4976608187134506,102,8,0,-3.4601320483701326,-0.09999999999999987
2026-07-29,178005,1015312,1471,29,254,-1.9764598011392578,-0.34863945578231303,202,14,43,-3.867200373644332,-1.5999999999999996
2026-07-30,177946,1024511,1758,74,319,-2.2019633507826546,-0.5025078369905953,316,24,79,-3.760805151090839,-2.3059701492537314
2026-07-31,170073,967839,1066,18,60,-1.0559897485592975,1.4395454545454547,145,12,18,-3.253738397803281,1.4999999999999996
2026-08-01,113602,648296,953,2,107,-2.7946897321836377,0.6064516129032258,81,25,0,-3.2767389632855353,-1.0777777777777782
2026-08-02,99553,573215,764,0,76,-1.7862192801443417,0.9881578947368421,111,2,92,-9.20651072526838,-7.1083333333333325
2026-08-03,148195,859411,1292,9,79,-0.3011844261180498,1.6733576642335768,78,0,1,-3.922881637282997,2.452380952380952
2026-08-04,162537,938399,1207,66,97,-1.4976823461005626,1.116475095785441,214,5,29,-2.941949380236325,0.7551724137931033
2026-08-05,167769,971817,1431,31,198,-2.2728412653994807,0.8437722419928825,223,0,35,-4.271234579629231,-0.21290322580645143
2026-08-06,167115,958256,1155,19,113,-0.5734576149338001,1.142323651452282,42,11,7,-4.535173524880718,-2.75
2026-08-07,161277,927603,1099,19,103,-1.42955266078543,1.3450549450549452,122,0,10,-3.2806817425322876,2.466666666666667
2026-08-08,109586,629559,1080,43,169,-3.5039428296919253,0.35736842105263156,32,0,0,-6.71673702846248,2.5
2026-08-09,95572,555479,1233,14,215,-2.5897928431224826,0.009652509652509633,303,43,111,-5.00355305962394,-4.495833333333332
2026-08-10,147897,859426,1372,14,159,-0.6788428696838182,1.5416326530612245,532,22,183,-7.17912345765134,-5.425233644859815
2026-08-11,167152,955571,1614,38,265,-2.1193021599623085,-0.6126470588235292,375,37,170,-5.924825230759062,-5.048543689320389
2026-08-12,166806,951522,1837,50,286,-2.8341507044567456,-0.5863387978142083,380,8,147,-5.5850200881016585,-3.4805825242718447
2026-08-13,165714,953512,1239,38,143,0.720993559808558,1.076954732510288,220,28,87,-6.298491765347659,-2.496923076923077
2026-08-14,159398,908124,1190,17,122,-1.6626932290145455,0.24588744588744627,333,10,173,-7.744626741165283,-4.801538461538461
2026-08-15,106565,613215,814,0,182,-1.9377500845684534,-0.5209302325581395,276,21,109,-6.745033340358468,-3.5147727272727263
2026-08-16,97599,557235,562,35,164,-2.5899247974660526,-2.0991803278688526,155,13,54,-6.775507620080495,-4.321818181818181
2026-08-17,155839,876744,1278,16,143,-1.3986111943749275,0.8910071942446041,366,62,122,-6.5529250326914,-3.5011764705882356
2026-08-18,170451,961534,1235,89,172,-2.5661673770067273,0.07240143369175633,294,17,136,-6.811773992396001,-4.946575342465753
2026-08-19,173278,977819,1418,34,99,-1.3080268833007402,0.9938566552901028,148,18,53,-6.85101663347174,-4.272972972972973
2026-08-20,175705,984280,1493,64,105,-0.902160720169038,1.0026058631921826,78,10,28,-6.022091534318684,-3.8526315789473684
2026-08-21,161405,912726,1427,29,124,-1.0376130527089926,1.0630769230769228,33,0,23,-2.8076928877897083,-5.592857142857143
2026-08-22,106077,611506,709,1,101,-1.4868907931716977,0.1953947368421053,84,2,34,-3.3184806065599144,-1.0285714285714294
2026-08-23,98303,568013,854,19,103,0.3969490615405332,1.5040935672514613,75,10,44,-7.309885718819922,-6.733333333333334
2026-08-24,157705,901547,1348,45,74,-0.14266568997044896,0.8942857142857147,15,1,4,-1.7661037516432403,-5.3999999999999995
2026-08-25,168893,967330,1127,36,88,-1.7970820732846309,0.5720379146919432,141,20,0,-2.8489706565420088,-0.23571428571428577
2026-08-26,172506,983423,1428,16,121,-2.0821290403538297,1.283070866141732,92,18,29,-4.1878746417357355,-2.075
2026-08-27,176880,998871,1184,41,78,0.12635565105149116,2.13695652173913,20,8,0,-3.071326335877865,-3.0250000000000004
2026-08-28,162647,919931,1203,37,62,-0.7329946822928806,1.7423580786026203,38,0,8,-5.904135227020417,-0.6222222222222222
2026-08-29,108268,627807,713,11,58,-0.8471497228340343,1.717687074829932,44,0,1,-5.328014735666558,-0.6833333333333336
2026-08-30,99048,576838,960,60,210,-2.54749252177849,-1.2948717948717945,70,1,25,-2.796003149177028,-2.863157894736843
2026-08-31,159862,918748,3748,370,1112,-3.9773581382218275,-2.7260645161290302,42,0,10,0.8071360410329786,1.7374999999999998
2026-09-01,184693,1049095,3306,249,885,-3.4058632992606594,-1.956818181818182,132,1,4,-1.8503527554694776,0.6970588235294117
2026-09-02,190398,1082908,3878,190,1201,-3.6126723988743827,-1.74424778761062,28,0,2,-3.253700422882079,0.34285714285714164
2026-09-03,184977,1053870,2692,119,751,-3.3710368571388116,-2.1782828282828275,249,0,193,-8.562638696535657,-7.780434782608696
2026-09-04,170112,984096,2247,86,530,-1.8320793664925943,-0.6897097625329816,329,32,160,-6.786764358999617,-5.434939759036144
2026-09-05,111179,641221,1639,133,470,-4.662095164743891,-2.3667774086378746,350,26,174,-6.654577914302546,-3.202247191011235
2026-09-06,101925,586016,2115,199,492,-2.9010678470360123,-0.8473972602739726,230,20,108,-5.741035860670926,-6.049019607843137
2026-09-07,146714,857934,2712,89,252,-0.7514602057777534,0.97123552123552,358,11,238,-6.0973404439213255,-5.7333333333333325
2026-09-08,185857,1054603,2752,169,485,-0.7111567453538494,0.397196261682244,400,24,231,-5.908285536666155,-5.568131868131869
2026-09-09,189314,1076669,3080,216,842,-1.4524177984307933,-1.5982728842832474,390,30,152,-6.088954694246685,-4.337662337662338
2026-09-10,183302,1034682,2327,63,407,-0.9885367322826494,0.10649651972157745,948,116,350,-4.103832349067497,-3.7738955823293168
2026-09-11,178776,1005386,1961,69,226,-0.5288864270151828,0.12010582010581977,2105,197,682,-3.526941591136866,-1.679807692307692
2026-09-12,122190,683715,1105,0,115,-0.25748275228532,0.5725409836065574,1458,145,325,-3.9363844661461753,-1.1276422764227638
2026-09-13,103227,584777,1094,2,145,-1.8431820911109913,1.186641221374047,1398,83,427,-4.667452416859964,-2.242207792207793
2026-09-14,165299,947242,1720,20,141,-0.10118831387536376,1.8820433436532504,996,59,288,-4.1194792705254715,-1.5430327868852451
2026-09-15,182320,1047065,2205,32,167,0.46642112744419123,0.9951573849878929,1621,85,292,-3.8581504331236625,0.10000000000000034
2026-09-16,184477,1054971,1973,34,161,-0.45699699511875674,0.9665841584158419,1023,79,240,-4.1645100401472,-1.2640740740740741
2026-09-17,181523,1041158,2012,34,112,-0.02522089752263762,1.3279883381924211,620,14,232,-4.414785388405548,-2.109701492537313
2026-09-18,170677,980388,987,11,64,1.0951545263291735,1.662254901960784,623,2,224,-5.934907273720254,-1.6108843537414967
2026-09-19,114351,652594,997,31,59,-0.34082769670906177,1.6732984293193727,603,7,277,-4.3969920128868125,-3.9263888888888885
2026-09-20,102272,587373,1273,96,105,-0.1122431614128736,0.41256038647342985,474,43,138,-4.475289114671095,-2.0578947368421057
2026-09-21,165453,951474,1202,26,85,0.2536231803382202,1.3956140350877198,625,32,192,-3.332961749258572,-2.154878048780488
2026-09-22,199074,1103478,1009,13,46,0.7295329045068586,1.453393665158371,1084,31,286,-3.077460421545803,-1.3957516339869271
2026-09-23,204593,1136114,1487,21,164,-0.7244514033459316,0.9333333333333336,491,10,166,-4.033464461968467,-1.4808695652173918
