bolge,tarih,n_hucre,kapsama,zenit_medyan,l2,l2bt,firms_g,granül yok,kapsanmadı,bulutlu,belirsiz,"geçerli, tespit yok","geçerli, tespit var",firms,donem
BAE,2024-09-01,80,0.9125,61.75,14.874,14.874,20.93,0,0,0,0.0875,0.85,0.0625,24.31,Savaş öncesi
BAE,2024-09-02,80,0.975,45.62,25.31,27.154,27.14,0,0.025,0,0,0.8625,0.1125,27.14,Savaş öncesi
BAE,2024-09-03,80,1,18.445,39.727,39.727,39.73,0,0,0,0,0.7875,0.2125,39.73,Savaş öncesi
BAE,2024-09-04,80,1,17.495,46.924,46.924,46.92,0,0,0,0,0.775,0.225,46.92,Savaş öncesi
BAE,2024-09-05,80,0.925,43.785,42.417,42.417,42.41,0,0.0625,0,0.0125,0.825,0.1,47.06,Savaş öncesi
BAE,2024-09-06,80,0.975,62.17,90.956,99.65,87.79,0,0,0,0.025,0.8375,0.1375,92.87,Savaş öncesi
BAE,2024-09-07,80,0.9,52.68,18.87,27.011,27.01,0,0.05,0,0.05,0.85,0.05,27.01,Savaş öncesi
BAE,2024-09-08,80,1,28.75,46.49,48.588,48.61,0,0,0,0,0.8,0.2,48.61,Savaş öncesi
BAE,2024-09-09,80,1,8.215,110.04,110.04,110.05,0,0,0,0,0.725,0.275,110.05,Savaş öncesi
BAE,2024-09-10,80,0.9875,37.9,45.475,45.475,45.47,0,0.0125,0,0,0.825,0.1625,45.47,Savaş öncesi
BAE,2024-09-11,80,0.95,57.665,37.307,62.132,62.14,0,0.0125,0,0.0375,0.8625,0.0875,63.51,Savaş öncesi
BAE,2024-09-12,80,0.9625,57.18,37.894,37.894,106.5,0,0.0125,0,0.025,0.875,0.0875,107.34,Savaş öncesi
BAE,2024-09-13,80,0.9875,37.79,44.704,51.455,51.45,0,0,0,0.0125,0.8375,0.15,56.13,Savaş öncesi
BAE,2024-09-14,80,1,6.38,48.431,48.431,48.44,0,0,0,0,0.75,0.25,48.44,Savaş öncesi
BAE,2024-09-15,80,0.975,27.455,61.415,70.642,70.63,0,0.025,0,0,0.7375,0.2375,73.58,Savaş öncesi
BAE,2024-09-16,80,0.925,51.415,77.912,80.995,80.99,0,0.0375,0,0.0375,0.7625,0.1625,87.2,Savaş öncesi
BAE,2024-09-17,80,0.9875,61.16,61.557,95.172,124.97,0,0,0,0.0125,0.8625,0.125,124.97,Savaş öncesi
BAE,2024-09-18,80,0.95,45.54,63.875,63.875,63.86,0,0.0375,0,0.0125,0.775,0.175,65.97,Savaş öncesi
BAE,2024-09-19,80,1,18.39,84.634,84.634,84.64,0,0,0,0,0.7,0.3,84.64,Savaş öncesi
BAE,2024-09-20,80,1,17.42,52.427,52.427,52.4,0,0,0,0,0.75,0.25,52.4,Savaş öncesi
BAE,2024-09-21,80,0.95,45.415,32.073,36.539,36.53,0,0.05,0,0,0.825,0.125,36.53,Savaş öncesi
BAE,2024-09-22,80,0.9875,62.01,58.599,68.651,99.86,0,0,0,0.0125,0.825,0.1625,99.86,Savaş öncesi
BAE,2024-09-23,80,0.9625,52.85,26.655,38.993,40.7,0,0.0125,0,0.025,0.85,0.1125,40.7,Savaş öncesi
BAE,2024-09-24,80,0.975,29.025,43.59,43.59,43.61,0,0.025,0,0,0.8125,0.1625,43.61,Savaş öncesi
BAE,2024-09-25,80,1,8.835,54.484,54.484,54.49,0,0,0,0,0.7625,0.2375,54.49,Savaş öncesi
BAE,2024-09-26,80,1,37.335,46.15,46.15,46.14,0,0,0,0,0.8,0.2,46.14,Savaş öncesi
BAE,2024-09-27,80,0.8875,57.41,67.168,74.781,77.17,0,0.0375,0,0.075,0.75,0.1375,81.52,Savaş öncesi
BAE,2024-09-28,80,0.975,57.48,34.629,34.629,41.39,0,0,0,0.025,0.8375,0.1375,41.39,Savaş öncesi
BAE,2024-09-29,80,0.9875,38.35,50.829,50.829,50.83,0,0.0125,0,0,0.85,0.1375,50.83,Savaş öncesi
BAE,2024-09-30,80,1,7.1,46.695,46.695,46.7,0,0,0,0,0.725,0.275,46.7,Savaş öncesi
BAE,2024-10-01,80,0.9625,25.96,34.4,51.45,51.45,0,0.0375,0,0,0.825,0.1375,51.45,Savaş öncesi
BAE,2024-10-02,80,0.95,51.06,23.735,35.776,35.79,0,0.025,0,0.025,0.8375,0.1125,38.52,Savaş öncesi
BAE,2024-10-03,80,0.9375,61.37,39.816,48.33,66.19,0,0,0,0.0625,0.8,0.1375,66.19,Savaş öncesi
BAE,2024-10-04,80,0.925,45.845,61.863,61.863,61.86,0,0.0375,0,0.0375,0.8,0.125,61.86,Savaş öncesi
BAE,2024-10-05,80,0.9875,18.91,45.003,45.003,45,0,0.0125,0,0,0.775,0.2125,45,Savaş öncesi
BAE,2024-10-06,80,1,16.93,35.467,35.467,35.46,0,0,0,0,0.825,0.175,35.46,Savaş öncesi
BAE,2024-10-07,80,0.975,44.305,45.367,55.448,55.46,0,0,0,0.025,0.8,0.175,59.55,Savaş öncesi
BAE,2024-10-08,80,0.9625,61.96,17.064,22.12,52.68,0,0,0,0.0375,0.925,0.0375,52.68,Savaş öncesi
BAE,2024-10-09,80,0.9375,52.32,42.048,49.383,52.7,0,0.0375,0,0.025,0.8,0.1375,53.19,Savaş öncesi
BAE,2024-10-10,80,1,29.46,49.456,49.456,49.47,0,0,0,0,0.8,0.2,49.47,Savaş öncesi
BAE,2024-10-11,80,1,9.175,58.186,58.186,58.2,0,0,0,0,0.7125,0.2875,58.2,Savaş öncesi
BAE,2024-10-12,80,0.9875,37.09,29.746,29.746,29.75,0,0,0,0.0125,0.9,0.0875,29.75,Savaş öncesi
BAE,2024-10-13,80,0.8625,57.25,66.376,97.111,145.51,0,0.0125,0,0.125,0.7,0.1625,159.7,Savaş öncesi
BAE,2024-10-14,80,0.9875,57.53,105.18,105.18,110.9,0,0,0,0.0125,0.875,0.1125,110.9,Savaş öncesi
BAE,2024-10-15,80,0.8875,38.25,22.257,24.142,24.14,0,0.0125,0.075,0.025,0.7875,0.1,25.17,Savaş öncesi
BAE,2024-10-16,80,1,7.22,40.159,40.159,0,0,0,0,0,0.7375,0.2625,0,Savaş öncesi
BAE,2024-10-17,80,0.9875,27.76,70.038,78.465,78.46,0,0.0125,0,0,0.775,0.2125,83.95,Savaş öncesi
BAE,2024-10-18,80,0.9375,50.47,58.552,63.531,63.53,0,0.0375,0,0.025,0.8,0.1375,63.53,Savaş öncesi
BAE,2024-10-19,80,0.9625,60.72,11.275,17.621,36.38,0,0.0125,0,0.025,0.9125,0.05,53.07,Savaş öncesi
BAE,2024-10-20,80,0.9875,45.9,57.149,57.149,57.17,0,0.0125,0,0,0.8125,0.175,57.17,Savaş öncesi
BAE,2024-10-21,80,1,18.85,52.771,52.771,52.75,0,0,0,0,0.7875,0.2125,52.75,Savaş öncesi
BAE,2024-10-22,80,1,17.065,60.923,60.923,60.89,0,0,0,0,0.7625,0.2375,60.89,Savaş öncesi
BAE,2024-10-23,80,0.975,44.405,39.527,43.584,43.6,0,0.025,0,0,0.8375,0.1375,47.57,Savaş öncesi
BAE,2024-10-24,80,0.975,62.01,59.116,63.769,81.64,0,0,0,0.025,0.85,0.125,81.64,Savaş öncesi
BAE,2024-10-25,80,0.9375,52.15,90.568,101.1,103.94,0,0.025,0,0.0375,0.775,0.1625,103.94,Savaş öncesi
BAE,2024-10-26,80,0.9875,29.18,69.277,69.277,69.28,0,0,0,0.0125,0.7625,0.225,71.9,Savaş öncesi
BAE,2024-10-27,80,1,8.87,63.779,63.779,63.81,0,0,0,0,0.7,0.3,63.81,Savaş öncesi
BAE,2024-10-28,80,0.9875,37.29,45.142,45.142,45.14,0,0,0,0.0125,0.825,0.1625,45.14,Savaş öncesi
BAE,2024-10-29,80,0.9625,57.38,161.34,161.34,161.35,0,0.0125,0,0.025,0.775,0.1875,161.35,Savaş öncesi
BAE,2024-10-30,80,0.9625,58.12,43.413,45.789,48.66,0,0,0,0.0375,0.8,0.1625,49.41,Savaş öncesi
BAE,2024-10-31,80,0.975,38.385,91.055,98.285,98.29,0,0.0125,0,0.0125,0.7625,0.2125,98.29,Savaş öncesi
BAE,2024-11-01,80,1,7.445,53.153,53.153,53.16,0,0,0,0,0.7125,0.2875,53.16,Savaş öncesi
BAE,2024-11-02,80,0.975,26.495,92.404,100.22,100.23,0,0.025,0,0,0.7125,0.2625,100.23,Savaş öncesi
BAE,2024-11-03,80,0.9375,50.11,30.956,32.361,32.35,0,0.025,0,0.0375,0.775,0.1625,51.17,Savaş öncesi
BAE,2024-11-04,80,0.9875,61.26,47.183,72.854,87.96,0,0,0,0.0125,0.8125,0.175,91.57,Savaş öncesi
BAE,2024-11-05,80,0.9,46.34,32.195,32.195,32.19,0,0.0625,0,0.0375,0.75,0.15,32.19,Savaş öncesi
BAE,2024-11-06,80,1,19.825,53.381,53.381,53.39,0,0,0,0,0.7875,0.2125,53.39,Savaş öncesi
BAE,2024-11-07,80,1,15.91,138,138,138,0,0,0,0,0.7,0.3,138,Savaş öncesi
BAE,2024-11-08,80,1,44.295,45.184,50.939,50.96,0,0,0,0,0.8625,0.1375,50.96,Savaş öncesi
BAE,2024-11-09,80,0,,,,,1,0,0,0,0,0,54.78,Savaş öncesi
BAE,2024-11-10,80,0.9375,52.97,25.799,34.267,0,0,0.0125,0,0.05,0.8,0.1375,0,Savaş öncesi
BAE,2024-11-11,80,1,30.74,118.88,118.88,118.89,0,0,0,0,0.7375,0.2625,118.89,Savaş öncesi
BAE,2024-11-12,80,1,9.765,57.252,57.252,57.25,0,0,0,0,0.675,0.325,57.25,Savaş öncesi
BAE,2024-11-13,80,1,35.785,69.652,69.652,69.66,0,0,0,0,0.8,0.2,69.66,Savaş öncesi
BAE,2024-11-14,80,0.9125,56.44,81.637,81.637,88.94,0,0.0375,0,0.05,0.75,0.1625,96.76,Savaş öncesi
BAE,2024-11-15,80,0.9625,58.32,52.794,54.531,57.15,0,0,0,0.0375,0.825,0.1375,75.62,Savaş öncesi
BAE,2024-11-16,80,0.9625,39.78,44.59,44.59,44.59,0,0.025,0,0.0125,0.8,0.1625,44.59,Savaş öncesi
BAE,2024-11-17,80,1,9.21,90.303,90.303,90.32,0,0,0,0,0.6375,0.3625,90.32,Savaş öncesi
BAE,2024-11-18,80,0.9875,25.97,78.72,87.534,87.53,0,0.0125,0,0,0.8,0.1875,93.43,Savaş öncesi
BAE,2024-11-19,80,0.95,49.31,46.73,46.73,46.75,0,0.0125,0,0.0375,0.7375,0.2125,46.75,Savaş öncesi
BAE,2024-11-20,80,0.9875,60.82,122.53,124.71,167.5,0,0,0,0.0125,0.8625,0.125,167.5,Savaş öncesi
BAE,2024-11-21,80,0.9375,46.99,56.716,56.716,56.69,0,0.05,0,0.0125,0.7,0.2375,56.69,Savaş öncesi
BAE,2024-11-22,80,1,20.8,37.163,40.124,40.13,0,0,0,0,0.75,0.25,40.13,Savaş öncesi
BAE,2024-11-23,80,0.75,10.25,34.272,34.272,34.29,0,0,0.25,0,0.55,0.2,34.29,Savaş öncesi
BAE,2024-11-24,80,0.975,43.85,54.805,65.68,65.68,0,0.0125,0,0.0125,0.775,0.2,65.68,Savaş öncesi
BAE,2024-11-25,80,0.875,60.125,43.848,60.946,73.85,0,0,0.0375,0.0875,0.6625,0.2125,73.85,Savaş öncesi
BAE,2024-11-26,80,0.925,53.6,26.62,26.62,30.6,0,0.0125,0,0.0625,0.7875,0.1375,30.6,Savaş öncesi
BAE,2024-11-27,80,0.975,30.99,71.445,72.381,72.4,0,0,0,0.025,0.7375,0.2375,74.37,Savaş öncesi
BAE,2024-11-28,80,0.9,9.075,40.16,40.16,40.18,0,0,0.1,0,0.7125,0.1875,40.18,Savaş öncesi
BAE,2024-11-29,80,0.975,35.595,111.68,111.68,111.65,0,0.0125,0,0.0125,0.7125,0.2625,111.65,Savaş öncesi
BAE,2024-11-30,80,0.925,56.275,72.953,75.97,86.95,0,0.0125,0,0.0625,0.725,0.2,86.95,Savaş öncesi
BAE,2024-12-01,80,0.925,58.67,40.618,41.579,52.1,0,0.0125,0,0.0625,0.825,0.1,53.1,Savaş öncesi
BAE,2024-12-02,80,0.95,39.74,54.842,54.842,54.85,0,0.05,0,0,0.7375,0.2125,54.85,Savaş öncesi
BAE,2024-12-03,80,1,9.325,68.262,68.262,68.24,0,0,0,0,0.6125,0.3875,68.24,Savaş öncesi
BAE,2024-12-04,80,0.9875,25.91,35.815,45.827,45.82,0,0.0125,0,0,0.7,0.2875,47.49,Savaş öncesi
BAE,2024-12-05,80,0.9625,49.29,48.466,48.466,48.45,0,0.0375,0,0,0.7375,0.225,48.45,Savaş öncesi
BAE,2024-12-06,80,0.9875,61.71,54.53,64.264,107.82,0,0,0,0.0125,0.8,0.1875,107.82,Savaş öncesi
BAE,2024-12-07,80,0.975,47.02,127.86,127.86,127.9,0,0.025,0,0,0.7125,0.2625,127.9,Savaş öncesi
BAE,2024-12-08,80,0.9875,20.74,47.29,48.293,48.3,0,0.0125,0,0,0.65,0.3375,48.3,Savaş öncesi
BAE,2024-12-09,80,0.525,15.19,36.442,36.442,36.43,0,0,0.475,0,0.375,0.15,36.43,Savaş öncesi
BAE,2024-12-10,80,0.9875,43.86,33.56,42.894,42.88,0,0.0125,0,0,0.8125,0.175,45.46,Savaş öncesi
BAE,2024-12-11,80,0.9625,61.28,42.749,46.725,71.99,0,0.0125,0,0.025,0.8125,0.15,78.14,Savaş öncesi
BAE,2024-12-12,80,0.9,53.115,24.048,30.478,30.48,0,0.025,0,0.075,0.6875,0.2125,41.27,Savaş öncesi
BAE,2024-12-13,80,0.975,30.835,65.313,67.324,67.32,0,0.0125,0,0.0125,0.7,0.275,68.21,Savaş öncesi
BAE,2024-12-14,80,1,9.615,51.52,51.52,51.54,0,0,0,0,0.6125,0.3875,51.54,Savaş öncesi
BAE,2024-12-15,80,0.9875,35.79,33.165,35.325,35.33,0,0.0125,0,0,0.775,0.2125,35.33,Savaş öncesi
BAE,2024-12-16,80,0.925,56.43,21.037,33.315,34.38,0,0.0375,0,0.0375,0.8125,0.1125,38.86,Savaş öncesi
BAE,2024-12-17,80,0.8375,58.86,56.4,57.649,57.64,0,0,0.075,0.0875,0.7,0.1375,63.14,Savaş öncesi
BAE,2024-12-18,80,0.925,40.235,15.642,15.642,15.64,0,0.0125,0.0375,0.025,0.825,0.1,15.64,Savaş öncesi
BAE,2024-12-19,80,0.9625,8.85,92.179,92.179,92.15,0,0,0.0375,0,0.6375,0.325,92.15,Savaş öncesi
BAE,2024-12-20,80,0.9875,26.16,65.319,65.319,65.29,0,0.0125,0,0,0.675,0.3125,65.29,Savaş öncesi
BAE,2024-12-21,80,0.925,49.455,31.645,32.8,32.82,0,0.0375,0,0.0375,0.7625,0.1625,60.24,Savaş öncesi
BAE,2024-12-22,80,0.975,60.825,22.996,24.699,35.17,0,0,0,0.025,0.8875,0.0875,35.17,Savaş öncesi
BAE,2024-12-23,80,0.9375,46.8,41.828,44.47,44.5,0,0.0125,0,0.05,0.7,0.2375,47.84,Savaş öncesi
BAE,2024-12-24,80,1,20.44,32.719,32.719,32.73,0,0,0,0,0.7125,0.2875,32.73,Savaş öncesi
BAE,2024-12-25,80,1,15.385,41.206,41.206,41.21,0,0,0,0,0.65,0.35,41.21,Savaş öncesi
BAE,2024-12-26,80,0.9625,44.14,26.46,28.254,28.24,0,0.025,0,0.0125,0.7625,0.2,30.95,Savaş öncesi
BAE,2024-12-27,80,1,61.38,26.881,29.686,61.75,0,0,0,0,0.8625,0.1375,61.75,Savaş öncesi
BAE,2024-12-28,80,0.95,53.33,28.748,28.748,33.26,0,0.025,0,0.025,0.7125,0.2375,34.39,Savaş öncesi
BAE,2024-12-29,80,0.9875,30.49,34.509,34.509,34.48,0,0.0125,0,0,0.725,0.2625,34.48,Savaş öncesi
BAE,2024-12-30,80,0.4375,9.67,19.846,19.846,19.85,0,0,0.5625,0,0.2875,0.15,19.85,Savaş öncesi
BAE,2024-12-31,80,0.5625,36.1,24.758,24.758,24.77,0,0,0.4375,0,0.475,0.0875,24.77,Savaş öncesi
BAE,2025-01-01,80,0.7375,57.27,24.627,25.699,62.6,0,0,0.2375,0.025,0.6375,0.1,76.33,Savaş öncesi
BAE,2025-01-02,80,0.9625,58.66,43.052,43.052,49.2,0,0,0,0.0375,0.7125,0.25,49.2,Savaş öncesi
BAE,2025-01-03,80,0.9625,39.16,55.488,65.873,65.9,0,0.025,0,0.0125,0.7625,0.2,67.41,Savaş öncesi
BAE,2025-01-04,80,1,8.365,51.764,51.764,51.73,0,0,0,0,0.7,0.3,51.73,Savaş öncesi
BAE,2025-01-05,80,0.9875,26.77,64.479,73.772,73.74,0,0.0125,0,0,0.6625,0.325,73.74,Savaş öncesi
BAE,2025-01-06,80,0.95,50.47,52.394,56.055,56.04,0,0.025,0,0.025,0.725,0.225,68.56,Savaş öncesi
BAE,2025-01-07,80,0.8875,62.26,79.565,114.47,143.97,0,0.0375,0,0.075,0.7,0.1875,146.74,Savaş öncesi
BAE,2025-01-08,80,0.9625,46.39,196.04,196.04,196.06,0,0.0125,0,0.025,0.7,0.2625,196.06,Savaş öncesi
BAE,2025-01-09,80,1,19.7,177.79,178.95,178.96,0,0,0,0,0.6625,0.3375,178.96,Savaş öncesi
BAE,2025-01-10,80,1,16.2,105.6,105.6,105.63,0,0,0,0,0.675,0.325,105.63,Savaş öncesi
BAE,2025-01-11,80,0.975,44.63,88.252,101.87,101.85,0,0.0125,0,0.0125,0.7375,0.2375,102.9,Savaş öncesi
BAE,2025-01-12,80,0.75,61.735,8.7712,8.7712,20.11,0,0,0.1875,0.0625,0.7,0.05,20.94,Savaş öncesi
BAE,2025-01-13,80,0.9375,53.3,94.689,96.242,96.28,0,0.0375,0,0.025,0.6875,0.25,96.28,Savaş öncesi
BAE,2025-01-14,80,1,29.815,55.178,56.517,56.5,0,0,0,0,0.7625,0.2375,56.5,Savaş öncesi
BAE,2025-01-15,80,1,9.555,161.23,161.23,161.2,0,0,0,0,0.525,0.475,161.2,Savaş öncesi
BAE,2025-01-16,80,0.975,36.015,47.753,47.753,47.75,0,0,0,0.025,0.6875,0.2875,47.75,Savaş öncesi
BAE,2025-01-17,80,0.95,57.17,42.991,42.991,58.58,0,0,0,0.05,0.8,0.15,58.58,Savaş öncesi
BAE,2025-01-18,80,0.9125,58.27,35.633,35.633,37.18,0,0,0.025,0.0625,0.6875,0.225,42.22,Savaş öncesi
BAE,2025-01-19,80,1,38.515,71.854,71.854,71.87,0,0,0,0,0.7375,0.2625,71.87,Savaş öncesi
BAE,2025-01-20,80,1,7.365,48.281,48.281,48.28,0,0,0,0,0.6,0.4,48.28,Savaş öncesi
BAE,2025-01-21,80,0.975,26.79,67.572,86.664,86.68,0,0.025,0,0,0.675,0.3,87.86,Savaş öncesi
BAE,2025-01-22,80,0.9375,51.67,43.857,50.664,50.66,0,0.0125,0,0.05,0.7875,0.15,54.38,Savaş öncesi
BAE,2025-01-23,80,0.9625,60.98,91.884,107.61,116.7,0,0,0,0.0375,0.7625,0.2,116.7,Savaş öncesi
BAE,2025-01-24,80,0.975,45.85,52.992,52.992,53,0,0.0125,0,0.0125,0.7625,0.2125,53,Savaş öncesi
BAE,2025-01-25,80,1,18.665,69.464,69.464,69.45,0,0,0,0,0.65,0.35,69.45,Savaş öncesi
BAE,2025-01-26,80,0.8375,13,45.923,45.923,45.88,0,0,0.1625,0,0.5375,0.3,45.88,Savaş öncesi
BAE,2025-01-27,80,0.95,44.615,134.64,135.76,135.76,0,0.0375,0,0.0125,0.775,0.175,178.52,Savaş öncesi
BAE,2025-01-28,80,0.95,62.16,233.93,240.18,212.52,0,0.025,0,0.025,0.7375,0.2125,212.52,Savaş öncesi
BAE,2025-01-29,80,0.9875,51.97,47.097,50.078,50.49,0,0,0,0.0125,0.7375,0.25,50.49,Savaş öncesi
BAE,2025-01-30,80,0.975,28.835,48.009,49.143,49.16,0,0.025,0,0,0.7125,0.2625,49.16,Savaş öncesi
BAE,2025-01-31,80,1,8.635,48.953,48.953,48.94,0,0,0,0,0.6125,0.3875,48.94,Savaş öncesi
BAE,2025-02-01,80,0.975,37.595,49.479,49.479,49.45,0,0.025,0,0,0.675,0.3,49.45,Savaş öncesi
BAE,2025-02-02,80,0.925,57.465,61.318,75.441,84.79,0,0.0125,0,0.0625,0.725,0.2,87.41,Savaş öncesi
BAE,2025-02-03,80,0.9375,57.4,57.58,58.344,76.35,0,0,0,0.0625,0.75,0.1875,78.1,Savaş öncesi
BAE,2025-02-04,80,0.9875,38.24,59.44,63.263,63.29,0,0.0125,0,0,0.6625,0.325,63.29,Savaş öncesi
BAE,2025-02-05,80,1,6.92,47.886,47.886,47.88,0,0,0,0,0.65,0.35,47.88,Savaş öncesi
BAE,2025-02-06,80,0.8125,24.06,44.427,44.427,44.42,0,0.05,0.1375,0,0.5625,0.25,60.49,Savaş öncesi
BAE,2025-02-07,80,0.925,51.16,25.895,29.438,29.41,0,0.05,0,0.025,0.7875,0.1375,29.41,Savaş öncesi
BAE,2025-02-08,80,0.975,61.925,10.802,13.205,30.76,0,0,0,0.025,0.9375,0.0375,30.76,Savaş öncesi
BAE,2025-02-09,80,0.95,45.855,50.515,50.515,50.54,0,0.0375,0,0.0125,0.775,0.175,50.54,Savaş öncesi
BAE,2025-02-10,80,0.9625,18.72,43.139,43.139,43.14,0,0,0.0375,0,0.675,0.2875,43.14,Savaş öncesi
BAE,2025-02-11,80,1,17.015,43.675,43.675,43.7,0,0,0,0,0.675,0.325,43.7,Savaş öncesi
BAE,2025-02-12,80,0.5625,41.94,9.8906,9.8906,9.9,0,0,0.4,0.0375,0.5125,0.05,9.9,Savaş öncesi
BAE,2025-02-13,80,0.575,61.965,21.955,21.955,25.8,0,0,0.2625,0.1625,0.5,0.075,34.11,Savaş öncesi
BAE,2025-02-14,80,0.85,52.24,23.499,34.974,34.97,0,0.05,0.075,0.025,0.7125,0.1375,34.97,Savaş öncesi
BAE,2025-02-15,80,0.3625,29.43,3.9408,3.9408,3.94,0,0.0125,0.625,0,0.3375,0.025,3.94,Savaş öncesi
BAE,2025-02-16,80,0.3,9.34,3.4448,3.4448,3.44,0,0,0.7,0,0.2875,0.0125,3.44,Savaş öncesi
BAE,2025-02-17,80,0.825,37.32,30.925,30.925,30.92,0,0,0.1625,0.0125,0.6375,0.1875,30.92,Savaş öncesi
BAE,2025-02-18,80,0.85,55.94,28.26,33.599,37.15,0,0,0.1,0.05,0.6875,0.1625,48.86,Savaş öncesi
BAE,2025-02-19,80,0.8,57.985,8.1484,11.063,11.06,0,0,0.0875,0.1125,0.7375,0.0625,18,Savaş öncesi
BAE,2025-02-20,80,0.5125,33.93,25.134,32.047,32.04,0,0,0.4625,0.025,0.425,0.0875,32.04,Savaş öncesi
BAE,2025-02-21,80,1,7.525,52.598,52.598,52.6,0,0,0,0,0.6125,0.3875,52.6,Savaş öncesi
BAE,2025-02-22,80,1,27.545,51.81,58.011,58.02,0,0,0,0,0.7125,0.2875,58.02,Savaş öncesi
BAE,2025-02-23,80,0.6,48.795,7.4985,7.4985,7.51,0,0.0125,0.2875,0.1,0.55,0.05,7.51,Savaş öncesi
BAE,2025-02-24,80,0,,,,,0,0,0.8125,0.1875,0,0,0,Savaş öncesi
BAE,2025-02-25,80,0.875,46.025,25.384,25.384,25.38,0,0.025,0.0125,0.0875,0.7125,0.1625,25.38,Savaş öncesi
BAE,2025-02-26,80,0.35,23.695,0.53105,0.53105,0.53,0,0,0.65,0,0.3375,0.0125,0.53,Savaş öncesi
BAE,2025-02-27,80,1,16.58,72.041,72.041,72.04,0,0,0,0,0.6625,0.3375,72.04,Savaş öncesi
BAE,2025-02-28,80,0.9125,44.77,30.941,40.84,40.86,0,0.075,0.0125,0,0.825,0.0875,43.33,Savaş öncesi
BAE,2025-03-01,80,0.925,62.34,24.85,37.819,51.22,0,0,0.05,0.025,0.8125,0.1125,51.22,Savaş öncesi
BAE,2025-03-02,80,0.925,52.505,30.577,31.72,34.2,0,0.0375,0,0.0375,0.7625,0.1625,39.69,Savaş öncesi
BAE,2025-03-03,80,1,29.8,42.901,42.901,42.92,0,0,0,0,0.6625,0.3375,42.92,Savaş öncesi
BAE,2025-03-04,80,0.675,6.705,24.546,24.546,24.56,0,0,0.325,0,0.4875,0.1875,24.56,Savaş öncesi
BAE,2025-03-05,80,1,36.82,35.241,35.241,35.26,0,0,0,0,0.8,0.2,35.26,Savaş öncesi
BAE,2025-03-06,80,0.925,57.005,32.566,41.667,42.8,0,0,0.0125,0.0625,0.7625,0.1625,42.8,Savaş öncesi
BAE,2025-03-07,80,0.875,59.095,21.664,21.664,31.74,0,0,0.025,0.1,0.725,0.15,38.76,Savaş öncesi
BAE,2025-03-08,80,0.6375,41.94,16.261,16.261,16.26,0,0,0.325,0.0375,0.5375,0.1,16.26,Savaş öncesi
BAE,2025-03-09,80,0.95,9.79,51.359,51.359,51.35,0,0,0.05,0,0.7,0.25,51.35,Savaş öncesi
BAE,2025-03-10,80,0.725,27.485,15.408,15.408,15.39,0,0,0.275,0,0.625,0.1,15.39,Savaş öncesi
BAE,2025-03-11,80,0.3,46.505,3.7927,6.0072,6,0,0.0125,0.6625,0.025,0.275,0.025,6,Savaş öncesi
BAE,2025-03-12,80,0.8375,62.34,30.51,46.495,46.5,0,0.0125,0.05,0.1,0.75,0.0875,53.84,Savaş öncesi
BAE,2025-03-13,80,0.95,46.265,37.159,37.159,37.18,0,0.025,0,0.025,0.75,0.2,50.71,Savaş öncesi
BAE,2025-03-14,80,1,19.42,35.103,35.103,35.07,0,0,0,0,0.8,0.2,35.07,Savaş öncesi
BAE,2025-03-15,80,1,16.46,54.554,54.554,54.53,0,0,0,0,0.6625,0.3375,54.53,Savaş öncesi
BAE,2025-03-16,80,0.2875,49.19,7.1986,8.9174,8.92,0,0.025,0.625,0.0625,0.25,0.0375,10.23,Savaş öncesi
BAE,2025-03-17,80,0.9625,61.81,62.933,65.763,70.65,0,0,0,0.0375,0.75,0.2125,75.95,Savaş öncesi
BAE,2025-03-18,80,0.875,53.285,59.486,61.015,61,0,0.0625,0,0.0625,0.6625,0.2125,63.14,Savaş öncesi
BAE,2025-03-19,80,0.9875,29.75,44.198,45.038,45.05,0,0.0125,0,0,0.7125,0.275,46.17,Savaş öncesi
BAE,2025-03-20,80,1,9.595,172.16,172.16,172.19,0,0,0,0,0.6,0.4,172.19,Savaş öncesi
BAE,2025-03-21,80,1,36.815,37.655,37.655,37.65,0,0,0,0,0.8125,0.1875,37.65,Savaş öncesi
BAE,2025-03-22,80,0.5625,54.7,6.0339,8.9359,8.93,0,0.0125,0.375,0.05,0.5125,0.05,13.51,Savaş öncesi
BAE,2025-03-23,80,0.8625,59.38,21.425,22.702,24.11,0,0,0.1,0.0375,0.7,0.1625,24.11,Savaş öncesi
BAE,2025-03-24,80,0.9875,38.64,33.19,33.19,33.19,0,0,0,0.0125,0.8125,0.175,33.19,Savaş öncesi
BAE,2025-03-25,80,1,7.625,26.9,26.9,26.88,0,0,0,0,0.7375,0.2625,26.88,Savaş öncesi
BAE,2025-03-26,80,0.975,26.465,49.532,49.532,49.55,0,0.025,0,0,0.7875,0.1875,49.55,Savaş öncesi
BAE,2025-03-27,80,0.875,50.065,40.317,40.317,40.31,0,0.05,0,0.075,0.6625,0.2125,44.07,Savaş öncesi
BAE,2025-03-28,80,0.95,61.22,40.18,41.731,67.47,0,0.0125,0,0.0375,0.7875,0.1625,69.69,Savaş öncesi
BAE,2025-03-29,80,0.975,46.105,31.912,31.912,31.91,0,0.0125,0,0.0125,0.7875,0.1875,31.91,Savaş öncesi
BAE,2025-03-30,80,1,19.16,49.695,49.695,49.7,0,0,0,0,0.6125,0.3875,49.7,Savaş öncesi
BAE,2025-03-31,80,1,16.725,90.899,90.899,90.89,0,0,0,0,0.6625,0.3375,90.89,Savaş öncesi
BAE,2025-04-01,80,0.9625,44.98,38.515,38.515,38.53,0,0.025,0,0.0125,0.725,0.2375,40.93,Savaş öncesi
BAE,2025-04-02,80,0.975,61.91,36.216,47.138,53.95,0,0.0125,0,0.0125,0.7875,0.1875,55.28,Savaş öncesi
BAE,2025-04-03,80,0.9625,52.26,30.171,32.172,38.58,0,0.0125,0,0.025,0.85,0.1125,40.31,Savaş öncesi
BAE,2025-04-04,80,1,29.47,88.242,88.242,88.23,0,0,0,0,0.7,0.3,88.23,Savaş öncesi
BAE,2025-04-05,80,1,9.18,39.799,39.799,39.79,0,0,0,0,0.6875,0.3125,39.79,Savaş öncesi
BAE,2025-04-06,80,0.9875,37.05,48.141,58.166,58.16,0,0,0,0.0125,0.75,0.2375,61.55,Savaş öncesi
BAE,2025-04-07,80,0.725,59.34,52.367,65.459,90.66,0,0,0.2125,0.0625,0.575,0.15,90.66,Savaş öncesi
BAE,2025-04-08,80,0.925,58.835,35.628,36.793,36.8,0,0.0125,0,0.0625,0.7875,0.1375,36.8,Savaş öncesi
BAE,2025-04-09,80,0.9875,38.28,137.48,137.48,137.49,0,0.0125,0,0,0.7625,0.225,139.14,Savaş öncesi
BAE,2025-04-10,80,1,7.04,98.155,98.155,98.13,0,0,0,0,0.5875,0.4125,98.13,Savaş öncesi
BAE,2025-04-11,80,1,27.94,41.952,47.192,47.19,0,0,0,0,0.8,0.2,47.19,Savaş öncesi
BAE,2025-04-12,80,0.9375,51.69,44.987,47.998,47.99,0,0.0375,0,0.025,0.7875,0.15,53.67,Savaş öncesi
BAE,2025-04-13,80,0.9875,60.76,45.009,50.935,85.97,0,0.0125,0,0,0.875,0.1125,85.97,Savaş öncesi
BAE,2025-04-14,80,0.525,46.98,26.406,26.406,26.4,0,0,0.3875,0.0875,0.475,0.05,26.4,Savaş öncesi
BAE,2025-04-15,80,1,18.55,43.463,43.463,43.45,0,0,0,0,0.7625,0.2375,43.45,Savaş öncesi
BAE,2025-04-16,80,1,17.37,54.515,54.515,54.51,0,0,0,0,0.7625,0.2375,54.51,Savaş öncesi
BAE,2025-04-17,80,0.95,45.325,87.755,98.847,98.83,0,0.0375,0,0.0125,0.825,0.125,100.03,Savaş öncesi
BAE,2025-04-18,80,1,62.15,49.836,57.204,64.21,0,0,0,0,0.9125,0.0875,64.21,Savaş öncesi
BAE,2025-04-19,80,0.95,51.925,143.13,189.2,193.6,0,0.0375,0,0.0125,0.725,0.225,193.6,Savaş öncesi
BAE,2025-04-20,80,0.9,28.645,154.96,154.96,154.97,0,0,0.0875,0.0125,0.7125,0.1875,154.97,Savaş öncesi
BAE,2025-04-21,80,0.95,8.56,132.91,132.91,132.89,0,0,0.05,0,0.6125,0.3375,132.89,Savaş öncesi
BAE,2025-04-22,80,0.975,36.79,277.09,286,285.99,0,0,0,0.025,0.8125,0.1625,292.61,Savaş öncesi
BAE,2025-04-23,80,0.9625,57.57,169.47,273.05,284.26,0,0,0,0.0375,0.775,0.1875,284.26,Savaş öncesi
BAE,2025-04-24,80,0.925,57.205,53.043,56.693,64.7,0,0,0,0.075,0.7875,0.1375,64.7,Savaş öncesi
BAE,2025-04-25,80,0.8875,39.72,87,118.43,118.39,0,0.025,0.075,0.0125,0.6,0.2875,118.39,Savaş öncesi
BAE,2025-04-26,80,0.6875,10.96,29.037,29.037,29.04,0,0,0.3125,0,0.5,0.1875,32.06,Savaş öncesi
BAE,2025-04-27,80,0.8625,28.39,34.435,42.368,42.37,0,0.05,0.0875,0,0.7125,0.15,48.22,Savaş öncesi
BAE,2025-04-28,80,0.9,50.51,57.274,57.274,57.27,0,0.05,0,0.05,0.7375,0.1625,75.65,Savaş öncesi
BAE,2025-04-29,80,0.95,60.99,53.175,69.228,104.45,0,0,0,0.05,0.7875,0.1625,106.73,Savaş öncesi
BAE,2025-04-30,80,0.8125,45.48,70.322,70.322,70.32,0,0.0625,0.075,0.05,0.65,0.1625,75.85,Savaş öncesi
BAE,2025-05-01,80,1,18.515,65.467,65.467,65.47,0,0,0,0,0.7625,0.2375,65.47,Savaş öncesi
BAE,2025-05-02,80,1,17.265,66.045,66.045,66.04,0,0,0,0,0.725,0.275,66.04,Savaş öncesi
BAE,2025-05-03,80,0.975,45.225,85.75,114.34,114.34,0,0.0125,0,0.0125,0.7375,0.2375,114.34,Savaş öncesi
BAE,2025-05-04,80,0.9875,62.04,73.923,104.04,88.1,0,0.0125,0,0,0.8125,0.175,88.1,Savaş öncesi
BAE,2025-05-05,80,0.975,52.13,125.3,136.56,136.56,0,0.0125,0,0.0125,0.7625,0.2125,136.56,Savaş öncesi
BAE,2025-05-06,80,0.975,29.15,37.743,37.743,37.75,0,0.0125,0,0.0125,0.8375,0.1375,39.49,Savaş öncesi
BAE,2025-05-07,80,1,8.97,134.19,134.19,134.19,0,0,0,0,0.65,0.35,134.19,Savaş öncesi
BAE,2025-05-08,80,0.9875,37.13,52.777,54.496,54.53,0,0,0,0.0125,0.75,0.2375,54.53,Savaş öncesi
BAE,2025-05-09,80,0.9625,57.29,201.21,204.98,216.8,0,0.0125,0,0.025,0.7375,0.225,216.8,Savaş öncesi
BAE,2025-05-10,80,0.9375,57.54,57.02,87.2,137.35,0,0,0,0.0625,0.725,0.2125,137.35,Savaş öncesi
BAE,2025-05-11,80,0.9875,38.34,61.587,69.664,69.69,0,0,0,0.0125,0.7875,0.2,69.69,Savaş öncesi
BAE,2025-05-12,80,1,7.265,87.336,87.336,87.33,0,0,0,0,0.675,0.325,87.33,Savaş öncesi
BAE,2025-05-13,80,0.975,26.715,110.24,112.74,112.73,0,0.025,0,0,0.7125,0.2625,112.73,Savaş öncesi
BAE,2025-05-14,80,0.9375,51.54,57.336,69.983,70,0,0.05,0,0.0125,0.7625,0.175,78.03,Savaş öncesi
BAE,2025-05-15,80,0.975,61.69,135.44,161.39,227.88,0,0,0,0.025,0.775,0.2,227.88,Savaş öncesi
BAE,2025-05-16,80,0.9625,46.01,27.834,27.834,27.84,0,0,0,0.0375,0.8125,0.15,27.84,Savaş öncesi
BAE,2025-05-17,80,1,19.125,390.69,390.69,390.72,0,0,0,0,0.725,0.275,390.72,Savaş öncesi
BAE,2025-05-18,80,1,16.73,132.44,132.44,132.44,0,0,0,0,0.7,0.3,132.44,Savaş öncesi
BAE,2025-05-19,80,0.925,44.135,124.04,124.04,124.04,0,0.075,0,0,0.7875,0.1375,126.17,Savaş öncesi
BAE,2025-05-20,80,0.95,61.88,190.86,265.42,295.11,0,0,0,0.05,0.8125,0.1375,300.34,Savaş öncesi
BAE,2025-05-21,80,0.9,52.39,92.436,94.638,98.14,0,0.0375,0,0.0625,0.775,0.125,99.68,Savaş öncesi
BAE,2025-05-22,80,1,29.725,79.228,79.228,79.24,0,0,0,0,0.775,0.225,79.24,Savaş öncesi
BAE,2025-05-23,80,1,9.51,329.15,329.15,329.19,0,0,0,0,0.6375,0.3625,329.19,Savaş öncesi
BAE,2025-05-24,80,1,36.85,334.38,340.85,340.8,0,0,0,0,0.725,0.275,340.8,Savaş öncesi
BAE,2025-05-25,80,0.95,57.01,306.06,360.73,270,0,0.0375,0,0.0125,0.7375,0.2125,284.5,Savaş öncesi
BAE,2025-05-26,80,0.975,57.715,227.53,227.53,227.52,0,0,0,0.025,0.7875,0.1875,227.52,Savaş öncesi
BAE,2025-05-27,80,0.975,38.8,378.45,378.45,378.43,0,0.0125,0,0.0125,0.8,0.175,378.43,Savaş öncesi
BAE,2025-05-28,80,1,7.8,155.46,155.46,155.46,0,0,0,0,0.7375,0.2625,155.46,Savaş öncesi
BAE,2025-05-29,80,1,27.265,126.01,128.66,128.64,0,0,0,0,0.775,0.225,128.64,Savaş öncesi
BAE,2025-05-30,80,0.95,50.78,31.624,31.624,31.62,0,0.05,0,0,0.8375,0.1125,35.1,Savaş öncesi
BAE,2025-05-31,80,0.95,62.14,45.252,53.192,93.67,0,0.025,0,0.025,0.825,0.125,100.47,Savaş öncesi
BAE,2025-06-01,80,1,46.38,38.572,38.572,38.6,0,0,0,0,0.8625,0.1375,38.6,Savaş öncesi
BAE,2025-06-02,80,0.9875,19.52,54.432,62.613,62.58,0,0.0125,0,0,0.7625,0.225,62.58,Savaş öncesi
BAE,2025-06-03,80,1,16.245,45.262,45.262,45.26,0,0,0,0,0.75,0.25,45.26,Savaş öncesi
BAE,2025-06-04,80,0.95,43.835,75.057,83.763,83.78,0,0.025,0,0.025,0.775,0.175,107.02,Savaş öncesi
BAE,2025-06-05,80,0.95,61.675,40.669,50.22,63.73,0,0,0,0.05,0.8375,0.1125,70.17,Savaş öncesi
BAE,2025-06-06,80,0.95,52.67,60.197,63.174,64.5,0,0.0375,0,0.0125,0.775,0.175,64.5,Savaş öncesi
BAE,2025-06-07,80,0.95,29.965,46.455,46.455,46.46,0,0.0375,0,0.0125,0.7125,0.2375,46.46,Savaş öncesi
BAE,2025-06-08,80,1,9.945,43.752,43.752,43.76,0,0,0,0,0.75,0.25,43.76,Savaş öncesi
BAE,2025-06-09,80,1,36.555,73.112,75.822,75.79,0,0,0,0,0.825,0.175,75.79,Savaş öncesi
BAE,2025-06-10,80,0.9375,56.93,25.892,45.624,57.89,0,0.0375,0,0.025,0.8625,0.075,76.58,Savaş öncesi
BAE,2025-06-11,80,0.9625,58.57,64.497,64.497,64.48,0,0,0,0.0375,0.8375,0.125,64.48,Savaş öncesi
BAE,2025-06-12,80,0.975,39.055,46.231,46.231,46.22,0,0.025,0,0,0.8125,0.1625,46.22,Savaş öncesi
BAE,2025-06-13,80,1,8.215,89.116,89.116,89.11,0,0,0,0,0.6,0.4,89.11,Savaş öncesi
BAE,2025-06-14,80,0.9875,26.89,80.202,80.202,80.17,0,0.0125,0,0,0.775,0.2125,91.95,Savaş öncesi
BAE,2025-06-15,80,0.9625,51.16,78.91,116.53,116.54,0,0.0125,0,0.025,0.7625,0.2,120.47,Savaş öncesi
BAE,2025-06-16,80,0.975,61.33,63.354,82.737,124.42,0,0.0125,0,0.0125,0.875,0.1,124.42,Savaş öncesi
BAE,2025-06-17,80,0.9875,46.62,41.661,44.962,44.95,0,0,0,0.0125,0.8375,0.15,44.95,Savaş öncesi
BAE,2025-06-18,80,0.9875,19.82,33.127,33.127,33.13,0,0.0125,0,0,0.8125,0.175,33.13,Savaş öncesi
BAE,2025-06-19,80,1,15.94,47.433,47.433,47.45,0,0,0,0,0.8125,0.1875,47.45,Savaş öncesi
BAE,2025-06-20,80,0.9375,44.57,35.559,44.358,0,0,0.025,0.025,0.0125,0.7875,0.15,0,Savaş öncesi
BAE,2025-06-21,80,0.9625,62.55,84.554,107.35,111.05,0,0.0125,0.0125,0.0125,0.85,0.1125,111.05,Savaş öncesi
BAE,2025-06-22,80,0.925,52.77,61.375,192.92,192.92,0,0.025,0.0125,0.0375,0.825,0.1,192.92,Savaş öncesi
BAE,2025-06-23,80,1,30.335,113.24,113.24,113.23,0,0,0,0,0.8375,0.1625,113.23,Savaş öncesi
BAE,2025-06-24,80,0.9875,10.04,110.79,110.79,110.79,0,0,0.0125,0,0.75,0.2375,110.79,Savaş öncesi
BAE,2025-06-25,80,0.9625,36.28,104.17,104.17,104.16,0,0.0125,0,0.025,0.8,0.1625,104.16,Savaş öncesi
BAE,2025-06-26,80,0.875,56.82,144.54,144.54,157,0,0.0375,0,0.0875,0.7625,0.1125,162.58,Savaş öncesi
BAE,2025-06-27,80,0.9125,57.95,106.66,106.66,106.66,0,0,0.0375,0.05,0.8125,0.1,106.66,Savaş öncesi
BAE,2025-06-28,80,0.725,38.29,67.08,70.993,70.99,0,0.0375,0.2,0.0375,0.6875,0.0375,70.99,Savaş öncesi
BAE,2025-06-29,80,0.9875,8.55,35.347,35.347,35.32,0,0,0.0125,0,0.8125,0.175,35.32,Savaş öncesi
BAE,2025-06-30,80,0.8625,26.96,50.565,54.835,54.82,0,0.0125,0.125,0,0.7,0.1625,54.82,Savaş öncesi
BAE,2025-07-01,80,0.9625,51.09,148.21,166.14,166.1,0,0.0375,0,0,0.825,0.1375,169.46,Savaş öncesi
BAE,2025-07-02,80,0.9625,61.02,156.54,163.48,175.08,0,0.0125,0,0.025,0.875,0.0875,191.49,Savaş öncesi
BAE,2025-07-03,80,0.9375,46.62,47.138,47.138,47.13,0,0.0125,0,0.05,0.7625,0.175,47.77,Savaş öncesi
BAE,2025-07-04,80,0.9875,20.06,95.726,95.726,95.75,0,0.0125,0,0,0.775,0.2125,95.75,Savaş öncesi
BAE,2025-07-05,80,0.9875,15.76,38.75,38.75,38.76,0,0,0.0125,0,0.825,0.1625,38.76,Savaş öncesi
BAE,2025-07-06,80,0.95,44.265,21.283,22.288,22.28,0,0.0375,0,0.0125,0.825,0.125,29.97,Savaş öncesi
BAE,2025-07-07,80,0.95,60.895,124.07,124.16,127.24,0,0.0125,0,0.0375,0.8125,0.1375,127.24,Savaş öncesi
BAE,2025-07-08,80,0.925,52.855,59.978,105.51,105.5,0,0.0375,0,0.0375,0.8125,0.1125,105.5,Savaş öncesi
BAE,2025-07-09,80,1,30.505,170.81,178.84,178.82,0,0,0,0,0.85,0.15,178.82,Savaş öncesi
BAE,2025-07-10,80,1,9.83,74.506,74.506,74.48,0,0,0,0,0.725,0.275,74.48,Savaş öncesi
BAE,2025-07-11,80,0.9375,36.1,92.286,95.726,95.73,0,0,0.0625,0,0.75,0.1875,95.73,Savaş öncesi
BAE,2025-07-12,80,0.975,56.63,127.9,217,213.47,0,0,0,0.025,0.8125,0.1625,213.47,Savaş öncesi
BAE,2025-07-13,80,0.975,58.715,96.214,96.214,96.23,0,0.0125,0,0.0125,0.8625,0.1125,97.94,Savaş öncesi
BAE,2025-07-14,80,0.9375,39.23,75.953,82.57,82.58,0,0.025,0.025,0.0125,0.8875,0.05,90.89,Savaş öncesi
BAE,2025-07-15,80,1,8.675,37.524,37.524,37.53,0,0,0,0,0.85,0.15,37.53,Savaş öncesi
BAE,2025-07-16,80,0.9875,26.47,70.952,87.229,87.23,0,0.0125,0,0,0.85,0.1375,92,Savaş öncesi
BAE,2025-07-17,80,0.9125,49.65,29.919,29.919,29.94,0,0.0125,0,0.075,0.8375,0.075,91.16,Savaş öncesi
BAE,2025-07-18,80,0.95,61.285,11.102,22.146,56.13,0,0.0125,0,0.0375,0.925,0.025,56.13,Savaş öncesi
BAE,2025-07-19,80,0.9375,46.68,45.343,45.343,45.34,0,0.0375,0,0.025,0.8125,0.125,45.34,Savaş öncesi
BAE,2025-07-20,80,1,20.27,31.488,31.488,31.49,0,0,0,0,0.8375,0.1625,31.49,Savaş öncesi
BAE,2025-07-21,80,1,15.565,36.582,36.582,36.59,0,0,0,0,0.8375,0.1625,36.59,Savaş öncesi
BAE,2025-07-22,80,0.975,44.25,98.505,98.505,98.5,0,0.0125,0.0125,0,0.9,0.075,98.5,Savaş öncesi
BAE,2025-07-23,80,0.95,61.46,35.812,42.466,83.26,0,0.025,0,0.025,0.8375,0.1125,88.39,Savaş öncesi
BAE,2025-07-24,80,0.9375,52.92,77.394,81.892,83.8,0,0.0375,0,0.025,0.8375,0.1,99.25,Savaş öncesi
BAE,2025-07-25,80,1,30.615,84.58,84.58,84.59,0,0,0,0,0.875,0.125,84.59,Savaş öncesi
BAE,2025-07-26,80,1,9.735,132.2,132.2,132.21,0,0,0,0,0.7375,0.2625,132.21,Savaş öncesi
BAE,2025-07-27,80,0.8875,35.98,62.726,62.726,62.74,0,0.0125,0.0625,0.0375,0.8125,0.075,62.74,Savaş öncesi
BAE,2025-07-28,80,0.875,56.595,41.194,41.194,51.1,0,0.0375,0,0.0875,0.8,0.075,89.45,Savaş öncesi
BAE,2025-07-29,80,0.95,58.135,92.909,95.495,108.19,0,0,0,0.05,0.8,0.15,108.19,Savaş öncesi
BAE,2025-07-30,80,0.9875,39.46,34.704,46.414,46.43,0,0.0125,0,0,0.9375,0.05,46.43,Savaş öncesi
BAE,2025-07-31,80,0.9625,8.58,117.14,117.14,117.14,0,0,0.0375,0,0.775,0.1875,117.14,Savaş öncesi
BAE,2025-08-01,80,0.9875,26.4,105.34,128.01,128.03,0,0.0125,0,0,0.825,0.1625,128.03,Savaş öncesi
BAE,2025-08-02,80,0.9875,50.8,160.33,160.33,160.3,0,0.0125,0,0,0.8125,0.175,160.3,Savaş öncesi
BAE,2025-08-03,80,0.95,60.06,77.951,136.16,150.82,0,0.0125,0,0.0375,0.8625,0.0875,152.65,Savaş öncesi
BAE,2025-08-04,80,0.9625,46.77,71.371,71.371,71.37,0,0.025,0,0.0125,0.8375,0.125,71.37,Savaş öncesi
BAE,2025-08-05,80,1,20.32,36.2,36.2,36.2,0,0,0,0,0.875,0.125,36.2,Savaş öncesi
BAE,2025-08-06,80,1,15.455,42.272,42.272,42.28,0,0,0,0,0.8,0.2,42.28,Savaş öncesi
BAE,2025-08-07,80,0.9625,44.05,41.893,67.659,67.67,0,0.025,0,0.0125,0.9,0.0625,67.67,Savaş öncesi
BAE,2025-08-08,80,0.9375,61.36,25.171,25.171,28.39,0,0.0125,0,0.05,0.825,0.1125,29.45,Savaş öncesi
BAE,2025-08-09,80,0.9625,52.97,29.967,35.55,35.55,0,0,0,0.0375,0.8875,0.075,35.55,Savaş öncesi
BAE,2025-08-10,80,0.8625,32.06,44.429,44.429,44.43,0,0.0125,0.125,0,0.75,0.1125,44.43,Savaş öncesi
BAE,2025-08-11,80,1,9.81,74.98,74.98,74.97,0,0,0,0,0.7375,0.2625,74.97,Savaş öncesi
BAE,2025-08-12,80,0.975,35.155,39.029,39.029,39.03,0,0.025,0,0,0.8375,0.1375,39.03,Savaş öncesi
BAE,2025-08-13,80,0.975,56.5,44.198,44.198,46.87,0,0.025,0,0,0.9,0.075,46.87,Savaş öncesi
BAE,2025-08-14,80,0.925,58.93,68.178,68.178,70,0,0.0125,0.0125,0.05,0.8375,0.0875,71.34,Savaş öncesi
BAE,2025-08-15,80,0.9375,39.38,24.028,24.028,24.03,0,0.025,0,0.0375,0.8875,0.05,24.03,Savaş öncesi
BAE,2025-08-16,80,0.875,8.6,25.28,25.28,25.27,0,0,0.125,0,0.7625,0.1125,25.27,Savaş öncesi
BAE,2025-08-17,80,0.85,24.475,47.747,51.085,51.07,0,0.0125,0.1375,0,0.7125,0.1375,51.07,Savaş öncesi
BAE,2025-08-18,80,0.6,51.345,69.55,69.55,69.54,0,0.0125,0.3375,0.05,0.5625,0.0375,73.2,Savaş öncesi
BAE,2025-08-19,80,0.9,60.09,12.722,12.722,43.43,0,0.0125,0.0125,0.075,0.8625,0.0375,43.43,Savaş öncesi
BAE,2025-08-20,80,0.75,44.075,53.955,59.116,59.09,0,0.025,0.15,0.075,0.65,0.1,59.09,Savaş öncesi
BAE,2025-08-21,80,0.95,22.06,62.389,67.25,67.24,0,0,0.05,0,0.7875,0.1625,67.24,Savaş öncesi
BAE,2025-08-22,80,1,15.52,35.762,35.762,35.76,0,0,0,0,0.8,0.2,35.76,Savaş öncesi
BAE,2025-08-23,80,0.9875,44.05,92.675,100.12,100.14,0,0,0,0.0125,0.8625,0.125,100.14,Savaş öncesi
BAE,2025-08-24,80,0.95,61.44,73.593,112,135.4,0,0,0.0125,0.0375,0.8375,0.1125,135.4,Savaş öncesi
BAE,2025-08-25,80,0.875,52.875,24.377,24.377,24.38,0,0.0375,0.025,0.0625,0.7875,0.0875,29.31,Savaş öncesi
BAE,2025-08-26,80,0.975,30.59,104.6,104.6,104.61,0,0.0125,0.0125,0,0.7875,0.1875,104.61,Savaş öncesi
BAE,2025-08-27,80,1,9.77,39.843,39.843,39.83,0,0,0,0,0.775,0.225,39.83,Savaş öncesi
BAE,2025-08-28,80,0.9875,36.14,76.119,76.119,76.11,0,0.0125,0,0,0.825,0.1625,77.62,Savaş öncesi
BAE,2025-08-29,80,0.975,56.615,70.159,95.715,108.73,0,0.0125,0,0.0125,0.8875,0.0875,108.73,Savaş öncesi
BAE,2025-08-30,80,0.925,58.38,41.902,41.902,41.88,0,0.025,0,0.05,0.8375,0.0875,41.88,Savaş öncesi
BAE,2025-08-31,80,0.95,39.34,59.39,59.39,59.41,0,0.05,0,0,0.8,0.15,59.41,Savaş öncesi
BAE,2025-09-01,80,1,8.64,69.167,69.167,69.16,0,0,0,0,0.8,0.2,69.16,Savaş öncesi
BAE,2025-09-02,80,0.9875,26.47,60.238,60.238,60.23,0,0.0125,0,0,0.8625,0.125,60.23,Savaş öncesi
BAE,2025-09-03,80,0.95,50.28,65.862,68.429,68.47,0,0.025,0,0.025,0.8,0.15,79.7,Savaş öncesi
BAE,2025-09-04,80,0.9625,60.97,46.493,82.032,91.37,0,0,0,0.0375,0.875,0.0875,110.03,Savaş öncesi
BAE,2025-09-05,80,0.95,46.61,57.529,57.529,57.53,0,0,0,0.05,0.825,0.125,60.33,Savaş öncesi
BAE,2025-09-06,80,1,20.13,59.236,64.715,64.73,0,0,0,0,0.8,0.2,64.73,Savaş öncesi
BAE,2025-09-07,80,1,15.7,44.567,44.567,44.58,0,0,0,0,0.7625,0.2375,44.58,Savaş öncesi
BAE,2025-09-08,80,0.9625,44.2,39.865,39.865,39.88,0,0.0375,0,0,0.8375,0.125,39.88,Savaş öncesi
BAE,2025-09-09,80,0.9625,61.37,55.781,93.16,109.7,0,0.0125,0,0.025,0.8875,0.075,109.7,Savaş öncesi
BAE,2025-09-10,80,0.925,52.765,44.187,48.031,48.04,0,0.025,0,0.05,0.8125,0.1125,48.04,Savaş öncesi
BAE,2025-09-11,80,0.95,30.275,51.614,51.614,51.62,0,0.025,0.025,0,0.8375,0.1125,51.62,Savaş öncesi
BAE,2025-09-12,80,1,10.01,40.216,40.216,40.19,0,0,0,0,0.775,0.225,40.19,Savaş öncesi
BAE,2025-09-13,80,0.975,36.285,97.841,97.841,97.85,0,0.0125,0,0.0125,0.8125,0.1625,97.85,Savaş öncesi
BAE,2025-09-14,80,0.9125,56.78,149.48,164.76,165.89,0,0,0,0.0875,0.675,0.2375,165.89,Savaş öncesi
BAE,2025-09-15,80,0.9625,58.6,70.423,70.423,78.65,0,0,0,0.0375,0.8375,0.125,78.65,Savaş öncesi
BAE,2025-09-16,80,0.9875,39.11,59.57,63.325,63.29,0,0.0125,0,0,0.8125,0.175,63.29,Savaş öncesi
BAE,2025-09-17,80,1,8.31,62.585,62.585,62.61,0,0,0,0,0.7625,0.2375,62.61,Savaş öncesi
BAE,2025-09-18,80,0.9875,26.83,90.411,113.56,113.58,0,0.0125,0,0,0.725,0.2625,116.2,Savaş öncesi
BAE,2025-09-19,80,0.95,49.855,167.72,167.72,167.73,0,0.0375,0,0.0125,0.8,0.15,172.3,Savaş öncesi
BAE,2025-09-20,80,0.9625,60.32,59.037,86.839,127.17,0,0,0,0.0375,0.8375,0.125,127.17,Savaş öncesi
BAE,2025-09-21,80,0.9625,46.44,73.561,73.561,73.54,0,0.025,0,0.0125,0.8125,0.15,82.76,Savaş öncesi
BAE,2025-09-22,80,1,19.825,114.52,120.9,120.89,0,0,0,0,0.8,0.2,120.89,Savaş öncesi
BAE,2025-09-23,80,1,16.045,61.571,61.571,61.56,0,0,0,0,0.775,0.225,61.56,Savaş öncesi
BAE,2025-09-24,80,0.95,44.585,65.104,72.833,72.83,0,0.0375,0,0.0125,0.8,0.15,76.02,Savaş öncesi
BAE,2025-09-25,80,0.9625,61.68,100.74,110.54,102.43,0,0,0,0.0375,0.825,0.1375,102.43,Savaş öncesi
BAE,2025-09-26,80,0.95,52.625,56.405,61.042,61.06,0,0.025,0,0.025,0.8,0.15,61.06,Savaş öncesi
BAE,2025-09-27,80,1,30.08,73.869,73.869,73.88,0,0,0,0,0.8,0.2,73.88,Savaş öncesi
BAE,2025-09-28,80,1,9.91,47.661,47.661,47.67,0,0,0,0,0.725,0.275,47.67,Savaş öncesi
BAE,2025-09-29,80,0.9875,36.68,43.741,43.741,43.73,0,0.0125,0,0,0.8,0.1875,43.73,Savaş öncesi
BAE,2025-09-30,80,1,56.915,52.109,61.074,81.59,0,0,0,0,0.875,0.125,81.59,Savaş öncesi
BAE,2025-10-01,80,0.8875,57.74,72.065,72.065,72.05,0,0.0625,0,0.05,0.7375,0.15,72.05,Savaş öncesi
BAE,2025-10-02,80,0.9875,38.83,53.64,53.64,53.64,0,0.0125,0,0,0.8375,0.15,53.64,Savaş öncesi
BAE,2025-10-03,80,1,7.82,88.243,88.243,88.27,0,0,0,0,0.675,0.325,88.27,Savaş öncesi
BAE,2025-10-04,80,0.975,26.34,61.51,61.51,61.53,0,0.025,0,0,0.775,0.2,65.78,Savaş öncesi
BAE,2025-10-05,80,0.9125,51.39,51.485,51.485,51.48,0,0.0375,0,0.05,0.75,0.1625,55.72,Savaş öncesi
BAE,2025-10-06,80,0.95,61.265,52.566,52.566,72.69,0,0.0125,0,0.0375,0.85,0.1,74.77,Savaş öncesi
BAE,2025-10-07,80,0.9375,46.18,48.19,48.19,48.18,0,0.025,0,0.0375,0.775,0.1625,53.77,Savaş öncesi
BAE,2025-10-08,80,0.9875,19.22,61.496,64.311,64.3,0,0.0125,0,0,0.7625,0.225,64.3,Savaş öncesi
BAE,2025-10-09,80,1,16.67,56.098,56.098,56.09,0,0,0,0,0.7125,0.2875,56.09,Savaş öncesi
BAE,2025-10-10,80,0.95,44.175,54.454,56.179,56.18,0,0.05,0,0,0.825,0.125,61.68,Savaş öncesi
BAE,2025-10-11,80,1,61.885,40.396,44.11,90.41,0,0,0,0,0.8875,0.1125,90.41,Savaş öncesi
BAE,2025-10-12,80,0.925,52.36,26.032,26.032,26.03,0,0.025,0,0.05,0.8125,0.1125,33.51,Savaş öncesi
BAE,2025-10-13,80,0.9625,29.36,60.031,60.031,60.02,0,0.0125,0,0.025,0.8125,0.15,60.02,Savaş öncesi
BAE,2025-10-14,80,1,9.18,49.143,49.143,49.13,0,0,0,0,0.75,0.25,49.13,Savaş öncesi
BAE,2025-10-15,80,0.975,37.175,39.903,39.903,39.91,0,0.0125,0,0.0125,0.7875,0.1875,39.91,Savaş öncesi
BAE,2025-10-16,80,0.95,56.7,40.122,40.122,54.64,0,0.0125,0,0.0375,0.825,0.125,54.64,Savaş öncesi
BAE,2025-10-17,80,0.9125,57.52,29.745,30.432,35.83,0,0,0,0.0875,0.7875,0.125,35.83,Savaş öncesi
BAE,2025-10-18,80,0.9625,38.2,52.796,62.854,62.82,0,0,0,0.0375,0.7625,0.2,65.62,Savaş öncesi
BAE,2025-10-19,80,1,7.02,74.504,74.504,74.51,0,0,0,0,0.725,0.275,74.51,Savaş öncesi
BAE,2025-10-20,80,0.9875,27.95,39.853,42.275,42.28,0,0.0125,0,0,0.7625,0.225,42.28,Savaş öncesi
BAE,2025-10-21,80,0.925,50.6,42.301,47.374,47.37,0,0.05,0,0.025,0.7875,0.1375,51.94,Savaş öncesi
BAE,2025-10-22,80,0.975,60.855,55.129,59.733,127.85,0,0,0,0.025,0.8625,0.1125,127.85,Savaş öncesi
BAE,2025-10-23,80,0.9375,45.64,61.189,63.695,63.71,0,0.025,0,0.0375,0.775,0.1625,64.97,Savaş öncesi
BAE,2025-10-24,80,1,18.42,87.67,87.67,87.68,0,0,0,0,0.675,0.325,87.68,Savaş öncesi
BAE,2025-10-25,80,1,17.54,59.89,59.89,59.86,0,0,0,0,0.725,0.275,59.86,Savaş öncesi
BAE,2025-10-26,80,0.9625,45.43,56.612,62.388,62.38,0,0.025,0,0.0125,0.825,0.1375,62.38,Savaş öncesi
BAE,2025-10-27,80,0.9875,61.97,115.87,119.95,160.07,0,0,0,0.0125,0.825,0.1625,160.07,Savaş öncesi
BAE,2025-10-28,80,0.9625,51.9,60.943,61.959,61.97,0,0.0125,0,0.025,0.7875,0.175,65.05,Savaş öncesi
BAE,2025-10-29,80,0.9875,28.68,66.805,66.805,66.82,0,0.0125,0,0,0.725,0.2625,66.82,Savaş öncesi
BAE,2025-10-30,80,1,8.23,53.625,53.625,53.62,0,0,0,0,0.6875,0.3125,53.62,Savaş öncesi
BAE,2025-10-31,80,0.9875,37.83,72.919,72.919,72.92,0,0,0,0.0125,0.7375,0.25,72.92,Savaş öncesi
BAE,2025-11-01,80,0.95,57.725,71.662,98.114,91.75,0,0.025,0,0.025,0.7875,0.1625,91.75,Savaş öncesi
BAE,2025-11-02,80,0.925,57.755,49.718,51.304,62.23,0,0.0125,0,0.0625,0.775,0.15,66.62,Savaş öncesi
BAE,2025-11-03,80,0.975,38.25,73.404,75.234,74.76,0,0.0125,0,0.0125,0.8,0.175,74.76,Savaş öncesi
BAE,2025-11-04,80,1,5.92,35.133,35.133,35.15,0,0,0,0,0.7625,0.2375,35.15,Savaş öncesi
BAE,2025-11-05,80,0.925,26.71,85.719,85.719,85.74,0,0.075,0,0,0.75,0.175,85.74,Savaş öncesi
BAE,2025-11-06,80,0.925,51.055,101.5,192.03,216.08,0,0.05,0,0.025,0.775,0.15,230.01,Savaş öncesi
BAE,2025-11-07,80,0.95,61.12,68.299,71.326,120.17,0,0,0,0.05,0.8375,0.1125,120.17,Savaş öncesi
BAE,2025-11-08,80,0.9625,45.32,94.008,99.245,99.24,0,0.0125,0,0.025,0.8125,0.15,101.38,Savaş öncesi
BAE,2025-11-09,80,1,17.95,57.592,57.592,57.53,0,0,0,0,0.7,0.3,57.53,Savaş öncesi
BAE,2025-11-10,80,1,17.89,31.36,31.36,31.33,0,0,0,0,0.7625,0.2375,31.33,Savaş öncesi
BAE,2025-11-11,80,0.975,45.635,58.305,62.199,62.21,0,0.0125,0,0.0125,0.875,0.1,71.5,Savaş öncesi
BAE,2025-11-12,80,0.9875,62.3,188.84,222.6,237.78,0,0,0,0.0125,0.75,0.2375,237.78,Savaş öncesi
BAE,2025-11-13,80,0.975,51.835,135.28,135.28,138.67,0,0,0,0.025,0.8125,0.1625,138.67,Savaş öncesi
BAE,2025-11-14,80,0.9875,28.78,67.757,83.008,83,0,0.0125,0,0,0.7,0.2875,83,Savaş öncesi
BAE,2025-11-15,80,1,8.425,80.326,80.326,80.34,0,0,0,0,0.6875,0.3125,80.34,Savaş öncesi
BAE,2025-11-16,80,0.9875,37.56,61.884,61.884,61.87,0,0,0,0.0125,0.8,0.1875,61.87,Savaş öncesi
BAE,2025-11-17,80,0.9625,57.52,149.21,149.21,167.3,0,0,0,0.0375,0.775,0.1875,167.3,Savaş öncesi
BAE,2025-11-18,80,0.9375,57.35,52.487,60.143,62.53,0,0,0,0.0625,0.825,0.1125,65.76,Savaş öncesi
BAE,2025-11-19,80,0.9875,38.04,60.679,91.732,91.74,0,0,0,0.0125,0.8375,0.15,91.74,Savaş öncesi
BAE,2025-11-20,80,1,6.82,52.504,52.504,52.52,0,0,0,0,0.675,0.325,52.52,Savaş öncesi
BAE,2025-11-21,80,1,28.105,67.92,68.781,68.77,0,0,0,0,0.725,0.275,68.77,Savaş öncesi
BAE,2025-11-22,80,0.9375,51.91,61.024,64.474,72.62,0,0,0,0.0625,0.775,0.1625,81.69,Savaş öncesi
BAE,2025-11-23,80,0.9625,61.58,81.726,91.024,94.3,0,0.025,0,0.0125,0.8125,0.15,94.3,Savaş öncesi
BAE,2025-11-24,80,0.975,45.825,70.503,75.179,75.19,0,0,0,0.025,0.775,0.2,75.19,Savaş öncesi
BAE,2025-11-25,80,1,18.73,78.658,78.658,78.64,0,0,0,0,0.7125,0.2875,78.64,Savaş öncesi
BAE,2025-11-26,80,0.875,17.375,71.055,71.055,71.04,0,0,0.125,0,0.675,0.2,71.04,Savaş öncesi
BAE,2025-11-27,80,0.9625,45.18,58.207,63.558,63.54,0,0.025,0,0.0125,0.775,0.1875,65.99,Savaş öncesi
BAE,2025-11-28,80,0.9625,61.97,70.006,90.179,103.1,0,0.0125,0,0.025,0.7875,0.175,109.26,Savaş öncesi
BAE,2025-11-29,80,0.925,52.235,104.12,104.12,108.71,0,0.025,0,0.05,0.7,0.225,123.79,Savaş öncesi
BAE,2025-11-30,80,0.975,29.34,78.715,81.433,81.42,0,0.0125,0,0.0125,0.725,0.25,81.42,Savaş öncesi
BAE,2025-12-01,80,1,9.215,53.579,53.579,53.58,0,0,0,0,0.675,0.325,53.58,Savaş öncesi
BAE,2025-12-02,80,0.875,37.245,42.685,42.685,42.69,0,0.0125,0.1125,0,0.7125,0.1625,42.69,Savaş öncesi
BAE,2025-12-03,80,0.975,57.1,35.311,38.097,81.62,0,0,0,0.025,0.8125,0.1625,81.62,Savaş öncesi
BAE,2025-12-04,80,0.15,67.76,0,0,0,0,0,0.7625,0.0875,0.15,0,0,Savaş öncesi
BAE,2025-12-05,80,0.925,38.555,38.143,45.837,45.85,0,0.025,0.025,0.025,0.775,0.15,49.1,Savaş öncesi
BAE,2025-12-06,80,0.9625,7.35,49.537,49.537,49.53,0,0,0.0375,0,0.6625,0.3,49.53,Savaş öncesi
BAE,2025-12-07,80,1,27.46,53.135,71.992,71.98,0,0,0,0,0.7,0.3,71.98,Savaş öncesi
BAE,2025-12-08,80,0.8625,49.89,29.063,30.919,30.94,0,0.0375,0.0875,0.0125,0.6625,0.2,34.01,Savaş öncesi
BAE,2025-12-09,80,0.9625,61.48,23.012,26.638,44.23,0,0,0.025,0.0125,0.8375,0.125,44.23,Savaş öncesi
BAE,2025-12-10,80,0.8125,45.98,18.349,18.349,18.36,0,0.0125,0.1375,0.0375,0.6875,0.125,18.36,Savaş öncesi
BAE,2025-12-11,80,0.9,19.145,46.814,46.814,46.81,0,0,0.1,0,0.625,0.275,46.81,Savaş öncesi
BAE,2025-12-12,80,1,16.43,68.442,68.442,68.47,0,0,0,0,0.6375,0.3625,68.47,Savaş öncesi
BAE,2025-12-13,80,0.9125,42.85,33.389,33.389,33.39,0,0.0375,0.025,0.025,0.7375,0.175,33.39,Savaş öncesi
BAE,2025-12-14,80,0.975,61.755,109.81,140.27,147.06,0,0,0,0.025,0.7375,0.2375,147.06,Savaş öncesi
BAE,2025-12-15,80,0.5625,49.1,3.1213,3.1213,3.12,0,0.0625,0.3,0.075,0.525,0.0375,3.12,Savaş öncesi
BAE,2025-12-16,80,0.6,33.66,22.199,22.199,22.19,0,0.0125,0.3875,0,0.4875,0.1125,22.19,Savaş öncesi
BAE,2025-12-17,80,0.55,4.58,47.828,47.828,47.81,0,0,0.45,0,0.425,0.125,47.81,Savaş öncesi
BAE,2025-12-18,80,0.6875,33.14,0,0,0,0,0.0125,0.2875,0.0125,0.6875,0,0,Savaş öncesi
BAE,2025-12-19,80,0.9875,56.8,52.496,72.438,77.96,0,0,0,0.0125,0.775,0.2125,77.96,Savaş öncesi
BAE,2025-12-20,80,0.95,57.785,25.729,32.044,31.76,0,0.0125,0,0.0375,0.8375,0.1125,33.24,Savaş öncesi
BAE,2025-12-21,80,0.975,39.525,53.099,54.586,54.58,0,0.025,0,0,0.725,0.25,69.45,Savaş öncesi
BAE,2025-12-22,80,1,8.07,77.739,77.739,77.75,0,0,0,0,0.6125,0.3875,77.75,Savaş öncesi
BAE,2025-12-23,80,0.975,27.15,16.481,16.481,16.5,0,0,0.025,0,0.775,0.2,16.5,Savaş öncesi
BAE,2025-12-24,80,0.6,53.995,11.664,18.066,18.08,0,0.0125,0.3125,0.075,0.525,0.075,20.74,Savaş öncesi
BAE,2025-12-25,80,0.85,60.305,26.11,28.687,37.59,0,0,0.0625,0.0875,0.6875,0.1625,43.43,Savaş öncesi
BAE,2025-12-26,80,0.8125,46.33,22.08,22.08,22.09,0,0.0375,0.1375,0.0125,0.7,0.1125,22.09,Savaş öncesi
BAE,2025-12-27,80,0.85,19.56,80.127,80.127,80.14,0,0,0.15,0,0.725,0.125,80.14,Savaş öncesi
BAE,2025-12-28,80,1,16.01,47.21,47.21,47.23,0,0,0,0,0.7875,0.2125,47.23,Savaş öncesi
BAE,2025-12-29,80,0.9625,42.96,27.561,27.561,27.55,0,0.0375,0,0,0.8125,0.15,29.39,Savaş öncesi
BAE,2025-12-30,80,0.9875,61.55,26.617,34.532,34.54,0,0,0,0.0125,0.8625,0.125,34.54,Savaş öncesi
BAE,2025-12-31,80,0.925,52.655,44.084,48.655,52.05,0,0.0125,0,0.0625,0.65,0.275,52.05,Savaş öncesi
BAE,2026-01-01,80,1,30.22,45.931,46.709,46.7,0,0,0,0,0.6375,0.3625,46.7,Savaş öncesi
BAE,2026-01-02,80,1,10.08,48.168,48.168,48.13,0,0,0,0,0.5875,0.4125,48.13,Savaş öncesi
BAE,2026-01-03,80,0.9875,36.42,33.324,34.718,34.71,0,0.0125,0,0,0.7375,0.25,34.71,Savaş öncesi
BAE,2026-01-04,80,0.95,56.775,23.942,30.725,30.18,0,0.025,0,0.025,0.8375,0.1125,32.44,Savaş öncesi
BAE,2026-01-05,80,0.925,58.28,46.865,47.751,90.8,0,0,0,0.075,0.6875,0.2375,105.3,Savaş öncesi
BAE,2026-01-06,80,1,39.115,54.711,64.333,64.33,0,0,0,0,0.7,0.3,64.33,Savaş öncesi
BAE,2026-01-07,80,1,8.34,50.848,50.848,0,0,0,0,0,0.65,0.35,,Savaş öncesi
BAE,2026-01-08,80,1,26.81,50.039,51.01,51,0,0,0,0,0.6375,0.3625,51,Savaş öncesi
BAE,2026-01-09,80,0.925,49.615,33.713,33.713,33.71,0,0.0125,0,0.0625,0.675,0.25,33.71,Savaş öncesi
BAE,2026-01-10,80,0,,,,,1,0,0,0,0,0,41.81,Savaş öncesi
BAE,2026-01-11,80,0,,,,,1,0,0,0,0,0,36.58,Savaş öncesi
BAE,2026-01-12,80,0,,,,,1,0,0,0,0,0,29.54,Savaş öncesi
BAE,2026-01-13,80,0,,,,,1,0,0,0,0,0,35.8,Savaş öncesi
BAE,2026-01-14,80,0,,,,,1,0,0,0,0,0,64.15,Savaş öncesi
BAE,2026-01-15,80,0.975,62.4,106.22,120.37,135.3,0,0,0,0.025,0.8125,0.1625,135.3,Savaş öncesi
BAE,2026-01-16,80,0.9,53.225,20.278,20.78,20.77,0,0.05,0,0.05,0.775,0.125,20.77,Savaş öncesi
BAE,2026-01-17,80,0.9875,30.3,60.107,60.107,60.09,0,0.0125,0,0,0.6625,0.325,60.09,Savaş öncesi
BAE,2026-01-18,80,1,9.93,80.45,80.45,80.47,0,0,0,0,0.5375,0.4625,80.47,Savaş öncesi
BAE,2026-01-19,80,0.975,35.36,186.79,217.34,217.34,0,0,0,0.025,0.625,0.35,218.67,Savaş öncesi
BAE,2026-01-20,80,0.925,56.67,155.77,173.38,178.26,0,0.0375,0,0.0375,0.725,0.2,186.35,Savaş öncesi
BAE,2026-01-21,80,0.9125,58.66,85.891,85.891,93.05,0,0.0125,0,0.075,0.75,0.1625,96.66,Savaş öncesi
BAE,2026-01-22,80,0.9875,39.28,182.06,188.33,188.34,0,0.0125,0,0,0.6375,0.35,188.34,Savaş öncesi
BAE,2026-01-23,80,1,8.495,133.71,133.71,133.72,0,0,0,0,0.55,0.45,133.72,Savaş öncesi
BAE,2026-01-24,80,0.5375,24.19,36.82,42.918,42.94,0,0.0125,0.4375,0.0125,0.4375,0.1,90.8,Savaş öncesi
BAE,2026-01-25,80,0.925,51.03,179.02,222.88,222.84,0,0.025,0.0125,0.0375,0.5875,0.3375,231.49,Savaş öncesi
BAE,2026-01-26,80,0.9375,62.33,189.64,283.38,288.08,0,0.025,0,0.0375,0.6625,0.275,302.07,Savaş öncesi
BAE,2026-01-27,80,0.925,46.55,39.846,42.477,42.46,0,0.0125,0.0375,0.025,0.6875,0.2375,42.46,Savaş öncesi
BAE,2026-01-28,80,0.8,19.85,43.756,43.756,43.74,0,0,0.2,0,0.5625,0.2375,44.23,Savaş öncesi
BAE,2026-01-29,80,1,15.76,100.44,100.44,100.42,0,0,0,0,0.6,0.4,100.42,Savaş öncesi
BAE,2026-01-30,80,0.975,44.395,68.878,86.521,86.5,0,0.0125,0,0.0125,0.625,0.35,96.97,Savaş öncesi
BAE,2026-01-31,80,0.925,61.5,51.717,58.246,82.24,0,0.0375,0,0.0375,0.7125,0.2125,85.32,Savaş öncesi
BAE,2026-02-01,80,0.925,52.815,64.673,65.425,68.95,0,0.0125,0,0.0625,0.65,0.275,69.76,Savaş öncesi
BAE,2026-02-02,80,0.975,30.33,69.373,73.086,73.07,0,0.0125,0,0.0125,0.5875,0.3875,73.07,Savaş öncesi
BAE,2026-02-03,80,0.9875,9.95,88.406,88.406,88.4,0,0,0.0125,0,0.5625,0.425,88.4,Savaş öncesi
BAE,2026-02-04,80,1,36.295,79.346,92.044,92.03,0,0,0,0,0.725,0.275,92.03,Savaş öncesi
BAE,2026-02-05,80,0.825,56.815,71.747,101.19,92.81,0,0,0.075,0.1,0.5625,0.2625,93.91,Savaş öncesi
BAE,2026-02-06,80,0.825,57.895,47.426,81.04,82.75,0,0,0.0875,0.0875,0.6125,0.2125,128.78,Savaş öncesi
BAE,2026-02-07,80,0.75,39.11,34.144,62.251,62.26,0,0.0125,0.2,0.0375,0.625,0.125,62.26,Savaş öncesi
BAE,2026-02-08,80,1,8.41,70.419,70.419,70.41,0,0,0,0,0.5375,0.4625,70.41,Savaş öncesi
BAE,2026-02-09,80,0.975,25.845,38.969,56.563,56.58,0,0,0.025,0,0.6875,0.2875,56.58,Savaş öncesi
BAE,2026-02-10,80,0.9125,51.07,59.5,69.388,69.39,0,0,0.025,0.0625,0.725,0.1875,70.52,Savaş öncesi
BAE,2026-02-11,80,0.975,61.15,34.722,57.669,87.78,0,0,0,0.025,0.7625,0.2125,88.91,Savaş öncesi
BAE,2026-02-12,80,0.95,46.56,54.485,54.485,54.46,0,0.025,0,0.025,0.7,0.25,55.4,Savaş öncesi
BAE,2026-02-13,80,1,19.98,73.706,73.706,73.71,0,0,0,0,0.675,0.325,73.71,Savaş öncesi
BAE,2026-02-14,80,1,15.94,64.155,64.155,64.16,0,0,0,0,0.6125,0.3875,64.16,Savaş öncesi
BAE,2026-02-15,80,0.975,44.425,44.123,79.54,79.51,0,0.0125,0,0.0125,0.8,0.175,88.16,Savaş öncesi
BAE,2026-02-16,80,0.9375,61.63,28.08,28.08,35.43,0,0.0125,0,0.05,0.7625,0.175,35.43,Savaş öncesi
BAE,2026-02-17,80,0.95,52.775,91.955,94.084,95.41,0,0.025,0,0.025,0.725,0.225,96.15,Savaş öncesi
BAE,2026-02-18,80,1,30.23,76.777,76.777,76.8,0,0,0,0,0.6125,0.3875,76.8,Savaş öncesi
BAE,2026-02-19,80,1,10.095,55.27,55.27,55.27,0,0,0,0,0.5875,0.4125,55.27,Savaş öncesi
BAE,2026-02-20,80,0.9875,36.53,113.14,113.14,113.14,0,0.0125,0,0,0.6625,0.325,113.14,Savaş öncesi
BAE,2026-02-21,80,0.9375,56.91,85.787,93.816,122.94,0,0.0375,0,0.025,0.6875,0.25,139.34,Savaş öncesi
BAE,2026-02-22,80,0.975,58.265,23.632,27.961,32.3,0,0,0,0.025,0.775,0.2,33.25,Savaş öncesi
BAE,2026-02-23,80,1,39.055,32.797,40.624,40.62,0,0,0,0,0.7625,0.2375,40.62,Savaş öncesi
BAE,2026-02-24,80,1,8.185,45.551,45.551,45.59,0,0,0,0,0.5625,0.4375,45.59,Savaş öncesi
BAE,2026-02-25,80,0.9875,26.96,44.126,54.789,54.8,0,0.0125,0,0,0.7,0.2875,54.8,Savaş öncesi
BAE,2026-02-26,80,0.925,50.605,40.233,41.997,41.98,0,0.0375,0,0.0375,0.65,0.275,41.98,Savaş öncesi
BAE,2026-02-27,80,0.95,61.96,21.096,28.848,54.57,0,0.0125,0,0.0375,0.8,0.15,77.08,Savaş öncesi
BAE,2026-02-28,80,0.95,46.39,51.141,51.141,51.15,0,0.0375,0,0.0125,0.675,0.275,52.12,geçiş
BAE,2026-03-01,80,1,19.7,68.39,68.39,68.38,0,0,0,0,0.625,0.375,68.38,geçiş
BAE,2026-03-02,80,0.7375,11.52,61.594,61.594,61.6,0,0,0.2625,0,0.475,0.2625,61.6,1. kapanma
BAE,2026-03-03,80,0.875,41.82,16.435,19.439,19.44,0,0.0625,0.05,0.0125,0.7625,0.1125,26.69,1. kapanma
BAE,2026-03-04,80,0.9375,61.74,54.141,56.421,64.47,0,0,0.0125,0.05,0.8125,0.125,67.77,1. kapanma
BAE,2026-03-05,80,0.5625,54.77,7.3391,8.6327,8.63,0,0.0125,0.35,0.075,0.475,0.0875,8.63,1. kapanma
BAE,2026-03-06,80,0.9625,31.49,65.083,83.691,83.68,0,0,0.0375,0,0.5875,0.375,83.68,1. kapanma
BAE,2026-03-07,80,0.6375,10.55,22.827,22.827,22.84,0,0,0.3625,0,0.5,0.1375,27.04,1. kapanma
BAE,2026-03-08,80,0.6125,32.93,37.978,37.978,37.97,0,0.0125,0.35,0.025,0.4375,0.175,37.97,1. kapanma
BAE,2026-03-09,80,0.65,54.97,16.223,16.844,16.84,0,0.0125,0.25,0.0875,0.5875,0.0625,17.66,1. kapanma
BAE,2026-03-10,80,0.0625,67.9,2.4267,2.4267,2.43,0,0,0.7875,0.15,0.0375,0.025,11.79,1. kapanma
BAE,2026-03-11,80,0.4375,43.97,29.797,29.797,29.78,0,0.0125,0.55,0,0.3125,0.125,33.88,1. kapanma
BAE,2026-03-12,80,0.6,12.15,26.971,26.971,26.99,0,0,0.4,0,0.475,0.125,26.99,1. kapanma
BAE,2026-03-13,80,0.9875,27.33,113.02,113.02,113.01,0,0.0125,0,0,0.625,0.3625,113.01,1. kapanma
BAE,2026-03-14,80,0.925,50.21,25.48,28.17,28.18,0,0.05,0,0.025,0.7625,0.1625,44.26,1. kapanma
BAE,2026-03-15,80,0.9875,62.05,31.727,51.854,62.6,0,0.0125,0,0,0.8375,0.15,62.6,1. kapanma
BAE,2026-03-16,80,0.9625,46.14,34.175,34.175,34.17,0,0,0.0125,0.025,0.75,0.2125,34.17,1. kapanma
BAE,2026-03-17,80,0.825,19.105,27.069,27.069,27.09,0,0,0.175,0,0.75,0.075,27.09,1. kapanma
BAE,2026-03-18,80,0.775,12.215,46.94,46.94,46.94,0,0,0.225,0,0.6,0.175,46.94,1. kapanma
BAE,2026-03-19,80,0.0875,41.7,0,0,0,0,0.0125,0.875,0.025,0.0875,0,2.96,1. kapanma
BAE,2026-03-20,80,0.5875,59.89,31.012,35.046,35.04,0,0,0.35,0.0625,0.525,0.0625,35.04,1. kapanma
BAE,2026-03-21,80,0.5,48.615,25.076,25.076,25.09,0,0.025,0.3875,0.0875,0.4,0.1,30.69,1. kapanma
BAE,2026-03-22,80,0.4125,33.3,17.647,17.647,17.65,0,0.0125,0.5625,0.0125,0.325,0.0875,17.65,1. kapanma
BAE,2026-03-23,80,0.75,11.075,48.679,48.679,48.71,0,0,0.25,0,0.5,0.25,48.71,1. kapanma
BAE,2026-03-24,80,0.7,33.66,89.228,91.111,91.11,0,0,0.3,0,0.55,0.15,91.11,1. kapanma
BAE,2026-03-25,80,0.925,56.625,124.94,124.94,150.93,0,0,0,0.075,0.75,0.175,150.93,1. kapanma
BAE,2026-03-26,80,0,,,,,0,0.0125,0.6125,0.375,0,0,0,1. kapanma
BAE,2026-03-27,80,1,38.345,66.763,70.292,70.3,0,0,0,0,0.7125,0.2875,70.3,1. kapanma
BAE,2026-03-28,80,1,7.115,69.124,69.124,69.11,0,0,0,0,0.7,0.3,69.11,1. kapanma
BAE,2026-03-29,80,0.825,24.725,160.47,161.3,0,0,0.025,0.15,0,0.6125,0.2125,,1. kapanma
BAE,2026-03-30,80,0.15,43.475,11.494,11.494,11.49,0,0.025,0.7625,0.0625,0.125,0.025,153.86,1. kapanma
BAE,2026-03-31,80,0.95,61.85,401.36,520.99,554.47,0,0.0125,0,0.0375,0.6625,0.2875,554.47,1. kapanma
BAE,2026-04-01,80,0.9875,45.76,557.18,941.35,941.31,0,0,0,0.0125,0.7,0.2875,942.59,1. kapanma
BAE,2026-04-02,80,0.975,18.525,397.05,397.05,397.08,0,0,0.025,0,0.6375,0.3375,397.08,1. kapanma
BAE,2026-04-03,80,0.85,17.645,203.07,203.07,203.1,0,0,0.15,0,0.45,0.4,203.1,1. kapanma
BAE,2026-04-04,80,0.825,45.46,372.95,401.69,401.67,0,0.0125,0.1375,0.025,0.5625,0.2625,404.89,1. kapanma
BAE,2026-04-05,80,0.35,64.71,63.129,69.852,69.84,0,0.0125,0.45,0.1875,0.3375,0.0125,72.97,1. kapanma
BAE,2026-04-06,80,0.9125,51.98,591.58,616.4,616.44,0,0.0375,0,0.05,0.7,0.2125,655.34,1. kapanma
BAE,2026-04-07,80,0.9875,28.87,648.86,648.86,648.87,0,0.0125,0,0,0.6875,0.3,648.87,1. kapanma
BAE,2026-04-08,80,0.9875,8.55,124.24,124.24,125.54,0,0,0.0125,0,0.7125,0.275,125.54,1. kapanma
BAE,2026-04-09,80,0.525,34.22,134,134,134.02,0,0.0125,0.45,0.0125,0.475,0.05,134.02,1. kapanma
BAE,2026-04-10,80,0.4,57.855,233.87,233.87,233.87,0,0.05,0.3875,0.1625,0.3625,0.0375,241.9,1. kapanma
BAE,2026-04-11,80,0.4,61.97,53.651,103.47,103.48,0,0.0125,0.4625,0.125,0.3375,0.0625,108.66,1. kapanma
BAE,2026-04-12,80,0.175,46.2,3.4957,3.4957,3.49,0,0.0125,0.8125,0,0.1375,0.0375,3.49,1. kapanma
BAE,2026-04-13,80,0.8125,10.85,194.26,194.26,194.26,0,0,0.1875,0,0.45,0.3625,197.4,1. kapanma
BAE,2026-04-14,80,0.9125,28.57,339.14,339.14,339.14,0,0.0375,0.05,0,0.65,0.2625,342.1,1. kapanma
BAE,2026-04-15,80,0.85,52.11,268.75,326.57,326.53,0,0.025,0.0875,0.0375,0.525,0.325,359.46,1. kapanma
BAE,2026-04-16,80,0.975,61.645,564.49,582.76,655.65,0,0,0,0.025,0.7375,0.2375,662.19,1. kapanma
BAE,2026-04-17,80,0.9625,45.48,411.41,603.39,603.38,0,0.0125,0,0.025,0.6125,0.35,603.38,1. kapanma
BAE,2026-04-18,80,1,18.245,181.63,181.63,181.59,0,0,0,0,0.575,0.425,181.59,1. kapanma
BAE,2026-04-19,80,1,17.585,410.29,410.29,410.26,0,0,0,0,0.5625,0.4375,410.26,1. kapanma
BAE,2026-04-20,80,0.95,43.955,541.3,554.8,554.8,0,0.05,0,0,0.6625,0.2875,566.3,1. kapanma
BAE,2026-04-21,80,0.95,62.205,418.89,444.39,501,0,0.0125,0.025,0.0125,0.65,0.3,544.9,1. kapanma
BAE,2026-04-22,80,0.775,53.945,537.61,550.48,550.49,0,0.025,0.1625,0.0375,0.475,0.3,553.28,1. kapanma
BAE,2026-04-23,80,0.975,29.65,367.56,373.13,373.09,0,0,0.025,0,0.6875,0.2875,373.09,1. kapanma
BAE,2026-04-24,80,1,8.54,531.73,531.73,531.72,0,0,0,0,0.5375,0.4625,531.72,1. kapanma
BAE,2026-04-25,80,0.6375,35.41,397.65,397.65,397.62,0,0,0.3625,0,0.4,0.2375,397.62,1. kapanma
BAE,2026-04-26,80,0.8875,56.34,832.45,876.87,858.35,0,0.025,0.0125,0.075,0.5875,0.3,869.1,1. kapanma
BAE,2026-04-27,80,0.875,57.6,681.2,711.12,726.53,0,0,0.025,0.1,0.6125,0.2625,736.34,1. kapanma
BAE,2026-04-28,80,0.9375,39.2,677.47,733.96,733.94,0,0.0125,0.05,0,0.625,0.3125,733.94,1. kapanma
BAE,2026-04-29,80,1,6.62,625.39,625.39,625.34,0,0,0,0,0.55,0.45,625.34,1. kapanma
BAE,2026-04-30,80,0.975,27.245,532.05,532.05,532.1,0,0.025,0,0,0.625,0.35,532.1,1. kapanma
BAE,2026-05-01,80,0.9375,51.88,621.03,625.96,649.57,0,0.025,0,0.0375,0.6125,0.325,655.21,1. kapanma
BAE,2026-05-02,80,0.975,61.385,640.89,886.38,930.99,0,0,0,0.025,0.6375,0.3375,934.27,1. kapanma
BAE,2026-05-03,80,0.9625,45.53,375.98,375.98,375.97,0,0.0375,0,0,0.675,0.2875,378.7,1. kapanma
BAE,2026-05-04,80,1,18.395,823.04,823.81,823.79,0,0,0,0,0.575,0.425,823.79,1. kapanma
BAE,2026-05-05,80,1,17.45,455.09,455.09,455.04,0,0,0,0,0.6125,0.3875,455.04,1. kapanma
BAE,2026-05-06,80,0.95,44.605,487.72,496.58,496.58,0,0.0375,0,0.0125,0.6875,0.2625,496.58,1. kapanma
BAE,2026-05-07,80,0.9375,62.14,340.84,444.02,501.6,0,0.0125,0,0.05,0.75,0.1875,501.6,1. kapanma
BAE,2026-05-08,80,0.9625,51.96,455.37,457.58,457.54,0,0.0375,0,0,0.7875,0.175,468.5,1. kapanma
BAE,2026-05-09,80,0.95,28.81,352.88,352.88,352.88,0,0.025,0.025,0,0.675,0.275,352.88,1. kapanma
BAE,2026-05-10,80,1,8.61,421.4,421.4,421.38,0,0,0,0,0.6375,0.3625,421.38,1. kapanma
BAE,2026-05-11,80,0.9875,37.54,171.4,189.52,189.55,0,0.0125,0,0,0.725,0.2625,189.55,1. kapanma
BAE,2026-05-12,80,0.9375,57.47,285.57,303.81,335.33,0,0.0375,0,0.025,0.6875,0.25,339.18,1. kapanma
BAE,2026-05-13,80,0.925,57.955,302.46,324.24,326.23,0,0.025,0,0.05,0.7375,0.1875,328.15,1. kapanma
BAE,2026-05-14,80,0.975,38.685,359.16,362.26,362.26,0,0,0,0.025,0.775,0.2,362.26,1. kapanma
BAE,2026-05-15,80,1,6.72,281.15,281.15,281.13,0,0,0,0,0.675,0.325,281.13,1. kapanma
BAE,2026-05-16,80,0.95,26.25,303.96,346.46,346.44,0,0.05,0,0,0.6625,0.2875,353.96,1. kapanma
BAE,2026-05-17,80,0.9,51.255,322.19,342.33,346.43,0,0.05,0,0.05,0.625,0.275,388.84,1. kapanma
BAE,2026-05-18,80,0.975,61.015,651.38,742.18,827.76,0,0,0,0.025,0.6875,0.2875,869.22,1. kapanma
BAE,2026-05-19,80,0.95,45.59,495.32,550.07,550.1,0,0.0375,0,0.0125,0.65,0.3,572.8,1. kapanma
BAE,2026-05-20,80,1,18.435,472.88,472.88,472.88,0,0,0,0,0.6125,0.3875,472.88,1. kapanma
BAE,2026-05-21,80,1,17.4,182.75,182.75,182.73,0,0,0,0,0.675,0.325,182.73,1. kapanma
BAE,2026-05-22,80,0.9875,45.29,351.89,432.23,432.26,0,0.0125,0,0,0.7625,0.225,432.26,1. kapanma
BAE,2026-05-23,80,0.975,62.17,530.53,718.47,858.23,0,0,0,0.025,0.7125,0.2625,864.24,1. kapanma
BAE,2026-05-24,80,0.9,51.93,237.02,240.04,244.79,0,0.0375,0,0.0625,0.7375,0.1625,288.22,1. kapanma
BAE,2026-05-25,80,0.9875,28.93,352.29,453.4,453.42,0,0.0125,0,0,0.6875,0.3,453.42,1. kapanma
BAE,2026-05-26,80,1,8.665,233.08,233.08,233.08,0,0,0,0,0.6125,0.3875,233.08,1. kapanma
BAE,2026-05-27,80,0.9875,37.58,342.71,342.71,342.68,0,0.0125,0,0,0.75,0.2375,342.68,1. kapanma
BAE,2026-05-28,80,0.9375,57.36,405.33,529.17,533.29,0,0.025,0,0.0375,0.7125,0.225,577.07,1. kapanma
BAE,2026-05-29,80,0.925,58.18,370.07,430.02,431.96,0,0,0,0.075,0.675,0.25,474.02,1. kapanma
BAE,2026-05-30,80,1,38.035,639,646.63,646.65,0,0,0,0,0.7625,0.2375,646.65,1. kapanma
BAE,2026-05-31,80,1,6.68,541.05,541.05,541.02,0,0,0,0,0.675,0.325,541.02,1. kapanma
BAE,2026-06-01,80,0.9875,28.14,526.81,553.2,553.17,0,0.0125,0,0,0.6875,0.3,553.17,1. kapanma
BAE,2026-06-02,80,0.9625,51.89,445.2,453.38,453.37,0,0.0125,0,0.025,0.7125,0.25,494.69,1. kapanma
BAE,2026-06-03,80,0.9375,61.7,610.44,794.64,837.32,0,0,0,0.0625,0.75,0.1875,944.9,1. kapanma
BAE,2026-06-04,80,0.975,45.58,488.05,488.05,488.06,0,0.025,0,0,0.725,0.25,491.02,1. kapanma
BAE,2026-06-05,80,1,18.42,513.84,513.84,513.83,0,0,0,0,0.7125,0.2875,513.83,1. kapanma
BAE,2026-06-06,80,1,17.49,410.21,410.21,410.22,0,0,0,0,0.7,0.3,410.22,1. kapanma
BAE,2026-06-07,80,0.95,45.55,497.32,540.65,540.63,0,0.0375,0,0.0125,0.725,0.225,550.02,1. kapanma
BAE,2026-06-08,80,0.9375,62,514.7,625.42,816.91,0,0,0,0.0625,0.725,0.2125,822.28,1. kapanma
BAE,2026-06-09,80,0.95,51.995,583.31,662.64,662.65,0,0.0125,0,0.0375,0.725,0.225,665.2,1. kapanma
BAE,2026-06-10,80,1,28.96,392.22,392.22,392.24,0,0,0,0,0.725,0.275,392.24,1. kapanma
BAE,2026-06-11,80,1,8.55,537.77,537.77,537.75,0,0,0,0,0.625,0.375,537.75,1. kapanma
BAE,2026-06-12,80,0.9625,37.56,362,362,362.01,0,0.0125,0,0.025,0.7625,0.2,367.24,1. kapanma
BAE,2026-06-13,80,0.925,57.595,316.89,547.41,499.11,0,0.075,0,0,0.725,0.2,508.92,1. kapanma
BAE,2026-06-14,80,0.9375,57.97,375.65,568.47,426.28,0,0,0,0.0625,0.7125,0.225,437.87,geçiş
BAE,2026-06-15,80,0.975,37.965,460.05,621.63,621.64,0,0.0125,0,0.0125,0.7375,0.2375,623.29,geçiş
BAE,2026-06-16,80,1,6.565,524.31,524.31,524.29,0,0,0,0,0.6375,0.3625,524.29,geçiş
BAE,2026-06-17,80,1,28.38,292.21,307.89,307.91,0,0,0,0,0.7625,0.2375,307.91,geçiş
BAE,2026-06-18,80,0.925,51.39,492.54,574.9,578.8,0,0.025,0,0.05,0.6875,0.2375,623.62,Açılış
BAE,2026-06-19,80,0.9875,60.99,443.97,665.85,707.56,0,0.0125,0,0,0.725,0.2625,707.56,Açılış
BAE,2026-06-20,80,0.95,45.46,495.68,500.38,500.38,0,0.025,0,0.025,0.675,0.275,507.07,Açılış
BAE,2026-06-21,80,1,18.265,542.59,546.26,546.27,0,0,0,0,0.7125,0.2875,546.27,Açılış
BAE,2026-06-22,80,1,17.705,195.59,195.59,195.59,0,0,0,0,0.65,0.35,195.59,Açılış
BAE,2026-06-23,80,0.9875,45.5,524.16,531.49,531.51,0,0,0,0.0125,0.8125,0.175,531.51,Açılış
BAE,2026-06-24,80,0.9125,62.16,878.74,1020.6,1038.3,0,0.025,0,0.0625,0.6875,0.225,1043.8,Açılış
BAE,2026-06-25,80,0.9625,51.95,863.73,889.97,889.94,0,0.025,0,0.0125,0.65,0.3125,889.94,Açılış
BAE,2026-06-26,80,1,28.89,187.43,187.43,187.45,0,0,0,0,0.775,0.225,187.45,Açılış
BAE,2026-06-27,80,1,8.53,198.67,198.67,198.68,0,0,0,0,0.6625,0.3375,198.68,Açılış
BAE,2026-06-28,80,0.9625,37.55,247.82,247.82,247.81,0,0.0125,0,0.025,0.7375,0.225,247.81,Açılış
BAE,2026-06-29,80,0.9,57.585,363.14,372.47,558.98,0,0.025,0,0.075,0.6375,0.2625,563.32,Açılış
BAE,2026-06-30,80,0.875,57.69,177.77,181.42,186.43,0,0.0125,0.0125,0.1,0.7375,0.1375,203.22,Açılış
BAE,2026-07-01,80,0.9875,38.16,381.06,384.17,384.14,0,0,0,0.0125,0.675,0.3125,384.14,Açılış
BAE,2026-07-02,80,1,6.78,159.92,159.92,159.94,0,0,0,0,0.625,0.375,159.94,Açılış
BAE,2026-07-03,80,0.9875,28.13,273.79,278.59,278.6,0,0.0125,0,0,0.7875,0.2,312.05,Açılış
BAE,2026-07-04,80,0.9375,51.95,310.21,363.67,363.68,0,0.05,0,0.0125,0.6875,0.25,366.3,Açılış
BAE,2026-07-05,80,0.925,61.64,753.79,809.97,854.14,0,0.025,0,0.05,0.6625,0.2625,914.38,Açılış
BAE,2026-07-06,80,0.9875,45.8,616.05,616.05,616.06,0,0,0,0.0125,0.675,0.3125,616.06,Açılış
BAE,2026-07-07,80,1,18.72,579.07,579.07,579.09,0,0,0,0,0.7125,0.2875,579.09,Açılış
BAE,2026-07-08,80,1,17.19,392.66,392.66,392.62,0,0,0,0,0.7,0.3,392.62,Açılış
BAE,2026-07-09,80,0.9625,45.26,173.41,180.18,180.19,0,0.0375,0,0,0.825,0.1375,197.63,Açılış
BAE,2026-07-10,80,0.9625,62.05,332.75,338.31,418,0,0,0,0.0375,0.775,0.1875,456,Açılış
BAE,2026-07-11,80,0.975,52.24,452.57,551.59,557.15,0,0.0125,0,0.0125,0.7875,0.1875,559.35,geçiş
BAE,2026-07-12,80,0.9875,29.34,486.52,540.75,540.79,0,0,0,0.0125,0.725,0.2625,540.79,geçiş
BAE,2026-07-13,80,0.9625,9.09,147.91,147.91,147.92,0,0,0.0375,0,0.75,0.2125,147.92,2. kapanma
BAE,2026-07-14,80,0.9875,37.27,353.46,422.26,422.27,0,0.0125,0,0,0.725,0.2625,427.41,2. kapanma
BAE,2026-07-15,80,0.9875,57.26,454.23,499.77,667.64,0,0.0125,0,0,0.7625,0.225,667.64,2. kapanma
BAE,2026-07-16,80,0.95,58.22,284.88,337.74,341.06,0,0,0,0.05,0.8,0.15,373.11,2. kapanma
BAE,2026-07-17,80,0.9875,38.46,181.34,181.34,181.36,0,0,0,0.0125,0.7875,0.2,181.36,2. kapanma
BAE,2026-07-18,80,1,7.34,236.09,236.09,236.11,0,0,0,0,0.7,0.3,236.11,2. kapanma
BAE,2026-07-19,80,0.9625,25.73,231.5,231.5,231.49,0,0.0375,0,0,0.725,0.2375,250.11,2. kapanma
BAE,2026-07-20,80,0.9125,50.05,118.52,118.52,118.54,0,0.0625,0,0.025,0.7375,0.175,148.06,2. kapanma
BAE,2026-07-21,80,0.9375,61.98,393.16,446.96,351.79,0,0.0125,0.025,0.025,0.7875,0.15,358.57,2. kapanma
BAE,2026-07-22,80,0.95,46.065,248.34,248.34,248.34,0,0.0375,0,0.0125,0.7,0.25,248.34,2. kapanma
BAE,2026-07-23,80,1,19.215,186.12,186.12,186.15,0,0,0,0,0.675,0.325,186.15,2. kapanma
BAE,2026-07-24,80,1,16.645,169.24,169.24,169.25,0,0,0,0,0.775,0.225,169.25,2. kapanma
BAE,2026-07-25,80,1,44.855,332.13,397.16,397.19,0,0,0,0,0.75,0.25,397.19,2. kapanma
BAE,2026-07-26,80,0.9875,62.25,366.34,434.67,504.44,0,0,0,0.0125,0.8375,0.15,506.24,2. kapanma
BAE,2026-07-27,80,0.95,52.415,185.09,189.09,192.63,0,0.0125,0,0.0375,0.775,0.175,247.69,2. kapanma
BAE,2026-07-28,80,0.975,29.68,284.99,284.99,284.98,0,0.0125,0,0.0125,0.7875,0.1875,284.98,2. kapanma
BAE,2026-07-29,80,0.925,9.65,152.71,152.71,152.69,0,0,0.075,0,0.7,0.225,152.69,2. kapanma
BAE,2026-07-30,80,0.9875,36.88,242.31,242.31,242.35,0,0.0125,0,0,0.7375,0.25,242.35,2. kapanma
BAE,2026-07-31,80,0.9375,57.06,357.48,531.35,556.18,0,0.0125,0.025,0.025,0.75,0.1875,561.52,2. kapanma
BAE,2026-08-01,80,0.875,58.6,144.3,154.9,154.91,0,0.0125,0.025,0.0875,0.75,0.125,198.12,2. kapanma
BAE,2026-08-02,80,0.975,38.81,134.67,134.67,134.67,0,0,0,0.025,0.7875,0.1875,134.67,2. kapanma
BAE,2026-08-03,80,1,7.82,274.97,274.97,274.94,0,0,0,0,0.65,0.35,274.94,2. kapanma
BAE,2026-08-04,80,0.9625,27.33,360.05,364.33,364.33,0,0.0125,0.025,0,0.775,0.1875,388.23,2. kapanma
BAE,2026-08-05,80,0.9875,51.26,309.33,343.83,343.83,0,0,0,0.0125,0.7625,0.225,366.52,2. kapanma
BAE,2026-08-06,80,0.875,60.39,200.28,200.28,368.97,0,0.025,0.0125,0.0875,0.775,0.1,368.97,2. kapanma
BAE,2026-08-07,80,0.8125,46.22,300.01,337.45,337.49,0,0.025,0.0875,0.075,0.675,0.1375,338.95,2. kapanma
BAE,2026-08-08,80,0.775,15.62,91.203,91.203,91.22,0,0,0.225,0,0.575,0.2,91.22,2. kapanma
BAE,2026-08-09,80,0.8375,16.13,185.54,185.54,185.57,0,0,0.1625,0,0.6125,0.225,185.57,2. kapanma
BAE,2026-08-10,80,0.9125,44.67,318.76,348.54,348.55,0,0.0625,0.0125,0.0125,0.75,0.1625,353.59,2. kapanma
BAE,2026-08-11,80,0.975,61.665,439.72,561.78,728.37,0,0.0125,0,0.0125,0.75,0.225,731.12,2. kapanma
BAE,2026-08-12,80,0.9375,53.4,210.5,319.82,322.54,0,0.025,0,0.0375,0.75,0.1875,372.71,2. kapanma
BAE,2026-08-13,80,0.975,30.025,179.04,180.84,180.84,0,0.0125,0,0.0125,0.6875,0.2875,184.1,2. kapanma
BAE,2026-08-14,80,0.9875,10.07,205.75,205.75,205.75,0,0,0.0125,0,0.7125,0.275,205.75,2. kapanma
BAE,2026-08-15,80,0.9125,36.65,262.47,262.47,262.49,0,0,0.0875,0,0.6875,0.225,262.49,2. kapanma
BAE,2026-08-16,80,0.7875,57.4,231.62,238.54,334.21,0,0.025,0.1375,0.05,0.6125,0.175,374.84,2. kapanma
BAE,2026-08-17,80,0.925,57.875,300.27,357.1,364.12,0,0.0125,0,0.0625,0.75,0.175,364.12,2. kapanma
BAE,2026-08-18,80,0.9875,39.11,228.26,244.18,244.17,0,0.0125,0,0,0.775,0.2125,245.95,2. kapanma
BAE,2026-08-19,80,1,8.245,349.99,349.99,350.01,0,0,0,0,0.725,0.275,350.01,2. kapanma
BAE,2026-08-20,80,1,26.835,147.18,147.18,147.19,0,0,0,0,0.75,0.25,147.19,2. kapanma
BAE,2026-08-21,80,0.9375,51.04,172.01,185.66,185.68,0,0.05,0,0.0125,0.75,0.1875,185.68,2. kapanma
BAE,2026-08-22,80,0.8625,61.37,75.329,130.85,151.69,0,0.0125,0.025,0.1,0.7875,0.075,159.94,2. kapanma
BAE,2026-08-23,80,0.975,46.575,243.16,244.08,244.08,0,0,0,0.025,0.7625,0.2125,244.08,2. kapanma
BAE,2026-08-24,80,1,19.95,255.63,257.61,257.61,0,0,0,0,0.7375,0.2625,257.61,2. kapanma
BAE,2026-08-25,80,1,15.785,101.89,101.89,101.9,0,0,0,0,0.7375,0.2625,101.9,2. kapanma
BAE,2026-08-26,80,0.8875,42.43,89.885,115.34,115.34,0,0.05,0.0375,0.025,0.775,0.1125,115.34,2. kapanma
BAE,2026-08-27,80,0.95,61.5,247.76,389.72,385.76,0,0.0125,0,0.0375,0.7375,0.2125,385.76,2. kapanma
BAE,2026-08-28,80,0.1125,68.01,0,0,0,0,0.825,0,0.0625,0.1125,0,,2. kapanma
BAE,2026-08-29,80,0.9875,30.37,51.423,51.423,51.44,0,0.0125,0,0,0.8375,0.15,51.44,2. kapanma
BAE,2026-08-30,80,1,9.87,84.669,84.669,84.69,0,0,0,0,0.7125,0.2875,84.69,2. kapanma
BAE,2026-08-31,80,0.9625,34.46,105.52,105.52,105.52,0,0,0,0.0375,0.7875,0.175,105.52,2. kapanma
BAE,2026-09-01,80,0.9625,56.54,226.55,229.16,184.85,0,0,0,0.0375,0.775,0.1875,208.8,2. kapanma
BAE,2026-09-02,80,0.9125,58.68,116.88,116.88,124.32,0,0,0,0.0875,0.7625,0.15,124.32,2. kapanma
BAE,2026-09-03,80,0.9875,39.33,110.27,110.27,110.27,0,0.0125,0,0,0.8125,0.175,110.27,2. kapanma
BAE,2026-09-04,80,1,8.655,163.62,163.62,163.6,0,0,0,0,0.675,0.325,163.6,2. kapanma
BAE,2026-09-05,80,0.975,25.535,69.631,72.85,72.84,0,0.025,0,0,0.8125,0.1625,73.58,2. kapanma
BAE,2026-09-06,80,0.9,50.235,117.34,120.52,120.55,0,0.0625,0.025,0.0125,0.7375,0.1625,127.12,2. kapanma
BAE,2026-09-07,80,0.9,60.5,213.8,319.86,276.8,0,0.0125,0.05,0.0375,0.8,0.1,288.28,2. kapanma
BAE,2026-09-08,80,0.925,46.71,158.92,161.13,161.13,0,0.05,0,0.025,0.75,0.175,161.13,2. kapanma
BAE,2026-09-09,80,1,20.26,181,182.31,182.29,0,0,0,0,0.725,0.275,182.29,2. kapanma
BAE,2026-09-10,80,1,15.52,121.27,121.27,121.28,0,0,0,0,0.7375,0.2625,121.28,2. kapanma
BAE,2026-09-11,80,0.9375,44.14,186.61,302.7,302.7,0,0.0125,0,0.05,0.7875,0.15,302.7,2. kapanma
BAE,2026-09-12,80,0.9625,61.4,199.54,216.79,223.55,0,0.0125,0,0.025,0.825,0.1375,224.77,2. kapanma
BAE,2026-09-13,80,0.9125,52.97,78.621,147.16,152.07,0,0.025,0,0.0625,0.7875,0.125,153.49,2. kapanma
BAE,2026-09-14,80,0.9875,30.56,140.59,140.59,140.59,0,0.0125,0,0,0.7625,0.225,140.59,2. kapanma
BAE,2026-09-15,80,1,9.86,106,106,106.01,0,0,0,0,0.675,0.325,106.01,2. kapanma
BAE,2026-09-16,80,0.9875,35.89,127.86,127.86,127.87,0,0,0,0.0125,0.7625,0.225,127.87,2. kapanma
BAE,2026-09-17,80,0.95,56.56,144.78,197.14,313.04,0,0.0375,0,0.0125,0.8,0.15,315.11,2. kapanma
BAE,2026-09-18,80,0.9625,58.18,155.5,161.43,186.24,0,0,0,0.0375,0.7625,0.2,189.54,2. kapanma
BAE,2026-09-19,80,0.975,39.49,120.98,125.54,125.52,0,0.0125,0,0.0125,0.7625,0.2125,125.52,2. kapanma
BAE,2026-09-20,80,1,8.85,107.48,107.48,107.44,0,0,0,0,0.725,0.275,107.44,2. kapanma
BAE,2026-09-21,80,1,26.345,71.311,73.355,73.39,0,0,0,0,0.825,0.175,73.39,2. kapanma
BAE,2026-09-22,80,0.925,49.495,140.97,140.97,140.92,0,0.0125,0,0.0625,0.775,0.15,149.71,2. kapanma
BAE,2026-09-23,80,0.975,60.875,119.38,169.77,191.34,0,0,0,0.025,0.8,0.175,191.34,geçiş
BAE,2026-09-24,80,0.9625,46.82,77.387,77.387,77.39,0,0.0125,0,0.025,0.8,0.1625,78.49,geçiş
Bahreyn,2024-09-01,10,0.8,49.62,8.8258,8.8258,8.83,0,0.2,0,0,0.7,0.1,20,Savaş öncesi
Bahreyn,2024-09-02,10,1,25.59,5.979,5.979,5.98,0,0,0,0,0.7,0.3,5.98,Savaş öncesi
Bahreyn,2024-09-03,10,1,9.04,5.0083,5.0083,5.01,0,0,0,0,0.8,0.2,5.01,Savaş öncesi
Bahreyn,2024-09-04,10,1,39.48,4.3828,4.3828,4.39,0,0,0,0,0.7,0.3,4.39,Savaş öncesi
Bahreyn,2024-09-05,10,0.9,58.34,5.218,5.218,5.22,0,0,0,0.1,0.6,0.3,5.22,Savaş öncesi
Bahreyn,2024-09-06,10,0.7,55.1,2.0473,2.0473,2.05,0,0.1,0,0.2,0.6,0.1,3.56,Savaş öncesi
Bahreyn,2024-09-07,10,0.9,34.76,2.0641,2.0641,2.06,0,0.1,0,0,0.8,0.1,4.12,Savaş öncesi
Bahreyn,2024-09-08,10,1,2.665,2.306,2.306,2.31,0,0,0,0,0.9,0.1,2.31,Savaş öncesi
Bahreyn,2024-09-09,10,1,30.97,2.353,2.353,2.35,0,0,0,0,0.9,0.1,2.35,Savaş öncesi
Bahreyn,2024-09-10,10,0.8,53.285,5.1629,5.1629,5.17,0,0,0,0.2,0.6,0.2,5.17,Savaş öncesi
Bahreyn,2024-09-11,10,0.9,59.77,2.7856,5.5151,5.52,0,0,0,0.1,0.8,0.1,5.52,Savaş öncesi
Bahreyn,2024-09-12,10,1,42.66,1.7033,1.7033,1.7,0,0,0,0,0.9,0.1,1.7,Savaş öncesi
Bahreyn,2024-09-13,10,1,14.42,7.1617,7.1617,7.15,0,0,0,0,0.8,0.2,7.15,Savaş öncesi
Bahreyn,2024-09-14,10,1,20.75,3.529,3.529,3.53,0,0,0,0,0.9,0.1,3.53,Savaş öncesi
Bahreyn,2024-09-15,10,0.9,47.02,6.0682,6.0682,6.07,0,0.1,0,0,0.7,0.2,6.07,Savaş öncesi
Bahreyn,2024-09-16,10,1,62.855,3.3547,3.3547,15.24,0,0,0,0,0.9,0.1,15.24,Savaş öncesi
Bahreyn,2024-09-17,10,1,49.515,3.7502,10.032,10.04,0,0,0,0,0.8,0.2,10.04,Savaş öncesi
Bahreyn,2024-09-18,10,1,25.47,8.2003,8.2003,8.2,0,0,0,0,0.7,0.3,8.2,Savaş öncesi
Bahreyn,2024-09-19,10,1,9.055,6.167,6.167,6.18,0,0,0,0,0.7,0.3,6.18,Savaş öncesi
Bahreyn,2024-09-20,10,1,39.47,4.3062,4.3062,4.31,0,0,0,0,0.7,0.3,4.31,Savaş öncesi
Bahreyn,2024-09-21,10,0.8,58.295,2.476,2.476,2.48,0,0,0,0.2,0.7,0.1,2.48,Savaş öncesi
Bahreyn,2024-09-22,10,0.9,55.26,2.6032,4.8647,4.86,0,0,0,0.1,0.8,0.1,4.86,Savaş öncesi
Bahreyn,2024-09-23,10,0.8,35.14,1.4533,1.4533,1.45,0,0.2,0,0,0.7,0.1,1.45,Savaş öncesi
Bahreyn,2024-09-24,10,1,3.16,1.3681,1.3681,1.37,0,0,0,0,0.9,0.1,1.37,Savaş öncesi
Bahreyn,2024-09-25,10,1,30.5,6.515,6.515,6.52,0,0,0,0,0.8,0.2,6.52,Savaş öncesi
Bahreyn,2024-09-26,10,0.8,52.955,5.5776,5.5776,5.58,0,0,0,0.2,0.5,0.3,5.58,Savaş öncesi
Bahreyn,2024-09-27,10,1,60.055,2.9907,4.985,16.19,0,0,0,0,0.9,0.1,16.19,Savaş öncesi
Bahreyn,2024-09-28,10,1,43.14,10.13,10.13,10.13,0,0,0,0,0.7,0.3,10.13,Savaş öncesi
Bahreyn,2024-09-29,10,1,15.095,7.4692,7.4692,7.47,0,0,0,0,0.7,0.3,7.47,Savaş öncesi
Bahreyn,2024-09-30,10,1,20.11,5.5441,5.5441,5.54,0,0,0,0,0.7,0.3,5.54,Savaş öncesi
Bahreyn,2024-10-01,10,1,46.635,2.4757,4.2361,4.24,0,0,0,0,0.9,0.1,4.24,Savaş öncesi
Bahreyn,2024-10-02,10,1,62.595,3.4494,3.4494,6.79,0,0,0,0,0.8,0.2,6.79,Savaş öncesi
Bahreyn,2024-10-03,10,1,49.85,3.3884,5.1691,5.17,0,0,0,0,0.8,0.2,5.17,Savaş öncesi
Bahreyn,2024-10-04,10,1,25.96,9.9303,9.9303,9.93,0,0,0,0,0.7,0.3,9.93,Savaş öncesi
Bahreyn,2024-10-05,10,1,8.545,15.806,15.806,15.81,0,0,0,0,0.5,0.5,15.81,Savaş öncesi
Bahreyn,2024-10-06,10,1,39.13,9.1966,9.1966,9.2,0,0,0,0,0.7,0.3,9.2,Savaş öncesi
Bahreyn,2024-10-07,10,1,58.11,9.7831,9.7831,9.78,0,0,0,0,0.6,0.4,9.78,Savaş öncesi
Bahreyn,2024-10-08,10,0.9,55.46,6.1953,6.1953,6.2,0,0.1,0,0,0.7,0.2,6.2,Savaş öncesi
Bahreyn,2024-10-09,10,0.9,35.39,13.464,13.464,13.47,0,0.1,0,0,0.5,0.4,17.73,Savaş öncesi
Bahreyn,2024-10-10,10,1,3.565,14.23,14.23,14.23,0,0,0,0,0.5,0.5,14.23,Savaş öncesi
Bahreyn,2024-10-11,10,1,30.25,7.6458,7.6458,7.64,0,0,0,0,0.7,0.3,7.64,Savaş öncesi
Bahreyn,2024-10-12,10,0.9,52.83,15.413,15.413,15.41,0,0,0,0.1,0.6,0.3,15.41,Savaş öncesi
Bahreyn,2024-10-13,10,1,60.155,6.6281,10.012,10.01,0,0,0,0,0.8,0.2,10.01,Savaş öncesi
Bahreyn,2024-10-14,10,1,43.27,13.31,13.31,13.31,0,0,0,0,0.7,0.3,13.31,Savaş öncesi
Bahreyn,2024-10-15,10,1,15.27,11.501,11.501,11.51,0,0,0,0,0.6,0.4,11.51,Savaş öncesi
Bahreyn,2024-10-16,10,1,20.02,18.951,18.951,0,0,0,0,0,0.7,0.3,0,Savaş öncesi
Bahreyn,2024-10-17,10,1,46.59,3.5543,6.0642,6.07,0,0,0,0,0.8,0.2,6.07,Savaş öncesi
Bahreyn,2024-10-18,10,0.9,62.68,4.6652,4.6652,12.01,0,0,0,0.1,0.7,0.2,12.01,Savaş öncesi
Bahreyn,2024-10-19,10,0.9,49.84,12.665,12.665,12.66,0,0,0,0.1,0.7,0.2,12.66,Savaş öncesi
Bahreyn,2024-10-20,10,1,25.915,7.1477,7.1477,7.15,0,0,0,0,0.8,0.2,7.15,Savaş öncesi
Bahreyn,2024-10-21,10,1,8.62,9.0955,9.0955,9.1,0,0,0,0,0.8,0.2,9.1,Savaş öncesi
Bahreyn,2024-10-22,10,1,39.21,15.863,15.863,15.86,0,0,0,0,0.7,0.3,15.86,Savaş öncesi
Bahreyn,2024-10-23,10,1,58.165,6.1216,8.2101,10.84,0,0,0,0,0.9,0.1,10.84,Savaş öncesi
Bahreyn,2024-10-24,10,0.9,55.36,0,0,0,0,0,0,0.1,0.9,0,0,Savaş öncesi
Bahreyn,2024-10-25,10,1,35.2,9.7066,9.7066,9.71,0,0,0,0,0.7,0.3,9.71,Savaş öncesi
Bahreyn,2024-10-26,10,1,3.33,14.677,14.677,14.67,0,0,0,0,0.5,0.5,14.67,Savaş öncesi
Bahreyn,2024-10-27,10,1,30.44,9.5721,9.5721,9.58,0,0,0,0,0.8,0.2,9.58,Savaş öncesi
Bahreyn,2024-10-28,10,1,52.97,6.1343,6.1343,6.13,0,0,0,0,0.7,0.3,6.13,Savaş öncesi
Bahreyn,2024-10-29,10,1,60.01,9.5713,17.223,22.82,0,0,0,0,0.6,0.4,22.82,Savaş öncesi
Bahreyn,2024-10-30,10,1,43.19,8.6704,8.6704,8.68,0,0,0,0,0.7,0.3,8.68,Savaş öncesi
Bahreyn,2024-10-31,10,1,15.32,10.757,10.757,10.77,0,0,0,0,0.6,0.4,10.77,Savaş öncesi
Bahreyn,2024-11-01,10,1,19.78,14.492,14.492,14.49,0,0,0,0,0.5,0.5,14.49,Savaş öncesi
Bahreyn,2024-11-02,10,1,46.37,4.5882,12.765,12.78,0,0,0,0,0.8,0.2,12.78,Savaş öncesi
Bahreyn,2024-11-03,10,1,62.4,4.5016,7.2732,17.52,0,0,0,0,0.9,0.1,17.52,Savaş öncesi
Bahreyn,2024-11-04,10,0.9,50.22,11.002,11.002,11.01,0,0.1,0,0,0.7,0.2,11.01,Savaş öncesi
Bahreyn,2024-11-05,10,1,26.705,8.3509,8.3509,8.35,0,0,0,0,0.8,0.2,8.35,Savaş öncesi
Bahreyn,2024-11-06,10,1,7.565,10.412,10.412,10.41,0,0,0,0,0.6,0.4,10.41,Savaş öncesi
Bahreyn,2024-11-07,10,1,38.33,6.9094,6.9094,6.92,0,0,0,0,0.7,0.3,6.92,Savaş öncesi
Bahreyn,2024-11-08,10,1,57.595,8.9774,10.553,10.56,0,0,0,0,0.6,0.4,10.56,Savaş öncesi
Bahreyn,2024-11-09,10,0,,,,,1,0,0,0,0,0,10.72,Savaş öncesi
Bahreyn,2024-11-10,10,1,36.43,10.145,10.145,0,0,0,0,0,0.5,0.5,0,Savaş öncesi
Bahreyn,2024-11-11,10,1,5.18,8.8138,8.8138,8.81,0,0,0,0,0.6,0.4,8.81,Savaş öncesi
Bahreyn,2024-11-12,10,1,28.805,7.7857,7.7857,7.79,0,0,0,0,0.8,0.2,7.79,Savaş öncesi
Bahreyn,2024-11-13,10,0.6,51.82,4.1203,4.1203,4.12,0,0.2,0,0.2,0.5,0.1,6.64,Savaş öncesi
Bahreyn,2024-11-14,10,1,60.855,3.8076,9.2806,16.74,0,0,0,0,0.8,0.2,16.74,Savaş öncesi
Bahreyn,2024-11-15,10,1,44.405,11.903,18.685,18.69,0,0,0,0,0.5,0.5,18.69,Savaş öncesi
Bahreyn,2024-11-16,10,1,17.085,10.643,10.643,10.65,0,0,0,0,0.7,0.3,10.65,Savaş öncesi
Bahreyn,2024-11-17,10,1,18.13,9.3512,9.3512,9.36,0,0,0,0,0.7,0.3,9.36,Savaş öncesi
Bahreyn,2024-11-18,10,1,45.4,12.303,12.303,12.31,0,0,0,0,0.5,0.5,12.31,Savaş öncesi
Bahreyn,2024-11-19,10,1,61.855,11.891,15.916,15.91,0,0,0,0,0.7,0.3,15.91,Savaş öncesi
Bahreyn,2024-11-20,10,1,50.885,8.038,8.038,8.03,0,0,0,0,0.8,0.2,8.03,Savaş öncesi
Bahreyn,2024-11-21,10,1,27.695,7.0356,7.0356,7.04,0,0,0,0,0.8,0.2,7.04,Savaş öncesi
Bahreyn,2024-11-22,10,1,6.445,8.2243,8.2243,8.22,0,0,0,0,0.5,0.5,8.22,Savaş öncesi
Bahreyn,2024-11-23,10,1,37.65,11.277,11.277,11.27,0,0,0,0,0.6,0.4,11.27,Savaş öncesi
Bahreyn,2024-11-24,10,1,57.22,9.2082,13.256,13.26,0,0,0,0,0.7,0.3,13.26,Savaş öncesi
Bahreyn,2024-11-25,10,0.6,56.255,0,0,0,0,0,0.3,0.1,0.6,0,0,Savaş öncesi
Bahreyn,2024-11-26,10,1,36.81,12.202,12.202,12.21,0,0,0,0,0.7,0.3,12.21,Savaş öncesi
Bahreyn,2024-11-27,10,1,5.615,0,0,0,0,0,0,0,1,0,0,Savaş öncesi
Bahreyn,2024-11-28,10,1,28.51,9.619,9.619,9.61,0,0,0,0,0.6,0.4,9.61,Savaş öncesi
Bahreyn,2024-11-29,10,0.7,51.78,0,0,0,0,0.3,0,0,0.7,0,8.32,Savaş öncesi
Bahreyn,2024-11-30,10,1,60.87,4.4841,4.4841,7.89,0,0,0,0,0.7,0.3,7.89,Savaş öncesi
Bahreyn,2024-12-01,10,1,44.475,7.6063,7.6063,7.62,0,0,0,0,0.6,0.4,7.62,Savaş öncesi
Bahreyn,2024-12-02,10,1,17.215,13.381,13.381,13.37,0,0,0,0,0.6,0.4,13.37,Savaş öncesi
Bahreyn,2024-12-03,10,1,18.01,10.77,10.77,10.79,0,0,0,0,0.5,0.5,10.79,Savaş öncesi
Bahreyn,2024-12-04,10,1,45.34,7.1722,7.1722,7.18,0,0,0,0,0.6,0.4,7.18,Savaş öncesi
Bahreyn,2024-12-05,10,0.8,61.75,4.9229,4.9229,6.22,0,0.1,0,0.1,0.6,0.2,6.22,Savaş öncesi
Bahreyn,2024-12-06,10,0.9,50.87,6.0351,6.0351,6.04,0,0.1,0,0,0.7,0.2,6.04,Savaş öncesi
Bahreyn,2024-12-07,10,1,27.7,9.9617,9.9617,9.96,0,0,0,0,0.5,0.5,9.96,Savaş öncesi
Bahreyn,2024-12-08,10,1,6.455,13.444,13.444,13.45,0,0,0,0,0.5,0.5,13.45,Savaş öncesi
Bahreyn,2024-12-09,10,0.7,37.48,3.2624,3.2624,3.26,0,0,0.2,0.1,0.5,0.2,3.26,Savaş öncesi
Bahreyn,2024-12-10,10,1,57.27,6.006,8.8165,9.2,0,0,0,0,0.7,0.3,9.2,Savaş öncesi
Bahreyn,2024-12-11,10,0.8,56.285,1.6729,1.6729,6.92,0,0,0,0.2,0.7,0.1,9.34,Savaş öncesi
Bahreyn,2024-12-12,10,1,36.71,9.1883,9.1883,9.19,0,0,0,0,0.5,0.5,9.19,Savaş öncesi
Bahreyn,2024-12-13,10,1,5.455,7.5066,7.5066,7.5,0,0,0,0,0.7,0.3,7.5,Savaş öncesi
Bahreyn,2024-12-14,10,1,28.685,6.0066,6.0066,6,0,0,0,0,0.6,0.4,6,Savaş öncesi
Bahreyn,2024-12-15,10,0.8,51.88,3.7948,3.7948,3.8,0,0.2,0,0,0.6,0.2,7.02,Savaş öncesi
Bahreyn,2024-12-16,10,1,60.84,3.2911,3.2911,5.82,0,0,0,0,0.8,0.2,5.82,Savaş öncesi
Bahreyn,2024-12-17,10,0.4,44.325,0,0,0,0,0,0.5,0.1,0.4,0,0.56,Savaş öncesi
Bahreyn,2024-12-18,10,0.8,17.09,7.3551,7.3551,7.35,0,0,0.2,0,0.4,0.4,7.35,Savaş öncesi
Bahreyn,2024-12-19,10,1,18.275,9.9273,9.9273,9.94,0,0,0,0,0.6,0.4,9.94,Savaş öncesi
Bahreyn,2024-12-20,10,1,45.53,11.282,15.496,15.5,0,0,0,0,0.6,0.4,15.5,Savaş öncesi
Bahreyn,2024-12-21,10,1,61.93,4.4761,5.8039,11.12,0,0,0,0,0.8,0.2,11.12,Savaş öncesi
Bahreyn,2024-12-22,10,0.8,50.69,0,0,0,0,0.2,0,0,0.8,0,0,Savaş öncesi
Bahreyn,2024-12-23,10,1,27.355,9.4183,9.4183,9.41,0,0,0,0,0.6,0.4,9.41,Savaş öncesi
Bahreyn,2024-12-24,10,1,6.87,9.2106,9.2106,9.21,0,0,0,0,0.6,0.4,9.21,Savaş öncesi
Bahreyn,2024-12-25,10,1,37.97,7.8603,7.8603,7.86,0,0,0,0,0.5,0.5,7.86,Savaş öncesi
Bahreyn,2024-12-26,10,1,57.42,7.0995,9.8464,13.39,0,0,0,0,0.8,0.2,13.39,Savaş öncesi
Bahreyn,2024-12-27,10,1,56.09,4.6354,4.6354,7.88,0,0,0,0,0.7,0.3,7.88,Savaş öncesi
Bahreyn,2024-12-28,10,1,36.385,3.6917,3.6917,3.7,0,0,0,0,0.6,0.4,3.7,Savaş öncesi
Bahreyn,2024-12-29,10,1,5.005,6.5535,6.5535,6.54,0,0,0,0,0.6,0.4,6.54,Savaş öncesi
Bahreyn,2024-12-30,10,1,29.1,2.9416,2.9416,2.94,0,0,0,0,0.7,0.3,2.94,Savaş öncesi
Bahreyn,2024-12-31,10,0.5,52.15,0,0,0,0,0.2,0.1,0.2,0.5,0,0,Savaş öncesi
Bahreyn,2025-01-01,10,1,60.655,5.9907,5.9907,12.33,0,0,0,0,0.7,0.3,12.33,Savaş öncesi
Bahreyn,2025-01-02,10,1,43.98,5.774,5.774,5.78,0,0,0,0,0.6,0.4,5.78,Savaş öncesi
Bahreyn,2025-01-03,10,1,16.41,7.7348,7.7348,7.74,0,0,0,0,0.6,0.4,7.74,Savaş öncesi
Bahreyn,2025-01-04,10,1,18.895,13.495,13.495,13.51,0,0,0,0,0.5,0.5,13.51,Savaş öncesi
Bahreyn,2025-01-05,10,1,45.91,9.5729,11.413,11.41,0,0,0,0,0.5,0.5,11.41,Savaş öncesi
Bahreyn,2025-01-06,10,0,,,,,0,0,0.7,0.3,0,0,0,Savaş öncesi
Bahreyn,2025-01-07,10,1,50.35,0,0,0,0,0,0,0,1,0,0,Savaş öncesi
Bahreyn,2025-01-08,10,1,26.72,4.9325,4.9325,4.93,0,0,0,0,0.7,0.3,4.93,Savaş öncesi
Bahreyn,2025-01-09,10,1,7.675,7.3353,7.3353,7.34,0,0,0,0,0.5,0.5,7.34,Savaş öncesi
Bahreyn,2025-01-10,10,1,38.56,8.4269,8.4269,8.42,0,0,0,0,0.5,0.5,8.42,Savaş öncesi
Bahreyn,2025-01-11,10,1,57.84,4.3152,4.3152,10.74,0,0,0,0,0.8,0.2,10.74,Savaş öncesi
Bahreyn,2025-01-12,10,0.9,55.69,3.3716,3.3716,3.37,0,0,0,0.1,0.7,0.2,3.37,Savaş öncesi
Bahreyn,2025-01-13,10,0.8,35.765,6.8317,8.643,8.65,0,0.2,0,0,0.4,0.4,8.65,Savaş öncesi
Bahreyn,2025-01-14,10,1,4.035,7.6404,7.6404,7.65,0,0,0,0,0.5,0.5,7.65,Savaş öncesi
Bahreyn,2025-01-15,10,1,29.91,9.4021,9.4021,9.4,0,0,0,0,0.5,0.5,9.4,Savaş öncesi
Bahreyn,2025-01-16,10,0.9,52.64,4.2402,5.9805,5.98,0,0,0,0.1,0.7,0.2,9.25,Savaş öncesi
Bahreyn,2025-01-17,10,1,60.265,5.8007,8.8227,8.82,0,0,0,0,0.7,0.3,8.82,Savaş öncesi
Bahreyn,2025-01-18,10,0.2,43.555,0,0,0,0,0,0.8,0,0.2,0,0,Savaş öncesi
Bahreyn,2025-01-19,10,1,15.4,7.1787,7.1787,7.18,0,0,0,0,0.5,0.5,7.18,Savaş öncesi
Bahreyn,2025-01-20,10,1,19.9,12.869,12.869,12.86,0,0,0,0,0.5,0.5,12.86,Savaş öncesi
Bahreyn,2025-01-21,10,1,46.57,6.4571,6.4571,6.46,0,0,0,0,0.6,0.4,6.46,Savaş öncesi
Bahreyn,2025-01-22,10,1,62.63,5.417,5.417,10.85,0,0,0,0,0.8,0.2,10.85,Savaş öncesi
Bahreyn,2025-01-23,10,1,49.81,5.2889,7.4687,7.47,0,0,0,0,0.7,0.3,7.47,Savaş öncesi
Bahreyn,2025-01-24,10,1,25.805,7.5,7.5,7.51,0,0,0,0,0.6,0.4,7.51,Savaş öncesi
Bahreyn,2025-01-25,10,1,8.835,7.3877,7.3877,7.38,0,0,0,0,0.5,0.5,7.38,Savaş öncesi
Bahreyn,2025-01-26,10,0.1,39.61,0,0,0,0,0,0.9,0,0.1,0,0,Savaş öncesi
Bahreyn,2025-01-27,10,0.9,58.3,2.2507,2.9404,2.94,0,0,0,0.1,0.7,0.2,2.94,Savaş öncesi
Bahreyn,2025-01-28,10,0.9,55.21,9.6788,9.6788,9.69,0,0,0,0.1,0.5,0.4,11.06,Savaş öncesi
Bahreyn,2025-01-29,10,0.9,34.95,1.1416,1.1416,1.14,0,0,0.1,0,0.8,0.1,1.14,Savaş öncesi
Bahreyn,2025-01-30,10,1,2.925,12.58,12.58,12.58,0,0,0,0,0.5,0.5,12.58,Savaş öncesi
Bahreyn,2025-01-31,10,0.9,30.68,8.5587,8.5587,8.56,0,0.1,0,0,0.6,0.3,8.56,Savaş öncesi
Bahreyn,2025-02-01,10,0.9,53.08,0,0,0,0,0,0,0.1,0.9,0,0,Savaş öncesi
Bahreyn,2025-02-02,10,0.9,60.06,5.1885,6.3623,10.11,0,0,0,0.1,0.7,0.2,13.03,Savaş öncesi
Bahreyn,2025-02-03,10,1,43.055,10.688,10.688,10.69,0,0,0,0,0.5,0.5,10.69,Savaş öncesi
Bahreyn,2025-02-04,10,1,14.96,6.8715,6.8715,6.87,0,0,0,0,0.6,0.4,6.87,Savaş öncesi
Bahreyn,2025-02-05,10,0,,,,,0,0,1,0,0,0,0,Savaş öncesi
Bahreyn,2025-02-06,10,0,,,,,0,0.1,0.9,0,0,0,0,Savaş öncesi
Bahreyn,2025-02-07,10,1,62.665,0,0,2.09,0,0,0,0,1,0,2.09,Savaş öncesi
Bahreyn,2025-02-08,10,0.7,49.84,1.5792,1.5792,1.58,0,0.2,0,0.1,0.6,0.1,1.58,Savaş öncesi
Bahreyn,2025-02-09,10,1,25.93,13.272,13.272,13.27,0,0,0,0,0.5,0.5,13.27,Savaş öncesi
Bahreyn,2025-02-10,10,1,8.58,8.2623,8.2623,8.26,0,0,0,0,0.6,0.4,8.26,Savaş öncesi
Bahreyn,2025-02-11,10,1,39.15,0,0,0,0,0,0,0,1,0,0,Savaş öncesi
Bahreyn,2025-02-12,10,0,,,,,0,0,0.7,0.3,0,0,0,Savaş öncesi
Bahreyn,2025-02-13,10,0,,,,,0,0,0.9,0.1,0,0,0,Savaş öncesi
Bahreyn,2025-02-14,10,0.8,35.39,0,0,0,0,0.2,0,0,0.8,0,0,Savaş öncesi
Bahreyn,2025-02-15,10,0,,,,,0,0,1,0,0,0,0,Savaş öncesi
Bahreyn,2025-02-16,10,0,,,,,0,0,1,0,0,0,0,Savaş öncesi
Bahreyn,2025-02-17,10,0.7,52.79,3.4574,3.4574,3.45,0,0,0.1,0.2,0.3,0.4,4.6,Savaş öncesi
Bahreyn,2025-02-18,10,1,60.23,7.2202,10.763,10.78,0,0,0,0,0.6,0.4,10.78,Savaş öncesi
Bahreyn,2025-02-19,10,1,43.41,3.302,3.302,3.3,0,0,0,0,0.9,0.1,3.3,Savaş öncesi
Bahreyn,2025-02-20,10,1,15.545,6.5318,6.5318,6.54,0,0,0,0,0.7,0.3,6.54,Savaş öncesi
Bahreyn,2025-02-21,10,1,19.725,9.5657,9.5657,9.56,0,0,0,0,0.5,0.5,9.56,Savaş öncesi
Bahreyn,2025-02-22,10,0,,,,,0,0,1,0,0,0,0,Savaş öncesi
Bahreyn,2025-02-23,10,0,,,,,0,0,1,0,0,0,0,Savaş öncesi
Bahreyn,2025-02-24,10,0,,,,,0,0.1,0.9,0,0,0,0,Savaş öncesi
Bahreyn,2025-02-25,10,1,26.33,3.2474,3.2474,3.25,0,0,0,0,0.8,0.2,3.25,Savaş öncesi
Bahreyn,2025-02-26,10,0,,,,,0,0,1,0,0,0,0,Savaş öncesi
Bahreyn,2025-02-27,10,1,38.86,0,0,0,0,0,0,0,1,0,0,Savaş öncesi
Bahreyn,2025-02-28,10,0.9,57.98,0,0,1.11,0,0,0,0.1,0.9,0,1.11,Savaş öncesi
Bahreyn,2025-03-01,10,0.9,55.65,1.3358,1.3358,1.34,0,0.1,0,0,0.8,0.1,1.34,Savaş öncesi
Bahreyn,2025-03-02,10,1,35.66,6.8224,8.6575,8.66,0,0,0,0,0.7,0.3,8.66,Savaş öncesi
Bahreyn,2025-03-03,10,1,4.015,7.2799,7.2799,7.26,0,0,0,0,0.5,0.5,7.26,Savaş öncesi
Bahreyn,2025-03-04,10,0,,,,,0,0,1,0,0,0,0,Savaş öncesi
Bahreyn,2025-03-05,10,0.8,52.62,0,0,0,0,0.1,0,0.1,0.8,0,1.46,Savaş öncesi
Bahreyn,2025-03-06,10,0,,,,,0,0,1,0,0,0,0,Savaş öncesi
Bahreyn,2025-03-07,10,0,,,,,0,0,0.9,0.1,0,0,0,Savaş öncesi
Bahreyn,2025-03-08,10,0,,,,,0,0,1,0,0,0,0,Savaş öncesi
Bahreyn,2025-03-09,10,1,19.53,0,0,0,0,0,0,0,1,0,0,Savaş öncesi
Bahreyn,2025-03-10,10,1,46.26,2.6073,2.6073,2.61,0,0,0,0,0.9,0.1,2.61,Savaş öncesi
Bahreyn,2025-03-11,10,1,62.49,0,0,0,0,0,0,0,1,0,0,Savaş öncesi
Bahreyn,2025-03-12,10,0.7,50.14,6.1675,6.1675,6.17,0,0.2,0,0.1,0.5,0.2,6.17,Savaş öncesi
Bahreyn,2025-03-13,10,1,26.445,8.4708,8.4708,8.48,0,0,0,0,0.6,0.4,8.48,Savaş öncesi
Bahreyn,2025-03-14,10,1,8.01,7.4337,7.4337,7.43,0,0,0,0,0.4,0.6,7.43,Savaş öncesi
Bahreyn,2025-03-15,10,1,38.76,8.9493,8.9493,8.94,0,0,0,0,0.6,0.4,8.94,Savaş öncesi
Bahreyn,2025-03-16,10,1,57.87,8.8269,14.085,17.33,0,0,0,0,0.6,0.4,17.33,Savaş öncesi
Bahreyn,2025-03-17,10,1,55.645,11.232,16.237,16.26,0,0,0,0,0.6,0.4,16.26,Savaş öncesi
Bahreyn,2025-03-18,10,0.9,35.72,10.241,10.241,10.25,0,0.1,0,0,0.6,0.3,10.25,Savaş öncesi
Bahreyn,2025-03-19,10,1,4.06,12.292,12.292,12.3,0,0,0,0,0.3,0.7,12.3,Savaş öncesi
Bahreyn,2025-03-20,10,1,29.88,8.7819,8.7819,8.8,0,0,0,0,0.4,0.6,8.8,Savaş öncesi
Bahreyn,2025-03-21,10,0.8,52.51,0,0,0,0,0,0.1,0.1,0.8,0,0,Savaş öncesi
Bahreyn,2025-03-22,10,0,,,,,0,0,0.7,0.3,0,0,0,Savaş öncesi
Bahreyn,2025-03-23,10,1,43.495,6.7144,6.7144,6.71,0,0,0,0,0.6,0.4,6.71,Savaş öncesi
Bahreyn,2025-03-24,10,1,15.635,11.897,11.897,11.89,0,0,0,0,0.6,0.4,11.89,Savaş öncesi
Bahreyn,2025-03-25,10,1,19.6,13.172,13.172,13.16,0,0,0,0,0.5,0.5,13.16,Savaş öncesi
Bahreyn,2025-03-26,10,1,46.35,10.657,10.657,10.66,0,0,0,0,0.6,0.4,10.66,Savaş öncesi
Bahreyn,2025-03-27,10,1,62.435,8.5184,14.786,16.85,0,0,0,0,0.6,0.4,16.85,Savaş öncesi
Bahreyn,2025-03-28,10,0.9,49.99,7.9582,7.9582,7.96,0,0.1,0,0,0.7,0.2,10.76,Savaş öncesi
Bahreyn,2025-03-29,10,1,26.215,14.47,14.47,14.48,0,0,0,0,0.5,0.5,14.48,Savaş öncesi
Bahreyn,2025-03-30,10,1,8.255,11.161,11.161,11.16,0,0,0,0,0.5,0.5,11.16,Savaş öncesi
Bahreyn,2025-03-31,10,0,,,,,0,0,1,0,0,0,0,Savaş öncesi
Bahreyn,2025-04-01,10,1,57.985,8.5204,8.5204,8.51,0,0,0,0,0.6,0.4,8.51,Savaş öncesi
Bahreyn,2025-04-02,10,0.9,55.49,11.775,18.442,18.44,0,0,0,0.1,0.4,0.5,18.44,Savaş öncesi
Bahreyn,2025-04-03,10,0.9,35.4,6.8317,6.8317,6.84,0,0.1,0,0,0.6,0.3,12.43,Savaş öncesi
Bahreyn,2025-04-04,10,1,3.67,3.6054,3.6054,3.6,0,0,0,0,0.7,0.3,3.6,Savaş öncesi
Bahreyn,2025-04-05,10,1,30.16,11.012,11.012,11.01,0,0,0,0,0.6,0.4,11.01,Savaş öncesi
Bahreyn,2025-04-06,10,0,,,,,0,0,1,0,0,0,0,Savaş öncesi
Bahreyn,2025-04-07,10,1,60.095,6.613,7.6437,13.98,0,0,0,0,0.7,0.3,13.98,Savaş öncesi
Bahreyn,2025-04-08,10,1,43.185,9.5191,9.5191,9.52,0,0,0,0,0.7,0.3,9.52,Savaş öncesi
Bahreyn,2025-04-09,10,1,15.15,12.299,12.299,12.3,0,0,0,0,0.6,0.4,12.3,Savaş öncesi
Bahreyn,2025-04-10,10,1,20.08,9.6365,9.6365,9.64,0,0,0,0,0.7,0.3,9.64,Savaş öncesi
Bahreyn,2025-04-11,10,1,46.63,5.6879,5.6879,5.69,0,0,0,0,0.7,0.3,5.69,Savaş öncesi
Bahreyn,2025-04-12,10,1,62.635,0,0,2.51,0,0,0,0,1,0,2.51,Savaş öncesi
Bahreyn,2025-04-13,10,0.8,49.68,0,0,0,0,0.1,0.1,0,0.8,0,0,Savaş öncesi
Bahreyn,2025-04-14,10,1,25.675,6.2813,6.2813,6.28,0,0,0,0,0.7,0.3,6.28,Savaş öncesi
Bahreyn,2025-04-15,10,1,8.88,11.529,11.529,11.53,0,0,0,0,0.5,0.5,11.53,Savaş öncesi
Bahreyn,2025-04-16,10,1,39.36,6.9627,6.9627,6.96,0,0,0,0,0.6,0.4,6.96,Savaş öncesi
Bahreyn,2025-04-17,10,1,58.27,7.1715,12.691,17.6,0,0,0,0,0.7,0.3,17.6,Savaş öncesi
Bahreyn,2025-04-18,10,0.8,55.19,12.643,12.643,12.65,0,0.1,0,0.1,0.4,0.4,12.65,Savaş öncesi
Bahreyn,2025-04-19,10,0.9,34.9,8.5271,8.5271,8.52,0,0.1,0,0,0.5,0.4,11.61,Savaş öncesi
Bahreyn,2025-04-20,10,1,2.87,15.011,15.011,15.03,0,0,0,0,0.4,0.6,15.03,Savaş öncesi
Bahreyn,2025-04-21,10,1,30.75,8.4128,8.4128,8.42,0,0,0,0,0.7,0.3,8.42,Savaş öncesi
Bahreyn,2025-04-22,10,0.9,53.15,4.7972,4.7972,4.79,0,0.1,0,0,0.6,0.3,6.39,Savaş öncesi
Bahreyn,2025-04-23,10,0.9,59.88,5.8716,15.049,21.79,0,0,0,0.1,0.7,0.2,21.79,Savaş öncesi
Bahreyn,2025-04-24,10,1,42.75,12.381,12.381,12.38,0,0,0,0,0.6,0.4,12.38,Savaş öncesi
Bahreyn,2025-04-25,10,1,14.61,9.0981,9.0981,9.09,0,0,0,0,0.5,0.5,9.09,Savaş öncesi
Bahreyn,2025-04-26,10,0.6,20.59,0,0,0,0,0,0.4,0,0.6,0,0,Savaş öncesi
Bahreyn,2025-04-27,10,1,46.85,4.7597,4.7597,4.76,0,0,0,0,0.9,0.1,4.76,Savaş öncesi
Bahreyn,2025-04-28,10,0.9,62.74,10.03,10.03,14.49,0,0,0,0.1,0.8,0.1,17.2,Savaş öncesi
Bahreyn,2025-04-29,10,1,49.58,4.1834,4.1834,4.18,0,0,0,0,0.9,0.1,4.18,Savaş öncesi
Bahreyn,2025-04-30,10,1,25.6,7.2114,7.2114,7.22,0,0,0,0,0.6,0.4,7.22,Savaş öncesi
Bahreyn,2025-05-01,10,1,8.92,15.678,15.678,15.68,0,0,0,0,0.5,0.5,15.68,Savaş öncesi
Bahreyn,2025-05-02,10,1,39.32,11.717,11.717,11.72,0,0,0,0,0.7,0.3,11.72,Savaş öncesi
Bahreyn,2025-05-03,10,1,58.2,4.6177,9.7395,9.74,0,0,0,0,0.9,0.1,9.74,Savaş öncesi
Bahreyn,2025-05-04,10,0.9,55.28,7.6098,7.6098,7.61,0,0,0,0.1,0.7,0.2,12.58,Savaş öncesi
Bahreyn,2025-05-05,10,1,35.155,3.5566,7.0684,7.07,0,0,0,0,0.9,0.1,7.07,Savaş öncesi
Bahreyn,2025-05-06,10,1,3.34,8.0778,8.0778,8.07,0,0,0,0,0.6,0.4,8.07,Savaş öncesi
Bahreyn,2025-05-07,10,1,30.36,5.3486,5.3486,5.35,0,0,0,0,0.9,0.1,5.35,Savaş öncesi
Bahreyn,2025-05-08,10,0.9,52.84,6.6287,6.6287,6.63,0,0,0,0.1,0.7,0.2,6.63,Savaş öncesi
Bahreyn,2025-05-09,10,1,60.135,3.7988,3.7988,9.31,0,0,0,0,0.8,0.2,9.31,Savaş öncesi
Bahreyn,2025-05-10,10,1,43.21,19.165,19.165,19.16,0,0,0,0,0.6,0.4,19.16,Savaş öncesi
Bahreyn,2025-05-11,10,1,15.27,12.126,12.126,12.13,0,0,0,0,0.7,0.3,12.13,Savaş öncesi
Bahreyn,2025-05-12,10,1,19.945,5.1434,5.1434,5.14,0,0,0,0,0.8,0.2,5.14,Savaş öncesi
Bahreyn,2025-05-13,10,0.9,46.49,6.469,6.469,6.46,0,0,0,0.1,0.7,0.2,6.46,Savaş öncesi
Bahreyn,2025-05-14,10,1,62.52,6.1527,14.091,19.23,0,0,0,0,0.8,0.2,19.23,Savaş öncesi
Bahreyn,2025-05-15,10,0.9,49.94,5.4215,5.4215,5.42,0,0.1,0,0,0.8,0.1,5.42,Savaş öncesi
Bahreyn,2025-05-16,10,1,26.15,6.12,6.12,6.12,0,0,0,0,0.8,0.2,6.12,Savaş öncesi
Bahreyn,2025-05-17,10,1,8.29,6.6266,6.6266,6.63,0,0,0,0,0.8,0.2,6.63,Savaş öncesi
Bahreyn,2025-05-18,10,1,38.93,8.4619,8.4619,8.46,0,0,0,0,0.7,0.3,8.46,Savaş öncesi
Bahreyn,2025-05-19,10,0.7,57.96,3.0904,3.0904,3.09,0,0.1,0,0.2,0.6,0.1,3.09,Savaş öncesi
Bahreyn,2025-05-20,10,0.9,55.57,3.4385,3.4385,3.44,0,0,0,0.1,0.7,0.2,3.44,Savaş öncesi
Bahreyn,2025-05-21,10,0.9,35.58,4.8779,4.8779,4.88,0,0.1,0,0,0.7,0.2,4.88,Savaş öncesi
Bahreyn,2025-05-22,10,1,3.905,8.3531,8.3531,8.35,0,0,0,0,0.6,0.4,8.35,Savaş öncesi
Bahreyn,2025-05-23,10,1,29.94,11.243,11.243,11.26,0,0,0,0,0.7,0.3,11.26,Savaş öncesi
Bahreyn,2025-05-24,10,0.9,52.63,5.6136,5.6136,5.61,0,0,0,0.1,0.7,0.2,5.61,Savaş öncesi
Bahreyn,2025-05-25,10,0.9,60.3,2.5215,5.1003,7.98,0,0.1,0,0,0.8,0.1,7.98,Savaş öncesi
Bahreyn,2025-05-26,10,1,43.57,5.1182,5.1182,5.12,0,0,0,0,0.8,0.2,5.12,Savaş öncesi
Bahreyn,2025-05-27,10,1,15.745,2.2673,2.2673,2.26,0,0,0,0,0.8,0.2,2.26,Savaş öncesi
Bahreyn,2025-05-28,10,1,19.47,6.0077,6.0077,6.01,0,0,0,0,0.9,0.1,6.01,Savaş öncesi
Bahreyn,2025-05-29,10,1,46.26,4.7891,4.7891,4.79,0,0,0,0,0.9,0.1,4.79,Savaş öncesi
Bahreyn,2025-05-30,10,1,62.37,0,0,0,0,0,0,0,1,0,0,Savaş öncesi
Bahreyn,2025-05-31,10,1,50.225,3.6585,3.6585,3.66,0,0,0,0,0.9,0.1,3.66,Savaş öncesi
Bahreyn,2025-06-01,10,0.8,26.58,2.2577,2.2577,2.26,0,0,0.2,0,0.6,0.2,2.26,Savaş öncesi
Bahreyn,2025-06-02,10,1,7.805,2.6805,2.6805,2.68,0,0,0,0,0.8,0.2,2.68,Savaş öncesi
Bahreyn,2025-06-03,10,1,38.635,3.6127,3.6127,3.61,0,0,0,0,0.9,0.1,3.61,Savaş öncesi
Bahreyn,2025-06-04,10,0.9,57.81,2.4991,2.4991,5.71,0,0,0,0.1,0.8,0.1,5.71,Savaş öncesi
Bahreyn,2025-06-05,10,0.7,55.81,4.8895,4.8895,4.89,0,0,0,0.3,0.4,0.3,4.89,Savaş öncesi
Bahreyn,2025-06-06,10,1,35.955,11.509,11.509,11.5,0,0,0,0,0.8,0.2,11.5,Savaş öncesi
Bahreyn,2025-06-07,10,1,4.335,13.304,13.304,13.3,0,0,0,0,0.8,0.2,13.3,Savaş öncesi
Bahreyn,2025-06-08,10,1,29.62,1.335,1.335,1.33,0,0,0,0,0.9,0.1,1.33,Savaş öncesi
Bahreyn,2025-06-09,10,0.9,52.42,2.9154,2.9154,2.92,0,0.1,0,0,0.8,0.1,2.92,Savaş öncesi
Bahreyn,2025-06-10,10,0.9,60.55,3.2562,3.2562,3.26,0,0,0,0.1,0.8,0.1,3.26,Savaş öncesi
Bahreyn,2025-06-11,10,1,43.815,6.82,6.82,6.81,0,0,0,0,0.8,0.2,6.81,Savaş öncesi
Bahreyn,2025-06-12,10,1,16.1,2.7901,2.7901,2.8,0,0,0,0,0.8,0.2,2.8,Savaş öncesi
Bahreyn,2025-06-13,10,1,19.11,4.687,4.687,4.69,0,0,0,0,0.9,0.1,4.69,Savaş öncesi
Bahreyn,2025-06-14,10,1,46.03,4.4728,4.4728,4.47,0,0,0,0,0.9,0.1,4.47,Savaş öncesi
Bahreyn,2025-06-15,10,1,62.27,3.796,3.796,7.78,0,0,0,0,0.9,0.1,7.78,Savaş öncesi
Bahreyn,2025-06-16,10,0.6,50.45,3.0609,3.0609,3.06,0,0.2,0,0.2,0.5,0.1,3.06,Savaş öncesi
Bahreyn,2025-06-17,10,1,26.88,2.2198,2.2198,2.22,0,0,0,0,0.9,0.1,2.22,Savaş öncesi
Bahreyn,2025-06-18,10,1,7.48,4.0361,4.0361,4.03,0,0,0,0,0.8,0.2,4.03,Savaş öncesi
Bahreyn,2025-06-19,10,1,38.4,3.4878,3.4878,3.49,0,0,0,0,0.9,0.1,3.49,Savaş öncesi
Bahreyn,2025-06-20,10,0.9,57.69,9.0611,9.0611,0,0,0,0,0.1,0.6,0.3,0,Savaş öncesi
Bahreyn,2025-06-21,10,1,55.93,8.6846,8.6846,12.97,0,0,0,0,0.8,0.2,12.97,Savaş öncesi
Bahreyn,2025-06-22,10,1,36.15,10.977,10.977,10.98,0,0,0,0,0.7,0.3,10.98,Savaş öncesi
Bahreyn,2025-06-23,10,1,4.66,3.0739,3.0739,3.07,0,0,0,0,0.8,0.2,3.07,Savaş öncesi
Bahreyn,2025-06-24,10,1,29.38,3.5415,3.5415,3.54,0,0,0,0,0.9,0.1,3.54,Savaş öncesi
Bahreyn,2025-06-25,10,1,52.29,0,0,0,0,0,0,0,1,0,0,Savaş öncesi
Bahreyn,2025-06-26,10,1,60.645,13.026,13.026,15.89,0,0,0,0,0.8,0.2,15.89,Savaş öncesi
Bahreyn,2025-06-27,10,0.9,43.96,2.2612,2.2612,2.26,0,0.1,0,0,0.8,0.1,2.26,Savaş öncesi
Bahreyn,2025-06-28,10,1,16.42,5.5368,5.5368,5.53,0,0,0,0,0.8,0.2,5.53,Savaş öncesi
Bahreyn,2025-06-29,10,1,18.86,6.2168,6.2168,6.22,0,0,0,0,0.9,0.1,6.22,Savaş öncesi
Bahreyn,2025-06-30,10,1,45.9,3.7205,3.7205,3.72,0,0,0,0,0.8,0.2,3.72,Savaş öncesi
Bahreyn,2025-07-01,10,0.9,62.18,2.3724,2.3724,6.21,0,0,0,0.1,0.8,0.1,6.21,Savaş öncesi
Bahreyn,2025-07-02,10,1,50.53,2.4498,2.4498,2.45,0,0,0,0,0.9,0.1,2.45,Savaş öncesi
Bahreyn,2025-07-03,10,1,27.065,7.0935,7.0935,7.09,0,0,0,0,0.8,0.2,7.09,Savaş öncesi
Bahreyn,2025-07-04,10,1,7.24,2.1989,2.1989,2.2,0,0,0,0,0.9,0.1,2.2,Savaş öncesi
Bahreyn,2025-07-05,10,0.9,38.22,10.231,10.231,10.23,0,0,0,0.1,0.7,0.2,10.23,Savaş öncesi
Bahreyn,2025-07-06,10,1,57.565,7.1615,12.042,12.05,0,0,0,0,0.7,0.3,12.05,Savaş öncesi
Bahreyn,2025-07-07,10,1,56.005,9.8269,12.683,15.93,0,0,0,0,0.7,0.3,15.93,Savaş öncesi
Bahreyn,2025-07-08,10,1,36.285,7.573,7.573,7.57,0,0,0,0,0.6,0.4,7.57,Savaş öncesi
Bahreyn,2025-07-09,10,1,4.895,6.5738,6.5738,6.57,0,0,0,0,0.7,0.3,6.57,Savaş öncesi
Bahreyn,2025-07-10,10,1,29.19,10.494,10.494,10.5,0,0,0,0,0.7,0.3,10.5,Savaş öncesi
Bahreyn,2025-07-11,10,0.7,52.01,1.05,1.05,1.05,0,0.2,0.1,0,0.6,0.1,1.05,Savaş öncesi
Bahreyn,2025-07-12,10,0.9,60.65,3.2709,3.2709,10.79,0,0,0,0.1,0.7,0.2,10.79,Savaş öncesi
Bahreyn,2025-07-13,10,1,44.065,6.2878,6.2878,6.29,0,0,0,0,0.8,0.2,6.29,Savaş öncesi
Bahreyn,2025-07-14,10,1,16.6,5.1089,5.1089,5.11,0,0,0,0,0.7,0.3,5.11,Savaş öncesi
Bahreyn,2025-07-15,10,1,18.68,5.9516,5.9516,5.95,0,0,0,0,0.7,0.3,5.95,Savaş öncesi
Bahreyn,2025-07-16,10,1,45.73,7.9948,9.7617,9.77,0,0,0,0,0.7,0.3,9.77,Savaş öncesi
Bahreyn,2025-07-17,10,1,62.055,8.2508,11.159,13.19,0,0,0,0,0.8,0.2,13.19,Savaş öncesi
Bahreyn,2025-07-18,10,1,50.585,6.9297,6.9297,6.93,0,0,0,0,0.9,0.1,6.93,Savaş öncesi
Bahreyn,2025-07-19,10,1,27.2,6.0262,6.0262,6.02,0,0,0,0,0.7,0.3,6.02,Savaş öncesi
Bahreyn,2025-07-20,10,1,7.08,4.7517,4.7517,4.75,0,0,0,0,0.8,0.2,4.75,Savaş öncesi
Bahreyn,2025-07-21,10,1,38.08,7.0275,7.0275,7.03,0,0,0,0,0.8,0.2,7.03,Savaş öncesi
Bahreyn,2025-07-22,10,0.9,57.48,4.843,4.843,4.84,0,0,0,0.1,0.8,0.1,4.84,Savaş öncesi
Bahreyn,2025-07-23,10,1,56.03,1.3269,1.3269,2.56,0,0,0,0,0.9,0.1,2.56,Savaş öncesi
Bahreyn,2025-07-24,10,0.9,36.35,7.0631,7.0631,7.06,0,0,0,0.1,0.6,0.3,10.62,Savaş öncesi
Bahreyn,2025-07-25,10,1,5.06,12.077,12.077,12.08,0,0,0,0,0.5,0.5,12.08,Savaş öncesi
Bahreyn,2025-07-26,10,1,29.07,7.9599,7.9599,7.96,0,0,0,0,0.7,0.3,7.96,Savaş öncesi
Bahreyn,2025-07-27,10,1,52.07,0,0,0,0,0,0,0,1,0,0,Savaş öncesi
Bahreyn,2025-07-28,10,1,60.645,0,0,0,0,0,0,0,1,0,0,Savaş öncesi
Bahreyn,2025-07-29,10,0.9,44.11,4.0887,4.0887,4.09,0,0,0,0.1,0.7,0.2,4.09,Savaş öncesi
Bahreyn,2025-07-30,10,1,16.66,1.4545,1.4545,1.45,0,0,0,0,0.9,0.1,1.45,Savaş öncesi
Bahreyn,2025-07-31,10,1,18.535,0,0,0,0,0,0,0,1,0,0,Savaş öncesi
Bahreyn,2025-08-01,10,1,45.66,8.8103,8.8103,8.81,0,0,0,0,0.6,0.4,8.81,Savaş öncesi
Bahreyn,2025-08-02,10,0.8,61.955,0,0,1.99,0,0,0,0.2,0.8,0,1.99,Savaş öncesi
Bahreyn,2025-08-03,10,0.7,50.59,0,0,0,0,0.1,0,0.2,0.7,0,4.52,Savaş öncesi
Bahreyn,2025-08-04,10,1,27.265,4.3864,4.3864,4.39,0,0,0,0,0.8,0.2,4.39,Savaş öncesi
Bahreyn,2025-08-05,10,1,6.995,5.9034,5.9034,5.89,0,0,0,0,0.7,0.3,5.89,Savaş öncesi
Bahreyn,2025-08-06,10,1,38.005,7.0272,7.0272,7.02,0,0,0,0,0.7,0.3,7.02,Savaş öncesi
Bahreyn,2025-08-07,10,0.8,57.465,0,0,0,0,0,0.2,0,0.8,0,0,Savaş öncesi
Bahreyn,2025-08-08,10,1,56.045,3.9454,3.9454,3.95,0,0,0,0,0.8,0.2,3.95,Savaş öncesi
Bahreyn,2025-08-09,10,1,36.39,4.3711,4.3711,4.37,0,0,0,0,0.8,0.2,4.37,Savaş öncesi
Bahreyn,2025-08-10,10,1,5.065,3.2431,3.2431,3.25,0,0,0,0,0.8,0.2,3.25,Savaş öncesi
Bahreyn,2025-08-11,10,1,28.95,3.8374,3.8374,3.84,0,0,0,0,0.8,0.2,3.84,Savaş öncesi
Bahreyn,2025-08-12,10,0.7,52.06,3.5913,3.5913,3.59,0,0.3,0,0,0.6,0.1,3.59,Savaş öncesi
Bahreyn,2025-08-13,10,0.9,60.62,3.6294,3.6294,8.46,0,0,0,0.1,0.8,0.1,11.45,Savaş öncesi
Bahreyn,2025-08-14,10,1,44.115,7.8375,7.8375,7.83,0,0,0,0,0.7,0.3,7.83,Savaş öncesi
Bahreyn,2025-08-15,10,1,16.665,5.647,5.647,5.65,0,0,0,0,0.8,0.2,5.65,Savaş öncesi
Bahreyn,2025-08-16,10,1,18.56,4.2575,4.2575,4.26,0,0,0,0,0.8,0.2,4.26,Savaş öncesi
Bahreyn,2025-08-17,10,1,45.65,3.7909,3.7909,3.79,0,0,0,0,0.8,0.2,3.79,Savaş öncesi
Bahreyn,2025-08-18,10,0.9,62.02,0,0,16.68,0,0,0,0.1,0.9,0,16.68,Savaş öncesi
Bahreyn,2025-08-19,10,0.6,50.685,0,0,0,0,0.2,0.2,0,0.6,0,0,Savaş öncesi
Bahreyn,2025-08-20,10,1,27.205,9.3564,9.3564,9.36,0,0,0,0,0.7,0.3,9.36,Savaş öncesi
Bahreyn,2025-08-21,10,1,7.015,6.5416,6.5416,6.54,0,0,0,0,0.7,0.3,6.54,Savaş öncesi
Bahreyn,2025-08-22,10,1,38.03,8.736,8.736,8.73,0,0,0,0,0.6,0.4,8.73,Savaş öncesi
Bahreyn,2025-08-23,10,1,57.47,12.769,16.435,16.43,0,0,0,0,0.5,0.5,16.43,Savaş öncesi
Bahreyn,2025-08-24,10,1,56.05,6.2843,6.2843,14.31,0,0,0,0,0.7,0.3,14.31,Savaş öncesi
Bahreyn,2025-08-25,10,1,36.35,12.337,12.337,12.34,0,0,0,0,0.5,0.5,12.34,Savaş öncesi
Bahreyn,2025-08-26,10,1,5.02,7.1308,7.1308,7.13,0,0,0,0,0.8,0.2,7.13,Savaş öncesi
Bahreyn,2025-08-27,10,1,29.07,5.1079,5.1079,5.12,0,0,0,0,0.7,0.3,5.12,Savaş öncesi
Bahreyn,2025-08-28,10,0.9,52.08,6.537,11.166,11.16,0,0.1,0,0,0.6,0.3,11.16,Savaş öncesi
Bahreyn,2025-08-29,10,1,60.67,4.3637,6.5443,6.55,0,0,0,0,0.7,0.3,6.55,Savaş öncesi
Bahreyn,2025-08-30,10,0.9,44.07,9.324,9.324,9.34,0,0.1,0,0,0.6,0.3,9.34,Savaş öncesi
Bahreyn,2025-08-31,10,1,16.555,10.565,10.565,10.57,0,0,0,0,0.6,0.4,10.57,Savaş öncesi
Bahreyn,2025-09-01,10,1,18.68,10.109,10.109,10.11,0,0,0,0,0.6,0.4,10.11,Savaş öncesi
Bahreyn,2025-09-02,10,1,45.74,6.2441,6.2441,6.24,0,0,0,0,0.7,0.3,6.24,Savaş öncesi
Bahreyn,2025-09-03,10,0.9,62.1,11.766,11.766,12.94,0,0,0,0.1,0.5,0.4,15.3,Savaş öncesi
Bahreyn,2025-09-04,10,1,50.54,8.5034,8.5034,8.5,0,0,0,0,0.7,0.3,8.5,Savaş öncesi
Bahreyn,2025-09-05,10,1,27.08,10.494,10.494,10.5,0,0,0,0,0.6,0.4,10.5,Savaş öncesi
Bahreyn,2025-09-06,10,1,7.185,10.33,10.33,10.34,0,0,0,0,0.6,0.4,10.34,Savaş öncesi
Bahreyn,2025-09-07,10,1,38.19,13.104,13.104,13.09,0,0,0,0,0.4,0.6,13.09,Savaş öncesi
Bahreyn,2025-09-08,10,1,57.545,11.994,11.994,14.3,0,0,0,0,0.7,0.3,14.3,Savaş öncesi
Bahreyn,2025-09-09,10,0.9,55.93,8.8543,8.8543,19.55,0,0.1,0,0,0.6,0.3,19.55,Savaş öncesi
Bahreyn,2025-09-10,10,1,36.21,22.545,22.545,22.54,0,0,0,0,0.7,0.3,22.54,Savaş öncesi
Bahreyn,2025-09-11,10,1,4.77,9.4327,9.4327,9.43,0,0,0,0,0.7,0.3,9.43,Savaş öncesi
Bahreyn,2025-09-12,10,1,29.25,10.34,10.34,10.34,0,0,0,0,0.7,0.3,10.34,Savaş öncesi
Bahreyn,2025-09-13,10,0.8,52.265,9.3443,9.3443,9.34,0,0,0,0.2,0.6,0.2,11.99,Savaş öncesi
Bahreyn,2025-09-14,10,1,60.53,7.3687,12.607,30.81,0,0,0,0,0.7,0.3,30.81,Savaş öncesi
Bahreyn,2025-09-15,10,1,43.91,14.682,14.682,14.68,0,0,0,0,0.6,0.4,14.68,Savaş öncesi
Bahreyn,2025-09-16,10,1,16.32,23.811,23.811,23.82,0,0,0,0,0.5,0.5,23.82,Savaş öncesi
Bahreyn,2025-09-17,10,1,18.98,19.165,19.165,19.17,0,0,0,0,0.6,0.4,19.17,Savaş öncesi
Bahreyn,2025-09-18,10,1,45.94,12.443,12.443,12.44,0,0,0,0,0.7,0.3,12.44,Savaş öncesi
Bahreyn,2025-09-19,10,1,62.205,17.876,20.143,27.93,0,0,0,0,0.7,0.3,27.93,Savaş öncesi
Bahreyn,2025-09-20,10,0.7,50.36,3.9007,3.9007,3.9,0,0,0,0.3,0.6,0.1,6.04,Savaş öncesi
Bahreyn,2025-09-21,10,1,26.825,9.3447,9.3447,9.35,0,0,0,0,0.7,0.3,9.35,Savaş öncesi
Bahreyn,2025-09-22,10,1,7.55,8.8402,8.8402,8.84,0,0,0,0,0.7,0.3,8.84,Savaş öncesi
Bahreyn,2025-09-23,10,0.9,38.49,9.185,9.185,9.18,0,0,0,0.1,0.4,0.5,10.58,Savaş öncesi
Bahreyn,2025-09-24,10,1,57.73,13.737,19.188,27.61,0,0,0,0,0.6,0.4,27.61,Savaş öncesi
Bahreyn,2025-09-25,10,1,55.805,26.603,30.353,36.04,0,0,0,0,0.4,0.6,36.04,Savaş öncesi
Bahreyn,2025-09-26,10,0.9,35.97,12.851,12.851,12.86,0,0.1,0,0,0.5,0.4,15.89,Savaş öncesi
Bahreyn,2025-09-27,10,1,4.36,15.064,15.064,15.07,0,0,0,0,0.4,0.6,15.07,Savaş öncesi
Bahreyn,2025-09-28,10,1,29.63,21.403,21.403,21.41,0,0,0,0,0.6,0.4,21.41,Savaş öncesi
Bahreyn,2025-09-29,10,1,52.485,4.5404,4.5404,4.54,0,0,0,0,0.8,0.2,4.54,Savaş öncesi
Bahreyn,2025-09-30,10,0.9,60.46,6.5178,6.5178,5.97,0,0,0,0.1,0.7,0.2,5.97,Savaş öncesi
Bahreyn,2025-10-01,10,1,43.67,5.6506,5.6506,5.66,0,0,0,0,0.7,0.3,5.66,Savaş öncesi
Bahreyn,2025-10-02,10,1,15.87,14.373,14.373,14.37,0,0,0,0,0.6,0.4,14.37,Savaş öncesi
Bahreyn,2025-10-03,10,1,19.455,20.294,20.294,20.29,0,0,0,0,0.5,0.5,20.29,Savaş öncesi
Bahreyn,2025-10-04,10,1,46.28,13.274,17.657,17.65,0,0,0,0,0.7,0.3,17.65,Savaş öncesi
Bahreyn,2025-10-05,10,1,62.43,12.759,17.882,22.89,0,0,0,0,0.7,0.3,22.89,Savaş öncesi
Bahreyn,2025-10-06,10,0.9,50.12,5.4366,5.4366,5.44,0,0,0,0.1,0.8,0.1,5.44,Savaş öncesi
Bahreyn,2025-10-07,10,1,26.36,13.956,13.956,13.96,0,0,0,0,0.6,0.4,13.96,Savaş öncesi
Bahreyn,2025-10-08,10,1,8.15,15.707,15.707,15.7,0,0,0,0,0.4,0.6,15.7,Savaş öncesi
Bahreyn,2025-10-09,10,1,38.92,11.807,11.807,11.8,0,0,0,0,0.7,0.3,11.8,Savaş öncesi
Bahreyn,2025-10-10,10,0.9,58.09,9.3852,9.3852,12.63,0,0,0,0.1,0.6,0.3,12.63,Savaş öncesi
Bahreyn,2025-10-11,10,0.9,55.57,9.5348,9.5348,9.53,0,0,0,0.1,0.6,0.3,13.96,Savaş öncesi
Bahreyn,2025-10-12,10,1,35.45,20.678,20.678,20.68,0,0,0,0,0.6,0.4,20.68,Savaş öncesi
Bahreyn,2025-10-13,10,1,3.615,24.603,24.603,24.61,0,0,0,0,0.6,0.4,24.61,Savaş öncesi
Bahreyn,2025-10-14,10,1,30.24,18.755,18.755,18.75,0,0,0,0,0.6,0.4,18.75,Savaş öncesi
Bahreyn,2025-10-15,10,0.9,52.85,21.81,21.81,21.82,0,0,0,0.1,0.3,0.6,21.82,Savaş öncesi
Bahreyn,2025-10-16,10,0.9,60.12,13.771,23.914,31.48,0,0,0,0.1,0.6,0.3,33.06,Savaş öncesi
Bahreyn,2025-10-17,10,0.9,43.22,19.432,19.432,19.43,0,0.1,0,0,0.5,0.4,19.43,Savaş öncesi
Bahreyn,2025-10-18,10,1,15.135,15.407,15.407,15.41,0,0,0,0,0.6,0.4,15.41,Savaş öncesi
Bahreyn,2025-10-19,10,1,20.2,15.221,15.221,15.22,0,0,0,0,0.7,0.3,15.22,Savaş öncesi
Bahreyn,2025-10-20,10,1,46.765,20.944,20.944,20.94,0,0,0,0,0.6,0.4,20.94,Savaş öncesi
Bahreyn,2025-10-21,10,1,62.73,19.118,19.118,39.26,0,0,0,0,0.6,0.4,39.26,Savaş öncesi
Bahreyn,2025-10-22,10,1,49.7,23.394,23.394,23.39,0,0,0,0,0.7,0.3,23.39,Savaş öncesi
Bahreyn,2025-10-23,10,1,25.635,12.667,12.667,12.67,0,0,0,0,0.6,0.4,12.67,Savaş öncesi
Bahreyn,2025-10-24,10,1,9.045,18.448,18.448,18.45,0,0,0,0,0.5,0.5,18.45,Savaş öncesi
Bahreyn,2025-10-25,10,1,39.54,17.37,17.37,17.36,0,0,0,0,0.4,0.6,17.36,Savaş öncesi
Bahreyn,2025-10-26,10,1,58.43,5.1444,8.2863,19.3,0,0,0,0,0.8,0.2,19.3,Savaş öncesi
Bahreyn,2025-10-27,10,1,55.15,12.886,12.886,12.89,0,0,0,0,0.6,0.4,12.89,Savaş öncesi
Bahreyn,2025-10-28,10,1,34.79,18.342,26.756,26.76,0,0,0,0,0.5,0.5,26.76,Savaş öncesi
Bahreyn,2025-10-29,10,1,2.645,17.091,17.091,17.09,0,0,0,0,0.4,0.6,17.09,Savaş öncesi
Bahreyn,2025-10-30,10,1,31,15.88,15.88,15.87,0,0,0,0,0.7,0.3,15.87,Savaş öncesi
Bahreyn,2025-10-31,10,0.9,53.32,8.1686,8.1686,8.17,0,0,0,0.1,0.6,0.3,11.75,Savaş öncesi
Bahreyn,2025-11-01,10,0.9,59.84,15.325,15.325,15.33,0,0,0,0.1,0.6,0.3,17.79,Savaş öncesi
Bahreyn,2025-11-02,10,1,42.585,14.946,14.946,14.94,0,0,0,0,0.6,0.4,14.94,Savaş öncesi
Bahreyn,2025-11-03,10,1,14.13,16.31,16.31,16.31,0,0,0,0,0.5,0.5,16.31,Savaş öncesi
Bahreyn,2025-11-04,10,1,21.155,16.638,16.638,16.63,0,0,0,0,0.5,0.5,16.63,Savaş öncesi
Bahreyn,2025-11-05,10,0.9,47.33,14.19,18.668,18.67,0,0,0,0.1,0.6,0.3,18.67,Savaş öncesi
Bahreyn,2025-11-06,10,1,63.01,11.846,16.319,20.13,0,0,0,0,0.6,0.4,20.13,Savaş öncesi
Bahreyn,2025-11-07,10,0.8,49.295,12.897,12.897,12.9,0,0.2,0,0,0.5,0.3,17.26,Savaş öncesi
Bahreyn,2025-11-08,10,1,25.05,12.078,12.078,12.08,0,0,0,0,0.6,0.4,12.08,Savaş öncesi
Bahreyn,2025-11-09,10,1,9.545,16.16,16.16,16.16,0,0,0,0,0.5,0.5,16.16,Savaş öncesi
Bahreyn,2025-11-10,10,1,39.79,15.784,15.784,15.78,0,0,0,0,0.5,0.5,15.78,Savaş öncesi
Bahreyn,2025-11-11,10,0.8,58.475,7.3527,10.263,10.26,0,0,0.1,0.1,0.5,0.3,15.55,Savaş öncesi
Bahreyn,2025-11-12,10,1,55.07,10.53,10.53,10.52,0,0,0,0,0.6,0.4,10.52,Savaş öncesi
Bahreyn,2025-11-13,10,0.9,34.76,12.604,12.949,12.95,0,0.1,0,0,0.5,0.4,12.95,Savaş öncesi
Bahreyn,2025-11-14,10,1,2.835,14.788,14.788,14.79,0,0,0,0,0.6,0.4,14.79,Savaş öncesi
Bahreyn,2025-11-15,10,0.4,30.56,5.9455,5.9455,5.94,0,0,0.6,0,0.1,0.3,5.94,Savaş öncesi
Bahreyn,2025-11-16,10,0,,,,,0,0,0.9,0.1,0,0,0,Savaş öncesi
Bahreyn,2025-11-17,10,0.8,59.955,0,0,0,0,0,0,0.2,0.8,0,0,Savaş öncesi
Bahreyn,2025-11-18,10,1,42.92,11.171,11.171,11.19,0,0,0,0,0.6,0.4,11.19,Savaş öncesi
Bahreyn,2025-11-19,10,1,14.85,13.343,13.343,13.35,0,0,0,0,0.5,0.5,13.35,Savaş öncesi
Bahreyn,2025-11-20,10,1,20.345,8.2638,8.2638,8.27,0,0,0,0,0.5,0.5,8.27,Savaş öncesi
Bahreyn,2025-11-21,10,1,46.78,6.8533,6.8533,6.85,0,0,0,0,0.7,0.3,6.85,Savaş öncesi
Bahreyn,2025-11-22,10,1,62.66,7.0611,7.0611,12.48,0,0,0,0,0.6,0.4,12.48,Savaş öncesi
Bahreyn,2025-11-23,10,1,49.725,12.816,14.765,14.77,0,0,0,0,0.6,0.4,14.77,Savaş öncesi
Bahreyn,2025-11-24,10,1,25.78,10.012,10.012,10,0,0,0,0,0.6,0.4,10,Savaş öncesi
Bahreyn,2025-11-25,10,1,8.685,12.765,12.765,12.75,0,0,0,0,0.5,0.5,12.75,Savaş öncesi
Bahreyn,2025-11-26,10,0.9,39.18,5.4021,5.4021,5.4,0,0,0,0.1,0.5,0.4,8.97,Savaş öncesi
Bahreyn,2025-11-27,10,1,58.12,10.447,10.447,10.95,0,0,0,0,0.5,0.5,10.95,Savaş öncesi
Bahreyn,2025-11-28,10,1,55.395,6.8687,6.8687,6.86,0,0,0,0,0.7,0.3,6.86,Savaş öncesi
Bahreyn,2025-11-29,10,0.9,35.34,11.859,14.229,14.23,0,0.1,0,0,0.5,0.4,14.23,Savaş öncesi
Bahreyn,2025-11-30,10,1,3.55,11.39,11.39,11.39,0,0,0,0,0.4,0.6,11.39,Savaş öncesi
Bahreyn,2025-12-01,10,1,30.16,10.066,10.066,10.06,0,0,0,0,0.7,0.3,10.06,Savaş öncesi
Bahreyn,2025-12-02,10,0.3,52.8,0,0,0,0,0,0.3,0.4,0.3,0,0,Savaş öncesi
Bahreyn,2025-12-03,10,0.9,60.16,12.498,12.498,12.49,0,0,0,0.1,0.5,0.4,12.49,Savaş öncesi
Bahreyn,2025-12-04,10,0.1,43.5,0,0,0,0,0,0.9,0,0.1,0,0,Savaş öncesi
Bahreyn,2025-12-05,10,1,15.49,11.399,11.399,11.4,0,0,0,0,0.7,0.3,11.4,Savaş öncesi
Bahreyn,2025-12-06,10,1,19.675,14.874,14.874,14.88,0,0,0,0,0.5,0.5,14.88,Savaş öncesi
Bahreyn,2025-12-07,10,1,46.36,9.9356,9.9356,9.93,0,0,0,0,0.7,0.3,9.93,Savaş öncesi
Bahreyn,2025-12-08,10,0.5,62.41,0,0,0,0,0,0.4,0.1,0.5,0,0,Savaş öncesi
Bahreyn,2025-12-09,10,0.8,50.085,4.6655,7.0814,7.09,0,0.2,0,0,0.6,0.2,7.09,Savaş öncesi
Bahreyn,2025-12-10,10,1,26.34,5.9242,5.9242,5.92,0,0,0,0,0.7,0.3,5.92,Savaş öncesi
Bahreyn,2025-12-11,10,1,8.045,7.7985,7.7985,7.8,0,0,0,0,0.4,0.6,7.8,Savaş öncesi
Bahreyn,2025-12-12,10,1,38.73,19.073,19.073,19.07,0,0,0,0,0.5,0.5,19.07,Savaş öncesi
Bahreyn,2025-12-13,10,0.6,67.685,0,0,0,0,0,0.1,0.3,0.6,0,6.63,Savaş öncesi
Bahreyn,2025-12-14,10,0.9,55.64,1.9606,1.9606,4.04,0,0,0,0.1,0.7,0.2,4.57,Savaş öncesi
Bahreyn,2025-12-15,10,0,,,,,0,0.1,0.9,0,0,0,0,Savaş öncesi
Bahreyn,2025-12-16,10,1,4.16,11.629,11.629,11.64,0,0,0,0,0.4,0.6,11.64,Savaş öncesi
Bahreyn,2025-12-17,10,1,29.69,21.376,21.376,21.38,0,0,0,0,0.3,0.7,21.38,Savaş öncesi
Bahreyn,2025-12-18,10,1,52.44,11.516,14.334,14.33,0,0,0,0,0.7,0.3,14.33,Savaş öncesi
Bahreyn,2025-12-19,10,0.9,60.41,0,0,0,0,0,0,0.1,0.9,0,0,Savaş öncesi
Bahreyn,2025-12-20,10,1,43.63,0,0,0,0,0,0,0,1,0,0,Savaş öncesi
Bahreyn,2025-12-21,10,1,15.965,11.11,11.11,11.1,0,0,0,0,0.4,0.6,11.1,Savaş öncesi
Bahreyn,2025-12-22,10,1,19.215,7.9327,7.9327,7.93,0,0,0,0,0.6,0.4,7.93,Savaş öncesi
Bahreyn,2025-12-23,10,0.9,46.05,0,1.2387,1.24,0,0,0.1,0,0.9,0,1.24,Savaş öncesi
Bahreyn,2025-12-24,10,0.9,62.23,12.041,12.041,16.24,0,0,0,0.1,0.3,0.6,16.24,Savaş öncesi
Bahreyn,2025-12-25,10,0.7,50.23,1.5392,2.7031,2.7,0,0.3,0,0,0.6,0.1,3.53,Savaş öncesi
Bahreyn,2025-12-26,10,1,26.71,6.3006,6.3006,6.3,0,0,0,0,0.6,0.4,6.3,Savaş öncesi
Bahreyn,2025-12-27,10,1,7.595,8.1175,8.1175,8.11,0,0,0,0,0.5,0.5,8.11,Savaş öncesi
Bahreyn,2025-12-28,10,1,38.42,10.516,10.516,10.51,0,0,0,0,0.5,0.5,10.51,Savaş öncesi
Bahreyn,2025-12-29,10,1,57.645,12.425,15.959,15.95,0,0,0,0,0.5,0.5,15.95,Savaş öncesi
Bahreyn,2025-12-30,10,0.9,55.88,6.5907,6.5907,7.84,0,0,0,0.1,0.5,0.4,7.84,Savaş öncesi
Bahreyn,2025-12-31,10,0.8,36.1,4.3765,4.3765,4.38,0,0.2,0,0,0.6,0.2,6.9,Savaş öncesi
Bahreyn,2026-01-01,10,1,4.605,9.7907,9.7907,9.79,0,0,0,0,0.5,0.5,9.79,Savaş öncesi
Bahreyn,2026-01-02,10,1,29.38,8.3876,8.3876,8.38,0,0,0,0,0.5,0.5,8.38,Savaş öncesi
Bahreyn,2026-01-03,10,0.5,52.11,0,0,0,0,0,0.3,0.2,0.5,0,0,Savaş öncesi
Bahreyn,2026-01-04,10,1,60.505,1.7125,1.7125,11.53,0,0,0,0,0.9,0.1,11.53,Savaş öncesi
Bahreyn,2026-01-05,10,1,43.84,11.247,11.247,11.24,0,0,0,0,0.4,0.6,11.24,Savaş öncesi
Bahreyn,2026-01-06,10,1,16.305,12.278,12.278,12.29,0,0,0,0,0.4,0.6,12.29,Savaş öncesi
Bahreyn,2026-01-07,10,1,18.945,14.007,14.007,0,0,0,0,0,0.4,0.6,,Savaş öncesi
Bahreyn,2026-01-08,10,1,45.88,6.0321,6.0321,6.04,0,0,0,0,0.6,0.4,6.04,Savaş öncesi
Bahreyn,2026-01-09,10,0.2,62.235,0,0,0,0,0,0.7,0.1,0.2,0,0,Savaş öncesi
Bahreyn,2026-01-10,10,0,,,,,1,0,0,0,0,0,1.38,Savaş öncesi
Bahreyn,2026-01-11,10,0,,,,,1,0,0,0,0,0,5.72,Savaş öncesi
Bahreyn,2026-01-12,10,0,,,,,1,0,0,0,0,0,7.69,Savaş öncesi
Bahreyn,2026-01-13,10,0,,,,,1,0,0,0,0,0,2.87,Savaş öncesi
Bahreyn,2026-01-14,10,0,,,,,1,0,0,0,0,0,1.48,Savaş öncesi
Bahreyn,2026-01-15,10,1,55.91,16.875,25.707,27.56,0,0,0,0,0.6,0.4,27.56,Savaş öncesi
Bahreyn,2026-01-16,10,0.9,36.19,12.028,19.013,19.03,0,0.1,0,0,0.5,0.4,20.19,Savaş öncesi
Bahreyn,2026-01-17,10,1,4.72,15.223,15.223,15.21,0,0,0,0,0.3,0.7,15.21,Savaş öncesi
Bahreyn,2026-01-18,10,1,29.245,14.06,14.06,14.06,0,0,0,0,0.5,0.5,14.06,Savaş öncesi
Bahreyn,2026-01-19,10,0.8,52.15,15.039,17.218,17.21,0,0.2,0,0,0.5,0.3,21.67,Savaş öncesi
Bahreyn,2026-01-20,10,1,60.555,14.423,15.954,20.69,0,0,0,0,0.6,0.4,20.69,Savaş öncesi
Bahreyn,2026-01-21,10,0.9,43.97,4.4591,4.4591,4.46,0,0,0,0.1,0.6,0.3,11.52,Savaş öncesi
Bahreyn,2026-01-22,10,1,16.425,15.798,15.798,15.79,0,0,0,0,0.4,0.6,15.79,Savaş öncesi
Bahreyn,2026-01-23,10,0,,,,,0,0,1,0,0,0,0,Savaş öncesi
Bahreyn,2026-01-24,10,0.9,45.86,2.2731,2.2731,2.27,0,0,0.1,0,0.8,0.1,2.27,Savaş öncesi
Bahreyn,2026-01-25,10,0.9,62.15,12.999,21.537,22.6,0,0,0,0.1,0.6,0.3,22.6,Savaş öncesi
Bahreyn,2026-01-26,10,0.9,50.5,6.8198,6.8198,6.82,0,0.1,0,0,0.6,0.3,6.82,Savaş öncesi
Bahreyn,2026-01-27,10,1,27.015,12.553,12.553,12.56,0,0,0,0,0.5,0.5,12.56,Savaş öncesi
Bahreyn,2026-01-28,10,1,7.29,12.617,12.617,12.63,0,0,0,0,0.5,0.5,12.63,Savaş öncesi
Bahreyn,2026-01-29,10,1,38.25,16.374,16.374,16.36,0,0,0,0,0.2,0.8,16.36,Savaş öncesi
Bahreyn,2026-01-30,10,1,57.6,19.495,31.433,32.85,0,0,0,0,0.4,0.6,32.85,Savaş öncesi
Bahreyn,2026-01-31,10,0.9,55.96,16.066,16.066,14.69,0,0,0,0.1,0.4,0.5,17.75,Savaş öncesi
Bahreyn,2026-02-01,10,0.8,36.295,11.114,11.114,11.12,0,0.1,0,0.1,0.4,0.4,17.28,Savaş öncesi
Bahreyn,2026-02-02,10,1,4.775,13.501,13.501,13.49,0,0,0,0,0.5,0.5,13.49,Savaş öncesi
Bahreyn,2026-02-03,10,1,29.26,0,0,0,0,0,0,0,1,0,0,Savaş öncesi
Bahreyn,2026-02-04,10,0.6,52.28,9.8219,9.8219,9.83,0,0.3,0,0.1,0.4,0.2,11.84,Savaş öncesi
Bahreyn,2026-02-05,10,0,,,,,0,0,0.8,0.2,0,0,0,Savaş öncesi
Bahreyn,2026-02-06,10,0.5,43.93,0,0,0,0,0,0.5,0,0.5,0,0,Savaş öncesi
Bahreyn,2026-02-07,10,0,,,,,0,0,1,0,0,0,0,Savaş öncesi
Bahreyn,2026-02-08,10,1,18.92,11.479,11.479,11.49,0,0,0,0,0.6,0.4,11.49,Savaş öncesi
Bahreyn,2026-02-09,10,1,45.94,8.2437,8.2437,8.25,0,0,0,0,0.7,0.3,8.25,Savaş öncesi
Bahreyn,2026-02-10,10,0.8,62.215,0,1.8708,3.98,0,0,0.2,0,0.8,0,3.98,Savaş öncesi
Bahreyn,2026-02-11,10,1,50.44,6.0305,7.5934,7.6,0,0,0,0,0.8,0.2,7.6,Savaş öncesi
Bahreyn,2026-02-12,10,1,26.95,7.7725,7.7725,7.79,0,0,0,0,0.5,0.5,7.79,Savaş öncesi
Bahreyn,2026-02-13,10,1,7.455,7.9276,7.9276,7.93,0,0,0,0,0.4,0.6,7.93,Savaş öncesi
Bahreyn,2026-02-14,10,1,38.38,14.862,14.862,14.85,0,0,0,0,0.5,0.5,14.85,Savaş öncesi
Bahreyn,2026-02-15,10,1,57.69,3.421,3.421,3.42,0,0,0,0,0.7,0.3,3.42,Savaş öncesi
Bahreyn,2026-02-16,10,1,55.9,9.0592,14.125,14.12,0,0,0,0,0.4,0.6,14.12,Savaş öncesi
Bahreyn,2026-02-17,10,1,36.085,3.3909,3.3909,3.39,0,0,0,0,0.8,0.2,3.39,Savaş öncesi
Bahreyn,2026-02-18,10,1,4.515,8.9891,8.9891,8.97,0,0,0,0,0.6,0.4,8.97,Savaş öncesi
Bahreyn,2026-02-19,10,1,29.495,7.324,7.324,7.33,0,0,0,0,0.6,0.4,7.33,Savaş öncesi
Bahreyn,2026-02-20,10,0.9,52.37,8.0689,10.752,10.75,0,0,0,0.1,0.6,0.3,10.75,Savaş öncesi
Bahreyn,2026-02-21,10,0.9,60.52,5.137,5.137,12.7,0,0,0,0.1,0.6,0.3,12.7,Savaş öncesi
Bahreyn,2026-02-22,10,1,43.83,11.603,11.603,11.6,0,0,0,0,0.6,0.4,11.6,Savaş öncesi
Bahreyn,2026-02-23,10,1,16.15,8.0818,8.0818,8.08,0,0,0,0,0.7,0.3,8.08,Savaş öncesi
Bahreyn,2026-02-24,10,1,19.16,7.3387,7.3387,7.33,0,0,0,0,0.5,0.5,7.33,Savaş öncesi
Bahreyn,2026-02-25,10,1,46.1,10.252,10.252,10.26,0,0,0,0,0.6,0.4,10.26,Savaş öncesi
Bahreyn,2026-02-26,10,1,62.3,9.1514,9.1514,10.49,0,0,0,0,0.7,0.3,10.49,Savaş öncesi
Bahreyn,2026-02-27,10,0.6,50.295,0,0,0,0,0.3,0,0.1,0.6,0,1.4,Savaş öncesi
Bahreyn,2026-02-28,10,1,26.7,5.0529,5.0529,5.05,0,0,0,0,0.7,0.3,5.05,geçiş
Bahreyn,2026-03-01,10,1,7.765,10.482,10.482,10.49,0,0,0,0,0.6,0.4,10.49,geçiş
Bahreyn,2026-03-02,10,0.1,38.7,0,0,0,0,0,0.9,0,0.1,0,0,1. kapanma
Bahreyn,2026-03-03,10,0,,,,,0,0.1,0.2,0.7,0,0,0,1. kapanma
Bahreyn,2026-03-04,10,0.9,55.76,5.1907,6.2204,6.22,0,0.1,0,0,0.7,0.2,6.22,1. kapanma
Bahreyn,2026-03-05,10,1,35.84,2.2428,3.3601,3.36,0,0,0,0,0.9,0.1,3.36,1. kapanma
Bahreyn,2026-03-06,10,1,4.21,4.3442,4.3442,4.34,0,0,0,0,0.7,0.3,4.34,1. kapanma
Bahreyn,2026-03-07,10,0.7,29.87,0,0,0,0,0,0.3,0,0.7,0,0,1. kapanma
Bahreyn,2026-03-08,10,0.9,52.56,2.6202,5.2085,5.21,0,0,0,0.1,0.8,0.1,5.21,1. kapanma
Bahreyn,2026-03-09,10,0.1,60.36,0,0,0,0,0,0.5,0.4,0.1,0,0,1. kapanma
Bahreyn,2026-03-10,10,0,,,,,0,0,1,0,0,0,0,1. kapanma
Bahreyn,2026-03-11,10,0.7,15.74,0.65513,0.65513,0.66,0,0,0.3,0,0.6,0.1,0.66,1. kapanma
Bahreyn,2026-03-12,10,0.3,19.22,2.5671,2.5671,2.57,0,0,0.7,0,0.2,0.1,2.57,1. kapanma
Bahreyn,2026-03-13,10,1,46.34,2.7303,2.7303,2.73,0,0,0,0,0.9,0.1,2.73,1. kapanma
Bahreyn,2026-03-14,10,0.9,62.44,1.4883,1.4883,1.49,0,0,0,0.1,0.8,0.1,2.17,1. kapanma
Bahreyn,2026-03-15,10,0.9,50.07,0,0,0,0,0,0,0.1,0.9,0,3.55,1. kapanma
Bahreyn,2026-03-16,10,0,,,,,0,0,1,0,0,0,0,1. kapanma
Bahreyn,2026-03-17,10,0,,,,,0,0,1,0,0,0,0,1. kapanma
Bahreyn,2026-03-18,10,0.2,39.095,0,0,0,0,0,0.8,0,0.2,0,0,1. kapanma
Bahreyn,2026-03-19,10,0,,,,,0,0,0.8,0.2,0,0,0,1. kapanma
Bahreyn,2026-03-20,10,0,,,,,0,0,0.9,0.1,0,0,0,1. kapanma
Bahreyn,2026-03-21,10,0.9,35.46,3.5744,4.3807,4.38,0,0.1,0,0,0.8,0.1,4.94,1. kapanma
Bahreyn,2026-03-22,10,0,,,,,0,0,1,0,0,0,0,1. kapanma
Bahreyn,2026-03-23,10,0,,,,,0,0,1,0,0,0,2.15,1. kapanma
Bahreyn,2026-03-24,10,0,,,,,0,0,1,0,0,0,0,1. kapanma
Bahreyn,2026-03-25,10,0.9,60.12,0,0,0,0,0,0,0.1,0.9,0,0,1. kapanma
Bahreyn,2026-03-26,10,0.6,43.19,0.64663,0.64663,0.65,0,0,0.4,0,0.5,0.1,0.65,1. kapanma
Bahreyn,2026-03-27,10,1,15.175,3.4876,3.4876,3.49,0,0,0,0,0.7,0.3,3.49,1. kapanma
Bahreyn,2026-03-28,10,1,20.08,3.4394,3.4394,3.44,0,0,0,0,0.7,0.3,3.44,1. kapanma
Bahreyn,2026-03-29,10,0.6,46.64,0,0,0,0,0.1,0.3,0,0.6,0,,1. kapanma
Bahreyn,2026-03-30,10,0,,,,,0,0,0.9,0.1,0,0,0,1. kapanma
Bahreyn,2026-03-31,10,1,49.75,2.2808,5.1243,5.12,0,0,0,0,0.8,0.2,5.12,1. kapanma
Bahreyn,2026-04-01,10,1,25.715,4.2208,4.2208,4.22,0,0,0,0,0.8,0.2,4.22,1. kapanma
Bahreyn,2026-04-02,10,1,8.86,2.7729,2.7729,2.77,0,0,0,0,0.8,0.2,2.77,1. kapanma
Bahreyn,2026-04-03,10,0.5,39.14,1.8157,1.8157,1.82,0,0,0.5,0,0.4,0.1,1.82,1. kapanma
Bahreyn,2026-04-04,10,0,,,,,0,0,0.8,0.2,0,0,0,1. kapanma
Bahreyn,2026-04-05,10,0,,,,,0,0,0.8,0.2,0,0,0,1. kapanma
Bahreyn,2026-04-06,10,1,34.93,0,1.8016,1.8,0,0,0,0,1,0,1.8,1. kapanma
Bahreyn,2026-04-07,10,1,2.955,6.8662,6.8662,6.86,0,0,0,0,0.5,0.5,6.86,1. kapanma
Bahreyn,2026-04-08,10,0.6,30.49,0,0,0,0,0,0.4,0,0.6,0,0,1. kapanma
Bahreyn,2026-04-09,10,1,53.12,2.1155,2.1155,2.12,0,0,0,0,0.9,0.1,2.12,1. kapanma
Bahreyn,2026-04-10,10,0.5,59.91,0,0,0,0,0,0.4,0.1,0.5,0,0,1. kapanma
Bahreyn,2026-04-11,10,0,,,,,0,0,1,0,0,0,0,1. kapanma
Bahreyn,2026-04-12,10,1,14.46,3.9453,3.9453,3.95,0,0,0,0,0.8,0.2,3.95,1. kapanma
Bahreyn,2026-04-13,10,0,,,,,0,0,1,0,0,0,0,1. kapanma
Bahreyn,2026-04-14,10,0.9,47.06,1.7897,2.5724,2.57,0,0,0,0.1,0.7,0.2,2.57,1. kapanma
Bahreyn,2026-04-15,10,0.9,62.92,2.9502,2.9502,2.95,0,0,0,0.1,0.7,0.2,2.95,1. kapanma
Bahreyn,2026-04-16,10,0.4,49.45,0,0,0,0,0.3,0.1,0.2,0.4,0,0,1. kapanma
Bahreyn,2026-04-17,10,1,25.35,5.1663,5.1663,5.17,0,0,0,0,0.7,0.3,5.17,1. kapanma
Bahreyn,2026-04-18,10,1,9.2,5.5954,5.5954,5.6,0,0,0,0,0.7,0.3,5.6,1. kapanma
Bahreyn,2026-04-19,10,0.8,39.56,0,0,0,0,0,0.1,0.1,0.8,0,0,1. kapanma
Bahreyn,2026-04-20,10,0,,,,,0,0,0.8,0.2,0,0,0,1. kapanma
Bahreyn,2026-04-21,10,0.8,55.105,0,0,0,0,0,0.2,0,0.8,0,0,1. kapanma
Bahreyn,2026-04-22,10,0,,,,,0,0,1,0,0,0,0,1. kapanma
Bahreyn,2026-04-23,10,0.4,3.22,2.9842,2.9842,2.98,0,0,0.6,0,0.3,0.1,2.98,1. kapanma
Bahreyn,2026-04-24,10,0,,,,,0,0,1,0,0,0,0,1. kapanma
Bahreyn,2026-04-25,10,0.1,52.89,0,0,0,0,0,0.8,0.1,0.1,0,0,1. kapanma
Bahreyn,2026-04-26,10,0.9,59.88,9.2133,9.2133,9.21,0,0,0,0.1,0.7,0.2,9.21,1. kapanma
Bahreyn,2026-04-27,10,0.4,42.82,0,0,0,0,0,0.6,0,0.4,0,0,1. kapanma
Bahreyn,2026-04-28,10,0.2,14.685,0,0,0,0,0,0.8,0,0.2,0,0,1. kapanma
Bahreyn,2026-04-29,10,1,20.48,2.591,2.591,2.59,0,0,0,0,0.9,0.1,2.59,1. kapanma
Bahreyn,2026-04-30,10,1,46.85,1.697,1.697,1.7,0,0,0,0,0.9,0.1,1.7,1. kapanma
Bahreyn,2026-05-01,10,1,62.82,0,0,3.77,0,0,0,0,1,0,3.77,1. kapanma
Bahreyn,2026-05-02,10,0.9,49.56,3.262,3.262,3.26,0,0,0,0.1,0.8,0.1,3.26,1. kapanma
Bahreyn,2026-05-03,10,1,25.54,4.0725,4.0725,4.07,0,0,0,0,0.8,0.2,4.07,1. kapanma
Bahreyn,2026-05-04,10,1,9.045,6.5047,6.5047,6.51,0,0,0,0,0.7,0.3,6.51,1. kapanma
Bahreyn,2026-05-05,10,1,39.4,2.3291,2.3291,2.33,0,0,0,0,0.9,0.1,2.33,1. kapanma
Bahreyn,2026-05-06,10,0.9,58.26,0,0,0,0,0.1,0,0,0.9,0,0,1. kapanma
Bahreyn,2026-05-07,10,1,55.17,1.9286,1.9286,1.93,0,0,0,0,0.9,0.1,1.93,1. kapanma
Bahreyn,2026-05-08,10,0.9,34.95,0,0,0,0,0.1,0,0,0.9,0,0,1. kapanma
Bahreyn,2026-05-09,10,1,3.03,4.8908,4.8908,4.89,0,0,0,0,0.8,0.2,4.89,1. kapanma
Bahreyn,2026-05-10,10,1,30.63,0,0,0,0,0,0,0,1,0,0,1. kapanma
Bahreyn,2026-05-11,10,1,53.035,0,0,0,0,0,0,0,1,0,0,1. kapanma
Bahreyn,2026-05-12,10,1,59.995,0,0,0,0,0,0,0,1,0,0,1. kapanma
Bahreyn,2026-05-13,10,1,42.93,0,0,0,0,0,0,0,1,0,0,1. kapanma
Bahreyn,2026-05-14,10,1,14.78,0,0,0,0,0,0,0,1,0,0,1. kapanma
Bahreyn,2026-05-15,10,1,20.4,3.7329,3.7329,3.73,0,0,0,0,0.9,0.1,3.73,1. kapanma
Bahreyn,2026-05-16,10,1,46.8,0,0,0,0,0,0,0,1,0,0,1. kapanma
Bahreyn,2026-05-17,10,1,62.77,0,0,0,0,0,0,0,1,0,0,1. kapanma
Bahreyn,2026-05-18,10,0.8,49.59,0,0,0,0,0.2,0,0,0.8,0,0,1. kapanma
Bahreyn,2026-05-19,10,1,25.545,0,0,0,0,0,0,0,1,0,0,1. kapanma
Bahreyn,2026-05-20,10,1,8.995,0,0,0,0,0,0,0,1,0,0,1. kapanma
Bahreyn,2026-05-21,10,1,39.43,1.1398,1.1398,1.14,0,0,0,0,0.9,0.1,1.14,1. kapanma
Bahreyn,2026-05-22,10,0.9,58.26,0,0,0,0,0,0,0.1,0.9,0,0,1. kapanma
Bahreyn,2026-05-23,10,0.9,55.19,0,0,0,0,0.1,0,0,0.9,0,0,1. kapanma
Bahreyn,2026-05-24,10,0.9,34.95,0,0,0,0,0.1,0,0,0.9,0,0,1. kapanma
Bahreyn,2026-05-25,10,1,3.005,0,0,0,0,0,0,0,1,0,0,1. kapanma
Bahreyn,2026-05-26,10,1,30.63,1.8027,1.8027,1.8,0,0,0,0,0.9,0.1,1.8,1. kapanma
Bahreyn,2026-05-27,10,1,53.05,2.832,2.832,2.83,0,0,0,0,0.9,0.1,2.83,1. kapanma
Bahreyn,2026-05-28,10,0.9,59.94,0,0,0,0,0,0,0.1,0.9,0,0,1. kapanma
Bahreyn,2026-05-29,10,1,42.94,0,0,0,0,0,0,0,1,0,0,1. kapanma
Bahreyn,2026-05-30,10,1,14.78,0,0,0,0,0,0,0,1,0,0,1. kapanma
Bahreyn,2026-05-31,10,1,20.45,1.0062,1.0062,1.01,0,0,0,0,0.9,0.1,1.01,1. kapanma
Bahreyn,2026-06-01,10,1,46.87,0,0,0,0,0,0,0,1,0,0,1. kapanma
Bahreyn,2026-06-02,10,1,62.755,1.7646,1.7646,1.76,0,0,0,0,0.9,0.1,1.76,1. kapanma
Bahreyn,2026-06-03,10,1,49.61,0,0,0,0,0,0,0,1,0,0,1. kapanma
Bahreyn,2026-06-04,10,1,25.56,0,0,0,0,0,0,0,1,0,0,1. kapanma
Bahreyn,2026-06-05,10,1,9.055,1.9348,1.9348,1.93,0,0,0,0,0.9,0.1,1.93,1. kapanma
Bahreyn,2026-06-06,10,1,39.505,0,0,0,0,0,0,0,1,0,0,1. kapanma
Bahreyn,2026-06-07,10,1,58.34,3.2542,6.5619,6.56,0,0,0,0,0.9,0.1,6.56,1. kapanma
Bahreyn,2026-06-08,10,1,55.21,4.5619,4.5619,4.56,0,0,0,0,0.9,0.1,4.56,1. kapanma
Bahreyn,2026-06-09,10,0.9,34.95,4.3719,4.3719,4.37,0,0.1,0,0,0.8,0.1,4.37,1. kapanma
Bahreyn,2026-06-10,10,1,2.97,5.2883,5.2883,5.29,0,0,0,0,0.9,0.1,5.29,1. kapanma
Bahreyn,2026-06-11,10,1,30.75,0,0,0,0,0,0,0,1,0,0,1. kapanma
Bahreyn,2026-06-12,10,1,53.14,0,0,0,0,0,0,0,1,0,0,1. kapanma
Bahreyn,2026-06-13,10,1,59.955,3.9401,3.9401,3.94,0,0,0,0,0.9,0.1,3.94,1. kapanma
Bahreyn,2026-06-14,10,1,42.86,3.6747,3.6747,3.67,0,0,0,0,0.9,0.1,3.67,geçiş
Bahreyn,2026-06-15,10,1,14.645,1.5635,1.5635,1.56,0,0,0,0,0.9,0.1,1.56,geçiş
Bahreyn,2026-06-16,10,1,20.585,1.5714,1.5714,1.57,0,0,0,0,0.9,0.1,1.57,geçiş
Bahreyn,2026-06-17,10,1,46.97,3.2347,3.2347,3.23,0,0,0,0,0.9,0.1,3.23,geçiş
Bahreyn,2026-06-18,10,1,62.855,0,0,2.65,0,0,0,0,1,0,2.65,Açılış
Bahreyn,2026-06-19,10,1,49.55,0,0,0,0,0,0,0,1,0,0,Açılış
Bahreyn,2026-06-20,10,1,25.4,1.7784,1.7784,1.78,0,0,0,0,0.9,0.1,1.78,Açılış
Bahreyn,2026-06-21,10,1,9.23,3.1001,3.1001,3.1,0,0,0,0,0.9,0.1,3.1,Açılış
Bahreyn,2026-06-22,10,1,39.64,0,0,0,0,0,0,0,1,0,0,Açılış
Bahreyn,2026-06-23,10,0.9,58.46,1.7903,3.7122,3.72,0,0,0,0.1,0.8,0.1,3.72,Açılış
Bahreyn,2026-06-24,10,0.9,55.15,0,0,0,0,0,0,0.1,0.9,0,0,Açılış
Bahreyn,2026-06-25,10,0.8,34.92,4.4658,4.4658,4.47,0,0.2,0,0,0.7,0.1,4.47,Açılış
Bahreyn,2026-06-26,10,1,2.9,0,0,0,0,0,0,0,1,0,0,Açılış
Bahreyn,2026-06-27,10,1,30.78,5.7983,5.7983,5.8,0,0,0,0,0.9,0.1,5.8,Açılış
Bahreyn,2026-06-28,10,1,53.15,2.3836,2.3836,2.38,0,0,0,0,0.9,0.1,2.38,Açılış
Bahreyn,2026-06-29,10,1,60.01,5.973,5.973,5.97,0,0,0,0,0.9,0.1,5.97,Açılış
Bahreyn,2026-06-30,10,1,42.975,3.0259,3.0259,3.03,0,0,0,0,0.9,0.1,3.03,Açılış
Bahreyn,2026-07-01,10,1,14.835,12.111,12.111,12.1,0,0,0,0,0.8,0.2,12.1,Açılış
Bahreyn,2026-07-02,10,1,20.42,12.026,12.026,12.03,0,0,0,0,0.7,0.3,12.03,Açılış
Bahreyn,2026-07-03,10,1,46.83,8.0525,8.0525,8.05,0,0,0,0,0.8,0.2,8.05,Açılış
Bahreyn,2026-07-04,10,1,62.735,4.5001,6.1138,6.11,0,0,0,0,0.9,0.1,6.11,Açılış
Bahreyn,2026-07-05,10,0.9,49.74,0,0,0,0,0,0,0.1,0.9,0,0,Açılış
Bahreyn,2026-07-06,10,1,25.77,0,0,0,0,0,0,0,1,0,0,Açılış
Bahreyn,2026-07-07,10,1,8.78,1.4521,1.4521,1.45,0,0,0,0,0.9,0.1,1.45,Açılış
Bahreyn,2026-07-08,10,1,39.31,0,0,0,0,0,0,0,1,0,0,Açılış
Bahreyn,2026-07-09,10,1,58.205,3.4824,3.4824,3.48,0,0,0,0,0.9,0.1,3.48,Açılış
Bahreyn,2026-07-10,10,1,55.405,3.0212,3.0212,3.02,0,0,0,0,0.8,0.2,3.02,Açılış
Bahreyn,2026-07-11,10,0.9,35.26,4.4629,4.4629,4.46,0,0.1,0,0,0.7,0.2,4.46,geçiş
Bahreyn,2026-07-12,10,1,3.455,6.6027,6.6027,6.6,0,0,0,0,0.7,0.3,6.6,geçiş
Bahreyn,2026-07-13,10,1,30.34,3.6404,3.6404,3.64,0,0,0,0,0.9,0.1,3.64,2. kapanma
Bahreyn,2026-07-14,10,1,52.855,3.0461,3.0461,3.05,0,0,0,0,0.8,0.2,3.05,2. kapanma
Bahreyn,2026-07-15,10,1,60.2,13.166,23.88,20.68,0,0,0,0,0.9,0.1,20.68,2. kapanma
Bahreyn,2026-07-16,10,1,43.31,18.699,18.699,18.7,0,0,0,0,0.9,0.1,18.7,2. kapanma
Bahreyn,2026-07-17,10,1,15.335,9.9574,9.9574,9.96,0,0,0,0,0.9,0.1,9.96,2. kapanma
Bahreyn,2026-07-18,10,1,19.87,12.17,12.17,12.17,0,0,0,0,0.9,0.1,12.17,2. kapanma
Bahreyn,2026-07-19,10,1,46.5,0,0,0,0,0,0,0,1,0,0,2. kapanma
Bahreyn,2026-07-20,10,1,62.545,0,0,0,0,0,0,0,1,0,0,2. kapanma
Bahreyn,2026-07-21,10,0.9,50.02,0,0,0,0,0.1,0,0,0.9,0,0,2. kapanma
Bahreyn,2026-07-22,10,1,26.24,0,0,0,0,0,0,0,1,0,0,2. kapanma
Bahreyn,2026-07-23,10,1,8.24,2.3411,2.3411,2.34,0,0,0,0,0.9,0.1,2.34,2. kapanma
Bahreyn,2026-07-24,10,1,38.9,0,0,0,0,0,0,0,1,0,0,2. kapanma
Bahreyn,2026-07-25,10,1,57.96,2.0267,2.0267,2.03,0,0,0,0,0.9,0.1,2.03,2. kapanma
Bahreyn,2026-07-26,10,1,55.6,0,0,0,0,0,0,0,1,0,0,2. kapanma
Bahreyn,2026-07-27,10,0.3,35.84,0,0,0,0,0.2,0.5,0,0.3,0,0,2. kapanma
Bahreyn,2026-07-28,10,1,3.96,2.4668,2.4668,2.46,0,0,0,0,0.8,0.2,2.46,2. kapanma
Bahreyn,2026-07-29,10,0.3,29.91,0,0,0,0,0,0.7,0,0.3,0,0,2. kapanma
Bahreyn,2026-07-30,10,0.6,52.6,0,0,0,0,0.2,0.1,0.1,0.6,0,0,2. kapanma
Bahreyn,2026-07-31,10,1,60.33,0,0,0,0,0,0,0,1,0,0,2. kapanma
Bahreyn,2026-08-01,10,0.8,43.57,1.3071,1.3071,1.31,0,0,0,0.2,0.7,0.1,1.31,2. kapanma
Bahreyn,2026-08-02,10,1,15.81,0,0,0,0,0,0,0,1,0,0,2. kapanma
Bahreyn,2026-08-03,10,1,19.41,0,0,0,0,0,0,0,1,0,0,2. kapanma
Bahreyn,2026-08-04,10,1,46.2,0,0,0,0,0,0,0,1,0,0,2. kapanma
Bahreyn,2026-08-05,10,1,62.34,0,0,0,0,0,0,0,1,0,0,2. kapanma
Bahreyn,2026-08-06,10,1,50.22,0,0,0,0,0,0,0,1,0,0,2. kapanma
Bahreyn,2026-08-07,10,1,26.585,0,0,0,0,0,0,0,1,0,0,2. kapanma
Bahreyn,2026-08-08,10,1,7.735,0,0,0,0,0,0,0,1,0,0,2. kapanma
Bahreyn,2026-08-09,10,1,38.56,0,0,0,0,0,0,0,1,0,0,2. kapanma
Bahreyn,2026-08-10,10,0.9,57.75,0,0,0,0,0,0,0.1,0.9,0,0,2. kapanma
Bahreyn,2026-08-11,10,1,55.77,0,0,0,0,0,0,0,1,0,0,2. kapanma
Bahreyn,2026-08-12,10,0.9,35.9,1.9486,1.9486,1.95,0,0.1,0,0,0.8,0.1,1.95,2. kapanma
Bahreyn,2026-08-13,10,1,4.4,3.8868,3.8868,3.88,0,0,0,0,0.8,0.2,3.88,2. kapanma
Bahreyn,2026-08-14,10,1,29.5,1.433,1.433,1.43,0,0,0,0,0.9,0.1,1.43,2. kapanma
Bahreyn,2026-08-15,10,0.9,52.34,0,0,0,0,0.1,0,0,0.9,0,0,2. kapanma
Bahreyn,2026-08-16,10,0.8,60.46,0,0,0,0,0,0,0.2,0.8,0,0,2. kapanma
Bahreyn,2026-08-17,10,1,43.8,0,0,0,0,0,0,0,1,0,0,2. kapanma
Bahreyn,2026-08-18,10,1,16.19,0,0,0,0,0,0,0,1,0,0,2. kapanma
Bahreyn,2026-08-19,10,1,18.975,0,0,0,0,0,0,0,1,0,0,2. kapanma
Bahreyn,2026-08-20,10,1,45.92,1.0815,1.0815,1.08,0,0,0,0,0.9,0.1,1.08,2. kapanma
Bahreyn,2026-08-21,10,0.9,62.16,0,0,0,0,0,0,0.1,0.9,0,0,2. kapanma
Bahreyn,2026-08-22,10,0.8,50.455,0,0,0,0,0.2,0,0,0.8,0,0,2. kapanma
Bahreyn,2026-08-23,10,1,26.91,0,0,0,0,0,0,0,1,0,0,2. kapanma
Bahreyn,2026-08-24,10,1,7.33,1.9963,1.9963,2,0,0,0,0,0.9,0.1,2,2. kapanma
Bahreyn,2026-08-25,10,1,38.25,0,0,0,0,0,0,0,1,0,0,2. kapanma
Bahreyn,2026-08-26,10,1,57.56,0,0,0,0,0,0,0,1,0,0,2. kapanma
Bahreyn,2026-08-27,10,1,55.91,0,0,0,0,0,0,0,1,0,0,2. kapanma
Bahreyn,2026-08-28,10,0,,,,,0,1,0,0,0,0,,2. kapanma
Bahreyn,2026-08-29,10,1,4.835,0.76429,0.76429,0.76,0,0,0,0,0.9,0.1,0.76,2. kapanma
Bahreyn,2026-08-30,10,1,29.17,0,0,0,0,0,0,0,1,0,0,2. kapanma
Bahreyn,2026-08-31,10,0.7,52.16,0,0,0,0,0.3,0,0,0.7,0,0,2. kapanma
Bahreyn,2026-09-01,10,1,60.575,1.4071,1.4071,1.41,0,0,0,0,0.9,0.1,1.41,2. kapanma
Bahreyn,2026-09-02,10,1,44.03,2.2396,2.2396,2.24,0,0,0,0,0.9,0.1,2.24,2. kapanma
Bahreyn,2026-09-03,10,1,16.525,3.2048,3.2048,3.2,0,0,0,0,0.8,0.2,3.2,2. kapanma
Bahreyn,2026-09-04,10,1,18.625,3.4586,3.4586,3.45,0,0,0,0,0.8,0.2,3.45,2. kapanma
Bahreyn,2026-09-05,10,1,45.71,3.8568,3.8568,3.86,0,0,0,0,0.8,0.2,3.86,2. kapanma
Bahreyn,2026-09-06,10,1,62.015,1.5982,3.2778,3.28,0,0,0,0,0.9,0.1,3.28,2. kapanma
Bahreyn,2026-09-07,10,0.8,50.54,9.875,9.875,9.87,0,0.2,0,0,0.7,0.1,9.87,2. kapanma
Bahreyn,2026-09-08,10,1,27.21,1.1579,1.1579,1.16,0,0,0,0,0.9,0.1,1.16,2. kapanma
Bahreyn,2026-09-09,10,1,7.035,2.3262,2.3262,2.32,0,0,0,0,0.8,0.2,2.32,2. kapanma
Bahreyn,2026-09-10,10,1,38.04,1.1479,1.1479,1.15,0,0,0,0,0.9,0.1,1.15,2. kapanma
Bahreyn,2026-09-11,10,1,57.49,0,0,0,0,0,0,0,1,0,0,2. kapanma
Bahreyn,2026-09-12,10,1,56.035,2.6539,3.4303,3.43,0,0,0,0,0.8,0.2,3.43,2. kapanma
Bahreyn,2026-09-13,10,1,36.4,5.5743,5.5743,5.58,0,0,0,0,0.8,0.2,5.58,2. kapanma
Bahreyn,2026-09-14,10,1,5.075,7.0491,7.0491,7.06,0,0,0,0,0.7,0.3,7.06,2. kapanma
Bahreyn,2026-09-15,10,1,28.95,2.1689,2.1689,2.17,0,0,0,0,0.9,0.1,2.17,2. kapanma
Bahreyn,2026-09-16,10,0.7,52.02,0,0,0,0,0,0,0.3,0.7,0,0,2. kapanma
Bahreyn,2026-09-17,10,1,60.68,1.3331,1.3331,1.33,0,0,0,0,0.9,0.1,1.33,2. kapanma
Bahreyn,2026-09-18,10,1,44.2,0,0,0,0,0,0,0,1,0,0,2. kapanma
Bahreyn,2026-09-19,10,1,16.8,3.3247,3.3247,3.33,0,0,0,0,0.8,0.2,3.33,2. kapanma
Bahreyn,2026-09-20,10,1,18.425,2.9416,2.9416,2.94,0,0,0,0,0.8,0.2,2.94,2. kapanma
Bahreyn,2026-09-21,10,1,45.59,0,0,0,0,0,0,0,1,0,0,2. kapanma
Bahreyn,2026-09-22,10,1,61.99,0,0,0,0,0,0,0,1,0,0,2. kapanma
Bahreyn,2026-09-23,10,0.9,50.68,0,0,0,0,0.1,0,0,0.9,0,0,geçiş
Bahreyn,2026-09-24,10,1,27.4,0,0,0,0,0,0,0,1,0,0,geçiş
Batı İran (çoğu Huzistan),2024-09-01,493,0.97769,36.77,1173.3,1229.5,1229.5,0,0.014199,0,0.0081136,0.6714,0.30629,1283.2,Savaş öncesi
Batı İran (çoğu Huzistan),2024-09-02,493,1,10.96,950.1,950.1,950.1,0,0,0,0,0.643,0.357,950.1,Savaş öncesi
Batı İran (çoğu Huzistan),2024-09-03,493,0.98986,25.045,975.42,991.88,991.88,0,0.0081136,0,0.0020284,0.66734,0.32252,1032,Savaş öncesi
Batı İran (çoğu Huzistan),2024-09-04,493,0.95943,48.92,920.16,979.97,1188.7,0,0.022312,0,0.018256,0.66329,0.29615,1243.5,Savaş öncesi
Batı İran (çoğu Huzistan),2024-09-05,493,0.9858,59.855,1199.5,1408.4,1897.8,0,0.0040568,0,0.010142,0.66734,0.31846,1924,Savaş öncesi
Batı İran (çoğu Huzistan),2024-09-06,493,0.93712,43.645,1181.5,1277.6,1277.6,0,0.046653,0,0.016227,0.59838,0.33874,1317.8,Savaş öncesi
Batı İran (çoğu Huzistan),2024-09-07,493,1,18.24,1033.5,1033.5,1033.5,0,0,0,0,0.62272,0.37728,1033.5,Savaş öncesi
Batı İran (çoğu Huzistan),2024-09-08,493,0.99391,15.205,1057.4,1059.2,1059.1,0,0.0060852,0,0,0.59838,0.39554,1059.1,Savaş öncesi
Batı İran (çoğu Huzistan),2024-09-09,493,0.9716,42.38,1051.7,1187.6,1237.1,0,0.022312,0,0.0060852,0.64909,0.32252,1286.2,Savaş öncesi
Batı İran (çoğu Huzistan),2024-09-10,493,0.97566,58.42,1371.1,1676.7,2116.6,0,0.0020284,0,0.022312,0.63692,0.33874,2174.6,Savaş öncesi
Batı İran (çoğu Huzistan),2024-09-11,493,0.95132,49.98,1322.5,1512.2,1677.6,0,0.026369,0,0.022312,0.62475,0.32657,1788.5,Savaş öncesi
Batı İran (çoğu Huzistan),2024-09-12,493,0.98174,27.79,1097,1145.4,1145.4,0,0.014199,0.0040568,0,0.63895,0.3428,1168.9,Savaş öncesi
Batı İran (çoğu Huzistan),2024-09-13,493,0.98986,6.655,986.07,986.07,986.22,0,0.0060852,0.0040568,0,0.62069,0.36917,987.89,Savaş öncesi
Batı İran (çoğu Huzistan),2024-09-14,493,0.9716,34.64,1111.4,1205.2,1251.6,0,0.024341,0.0020284,0.0020284,0.64503,0.32657,1284.4,Savaş öncesi
Batı İran (çoğu Huzistan),2024-09-15,493,0.92495,54.73,1010.9,1175.2,1422,0,0.030426,0.0040568,0.040568,0.60446,0.32049,1489.3,Savaş öncesi
Batı İran (çoğu Huzistan),2024-09-16,493,0.96957,55.695,1159.4,1488.2,1660.5,0,0.0060852,0,0.024341,0.65314,0.31643,1685.8,Savaş öncesi
Batı İran (çoğu Huzistan),2024-09-17,493,0.95943,37.32,956.53,972.84,972.87,0,0.03854,0,0.0020284,0.6288,0.33063,1015.4,Savaş öncesi
Batı İran (çoğu Huzistan),2024-09-18,493,0.98986,10.66,903.98,903.98,903.95,0,0,0.010142,0,0.60243,0.38742,903.95,Savaş öncesi
Batı İran (çoğu Huzistan),2024-09-19,493,0.97972,24.92,1016.2,1029,1029,0,0.014199,0.0020284,0.0040568,0.62677,0.35294,1045.6,Savaş öncesi
Batı İran (çoğu Huzistan),2024-09-20,493,0.96755,48.72,1162.9,1261.5,1412.6,0,0.01217,0.0020284,0.018256,0.64909,0.31846,1476.1,Savaş öncesi
Batı İran (çoğu Huzistan),2024-09-21,493,0.97972,59.84,1153.8,1505.4,1807.4,0,0.0040568,0.0060852,0.010142,0.6288,0.35091,1813.6,Savaş öncesi
Batı İran (çoğu Huzistan),2024-09-22,493,0.95132,43.96,1131,1269.8,1269.9,0,0.032454,0.0020284,0.014199,0.62475,0.32657,1313.5,Savaş öncesi
Batı İran (çoğu Huzistan),2024-09-23,493,0.99797,18.61,1106.4,1106.4,1106.4,0,0,0.0020284,0,0.62475,0.37323,1106.4,Savaş öncesi
Batı İran (çoğu Huzistan),2024-09-24,493,1,14.8,1115.2,1116.5,1116.5,0,0,0,0,0.62272,0.37728,1116.5,Savaş öncesi
Batı İran (çoğu Huzistan),2024-09-25,493,0.95538,41.86,1043,1142.7,1281.9,0,0.024341,0,0.020284,0.62272,0.33266,1326.2,Savaş öncesi
Batı İran (çoğu Huzistan),2024-09-26,493,0.96755,58.16,1297.7,1518.4,1903.5,0,0,0,0.032454,0.63692,0.33063,1924.9,Savaş öncesi
Batı İran (çoğu Huzistan),2024-09-27,493,0.93712,50.435,1176.2,1328.8,1443.2,0,0.030426,0.014199,0.018256,0.58824,0.34888,1503.8,Savaş öncesi
Batı İran (çoğu Huzistan),2024-09-28,493,0.9716,28.06,873.7,903.61,903.63,0,0.018256,0.0040568,0.0060852,0.66126,0.31034,920.38,Savaş öncesi
Batı İran (çoğu Huzistan),2024-09-29,493,1,7.13,878.21,878.21,878.23,0,0,0,0,0.66329,0.33671,878.23,Savaş öncesi
Batı İran (çoğu Huzistan),2024-09-30,493,0.95538,33.57,701.57,781.34,793.69,0,0.022312,0.01217,0.010142,0.67343,0.28195,803.5,Savaş öncesi
Batı İran (çoğu Huzistan),2024-10-01,493,0.90264,54.39,841.61,977.57,1255,0,0.036511,0.018256,0.042596,0.68763,0.21501,1336.6,Savaş öncesi
Batı İran (çoğu Huzistan),2024-10-02,493,0.9574,56.01,995.28,1168.5,1385.3,0,0.016227,0,0.026369,0.62677,0.33063,1399.6,Savaş öncesi
Batı İran (çoğu Huzistan),2024-10-03,493,0.9858,37.11,1048,1099.9,1100,0,0.01217,0,0.0020284,0.63489,0.35091,1122.4,Savaş öncesi
Batı İran (çoğu Huzistan),2024-10-04,493,0.99797,11.115,865.78,865.78,865.85,0,0.0020284,0,0,0.59838,0.39959,865.85,Savaş öncesi
Batı İran (çoğu Huzistan),2024-10-05,493,0.9858,24.49,919.22,937.7,937.74,0,0.01217,0,0.0020284,0.63083,0.35497,963.14,Savaş öncesi
Batı İran (çoğu Huzistan),2024-10-06,493,0.9574,48.35,969.52,1142.3,1398.4,0,0.022312,0,0.020284,0.6146,0.3428,1470.4,Savaş öncesi
Batı İran (çoğu Huzistan),2024-10-07,493,0.9858,59.74,1122.7,1368.1,1726.9,0,0.0020284,0,0.01217,0.65112,0.33469,1731.4,Savaş öncesi
Batı İran (çoğu Huzistan),2024-10-08,493,0.93103,43.98,910.52,975.89,975.81,0,0.046653,0,0.022312,0.6146,0.31643,1031.5,Savaş öncesi
Batı İran (çoğu Huzistan),2024-10-09,493,1,18.97,836.89,836.89,836.95,0,0,0,0,0.62272,0.37728,836.95,Savaş öncesi
Batı İran (çoğu Huzistan),2024-10-10,493,0.99189,14.42,818.28,818.28,818.27,0,0.0081136,0,0,0.61055,0.38134,822.39,Savaş öncesi
Batı İran (çoğu Huzistan),2024-10-11,493,0.94929,41.805,980.76,1239.8,1296,0,0.028398,0.0020284,0.020284,0.64097,0.30832,1353.8,Savaş öncesi
Batı İran (çoğu Huzistan),2024-10-12,493,0.97566,58.1,1158.5,1503.5,1778.9,0,0.0040568,0,0.020284,0.63489,0.34077,1802.9,Savaş öncesi
Batı İran (çoğu Huzistan),2024-10-13,493,0.93103,50.56,1096.9,1201.5,1347.5,0,0.040568,0.0040568,0.024341,0.57809,0.35294,1396.7,Savaş öncesi
Batı İran (çoğu Huzistan),2024-10-14,493,0.96957,28.5,1131.5,1162.6,1162.7,0,0.020284,0.0081136,0.0020284,0.61258,0.357,1172.8,Savaş öncesi
Batı İran (çoğu Huzistan),2024-10-15,493,0.99189,7.05,818.48,818.48,818.47,0,0.0081136,0,0,0.59838,0.39351,818.47,Savaş öncesi
Batı İran (çoğu Huzistan),2024-10-16,493,0.9716,33.76,1094.3,1171.1,41.98,0,0.018256,0,0.010142,0.61055,0.36105,41.98,Savaş öncesi
Batı İran (çoğu Huzistan),2024-10-17,493,0.93306,54.6,1060.9,1212.5,1577.5,0,0.028398,0.0060852,0.032454,0.62475,0.30832,1651.9,Savaş öncesi
Batı İran (çoğu Huzistan),2024-10-18,493,0.93915,56.7,845.67,986.21,1235.2,0,0.018256,0.01217,0.030426,0.63692,0.30223,1367.5,Savaş öncesi
Batı İran (çoğu Huzistan),2024-10-19,493,0.97363,37.055,839.73,882.73,882.7,0,0.0081136,0.0081136,0.010142,0.63286,0.34077,900.63,Savaş öncesi
Batı İran (çoğu Huzistan),2024-10-20,493,0.99391,11.025,986.24,986.24,986.24,0,0.0020284,0.0040568,0,0.59229,0.40162,986.24,Savaş öncesi
Batı İran (çoğu Huzistan),2024-10-21,493,0.9574,25.48,893.79,981.58,981.56,0,0.010142,0.032454,0,0.63489,0.32252,1009.3,Savaş öncesi
Batı İran (çoğu Huzistan),2024-10-22,493,0.91886,48.74,584.66,717.1,794.13,0,0.016227,0.048682,0.016227,0.75456,0.1643,834.94,Savaş öncesi
Batı İran (çoğu Huzistan),2024-10-23,493,0.90669,59.82,931.23,1290.4,1622.1,0,0.0060852,0.03854,0.048682,0.61866,0.28803,1653,Savaş öncesi
Batı İran (çoğu Huzistan),2024-10-24,493,0.92089,44.105,1105,1123.3,1123.3,0,0.05071,0.014199,0.014199,0.60243,0.31846,1165.4,Savaş öncesi
Batı İran (çoğu Huzistan),2024-10-25,493,0.4645,22.6,155.38,155.38,155.35,0,0,0.5355,0,0.34077,0.12373,163.04,Savaş öncesi
Batı İran (çoğu Huzistan),2024-10-26,493,0.80933,11.88,409.17,409.17,409.14,0,0.0020284,0.18864,0,0.55578,0.25355,444.31,Savaş öncesi
Batı İran (çoğu Huzistan),2024-10-27,493,0.96552,41.9,1144.9,1303.1,1412.8,0,0.026369,0,0.0081136,0.59635,0.36917,1440.8,Savaş öncesi
Batı İran (çoğu Huzistan),2024-10-28,493,0.9716,58.18,1391.9,1766.8,2038.2,0,0.0040568,0,0.024341,0.58215,0.38945,2061.2,Savaş öncesi
Batı İran (çoğu Huzistan),2024-10-29,493,0.95132,50.31,1067.8,1203.1,1286,0,0.024341,0,0.024341,0.59635,0.35497,1345.7,Savaş öncesi
Batı İran (çoğu Huzistan),2024-10-30,493,0.32657,23.19,115.27,121.2,121.23,0,0.0081136,0.66531,0,0.23529,0.091278,133.79,Savaş öncesi
Batı İran (çoğu Huzistan),2024-10-31,493,0.76673,6.015,397.56,397.56,397.52,0,0.0040568,0.22921,0,0.49493,0.27181,436.18,Savaş öncesi
Batı İran (çoğu Huzistan),2024-11-01,493,0.83976,33.85,977.59,1041.5,1045.6,0,0.024341,0.12779,0.0081136,0.52941,0.31034,1111.1,Savaş öncesi
Batı İran (çoğu Huzistan),2024-11-02,493,0.77282,52.99,905.12,973.28,1140.5,0,0.026369,0.14402,0.056795,0.49696,0.27586,1254.1,Savaş öncesi
Batı İran (çoğu Huzistan),2024-11-03,493,0.72617,59,378.19,433.31,543.02,0,0.024341,0.1785,0.070994,0.57201,0.15416,656.77,Savaş öncesi
Batı İran (çoğu Huzistan),2024-11-04,493,0.82961,39.88,571.02,573.11,573.09,0,0.024341,0.13185,0.014199,0.60243,0.22718,590.66,Savaş öncesi
Batı İran (çoğu Huzistan),2024-11-05,493,1,11.87,765.48,765.48,765.4,0,0,0,0,0.61866,0.38134,765.4,Savaş öncesi
Batı İran (çoğu Huzistan),2024-11-06,493,0.96146,23.48,799.57,803.23,806.1,0,0.014199,0.022312,0.0020284,0.59635,0.36511,812.22,Savaş öncesi
Batı İran (çoğu Huzistan),2024-11-07,493,0.88641,46.92,796.88,952.65,1134.1,0,0.026369,0.056795,0.030426,0.58418,0.30223,1198,Savaş öncesi
Batı İran (çoğu Huzistan),2024-11-08,493,0.91075,59.97,616.68,719.83,983.55,0,0.01217,0.032454,0.044625,0.6288,0.28195,1033.8,Savaş öncesi
Batı İran (çoğu Huzistan),2024-11-09,493,0,,,,,1,0,0,0,0,0,1102.7,Savaş öncesi
Batı İran (çoğu Huzistan),2024-11-10,493,0.92698,21.66,712.94,712.94,0,0,0.0020284,0.070994,0,0.55375,0.37323,0,Savaş öncesi
Batı İran (çoğu Huzistan),2024-11-11,493,0.89249,11.105,761.36,761.36,761.33,0,0.0020284,0.10548,0,0.55375,0.33874,768,Savaş öncesi
Batı İran (çoğu Huzistan),2024-11-12,493,0.88032,39.875,730.13,778.04,848.92,0,0.028398,0.077079,0.014199,0.57606,0.30426,907.68,Savaş öncesi
Batı İran (çoğu Huzistan),2024-11-13,493,0.94726,57.5,1215.5,1404.7,1559.2,0,0.0060852,0.024341,0.022312,0.5497,0.39757,1581.2,Savaş öncesi
Batı İran (çoğu Huzistan),2024-11-14,493,0.9432,51.84,952.18,1089.1,1205.8,0,0.028398,0,0.028398,0.58012,0.36308,1275.1,Savaş öncesi
Batı İran (çoğu Huzistan),2024-11-15,493,0.9858,30.06,867,891.78,891.72,0,0.010142,0,0.0040568,0.58012,0.40568,893.42,Savaş öncesi
Batı İran (çoğu Huzistan),2024-11-16,493,0.93712,7.58,665.19,665.19,665.21,0,0.0020284,0.060852,0,0.57809,0.35903,665.89,Savaş öncesi
Batı İran (çoğu Huzistan),2024-11-17,493,0.68966,29.79,259.06,273.37,338.88,0,0.030426,0.25355,0.026369,0.51927,0.17039,348.64,Savaş öncesi
Batı İran (çoğu Huzistan),2024-11-18,493,0.72819,54.16,404.17,495.46,703.35,0,0.034483,0.15822,0.079108,0.58824,0.13996,756.24,Savaş öncesi
Batı İran (çoğu Huzistan),2024-11-19,493,0.76471,56.15,499.97,660.96,918.18,0,0.022312,0.14807,0.064909,0.58012,0.18458,948.54,Savaş öncesi
Batı İran (çoğu Huzistan),2024-11-20,493,0.54564,40.54,148.18,153.66,153.68,0,0.018256,0.41176,0.024341,0.46045,0.085193,153.68,Savaş öncesi
Batı İran (çoğu Huzistan),2024-11-21,493,0.92495,11.245,755.42,755.42,755.29,0,0.0020284,0.073022,0,0.65314,0.27181,758.78,Savaş öncesi
Batı İran (çoğu Huzistan),2024-11-22,493,0.89655,21.06,712.04,736.61,736.64,0,0.024341,0.079108,0,0.53347,0.36308,750.15,Savaş öncesi
Batı İran (çoğu Huzistan),2024-11-23,493,0.9574,47.34,992.2,1073.9,1465.1,0,0.028398,0,0.014199,0.62475,0.33266,1504.3,Savaş öncesi
Batı İran (çoğu Huzistan),2024-11-24,493,0.42191,59.7,134.45,161.84,188.74,0,0.0040568,0.39148,0.18256,0.37728,0.044625,201.01,Savaş öncesi
Batı İran (çoğu Huzistan),2024-11-25,493,0.70588,45.14,461.9,493.16,493.13,0,0.06288,0.19473,0.036511,0.53955,0.16633,517,Savaş öncesi
Batı İran (çoğu Huzistan),2024-11-26,493,0.42394,13.69,251.64,251.64,251.65,0,0.0040568,0.57201,0,0.32252,0.10142,251.65,Savaş öncesi
Batı İran (çoğu Huzistan),2024-11-27,493,0.98174,11.97,653.19,672.16,672.28,0,0.0060852,0.01217,0,0.714,0.26775,673.49,Savaş öncesi
Batı İran (çoğu Huzistan),2024-11-28,493,0.96957,40.63,777.82,935.53,1014.3,0,0.026369,0,0.0040568,0.69371,0.27586,1050.2,Savaş öncesi
Batı İran (çoğu Huzistan),2024-11-29,493,0.97363,57.51,1190.9,1343.5,1542.9,0,0.0060852,0.0040568,0.016227,0.64097,0.33266,1555.9,Savaş öncesi
Batı İran (çoğu Huzistan),2024-11-30,493,0.94726,51.47,1024,1116.6,1260.8,0,0.026369,0.0020284,0.024341,0.64909,0.29817,1332.3,Savaş öncesi
Batı İran (çoğu Huzistan),2024-12-01,493,0.95538,30.06,872.64,888.19,888.17,0,0.028398,0.01217,0.0040568,0.6288,0.32657,915.87,Savaş öncesi
Batı İran (çoğu Huzistan),2024-12-02,493,0.96552,7.4,690.07,690.07,690.13,0,0,0.030426,0.0040568,0.61866,0.34686,690.13,Savaş öncesi
Batı İran (çoğu Huzistan),2024-12-03,493,0.93306,31.74,888.83,934.17,945.66,0,0.032454,0.026369,0.0081136,0.62272,0.31034,969.17,Savaş öncesi
Batı İran (çoğu Huzistan),2024-12-04,493,0.92495,53.605,876.03,973.34,1360.7,0,0.022312,0.014199,0.03854,0.63692,0.28803,1403.3,Savaş öncesi
Batı İran (çoğu Huzistan),2024-12-05,493,0.83773,56.14,808.65,902.79,1138.4,0,0.01217,0.083164,0.066937,0.56592,0.27181,1179.2,Savaş öncesi
Batı İran (çoğu Huzistan),2024-12-06,493,0.95943,38.52,914.21,985.63,985.66,0,0.026369,0.010142,0.0040568,0.58824,0.3712,996.88,Savaş öncesi
Batı İran (çoğu Huzistan),2024-12-07,493,0.96146,12.365,761.17,761.17,761.16,0,0.0020284,0.036511,0,0.56187,0.39959,761.16,Savaş öncesi
Batı İran (çoğu Huzistan),2024-12-08,493,0.357,25.2,322.11,347.59,347.58,0,0.0040568,0.63692,0.0020284,0.23124,0.12576,416.7,Savaş öncesi
Batı İran (çoğu Huzistan),2024-12-09,493,0.94726,47.53,973.43,1219.2,1351,0,0.032454,0.0040568,0.016227,0.6288,0.31846,1377.4,Savaş öncesi
Batı İran (çoğu Huzistan),2024-12-10,493,0.96552,59.64,1204.8,1420,1618.9,0,0.0081136,0.0040568,0.022312,0.63692,0.3286,1688.5,Savaş öncesi
Batı İran (çoğu Huzistan),2024-12-11,493,0.71197,47.45,565.11,634.06,634.08,0,0.06288,0.21095,0.014199,0.49493,0.21704,680.48,Savaş öncesi
Batı İran (çoğu Huzistan),2024-12-12,493,0.66531,24.825,427.96,429.24,429.22,0,0,0.33469,0,0.47262,0.1927,434.08,Savaş öncesi
Batı İran (çoğu Huzistan),2024-12-13,493,0.66734,8.56,362.09,362.09,362.14,0,0.0020284,0.3286,0.0020284,0.49696,0.17039,365.04,Savaş öncesi
Batı İran (çoğu Huzistan),2024-12-14,493,0.91075,40.22,590.28,611.71,647.01,0,0.022312,0.042596,0.024341,0.63489,0.27586,712.13,Savaş öncesi
Batı İran (çoğu Huzistan),2024-12-15,493,0.91075,57.51,1024.6,1199.4,1353.5,0,0.010142,0.05071,0.028398,0.59838,0.31237,1379.3,Savaş öncesi
Batı İran (çoğu Huzistan),2024-12-16,493,0.82759,53.11,651.19,690.52,743.29,0,0.034483,0.11156,0.026369,0.56187,0.26572,810.99,Savaş öncesi
Batı İran (çoğu Huzistan),2024-12-17,493,0.94523,30.03,719.61,721.19,721.2,0,0.022312,0.028398,0.0040568,0.65314,0.29209,744.45,Savaş öncesi
Batı İran (çoğu Huzistan),2024-12-18,493,0.9858,7.235,677.45,677.45,677.43,0,0.0020284,0.01217,0,0.64909,0.33671,679.38,Savaş öncesi
Batı İran (çoğu Huzistan),2024-12-19,493,0.93712,31.915,693.36,700.45,709.09,0,0.036511,0.016227,0.010142,0.66329,0.27383,747.95,Savaş öncesi
Batı İran (çoğu Huzistan),2024-12-20,493,0.14199,60.93,12.131,17.255,17.24,0,0.026369,0.69371,0.13793,0.13793,0.0040568,19.26,Savaş öncesi
Batı İran (çoğu Huzistan),2024-12-21,493,0.9432,57.15,697.56,824.87,1168.5,0,0.020284,0.0060852,0.030426,0.70994,0.23327,1207.9,Savaş öncesi
Batı İran (çoğu Huzistan),2024-12-22,493,0.96552,38.19,811.14,863.89,863.87,0,0.022312,0.0060852,0.0060852,0.64909,0.31643,953.06,Savaş öncesi
Batı İran (çoğu Huzistan),2024-12-23,493,0.89655,13.51,450.32,450.32,450.3,0,0,0.10345,0,0.57404,0.32252,458.66,Savaş öncesi
Batı İran (çoğu Huzistan),2024-12-24,493,0.73631,26.22,455.61,547.46,547.44,0,0.014199,0.24949,0,0.56389,0.17241,582.76,Savaş öncesi
Batı İran (çoğu Huzistan),2024-12-25,493,0.96552,47.57,1299.7,1448.9,1517,0,0.020284,0.0020284,0.01217,0.63692,0.3286,1528.2,Savaş öncesi
Batı İran (çoğu Huzistan),2024-12-26,493,0.73022,61.51,664.41,749.17,843.22,0,0.0060852,0.1927,0.070994,0.53753,0.1927,922.97,Savaş öncesi
Batı İran (çoğu Huzistan),2024-12-27,493,0.068966,48.455,7.0744,7.0744,7.07,0,0.05071,0.87018,0.010142,0.06288,0.0060852,8.82,Savaş öncesi
Batı İran (çoğu Huzistan),2024-12-28,493,0.98986,20.2,701.27,704.54,704.49,0,0.0020284,0.0081136,0,0.67748,0.31237,704.49,Savaş öncesi
Batı İran (çoğu Huzistan),2024-12-29,493,0.3144,21.92,174.95,174.95,174.93,0,0.0020284,0.68357,0,0.23935,0.075051,248.9,Savaş öncesi
Batı İran (çoğu Huzistan),2024-12-30,493,0.84178,41.63,443.75,476.04,519.27,0,0.024341,0.12576,0.0081136,0.65923,0.18256,534.08,Savaş öncesi
Batı İran (çoğu Huzistan),2024-12-31,493,0.94118,57.66,1079.2,1194.3,1383.6,0,0.0040568,0.022312,0.032454,0.61258,0.3286,1409.4,Savaş öncesi
Batı İran (çoğu Huzistan),2025-01-01,493,0.91684,51.53,1075.5,1192.8,1319.1,0,0.044625,0.0081136,0.030426,0.63286,0.28398,1391,Savaş öncesi
Batı İran (çoğu Huzistan),2025-01-02,493,0.97566,29.56,833.59,838.75,838.73,0,0.010142,0.014199,0,0.63895,0.33671,855.49,Savaş öncesi
Batı İran (çoğu Huzistan),2025-01-03,493,0.98377,7.17,669.23,669.23,669.19,0,0,0.016227,0,0.64503,0.33874,669.19,Savaş öncesi
Batı İran (çoğu Huzistan),2025-01-04,493,0.91684,32.38,908.04,948.3,958.08,0,0.028398,0.046653,0.0081136,0.58824,0.3286,989.27,Savaş öncesi
Batı İran (çoğu Huzistan),2025-01-05,493,0.73022,52.625,695.37,799.1,928.36,0,0.022312,0.18458,0.06288,0.4929,0.23732,1080.9,Savaş öncesi
Batı İran (çoğu Huzistan),2025-01-06,493,0.032454,44.34,3.5144,3.5144,3.51,0,0.018256,0.77282,0.17647,0.028398,0.0040568,3.51,Savaş öncesi
Batı İran (çoğu Huzistan),2025-01-07,493,0.49493,37.205,78.339,86.132,86.13,0,0.014199,0.45639,0.034483,0.43611,0.058824,86.13,Savaş öncesi
Batı İran (çoğu Huzistan),2025-01-08,493,0.99594,11.9,726.45,726.45,726.46,0,0,0.0040568,0,0.64706,0.34888,727.66,Savaş öncesi
Batı İran (çoğu Huzistan),2025-01-09,493,0.9858,23.91,724.01,760.38,760.31,0,0.0081136,0.0040568,0.0020284,0.6572,0.3286,767.84,Savaş öncesi
Batı İran (çoğu Huzistan),2025-01-10,493,0.95538,48.1,1274.7,1384.1,1529.6,0,0.032454,0.0020284,0.010142,0.643,0.31237,1583.1,Savaş öncesi
Batı İran (çoğu Huzistan),2025-01-11,493,0.24544,59.04,16.546,24.062,24.06,0,0.010142,0.59026,0.15416,0.23124,0.014199,30.5,Savaş öncesi
Batı İran (çoğu Huzistan),2025-01-12,493,0.93103,44.42,744.09,784.6,784.49,0,0.03854,0.014199,0.016227,0.67343,0.25761,818.09,Savaş öncesi
Batı İran (çoğu Huzistan),2025-01-13,493,0.99391,19.5,731.71,731.71,731.76,0,0.0020284,0.0040568,0,0.6572,0.33671,731.76,Savaş öncesi
Batı İran (çoğu Huzistan),2025-01-14,493,0.96552,13.3,762.55,762.55,762.54,0,0.0060852,0.028398,0,0.60649,0.35903,763.5,Savaş öncesi
Batı İran (çoğu Huzistan),2025-01-15,493,0.88032,41.405,723.41,766.5,844.31,0,0.032454,0.066937,0.020284,0.58012,0.3002,880.9,Savaş öncesi
Batı İran (çoğu Huzistan),2025-01-16,493,0.53753,60.73,323.31,333.91,472.69,0,0.0040568,0.30832,0.1501,0.44219,0.095335,481.61,Savaş öncesi
Batı İran (çoğu Huzistan),2025-01-17,493,0.91278,51.085,855.82,963.6,1051.9,0,0.03854,0.014199,0.034483,0.63489,0.27789,1172.2,Savaş öncesi
Batı İran (çoğu Huzistan),2025-01-18,493,0.90872,30.18,771.44,775.11,775.11,0,0.010142,0.081136,0,0.59026,0.31846,778.37,Savaş öncesi
Batı İran (çoğu Huzistan),2025-01-19,493,0.95943,6.86,656.92,656.92,656.95,0,0,0.040568,0,0.63692,0.32252,656.95,Savaş öncesi
Batı İran (çoğu Huzistan),2025-01-20,493,0.62069,30.615,404.22,445.04,445.03,0,0.026369,0.33063,0.022312,0.45639,0.1643,480.61,Savaş öncesi
Batı İran (çoğu Huzistan),2025-01-21,493,0.93103,54.57,1275.1,1565.4,1884.6,0,0.020284,0.018256,0.030426,0.62272,0.30832,1911,Savaş öncesi
Batı İran (çoğu Huzistan),2025-01-22,493,0.21298,58.16,115.33,161.92,217.54,0,0.016227,0.60446,0.16633,0.17444,0.03854,281.6,Savaş öncesi
Batı İran (çoğu Huzistan),2025-01-23,493,0.77688,39.79,441.85,461.97,461.92,0,0.022312,0.19675,0.0040568,0.54361,0.23327,506.82,Savaş öncesi
Batı İran (çoğu Huzistan),2025-01-24,493,0.80122,12.19,443.76,443.76,443.74,0,0,0.19878,0,0.56795,0.23327,449.81,Savaş öncesi
Batı İran (çoğu Huzistan),2025-01-25,493,0.85598,25.17,549.04,572.37,572.37,0,0.016227,0.12373,0.0040568,0.61663,0.23935,587.17,Savaş öncesi
Batı İran (çoğu Huzistan),2025-01-26,493,0.016227,61.55,0,0,0,0,0.024341,0.86004,0.099391,0.016227,0,3.81,Savaş öncesi
Batı İran (çoğu Huzistan),2025-01-27,493,0.90061,59.925,959.13,1105.2,1270.9,0,0.0040568,0.060852,0.034483,0.62677,0.27383,1292,Savaş öncesi
Batı İran (çoğu Huzistan),2025-01-28,493,0.9432,43.93,869.49,912.76,912.67,0,0.028398,0.018256,0.010142,0.64909,0.29412,933.01,Savaş öncesi
Batı İran (çoğu Huzistan),2025-01-29,493,0.74037,16.02,585.08,585.08,585.03,0,0.0020284,0.25761,0,0.50507,0.23529,590.95,Savaş öncesi
Batı İran (çoğu Huzistan),2025-01-30,493,0.97769,14.45,738.43,738.43,738.48,0,0,0.020284,0.0020284,0.62272,0.35497,740.88,Savaş öncesi
Batı İran (çoğu Huzistan),2025-01-31,493,0.91684,41.75,783.74,849.76,889.71,0,0.028398,0.022312,0.032454,0.59026,0.32657,917.38,Savaş öncesi
Batı İran (çoğu Huzistan),2025-02-01,493,0.95335,58.24,968.61,1379.5,1583.7,0,0.0060852,0.0040568,0.036511,0.64097,0.31237,1607.9,Savaş öncesi
Batı İran (çoğu Huzistan),2025-02-02,493,0.91075,50.35,877.58,948.53,1053,0,0.046653,0.014199,0.028398,0.61055,0.3002,1081.6,Savaş öncesi
Batı İran (çoğu Huzistan),2025-02-03,493,0.81339,31.05,327.46,338.79,338.79,0,0.010142,0.17444,0.0020284,0.59026,0.22312,347.01,Savaş öncesi
Batı İran (çoğu Huzistan),2025-02-04,493,0.86207,6.26,541.51,541.51,541.48,0,0.0020284,0.1359,0,0.57404,0.28803,550.34,Savaş öncesi
Batı İran (çoğu Huzistan),2025-02-05,493,0.23935,41.92,188.02,188.02,196.99,0,0.036511,0.714,0.010142,0.1785,0.060852,241.13,Savaş öncesi
Batı İran (çoğu Huzistan),2025-02-06,493,0.26166,58.01,71.769,103.35,107.67,0,0.026369,0.58621,0.12576,0.23327,0.028398,107.67,Savaş öncesi
Batı İran (çoğu Huzistan),2025-02-07,493,0.93103,56.5,669.58,732.96,814.97,0,0.010142,0.030426,0.028398,0.70791,0.22312,851.93,Savaş öncesi
Batı İran (çoğu Huzistan),2025-02-08,493,0.57606,40.415,417.33,469.07,469.12,0,0.016227,0.39148,0.016227,0.43611,0.13996,494.1,Savaş öncesi
Batı İran (çoğu Huzistan),2025-02-09,493,0.92495,11.045,599.7,599.7,599.72,0,0,0.075051,0,0.60852,0.31643,599.72,Savaş öncesi
Batı İran (çoğu Huzistan),2025-02-10,493,0.86207,24.49,530.76,545.35,545.29,0,0.022312,0.11359,0.0020284,0.61663,0.24544,587.49,Savaş öncesi
Batı İran (çoğu Huzistan),2025-02-11,493,0.62272,50.79,586.83,692.09,785.16,0,0.022312,0.31846,0.036511,0.4645,0.15822,824.38,Savaş öncesi
Batı İran (çoğu Huzistan),2025-02-12,493,0.1927,54.14,65.138,91.771,91.78,0,0.010142,0.63489,0.16227,0.18458,0.0081136,116.53,Savaş öncesi
Batı İran (çoğu Huzistan),2025-02-13,493,0.63489,41.81,514.3,515.24,515.26,0,0.042596,0.29209,0.030426,0.50101,0.13387,520.75,Savaş öncesi
Batı İran (çoğu Huzistan),2025-02-14,493,0.87221,20.16,552.24,552.24,552.31,0,0.0020284,0.12576,0,0.58418,0.28803,603.42,Savaş öncesi
Batı İran (çoğu Huzistan),2025-02-15,493,0.92292,14.88,563.18,563.18,563.21,0,0.0060852,0.070994,0,0.63489,0.28803,576.42,Savaş öncesi
Batı İran (çoğu Huzistan),2025-02-16,493,0.76065,40.84,4.1707,4.1707,4.17,0,0.028398,0.17647,0.034483,0.75456,0.0060852,4.17,Savaş öncesi
Batı İran (çoğu Huzistan),2025-02-17,493,0.90264,59.08,857.43,963.07,1169.5,0,0.0040568,0.030426,0.06288,0.61258,0.29006,1217.7,Savaş öncesi
Batı İran (çoğu Huzistan),2025-02-18,493,0.94726,50.7,1019.5,1105.7,1207.9,0,0.018256,0.014199,0.020284,0.64909,0.29817,1267.6,Savaş öncesi
Batı İran (çoğu Huzistan),2025-02-19,493,0.12982,13.945,38.032,38.032,38.03,0,0.01217,0.85396,0.0040568,0.099391,0.030426,39.09,Savaş öncesi
Batı İran (çoğu Huzistan),2025-02-20,493,0.78905,7.46,263.95,263.95,263.93,0,0.0020284,0.20892,0,0.68357,0.10548,263.93,Savaş öncesi
Batı İran (çoğu Huzistan),2025-02-21,493,0.8357,31.75,938.04,957.15,957.2,0,0.022312,0.12576,0.016227,0.53144,0.30426,963.39,Savaş öncesi
Batı İran (çoğu Huzistan),2025-02-22,493,0.81542,54.79,838.39,975.1,1088.3,0,0.034483,0.099391,0.05071,0.57606,0.23935,1167.8,Savaş öncesi
Batı İran (çoğu Huzistan),2025-02-23,493,0.27383,51.36,216.84,228.08,228.08,0,0.020284,0.51521,0.19067,0.2211,0.052738,275.65,Savaş öncesi
Batı İran (çoğu Huzistan),2025-02-24,493,0.77688,36.95,811.02,827.09,827.11,0,0.020284,0.18053,0.022312,0.55984,0.21704,847.57,Savaş öncesi
Batı İran (çoğu Huzistan),2025-02-25,493,0.30426,7.295,157.55,157.55,157.51,0,0.0020284,0.69371,0,0.20487,0.099391,338.9,Savaş öncesi
Batı İran (çoğu Huzistan),2025-02-26,493,0.82759,25.215,666.09,674.9,674.92,0,0.010142,0.16024,0.0020284,0.56592,0.26166,682.61,Savaş öncesi
Batı İran (çoğu Huzistan),2025-02-27,493,0.92089,47.935,861.41,967.7,1125,0,0.010142,0.040568,0.028398,0.63083,0.29006,1144.4,Savaş öncesi
Batı İran (çoğu Huzistan),2025-02-28,493,0.92089,59.785,943.85,1080,1387,0,0.0060852,0.048682,0.024341,0.62272,0.29817,1424.6,Savaş öncesi
Batı İran (çoğu Huzistan),2025-03-01,493,0.87424,45.21,971.75,1024.1,1024,0,0.042596,0.070994,0.01217,0.60446,0.26978,1068.9,Savaş öncesi
Batı İran (çoğu Huzistan),2025-03-02,493,0.96349,20.07,756.51,756.51,756.49,0,0,0.036511,0,0.62677,0.33671,757.11,Savaş öncesi
Batı İran (çoğu Huzistan),2025-03-03,493,0.79919,10.775,570.28,570.28,570.32,0,0.0040568,0.19675,0,0.49696,0.30223,593.33,Savaş öncesi
Batı İran (çoğu Huzistan),2025-03-04,493,0.0020284,61.32,0,0,0,0,0.034483,0.93509,0.028398,0.0020284,0,0,Savaş öncesi
Batı İran (çoğu Huzistan),2025-03-05,493,0.28803,60.845,35.421,39.727,39.72,0,0,0.56998,0.14199,0.26369,0.024341,54.25,Savaş öncesi
Batı İran (çoğu Huzistan),2025-03-06,493,0.091278,42.65,9.6918,11.348,12.86,0,0.032454,0.73631,0.13996,0.077079,0.014199,12.86,Savaş öncesi
Batı İran (çoğu Huzistan),2025-03-07,493,0.042596,18.82,2.7094,2.7094,2.71,0,0.01217,0.9432,0.0020284,0.036511,0.0060852,2.71,Savaş öncesi
Batı İran (çoğu Huzistan),2025-03-08,493,0.58215,6.66,414.86,414.86,414.84,0,0.0020284,0.41582,0,0.40568,0.17647,431.91,Savaş öncesi
Batı İran (çoğu Huzistan),2025-03-09,493,0.90061,32.655,750.24,780.42,780.43,0,0.026369,0.068966,0.0040568,0.61258,0.28803,802.12,Savaş öncesi
Batı İran (çoğu Huzistan),2025-03-10,493,0.86815,54.22,808.93,930.76,1198.7,0,0.036511,0.052738,0.042596,0.57201,0.29615,1290.2,Savaş öncesi
Batı İran (çoğu Huzistan),2025-03-11,493,0.9432,56.36,983.3,1137.1,1311,0,0.014199,0.0060852,0.036511,0.6146,0.3286,1368.9,Savaş öncesi
Batı İran (çoğu Huzistan),2025-03-12,493,0.97566,37.53,1003.3,1061.1,1061.2,0,0.020284,0,0.0040568,0.63489,0.34077,1074,Savaş öncesi
Batı İran (çoğu Huzistan),2025-03-13,493,1,11.58,791.87,791.87,791.84,0,0,0,0,0.61055,0.38945,791.84,Savaş öncesi
Batı İran (çoğu Huzistan),2025-03-14,493,0.98377,24,753.77,760.36,760.33,0,0.014199,0,0.0020284,0.61663,0.36714,810.7,Savaş öncesi
Batı İran (çoğu Huzistan),2025-03-15,493,0.49696,50.64,263.65,286.21,322.28,0,0.018256,0.44422,0.040568,0.3854,0.11156,450.92,Savaş öncesi
Batı İran (çoğu Huzistan),2025-03-16,493,0.75659,59.28,925.57,1149.6,1347.7,0,0.0060852,0.15213,0.085193,0.49696,0.25963,1374.5,Savaş öncesi
Batı İran (çoğu Huzistan),2025-03-17,493,0.94929,44.345,820.65,879.89,879.9,0,0.036511,0,0.014199,0.62069,0.3286,972.33,Savaş öncesi
Batı İran (çoğu Huzistan),2025-03-18,493,0.98377,19.77,840.58,840.58,840.6,0,0,0.016227,0,0.59229,0.39148,840.6,Savaş öncesi
Batı İran (çoğu Huzistan),2025-03-19,493,0.66126,13.31,486.79,486.79,486.76,0,0.014199,0.32454,0,0.48073,0.18053,500.88,Savaş öncesi
Batı İran (çoğu Huzistan),2025-03-20,493,0.10345,50.6,63.258,63.258,64.86,0,0.03854,0.82556,0.032454,0.087221,0.016227,68.61,Savaş öncesi
Batı İran (çoğu Huzistan),2025-03-21,493,0.48479,59.76,396,441.57,469.42,0,0.0040568,0.37931,0.13185,0.34686,0.13793,499.49,Savaş öncesi
Batı İran (çoğu Huzistan),2025-03-22,493,0.87424,50.34,543.69,604.57,637.59,0,0.03854,0.026369,0.060852,0.72008,0.15416,692.23,Savaş öncesi
Batı İran (çoğu Huzistan),2025-03-23,493,0.96755,28.81,903.4,924.39,924.34,0,0.018256,0.0081136,0.0060852,0.63895,0.3286,924.34,Savaş öncesi
Batı İran (çoğu Huzistan),2025-03-24,493,0.98986,6.925,868.89,868.89,868.91,0,0.010142,0,0,0.62069,0.36917,869.99,Savaş öncesi
Batı İran (çoğu Huzistan),2025-03-25,493,0.96552,33.76,883.86,920.97,937.98,0,0.026369,0.0020284,0.0060852,0.66329,0.30223,973.53,Savaş öncesi
Batı İran (çoğu Huzistan),2025-03-26,493,0.67951,52.92,425.73,489.46,508.07,0,0.028398,0.19878,0.093306,0.50304,0.17647,611.97,Savaş öncesi
Batı İran (çoğu Huzistan),2025-03-27,493,0.92495,56.655,953.81,1069.6,1389.2,0,0.016227,0.03854,0.020284,0.59635,0.3286,1487.7,Savaş öncesi
Batı İran (çoğu Huzistan),2025-03-28,493,0.95943,38,834.11,846.99,846.93,0,0.030426,0.0081136,0.0020284,0.61055,0.34888,866.99,Savaş öncesi
Batı İran (çoğu Huzistan),2025-03-29,493,0.79108,12.66,578.83,578.83,578.79,0,0,0.20892,0,0.50507,0.286,585.14,Savaş öncesi
Batı İran (çoğu Huzistan),2025-03-30,493,0.63286,20.82,455.54,455.54,455.54,0,0.014199,0.35091,0.0020284,0.40974,0.22312,468.24,Savaş öncesi
Batı İran (çoğu Huzistan),2025-03-31,493,0.70588,47.94,935.82,996.68,1117.8,0,0.026369,0.2069,0.060852,0.50304,0.20284,1156.2,Savaş öncesi
Batı İran (çoğu Huzistan),2025-04-01,493,0.79108,60.45,758.39,1066.1,1228.2,0,0.0060852,0.13996,0.06288,0.51116,0.27992,1258.8,Savaş öncesi
Batı İran (çoğu Huzistan),2025-04-02,493,0.24138,49.44,45.818,56.303,56.28,0,0.040568,0.70183,0.016227,0.20081,0.040568,62.82,Savaş öncesi
Batı İran (çoğu Huzistan),2025-04-03,493,0.1785,27.39,72.252,72.252,72.26,0,0,0.8215,0,0.13996,0.03854,74.53,Savaş öncesi
Batı İran (çoğu Huzistan),2025-04-04,493,0.24746,4.835,118.76,118.76,118.76,0,0,0.75051,0.0020284,0.18256,0.064909,134.46,Savaş öncesi
Batı İran (çoğu Huzistan),2025-04-05,493,0.44828,38.08,199.06,239.51,247.4,0,0.042596,0.50304,0.0060852,0.33266,0.11562,263.53,Savaş öncesi
Batı İran (çoğu Huzistan),2025-04-06,493,0.1927,59.53,119.91,163.58,141.33,0,0.0060852,0.65517,0.14604,0.1501,0.042596,217.87,Savaş öncesi
Batı İran (çoğu Huzistan),2025-04-07,493,0.94118,50.5,990.19,1122.1,1288.1,0,0.03854,0.0020284,0.018256,0.60649,0.33469,1467.1,Savaş öncesi
Batı İran (çoğu Huzistan),2025-04-08,493,0.9716,28.63,1040.4,1091.9,1091.9,0,0.010142,0.018256,0,0.6146,0.357,1094.2,Savaş öncesi
Batı İran (çoğu Huzistan),2025-04-09,493,0.97363,6.91,917.87,917.87,917.92,0,0.0020284,0.024341,0,0.63286,0.34077,917.92,Savaş öncesi
Batı İran (çoğu Huzistan),2025-04-10,493,0.49493,28.685,224.87,236.1,244.77,0,0.030426,0.46247,0.01217,0.37323,0.1217,254.75,Savaş öncesi
Batı İran (çoğu Huzistan),2025-04-11,493,0.47667,59.8,375.05,443.7,556.74,0,0.028398,0.39554,0.099391,0.357,0.11968,757.05,Savaş öncesi
Batı İran (çoğu Huzistan),2025-04-12,493,0.94523,55.545,1016.6,1147.8,1310.8,0,0.014199,0.0020284,0.03854,0.64097,0.30426,1353.7,Savaş öncesi
Batı İran (çoğu Huzistan),2025-04-13,493,0.96755,36.84,1141.4,1163.8,1163.7,0,0.01217,0.0060852,0.014199,0.63692,0.33063,1175.7,Savaş öncesi
Batı İran (çoğu Huzistan),2025-04-14,493,0.70791,7.35,466.07,466.07,466.17,0,0,0.29209,0,0.50101,0.2069,466.17,Savaş öncesi
Batı İran (çoğu Huzistan),2025-04-15,493,0.96552,24.5,988.71,1005,1005,0,0.014199,0.020284,0,0.61055,0.35497,1005,Savaş öncesi
Batı İran (çoğu Huzistan),2025-04-16,493,0.93509,48.43,1019.9,1147.2,1275.5,0,0.022312,0.0081136,0.034483,0.59026,0.34483,1312.8,Savaş öncesi
Batı İran (çoğu Huzistan),2025-04-17,493,0.97363,59.76,1144.1,1428.1,1699.9,0,0.0020284,0,0.024341,0.63083,0.3428,1725,Savaş öncesi
Batı İran (çoğu Huzistan),2025-04-18,493,0.94726,43.76,1126.6,1232.2,1232.2,0,0.030426,0,0.022312,0.61866,0.3286,1259.2,Savaş öncesi
Batı İran (çoğu Huzistan),2025-04-19,493,1,18.43,951.34,951.34,951.38,0,0,0,0,0.62677,0.37323,951.38,Savaş öncesi
Batı İran (çoğu Huzistan),2025-04-20,493,0.99189,15.03,860.05,861.26,861.26,0,0.0060852,0,0.0020284,0.60041,0.39148,861.81,Savaş öncesi
Batı İran (çoğu Huzistan),2025-04-21,493,0.1501,48.735,116.15,211.08,221.86,0,0.032454,0.78093,0.036511,0.11156,0.03854,232.49,Savaş öncesi
Batı İran (çoğu Huzistan),2025-04-22,493,0.96349,58.29,1210.6,1377.8,1699.3,0,0.0020284,0.010142,0.024341,0.63286,0.33063,1728,Savaş öncesi
Batı İran (çoğu Huzistan),2025-04-23,493,0.92698,50.14,1120.7,1286.8,1435.9,0,0.026369,0.022312,0.024341,0.58824,0.33874,1494,Savaş öncesi
Batı İran (çoğu Huzistan),2025-04-24,493,0.94726,28,1030.6,1049.4,1049.5,0,0.024341,0.028398,0,0.59432,0.35294,1068.3,Savaş öncesi
Batı İran (çoğu Huzistan),2025-04-25,493,0.85396,6.1,638.92,638.92,638.94,0,0.0020284,0.14402,0,0.54361,0.31034,644.77,Savaş öncesi
Batı İran (çoğu Huzistan),2025-04-26,493,0.6998,32.2,749.37,795.63,795.65,0,0.028398,0.24949,0.022312,0.46045,0.23935,813.62,Savaş öncesi
Batı İran (çoğu Huzistan),2025-04-27,493,0.92698,54.86,1373.8,1827.7,1988.6,0,0.016227,0.026369,0.030426,0.59432,0.33266,2012.4,Savaş öncesi
Batı İran (çoğu Huzistan),2025-04-28,493,0.54767,60.065,547.84,640.35,743.35,0,0.024341,0.34888,0.079108,0.39959,0.14807,841.46,Savaş öncesi
Batı İran (çoğu Huzistan),2025-04-29,493,0.59838,39.12,510.3,521.79,521.83,0,0.014199,0.36714,0.020284,0.43813,0.16024,558.76,Savaş öncesi
Batı İran (çoğu Huzistan),2025-04-30,493,0.91886,11.63,708.09,708.09,708.1,0,0.0020284,0.079108,0,0.5497,0.36917,716.9,Savaş öncesi
Batı İran (çoğu Huzistan),2025-05-01,493,0.61866,21.37,418.53,458.81,458.82,0,0.018256,0.357,0.0060852,0.41988,0.19878,479.41,Savaş öncesi
Batı İran (çoğu Huzistan),2025-05-02,493,0.88641,48.57,918.81,1036.9,1108,0,0.014199,0.075051,0.024341,0.59838,0.28803,1250.2,Savaş öncesi
Batı İran (çoğu Huzistan),2025-05-03,493,0.54767,60.68,551.58,593.67,666.62,0,0.014199,0.33671,0.10142,0.40568,0.14199,725.21,Savaş öncesi
Batı İran (çoğu Huzistan),2025-05-04,493,0.39959,47.13,324.85,336.1,336.13,0,0.036511,0.53955,0.024341,0.28398,0.11562,355.28,Savaş öncesi
Batı İran (çoğu Huzistan),2025-05-05,493,0.9858,19.12,1121.7,1121.7,1121.7,0,0,0.014199,0,0.60852,0.37728,1121.7,Savaş öncesi
Batı İran (çoğu Huzistan),2025-05-06,493,0.99189,14.61,1323.1,1323.1,1323.1,0,0.0081136,0,0,0.62069,0.3712,1324,Savaş öncesi
Batı İran (çoğu Huzistan),2025-05-07,493,0.96552,41.945,1253.4,1283.6,1435.2,0,0.026369,0,0.0081136,0.60649,0.35903,1483,Savaş öncesi
Batı İran (çoğu Huzistan),2025-05-08,493,0.97363,58.1,1576.7,1931.1,2385,0,0.0081136,0,0.018256,0.60243,0.3712,2446.9,Savaş öncesi
Batı İran (çoğu Huzistan),2025-05-09,493,0.9432,50.41,1605,1649.5,1801,0,0.020284,0.0020284,0.034483,0.59432,0.34888,2030.6,Savaş öncesi
Batı İran (çoğu Huzistan),2025-05-10,493,0.96552,28.11,1477.7,1499.1,1499.1,0,0.030426,0,0.0040568,0.60243,0.36308,1527.7,Savaş öncesi
Batı İran (çoğu Huzistan),2025-05-11,493,0.9858,7.09,1366,1366,1366.1,0,0,0.014199,0,0.59026,0.39554,1366.1,Savaş öncesi
Batı İran (çoğu Huzistan),2025-05-12,493,0.90467,33.2,1339.1,1591.4,1593.6,0,0.036511,0.048682,0.010142,0.59026,0.3144,1677.9,Savaş öncesi
Batı İran (çoğu Huzistan),2025-05-13,493,0.88032,54.125,997.52,1156.8,1282,0,0.03854,0.03854,0.042596,0.58824,0.29209,1434.4,Savaş öncesi
Batı İran (çoğu Huzistan),2025-05-14,493,0.8499,57.44,1258.1,1490.3,1638.4,0,0.016227,0.089249,0.044625,0.55781,0.29209,1751.4,Savaş öncesi
Batı İran (çoğu Huzistan),2025-05-15,493,0.98377,37.2,1502.8,1607.9,1607.8,0,0.01217,0,0.0040568,0.64503,0.33874,1614.7,Savaş öncesi
Batı İran (çoğu Huzistan),2025-05-16,493,0.99797,11.275,1369.9,1369.9,1369.9,0,0.0020284,0,0,0.61055,0.38742,1369.9,Savaş öncesi
Batı İran (çoğu Huzistan),2025-05-17,493,0.98377,24.26,1274.6,1397.1,1397.1,0,0.014199,0,0.0020284,0.63286,0.35091,1402.2,Savaş öncesi
Batı İran (çoğu Huzistan),2025-05-18,493,0.94523,48.305,1357.8,1617.1,1885,0,0.036511,0,0.018256,0.61663,0.3286,2038.5,Savaş öncesi
Batı İran (çoğu Huzistan),2025-05-19,493,0.97363,59.655,1597.2,2159.4,2600.1,0,0.010142,0,0.016227,0.63489,0.33874,2640.4,Savaş öncesi
Batı İran (çoğu Huzistan),2025-05-20,493,0.93712,44.225,1541.7,1693.7,1693.7,0,0.040568,0,0.022312,0.62069,0.31643,1778.8,Savaş öncesi
Batı İran (çoğu Huzistan),2025-05-21,493,0.99797,19.28,1423.6,1423.6,1423.6,0,0.0020284,0,0,0.63489,0.36308,1423.6,Savaş öncesi
Batı İran (çoğu Huzistan),2025-05-22,493,0.99594,14.12,1329.5,1333.3,1333.3,0,0.0020284,0,0.0020284,0.61866,0.37728,1333.3,Savaş öncesi
Batı İran (çoğu Huzistan),2025-05-23,493,0.95538,41.48,1498.9,1612.1,1644.5,0,0.030426,0.0081136,0.0060852,0.62677,0.3286,1714.4,Savaş öncesi
Batı İran (çoğu Huzistan),2025-05-24,493,0.95943,58.24,1357,1527.5,1684.4,0,0.010142,0.0020284,0.028398,0.63692,0.32252,1793.3,Savaş öncesi
Batı İran (çoğu Huzistan),2025-05-25,493,0.94726,50.78,1453.9,1530.5,1652.2,0,0.024341,0.0081136,0.020284,0.61055,0.33671,1706,Savaş öncesi
Batı İran (çoğu Huzistan),2025-05-26,493,0.96552,28.96,1251.9,1294.4,1294.3,0,0.022312,0.010142,0.0020284,0.6288,0.33671,1305.2,Savaş öncesi
Batı İran (çoğu Huzistan),2025-05-27,493,0.98174,7.085,1053.8,1053.8,1052,0,0.0020284,0.016227,0,0.6288,0.35294,1052.8,Savaş öncesi
Batı İran (çoğu Huzistan),2025-05-28,493,0.93712,33.29,1137.3,1171,1171,0,0.044625,0.016227,0.0020284,0.61866,0.31846,1292.6,Savaş öncesi
Batı İran (çoğu Huzistan),2025-05-29,493,0.94118,54.32,1369.3,1564.2,1886.3,0,0.030426,0,0.028398,0.59635,0.34483,1948.9,Savaş öncesi
Batı İran (çoğu Huzistan),2025-05-30,493,0.94118,56.68,1208.9,1464.9,1837.4,0,0.020284,0,0.03854,0.60446,0.33671,2039.5,Savaş öncesi
Batı İran (çoğu Huzistan),2025-05-31,493,0.97363,37.65,1467.8,1518.4,1518.4,0,0.018256,0,0.0081136,0.59838,0.37525,1525.2,Savaş öncesi
Batı İran (çoğu Huzistan),2025-06-01,493,0.99797,11.675,1366.5,1366.5,1366.5,0,0.0020284,0,0,0.57606,0.42191,1368.6,Savaş öncesi
Batı İran (çoğu Huzistan),2025-06-02,493,0.97972,23.81,1181.4,1253.7,1253.7,0,0.020284,0,0,0.63286,0.34686,1349,Savaş öncesi
Batı İran (çoğu Huzistan),2025-06-03,493,0.9432,47.83,975.8,1094.5,1474.9,0,0.034483,0,0.022312,0.63692,0.30629,1540.9,Savaş öncesi
Batı İran (çoğu Huzistan),2025-06-04,493,0.96755,59.67,1386.5,1601.2,1890.1,0,0.0060852,0,0.026369,0.63083,0.33671,1915.9,Savaş öncesi
Batı İran (çoğu Huzistan),2025-06-05,493,0.94929,44.515,1181.7,1299.9,1299.8,0,0.042596,0,0.0081136,0.6146,0.33469,1342.3,Savaş öncesi
Batı İran (çoğu Huzistan),2025-06-06,493,0.99189,20.01,1140.7,1140.7,1140.8,0,0,0.0081136,0,0.62272,0.36917,1140.8,Savaş öncesi
Batı İran (çoğu Huzistan),2025-06-07,493,0.98986,13.75,1124.5,1124.5,1124.5,0,0.0020284,0.0081136,0,0.60649,0.38337,1126.9,Savaş öncesi
Batı İran (çoğu Huzistan),2025-06-08,493,0.95132,41.35,1289,1555,1625.2,0,0.034483,0.0020284,0.01217,0.61866,0.33266,1819.9,Savaş öncesi
Batı İran (çoğu Huzistan),2025-06-09,493,0.83367,57.84,817.58,1022.2,1217.3,0,0.0040568,0.099391,0.06288,0.55578,0.27789,1256.4,Savaş öncesi
Batı İran (çoğu Huzistan),2025-06-10,493,0.93509,51.36,1084.9,1235.7,1397.1,0,0.036511,0.0040568,0.024341,0.6288,0.30629,1472.9,Savaş öncesi
Batı İran (çoğu Huzistan),2025-06-11,493,0.97566,29.31,1097.5,1126.7,1126.7,0,0.014199,0.0081136,0.0020284,0.6288,0.34686,1126.7,Savaş öncesi
Batı İran (çoğu Huzistan),2025-06-12,493,0.99594,7.02,1073.6,1073.6,1073.6,0,0.0040568,0,0,0.63489,0.36105,1073.6,Savaş öncesi
Batı İran (çoğu Huzistan),2025-06-13,493,0.96552,33.34,1398.4,1443,1451.2,0,0.030426,0,0.0040568,0.64706,0.31846,1515.3,Savaş öncesi
Batı İran (çoğu Huzistan),2025-06-14,493,0.9432,54.26,2057.1,2395.3,2750.9,0,0.020284,0,0.036511,0.61866,0.32454,2821.2,Savaş öncesi
Batı İran (çoğu Huzistan),2025-06-15,493,0.94118,56.765,2120.8,2329.9,2879.8,0,0.016227,0,0.042596,0.60243,0.33874,2974.9,Savaş öncesi
Batı İran (çoğu Huzistan),2025-06-16,493,0.96552,37.89,2097.6,2224.8,2224.8,0,0.032454,0,0.0020284,0.59432,0.3712,2382.7,Savaş öncesi
Batı İran (çoğu Huzistan),2025-06-17,493,0.99797,11.995,1789.3,1789.3,1789.2,0,0.0020284,0,0,0.60446,0.39351,1790.7,Savaş öncesi
Batı İran (çoğu Huzistan),2025-06-18,493,0.98783,23.57,1481.3,1562.8,1562.9,0,0.01217,0,0,0.63895,0.34888,1676.8,Savaş öncesi
Batı İran (çoğu Huzistan),2025-06-19,493,0.94523,47.72,1416.9,1899,2089.4,0,0.020284,0,0.034483,0.61258,0.33266,2179.2,Savaş öncesi
Batı İran (çoğu Huzistan),2025-06-20,493,0.9716,59.56,1944,2260.8,2202.8,0,0.0081136,0,0.020284,0.64097,0.33063,2331,Savaş öncesi
Batı İran (çoğu Huzistan),2025-06-21,493,0.94523,44.69,2273.1,2457.1,2457.1,0,0.046653,0,0.0081136,0.59432,0.35091,2593.6,Savaş öncesi
Batı İran (çoğu Huzistan),2025-06-22,493,0.99797,19.93,1829.3,1829.3,1829.3,0,0.0020284,0,0,0.60041,0.39757,1834,Savaş öncesi
Batı İran (çoğu Huzistan),2025-06-23,493,0.99594,13.48,1864.3,1864.3,1864.4,0,0.0040568,0,0,0.63692,0.35903,1864.4,Savaş öncesi
Batı İran (çoğu Huzistan),2025-06-24,493,0.96957,41.145,1451.8,1629.6,1682.6,0,0.024341,0,0.0060852,0.64097,0.3286,1746.3,Savaş öncesi
Batı İran (çoğu Huzistan),2025-06-25,493,0.97566,57.89,1613.9,2184.9,2697.1,0,0.0020284,0,0.022312,0.62272,0.35294,2791.6,Savaş öncesi
Batı İran (çoğu Huzistan),2025-06-26,493,0.93915,51.48,1720.5,1856.6,2082.7,0,0.030426,0,0.030426,0.61866,0.32049,2208.6,Savaş öncesi
Batı İran (çoğu Huzistan),2025-06-27,493,0.98377,29.43,1676.2,1721.9,1721.8,0,0.016227,0,0,0.63083,0.35294,1746.1,Savaş öncesi
Batı İran (çoğu Huzistan),2025-06-28,493,1,7.22,1534.7,1534.7,1534.8,0,0,0,0,0.59838,0.40162,1534.8,Savaş öncesi
Batı İran (çoğu Huzistan),2025-06-29,493,0.96755,33.12,1459.2,1486.5,1503.9,0,0.028398,0,0.0040568,0.61055,0.357,1562.5,Savaş öncesi
Batı İran (çoğu Huzistan),2025-06-30,493,0.93915,54.12,1467.8,1868.5,2291.2,0,0.042596,0,0.018256,0.59838,0.34077,2344.6,Savaş öncesi
Batı İran (çoğu Huzistan),2025-07-01,493,0.94929,57.025,1192.5,1343.8,1710.8,0,0.018256,0,0.032454,0.62677,0.32252,1987,Savaş öncesi
Batı İran (çoğu Huzistan),2025-07-02,493,0.97972,38,1493.1,1539.6,1539.6,0,0.016227,0,0.0040568,0.643,0.33671,1570.3,Savaş öncesi
Batı İran (çoğu Huzistan),2025-07-03,493,1,12.18,1205.1,1205.1,1205.1,0,0,0,0,0.61663,0.38337,1205.1,Savaş öncesi
Batı İran (çoğu Huzistan),2025-07-04,493,0.98783,23.39,1105.6,1159.8,1159.8,0,0.010142,0,0.0020284,0.64909,0.33874,1164,Savaş öncesi
Batı İran (çoğu Huzistan),2025-07-05,493,0.95943,47.74,1274.6,1388.4,1559.8,0,0.022312,0,0.018256,0.63692,0.32252,1597.5,Savaş öncesi
Batı İran (çoğu Huzistan),2025-07-06,493,0.96552,59.595,1328.6,1603.9,1896.7,0,0.0060852,0.0020284,0.026369,0.643,0.32252,1934,Savaş öncesi
Batı İran (çoğu Huzistan),2025-07-07,493,0.92495,44.745,1298,1451.8,1451.8,0,0.052738,0.0020284,0.020284,0.61055,0.3144,1512.5,Savaş öncesi
Batı İran (çoğu Huzistan),2025-07-08,493,0.98174,20.23,1196.7,1196.7,1196.7,0,0.0020284,0.016227,0,0.60649,0.37525,1196.7,Savaş öncesi
Batı İran (çoğu Huzistan),2025-07-09,493,0.96755,12.61,1266.7,1271.5,1271.6,0,0.0060852,0.026369,0,0.62475,0.3428,1271.6,Savaş öncesi
Batı İran (çoğu Huzistan),2025-07-10,493,0.94929,41.15,1249.7,1331.1,1382.7,0,0.036511,0,0.014199,0.61866,0.33063,1436,Savaş öncesi
Batı İran (çoğu Huzistan),2025-07-11,493,0.97769,57.695,1322.4,1524.8,1809.2,0,0.010142,0,0.01217,0.68154,0.29615,1815,Savaş öncesi
Batı İran (çoğu Huzistan),2025-07-12,493,0.65314,49.33,704.71,925.95,963.38,0,0.042596,0.22921,0.075051,0.5213,0.13185,1019.8,Savaş öncesi
Batı İran (çoğu Huzistan),2025-07-13,493,0.93509,29.9,996.51,1049.5,1049.5,0,0.014199,0.048682,0.0020284,0.63489,0.3002,1074,Savaş öncesi
Batı İran (çoğu Huzistan),2025-07-14,493,0.91075,7.34,856.99,856.99,857.05,0,0.0020284,0.087221,0,0.67546,0.23529,857.05,Savaş öncesi
Batı İran (çoğu Huzistan),2025-07-15,493,0.89858,31.69,1172.1,1219.4,1219.4,0,0.020284,0.070994,0.010142,0.60243,0.29615,1246.7,Savaş öncesi
Batı İran (çoğu Huzistan),2025-07-16,493,0.89249,54.01,1084.5,1333.1,1589.3,0,0.040568,0.014199,0.052738,0.60852,0.28398,1690.8,Savaş öncesi
Batı İran (çoğu Huzistan),2025-07-17,493,0.95335,56.795,1474.1,1716.3,2063.8,0,0.022312,0,0.024341,0.62272,0.33063,2097.8,Savaş öncesi
Batı İran (çoğu Huzistan),2025-07-18,493,0.95943,38.04,1480.7,1578.7,1578.6,0,0.034483,0,0.0060852,0.61055,0.34888,1601.1,Savaş öncesi
Batı İran (çoğu Huzistan),2025-07-19,493,0.99594,12.35,1220,1220,1220,0,0,0.0040568,0,0.63083,0.36511,1220,Savaş öncesi
Batı İran (çoğu Huzistan),2025-07-20,493,0.95943,23.74,974.18,996.28,997.61,0,0.014199,0.026369,0,0.74239,0.21704,997.61,Savaş öncesi
Batı İran (çoğu Huzistan),2025-07-21,493,0.95943,47.66,1295.3,1503.7,1768,0,0.016227,0.0020284,0.022312,0.66734,0.29209,1797.2,Savaş öncesi
Batı İran (çoğu Huzistan),2025-07-22,493,0.95132,59.58,1487,1830.7,2161.2,0,0.014199,0,0.034483,0.62272,0.3286,2261.2,Savaş öncesi
Batı İran (çoğu Huzistan),2025-07-23,493,0.93712,44.825,1368.2,1512.6,1512.6,0,0.042596,0,0.020284,0.62475,0.31237,1605.2,Savaş öncesi
Batı İran (çoğu Huzistan),2025-07-24,493,0.99594,20.2,1148.7,1148.7,1148.7,0,0.0020284,0.0020284,0,0.63286,0.36308,1148.7,Savaş öncesi
Batı İran (çoğu Huzistan),2025-07-25,493,0.98783,12.62,906.46,906.46,906.38,0,0.01217,0,0,0.62069,0.36714,909.53,Savaş öncesi
Batı İran (çoğu Huzistan),2025-07-26,493,0.9432,40.91,1235.1,1259.4,1259.3,0,0.036511,0.010142,0.010142,0.60852,0.33469,1327.8,Savaş öncesi
Batı İran (çoğu Huzistan),2025-07-27,493,0.9574,58.22,1121.7,1409.4,1797.9,0,0.0020284,0.014199,0.026369,0.77485,0.18256,1844,Savaş öncesi
Batı İran (çoğu Huzistan),2025-07-28,493,0.92292,51.14,914.6,1046,1259.1,0,0.028398,0.014199,0.034483,0.69371,0.22921,1371.9,Savaş öncesi
Batı İran (çoğu Huzistan),2025-07-29,493,0.95943,29.75,1311.5,1323.4,1323.5,0,0.014199,0.024341,0.0020284,0.6288,0.33063,1338.3,Savaş öncesi
Batı İran (çoğu Huzistan),2025-07-30,493,0.83773,6.88,1001.8,1001.8,1001.7,0,0,0.16227,0,0.58824,0.24949,1003.8,Savaş öncesi
Batı İran (çoğu Huzistan),2025-07-31,493,0.93915,33.01,1130.9,1163.6,1162.4,0,0.030426,0.022312,0.0081136,0.67951,0.25963,1214.3,Savaş öncesi
Batı İran (çoğu Huzistan),2025-08-01,493,0.83367,54.23,1328.1,1557.1,1906.7,0,0.030426,0.06288,0.073022,0.61258,0.2211,2090.8,Savaş öncesi
Batı İran (çoğu Huzistan),2025-08-02,493,0.87424,56.28,1152.8,1478.8,1770.8,0,0.020284,0.05071,0.054767,0.66937,0.20487,1873.8,Savaş öncesi
Batı İran (çoğu Huzistan),2025-08-03,493,0.91075,37.61,1350.2,1390.4,1390.4,0,0.024341,0.058824,0.0060852,0.63083,0.27992,1447.8,Savaş öncesi
Batı İran (çoğu Huzistan),2025-08-04,493,0.97972,12.31,1008.6,1008.6,1008.6,0,0,0.020284,0,0.63083,0.34888,1008.6,Savaş öncesi
Batı İran (çoğu Huzistan),2025-08-05,493,0.94118,22.72,955.44,955.44,955.4,0,0.020284,0.032454,0.0060852,0.6572,0.28398,964.66,Savaş öncesi
Batı İran (çoğu Huzistan),2025-08-06,493,0.88438,46.625,884.3,985.96,1228,0,0.014199,0.060852,0.040568,0.6714,0.21298,1253.8,Savaş öncesi
Batı İran (çoğu Huzistan),2025-08-07,493,0.90669,59.78,1219.9,1469,2030.9,0,0.010142,0.03854,0.044625,0.6998,0.2069,2122.4,Savaş öncesi
Batı İran (çoğu Huzistan),2025-08-08,493,0.86004,45.71,729.22,846.88,846.86,0,0.034483,0.075051,0.030426,0.64097,0.21907,900.8,Savaş öncesi
Batı İran (çoğu Huzistan),2025-08-09,493,0.9716,20.19,1109.8,1109.8,1109.8,0,0,0.028398,0,0.66734,0.30426,1109.8,Savaş öncesi
Batı İran (çoğu Huzistan),2025-08-10,493,0.9858,13.095,999.43,999.43,999.45,0,0.0040568,0.010142,0,0.66937,0.31643,999.45,Savaş öncesi
Batı İran (çoğu Huzistan),2025-08-11,493,0.9574,41.025,1233.5,1307.9,1410.4,0,0.028398,0.0060852,0.0081136,0.643,0.3144,1479.7,Savaş öncesi
Batı İran (çoğu Huzistan),2025-08-12,493,0.98783,57.66,1464.9,1793.6,2252,0,0.0040568,0.0020284,0.0060852,0.66937,0.31846,2297,Savaş öncesi
Batı İran (çoğu Huzistan),2025-08-13,493,0.93712,51.195,1475.2,1503.7,1698.7,0,0.018256,0.0020284,0.042596,0.61258,0.32454,1779.7,Savaş öncesi
Batı İran (çoğu Huzistan),2025-08-14,493,0.96146,29.68,1017.8,1043,1043,0,0.028398,0.010142,0,0.64097,0.32049,1106.6,Savaş öncesi
Batı İran (çoğu Huzistan),2025-08-15,493,0.98174,7.325,928.73,928.73,928.75,0,0.0040568,0.014199,0,0.61663,0.36511,928.75,Savaş öncesi
Batı İran (çoğu Huzistan),2025-08-16,493,0.96349,32.54,1014,1022.1,1022,0,0.030426,0,0.0060852,0.65112,0.31237,1044.6,Savaş öncesi
Batı İran (çoğu Huzistan),2025-08-17,493,0.93712,53.915,1345.3,1651.6,1958.9,0,0.030426,0,0.032454,0.6572,0.27992,2059.5,Savaş öncesi
Batı İran (çoğu Huzistan),2025-08-18,493,0.93103,56.7,1378,1715.3,2140.9,0,0.026369,0,0.042596,0.63692,0.29412,2241.6,Savaş öncesi
Batı İran (çoğu Huzistan),2025-08-19,493,0.96146,38.12,1006.8,1016.2,1016.2,0,0.034483,0,0.0040568,0.67343,0.28803,1162.3,Savaş öncesi
Batı İran (çoğu Huzistan),2025-08-20,493,0.99594,12.32,1229.5,1229.5,1229.6,0,0.0040568,0,0,0.63895,0.357,1229.6,Savaş öncesi
Batı İran (çoğu Huzistan),2025-08-21,493,0.97566,23.12,1139.8,1222.9,1226.5,0,0.020284,0,0.0040568,0.64503,0.33063,1312,Savaş öncesi
Batı İran (çoğu Huzistan),2025-08-22,493,0.95538,47.39,1332.9,1579.8,1848.7,0,0.024341,0,0.020284,0.64097,0.3144,1894.2,Savaş öncesi
Batı İran (çoğu Huzistan),2025-08-23,493,0.96755,59.55,1505.2,1797.8,2093.2,0,0.0081136,0,0.024341,0.67546,0.29209,2227.2,Savaş öncesi
Batı İran (çoğu Huzistan),2025-08-24,493,0.93712,44.735,1349.6,1434,1434.1,0,0.044625,0,0.018256,0.63489,0.30223,1533.2,Savaş öncesi
Batı İran (çoğu Huzistan),2025-08-25,493,1,20.21,1128.4,1132.6,1132.6,0,0,0,0,0.65314,0.34686,1132.6,Savaş öncesi
Batı İran (çoğu Huzistan),2025-08-26,493,0.98377,12.59,1041.4,1044.1,1044.1,0,0.014199,0,0.0020284,0.65517,0.3286,1051.8,Savaş öncesi
Batı İran (çoğu Huzistan),2025-08-27,493,0.95943,41.08,1086,1114.1,1167.4,0,0.034483,0,0.0060852,0.66329,0.29615,1207.4,Savaş öncesi
Batı İran (çoğu Huzistan),2025-08-28,493,0.96349,57.65,1231.8,1360,1752.9,0,0.0081136,0,0.028398,0.66531,0.29817,1799.6,Savaş öncesi
Batı İran (çoğu Huzistan),2025-08-29,493,0.93509,51.57,1237.3,1295.3,1446.5,0,0.042596,0,0.022312,0.63895,0.29615,1547.7,Savaş öncesi
Batı İran (çoğu Huzistan),2025-08-30,493,0.97363,29.35,1147,1163.1,1163,0,0.022312,0,0.0040568,0.63489,0.33874,1182.7,Savaş öncesi
Batı İran (çoğu Huzistan),2025-08-31,493,0.99391,7.315,991.8,991.8,991.81,0,0.0060852,0,0,0.62677,0.36714,992.79,Savaş öncesi
Batı İran (çoğu Huzistan),2025-09-01,493,0.94726,32.64,1182.2,1208.3,1208.3,0,0.048682,0,0.0040568,0.643,0.30426,1244,Savaş öncesi
Batı İran (çoğu Huzistan),2025-09-02,493,0.94726,54.02,947.87,1100.3,1490.4,0,0.030426,0,0.022312,0.6572,0.29006,1571.8,Savaş öncesi
Batı İran (çoğu Huzistan),2025-09-03,493,0.95132,57.01,1163.9,1264.7,1616.5,0,0.020284,0.0040568,0.024341,0.66329,0.28803,1778.1,Savaş öncesi
Batı İran (çoğu Huzistan),2025-09-04,493,0.96552,37.94,1229.8,1308.4,1308.3,0,0.024341,0,0.010142,0.62069,0.34483,1328.6,Savaş öncesi
Batı İran (çoğu Huzistan),2025-09-05,493,1,12.23,1156.8,1156.8,1156.9,0,0,0,0,0.62272,0.37728,1156.9,Savaş öncesi
Batı İran (çoğu Huzistan),2025-09-06,493,0.9858,23.33,1142.9,1201.6,1203.1,0,0.01217,0,0.0020284,0.6146,0.3712,1235.4,Savaş öncesi
Batı İran (çoğu Huzistan),2025-09-07,493,0.94118,47.785,1449.9,1679.6,1827.8,0,0.040568,0,0.018256,0.59838,0.3428,1937.2,Savaş öncesi
Batı İran (çoğu Huzistan),2025-09-08,493,0.96755,59.54,1609.3,1885.5,2443.3,0,0.0081136,0,0.024341,0.61055,0.357,2509.1,Savaş öncesi
Batı İran (çoğu Huzistan),2025-09-09,493,0.92495,44.645,1398.9,1510.5,1510.5,0,0.056795,0,0.018256,0.60243,0.32252,1577.3,Savaş öncesi
Batı İran (çoğu Huzistan),2025-09-10,493,0.99594,20.04,1364,1364,1364.1,0,0,0.0040568,0,0.63083,0.36511,1364.1,Savaş öncesi
Batı İran (çoğu Huzistan),2025-09-11,493,0.98783,12.81,1192.5,1192.5,1192.6,0,0.01217,0,0,0.62069,0.36714,1204,Savaş öncesi
Batı İran (çoğu Huzistan),2025-09-12,493,0.95335,41.235,1285.1,1441.6,1515,0,0.036511,0,0.010142,0.61866,0.33469,1553.1,Savaş öncesi
Batı İran (çoğu Huzistan),2025-09-13,493,0.97769,57.8,1233.8,1433.5,1772.6,0,0.0081136,0,0.014199,0.64909,0.3286,1826.7,Savaş öncesi
Batı İran (çoğu Huzistan),2025-09-14,493,0.94523,51.495,1317.3,1431.1,1487.5,0,0.026369,0,0.028398,0.60243,0.3428,1566.5,Savaş öncesi
Batı İran (çoğu Huzistan),2025-09-15,493,0.98174,29.39,1287.1,1289.2,1289.2,0,0.014199,0,0.0040568,0.61055,0.3712,1301.1,Savaş öncesi
Batı İran (çoğu Huzistan),2025-09-16,493,1,7.18,1110.5,1110.5,1110.4,0,0,0,0,0.59229,0.40771,1110.4,Savaş öncesi
Batı İran (çoğu Huzistan),2025-09-17,493,0.9574,32.69,1443.4,1472,1485.9,0,0.036511,0,0.0060852,0.60041,0.357,1569.7,Savaş öncesi
Batı İran (çoğu Huzistan),2025-09-18,493,0.94118,54.23,1651,2068.4,2543.2,0,0.016227,0.0081136,0.034483,0.61866,0.32252,2706.8,Savaş öncesi
Batı İran (çoğu Huzistan),2025-09-19,493,0.9574,56.73,1424.4,1845.9,2138.5,0,0.022312,0,0.020284,0.6146,0.3428,2203.9,Savaş öncesi
Batı İran (çoğu Huzistan),2025-09-20,493,0.92292,38.81,986.78,1031.1,1031.2,0,0.014199,0.05071,0.01217,0.58824,0.33469,1190.1,Savaş öncesi
Batı İran (çoğu Huzistan),2025-09-21,493,0.99594,11.94,1131.3,1131.3,1131.3,0,0,0.0040568,0,0.58824,0.40771,1131.3,Savaş öncesi
Batı İran (çoğu Huzistan),2025-09-22,493,0.9858,23.645,1242.3,1338.5,1338.4,0,0.01217,0,0.0020284,0.59635,0.38945,1343.5,Savaş öncesi
Batı İran (çoğu Huzistan),2025-09-23,493,0.9574,47.74,1404.5,1608.1,1784.9,0,0.028398,0,0.014199,0.59838,0.35903,1878.2,Savaş öncesi
Batı İran (çoğu Huzistan),2025-09-24,493,0.97566,59.56,1473.6,1775.2,2109.6,0,0.0040568,0,0.020284,0.60041,0.37525,2169.2,Savaş öncesi
Batı İran (çoğu Huzistan),2025-09-25,493,0.94118,44.525,1237.5,1312.9,1312.9,0,0.05071,0,0.0081136,0.58418,0.357,1349.8,Savaş öncesi
Batı İran (çoğu Huzistan),2025-09-26,493,0.99594,19.7,1007.4,1007.4,1007.3,0,0,0.0040568,0,0.59432,0.40162,1007.3,Savaş öncesi
Batı İran (çoğu Huzistan),2025-09-27,493,0.97972,14.18,1055.8,1055.8,1055.9,0,0.0040568,0.016227,0,0.61663,0.36308,1057.8,Savaş öncesi
Batı İran (çoğu Huzistan),2025-09-28,493,0.96349,41.53,1489.9,1530.7,1622.7,0,0.030426,0,0.0060852,0.59635,0.36714,1635.9,Savaş öncesi
Batı İran (çoğu Huzistan),2025-09-29,493,0.97566,57.89,1534.8,1837.6,2214,0,0,0,0.024341,0.62272,0.35294,2271,Savaş öncesi
Batı İran (çoğu Huzistan),2025-09-30,493,0.9432,50.84,1180.2,1223.1,1420.8,0,0.034483,0,0.022312,0.60852,0.33469,1576.3,Savaş öncesi
Batı İran (çoğu Huzistan),2025-10-01,493,0.97566,28.87,1431.3,1501,1501.1,0,0.020284,0,0.0040568,0.60446,0.3712,1547,Savaş öncesi
Batı İran (çoğu Huzistan),2025-10-02,493,0.99797,7.15,958.93,958.93,958.84,0,0.0020284,0,0,0.60041,0.39757,960.45,Savaş öncesi
Batı İran (çoğu Huzistan),2025-10-03,493,0.96755,33.32,1245.2,1305.8,1303.5,0,0.030426,0,0.0020284,0.61866,0.34888,1352.2,Savaş öncesi
Batı İran (çoğu Huzistan),2025-10-04,493,0.93915,54.66,1319,1584.4,1817.3,0,0.036511,0,0.024341,0.61258,0.32657,1903,Savaş öncesi
Batı İran (çoğu Huzistan),2025-10-05,493,0.9574,56.35,1201.6,1474.9,1695.2,0,0.018256,0,0.024341,0.61055,0.34686,1817.2,Savaş öncesi
Batı İran (çoğu Huzistan),2025-10-06,493,0.97566,37.42,1103.7,1142.4,1142.5,0,0.020284,0,0.0040568,0.61258,0.36308,1174.8,Savaş öncesi
Batı İran (çoğu Huzistan),2025-10-07,493,1,11.45,868.19,868.19,868.24,0,0,0,0,0.60041,0.39959,868.24,Savaş öncesi
Batı İran (çoğu Huzistan),2025-10-08,493,0.97972,24.12,1036.8,1050.6,1053.1,0,0.018256,0,0.0020284,0.61866,0.36105,1092.8,Savaş öncesi
Batı İran (çoğu Huzistan),2025-10-09,493,0.96349,48.28,1174,1247.9,1441.8,0,0.022312,0,0.014199,0.61663,0.34686,1487.2,Savaş öncesi
Batı İran (çoğu Huzistan),2025-10-10,493,0.98377,59.7,1261.2,1558.9,1745.8,0,0.0081136,0,0.0081136,0.66329,0.32049,1801.9,Savaş öncesi
Batı İran (çoğu Huzistan),2025-10-11,493,0.94929,44.21,1071.8,1139.5,1139.5,0,0.036511,0,0.014199,0.61258,0.33671,1190.5,Savaş öncesi
Batı İran (çoğu Huzistan),2025-10-12,493,0.99594,19.09,911.4,911.4,911.32,0,0.0020284,0.0020284,0,0.59026,0.40568,911.32,Savaş öncesi
Batı İran (çoğu Huzistan),2025-10-13,493,0.99797,14.37,897.53,900.86,900.83,0,0.0020284,0,0,0.59635,0.40162,900.83,Savaş öncesi
Batı İran (çoğu Huzistan),2025-10-14,493,0.9574,41.73,1002.4,1198.5,1271.2,0,0.030426,0,0.01217,0.61055,0.34686,1335.1,Savaş öncesi
Batı İran (çoğu Huzistan),2025-10-15,493,0.97363,58.1,1458.3,1739.5,1957,0,0.0081136,0,0.018256,0.59635,0.37728,2001.7,Savaş öncesi
Batı İran (çoğu Huzistan),2025-10-16,493,0.93712,50.495,1179.7,1423.4,1573.3,0,0.03854,0,0.024341,0.58824,0.34888,1631.3,Savaş öncesi
Batı İran (çoğu Huzistan),2025-10-17,493,0.99189,28.5,1090.2,1134.3,1134.4,0,0.0081136,0,0,0.6146,0.37728,1138.9,Savaş öncesi
Batı İran (çoğu Huzistan),2025-10-18,493,0.99594,7.12,938.9,938.9,938.83,0,0.0040568,0,0,0.61055,0.3854,940.36,Savaş öncesi
Batı İran (çoğu Huzistan),2025-10-19,493,0.97566,33.94,1061.9,1087.9,1106.2,0,0.022312,0,0.0020284,0.63895,0.33671,1128.2,Savaş öncesi
Batı İran (çoğu Huzistan),2025-10-20,493,0.93712,54.79,1087.6,1141.7,1463.1,0,0.040568,0,0.022312,0.60852,0.3286,1503.7,Savaş öncesi
Batı İran (çoğu Huzistan),2025-10-21,493,0.95132,56.25,1410.4,1684.5,1897.3,0,0.020284,0.0081136,0.020284,0.6146,0.33671,1923.8,Savaş öncesi
Batı İran (çoğu Huzistan),2025-10-22,493,0.96957,36.87,1033.3,1068.7,1068.7,0,0.024341,0,0.0060852,0.61663,0.35294,1096.7,Savaş öncesi
Batı İran (çoğu Huzistan),2025-10-23,493,1,10.96,929.28,929.28,929.28,0,0,0,0,0.59635,0.40365,929.28,Savaş öncesi
Batı İran (çoğu Huzistan),2025-10-24,493,0.9716,24.86,1001.9,1014.6,1017.8,0,0.014199,0.010142,0.0040568,0.62677,0.34483,1023.2,Savaş öncesi
Batı İran (çoğu Huzistan),2025-10-25,493,0.94929,48.81,1201,1422.5,1720.2,0,0.024341,0.0040568,0.022312,0.57809,0.3712,1782.7,Savaş öncesi
Batı İran (çoğu Huzistan),2025-10-26,493,0.96349,59.89,1283.3,1494.3,1714.4,0,0.0060852,0.0020284,0.028398,0.60243,0.36105,1771.1,Savaş öncesi
Batı İran (çoğu Huzistan),2025-10-27,493,0.93915,43.68,1107.4,1246.9,1246.9,0,0.044625,0,0.016227,0.58215,0.357,1310.9,Savaş öncesi
Batı İran (çoğu Huzistan),2025-10-28,493,1,18.3,974.42,974.42,974.39,0,0,0,0,0.58418,0.41582,974.39,Savaş öncesi
Batı İran (çoğu Huzistan),2025-10-29,493,0.98986,15.005,881.76,884.42,886.57,0,0.0020284,0.0060852,0.0020284,0.57809,0.41176,891.4,Savaş öncesi
Batı İran (çoğu Huzistan),2025-10-30,493,0.97566,42.29,1358.7,1408,1505.1,0,0.014199,0,0.010142,0.60041,0.37525,1519.6,Savaş öncesi
Batı İran (çoğu Huzistan),2025-10-31,493,0.97363,58.45,1275.4,1550.7,1732.3,0,0,0,0.026369,0.63895,0.33469,1759.3,Savaş öncesi
Batı İran (çoğu Huzistan),2025-11-01,493,0.92292,50.03,1260.7,1430.8,1561.3,0,0.044625,0,0.032454,0.56389,0.35903,1656.6,Savaş öncesi
Batı İran (çoğu Huzistan),2025-11-02,493,0.97769,27.535,980.47,1035.4,1035.4,0,0.022312,0,0,0.58215,0.39554,1045.9,Savaş öncesi
Batı İran (çoğu Huzistan),2025-11-03,493,0.99189,6.57,961.46,961.46,961.39,0,0.0081136,0,0,0.59229,0.39959,962.75,Savaş öncesi
Batı İran (çoğu Huzistan),2025-11-04,493,0.95943,35.02,1079.9,1149.9,1153.8,0,0.03854,0,0.0020284,0.60243,0.357,1222.9,Savaş öncesi
Batı İran (çoğu Huzistan),2025-11-05,493,0.94523,55.19,1246.6,1470.4,1751.2,0,0.030426,0,0.024341,0.60041,0.34483,1833,Savaş öncesi
Batı İran (çoğu Huzistan),2025-11-06,493,0.9432,55.38,1072.8,1192.8,1343.3,0,0.022312,0,0.034483,0.56795,0.37525,1448.3,Savaş öncesi
Batı İran (çoğu Huzistan),2025-11-07,493,0.96146,37.06,747.76,765.51,765.54,0,0.032454,0,0.0060852,0.63083,0.33063,796.59,Savaş öncesi
Batı İran (çoğu Huzistan),2025-11-08,493,0.99594,10.36,673.8,673.8,673.93,0,0.0020284,0.0020284,0,0.59229,0.40365,673.93,Savaş öncesi
Batı İran (çoğu Huzistan),2025-11-09,493,0.97769,25.295,885.11,914.49,914.36,0,0.016227,0,0.0060852,0.60041,0.37728,947.6,Savaş öncesi
Batı İran (çoğu Huzistan),2025-11-10,493,0.92089,48.87,972.55,1160.9,1304.4,0,0.040568,0,0.03854,0.58215,0.33874,1504.6,Savaş öncesi
Batı İran (çoğu Huzistan),2025-11-11,493,0.95132,59.78,1099.2,1403.4,1678.8,0,0.01217,0.010142,0.026369,0.63083,0.32049,1773.6,Savaş öncesi
Batı İran (çoğu Huzistan),2025-11-12,493,0.92495,43.5,835.71,915.49,915.38,0,0.056795,0,0.018256,0.60649,0.31846,997.45,Savaş öncesi
Batı İran (çoğu Huzistan),2025-11-13,493,0.83164,17.315,613.55,613.55,613.61,0,0,0.16836,0,0.51116,0.32049,617.97,Savaş öncesi
Batı İran (çoğu Huzistan),2025-11-14,493,0.39554,11.81,211.95,211.95,211.97,0,0.0060852,0.59838,0,0.26369,0.13185,223.25,Savaş öncesi
Batı İran (çoğu Huzistan),2025-11-15,493,0.43205,46.26,268.7,319.83,346.99,0,0.024341,0.51116,0.032454,0.33874,0.093306,351,Savaş öncesi
Batı İran (çoğu Huzistan),2025-11-16,493,0.87018,59.18,826.5,1173.1,1319.4,0,0.0060852,0.046653,0.077079,0.62475,0.24544,1373.2,Savaş öncesi
Batı İran (çoğu Huzistan),2025-11-17,493,0.9574,50.15,1017.2,1029,1136.5,0,0.026369,0,0.016227,0.60243,0.35497,1173.3,Savaş öncesi
Batı İran (çoğu Huzistan),2025-11-18,493,0.97769,27.97,869.1,963.04,962.98,0,0.020284,0,0.0020284,0.61663,0.36105,967.38,Savaş öncesi
Batı İran (çoğu Huzistan),2025-11-19,493,0.99594,7,789.51,789.51,789.64,0,0.0040568,0,0,0.60041,0.39554,789.64,Savaş öncesi
Batı İran (çoğu Huzistan),2025-11-20,493,0.96755,34.33,863.12,892.87,885.08,0,0.028398,0,0.0040568,0.6288,0.33874,940.2,Savaş öncesi
Batı İran (çoğu Huzistan),2025-11-21,493,0.94929,54.72,1041.3,1134.5,1436,0,0.030426,0,0.020284,0.59432,0.35497,1457.9,Savaş öncesi
Batı İran (çoğu Huzistan),2025-11-22,493,0.95132,56.38,1026.8,1275.8,1526.8,0,0.016227,0.0040568,0.028398,0.6288,0.32252,1593.5,Savaş öncesi
Batı İran (çoğu Huzistan),2025-11-23,493,0.95943,36.98,832.13,847.67,847.6,0,0.024341,0.0081136,0.0081136,0.62475,0.33469,926.59,Savaş öncesi
Batı İran (çoğu Huzistan),2025-11-24,493,0.99797,10.975,827.96,827.96,827.91,0,0,0.0020284,0,0.59432,0.40365,827.91,Savaş öncesi
Batı İran (çoğu Huzistan),2025-11-25,493,0.65112,21.49,442.66,449.15,449.16,0,0.022312,0.32657,0,0.44219,0.20892,488.5,Savaş öncesi
Batı İran (çoğu Huzistan),2025-11-26,493,0.95132,48.27,1040,1148.4,1284,0,0.030426,0.010142,0.0081136,0.64097,0.31034,1344.2,Savaş öncesi
Batı İran (çoğu Huzistan),2025-11-27,493,0.98174,59.725,1125.9,1280.2,1548.6,0,0.0060852,0,0.01217,0.64503,0.33671,1576.3,Savaş öncesi
Batı İran (çoğu Huzistan),2025-11-28,493,0.92495,43.95,990.09,1076.4,1076.4,0,0.058824,0,0.016227,0.58012,0.34483,1088.5,Savaş öncesi
Batı İran (çoğu Huzistan),2025-11-29,493,0.96146,19.71,559.15,559.15,559.16,0,0,0.03854,0,0.61663,0.34483,559.16,Savaş öncesi
Batı İran (çoğu Huzistan),2025-11-30,493,0.8641,11.71,569.27,569.27,569.22,0,0,0.13387,0.0020284,0.56389,0.3002,588.04,Savaş öncesi
Batı İran (çoğu Huzistan),2025-12-01,493,0.91278,41.29,895.64,918.91,923.34,0,0.028398,0.042596,0.016227,0.61258,0.3002,1003.2,Savaş öncesi
Batı İran (çoğu Huzistan),2025-12-02,493,0.70183,58.445,290.16,336.79,385.41,0,0.0020284,0.14402,0.15213,0.54767,0.15416,447.19,Savaş öncesi
Batı İran (çoğu Huzistan),2025-12-03,493,0.93306,50.59,1059.5,1185.1,1338.7,0,0.032454,0.0081136,0.026369,0.61258,0.32049,1381,Savaş öncesi
Batı İran (çoğu Huzistan),2025-12-04,493,0.77079,29.945,511.61,599.46,599.57,0,0.026369,0.19675,0.0060852,0.53955,0.23124,644.1,Savaş öncesi
Batı İran (çoğu Huzistan),2025-12-05,493,0.99391,6.96,631.91,631.91,631.95,0,0,0.0060852,0,0.63489,0.35903,631.95,Savaş öncesi
Batı İran (çoğu Huzistan),2025-12-06,493,0.94726,33.26,935.8,971.59,975.37,0,0.026369,0.020284,0.0060852,0.61866,0.3286,1026,Savaş öncesi
Batı İran (çoğu Huzistan),2025-12-07,493,0.37323,50.33,160.48,182.61,182.62,0,0.032454,0.4503,0.14402,0.29209,0.081136,207.01,Savaş öncesi
Batı İran (çoğu Huzistan),2025-12-08,493,0.042596,54.76,3.9239,3.9239,3.92,0,0.028398,0.77079,0.15822,0.036511,0.0060852,3.92,Savaş öncesi
Batı İran (çoğu Huzistan),2025-12-09,493,0,,,,,0,0.018256,0.95538,0.026369,0,0,0,Savaş öncesi
Batı İran (çoğu Huzistan),2025-12-10,493,0.70791,7.93,294.39,294.39,294.36,0,0,0.29209,0,0.55375,0.15416,303.41,Savaş öncesi
Batı İran (çoğu Huzistan),2025-12-11,493,0.89452,22.38,510.12,529.45,529.42,0,0.020284,0.079108,0.0060852,0.64909,0.24544,606.15,Savaş öncesi
Batı İran (çoğu Huzistan),2025-12-12,493,0.86613,47.44,842.03,926.73,1005.9,0,0.032454,0.066937,0.034483,0.62475,0.24138,1089.8,Savaş öncesi
Batı İran (çoğu Huzistan),2025-12-13,493,0.44016,59.66,188.08,215.23,244.6,0,0.0081136,0.39554,0.15619,0.36511,0.075051,254.66,Savaş öncesi
Batı İran (çoğu Huzistan),2025-12-14,493,0.66531,42.02,529.11,552.95,552.92,0,0.044625,0.26369,0.026369,0.4645,0.20081,588.3,Savaş öncesi
Batı İran (çoğu Huzistan),2025-12-15,493,0.68763,23.27,167.4,167.4,167.41,0,0,0.31237,0,0.59635,0.091278,186.59,Savaş öncesi
Batı İran (çoğu Huzistan),2025-12-16,493,0.70385,14.67,544.58,544.58,544.55,0,0.0020284,0.29412,0,0.45233,0.25152,544.55,Savaş öncesi
Batı İran (çoğu Huzistan),2025-12-17,493,0.4929,42.66,363.52,373.58,373.57,0,0.028398,0.43813,0.040568,0.357,0.1359,429.13,Savaş öncesi
Batı İran (çoğu Huzistan),2025-12-18,493,0.24341,55.54,31.385,34.169,48.55,0,0.0020284,0.61866,0.1359,0.22515,0.018256,69.83,Savaş öncesi
Batı İran (çoğu Huzistan),2025-12-19,493,0.88844,50.655,722.95,763.15,854.8,0,0.026369,0.032454,0.052738,0.63692,0.25152,922.49,Savaş öncesi
Batı İran (çoğu Huzistan),2025-12-20,493,0.97363,29.13,655.9,661.48,661.48,0,0.01217,0.014199,0,0.64503,0.3286,674.13,Savaş öncesi
Batı İran (çoğu Huzistan),2025-12-21,493,0.87627,6.42,452.8,452.8,452.79,0,0.0020284,0.1217,0,0.54767,0.3286,462.15,Savaş öncesi
Batı İran (çoğu Huzistan),2025-12-22,493,0.94523,32.89,752.73,773.71,774.96,0,0.014199,0.034483,0.0060852,0.61663,0.3286,807.77,Savaş öncesi
Batı İran (çoğu Huzistan),2025-12-23,493,0.74239,54.775,766.53,826.43,972.73,0,0.036511,0.15619,0.064909,0.51521,0.22718,991.47,Savaş öncesi
Batı İran (çoğu Huzistan),2025-12-24,493,0.95335,56.425,704.24,923.96,1228.5,0,0.016227,0.0020284,0.028398,0.67748,0.27586,1273.5,Savaş öncesi
Batı İran (çoğu Huzistan),2025-12-25,493,0.82353,39.23,532.21,550.65,550.69,0,0.026369,0.12982,0.020284,0.56592,0.25761,587.81,Savaş öncesi
Batı İran (çoğu Huzistan),2025-12-26,493,0.55375,6.27,141.07,141.07,141.05,0,0,0.44625,0,0.45233,0.10142,141.22,Savaş öncesi
Batı İran (çoğu Huzistan),2025-12-27,493,0.75456,23.49,343.23,441.26,441.23,0,0.016227,0.22718,0.0020284,0.61663,0.13793,445.24,Savaş öncesi
Batı İran (çoğu Huzistan),2025-12-28,493,0.92292,47.68,621.95,701.77,783.94,0,0.018256,0.034483,0.024341,0.68154,0.24138,813.99,Savaş öncesi
Batı İran (çoğu Huzistan),2025-12-29,493,0.50304,63.27,222.1,250.54,281.56,0,0.0060852,0.37525,0.11562,0.39959,0.10345,345.4,Savaş öncesi
Batı İran (çoğu Huzistan),2025-12-30,493,0.88235,45.4,999.46,1129.6,1129.7,0,0.042596,0.06288,0.01217,0.61663,0.26572,1170.1,Savaş öncesi
Batı İran (çoğu Huzistan),2025-12-31,493,0.90669,21.18,585.21,585.21,585.22,0,0.0040568,0.089249,0,0.6146,0.29209,585.22,Savaş öncesi
Batı İran (çoğu Huzistan),2026-01-01,493,0.62475,9.405,214.52,214.52,214.56,0,0.0040568,0.3712,0,0.46045,0.1643,221.89,Savaş öncesi
Batı İran (çoğu Huzistan),2026-01-02,493,0.82353,40.87,651.66,856.36,902.37,0,0.028398,0.11156,0.036511,0.55781,0.26572,927.02,Savaş öncesi
Batı İran (çoğu Huzistan),2026-01-03,493,0.95943,57.95,866.37,1111.7,1313.7,0,0.010142,0.0081136,0.022312,0.68357,0.27586,1347.3,Savaş öncesi
Batı İran (çoğu Huzistan),2026-01-04,493,0.91481,51.38,830.57,965.82,1076.5,0,0.034483,0.014199,0.036511,0.6146,0.3002,1116.1,Savaş öncesi
Batı İran (çoğu Huzistan),2026-01-05,493,0.95538,29.31,764.15,785.3,785.35,0,0.020284,0.020284,0.0040568,0.65112,0.30426,803.06,Savaş öncesi
Batı İran (çoğu Huzistan),2026-01-06,493,0.98986,7.155,626.53,626.53,626.61,0,0.0020284,0.0081136,0,0.63083,0.35903,626.61,Savaş öncesi
Batı İran (çoğu Huzistan),2026-01-07,493,0.9574,32.82,825.82,865.61,0,0,0.028398,0.0060852,0.0081136,0.63083,0.32657,,Savaş öncesi
Batı İran (çoğu Huzistan),2026-01-08,493,0.92292,54.21,873.63,971.57,1318,0,0.036511,0.010142,0.030426,0.64706,0.27586,1402.3,Savaş öncesi
Batı İran (çoğu Huzistan),2026-01-09,493,0.024341,57.85,0,0,0,0,0.01217,0.78499,0.1785,0.024341,0,8.03,Savaş öncesi
Batı İran (çoğu Huzistan),2026-01-10,493,0,,,,,1,0,0,0,0,0,850.97,Savaş öncesi
Batı İran (çoğu Huzistan),2026-01-11,493,0,,,,,1,0,0,0,0,0,589.23,Savaş öncesi
Batı İran (çoğu Huzistan),2026-01-12,493,0,,,,,1,0,0,0,0,0,130.89,Savaş öncesi
Batı İran (çoğu Huzistan),2026-01-13,493,0,,,,,1,0,0,0,0,0,306.58,Savaş öncesi
Batı İran (çoğu Huzistan),2026-01-14,493,0,,,,,1,0,0,0,0,0,952.29,Savaş öncesi
Batı İran (çoğu Huzistan),2026-01-15,493,0.88844,44.73,734.35,835.7,835.74,0,0.054767,0.032454,0.024341,0.6288,0.25963,872.52,Savaş öncesi
Batı İran (çoğu Huzistan),2026-01-16,493,0.93915,20.68,692.8,692.8,692.82,0,0.0040568,0.056795,0,0.61055,0.3286,693.53,Savaş öncesi
Batı İran (çoğu Huzistan),2026-01-17,493,0.76673,9.8,406.37,406.37,406.34,0,0.0060852,0.22718,0,0.52941,0.23732,406.34,Savaş öncesi
Batı İran (çoğu Huzistan),2026-01-18,493,0.56592,42.79,354.97,370.02,400.54,0,0.044625,0.36917,0.020284,0.45639,0.10953,422.92,Savaş öncesi
Batı İran (çoğu Huzistan),2026-01-19,493,0.79919,57.595,374.52,415.31,744.27,0,0.0040568,0.1359,0.060852,0.63286,0.16633,905.44,Savaş öncesi
Batı İran (çoğu Huzistan),2026-01-20,493,0.58215,49.31,665.19,692.71,701.63,0,0.034483,0.30629,0.077079,0.39757,0.18458,754.36,Savaş öncesi
Batı İran (çoğu Huzistan),2026-01-21,493,0.90467,30.68,753.3,773.32,773.4,0,0.016227,0.075051,0.0040568,0.62069,0.28398,782.52,Savaş öncesi
Batı İran (çoğu Huzistan),2026-01-22,493,0.56795,5.455,276.67,276.67,276.68,0,0.0020284,0.43002,0,0.38742,0.18053,302.04,Savaş öncesi
Batı İran (çoğu Huzistan),2026-01-23,493,0.53955,35.98,153.73,155.81,155.78,0,0.022312,0.42191,0.016227,0.48479,0.054767,166.65,Savaş öncesi
Batı İran (çoğu Huzistan),2026-01-24,493,0.040568,53.165,3.2608,3.2608,4.42,0,0.032454,0.79716,0.12982,0.036511,0.0040568,4.42,Savaş öncesi
Batı İran (çoğu Huzistan),2026-01-25,493,0.95943,56.98,928.68,1066.1,1329.9,0,0.016227,0.010142,0.014199,0.66329,0.29615,1362.3,Savaş öncesi
Batı İran (çoğu Huzistan),2026-01-26,493,0.94929,38.57,789.34,809.78,809.83,0,0.0081136,0.034483,0.0081136,0.643,0.30629,818.53,Savaş öncesi
Batı İran (çoğu Huzistan),2026-01-27,493,0.60041,8.125,486.39,486.39,486.4,0,0,0.39757,0.0020284,0.39554,0.20487,532.29,Savaş öncesi
Batı İran (çoğu Huzistan),2026-01-28,493,0.079108,43.5,28.017,28.017,28.02,0,0.026369,0.89249,0.0020284,0.06288,0.016227,28.02,Savaş öncesi
Batı İran (çoğu Huzistan),2026-01-29,493,0.93915,47.52,712.73,842.01,947.99,0,0.026369,0.020284,0.014199,0.66329,0.27586,976.64,Savaş öncesi
Batı İran (çoğu Huzistan),2026-01-30,493,0.69777,61.06,542.21,679.64,755.23,0,0.0060852,0.18053,0.11562,0.52941,0.16836,890.58,Savaş öncesi
Batı İran (çoğu Huzistan),2026-01-31,493,0.85396,45.12,702.91,808.42,808.36,0,0.054767,0.073022,0.018256,0.58012,0.27383,864.73,Savaş öncesi
Batı İran (çoğu Huzistan),2026-02-01,493,0.98377,20.45,706.01,706.01,705.94,0,0,0.016227,0,0.60852,0.37525,705.94,Savaş öncesi
Batı İran (çoğu Huzistan),2026-02-02,493,0.66531,9.235,366.36,366.36,366.41,0,0.010142,0.32454,0,0.44625,0.21907,366.41,Savaş öncesi
Batı İran (çoğu Huzistan),2026-02-03,493,0.45639,43.72,247.13,267.43,313.61,0,0.032454,0.46653,0.044625,0.36105,0.095335,333.84,Savaş öncesi
Batı İran (çoğu Huzistan),2026-02-04,493,0.94118,57.805,930.4,1074.2,1317.5,0,0.0020284,0.022312,0.034483,0.63083,0.31034,1371,Savaş öncesi
Batı İran (çoğu Huzistan),2026-02-05,493,0.55375,47.78,572.79,620.2,620.21,0,0.034483,0.30223,0.10953,0.357,0.19675,704.96,Savaş öncesi
Batı İran (çoğu Huzistan),2026-02-06,493,0.0020284,22.76,0,0,0,0,0.01217,0.97972,0.0060852,0.0020284,0,0,Savaş öncesi
Batı İran (çoğu Huzistan),2026-02-07,493,0.63286,6.59,210.99,210.99,210.96,0,0.0020284,0.36511,0,0.54158,0.091278,212.55,Savaş öncesi
Batı İran (çoğu Huzistan),2026-02-08,493,0.87221,31.39,740.61,746.5,746.48,0,0.032454,0.079108,0.016227,0.6146,0.25761,761.11,Savaş öncesi
Batı İran (çoğu Huzistan),2026-02-09,493,0.79919,53.22,658.86,769.57,930.55,0,0.032454,0.11359,0.054767,0.53955,0.25963,1001.7,Savaş öncesi
Batı İran (çoğu Huzistan),2026-02-10,493,0.32657,60.43,136.77,157.97,155.5,0,0.022312,0.50913,0.14199,0.26369,0.06288,256.53,Savaş öncesi
Batı İran (çoğu Huzistan),2026-02-11,493,0.085193,20.19,12.568,12.568,12.56,0,0.034483,0.87424,0.0060852,0.068966,0.016227,13.99,Savaş öncesi
Batı İran (çoğu Huzistan),2026-02-12,493,0.9432,12.14,652.73,652.73,652.7,0,0,0.056795,0,0.62475,0.31846,652.7,Savaş öncesi
Batı İran (çoğu Huzistan),2026-02-13,493,0.89858,22.28,802,816.48,816.5,0,0.010142,0.085193,0.0060852,0.57404,0.32454,839.45,Savaş öncesi
Batı İran (çoğu Huzistan),2026-02-14,493,0.75659,49.42,545.51,650.64,693.24,0,0.024341,0.19473,0.024341,0.54158,0.21501,726.89,Savaş öncesi
Batı İran (çoğu Huzistan),2026-02-15,493,0.96552,59.545,887.81,1111.3,1250.4,0,0.0040568,0,0.030426,0.64909,0.31643,1280.2,Savaş öncesi
Batı İran (çoğu Huzistan),2026-02-16,493,0.92901,44.64,895.97,1013.5,1013.5,0,0.054767,0,0.016227,0.58215,0.34686,1058.9,Savaş öncesi
Batı İran (çoğu Huzistan),2026-02-17,493,0.96146,20.575,816.15,816.15,816.13,0,0,0.03854,0,0.57201,0.38945,816.13,Savaş öncesi
Batı İran (çoğu Huzistan),2026-02-18,493,0.99189,13.57,899.3,901.09,901.09,0,0.0060852,0.0020284,0,0.59432,0.39757,901.09,Savaş öncesi
Batı İran (çoğu Huzistan),2026-02-19,493,0.96755,41.29,884.46,1095.4,1154.1,0,0.020284,0.0020284,0.010142,0.60852,0.35903,1178.2,Savaş öncesi
Batı İran (çoğu Huzistan),2026-02-20,493,0.95943,57.9,861.87,1058.8,1371.4,0,0.0020284,0,0.03854,0.60446,0.35497,1396.1,Savaş öncesi
Batı İran (çoğu Huzistan),2026-02-21,493,0.95335,50.97,981.68,1171.4,1322.7,0,0.026369,0,0.020284,0.60243,0.35091,1335,Savaş öncesi
Batı İran (çoğu Huzistan),2026-02-22,493,0.97566,29.25,768.53,790.97,791.04,0,0.016227,0.0040568,0.0040568,0.60649,0.36917,793.94,Savaş öncesi
Batı İran (çoğu Huzistan),2026-02-23,493,0.93306,6.83,792.89,792.89,792.99,0,0.0040568,0.06288,0,0.56795,0.36511,792.99,Savaş öncesi
Batı İran (çoğu Huzistan),2026-02-24,493,0.66329,36.28,465.16,486.45,491.58,0,0.032454,0.29006,0.014199,0.46045,0.20284,512.3,Savaş öncesi
Batı İran (çoğu Huzistan),2026-02-25,493,0.93509,54.29,832.65,920.29,1151.4,0,0.036511,0,0.028398,0.6146,0.32049,1205.7,Savaş öncesi
Batı İran (çoğu Huzistan),2026-02-26,493,0.96349,56.85,862.97,988.31,1161.8,0,0.016227,0,0.020284,0.61866,0.34483,1207.5,Savaş öncesi
Batı İran (çoğu Huzistan),2026-02-27,493,0.91481,37.73,861.52,885.46,885.47,0,0.018256,0.054767,0.01217,0.60446,0.31034,899.75,Savaş öncesi
Batı İran (çoğu Huzistan),2026-02-28,493,0.83367,10.06,973.55,973.55,973.53,0,0,0.16633,0,0.57404,0.25963,974.17,geçiş
Batı İran (çoğu Huzistan),2026-03-01,493,0.93103,23.81,1064.3,1067,1067.1,0,0.014199,0.05071,0.0040568,0.60243,0.3286,1108.3,geçiş
Batı İran (çoğu Huzistan),2026-03-02,493,0.95132,47.86,1141.9,1454.1,1658.5,0,0.026369,0.0081136,0.014199,0.6288,0.32252,1684.6,1. kapanma
Batı İran (çoğu Huzistan),2026-03-03,493,0.83773,60.35,684.26,1166.9,1257.5,0,0.0060852,0.070994,0.085193,0.67546,0.16227,1417.3,1. kapanma
Batı İran (çoğu Huzistan),2026-03-04,493,0.92089,44.79,1291.7,1316.5,1316.5,0,0.040568,0.030426,0.0081136,0.63083,0.29006,1345.5,1. kapanma
Batı İran (çoğu Huzistan),2026-03-05,493,0.99594,19.53,944.19,944.19,944.26,0,0.0040568,0,0,0.64503,0.35091,945.33,1. kapanma
Batı İran (çoğu Huzistan),2026-03-06,493,0.88235,11.51,947.69,947.69,947.62,0,0.0040568,0.11359,0,0.54767,0.33469,949.79,1. kapanma
Batı İran (çoğu Huzistan),2026-03-07,493,0.10142,47.22,71.14,71.14,71.13,0,0.034483,0.80933,0.054767,0.087221,0.014199,87.46,1. kapanma
Batı İran (çoğu Huzistan),2026-03-08,493,0.91481,58.04,910,962.49,1233.4,0,0.014199,0.028398,0.042596,0.70183,0.21298,1350.9,1. kapanma
Batı İran (çoğu Huzistan),2026-03-09,493,0.64706,48,833.43,841.06,846.6,0,0.030426,0.2211,0.10142,0.4929,0.15416,856.66,1. kapanma
Batı İran (çoğu Huzistan),2026-03-10,493,0.93103,29.17,1114.8,1135.1,1135.2,0,0.018256,0.048682,0.0020284,0.63489,0.29615,1168,1. kapanma
Batı İran (çoğu Huzistan),2026-03-11,493,0.1927,9.89,180.41,180.41,180.39,0,0.0040568,0.80325,0,0.15213,0.040568,185.09,1. kapanma
Batı İran (çoğu Huzistan),2026-03-12,493,0.6572,30.735,357.64,373.87,373.87,0,0.044625,0.28195,0.016227,0.53753,0.11968,398.11,1. kapanma
Batı İran (çoğu Huzistan),2026-03-13,493,0.92698,54.72,859.63,965.02,1204.3,0,0.026369,0.014199,0.032454,0.61866,0.30832,1239.4,1. kapanma
Batı İran (çoğu Huzistan),2026-03-14,493,0.57606,58.9,514.67,694.76,765.43,0,0.010142,0.31846,0.095335,0.39148,0.18458,824.32,1. kapanma
Batı İran (çoğu Huzistan),2026-03-15,493,0.020284,14.72,6.6073,6.6073,6.61,0,0.026369,0.94929,0.0040568,0.01217,0.0081136,7.34,1. kapanma
Batı İran (çoğu Huzistan),2026-03-16,493,0.7931,8.37,621.83,621.83,621.81,0,0,0.2069,0,0.56187,0.23124,621.81,1. kapanma
Batı İran (çoğu Huzistan),2026-03-17,493,0.9716,24,815.95,871.64,871.68,0,0.024341,0.0040568,0,0.62272,0.34888,992.42,1. kapanma
Batı İran (çoğu Huzistan),2026-03-18,493,0.89249,48.03,1161.9,1276.4,1516.1,0,0.040568,0.018256,0.048682,0.58621,0.30629,1735.8,1. kapanma
Batı İran (çoğu Huzistan),2026-03-19,493,0.05071,53.43,27.609,27.609,27.61,0,0.0060852,0.76268,0.18053,0.042596,0.0081136,35.22,1. kapanma
Batı İran (çoğu Huzistan),2026-03-20,493,0.8357,45.03,856.95,895.45,895.41,0,0.036511,0.11968,0.0081136,0.57809,0.25761,917.88,1. kapanma
Batı İran (çoğu Huzistan),2026-03-21,493,0.80122,22.27,534.05,534.05,534.06,0,0.0020284,0.19675,0,0.53955,0.26166,544.88,1. kapanma
Batı İran (çoğu Huzistan),2026-03-22,493,0.65517,10.75,295.58,295.58,295.55,0,0.0060852,0.33671,0.0020284,0.4929,0.16227,303.64,1. kapanma
Batı İran (çoğu Huzistan),2026-03-23,493,0.070994,55.22,60.183,78.436,82.29,0,0.032454,0.86207,0.034483,0.054767,0.016227,112.82,1. kapanma
Batı İran (çoğu Huzistan),2026-03-24,493,0.048682,60.665,29.907,59.253,59.25,0,0,0.67951,0.27181,0.044625,0.0040568,118.83,1. kapanma
Batı İran (çoğu Huzistan),2026-03-25,493,0.11765,45.76,17.024,17.024,17.02,0,0.032454,0.74037,0.10953,0.10548,0.01217,17.02,1. kapanma
Batı İran (çoğu Huzistan),2026-03-26,493,0.80527,29.81,589.71,595.17,595.14,0,0.020284,0.17039,0.0040568,0.63083,0.17444,600.33,1. kapanma
Batı İran (çoğu Huzistan),2026-03-27,493,0.8357,6.09,681.64,681.64,681.63,0,0.0040568,0.16024,0,0.54361,0.29209,681.63,1. kapanma
Batı İran (çoğu Huzistan),2026-03-28,493,0.80933,33.44,578.13,585.37,592.47,0,0.032454,0.14604,0.01217,0.61866,0.19067,601.79,1. kapanma
Batı İran (çoğu Huzistan),2026-03-29,493,0.50913,54.72,378.39,431.25,0,0,0.022312,0.32454,0.14402,0.38945,0.11968,,1. kapanma
Batı İran (çoğu Huzistan),2026-03-30,493,0.45233,52.76,596.01,615.08,650.98,0,0.020284,0.38945,0.13793,0.33266,0.11968,667.87,1. kapanma
Batı İran (çoğu Huzistan),2026-03-31,493,0.92901,37.98,765.94,791.49,791.51,0,0.018256,0.044625,0.0081136,0.6714,0.25761,797.26,1. kapanma
Batı İran (çoğu Huzistan),2026-04-01,493,0.95538,10.72,777.51,777.51,777.54,0,0,0.044625,0,0.58824,0.36714,780.39,1. kapanma
Batı İran (çoğu Huzistan),2026-04-02,493,0.84787,22.74,655.98,655.98,658.78,0,0.0081136,0.13996,0.0040568,0.58012,0.26775,667.83,1. kapanma
Batı İran (çoğu Huzistan),2026-04-03,493,0.55172,46.825,154.48,189.66,199.13,0,0.016227,0.37728,0.054767,0.47667,0.075051,201.78,1. kapanma
Batı İran (çoğu Huzistan),2026-04-04,493,0.96755,59.8,1455.5,1698.6,1985.6,0,0.0081136,0.0020284,0.022312,0.68763,0.27992,2055.9,1. kapanma
Batı İran (çoğu Huzistan),2026-04-05,493,0.90669,44.11,1039.1,1068.7,1068.7,0,0.042596,0.040568,0.010142,0.59026,0.31643,1099.9,1. kapanma
Batı İran (çoğu Huzistan),2026-04-06,493,0.99797,18.445,1536.3,1536.3,1536.3,0,0.0020284,0,0,0.62677,0.3712,1536.3,1. kapanma
Batı İran (çoğu Huzistan),2026-04-07,493,0.88844,12.88,1339.4,1350,1350.1,0,0.0020284,0.10953,0,0.55172,0.33671,1351.3,1. kapanma
Batı İran (çoğu Huzistan),2026-04-08,493,0.91278,41.735,1436.7,1583.7,1667.7,0,0.03854,0.030426,0.018256,0.61663,0.29615,1753.6,1. kapanma
Batı İran (çoğu Huzistan),2026-04-09,493,0.97972,58.27,1490.3,1698.6,1951,0,0.0020284,0,0.018256,0.63692,0.3428,1989.2,1. kapanma
Batı İran (çoğu Huzistan),2026-04-10,493,0.85396,51.29,1247.7,1377.9,1470.1,0,0.030426,0.093306,0.022312,0.54361,0.31034,1558.8,1. kapanma
Batı İran (çoğu Huzistan),2026-04-11,493,0.20892,22.37,220.63,220.63,220.61,0,0.020284,0.76876,0.0020284,0.13793,0.070994,237.23,1. kapanma
Batı İran (çoğu Huzistan),2026-04-12,493,0.9574,6.59,690.67,690.67,690.7,0,0,0.042596,0,0.69777,0.25963,690.7,1. kapanma
Batı İran (çoğu Huzistan),2026-04-13,493,0.94929,34.65,1383.4,1404.5,1446.4,0,0.024341,0.018256,0.0081136,0.62475,0.32454,1490.8,1. kapanma
Batı İran (çoğu Huzistan),2026-04-14,493,0.81136,55.615,1399.3,1798.6,1919.3,0,0.034483,0.10142,0.052738,0.54361,0.26775,1959.5,1. kapanma
Batı İran (çoğu Huzistan),2026-04-15,493,0.68763,54.65,1017.6,1124.3,1168.5,0,0.022312,0.1927,0.097363,0.46653,0.2211,1331.2,1. kapanma
Batı İran (çoğu Huzistan),2026-04-16,493,0.56998,32,653.98,685.67,685.67,0,0.016227,0.40974,0.0040568,0.38337,0.18661,695.65,1. kapanma
Batı İran (çoğu Huzistan),2026-04-17,493,0.90467,11.32,682.23,682.23,682.19,0,0,0.093306,0.0020284,0.53955,0.36511,722.86,1. kapanma
Batı İran (çoğu Huzistan),2026-04-18,493,0.2211,16.43,62.316,62.316,62.34,0,0.010142,0.76876,0,0.16227,0.058824,63.94,1. kapanma
Batı İran (çoğu Huzistan),2026-04-19,493,0.28398,53.995,253.07,323.81,331.52,0,0.028398,0.61663,0.070994,0.21501,0.068966,457.71,1. kapanma
Batı İran (çoğu Huzistan),2026-04-20,493,0.28195,55.45,559.25,834.9,851.77,0,0.0040568,0.56998,0.14402,0.20284,0.079108,862.98,1. kapanma
Batı İran (çoğu Huzistan),2026-04-21,493,0.73225,41.78,618.05,666.93,666.88,0,0.032454,0.21298,0.022312,0.56592,0.16633,710.07,1. kapanma
Batı İran (çoğu Huzistan),2026-04-22,493,1,18.42,1483.4,1483.4,1483.4,0,0,0,0,0.61055,0.38945,1483.4,1. kapanma
Batı İran (çoğu Huzistan),2026-04-23,493,0.97769,14.735,1199.8,1202.2,1202.2,0,0.0040568,0.018256,0,0.60243,0.37525,1206.4,1. kapanma
Batı İran (çoğu Huzistan),2026-04-24,493,0.17647,48.83,109.28,127.45,142.22,0,0.026369,0.76673,0.030426,0.12373,0.052738,193.31,1. kapanma
Batı İran (çoğu Huzistan),2026-04-25,493,0.026369,56.55,24.14,47.72,47.73,0,0.0040568,0.7789,0.19067,0.018256,0.0081136,47.73,1. kapanma
Batı İran (çoğu Huzistan),2026-04-26,493,0.90264,50.98,1435.8,1643.2,1767.8,0,0.028398,0.044625,0.024341,0.57809,0.32454,1843.8,1. kapanma
Batı İran (çoğu Huzistan),2026-04-27,493,0.31237,22.935,366.69,366.69,366.72,0,0.018256,0.66531,0.0040568,0.2211,0.091278,397.61,1. kapanma
Batı İran (çoğu Huzistan),2026-04-28,493,0.91886,6.63,1180.7,1180.7,1180.8,0,0.0040568,0.077079,0,0.58012,0.33874,1180.8,1. kapanma
Batı İran (çoğu Huzistan),2026-04-29,493,0.94726,34.03,1355.3,1432.3,1450.4,0,0.03854,0.0040568,0.010142,0.65112,0.29615,1512.9,1. kapanma
Batı İran (çoğu Huzistan),2026-04-30,493,0.93712,54.84,1579.7,1888.3,2112.8,0,0.042596,0,0.020284,0.62677,0.31034,2193.8,1. kapanma
Batı İran (çoğu Huzistan),2026-05-01,493,0.83164,57.475,1164.3,1328.8,1538.2,0,0.014199,0.097363,0.056795,0.53753,0.29412,1692.6,1. kapanma
Batı İran (çoğu Huzistan),2026-05-02,493,0.93306,37.44,1193.5,1262,1262,0,0.028398,0.032454,0.0060852,0.62069,0.31237,1296.1,1. kapanma
Batı İran (çoğu Huzistan),2026-05-03,493,0.94929,10.54,784.29,784.29,784.26,0,0,0.05071,0,0.643,0.30629,784.26,1. kapanma
Batı İran (çoğu Huzistan),2026-05-04,493,0.82759,22.54,526.18,540.35,540.29,0,0.020284,0.1501,0.0020284,0.6146,0.21298,550.23,1. kapanma
Batı İran (çoğu Huzistan),2026-05-05,493,0.91278,49.175,904.95,979.11,1121.3,0,0.022312,0.030426,0.034483,0.68966,0.22312,1214.2,1. kapanma
Batı İran (çoğu Huzistan),2026-05-06,493,0.88844,59.615,1142.9,1342.9,1571.7,0,0.0060852,0.042596,0.06288,0.66734,0.2211,1585.7,1. kapanma
Batı İran (çoğu Huzistan),2026-05-07,493,0.40771,41.1,161.39,164.1,164.12,0,0.03854,0.52941,0.024341,0.32252,0.085193,225.14,1. kapanma
Batı İran (çoğu Huzistan),2026-05-08,493,0.64909,15.055,650.16,650.16,650.09,0,0,0.35091,0,0.42596,0.22312,653.08,1. kapanma
Batı İran (çoğu Huzistan),2026-05-09,493,0.99797,14.92,1025.2,1028.6,1028.5,0,0.0020284,0,0,0.70183,0.29615,1029.8,1. kapanma
Batı İran (çoğu Huzistan),2026-05-10,493,0.96957,42.19,1020.6,1167.3,1193.8,0,0.024341,0,0.0060852,0.72819,0.24138,1204.9,1. kapanma
Batı İran (çoğu Huzistan),2026-05-11,493,0.96957,58.19,972.26,1223.3,1387.1,0,0.0060852,0.0060852,0.018256,0.74645,0.22312,1467.7,1. kapanma
Batı İran (çoğu Huzistan),2026-05-12,493,0.93103,50.23,961.86,1023.2,1055.1,0,0.028398,0.0081136,0.032454,0.71805,0.21298,1149.2,1. kapanma
Batı İran (çoğu Huzistan),2026-05-13,493,0.9858,28.22,412,418.48,418.5,0,0.010142,0.0040568,0,0.7789,0.2069,421.54,1. kapanma
Batı İran (çoğu Huzistan),2026-05-14,493,0.99797,7.01,804.7,807.72,807.72,0,0.0020284,0,0,0.74848,0.24949,807.72,1. kapanma
Batı İran (çoğu Huzistan),2026-05-15,493,0.83164,33.71,905.19,926.04,926.2,0,0.030426,0.12982,0.0081136,0.65112,0.18053,940.58,1. kapanma
Batı İran (çoğu Huzistan),2026-05-16,493,0.92292,55.41,761.16,1046.9,1057.5,0,0.024341,0.026369,0.026369,0.73631,0.18661,1079.3,1. kapanma
Batı İran (çoğu Huzistan),2026-05-17,493,0.9432,56.32,937.99,1214.8,1330.8,0,0.022312,0,0.034483,0.75254,0.19067,1371.9,1. kapanma
Batı İran (çoğu Huzistan),2026-05-18,493,0.78499,39.48,213.72,223.68,223.74,0,0.018256,0.18661,0.010142,0.68154,0.10345,233.83,1. kapanma
Batı İran (çoğu Huzistan),2026-05-19,493,0.94726,11.1,764.34,764.34,764.41,0,0,0.052738,0,0.74037,0.2069,764.41,1. kapanma
Batı İran (çoğu Huzistan),2026-05-20,493,0.97363,24.67,793.84,873.73,873.78,0,0.018256,0.0081136,0,0.75051,0.22312,873.78,1. kapanma
Batı İran (çoğu Huzistan),2026-05-21,493,0.9432,48.71,915.54,998.44,1038.6,0,0.024341,0.016227,0.016227,0.75254,0.19067,1062.1,1. kapanma
Batı İran (çoğu Huzistan),2026-05-22,493,0.98174,59.81,904.93,1140.4,1344.8,0,0.0060852,0,0.01217,0.78905,0.1927,1448.2,1. kapanma
Batı İran (çoğu Huzistan),2026-05-23,493,0.9574,43.8,988.16,1015.9,1015.9,0,0.030426,0,0.01217,0.72819,0.22921,1018.7,1. kapanma
Batı İran (çoğu Huzistan),2026-05-24,493,0.93306,19.89,379.27,379.27,379.25,0,0,0.066937,0,0.74848,0.18458,386.01,1. kapanma
Batı İran (çoğu Huzistan),2026-05-25,493,0.91481,13.11,650.96,653.26,653.21,0,0.0020284,0.083164,0,0.70588,0.20892,653.21,1. kapanma
Batı İran (çoğu Huzistan),2026-05-26,493,0.97566,41.98,916.43,964.57,1012.3,0,0.016227,0,0.0081136,0.77282,0.20284,1056.8,1. kapanma
Batı İran (çoğu Huzistan),2026-05-27,493,0.9574,58.23,1440.4,1662.3,1799.3,0,0.0040568,0.0060852,0.032454,0.74442,0.21298,1837.8,1. kapanma
Batı İran (çoğu Huzistan),2026-05-28,493,0.90061,50.805,878.96,957.22,1045.2,0,0.03854,0.028398,0.032454,0.70791,0.1927,1099.3,1. kapanma
Batı İran (çoğu Huzistan),2026-05-29,493,0.93712,28.765,805.88,808.75,808.71,0,0.016227,0.044625,0.0020284,0.72211,0.21501,808.71,1. kapanma
Batı İran (çoğu Huzistan),2026-05-30,493,0.99797,6.985,881.16,883.77,883.74,0,0.0020284,0,0,0.74645,0.25152,893.15,1. kapanma
Batı İran (çoğu Huzistan),2026-05-31,493,0.9574,34.36,1009.9,1061.5,1044.3,0,0.036511,0,0.0060852,0.73834,0.21907,1060,1. kapanma
Batı İran (çoğu Huzistan),2026-06-01,493,0.93509,54.86,1132.2,1425.5,1486.3,0,0.028398,0,0.036511,0.71805,0.21704,1568.5,1. kapanma
Batı İran (çoğu Huzistan),2026-06-02,493,0.94929,55.575,1043.2,1102.1,1282,0,0.018256,0,0.032454,0.72819,0.2211,1376.6,1. kapanma
Batı İran (çoğu Huzistan),2026-06-03,493,0.97363,36.81,1066.2,1084.2,1084.2,0,0.016227,0.0040568,0.0060852,0.74239,0.23124,1178.6,1. kapanma
Batı İran (çoğu Huzistan),2026-06-04,493,0.99391,10.97,972.71,972.71,972.8,0,0.0020284,0.0040568,0,0.74442,0.24949,975.04,1. kapanma
Batı İran (çoğu Huzistan),2026-06-05,493,0.97363,24.765,957.82,968.88,968.78,0,0.022312,0,0.0040568,0.74848,0.22515,1052,1. kapanma
Batı İran (çoğu Huzistan),2026-06-06,493,0.95132,48.74,1270.7,1394.1,1527.6,0,0.024341,0.0040568,0.020284,0.72819,0.22312,1563.9,1. kapanma
Batı İran (çoğu Huzistan),2026-06-07,493,0.96552,59.89,1063,1198.9,1416.6,0,0.0060852,0,0.028398,0.75051,0.21501,1465.2,1. kapanma
Batı İran (çoğu Huzistan),2026-06-08,493,0.95132,43.8,1011.9,1048.7,1048.8,0,0.034483,0.0020284,0.01217,0.72617,0.22515,1073.6,1. kapanma
Batı İran (çoğu Huzistan),2026-06-09,493,1,18.49,920.99,920.99,921.01,0,0,0,0,0.73834,0.26166,921.01,1. kapanma
Batı İran (çoğu Huzistan),2026-06-10,493,0.98986,14.74,973.89,973.89,973.95,0,0.0081136,0,0.0020284,0.72414,0.26572,987.39,1. kapanma
Batı İran (çoğu Huzistan),2026-06-11,493,0.96755,42.03,1073.1,1143,1187.7,0,0.020284,0,0.01217,0.76876,0.19878,1286,1. kapanma
Batı İran (çoğu Huzistan),2026-06-12,493,0.98377,58.27,1104.3,1587.1,1818.4,0,0.0060852,0,0.010142,0.75254,0.23124,1821.6,1. kapanma
Batı İran (çoğu Huzistan),2026-06-13,493,0.93103,50.12,1233.8,1395,1542,0,0.036511,0,0.032454,0.70588,0.22515,1793.5,1. kapanma
Batı İran (çoğu Huzistan),2026-06-14,493,0.98377,28.07,1133.3,1179.1,1179.1,0,0.016227,0,0,0.74645,0.23732,1179.1,geçiş
Batı İran (çoğu Huzistan),2026-06-15,493,0.99391,6.86,969.26,969.26,969.34,0,0.0060852,0,0,0.74645,0.24746,973.9,geçiş
Batı İran (çoğu Huzistan),2026-06-16,493,0.96957,34.35,1144.6,1169.1,1174,0,0.024341,0,0.0060852,0.75051,0.21907,1196.4,geçiş
Batı İran (çoğu Huzistan),2026-06-17,493,0.94929,54.78,1125.8,1597.4,1790,0,0.018256,0,0.032454,0.74239,0.2069,1807.8,geçiş
Batı İran (çoğu Huzistan),2026-06-18,493,0.95132,55.92,1120.5,1368.9,1479.2,0,0.0081136,0,0.040568,0.72819,0.22312,1540.6,Açılış
Batı İran (çoğu Huzistan),2026-06-19,493,0.97566,36.69,1003,1016.1,1016.2,0,0.020284,0,0.0040568,0.74848,0.22718,1025.1,Açılış
Batı İran (çoğu Huzistan),2026-06-20,493,1,10.78,941.42,941.42,941.48,0,0,0,0,0.75456,0.24544,941.48,Açılış
Batı İran (çoğu Huzistan),2026-06-21,493,0.96146,24.925,953.18,977.98,978.07,0,0.028398,0,0.010142,0.74037,0.2211,1054.4,Açılış
Batı İran (çoğu Huzistan),2026-06-22,493,0.96146,49.045,1311.6,1472.6,1653.3,0,0.022312,0,0.016227,0.75456,0.2069,1678.6,Açılış
Batı İran (çoğu Huzistan),2026-06-23,493,0.95335,59.875,1046.2,1353.8,1865.9,0,0.010142,0,0.036511,0.75254,0.20081,2036.2,Açılış
Batı İran (çoğu Huzistan),2026-06-24,493,0.91684,43.58,1533.6,1672.4,1672.4,0,0.058824,0,0.024341,0.67951,0.23732,1703.7,Açılış
Batı İran (çoğu Huzistan),2026-06-25,493,1,18.36,1344.3,1344.3,1344.4,0,0,0,0,0.73428,0.26572,1344.4,Açılış
Batı İran (çoğu Huzistan),2026-06-26,493,0.99594,15.08,1010.6,1010.6,1010.6,0,0.0040568,0,0,0.74239,0.25355,1015,Açılış
Batı İran (çoğu Huzistan),2026-06-27,493,0.95538,42.24,1116.1,1186.9,1206.4,0,0.030426,0,0.014199,0.70791,0.24746,1230.3,Açılış
Batı İran (çoğu Huzistan),2026-06-28,493,0.96349,58.3,1398.2,1577.8,1690.2,0,0.018256,0,0.018256,0.73428,0.22921,1813.8,Açılış
Batı İran (çoğu Huzistan),2026-06-29,493,0.93712,50.295,1376.1,1632.2,1788.9,0,0.040568,0,0.022312,0.67748,0.25963,1860.6,Açılış
Batı İran (çoğu Huzistan),2026-06-30,493,0.97972,28.19,1168.2,1197.1,1197.2,0,0.01217,0.0040568,0.0040568,0.72211,0.25761,1211.2,Açılış
Batı İran (çoğu Huzistan),2026-07-01,493,1,7.04,1025.7,1025.7,1025.7,0,0,0,0,0.74239,0.25761,1025.7,Açılış
Batı İran (çoğu Huzistan),2026-07-02,493,0.97972,34.04,1105.7,1160.8,1171,0,0.018256,0,0.0020284,0.72008,0.25963,1187.8,Açılış
Batı İran (çoğu Huzistan),2026-07-03,493,0.94118,54.54,1178.7,1341.4,1657.8,0,0.026369,0.0020284,0.030426,0.71602,0.22515,1719.3,Açılış
Batı İran (çoğu Huzistan),2026-07-04,493,0.94929,56.25,1326.3,1666.9,1918.7,0,0.020284,0,0.030426,0.70791,0.24138,1991.3,Açılış
Batı İran (çoğu Huzistan),2026-07-05,493,0.98377,36.93,1564.8,1703.9,1703.8,0,0.0081136,0,0.0081136,0.74848,0.23529,1715.5,Açılış
Batı İran (çoğu Huzistan),2026-07-06,493,1,11.03,1067.3,1067.3,1067.3,0,0,0,0,0.73834,0.26166,1067.3,Açılış
Batı İran (çoğu Huzistan),2026-07-07,493,0.98174,24.64,962.42,1048.3,1048.2,0,0.018256,0,0,0.74037,0.24138,1066.4,Açılış
Batı İran (çoğu Huzistan),2026-07-08,493,0.96552,48.7,1031,1178.2,1452.5,0,0.022312,0,0.01217,0.75254,0.21298,1520.1,Açılış
Batı İran (çoğu Huzistan),2026-07-09,493,0.97363,59.78,1208.5,1628.6,2012.5,0,0.0040568,0,0.022312,0.74848,0.22515,2075.3,Açılış
Batı İran (çoğu Huzistan),2026-07-10,493,0.94929,43.99,1168.1,1223,1223,0,0.034483,0,0.016227,0.72211,0.22718,1265.5,Açılış
Batı İran (çoğu Huzistan),2026-07-11,493,1,18.91,1044.1,1044.1,1044.1,0,0,0,0,0.74645,0.25355,1044.1,geçiş
Batı İran (çoğu Huzistan),2026-07-12,493,0.99797,14.55,948.74,948.74,948.73,0,0.0020284,0,0,0.75456,0.24341,948.73,geçiş
Batı İran (çoğu Huzistan),2026-07-13,493,0.95132,41.88,1118.8,1343,1394.1,0,0.026369,0,0.022312,0.74645,0.20487,1436.3,2. kapanma
Batı İran (çoğu Huzistan),2026-07-14,493,0.96552,58.125,1252.3,1606.2,2010.9,0,0.0020284,0,0.032454,0.71805,0.24746,2107.2,2. kapanma
Batı İran (çoğu Huzistan),2026-07-15,493,0.93712,50.785,1443.2,1680.7,1732.4,0,0.036511,0,0.026369,0.68763,0.24949,1829.5,2. kapanma
Batı İran (çoğu Huzistan),2026-07-16,493,0.98174,28.605,1349.1,1364.7,1364.7,0,0.016227,0,0.0020284,0.72617,0.25558,1367.3,2. kapanma
Batı İran (çoğu Huzistan),2026-07-17,493,0.99797,7.06,1018.9,1018.9,1019,0,0.0020284,0,0,0.73022,0.26775,1019,2. kapanma
Batı İran (çoğu Huzistan),2026-07-18,493,0.92495,34.375,1180.5,1221,1221.1,0,0.036511,0.034483,0.0040568,0.77282,0.15213,1278.3,2. kapanma
Batı İran (çoğu Huzistan),2026-07-19,493,0.93306,54.55,1235.4,1364,1537.7,0,0.032454,0,0.034483,0.72617,0.2069,1601.2,2. kapanma
Batı İran (çoğu Huzistan),2026-07-20,493,0.95538,56.45,1118.5,1431.8,1527.2,0,0.01217,0.0020284,0.030426,0.74645,0.20892,1665.7,2. kapanma
Batı İran (çoğu Huzistan),2026-07-21,493,0.97363,37.29,1134.5,1180.3,1180.3,0,0.018256,0,0.0081136,0.77079,0.20284,1191.3,2. kapanma
Batı İran (çoğu Huzistan),2026-07-22,493,0.9858,11.395,875.89,875.89,875.89,0,0,0.014199,0,0.77485,0.21095,875.89,2. kapanma
Batı İran (çoğu Huzistan),2026-07-23,493,0.97363,24.065,878.11,949.69,950.99,0,0.014199,0.01217,0,0.7789,0.19473,954.52,2. kapanma
Batı İran (çoğu Huzistan),2026-07-24,493,0.93915,48.1,895.91,958.9,1203.6,0,0.032454,0,0.028398,0.75659,0.18256,1366.3,2. kapanma
Batı İran (çoğu Huzistan),2026-07-25,493,0.96146,59.62,1043.3,1180.7,1489,0,0.014199,0,0.024341,0.76471,0.19675,1528.6,2. kapanma
Batı İran (çoğu Huzistan),2026-07-26,493,0.92495,44.32,1019.7,1059.1,1059.1,0,0.036511,0.020284,0.018256,0.76268,0.16227,1095,2. kapanma
Batı İran (çoğu Huzistan),2026-07-27,493,0.98986,19.27,898.63,898.63,898.65,0,0,0.010142,0,0.76876,0.2211,898.65,2. kapanma
Batı İran (çoğu Huzistan),2026-07-28,493,0.99594,14.07,814.3,814.3,814.28,0,0.0040568,0,0,0.77282,0.22312,815.46,2. kapanma
Batı İran (çoğu Huzistan),2026-07-29,493,0.94118,41.42,757.83,848.09,878.46,0,0.036511,0.0081136,0.014199,0.75659,0.18458,946.58,2. kapanma
Batı İran (çoğu Huzistan),2026-07-30,493,0.97566,57.95,988.85,1129.4,1272,0,0.0081136,0,0.016227,0.73631,0.23935,1294.4,2. kapanma
Batı İran (çoğu Huzistan),2026-07-31,493,0.95538,50.81,961.4,1187.5,1189.3,0,0.030426,0,0.014199,0.75051,0.20487,1307.5,2. kapanma
Batı İran (çoğu Huzistan),2026-08-01,493,0.96349,29,713.24,730.1,730.06,0,0.022312,0.010142,0.0040568,0.76673,0.19675,734,2. kapanma
Batı İran (çoğu Huzistan),2026-08-02,493,0.95943,6.68,631.88,631.88,631.81,0,0,0.040568,0,0.80527,0.15416,631.81,2. kapanma
Batı İran (çoğu Huzistan),2026-08-03,493,0.86613,34.02,397.82,433.01,448.25,0,0.018256,0.10345,0.01217,0.77688,0.089249,457.47,2. kapanma
Batı İran (çoğu Huzistan),2026-08-04,493,0.59838,56.66,488.08,663.33,808.14,0,0.032454,0.26572,0.10345,0.51724,0.081136,825.05,2. kapanma
Batı İran (çoğu Huzistan),2026-08-05,493,0.59838,55.68,212.44,285.98,345.54,0,0.020284,0.24544,0.1359,0.54767,0.05071,403.33,2. kapanma
Batı İran (çoğu Huzistan),2026-08-06,493,0.59432,35.02,415.38,419.46,419.42,0,0.016227,0.38134,0.0081136,0.5071,0.087221,419.42,2. kapanma
Batı İran (çoğu Huzistan),2026-08-07,493,0.89047,10.86,731.53,731.53,731.53,0,0,0.10953,0,0.73022,0.16024,731.53,2. kapanma
Batı İran (çoğu Huzistan),2026-08-08,493,0.97363,23.665,761.46,772.96,772.92,0,0.01217,0.01217,0.0020284,0.78499,0.18864,786.29,2. kapanma
Batı İran (çoğu Huzistan),2026-08-09,493,0.9574,48.065,879.39,970.42,1049.5,0,0.028398,0.0060852,0.0081136,0.78905,0.16836,1062.7,2. kapanma
Batı İran (çoğu Huzistan),2026-08-10,493,0.94523,59.77,829.39,1238.5,1425.8,0,0.01217,0.0040568,0.03854,0.76876,0.17647,1472.6,2. kapanma
Batı İran (çoğu Huzistan),2026-08-11,493,0.94118,44.535,923.81,985.52,985.49,0,0.042596,0.0060852,0.010142,0.75254,0.18864,1003.7,2. kapanma
Batı İran (çoğu Huzistan),2026-08-12,493,0.98783,20.13,755.25,755.25,755.18,0,0,0.01217,0,0.77485,0.21298,755.18,2. kapanma
Batı İran (çoğu Huzistan),2026-08-13,493,0.99391,13.615,765.76,765.76,765.78,0,0.0020284,0.0040568,0,0.76268,0.23124,767.39,2. kapanma
Batı İran (çoğu Huzistan),2026-08-14,493,0.95132,41.37,1013.2,1040.7,1058.3,0,0.032454,0.0020284,0.014199,0.75862,0.1927,1103.3,2. kapanma
Batı İran (çoğu Huzistan),2026-08-15,493,0.96755,57.85,965.68,1098.7,1448.6,0,0.0060852,0.0060852,0.020284,0.78702,0.18053,1478.3,2. kapanma
Batı İran (çoğu Huzistan),2026-08-16,493,0.95538,50.96,1221.5,1389.2,1479.3,0,0.018256,0,0.026369,0.72617,0.22921,1494,2. kapanma
Batı İran (çoğu Huzistan),2026-08-17,493,0.96349,28.84,982.27,988.06,988.04,0,0.032454,0,0.0040568,0.72819,0.23529,992.64,2. kapanma
Batı İran (çoğu Huzistan),2026-08-18,493,0.99797,7.115,828.66,828.66,828.67,0,0.0020284,0,0,0.78093,0.21704,828.67,2. kapanma
Batı İran (çoğu Huzistan),2026-08-19,493,0.96349,33.2,978.47,1003.1,1012.2,0,0.034483,0,0.0020284,0.76673,0.19675,1016.1,2. kapanma
Batı İran (çoğu Huzistan),2026-08-20,493,0.92901,54.41,899.88,950.17,1157.1,0,0.028398,0,0.042596,0.70994,0.21907,1206.7,2. kapanma
Batı İran (çoğu Huzistan),2026-08-21,493,0.96146,56.9,835.38,1007.4,1292.2,0,0.014199,0,0.024341,0.7789,0.18256,1468,2. kapanma
Batı İran (çoğu Huzistan),2026-08-22,493,0.93103,37.62,715.21,731.13,731.12,0,0.018256,0.036511,0.014199,0.79919,0.13185,783.16,2. kapanma
Batı İran (çoğu Huzistan),2026-08-23,493,0.97769,12.03,708.35,708.35,708.26,0,0,0.022312,0,0.78093,0.19675,708.26,2. kapanma
Batı İran (çoğu Huzistan),2026-08-24,493,0.87221,21.55,347.48,347.48,347.47,0,0.014199,0.11359,0,0.77079,0.10142,400.49,2. kapanma
Batı İran (çoğu Huzistan),2026-08-25,493,0.88844,47.105,808.84,905.5,1082.7,0,0.026369,0.034483,0.05071,0.75862,0.12982,1119.7,2. kapanma
Batı İran (çoğu Huzistan),2026-08-26,493,0.79513,59.665,292.92,388.74,444.64,0,0.0040568,0.083164,0.11765,0.70588,0.089249,506.65,2. kapanma
Batı İran (çoğu Huzistan),2026-08-27,493,0.91075,44.62,669.14,685.55,685.55,0,0.036511,0.026369,0.026369,0.74848,0.16227,685.55,2. kapanma
Batı İran (çoğu Huzistan),2026-08-28,493,0,,,,,0,1,0,0,0,0,,2. kapanma
Batı İran (çoğu Huzistan),2026-08-29,493,0.95132,12.31,760.73,760.73,760.68,0,0.0060852,0.040568,0.0020284,0.73631,0.21501,760.68,2. kapanma
Batı İran (çoğu Huzistan),2026-08-30,493,0.9432,40.87,684.08,738.2,813.93,0,0.018256,0.022312,0.016227,0.79919,0.14402,837.51,2. kapanma
Batı İran (çoğu Huzistan),2026-08-31,493,0.96146,57.8,829.8,1048.2,1183.4,0,0.0081136,0,0.030426,0.76673,0.19473,1217.6,2. kapanma
Batı İran (çoğu Huzistan),2026-09-01,493,0.92901,51.125,958.05,1307,1328.9,0,0.040568,0,0.030426,0.73428,0.19473,1386.1,2. kapanma
Batı İran (çoğu Huzistan),2026-09-02,493,0.97769,29.5,867.07,883.94,883.87,0,0.020284,0,0.0020284,0.77485,0.20284,901.38,2. kapanma
Batı İran (çoğu Huzistan),2026-09-03,493,0.99594,7.31,687.61,687.61,687.63,0,0.0040568,0,0,0.76673,0.22921,688.93,2. kapanma
Batı İran (çoğu Huzistan),2026-09-04,493,0.9716,33.01,847.49,863.11,866.97,0,0.026369,0,0.0020284,0.77079,0.20081,886.01,2. kapanma
Batı İran (çoğu Huzistan),2026-09-05,493,0.93712,53.935,966.31,1065.5,1280.9,0,0.036511,0,0.026369,0.75456,0.18256,1358.6,2. kapanma
Batı İran (çoğu Huzistan),2026-09-06,493,0.95538,57,848.63,1019.2,1362.7,0,0.0081136,0.01217,0.024341,0.76065,0.19473,1411.9,2. kapanma
Batı İran (çoğu Huzistan),2026-09-07,493,0.96755,38.09,1017.6,1044.8,1044.9,0,0.022312,0.0020284,0.0081136,0.78499,0.18256,1102.8,2. kapanma
Batı İran (çoğu Huzistan),2026-09-08,493,0.99797,12.36,868.02,868.02,867.99,0,0,0.0020284,0,0.7789,0.21907,867.99,2. kapanma
Batı İran (çoğu Huzistan),2026-09-09,493,0.97769,23.095,863.41,944.72,968.77,0,0.022312,0,0,0.7789,0.19878,1015.5,2. kapanma
Batı İran (çoğu Huzistan),2026-09-10,493,0.96957,47.38,1099.7,1357.6,1417.6,0,0.016227,0,0.014199,0.77282,0.19675,1448.2,2. kapanma
Batı İran (çoğu Huzistan),2026-09-11,493,0.96146,59.615,1178.8,1326.3,1644.5,0,0.01217,0,0.026369,0.74848,0.21298,1669.5,2. kapanma
Batı İran (çoğu Huzistan),2026-09-12,493,0.93103,44.82,1167,1247,1247.1,0,0.044625,0,0.024341,0.69574,0.23529,1267.1,2. kapanma
Batı İran (çoğu Huzistan),2026-09-13,493,0.99594,20.21,797.5,797.5,797.5,0,0.0040568,0,0,0.76673,0.22921,797.5,2. kapanma
Batı İran (çoğu Huzistan),2026-09-14,493,0.98986,12.73,1017.5,1018.3,1018.2,0,0.010142,0,0,0.77485,0.21501,1023.8,2. kapanma
Batı İran (çoğu Huzistan),2026-09-15,493,0.96755,40.96,1037.2,1181.2,1233.5,0,0.026369,0,0.0060852,0.76065,0.2069,1244,2. kapanma
Batı İran (çoğu Huzistan),2026-09-16,493,0.97972,57.52,1201.3,1247.2,1384.9,0,0.0020284,0,0.018256,0.75862,0.2211,1384.9,2. kapanma
Batı İran (çoğu Huzistan),2026-09-17,493,0.94726,51.66,709.33,891.54,932.37,0,0.028398,0,0.024341,0.76673,0.18053,1054.9,2. kapanma
Batı İran (çoğu Huzistan),2026-09-18,493,0.9574,29.96,649.54,674.39,674.41,0,0.010142,0.030426,0.0020284,0.75456,0.20284,674.41,2. kapanma
Batı İran (çoğu Huzistan),2026-09-19,493,0.99594,7.24,684.78,684.78,684.77,0,0.0020284,0.0020284,0,0.77485,0.2211,684.77,2. kapanma
Batı İran (çoğu Huzistan),2026-09-20,493,0.97363,32.79,596.73,609.19,619.37,0,0.020284,0.0040568,0.0020284,0.77282,0.20081,683.36,2. kapanma
Batı İran (çoğu Huzistan),2026-09-21,493,0.93915,54.12,756.66,814.5,1052.8,0,0.03854,0,0.022312,0.75254,0.18661,1079.9,2. kapanma
Batı İran (çoğu Huzistan),2026-09-22,493,0.95538,56.76,993.6,1192.1,1529.1,0,0.018256,0,0.026369,0.74037,0.21501,1573.3,2. kapanma
Batı İran (çoğu Huzistan),2026-09-23,493,0.96957,38.185,777.44,793.8,793.77,0,0.022312,0,0.0081136,0.77688,0.1927,796.55,geçiş
Batı İran (çoğu Huzistan),2026-09-24,493,0.99797,12.54,826.53,826.53,826.57,0,0.0020284,0,0,0.76876,0.22921,829.08,geçiş
Irak (güney),2024-09-01,227,1,26.27,1275.8,1275.8,1275.8,0,0,0,0,0.56388,0.43612,1275.8,Savaş öncesi
Irak (güney),2024-09-02,227,1,6.63,1009.6,1009.6,1009.6,0,0,0,0,0.63436,0.36564,1009.6,Savaş öncesi
Irak (güney),2024-09-03,227,0.94273,36.83,961,1001.3,1004.2,0,0.052863,0,0.0044053,0.56388,0.37885,1084.6,Savaş öncesi
Irak (güney),2024-09-04,227,0.96035,56.13,1055.7,1230.4,1372.8,0,0.0044053,0,0.035242,0.56828,0.39207,1426.1,Savaş öncesi
Irak (güney),2024-09-05,227,0.98238,54.46,1398.8,1435,1672.5,0,0.0044053,0,0.013216,0.54626,0.43612,1672.5,Savaş öncesi
Irak (güney),2024-09-06,227,0.9207,34.96,1555,1600.2,1600.2,0,0.07489,0,0.0044053,0.5022,0.4185,1659.4,Savaş öncesi
Irak (güney),2024-09-07,227,1,5.29,1252.6,1252.6,1252.6,0,0,0,0,0.55507,0.44493,1252.6,Savaş öncesi
Irak (güney),2024-09-08,227,0.99559,28.17,1050.4,1059.5,1059.6,0,0.0044053,0,0,0.52863,0.46696,1059.6,Savaş öncesi
Irak (güney),2024-09-09,227,0.93833,50.9,1112.9,1317.5,1616.5,0,0.035242,0,0.026432,0.5859,0.35242,1702.7,Savaş öncesi
Irak (güney),2024-09-10,227,0.93833,58.95,1374.9,1852.6,1996.2,0,0.0088106,0,0.052863,0.53744,0.40088,2460.2,Savaş öncesi
Irak (güney),2024-09-11,227,0.98238,42.4,1640.6,1654.3,1654.3,0,0.0088106,0,0.0088106,0.57269,0.40969,1672.8,Savaş öncesi
Irak (güney),2024-09-12,227,1,15.63,1114.3,1114.3,1114.3,0,0,0,0,0.5815,0.4185,1114.3,Savaş öncesi
Irak (güney),2024-09-13,227,1,18.13,1006.9,1006.9,1007,0,0,0,0,0.5859,0.4141,1007,Savaş öncesi
Irak (güney),2024-09-14,227,0.99119,44.53,1071.1,1141.6,1155.9,0,0.0044053,0,0.0044053,0.56828,0.42291,1163.2,Savaş öncesi
Irak (güney),2024-09-15,227,0.96916,60.6,1062,1491.6,1708,0,0.0044053,0,0.026432,0.59912,0.37004,1732,Savaş öncesi
Irak (güney),2024-09-16,227,0.90749,48.99,1128.3,1238.7,1238.6,0,0.066079,0,0.026432,0.53744,0.37004,1331.8,Savaş öncesi
Irak (güney),2024-09-17,227,1,26.09,1096.3,1096.3,1096.3,0,0,0,0,0.5815,0.4185,1096.3,Savaş öncesi
Irak (güney),2024-09-18,227,1,6.76,1004.9,1004.9,1004.7,0,0,0,0,0.55947,0.44053,1004.7,Savaş öncesi
Irak (güney),2024-09-19,227,0.91189,36.92,748.67,788.04,787.99,0,0.088106,0,0,0.54185,0.37004,880.11,Savaş öncesi
Irak (güney),2024-09-20,227,0.98678,56.11,1020.3,1214.1,1554.3,0,0.0044053,0,0.0088106,0.56388,0.42291,1631.7,Savaş öncesi
Irak (güney),2024-09-21,227,0.97797,54.535,1172.7,1229.4,1459.7,0,0.0088106,0,0.013216,0.51982,0.45815,1464.8,Savaş öncesi
Irak (güney),2024-09-22,227,0.94273,35.14,867.67,986.84,986.87,0,0.052863,0,0.0044053,0.57269,0.37004,1064.8,Savaş öncesi
Irak (güney),2024-09-23,227,1,5.65,1091.3,1091.3,1091.3,0,0,0,0,0.59031,0.40969,1091.3,Savaş öncesi
Irak (güney),2024-09-24,227,1,27.82,1205.4,1207.2,1207.2,0,0,0,0,0.61233,0.38767,1207.2,Savaş öncesi
Irak (güney),2024-09-25,227,0.89427,50.62,922.74,1029.8,1110.8,0,0.0837,0,0.022026,0.5815,0.31278,1183.4,Savaş öncesi
Irak (güney),2024-09-26,227,0.95154,59.24,1272.9,1644,1804.7,0,0.017621,0,0.030837,0.53304,0.4185,1913.1,Savaş öncesi
Irak (güney),2024-09-27,227,0.96035,42.87,1209.1,1254.2,1254.3,0,0.017621,0,0.022026,0.55066,0.40969,1282.2,Savaş öncesi
Irak (güney),2024-09-28,227,1,16.3,1041.2,1041.2,1041.2,0,0,0,0,0.56828,0.43172,1041.2,Savaş öncesi
Irak (güney),2024-09-29,227,0.99119,17.46,979.66,979.66,979.69,0,0.0088106,0,0,0.56388,0.42731,979.69,Savaş öncesi
Irak (güney),2024-09-30,227,0.96476,44.11,801.41,839.71,869.11,0,0.0044053,0.017621,0.013216,0.65639,0.30837,878.1,Savaş öncesi
Irak (güney),2024-10-01,227,0.97357,60.38,1435,1845,1967,0,0.0044053,0,0.022026,0.56388,0.40969,2016.2,Savaş öncesi
Irak (güney),2024-10-02,227,0.88987,49.3,1471.8,1918,1918,0,0.092511,0,0.017621,0.54185,0.34802,2130.8,Savaş öncesi
Irak (güney),2024-10-03,227,1,26.64,1995.3,1995.3,1995.3,0,0,0,0,0.52863,0.47137,1995.3,Savaş öncesi
Irak (güney),2024-10-04,227,1,6.21,1383.9,1383.9,1383.9,0,0,0,0,0.5859,0.4141,1383.9,Savaş öncesi
Irak (güney),2024-10-05,227,0.96476,36.49,1304.1,1340.2,1340.1,0,0.026432,0,0.0088106,0.56388,0.40088,1359,Savaş öncesi
Irak (güney),2024-10-06,227,0.98678,55.9,1527.5,1952.1,2151.5,0,0,0,0.013216,0.5859,0.40088,2157.7,Savaş öncesi
Irak (güney),2024-10-07,227,0.96916,54.74,1642.8,1748.4,1898.6,0,0,0,0.030837,0.53744,0.43172,1930.7,Savaş öncesi
Irak (güney),2024-10-08,227,0.94714,35.52,1129.9,1161.5,1161.5,0,0.048458,0,0.0044053,0.55947,0.38767,1235.6,Savaş öncesi
Irak (güney),2024-10-09,227,1,6.05,999.62,999.62,999.6,0,0,0,0,0.56388,0.43612,999.6,Savaş öncesi
Irak (güney),2024-10-10,227,0.99559,27.51,1236.9,1272.6,1272.7,0,0.0044053,0,0,0.57709,0.4185,1274.6,Savaş öncesi
Irak (güney),2024-10-11,227,0.93833,50.45,1296.2,1842.7,2073.5,0,0.039648,0,0.022026,0.60793,0.3304,2170.1,Savaş öncesi
Irak (güney),2024-10-12,227,0.97797,59.34,1434,1677.3,1894.4,0,0.0044053,0,0.017621,0.54185,0.43612,1902.5,Savaş öncesi
Irak (güney),2024-10-13,227,0.97797,43.03,1205.9,1225,1225,0,0.013216,0,0.0088106,0.60793,0.37004,1250.7,Savaş öncesi
Irak (güney),2024-10-14,227,1,16.5,1233.6,1233.6,1233.6,0,0,0,0,0.59031,0.40969,1233.6,Savaş öncesi
Irak (güney),2024-10-15,227,0.99559,17.37,1057,1057,1057,0,0.0044053,0,0,0.61233,0.38326,1058.9,Savaş öncesi
Irak (güney),2024-10-16,227,0.98678,44.05,1215.9,1283.1,103.15,0,0.0044053,0,0.0088106,0.57709,0.40969,103.15,Savaş öncesi
Irak (güney),2024-10-17,227,0.93833,60.38,1062.5,1455.3,1674,0,0.0044053,0.030837,0.026432,0.64317,0.29515,1764.8,Savaş öncesi
Irak (güney),2024-10-18,227,0.88987,49.3,1229.5,1292.7,1292.6,0,0.088106,0,0.022026,0.56828,0.32159,1565,Savaş öncesi
Irak (güney),2024-10-19,227,0.99559,26.625,1263.5,1263.5,1263.5,0,0,0.0044053,0,0.59031,0.40529,1263.5,Savaş öncesi
Irak (güney),2024-10-20,227,1,6.27,1234,1234,1234.1,0,0,0,0,0.55947,0.44053,1234.1,Savaş öncesi
Irak (güney),2024-10-21,227,0.96476,36.53,1126.7,1305.7,1305.6,0,0.026432,0,0.0088106,0.56828,0.39648,1310,Savaş öncesi
Irak (güney),2024-10-22,227,0.97357,55.97,1241.3,1324.2,1517.2,0,0,0,0.026432,0.54626,0.42731,1534.3,Savaş öncesi
Irak (güney),2024-10-23,227,0.94273,54.685,1217.7,1428,1537.3,0,0.0044053,0.017621,0.035242,0.52423,0.4185,1654.8,Savaş öncesi
Irak (güney),2024-10-24,227,0.94273,35.39,1177.3,1303,1303,0,0.048458,0,0.0088106,0.53744,0.40529,1341,Savaş öncesi
Irak (güney),2024-10-25,227,0.1674,3.655,72.684,72.684,72.67,0,0,0.8326,0,0.10573,0.061674,73.59,Savaş öncesi
Irak (güney),2024-10-26,227,0.7533,27.46,535.64,535.64,535.66,0,0.022026,0.22467,0,0.44053,0.31278,628.76,Savaş öncesi
Irak (güney),2024-10-27,227,0.89868,50.615,1017.8,1168.5,1474.1,0,0.070485,0,0.030837,0.5022,0.39648,1552.1,Savaş öncesi
Irak (güney),2024-10-28,227,0.96916,59.22,1479.5,1862.3,2004.4,0,0.0088106,0,0.022026,0.51542,0.45374,2011.1,Savaş öncesi
Irak (güney),2024-10-29,227,0.97797,42.79,1601.2,1604.6,1604.5,0,0.0088106,0,0.013216,0.50661,0.47137,1606.7,Savaş öncesi
Irak (güney),2024-10-30,227,0.31718,14.725,268.31,268.31,268.28,0,0,0.68282,0,0.17621,0.14097,291.04,Savaş öncesi
Irak (güney),2024-10-31,227,0.013216,11.76,4.4803,4.4803,4.48,0,0,0.98678,0,0.0044053,0.0088106,40.65,Savaş öncesi
Irak (güney),2024-11-01,227,0.93833,43.85,1061.8,1066.7,1066.8,0,0.0044053,0.044053,0.013216,0.57709,0.36123,1069.2,Savaş öncesi
Irak (güney),2024-11-02,227,0.53744,59.78,395.33,427.26,427.31,0,0,0.34802,0.11454,0.34361,0.19383,603.07,Savaş öncesi
Irak (güney),2024-11-03,227,0.29515,47.85,40.07,52.445,52.45,0,0.070485,0.57709,0.057269,0.26432,0.030837,58.73,Savaş öncesi
Irak (güney),2024-11-04,227,0.86784,27.17,363.63,363.63,363.55,0,0,0.13216,0,0.61233,0.25551,363.55,Savaş öncesi
Irak (güney),2024-11-05,227,0.96476,5.36,650.07,650.07,650.07,0,0,0.035242,0,0.55507,0.40969,650.07,Savaş öncesi
Irak (güney),2024-11-06,227,0.76211,35.85,710.68,714.52,714.55,0,0.061674,0.1674,0.0088106,0.49339,0.26872,811.27,Savaş öncesi
Irak (güney),2024-11-07,227,0.837,55.32,655.69,809.3,940.67,0,0,0.088106,0.07489,0.53744,0.29956,1149.4,Savaş öncesi
Irak (güney),2024-11-08,227,0.94273,55.32,904.05,982.19,1145.6,0,0.0088106,0.017621,0.030837,0.59912,0.34361,1184.1,Savaş öncesi
Irak (güney),2024-11-09,227,0,,,,,1,0,0,0,0,0,738.97,Savaş öncesi
Irak (güney),2024-11-10,227,0.98238,7.36,518.73,518.73,0,0,0,0.017621,0,0.55507,0.42731,0,Savaş öncesi
Irak (güney),2024-11-11,227,0.89868,25.85,859.91,859.91,859.9,0,0.0088106,0.092511,0,0.55507,0.34361,859.9,Savaş öncesi
Irak (güney),2024-11-12,227,0.77093,49.61,452.67,515.86,627.36,0,0.0837,0.096916,0.048458,0.52423,0.2467,668.24,Savaş öncesi
Irak (güney),2024-11-13,227,0.96476,60,1344.9,1443.5,1565,0,0.0088106,0,0.026432,0.55507,0.40969,1678.5,Savaş öncesi
Irak (güney),2024-11-14,227,0.99559,44.14,1148.1,1192,1192,0,0.0044053,0,0,0.59471,0.40088,1228.6,Savaş öncesi
Irak (güney),2024-11-15,227,1,18.25,824.13,824.13,824.02,0,0,0,0,0.57269,0.42731,824.02,Savaş öncesi
Irak (güney),2024-11-16,227,1,15.52,620.99,624.02,624.03,0,0,0,0,0.68722,0.31278,624.03,Savaş öncesi
Irak (güney),2024-11-17,227,0.51542,42.96,112.52,126.04,126.02,0,0.0088106,0.42291,0.052863,0.4185,0.096916,147.77,Savaş öncesi
Irak (güney),2024-11-18,227,0.96476,59.68,571.43,737.23,1110.1,0,0,0.013216,0.022026,0.71366,0.2511,1154.2,Savaş öncesi
Irak (güney),2024-11-19,227,0.90308,50.34,1148.9,1205.6,1207.8,0,0.061674,0,0.035242,0.56388,0.33921,1390.5,Savaş öncesi
Irak (güney),2024-11-20,227,0.73568,28.01,400.3,400.3,400.3,0,0.0088106,0.25551,0,0.51542,0.22026,400.3,Savaş öncesi
Irak (güney),2024-11-21,227,0.99119,4.16,789.91,789.91,790.02,0,0,0.0088106,0,0.5859,0.40529,790.02,Savaş öncesi
Irak (güney),2024-11-22,227,0.81938,34.68,433.53,499.28,499.23,0,0.0837,0.088106,0.0088106,0.53744,0.28194,570.12,Savaş öncesi
Irak (güney),2024-11-23,227,0.97797,54.98,927.29,998.65,1342.6,0,0,0,0.022026,0.65198,0.32599,1362.4,Savaş öncesi
Irak (güney),2024-11-24,227,0.80176,55.865,346.72,463.26,554.61,0,0.013216,0.088106,0.096916,0.60352,0.19824,602.55,Savaş öncesi
Irak (güney),2024-11-25,227,0.91189,36.89,453.28,456.15,456.13,0,0.035242,0.039648,0.013216,0.71366,0.19824,575.84,Savaş öncesi
Irak (güney),2024-11-26,227,0.99559,7.895,608.15,608.15,608.12,0,0,0.0044053,0,0.62115,0.37445,608.12,Savaş öncesi
Irak (güney),2024-11-27,227,0.99119,25.73,1034,1034,1033.9,0,0.0088106,0,0,0.64758,0.34361,1036.2,Savaş öncesi
Irak (güney),2024-11-28,227,0.88546,49.36,820.19,944.41,965.97,0,0.066079,0,0.048458,0.54626,0.33921,1080.7,Savaş öncesi
Irak (güney),2024-11-29,227,0.95595,60.06,1173.1,1353.4,1775.8,0,0.0088106,0,0.035242,0.55066,0.40529,1836.5,Savaş öncesi
Irak (güney),2024-11-30,227,0.97357,44.2,1060.2,1133.3,1133.2,0,0.013216,0,0.013216,0.61233,0.36123,1139.3,Savaş öncesi
Irak (güney),2024-12-01,227,1,18.43,961.85,961.85,961.85,0,0,0,0,0.61233,0.38767,961.85,Savaş öncesi
Irak (güney),2024-12-02,227,0.99559,15.345,688.81,688.81,688.85,0,0.0044053,0,0,0.60352,0.39207,691.76,Savaş öncesi
Irak (güney),2024-12-03,227,0.85463,42.785,736.96,760.93,760.93,0,0.013216,0.10132,0.030837,0.4978,0.35683,770.15,Savaş öncesi
Irak (güney),2024-12-04,227,0.88106,59.625,358.16,430.2,845.99,0,0,0.044053,0.07489,0.60793,0.27313,894.86,Savaş öncesi
Irak (güney),2024-12-05,227,0.86784,50.32,840.77,935.43,957.31,0,0.11013,0,0.022026,0.54185,0.32599,1127.5,Savaş öncesi
Irak (güney),2024-12-06,227,0.97797,28.24,1007.9,1007.9,1007.9,0,0.0044053,0.017621,0,0.5815,0.39648,1007.9,Savaş öncesi
Irak (güney),2024-12-07,227,1,4.18,854.88,854.88,854.93,0,0,0,0,0.57709,0.42291,854.93,Savaş öncesi
Irak (güney),2024-12-08,227,0.44053,35.335,540.99,797.75,798.77,0,0.079295,0.48018,0,0.29515,0.14537,841.59,Savaş öncesi
Irak (güney),2024-12-09,227,0.98678,54.985,1259,1290.4,1516.5,0,0,0,0.013216,0.57709,0.40969,1542.3,Savaş öncesi
Irak (güney),2024-12-10,227,0.93392,55.575,1334,1590.1,1554,0,0.0044053,0.039648,0.022026,0.52863,0.40529,1581.4,Savaş öncesi
Irak (güney),2024-12-11,227,0.32599,36.75,289.54,289.54,289.53,0,0.039648,0.61674,0.017621,0.1674,0.15859,361.97,Savaş öncesi
Irak (güney),2024-12-12,227,0.5815,7.725,605.53,605.53,605.51,0,0,0.4185,0,0.30396,0.27753,605.51,Savaş öncesi
Irak (güney),2024-12-13,227,0.95595,25.79,768.45,768.45,768.43,0,0.013216,0.030837,0,0.59471,0.36123,782.54,Savaş öncesi
Irak (güney),2024-12-14,227,0.9207,49.46,522.73,629.69,642.58,0,0.057269,0,0.022026,0.57709,0.34361,713.63,Savaş öncesi
Irak (güney),2024-12-15,227,0.96035,59.975,1040.8,1527.1,1769.1,0,0.013216,0.013216,0.013216,0.60352,0.35683,1784.1,Savaş öncesi
Irak (güney),2024-12-16,227,0.75771,44.04,627.85,671.49,671.5,0,0.013216,0.18943,0.039648,0.47577,0.28194,881.32,Savaş öncesi
Irak (güney),2024-12-17,227,0.94273,18.03,1029,1029,1029,0,0,0.057269,0,0.55066,0.39207,1029,Savaş öncesi
Irak (güney),2024-12-18,227,0.99119,15.65,937.6,937.6,937.53,0,0.0044053,0.0044053,0,0.59912,0.39207,940.47,Savaş öncesi
Irak (güney),2024-12-19,227,0.98238,42.87,865.94,874.01,876.25,0,0.013216,0,0.0044053,0.59471,0.38767,884.1,Savaş öncesi
Irak (güney),2024-12-20,227,0.85903,60.11,406.96,485.33,751.83,0,0.0088106,0.039648,0.092511,0.72247,0.13656,805.87,Savaş öncesi
Irak (güney),2024-12-21,227,0.81938,50.12,469.71,486.34,509.97,0,0.13656,0,0.044053,0.62996,0.18943,653.54,Savaş öncesi
Irak (güney),2024-12-22,227,1,28,1214.9,1214.9,1214.8,0,0,0,0,0.59471,0.40529,1214.8,Savaş öncesi
Irak (güney),2024-12-23,227,1,4.54,454.25,454.25,454.2,0,0,0,0,0.62555,0.37445,454.2,Savaş öncesi
Irak (güney),2024-12-24,227,0.96035,35.225,686.21,834.51,834.49,0,0.039648,0,0,0.65198,0.30837,908.36,Savaş öncesi
Irak (güney),2024-12-25,227,0.97797,55.19,1090.1,1110.7,1546.4,0,0,0,0.022026,0.5815,0.39648,1617,Savaş öncesi
Irak (güney),2024-12-26,227,0.70925,55.81,583.66,623.8,711.65,0,0.0088106,0.15419,0.12775,0.46696,0.24229,882.37,Savaş öncesi
Irak (güney),2024-12-27,227,0.22026,27.505,34.616,36.451,36.48,0,0.039648,0.72687,0.013216,0.17181,0.048458,36.48,Savaş öncesi
Irak (güney),2024-12-28,227,1,7.29,1228.3,1228.3,1228.3,0,0,0,0,0.5859,0.4141,1228.3,Savaş öncesi
Irak (güney),2024-12-29,227,0.23348,28.39,158.97,171.55,171.57,0,0.0044053,0.76211,0,0.14097,0.092511,379.25,Savaş öncesi
Irak (güney),2024-12-30,227,0.9207,49.73,606.02,669.23,697.08,0,0.057269,0,0.022026,0.61233,0.30837,764.95,Savaş öncesi
Irak (güney),2024-12-31,227,0.96916,59.78,1252.5,1503,1760.3,0,0.013216,0,0.017621,0.57269,0.39648,1767.1,Savaş öncesi
Irak (güney),2025-01-01,227,0.97357,43.76,1545.9,1577.2,1577.1,0,0.017621,0,0.0088106,0.56828,0.40529,1589.3,Savaş öncesi
Irak (güney),2025-01-02,227,1,17.63,1137.5,1137.5,1137.6,0,0,0,0,0.56388,0.43612,1137.6,Savaş öncesi
Irak (güney),2025-01-03,227,0.99559,16.245,907.55,907.55,907.55,0,0.0044053,0,0,0.59031,0.40529,907.55,Savaş öncesi
Irak (güney),2025-01-04,227,0.95154,43.32,1400.2,1400.2,1400.4,0,0,0.030837,0.017621,0.55947,0.39207,1406.5,Savaş öncesi
Irak (güney),2025-01-05,227,0.59912,59.97,610.86,747.34,747.92,0,0,0.29515,0.10573,0.33921,0.25991,840.2,Savaş öncesi
Irak (güney),2025-01-06,227,0.017621,33.79,0,0,0,0,0.10132,0.86784,0.013216,0.017621,0,11.94,Savaş öncesi
Irak (güney),2025-01-07,227,0.55947,27.33,147.95,147.95,147.96,0,0,0.44053,0,0.46256,0.096916,149.1,Savaş öncesi
Irak (güney),2025-01-08,227,1,5.27,914.6,914.6,914.51,0,0,0,0,0.59912,0.40088,914.51,Savaş öncesi
Irak (güney),2025-01-09,227,0.92511,35.82,939.32,1084,1084,0,0.061674,0.0044053,0.0088106,0.53304,0.39207,1142.8,Savaş öncesi
Irak (güney),2025-01-10,227,0.98678,55.54,1421.8,1772.4,2098.7,0,0,0,0.013216,0.57709,0.40969,2099.7,Savaş öncesi
Irak (güney),2025-01-11,227,0.8326,55.02,176.19,194.71,194.73,0,0.0044053,0.07489,0.088106,0.71366,0.11894,244.62,Savaş öncesi
Irak (güney),2025-01-12,227,0.95595,35.97,1067.1,1160.6,1160.6,0,0.035242,0,0.0088106,0.61674,0.33921,1216.7,Savaş öncesi
Irak (güney),2025-01-13,227,1,6.46,1023.3,1023.3,1023.2,0,0,0,0,0.59471,0.40529,1023.2,Savaş öncesi
Irak (güney),2025-01-14,227,0.97357,27.02,971.23,971.23,971.21,0,0.017621,0,0.0088106,0.56388,0.40969,975.88,Savaş öncesi
Irak (güney),2025-01-15,227,0.88106,50.225,951.87,1134.3,1259.3,0,0.057269,0.022026,0.039648,0.56828,0.31278,1338.1,Savaş öncesi
Irak (güney),2025-01-16,227,0.93833,59.46,1122.4,1238.7,1358.4,0,0.0044053,0.017621,0.039648,0.54626,0.39207,1423.8,Savaş öncesi
Irak (güney),2025-01-17,227,0.97797,43.19,1166.6,1174.5,1174.4,0,0.017621,0,0.0044053,0.56828,0.40969,1207.5,Savaş öncesi
Irak (güney),2025-01-18,227,1,16.72,951.5,951.5,951.52,0,0,0,0,0.57269,0.42731,951.52,Savaş öncesi
Irak (güney),2025-01-19,227,1,17.16,704.64,704.64,704.68,0,0,0,0,0.62115,0.37885,704.68,Savaş öncesi
Irak (güney),2025-01-20,227,0.71806,43.96,740.02,746.58,782.58,0,0.0088106,0.2467,0.026432,0.42731,0.29075,789.74,Savaş öncesi
Irak (güney),2025-01-21,227,0.98678,60.28,1411.9,1745.2,1929.5,0,0,0,0.013216,0.61233,0.37445,1931.9,Savaş öncesi
Irak (güney),2025-01-22,227,0.092511,42.7,48.16,67.028,67.03,0,0.070485,0.78855,0.048458,0.061674,0.030837,101.9,Savaş öncesi
Irak (güney),2025-01-23,227,0.40529,26.45,330.24,330.24,330.24,0,0,0.59471,0,0.21145,0.19383,335.66,Savaş öncesi
Irak (güney),2025-01-24,227,0.94714,6.34,321.89,321.89,321.86,0,0,0.052863,0,0.68282,0.26432,321.86,Savaş öncesi
Irak (güney),2025-01-25,227,0.93833,36.68,787.94,806.67,806.63,0,0.052863,0,0.0088106,0.62996,0.30837,868.53,Savaş öncesi
Irak (güney),2025-01-26,227,0.079295,58.08,2.6564,2.6564,2.66,0,0.0044053,0.72687,0.18943,0.07489,0.0044053,12.4,Savaş öncesi
Irak (güney),2025-01-27,227,0.96916,54.58,1058.9,1122.7,1324.3,0,0.013216,0,0.017621,0.59031,0.37885,1331,Savaş öncesi
Irak (güney),2025-01-28,227,0.94273,35.14,1051,1093.7,1093.7,0,0.057269,0,0,0.5859,0.35683,1134.3,Savaş öncesi
Irak (güney),2025-01-29,227,0.99119,5.48,902.12,902.12,902.07,0,0,0.0088106,0,0.59471,0.39648,902.07,Savaş öncesi
Irak (güney),2025-01-30,227,0.99559,27.98,928.3,929.52,929.55,0,0.0044053,0,0,0.62996,0.36564,929.55,Savaş öncesi
Irak (güney),2025-01-31,227,0.89868,50.765,720.33,983.78,984.29,0,0.0837,0,0.017621,0.59471,0.30396,1054.2,Savaş öncesi
Irak (güney),2025-02-01,227,0.96035,59.155,1528.3,1679.1,1834.7,0,0.013216,0,0.026432,0.59031,0.37004,1854.1,Savaş öncesi
Irak (güney),2025-02-02,227,0.97357,42.81,1056.7,1066.6,1066.6,0,0.013216,0.0044053,0.0088106,0.62115,0.35242,1104.7,Savaş öncesi
Irak (güney),2025-02-03,227,0.67401,16.53,372.72,372.72,372.75,0,0,0.32599,0,0.42291,0.2511,379.83,Savaş öncesi
Irak (güney),2025-02-04,227,0.91189,17.64,1125,1125,1125,0,0,0.088106,0,0.54185,0.37004,1125,Savaş öncesi
Irak (güney),2025-02-05,227,0.39648,45.06,234.05,254.16,262.16,0,0.0044053,0.56828,0.030837,0.28194,0.11454,351.07,Savaş öncesi
Irak (güney),2025-02-06,227,0.86784,60.59,359.64,428.18,457.54,0,0.0044053,0.030837,0.096916,0.61233,0.25551,466.95,Savaş öncesi
Irak (güney),2025-02-07,227,0.88106,49.3,827.91,927.12,927.1,0,0.10573,0,0.013216,0.57269,0.30837,1152.4,Savaş öncesi
Irak (güney),2025-02-08,227,1,26.58,962.19,962.19,962.28,0,0,0,0,0.61233,0.38767,962.28,Savaş öncesi
Irak (güney),2025-02-09,227,0.97357,6.18,643.57,643.57,643.53,0,0.0044053,0.022026,0,0.59471,0.37885,645.29,Savaş öncesi
Irak (güney),2025-02-10,227,0.94273,36.53,591.99,638.21,638.23,0,0.048458,0,0.0088106,0.63877,0.30396,753.28,Savaş öncesi
Irak (güney),2025-02-11,227,0.94273,55.92,908.91,1062.1,1142.3,0,0,0.0044053,0.052863,0.59031,0.35242,1188.7,Savaş öncesi
Irak (güney),2025-02-12,227,0.44934,53.865,145.56,145.56,178.64,0,0.0044053,0.39207,0.15419,0.36564,0.0837,219.86,Savaş öncesi
Irak (güney),2025-02-13,227,0.93392,35.58,862.78,886.41,886.48,0,0.066079,0,0,0.53744,0.39648,932.5,Savaş öncesi
Irak (güney),2025-02-14,227,0.6696,6.14,526.9,526.9,526.9,0,0,0.3304,0,0.36123,0.30837,560.5,Savaş öncesi
Irak (güney),2025-02-15,227,0.99119,27.45,965.86,965.86,965.81,0,0.0088106,0,0,0.59912,0.39207,970.93,Savaş öncesi
Irak (güney),2025-02-16,227,0.89868,50.42,62.134,73.013,123.79,0,0.07489,0,0.026432,0.837,0.061674,135.15,Savaş öncesi
Irak (güney),2025-02-17,227,0.92952,59.4,1112.4,1232.4,1370.6,0,0.013216,0.0088106,0.048458,0.55507,0.37445,1448,Savaş öncesi
Irak (güney),2025-02-18,227,0.96916,43.18,1203.6,1219.6,1219.6,0,0.0088106,0.0044053,0.017621,0.57269,0.39648,1296,Savaş öncesi
Irak (güney),2025-02-19,227,0.23789,15.99,78.182,78.182,78.19,0,0,0.76211,0,0.14097,0.096916,92.34,Savaş öncesi
Irak (güney),2025-02-20,227,0.99119,17.09,845.93,845.93,845.93,0,0,0.0044053,0.0044053,0.65639,0.3348,846.36,Savaş öncesi
Irak (güney),2025-02-21,227,0.82379,43.58,836.89,848.48,854.15,0,0.0044053,0.12335,0.048458,0.51542,0.30837,886.73,Savaş öncesi
Irak (güney),2025-02-22,227,0.96916,60.265,799.95,1124.3,1262.6,0,0,0,0.030837,0.6652,0.30396,1287.4,Savaş öncesi
Irak (güney),2025-02-23,227,0.42731,48.79,554.66,623.68,623.66,0,0.096916,0.43172,0.044053,0.29075,0.13656,706.69,Savaş öncesi
Irak (güney),2025-02-24,227,0.96916,26.885,1078,1078,1078,0,0,0.030837,0,0.57709,0.39207,1078,Savaş öncesi
Irak (güney),2025-02-25,227,0.24229,8.62,269.39,269.39,269.38,0,0,0.75771,0,0.14097,0.10132,476.42,Savaş öncesi
Irak (güney),2025-02-26,227,0.87225,36.335,725.95,739.48,739.18,0,0.061674,0.061674,0.0044053,0.5859,0.28634,774.39,Savaş öncesi
Irak (güney),2025-02-27,227,0.94714,55.75,941.51,1002.6,1343.8,0,0,0.017621,0.035242,0.56388,0.38326,1384.2,Savaş öncesi
Irak (güney),2025-02-28,227,0.95595,54.95,1146.8,1233.6,1336.4,0,0.013216,0,0.030837,0.59031,0.36564,1370,Savaş öncesi
Irak (güney),2025-03-01,227,0.93833,35.84,990.92,1090.1,1090.2,0,0.039648,0.022026,0,0.56828,0.37004,1242.5,Savaş öncesi
Irak (güney),2025-03-02,227,1,6.33,925.47,925.47,925.51,0,0,0,0,0.59471,0.40529,925.51,Savaş öncesi
Irak (güney),2025-03-03,227,0.6696,26.915,468.61,468.61,468.65,0,0.013216,0.31718,0,0.37885,0.29075,513.95,Savaş öncesi
Irak (güney),2025-03-04,227,0.14537,50.29,0,0,0,0,0.07489,0.69163,0.088106,0.14537,0,0,Savaş öncesi
Irak (güney),2025-03-05,227,0.40529,60.795,196.73,304.95,322.49,0,0.0088106,0.44493,0.14097,0.27753,0.12775,333.92,Savaş öncesi
Irak (güney),2025-03-06,227,0.013216,35.59,2.4128,2.4128,2.41,0,0.0044053,0.97357,0.0088106,0.0088106,0.0044053,2.41,Savaş öncesi
Irak (güney),2025-03-07,227,0.67401,17.27,286.74,286.74,286.76,0,0,0.32599,0,0.56828,0.10573,300.73,Savaş öncesi
Irak (güney),2025-03-08,227,0.92952,16.92,690.29,690.29,690.3,0,0,0.070485,0,0.60793,0.32159,694.37,Savaş öncesi
Irak (güney),2025-03-09,227,0.97797,43.72,795.7,847.35,845.29,0,0.0088106,0.0044053,0.0088106,0.60793,0.37004,846.17,Savaş öncesi
Irak (güney),2025-03-10,227,0.80176,60.245,607.71,735.37,779.45,0,0.0088106,0.088106,0.10132,0.5022,0.29956,862.93,Savaş öncesi
Irak (güney),2025-03-11,227,0.90749,49.62,995.59,1048.4,1048.4,0,0.07489,0,0.017621,0.55066,0.35683,1290.4,Savaş öncesi
Irak (güney),2025-03-12,227,0.99559,27.055,1202.7,1209.2,1209.2,0,0.0044053,0,0,0.57269,0.42291,1210,Savaş öncesi
Irak (güney),2025-03-13,227,1,5.64,1032.6,1032.6,1032.6,0,0,0,0,0.55507,0.44493,1032.6,Savaş öncesi
Irak (güney),2025-03-14,227,0.90308,36.04,1063.7,1125.2,1125.2,0,0.057269,0.030837,0.0088106,0.49339,0.40969,1197,Savaş öncesi
Irak (güney),2025-03-15,227,0.74009,55.665,580.71,661.87,673.36,0,0,0.13656,0.12335,0.44053,0.29956,765.68,Savaş öncesi
Irak (güney),2025-03-16,227,0.96035,54.975,1173.6,1263.8,1382.9,0,0.0088106,0.0088106,0.022026,0.49339,0.46696,1491.1,Savaş öncesi
Irak (güney),2025-03-17,227,0.94273,35.84,956.92,1149.8,1149.8,0,0.048458,0,0.0088106,0.49339,0.44934,1199.8,Savaş öncesi
Irak (güney),2025-03-18,227,1,6.36,1062.5,1062.5,1062.6,0,0,0,0,0.54185,0.45815,1062.6,Savaş öncesi
Irak (güney),2025-03-19,227,0.55947,26.96,552.22,552.22,552.17,0,0.026432,0.4141,0,0.34361,0.21586,558.26,Savaş öncesi
Irak (güney),2025-03-20,227,0.11894,56.94,80.645,90.492,90.48,0,0.052863,0.74449,0.0837,0.079295,0.039648,115.2,Savaş öncesi
Irak (güney),2025-03-21,227,0.54626,63.69,574.12,816.2,859.27,0,0.0088106,0.28194,0.163,0.38767,0.15859,1058.5,Savaş öncesi
Irak (güney),2025-03-22,227,0.97357,43.27,1062.9,1148.3,1148.3,0,0.013216,0,0.013216,0.56388,0.40969,1157.8,Savaş öncesi
Irak (güney),2025-03-23,227,1,16.9,983.68,983.68,983.64,0,0,0,0,0.5815,0.4185,983.64,Savaş öncesi
Irak (güney),2025-03-24,227,1,16.95,896.82,896.82,896.82,0,0,0,0,0.5815,0.4185,896.82,Savaş öncesi
Irak (güney),2025-03-25,227,0.98678,43.765,1019.5,1049.7,1068.9,0,0.0044053,0,0.0088106,0.5815,0.40529,1083.8,Savaş öncesi
Irak (güney),2025-03-26,227,0.5815,60.45,454.54,561.43,584.53,0,0.013216,0.28194,0.12335,0.34802,0.23348,755.09,Savaş öncesi
Irak (güney),2025-03-27,227,0.88106,49.52,912.34,1097.1,1100.4,0,0.088106,0,0.030837,0.52423,0.35683,1234.3,Savaş öncesi
Irak (güney),2025-03-28,227,0.99559,26.905,860.14,860.14,860.18,0,0,0.0044053,0,0.57709,0.4185,860.18,Savaş öncesi
Irak (güney),2025-03-29,227,0.98678,5.915,929.97,929.97,929.94,0,0.0044053,0.0088106,0,0.5859,0.40088,929.94,Savaş öncesi
Irak (güney),2025-03-30,227,0.052863,51.15,1.0949,1.0949,1.09,0,0.048458,0.89427,0.0044053,0.048458,0.0044053,1.09,Savaş öncesi
Irak (güney),2025-03-31,227,0.86344,55.85,876.85,1015.8,1065.7,0,0.0088106,0.092511,0.035242,0.52423,0.33921,1104.5,Savaş öncesi
Irak (güney),2025-04-01,227,0.70485,55.07,662.46,689.21,810.1,0,0.013216,0.1674,0.11454,0.35683,0.34802,824.24,Savaş öncesi
Irak (güney),2025-04-02,227,0.0044053,13.75,1.0967,1.0967,1.1,0,0.052863,0.94273,0,0,0.0044053,1.1,Savaş öncesi
Irak (güney),2025-04-03,227,0.066079,10.8,13.368,13.368,13.37,0,0,0.93392,0,0.035242,0.030837,17.49,Savaş öncesi
Irak (güney),2025-04-04,227,0.14537,26.53,34.368,34.368,34.37,0,0.0088106,0.84581,0,0.11894,0.026432,37.2,Savaş öncesi
Irak (güney),2025-04-05,227,0.1674,61.17,71.211,140.37,141.44,0,0.070485,0.70044,0.061674,0.10573,0.061674,163.22,Savaş öncesi
Irak (güney),2025-04-06,227,0.36123,59.23,236.53,300.55,237.42,0,0.0088106,0.44493,0.18502,0.2467,0.11454,387.5,Savaş öncesi
Irak (güney),2025-04-07,227,0.96476,42.98,783.79,806.33,806.34,0,0.0088106,0.0044053,0.022026,0.53744,0.42731,822.39,Savaş öncesi
Irak (güney),2025-04-08,227,1,16.43,801.6,801.6,801.57,0,0,0,0,0.5815,0.4185,801.57,Savaş öncesi
Irak (güney),2025-04-09,227,0.98678,17.345,1175.1,1175.1,1175.1,0,0.013216,0,0,0.5815,0.40529,1177.5,Savaş öncesi
Irak (güney),2025-04-10,227,0.15859,52.375,81.684,96.6,102.04,0,0.0044053,0.81938,0.017621,0.096916,0.061674,102.04,Savaş öncesi
Irak (güney),2025-04-11,227,0.76652,60.52,715.04,871.88,896.01,0,0.0044053,0.13656,0.092511,0.51542,0.2511,955.5,Savaş öncesi
Irak (güney),2025-04-12,227,0.87225,49.18,853.6,969.16,969.16,0,0.10132,0,0.026432,0.46696,0.40529,1216.5,Savaş öncesi
Irak (güney),2025-04-13,227,0.99119,26.4,1150.7,1150.7,1150.7,0,0,0.0088106,0,0.51982,0.47137,1150.7,Savaş öncesi
Irak (güney),2025-04-14,227,0.99559,6.455,915.97,915.97,915.98,0,0.0044053,0,0,0.53744,0.45815,915.98,Savaş öncesi
Irak (güney),2025-04-15,227,0.93392,36.715,978.5,1037.6,1037.6,0,0.061674,0,0.0044053,0.53744,0.39648,1205.8,Savaş öncesi
Irak (güney),2025-04-16,227,0.94273,56.14,919.75,1066.8,1168,0,0.0044053,0.017621,0.035242,0.59031,0.35242,1259,Savaş öncesi
Irak (güney),2025-04-17,227,0.95154,54.53,1560.5,1718.5,1847.3,0,0.013216,0,0.035242,0.54185,0.40969,1880.1,Savaş öncesi
Irak (güney),2025-04-18,227,0.95595,35.09,1051.1,1113,1113.1,0,0.044053,0,0,0.57269,0.38326,1272.3,Savaş öncesi
Irak (güney),2025-04-19,227,1,5.47,987.79,987.79,987.8,0,0,0,0,0.57709,0.42291,987.8,Savaş öncesi
Irak (güney),2025-04-20,227,0.98678,27.975,784.62,784.62,784.64,0,0.0044053,0.0088106,0,0.55066,0.43612,793.31,Savaş öncesi
Irak (güney),2025-04-21,227,0.17181,61.03,55.451,90.671,94.96,0,0.044053,0.67401,0.11013,0.11894,0.052863,116.9,Savaş öncesi
Irak (güney),2025-04-22,227,0.96035,59.02,903.31,1071.1,1206.7,0,0.017621,0,0.022026,0.57709,0.38326,1329.3,Savaş öncesi
Irak (güney),2025-04-23,227,0.98678,42.51,1060.2,1091.6,1091.6,0,0.0088106,0,0.0044053,0.54185,0.44493,1096.8,Savaş öncesi
Irak (güney),2025-04-24,227,0.96916,15.915,1027.2,1027.2,1027.2,0,0,0.030837,0,0.5859,0.38326,1030.7,Savaş öncesi
Irak (güney),2025-04-25,227,0.6652,17.34,302.26,302.26,302.25,0,0.0044053,0.3304,0,0.43172,0.23348,313.64,Savaş öncesi
Irak (güney),2025-04-26,227,0.5022,43.67,208.59,306.21,306.23,0,0,0.39207,0.10573,0.37885,0.12335,317.39,Savaş öncesi
Irak (güney),2025-04-27,227,0.90749,60.6,1021.9,1330.2,1483.2,0,0.0044053,0.044053,0.044053,0.55066,0.35683,1530.7,Savaş öncesi
Irak (güney),2025-04-28,227,0.061674,32.59,5.2542,5.2542,5.26,0,0.088106,0.80176,0.048458,0.048458,0.013216,5.26,Savaş öncesi
Irak (güney),2025-04-29,227,0.20705,15.66,86.562,86.562,86.54,0,0,0.79295,0,0.14097,0.066079,86.96,Savaş öncesi
Irak (güney),2025-04-30,227,1,6.59,935.28,935.28,935.24,0,0,0,0,0.5815,0.4185,935.24,Savaş öncesi
Irak (güney),2025-05-01,227,0.14978,46.19,46.693,57.638,57.65,0,0.044053,0.77533,0.030837,0.11454,0.035242,58.87,Savaş öncesi
Irak (güney),2025-05-02,227,0.89427,56.02,620.92,744.07,780.32,0,0.013216,0.039648,0.052863,0.5815,0.31278,822.49,Savaş öncesi
Irak (güney),2025-05-03,227,0.0088106,60.485,0,0,0,0,0.0044053,0.78414,0.20264,0.0088106,0,0,Savaş öncesi
Irak (güney),2025-05-04,227,0.14537,22.09,54.687,54.687,54.7,0,0.048458,0.79736,0.0088106,0.10573,0.039648,59.31,Savaş öncesi
Irak (güney),2025-05-05,227,1,5.86,846.16,846.16,846.12,0,0,0,0,0.55507,0.44493,846.12,Savaş öncesi
Irak (güney),2025-05-06,227,0.98238,27.65,993.88,993.88,994,0,0.013216,0,0.0044053,0.5815,0.40088,1007.1,Savaş öncesi
Irak (güney),2025-05-07,227,0.89427,50.52,914,1055,1263.8,0,0.066079,0,0.039648,0.53744,0.35683,1483.3,Savaş öncesi
Irak (güney),2025-05-08,227,0.95154,59.255,1049.3,1145.6,1296.8,0,0.0044053,0,0.044053,0.51101,0.44053,1348.5,Savaş öncesi
Irak (güney),2025-05-09,227,0.99559,42.965,1228.2,1244,1244,0,0,0,0.0044053,0.55507,0.44053,1247.5,Savaş öncesi
Irak (güney),2025-05-10,227,1,16.48,1021,1021,1021,0,0,0,0,0.54185,0.45815,1021,Savaş öncesi
Irak (güney),2025-05-11,227,1,17.29,645.79,645.79,645.88,0,0,0,0,0.62115,0.37885,645.88,Savaş öncesi
Irak (güney),2025-05-12,227,0.98678,43.97,830.16,989.22,1000.4,0,0.0088106,0,0.0044053,0.5815,0.40529,1023.4,Savaş öncesi
Irak (güney),2025-05-13,227,0.97357,60.28,498.9,635.12,691.25,0,0,0,0.026432,0.63877,0.3348,721.64,Savaş öncesi
Irak (güney),2025-05-14,227,0.87225,49.4,665,796.24,796.3,0,0.070485,0.026432,0.030837,0.52423,0.34802,878.97,Savaş öncesi
Irak (güney),2025-05-15,227,1,26.76,909.44,909.44,909.4,0,0,0,0,0.57709,0.42291,909.4,Savaş öncesi
Irak (güney),2025-05-16,227,1,5.98,985.86,985.86,985.84,0,0,0,0,0.5815,0.4185,985.84,Savaş öncesi
Irak (güney),2025-05-17,227,0.93392,36.32,1073.3,1140,1140,0,0.066079,0,0,0.54185,0.39207,1171.5,Savaş öncesi
Irak (güney),2025-05-18,227,0.97797,55.78,1166.9,1306.8,1447.6,0,0,0,0.022026,0.55947,0.4185,1595.1,Savaş öncesi
Irak (güney),2025-05-19,227,0.95595,54.88,1075,1144.1,1277.7,0,0.013216,0,0.030837,0.56388,0.39207,1328,Savaş öncesi
Irak (güney),2025-05-20,227,0.94714,35.77,1128.3,1489,1489,0,0.048458,0,0.0044053,0.5859,0.36123,1541.3,Savaş öncesi
Irak (güney),2025-05-21,227,1,6.25,1094.9,1094.9,1094.8,0,0,0,0,0.5859,0.4141,1094.8,Savaş öncesi
Irak (güney),2025-05-22,227,0.99119,27.16,1290.2,1292.7,1292.7,0,0,0,0.0088106,0.57709,0.4141,1297.5,Savaş öncesi
Irak (güney),2025-05-23,227,0.89427,50.25,1193.3,1385.3,1311.1,0,0.061674,0,0.044053,0.55507,0.33921,1398.3,Savaş öncesi
Irak (güney),2025-05-24,227,0.96035,59.495,869.69,961.86,1053.5,0,0.0088106,0,0.030837,0.5815,0.37885,1080.7,Savaş öncesi
Irak (güney),2025-05-25,227,0.97797,43.31,1139.5,1162.6,1162.7,0,0.017621,0,0.0044053,0.52863,0.44934,1166.9,Savaş öncesi
Irak (güney),2025-05-26,227,1,16.96,1046.5,1046.5,1046.5,0,0,0,0,0.56828,0.43172,1046.5,Savaş öncesi
Irak (güney),2025-05-27,227,0.99559,16.83,1043.8,1043.8,1043.8,0,0.0044053,0,0,0.53744,0.45815,1043.8,Savaş öncesi
Irak (güney),2025-05-28,227,0.99119,43.7,923.8,978.54,987.1,0,0.0044053,0.0044053,0,0.62996,0.36123,1000.7,Savaş öncesi
Irak (güney),2025-05-29,227,0.98678,60.125,1490.1,1661.5,1741.3,0,0.0044053,0,0.0088106,0.59471,0.39207,1754.9,Savaş öncesi
Irak (güney),2025-05-30,227,0.88987,49.655,1050.9,1212.3,1212.3,0,0.088106,0,0.022026,0.55066,0.33921,1337.6,Savaş öncesi
Irak (güney),2025-05-31,227,0.99119,27.17,1164.3,1164.3,1164.3,0,0.0088106,0,0,0.56828,0.42291,1168.6,Savaş öncesi
Irak (güney),2025-06-01,227,1,5.52,1268.8,1268.8,1268.9,0,0,0,0,0.54626,0.45374,1268.9,Savaş öncesi
Irak (güney),2025-06-02,227,0.9207,35.98,916.89,1020.7,1020.7,0,0.066079,0,0.013216,0.60352,0.31718,1050.8,Savaş öncesi
Irak (güney),2025-06-03,227,0.96916,55.63,863.64,1059.9,1305,0,0,0,0.030837,0.52863,0.44053,1429.2,Savaş öncesi
Irak (güney),2025-06-04,227,0.98238,55.1,1055.4,1294.9,1446.1,0,0,0,0.017621,0.54185,0.44053,1635.7,Savaş öncesi
Irak (güney),2025-06-05,227,0.96916,36.095,1165.3,1408.6,1408.5,0,0.030837,0,0,0.54626,0.42291,1441.3,Savaş öncesi
Irak (güney),2025-06-06,227,1,6.63,1018.2,1018.2,1018.1,0,0,0,0,0.56388,0.43612,1018.1,Savaş öncesi
Irak (güney),2025-06-07,227,0.98678,26.84,856.52,857.55,857.59,0,0.013216,0,0,0.56388,0.42291,857.59,Savaş öncesi
Irak (güney),2025-06-08,227,0.89427,50.1,929.75,1174.4,1261.3,0,0.070485,0,0.035242,0.59031,0.30396,1535.6,Savaş öncesi
Irak (güney),2025-06-09,227,0.86784,59.72,851.18,936.26,988.14,0,0.026432,0.044053,0.061674,0.55066,0.31718,1030.9,Savaş öncesi
Irak (güney),2025-06-10,227,0.99119,43.54,695.43,720.52,720.53,0,0.0044053,0,0.0044053,0.63877,0.35242,721.57,Savaş öncesi
Irak (güney),2025-06-11,227,1,17.34,681.47,681.47,681.56,0,0,0,0,0.63877,0.36123,681.56,Savaş öncesi
Irak (güney),2025-06-12,227,0.99559,16.49,726.21,732.06,732.04,0,0.0044053,0,0,0.65198,0.34361,732.04,Savaş öncesi
Irak (güney),2025-06-13,227,0.98678,43.495,1195.3,1278.2,1291.8,0,0.0088106,0,0.0044053,0.61233,0.37445,1291.8,Savaş öncesi
Irak (güney),2025-06-14,227,0.99119,60.06,1170.2,1519.8,1867.9,0,0,0,0.0088106,0.62996,0.36123,1874.7,Savaş öncesi
Irak (güney),2025-06-15,227,0.90749,49.85,1221.5,1568.4,1584.3,0,0.066079,0,0.026432,0.56388,0.34361,1709.3,Savaş öncesi
Irak (güney),2025-06-16,227,1,27.46,1247,1247,1247,0,0,0,0,0.61674,0.38326,1247,Savaş öncesi
Irak (güney),2025-06-17,227,0.99559,5.185,1022.5,1022.5,1022.4,0,0.0044053,0,0,0.57709,0.4185,1024.7,Savaş öncesi
Irak (güney),2025-06-18,227,0.93392,35.69,907.7,1116.3,1118.4,0,0.061674,0,0.0044053,0.55507,0.37885,1176.1,Savaş öncesi
Irak (güney),2025-06-19,227,0.98238,55.47,1043.7,1467.8,1637,0,0.0044053,0,0.013216,0.54626,0.43612,1646.7,Savaş öncesi
Irak (güney),2025-06-20,227,0.97797,55.235,1572.8,1671.2,1684.1,0,0,0,0.022026,0.56828,0.40969,1727.8,Savaş öncesi
Irak (güney),2025-06-21,227,0.97797,36.295,1210.2,1303.1,1303.2,0,0.022026,0,0,0.55507,0.42291,1376.4,Savaş öncesi
Irak (güney),2025-06-22,227,1,6.94,1240.5,1240.5,1240.4,0,0,0,0,0.56828,0.43172,1240.4,Savaş öncesi
Irak (güney),2025-06-23,227,0.99119,26.65,1282,1295.7,1295.6,0,0.0088106,0,0,0.56388,0.42731,1295.6,Savaş öncesi
Irak (güney),2025-06-24,227,0.93833,49.92,1374.7,1638.6,1633.1,0,0.035242,0,0.026432,0.57709,0.36123,1706.5,Savaş öncesi
Irak (güney),2025-06-25,227,0.95595,59.75,1021.1,1159.7,1441,0,0.0044053,0,0.039648,0.55947,0.39648,1540.4,Savaş öncesi
Irak (güney),2025-06-26,227,0.98238,43.7,1551.7,1617.9,1617.9,0,0.0088106,0,0.0088106,0.57709,0.40529,1623,Savaş öncesi
Irak (güney),2025-06-27,227,1,17.58,1299.1,1299.1,1299.2,0,0,0,0,0.52863,0.47137,1299.2,Savaş öncesi
Irak (güney),2025-06-28,227,1,16.24,1155.7,1155.7,1155.7,0,0,0,0,0.55507,0.44493,1155.7,Savaş öncesi
Irak (güney),2025-06-29,227,0.98238,43.34,1425.1,1475.4,1473.3,0,0.0088106,0,0.0088106,0.53744,0.44493,1502.9,Savaş öncesi
Irak (güney),2025-06-30,227,0.99559,59.89,1103.8,1265.3,1415.7,0,0,0,0.0044053,0.63877,0.35683,1418.4,Savaş öncesi
Irak (güney),2025-07-01,227,0.88546,49.96,1081,1250.4,1250.3,0,0.0837,0,0.030837,0.51101,0.37445,1371.9,Savaş öncesi
Irak (güney),2025-07-02,227,1,27.69,1053.1,1053.1,1053.1,0,0,0,0,0.52423,0.47577,1053.1,Savaş öncesi
Irak (güney),2025-07-03,227,1,4.95,918.34,918.34,918.38,0,0,0,0,0.51542,0.48458,918.38,Savaş öncesi
Irak (güney),2025-07-04,227,0.95595,35.53,933.05,1122.7,1126.7,0,0.044053,0,0,0.54185,0.4141,1170.4,Savaş öncesi
Irak (güney),2025-07-05,227,0.96476,55.37,1022.3,1133.1,1439.8,0,0,0,0.035242,0.57269,0.39207,1481.8,Savaş öncesi
Irak (güney),2025-07-06,227,0.96035,55.285,1249.8,1295.7,1480.9,0,0.013216,0,0.026432,0.53304,0.42731,1518.2,Savaş öncesi
Irak (güney),2025-07-07,227,0.95595,36.45,1056.1,1097.2,1097.2,0,0.035242,0,0.0088106,0.51542,0.44053,1326,Savaş öncesi
Irak (güney),2025-07-08,227,1,7.17,1185.7,1185.7,1185.6,0,0,0,0,0.50661,0.49339,1185.6,Savaş öncesi
Irak (güney),2025-07-09,227,1,26.41,988.92,990.79,990.7,0,0,0,0,0.57709,0.42291,990.7,Savaş öncesi
Irak (güney),2025-07-10,227,0.92511,49.79,698.64,847.27,900.91,0,0.066079,0,0.0088106,0.62115,0.30396,1140.5,Savaş öncesi
Irak (güney),2025-07-11,227,0.97357,59.81,1169.7,1692,1892.1,0,0.0044053,0,0.022026,0.5859,0.38767,1927.5,Savaş öncesi
Irak (güney),2025-07-12,227,0.98678,43.8,1137.8,1168.7,1168.8,0,0.013216,0,0,0.59031,0.39648,1168.8,Savaş öncesi
Irak (güney),2025-07-13,227,0.88987,17.695,623.89,623.89,623.88,0,0,0.11013,0,0.62555,0.26432,623.88,Savaş öncesi
Irak (güney),2025-07-14,227,1,16.07,888.43,888.43,888.43,0,0,0,0,0.59471,0.40529,888.43,Savaş öncesi
Irak (güney),2025-07-15,227,0.97797,43.165,851.06,875.83,890.55,0,0.022026,0,0,0.60352,0.37445,894.25,Savaş öncesi
Irak (güney),2025-07-16,227,0.97797,59.86,1077.7,1585.2,1652.7,0,0.0044053,0,0.017621,0.57709,0.40088,1668,Savaş öncesi
Irak (güney),2025-07-17,227,0.90749,50.05,998.51,1444.2,1444.2,0,0.066079,0,0.026432,0.56828,0.33921,1613.1,Savaş öncesi
Irak (güney),2025-07-18,227,0.99119,27.76,1239.7,1239.7,1239.7,0,0.0088106,0,0,0.55507,0.43612,1239.7,Savaş öncesi
Irak (güney),2025-07-19,227,1,4.77,1008,1008,1008.1,0,0,0,0,0.5815,0.4185,1008.1,Savaş öncesi
Irak (güney),2025-07-20,227,0.93392,35.41,1061.2,1141.8,1144.5,0,0.066079,0,0,0.55507,0.37885,1220.9,Savaş öncesi
Irak (güney),2025-07-21,227,0.97357,55.27,983.48,1161.5,1307,0,0.0044053,0,0.022026,0.59031,0.38326,1421.7,Savaş öncesi
Irak (güney),2025-07-22,227,0.97797,55.34,1616.4,1924.8,1990.1,0,0,0,0.022026,0.56388,0.4141,2007.3,Savaş öncesi
Irak (güney),2025-07-23,227,0.95154,36.51,1162.4,1422.1,1422.1,0,0.039648,0,0.0088106,0.51542,0.43612,1468.3,Savaş öncesi
Irak (güney),2025-07-24,227,1,7.31,1062.8,1062.8,1062.7,0,0,0,0,0.51982,0.48018,1062.7,Savaş öncesi
Irak (güney),2025-07-25,227,1,26.29,1049.9,1049.9,1050,0,0,0,0,0.57709,0.42291,1050,Savaş öncesi
Irak (güney),2025-07-26,227,0.9207,49.68,838.74,990.67,1061.4,0,0.070485,0,0.0088106,0.62115,0.29956,1112.8,Savaş öncesi
Irak (güney),2025-07-27,227,0.95595,59.84,1342.5,1469.6,1713.7,0,0.017621,0,0.026432,0.59912,0.35683,1730.7,Savaş öncesi
Irak (güney),2025-07-28,227,0.97357,43.88,1040.4,1086.9,1086.8,0,0.017621,0,0.0088106,0.56388,0.40969,1092.2,Savaş öncesi
Irak (güney),2025-07-29,227,1,17.82,1018.1,1018.1,1018,0,0,0,0,0.57709,0.42291,1018,Savaş öncesi
Irak (güney),2025-07-30,227,0.99559,15.945,1084.6,1087.2,1087.2,0,0.0044053,0,0,0.55947,0.43612,1087.2,Savaş öncesi
Irak (güney),2025-07-31,227,0.98238,43.12,1019,1025.8,1028.5,0,0.0044053,0,0.013216,0.59912,0.38326,1028.5,Savaş öncesi
Irak (güney),2025-08-01,227,0.95154,59.745,1049.5,1282.7,1345.3,0,0.0044053,0,0.044053,0.56828,0.38326,1425.1,Savaş öncesi
Irak (güney),2025-08-02,227,0.88987,50.04,788.36,953.76,953.71,0,0.07489,0.0044053,0.030837,0.60793,0.28194,1048.6,Savaş öncesi
Irak (güney),2025-08-03,227,1,27.82,1138.5,1138.5,1138.5,0,0,0,0,0.60352,0.39648,1138.5,Savaş öncesi
Irak (güney),2025-08-04,227,1,4.68,958.92,958.92,958.83,0,0,0,0,0.56388,0.43612,958.83,Savaş öncesi
Irak (güney),2025-08-05,227,0.95595,35.35,679.06,709.61,713.5,0,0.044053,0,0,0.65198,0.30396,777.1,Savaş öncesi
Irak (güney),2025-08-06,227,0.89868,55.185,824.74,860.51,1054.2,0,0.0044053,0.052863,0.044053,0.61674,0.28194,1095.7,Savaş öncesi
Irak (güney),2025-08-07,227,0.95154,55.345,852.91,900.43,1331.8,0,0.0044053,0.0088106,0.035242,0.62996,0.32159,1431.4,Savaş öncesi
Irak (güney),2025-08-08,227,0.82819,36.46,850.7,891.13,891.16,0,0.017621,0.14097,0.013216,0.51542,0.31278,921.63,Savaş öncesi
Irak (güney),2025-08-09,227,1,7.34,669.39,669.39,669.46,0,0,0,0,0.62115,0.37885,669.46,Savaş öncesi
Irak (güney),2025-08-10,227,0.99559,26.26,859.03,880.91,880.9,0,0.0044053,0,0,0.63436,0.36123,880.9,Savaş öncesi
Irak (güney),2025-08-11,227,0.87665,49.62,912.52,1148.2,1230.3,0,0.070485,0.013216,0.039648,0.59912,0.27753,1447,Savaş öncesi
Irak (güney),2025-08-12,227,0.96476,59.82,1302.8,1755.8,2065.4,0,0.0088106,0,0.026432,0.59031,0.37445,2145.3,Savaş öncesi
Irak (güney),2025-08-13,227,0.99119,43.84,1335.5,1401.3,1401.3,0,0.0088106,0,0,0.56828,0.42291,1403.8,Savaş öncesi
Irak (güney),2025-08-14,227,1,17.83,1005.7,1005.7,1005.7,0,0,0,0,0.56828,0.43172,1005.7,Savaş öncesi
Irak (güney),2025-08-15,227,1,15.91,1144.7,1144.7,1144.7,0,0,0,0,0.54626,0.45374,1144.7,Savaş öncesi
Irak (güney),2025-08-16,227,0.99119,43.07,1008.1,1030.2,1030.2,0,0,0,0.0088106,0.5859,0.40529,1032.8,Savaş öncesi
Irak (güney),2025-08-17,227,0.96476,59.74,1050.4,1504.5,1755.8,0,0.0088106,0,0.026432,0.62115,0.34361,1759.7,Savaş öncesi
Irak (güney),2025-08-18,227,0.86344,50.015,761.32,858.46,858.43,0,0.11013,0,0.026432,0.5859,0.27753,1093.3,Savaş öncesi
Irak (güney),2025-08-19,227,0.99119,27.82,1058.3,1058.3,1058.2,0,0.0088106,0,0,0.55947,0.43172,1058.2,Savaş öncesi
Irak (güney),2025-08-20,227,1,4.71,920.77,920.77,920.8,0,0,0,0,0.55066,0.44934,920.8,Savaş öncesi
Irak (güney),2025-08-21,227,0.9163,35.38,808,915.72,915.71,0,0.0837,0,0,0.57269,0.34361,1155,Savaş öncesi
Irak (güney),2025-08-22,227,0.97357,55.23,856.01,1101.8,1125.7,0,0,0,0.026432,0.56388,0.40969,1195.2,Savaş öncesi
Irak (güney),2025-08-23,227,0.96916,55.31,1163,1207.8,1368.4,0,0.0088106,0,0.022026,0.54626,0.42291,1384.5,Savaş öncesi
Irak (güney),2025-08-24,227,0.96035,36.5,1006.2,1042.2,1042.3,0,0.039648,0,0,0.5815,0.37885,1149.5,Savaş öncesi
Irak (güney),2025-08-25,227,1,7.28,979.6,979.6,979.58,0,0,0,0,0.54626,0.45374,979.58,Savaş öncesi
Irak (güney),2025-08-26,227,0.99559,26.29,969.17,969.17,969.17,0,0.0044053,0,0,0.59031,0.40529,969.17,Savaş öncesi
Irak (güney),2025-08-27,227,0.93392,49.685,843.72,1048.8,1123.2,0,0.035242,0,0.030837,0.5859,0.34802,1179.9,Savaş öncesi
Irak (güney),2025-08-28,227,0.97797,59.79,951.18,1138.1,1403.8,0,0.0044053,0,0.017621,0.57709,0.40088,1445.3,Savaş öncesi
Irak (güney),2025-08-29,227,0.98238,43.81,1042.8,1060.1,1060.1,0,0.017621,0,0,0.60352,0.37885,1073.8,Savaş öncesi
Irak (güney),2025-08-30,227,1,17.76,999.86,999.86,999.82,0,0,0,0,0.5859,0.4141,999.82,Savaş öncesi
Irak (güney),2025-08-31,227,0.99119,16,962.19,962.19,962.2,0,0.0088106,0,0,0.57709,0.4141,965.59,Savaş öncesi
Irak (güney),2025-09-01,227,0.99119,43.18,1110.8,1130.5,1136.1,0,0,0,0.0088106,0.59031,0.40088,1136.1,Savaş öncesi
Irak (güney),2025-09-02,227,0.96476,59.8,903.64,1011,1296.8,0,0.0088106,0,0.026432,0.64758,0.31718,1323.6,Savaş öncesi
Irak (güney),2025-09-03,227,0.87665,49.96,1008.1,1097.7,1097.7,0,0.10132,0,0.022026,0.54185,0.3348,1400.2,Savaş öncesi
Irak (güney),2025-09-04,227,1,27.7,985.66,985.66,985.77,0,0,0,0,0.55066,0.44934,985.77,Savaş öncesi
Irak (güney),2025-09-05,227,1,4.88,1108.9,1108.9,1108.9,0,0,0,0,0.56388,0.43612,1108.9,Savaş öncesi
Irak (güney),2025-09-06,227,0.94273,35.535,1209.4,1381,1381,0,0.057269,0,0,0.59471,0.34802,1453.6,Savaş öncesi
Irak (güney),2025-09-07,227,0.98678,55.34,1306,1576.8,1965.3,0,0.0044053,0,0.0088106,0.56828,0.4185,1979.1,Savaş öncesi
Irak (güney),2025-09-08,227,0.96476,55.26,1505.2,1817.5,1860.4,0,0.013216,0,0.022026,0.53304,0.43172,1913.5,Savaş öncesi
Irak (güney),2025-09-09,227,0.96916,36.355,1213.7,1469.9,1469.9,0,0.022026,0,0.0088106,0.56828,0.40088,1541.6,Savaş öncesi
Irak (güney),2025-09-10,227,1,7.1,1039.6,1039.6,1039.7,0,0,0,0,0.53744,0.46256,1039.7,Savaş öncesi
Irak (güney),2025-09-11,227,1,26.53,1143.6,1189.8,1189.8,0,0,0,0,0.56388,0.43612,1189.8,Savaş öncesi
Irak (güney),2025-09-12,227,0.92511,49.84,1089.1,1249.4,1325.2,0,0.057269,0,0.017621,0.5815,0.34361,1420,Savaş öncesi
Irak (güney),2025-09-13,227,0.98238,59.72,1241.3,1827.3,2138.6,0,0.0044053,0,0.013216,0.59031,0.39207,2200.8,Savaş öncesi
Irak (güney),2025-09-14,227,0.96476,43.66,1445.2,1460.8,1460.8,0,0.017621,0,0.017621,0.55066,0.4141,1478.3,Savaş öncesi
Irak (güney),2025-09-15,227,1,17.51,1113.5,1113.5,1113.5,0,0,0,0,0.59031,0.40969,1113.5,Savaş öncesi
Irak (güney),2025-09-16,227,0.99559,16.31,1080.5,1080.5,1080.5,0,0.0044053,0,0,0.54185,0.45374,1080.5,Savaş öncesi
Irak (güney),2025-09-17,227,0.96916,43.36,897.57,897.57,902.87,0,0,0.0088106,0.022026,0.61674,0.35242,919.35,Savaş öncesi
Irak (güney),2025-09-18,227,0.99559,59.95,1332.1,1463.3,1743.9,0,0,0,0.0044053,0.59031,0.40529,1759.8,Savaş öncesi
Irak (güney),2025-09-19,227,0.86784,49.85,859.36,1084,1084,0,0.11013,0,0.022026,0.57709,0.29075,1278.6,Savaş öncesi
Irak (güney),2025-09-20,227,0.95595,27.44,1093.2,1093.2,1093.2,0,0,0.044053,0,0.53744,0.4185,1093.2,Savaş öncesi
Irak (güney),2025-09-21,227,1,5.24,933.35,933.35,933.44,0,0,0,0,0.56828,0.43172,933.44,Savaş öncesi
Irak (güney),2025-09-22,227,0.9207,35.79,1027.8,1098.3,1103.3,0,0.07489,0,0.0044053,0.52423,0.39648,1228.3,Savaş öncesi
Irak (güney),2025-09-23,227,0.98238,55.5,1078.5,1128,1658.3,0,0,0,0.017621,0.54626,0.43612,1711.2,Savaş öncesi
Irak (güney),2025-09-24,227,0.97797,55.12,1596.9,1690.5,1788.9,0,0.0088106,0,0.013216,0.53304,0.44493,1809.1,Savaş öncesi
Irak (güney),2025-09-25,227,0.97357,36.1,799.75,809.19,809.25,0,0.026432,0,0,0.56388,0.40969,847.14,Savaş öncesi
Irak (güney),2025-09-26,227,1,6.69,732.72,732.72,732.72,0,0,0,0,0.59471,0.40529,732.72,Savaş öncesi
Irak (güney),2025-09-27,227,0.99119,26.84,1024.7,1072.4,1072.3,0,0.0088106,0,0,0.56828,0.42291,1087.2,Savaş öncesi
Irak (güney),2025-09-28,227,0.88546,50.11,1519.6,1675.4,1754,0,0.088106,0,0.026432,0.53744,0.34802,1898.2,Savaş öncesi
Irak (güney),2025-09-29,227,0.96035,59.59,1053,1157.6,1380.2,0,0.0088106,0,0.030837,0.5859,0.37445,1585.6,Savaş öncesi
Irak (güney),2025-09-30,227,0.97797,43.41,1177.9,1180.2,1180.2,0,0.017621,0,0.0044053,0.5859,0.39207,1181.5,Savaş öncesi
Irak (güney),2025-10-01,227,1,17.11,1055.3,1055.3,1055.3,0,0,0,0,0.5815,0.4185,1055.3,Savaş öncesi
Irak (güney),2025-10-02,227,0.99559,16.76,1064.4,1064.4,1064.4,0,0.0044053,0,0,0.5859,0.40969,1065.4,Savaş öncesi
Irak (güney),2025-10-03,227,0.99119,43.69,1522.2,1545.9,1549.7,0,0,0,0.0088106,0.52863,0.46256,1574.5,Savaş öncesi
Irak (güney),2025-10-04,227,0.98678,60.175,1244.2,1400.2,1617,0,0,0,0.013216,0.5859,0.40088,1619.7,Savaş öncesi
Irak (güney),2025-10-05,227,0.88987,49.62,1222.6,1531,1531,0,0.10132,0,0.0088106,0.53744,0.35242,1592.6,Savaş öncesi
Irak (güney),2025-10-06,227,0.99559,27.015,1174.5,1174.5,1174.5,0,0.0044053,0,0,0.59031,0.40529,1178.2,Savaş öncesi
Irak (güney),2025-10-07,227,1,5.79,862.64,862.64,862.6,0,0,0,0,0.54185,0.45815,862.6,Savaş öncesi
Irak (güney),2025-10-08,227,0.92952,36.28,1052.8,1098.2,1098.2,0,0.070485,0,0,0.55066,0.37885,1134.8,Savaş öncesi
Irak (güney),2025-10-09,227,0.99559,55.8,975.21,1061.5,1231.5,0,0,0,0.0044053,0.59471,0.40088,1251,Savaş öncesi
Irak (güney),2025-10-10,227,0.96916,54.88,1121.4,1214.3,1434.2,0,0.0088106,0,0.022026,0.55066,0.4185,1443.2,Savaş öncesi
Irak (güney),2025-10-11,227,0.92952,35.71,953.47,990.75,990.81,0,0.066079,0,0.0044053,0.53744,0.39207,1216.3,Savaş öncesi
Irak (güney),2025-10-12,227,1,6.14,843.38,843.38,843.45,0,0,0,0,0.5815,0.4185,843.45,Savaş öncesi
Irak (güney),2025-10-13,227,0.99119,27.42,887,889.75,889.72,0,0.0088106,0,0,0.56388,0.42731,895.96,Savaş öncesi
Irak (güney),2025-10-14,227,0.92952,50.47,1246.9,1489.4,1619.4,0,0.052863,0,0.017621,0.55066,0.37885,1686.1,Savaş öncesi
Irak (güney),2025-10-15,227,0.95595,59.34,1298.8,1530.4,1897.7,0,0.022026,0,0.022026,0.51101,0.44493,1915.2,Savaş öncesi
Irak (güney),2025-10-16,227,0.96035,43,1246.8,1302.5,1302.5,0,0.022026,0,0.017621,0.51982,0.44053,1361.3,Savaş öncesi
Irak (güney),2025-10-17,227,1,16.42,1054.1,1054.1,1054,0,0,0,0,0.57709,0.42291,1054,Savaş öncesi
Irak (güney),2025-10-18,227,0.99559,17.52,1010.6,1011.4,1011.3,0,0,0,0.0044053,0.56828,0.42731,1011.3,Savaş öncesi
Irak (güney),2025-10-19,227,0.97797,44.17,933.17,1017.2,1021,0,0.0044053,0,0.017621,0.57709,0.40088,1030.3,Savaş öncesi
Irak (güney),2025-10-20,227,0.97357,60.48,1319.3,1441.4,1560.3,0,0,0,0.026432,0.59912,0.37445,1575.6,Savaş öncesi
Irak (güney),2025-10-21,227,0.88546,49.2,1087.5,1147.2,1147.2,0,0.088106,0,0.026432,0.51542,0.37004,1405.5,Savaş öncesi
Irak (güney),2025-10-22,227,1,26.39,1064,1064,1064,0,0,0,0,0.55947,0.44053,1064,Savaş öncesi
Irak (güney),2025-10-23,227,0.99119,6.63,716.53,716.53,716.6,0,0.0088106,0,0,0.5815,0.40969,716.6,Savaş öncesi
Irak (güney),2025-10-24,227,0.92952,36.91,951.97,991.76,992.47,0,0.066079,0,0.0044053,0.55507,0.37445,1031.9,Savaş öncesi
Irak (güney),2025-10-25,227,0.98238,56.16,1055.4,1203.7,1392.5,0,0,0,0.017621,0.54626,0.43612,1430.9,Savaş öncesi
Irak (güney),2025-10-26,227,0.96916,54.5,1301.6,1303.8,1534.5,0,0.0088106,0,0.022026,0.5859,0.38326,1562.6,Savaş öncesi
Irak (güney),2025-10-27,227,0.95154,35.015,1065.6,1215,1215,0,0.048458,0,0,0.62996,0.32159,1239.5,Savaş öncesi
Irak (güney),2025-10-28,227,1,5.32,968.42,968.42,968.39,0,0,0,0,0.56828,0.43172,968.39,Savaş öncesi
Irak (güney),2025-10-29,227,1,28.26,1114.7,1118.3,1118.3,0,0,0,0,0.57709,0.42291,1118.3,Savaş öncesi
Irak (güney),2025-10-30,227,0.89868,50.96,1182,1671.7,1751.5,0,0.066079,0,0.035242,0.55507,0.34361,1876.7,Savaş öncesi
Irak (güney),2025-10-31,227,0.94714,59,1242.2,1345.1,1544.3,0,0.022026,0,0.030837,0.51101,0.43612,1625.2,Savaş öncesi
Irak (güney),2025-11-01,227,0.99119,42.43,1304.2,1332.3,1332.3,0,0.0044053,0,0.0044053,0.53304,0.45815,1377.9,Savaş öncesi
Irak (güney),2025-11-02,227,1,15.5,1118.6,1118.6,1118.6,0,0,0,0,0.56388,0.43612,1118.6,Savaş öncesi
Irak (güney),2025-11-03,227,0.99559,18.43,948.88,948.88,948.95,0,0,0,0.0044053,0.57269,0.42291,948.95,Savaş öncesi
Irak (güney),2025-11-04,227,0.97797,44.755,915.99,1155.2,1155.1,0,0,0,0.022026,0.59471,0.38326,1188.6,Savaş öncesi
Irak (güney),2025-11-05,227,0.96476,60.82,1169.4,1649.5,1698.2,0,0.0044053,0.013216,0.017621,0.55066,0.4141,1698.2,Savaş öncesi
Irak (güney),2025-11-06,227,0.89427,48.76,897.48,1199.1,1199.1,0,0.070485,0,0.035242,0.55066,0.34361,1393.2,Savaş öncesi
Irak (güney),2025-11-07,227,1,25.71,820.6,820.6,820.53,0,0,0,0,0.56828,0.43172,820.53,Savaş öncesi
Irak (güney),2025-11-08,227,1,7.24,621.01,621.01,621.01,0,0,0,0,0.55947,0.44053,621.01,Savaş öncesi
Irak (güney),2025-11-09,227,0.95154,37.215,714.12,714.12,720.86,0,0.039648,0,0.0088106,0.56388,0.38767,750.79,Savaş öncesi
Irak (güney),2025-11-10,227,0.95595,56.34,947.31,1135.7,1458,0,0.0044053,0,0.039648,0.54185,0.4141,1508,Savaş öncesi
Irak (güney),2025-11-11,227,0.96916,54.37,1103,1179.7,1364,0,0.0044053,0,0.026432,0.54185,0.42731,1388.2,Savaş öncesi
Irak (güney),2025-11-12,227,0.95595,34.95,859.32,1013.3,1013.3,0,0.039648,0,0.0044053,0.52863,0.42731,1037.2,Savaş öncesi
Irak (güney),2025-11-13,227,0.87665,5.23,572.38,572.38,572.42,0,0,0.12335,0,0.5022,0.37445,576.52,Savaş öncesi
Irak (güney),2025-11-14,227,0.030837,29.01,57.92,57.92,57.9,0,0.026432,0.94273,0,0.013216,0.017621,68.78,Savaş öncesi
Irak (güney),2025-11-15,227,0.88987,50.84,854.49,924.36,963.41,0,0.066079,0.0088106,0.035242,0.57269,0.31718,1143.9,Savaş öncesi
Irak (güney),2025-11-16,227,0.97357,59.1,803.23,962.98,1087.9,0,0.0044053,0,0.022026,0.63436,0.33921,1094.1,Savaş öncesi
Irak (güney),2025-11-17,227,0.97797,42.69,1055.4,1058,1058,0,0.013216,0,0.0088106,0.61674,0.36123,1087.7,Savaş öncesi
Irak (güney),2025-11-18,227,0.99559,16.025,886.36,886.36,886.33,0,0,0.0044053,0,0.59471,0.40088,886.33,Savaş öncesi
Irak (güney),2025-11-19,227,0.99119,17.76,824.71,824.71,824.66,0,0.0088106,0,0,0.57709,0.4141,825.71,Savaş öncesi
Irak (güney),2025-11-20,227,0.98678,44.27,879.66,950.4,981.87,0,0,0,0.013216,0.59031,0.39648,981.87,Savaş öncesi
Irak (güney),2025-11-21,227,0.99559,60.38,997.95,1080.2,1390.7,0,0,0,0.0044053,0.62555,0.37004,1392.5,Savaş öncesi
Irak (güney),2025-11-22,227,0.91189,49.16,974.14,1220.7,1220.7,0,0.070485,0,0.017621,0.57709,0.3348,1310.4,Savaş öncesi
Irak (güney),2025-11-23,227,0.99559,26.425,1047.2,1047.2,1047.1,0,0.0044053,0,0,0.56828,0.42731,1047.1,Savaş öncesi
Irak (güney),2025-11-24,227,1,6.39,469.79,469.79,469.8,0,0,0,0,0.5815,0.4185,469.8,Savaş öncesi
Irak (güney),2025-11-25,227,0.57709,36.42,564.15,571.36,571.38,0,0.044053,0.36123,0.017621,0.33921,0.23789,581.46,Savaş öncesi
Irak (güney),2025-11-26,227,0.98678,55.93,906.68,1060.6,1221.9,0,0,0,0.013216,0.59471,0.39207,1223.5,Savaş öncesi
Irak (güney),2025-11-27,227,0.98678,54.68,1152.7,1188.3,1398,0,0.0088106,0,0.0044053,0.61233,0.37445,1427.3,Savaş öncesi
Irak (güney),2025-11-28,227,0.94273,35.42,828.15,942.84,942.83,0,0.057269,0,0,0.59471,0.34802,969.6,Savaş öncesi
Irak (güney),2025-11-29,227,0.96035,5.97,396.68,396.68,396.68,0,0,0.039648,0,0.56828,0.39207,396.68,Savaş öncesi
Irak (güney),2025-11-30,227,0.52423,27.15,282.76,284.32,284.36,0,0.0044053,0.46696,0.0044053,0.29956,0.22467,387.77,Savaş öncesi
Irak (güney),2025-12-01,227,0.72247,50.11,594.07,646.03,640.24,0,0.044053,0.1674,0.066079,0.47137,0.2511,668.26,Savaş öncesi
Irak (güney),2025-12-02,227,0.42731,63.76,323.82,345.77,341.03,0,0.0044053,0.38326,0.18502,0.30837,0.11894,568.95,Savaş öncesi
Irak (güney),2025-12-03,227,0.96035,43.1,916.52,1025.2,1025.2,0,0.0044053,0.026432,0.0088106,0.59471,0.36564,1031.8,Savaş öncesi
Irak (güney),2025-12-04,227,0.36123,16.58,147.25,147.25,147.28,0,0,0.63877,0,0.28634,0.07489,160.89,Savaş öncesi
Irak (güney),2025-12-05,227,1,17.1,623.39,623.39,623.4,0,0,0,0,0.62555,0.37445,623.4,Savaş öncesi
Irak (güney),2025-12-06,227,0.97797,43.79,1337.3,1579,1585.7,0,0.0044053,0.0088106,0.0088106,0.56388,0.4141,1587.2,Savaş öncesi
Irak (güney),2025-12-07,227,0.0044053,59.11,0,0,0,0,0,0.77533,0.22026,0.0044053,0,6.12,Savaş öncesi
Irak (güney),2025-12-08,227,0.044053,32.985,1.6756,1.6756,1.68,0,0.057269,0.86344,0.035242,0.039648,0.0044053,1.68,Savaş öncesi
Irak (güney),2025-12-09,227,0.026432,2.24,0,0,0,0,0.0044053,0.96916,0,0.026432,0,0,Savaş öncesi
Irak (güney),2025-12-10,227,0.81057,6.26,378.86,378.86,378.83,0,0.0044053,0.18502,0,0.55507,0.25551,387.81,Savaş öncesi
Irak (güney),2025-12-11,227,0.90749,36.11,692.13,719.93,719.91,0,0.061674,0.022026,0.0088106,0.61674,0.29075,753.3,Savaş öncesi
Irak (güney),2025-12-12,227,0.98678,55.65,1028.2,1148.3,1338.2,0,0,0,0.013216,0.64317,0.34361,1339.3,Savaş öncesi
Irak (güney),2025-12-13,227,0.49339,54.01,290.93,309.66,316.25,0,0.0044053,0.37445,0.12775,0.3348,0.15859,319.59,Savaş öncesi
Irak (güney),2025-12-14,227,0.34361,34.295,419.8,621.17,621.18,0,0.052863,0.59912,0.0044053,0.24229,0.10132,660.85,Savaş öncesi
Irak (güney),2025-12-15,227,0.63436,7.03,219.85,219.85,219.81,0,0,0.36564,0,0.43612,0.19824,220.62,Savaş öncesi
Irak (güney),2025-12-16,227,0.67401,26.66,369.64,369.64,369.67,0,0.0088106,0.31278,0.0044053,0.43612,0.23789,416.31,Savaş öncesi
Irak (güney),2025-12-17,227,0.66079,49.76,368.03,380.71,380.72,0,0.088106,0.17181,0.079295,0.53744,0.12335,490.54,Savaş öncesi
Irak (güney),2025-12-18,227,0.11894,52.28,50.42,64.5,90.26,0,0.0088106,0.71366,0.15859,0.079295,0.039648,123.19,Savaş öncesi
Irak (güney),2025-12-19,227,0.98678,43.37,817.92,834.9,834.9,0,0.013216,0,0,0.67841,0.30837,844.88,Savaş öncesi
Irak (güney),2025-12-20,227,1,17.15,574.58,574.58,574.5,0,0,0,0,0.64317,0.35683,574.5,Savaş öncesi
Irak (güney),2025-12-21,227,0.80617,16.43,374.26,374.26,374.26,0,0.0044053,0.18943,0,0.51542,0.29075,385.04,Savaş öncesi
Irak (güney),2025-12-22,227,0.98678,43.51,682.16,716.32,719.17,0,0.0044053,0,0.0088106,0.63436,0.35242,719.17,Savaş öncesi
Irak (güney),2025-12-23,227,0.94273,59.98,614.03,908.92,984.6,0,0,0.017621,0.039648,0.6652,0.27753,984.6,Savaş öncesi
Irak (güney),2025-12-24,227,0.89868,49.715,824.38,895.56,897.04,0,0.07489,0,0.026432,0.61233,0.28634,987.05,Savaş öncesi
Irak (güney),2025-12-25,227,0.32159,24.99,50.055,50.055,50.06,0,0,0.67841,0,0.22907,0.092511,53.29,Savaş öncesi
Irak (güney),2025-12-26,227,1,5.31,73.27,73.27,73.26,0,0,0,0,0.89427,0.10573,73.26,Savaş öncesi
Irak (güney),2025-12-27,227,0.93392,35.795,701.22,855.6,857.43,0,0.066079,0,0,0.63877,0.29515,878.01,Savaş öncesi
Irak (güney),2025-12-28,227,0.97357,55.45,577.87,682.82,786.24,0,0.0044053,0,0.022026,0.59912,0.37445,843.49,Savaş öncesi
Irak (güney),2025-12-29,227,0.46696,55.145,97.661,134,135.12,0,0.0044053,0.31278,0.21586,0.38767,0.079295,166.31,Savaş öncesi
Irak (güney),2025-12-30,227,0.94714,36.1,906.82,1192.5,1192.5,0,0.022026,0.022026,0.0088106,0.60793,0.33921,1206.2,Savaş öncesi
Irak (güney),2025-12-31,227,0.96476,6.8,648.32,648.32,648.3,0,0,0.035242,0,0.60352,0.36123,650.3,Savaş öncesi
Irak (güney),2026-01-01,227,0.53304,27.34,423.05,423.05,423.13,0,0.0088106,0.45374,0.0044053,0.29956,0.23348,426.21,Savaş öncesi
Irak (güney),2026-01-02,227,0.87225,49.91,748.36,1093,1157.3,0,0.057269,0.017621,0.052863,0.56388,0.30837,1215.2,Savaş öncesi
Irak (güney),2026-01-03,227,0.96035,59.65,893.22,1009.7,1297.5,0,0.022026,0,0.017621,0.64317,0.31718,1329.6,Savaş öncesi
Irak (güney),2026-01-04,227,0.96476,43.59,1087.5,1120.5,1120.5,0,0.022026,0.0044053,0.0088106,0.64317,0.32159,1124.1,Savaş öncesi
Irak (güney),2026-01-05,227,1,17.45,767.92,767.92,767.9,0,0,0,0,0.62555,0.37445,767.9,Savaş öncesi
Irak (güney),2026-01-06,227,0.99559,16.315,654.04,654.04,654.09,0,0.0044053,0,0,0.62996,0.36564,654.09,Savaş öncesi
Irak (güney),2026-01-07,227,0.97797,43.315,871.34,888.32,0,0,0.0044053,0,0.017621,0.63877,0.33921,,Savaş öncesi
Irak (güney),2026-01-08,227,0.97797,59.965,755.49,978.36,1180.1,0,0.0044053,0,0.017621,0.62996,0.34802,1187,Savaş öncesi
Irak (güney),2026-01-09,227,0.079295,33.82,2.4879,3.924,3.93,0,0.088106,0.77533,0.057269,0.070485,0.0088106,3.93,Savaş öncesi
Irak (güney),2026-01-10,227,0,,,,,1,0,0,0,0,0,918.04,Savaş öncesi
Irak (güney),2026-01-11,227,0,,,,,1,0,0,0,0,0,433.85,Savaş öncesi
Irak (güney),2026-01-12,227,0,,,,,1,0,0,0,0,0,2.84,Savaş öncesi
Irak (güney),2026-01-13,227,0,,,,,1,0,0,0,0,0,470.32,Savaş öncesi
Irak (güney),2026-01-14,227,0,,,,,1,0,0,0,0,0,1195.6,Savaş öncesi
Irak (güney),2026-01-15,227,0.96916,36.3,1076,1128.4,1128.3,0,0.030837,0,0,0.61233,0.35683,1195.6,Savaş öncesi
Irak (güney),2026-01-16,227,0.88546,6.86,803.73,803.73,803.73,0,0,0.11454,0,0.54185,0.34361,803.73,Savaş öncesi
Irak (güney),2026-01-17,227,0.72247,26.55,385.37,386.79,386.75,0,0.017621,0.25991,0,0.48899,0.23348,390.7,Savaş öncesi
Irak (güney),2026-01-18,227,0.89868,49.84,889.48,1030.6,1066.1,0,0.07489,0,0.026432,0.5859,0.31278,1209.3,Savaş öncesi
Irak (güney),2026-01-19,227,0.95595,59.74,1193.1,1752,1860,0,0.013216,0.013216,0.017621,0.60352,0.35242,1954.3,Savaş öncesi
Irak (güney),2026-01-20,227,0.87225,43.58,1010.4,1012.8,1012.8,0,0.017621,0.10132,0.0088106,0.53304,0.33921,1052.8,Savaş öncesi
Irak (güney),2026-01-21,227,0.88106,17.31,940.39,940.39,940.37,0,0,0.11894,0,0.51982,0.36123,940.37,Savaş öncesi
Irak (güney),2026-01-22,227,0,,,,,0,0,1,0,0,0,27.03,Savaş öncesi
Irak (güney),2026-01-23,227,0.71366,43.48,600.33,616.19,620.27,0,0.0044053,0.26872,0.013216,0.51101,0.20264,648.19,Savaş öncesi
Irak (güney),2026-01-24,227,0.039648,59.29,0,0,0,0,0,0.79736,0.163,0.039648,0,0,Savaş öncesi
Irak (güney),2026-01-25,227,0.86344,49.91,760.63,938.73,938.73,0,0.092511,0,0.044053,0.59031,0.27313,1222,Savaş öncesi
Irak (güney),2026-01-26,227,0.93392,27.695,479.8,479.8,479.85,0,0.0044053,0.061674,0,0.59031,0.34361,513.56,Savaş öncesi
Irak (güney),2026-01-27,227,0.85463,5.06,453.06,453.06,453.1,0,0.0044053,0.14097,0,0.52863,0.32599,456.87,Savaş öncesi
Irak (güney),2026-01-28,227,0.26872,41.51,157.87,164.55,164.55,0,0.048458,0.67401,0.0088106,0.1674,0.10132,227.36,Savaş öncesi
Irak (güney),2026-01-29,227,0.98678,55.37,807.34,1253.7,1342,0,0.0044053,0.0044053,0.0044053,0.59912,0.38767,1342,Savaş öncesi
Irak (güney),2026-01-30,227,0.33921,55.22,124.53,149.84,151.56,0,0.0088106,0.4141,0.23789,0.23789,0.10132,216.02,Savaş öncesi
Irak (güney),2026-01-31,227,0.95154,36.35,632.22,733.49,733.48,0,0.030837,0.013216,0.0044053,0.59031,0.36123,756.65,Savaş öncesi
Irak (güney),2026-02-01,227,1,7.04,508.62,508.62,508.53,0,0,0,0,0.59471,0.40529,508.53,Savaş öncesi
Irak (güney),2026-02-02,227,0.20705,26.52,21.504,21.504,21.5,0,0.0088106,0.78414,0,0.17181,0.035242,21.5,Savaş öncesi
Irak (güney),2026-02-03,227,0.9207,49.88,594.87,689.59,741.68,0,0.066079,0,0.013216,0.61233,0.30837,873.62,Savaş öncesi
Irak (güney),2026-02-04,227,0.97797,59.72,1180.7,1746.6,1834.5,0,0.0088106,0,0.013216,0.57709,0.40088,1862.5,Savaş öncesi
Irak (güney),2026-02-05,227,0.96035,43.67,1007,1129.8,1129.8,0,0.017621,0,0.022026,0.56388,0.39648,1136.4,Savaş öncesi
Irak (güney),2026-02-06,227,0.0044053,7.55,0,0,0,0,0,0.99559,0,0.0044053,0,0,Savaş öncesi
Irak (güney),2026-02-07,227,0.94273,16.15,538.39,538.39,538.41,0,0.0088106,0.044053,0.0044053,0.63877,0.30396,538.41,Savaş öncesi
Irak (güney),2026-02-08,227,0.99559,43.37,849.5,885.99,890.24,0,0,0,0.0044053,0.60352,0.39207,891.43,Savaş öncesi
Irak (güney),2026-02-09,227,0.77974,60.13,846.63,1034.9,1074.5,0,0.0044053,0.14097,0.07489,0.49339,0.28634,1108.8,Savaş öncesi
Irak (güney),2026-02-10,227,0.048458,48.98,78.304,78.304,78.31,0,0.092511,0.82819,0.030837,0.035242,0.013216,164.49,Savaş öncesi
Irak (güney),2026-02-11,227,0.070485,3.65,6.9001,6.9001,6.9,0,0.0044053,0.92511,0,0.039648,0.030837,6.9,Savaş öncesi
Irak (güney),2026-02-12,227,1,5.12,713.7,713.7,713.72,0,0,0,0,0.55947,0.44053,713.72,Savaş öncesi
Irak (güney),2026-02-13,227,0.8326,35.53,672.23,704.41,704.39,0,0.066079,0.088106,0.013216,0.56828,0.26432,835.28,Savaş öncesi
Irak (güney),2026-02-14,227,0.97797,55.47,627.64,712.9,700.42,0,0,0,0.022026,0.53304,0.44493,710.89,Savaş öncesi
Irak (güney),2026-02-15,227,0.98238,55.21,988.37,1155.9,1314.2,0,0.0044053,0,0.013216,0.53304,0.44934,1329.9,Savaş öncesi
Irak (güney),2026-02-16,227,0.96035,36.25,925.23,982.56,982.52,0,0.030837,0,0.0088106,0.55947,0.40088,998,Savaş öncesi
Irak (güney),2026-02-17,227,1,6.87,761.37,761.37,761.35,0,0,0,0,0.55947,0.44053,761.35,Savaş öncesi
Irak (güney),2026-02-18,227,0.99559,26.74,1012.4,1014.9,1014.8,0,0.0044053,0,0,0.5815,0.4141,1021.5,Savaş öncesi
Irak (güney),2026-02-19,227,0.87225,50.02,1103.2,1232.3,1287.7,0,0.035242,0.044053,0.048458,0.51542,0.35683,1292.7,Savaş öncesi
Irak (güney),2026-02-20,227,0.94714,59.66,910.34,1098.4,1223.8,0,0.022026,0,0.030837,0.54185,0.40529,1345.4,Savaş öncesi
Irak (güney),2026-02-21,227,0.98238,43.57,970.72,1105.4,1105.3,0,0.0044053,0,0.013216,0.56388,0.4185,1115.5,Savaş öncesi
Irak (güney),2026-02-22,227,1,17.32,717.13,717.13,717.1,0,0,0,0,0.53304,0.46696,717.1,Savaş öncesi
Irak (güney),2026-02-23,227,0.88987,16.145,690.77,690.77,690.69,0,0,0.11013,0,0.5859,0.30396,695.2,Savaş öncesi
Irak (güney),2026-02-24,227,0.98678,43.52,815.84,854.93,858.01,0,0,0,0.013216,0.59471,0.39207,859.59,Savaş öncesi
Irak (güney),2026-02-25,227,0.97797,60.04,929.73,1179.7,1449.9,0,0.0044053,0,0.017621,0.57269,0.40529,1512.7,Savaş öncesi
Irak (güney),2026-02-26,227,0.85903,49.78,679.16,748.34,748.36,0,0.11454,0,0.026432,0.52423,0.3348,818.79,Savaş öncesi
Irak (güney),2026-02-27,227,1,27.32,915.89,915.89,915.86,0,0,0,0,0.56388,0.43612,915.86,Savaş öncesi
Irak (güney),2026-02-28,227,0.99559,5.42,816.78,816.78,816.73,0,0.0044053,0,0,0.62115,0.37445,816.73,geçiş
Irak (güney),2026-03-01,227,0.92511,35.97,685.61,713.5,718.59,0,0.061674,0.0044053,0.0088106,0.5859,0.33921,751.31,geçiş
Irak (güney),2026-03-02,227,0.96916,55.59,741.33,1101.5,1143.5,0,0.0044053,0,0.026432,0.60352,0.36564,1175.9,1. kapanma
Irak (güney),2026-03-03,227,0.80617,55.05,180.21,182.49,204.03,0,0.0088106,0.0837,0.10132,0.62996,0.17621,229.96,1. kapanma
Irak (güney),2026-03-04,227,0.96916,35.995,469.73,469.73,469.72,0,0.026432,0,0.0044053,0.76652,0.20264,469.72,1. kapanma
Irak (güney),2026-03-05,227,1,6.51,174.88,174.88,174.87,0,0,0,0,0.76211,0.23789,174.87,1. kapanma
Irak (güney),2026-03-06,227,0.96035,26.955,301.69,301.69,301.67,0,0.013216,0.022026,0.0044053,0.76652,0.19383,303.39,1. kapanma
Irak (güney),2026-03-07,227,0.44934,50.68,32.206,44.678,50.23,0,0.044053,0.47137,0.035242,0.40088,0.048458,50.23,1. kapanma
Irak (güney),2026-03-08,227,0.96476,59.55,215.17,294.29,352.03,0,0.0088106,0,0.026432,0.80176,0.163,356.68,1. kapanma
Irak (güney),2026-03-09,227,0.97357,43.35,142.2,145.4,145.43,0,0.017621,0,0.0088106,0.82379,0.14978,154.6,1. kapanma
Irak (güney),2026-03-10,227,0.93833,16.85,95.122,95.122,95.14,0,0,0.061674,0,0.79736,0.14097,95.14,1. kapanma
Irak (güney),2026-03-11,227,0.62115,16.55,68.389,68.389,68.4,0,0,0.37885,0,0.57269,0.048458,68.4,1. kapanma
Irak (güney),2026-03-12,227,0.44053,44.08,25.425,25.425,31.33,0,0.013216,0.54185,0.0044053,0.38326,0.057269,31.33,1. kapanma
Irak (güney),2026-03-13,227,0.88987,60.305,73.745,81.023,108.18,0,0.0088106,0.057269,0.044053,0.77974,0.11013,113.55,1. kapanma
Irak (güney),2026-03-14,227,0.19824,49.66,5.7578,5.7578,5.76,0,0.10573,0.64317,0.052863,0.18943,0.0088106,9.88,1. kapanma
Irak (güney),2026-03-15,227,0.3304,26.76,29.286,29.286,29.29,0,0,0.6696,0,0.25991,0.070485,50.09,1. kapanma
Irak (güney),2026-03-16,227,1,5.88,129.36,129.36,129.3,0,0,0,0,0.81057,0.18943,129.3,1. kapanma
Irak (güney),2026-03-17,227,0.92511,36.28,146.59,172.64,174.41,0,0.061674,0,0.013216,0.76652,0.15859,185.85,1. kapanma
Irak (güney),2026-03-18,227,0.79295,55.7,101.22,105.23,116.73,0,0,0.14097,0.066079,0.69604,0.096916,127.67,1. kapanma
Irak (güney),2026-03-19,227,0.8326,54.73,63.61,63.61,63.62,0,0.0044053,0.070485,0.092511,0.74009,0.092511,67.73,1. kapanma
Irak (güney),2026-03-20,227,0.95595,35.65,143.59,143.59,143.61,0,0.044053,0,0,0.77974,0.17621,146.27,1. kapanma
Irak (güney),2026-03-21,227,0.36123,6.275,39.215,39.215,39.2,0,0,0.63877,0,0.29956,0.061674,40.5,1. kapanma
Irak (güney),2026-03-22,227,0.77533,27.3,50.463,51.72,51.73,0,0.013216,0.21145,0,0.70925,0.066079,51.73,1. kapanma
Irak (güney),2026-03-23,227,0.048458,55.58,0.61597,0.61597,0.62,0,0.052863,0.77974,0.11894,0.044053,0.0044053,14.76,1. kapanma
Irak (güney),2026-03-24,227,0.29956,63.815,0.91355,0.91355,0.91,0,0.0044053,0.52423,0.17181,0.29515,0.0044053,21.27,1. kapanma
Irak (güney),2026-03-25,227,0.4141,43.35,86.112,96.702,96.73,0,0.0044053,0.56388,0.017621,0.32599,0.088106,96.73,1. kapanma
Irak (güney),2026-03-26,227,0.94714,16.6,94.537,94.537,94.6,0,0,0.052863,0,0.81498,0.13216,94.6,1. kapanma
Irak (güney),2026-03-27,227,0.97357,17.34,103.66,105.03,105.06,0,0.0044053,0.017621,0.0044053,0.82379,0.14978,105.06,1. kapanma
Irak (güney),2026-03-28,227,0.99559,44.08,101.52,117.14,127.78,0,0.0044053,0,0,0.84581,0.14978,127.78,1. kapanma
Irak (güney),2026-03-29,227,0.63877,60.99,48.58,68.162,0,0,0,0.20705,0.15419,0.57269,0.066079,,1. kapanma
Irak (güney),2026-03-30,227,0.837,49.17,133.25,141.08,141.08,0,0.10132,0.044053,0.017621,0.67841,0.15859,146.02,1. kapanma
Irak (güney),2026-03-31,227,1,26.46,96.845,96.845,96.82,0,0,0,0,0.84581,0.15419,96.82,1. kapanma
Irak (güney),2026-04-01,227,0.8326,5.87,47.549,47.549,47.56,0,0.0044053,0.163,0,0.73568,0.096916,47.99,1. kapanma
Irak (güney),2026-04-02,227,0.12335,37.775,1.6569,1.6569,1.65,0,0.070485,0.78855,0.017621,0.11454,0.0088106,1.65,1. kapanma
Irak (güney),2026-04-03,227,0.17181,60.45,5.1081,5.1081,8.08,0,0.0044053,0.66079,0.163,0.15419,0.017621,8.08,1. kapanma
Irak (güney),2026-04-04,227,0.96035,54.54,134.85,156.95,172.99,0,0.013216,0,0.026432,0.82379,0.13656,180.05,1. kapanma
Irak (güney),2026-04-05,227,0.92511,35.15,54.416,54.416,54.4,0,0.07489,0,0,0.80176,0.12335,57.64,1. kapanma
Irak (güney),2026-04-06,227,1,5.54,101.13,101.13,101.14,0,0,0,0,0.8326,0.1674,101.14,1. kapanma
Irak (güney),2026-04-07,227,0.98678,27.935,147.04,147.04,147.08,0,0.0044053,0.0088106,0,0.84581,0.14097,147.08,1. kapanma
Irak (güney),2026-04-08,227,0.57709,50.99,54.24,65.003,68.06,0,0.044053,0.31278,0.066079,0.51982,0.057269,71,1. kapanma
Irak (güney),2026-04-09,227,0.97797,59.04,120.49,137.3,211.35,0,0,0,0.022026,0.8326,0.14537,219.63,1. kapanma
Irak (güney),2026-04-10,227,0.94273,42.58,125,125,124.96,0,0.017621,0.035242,0.0044053,0.79736,0.14537,126.11,1. kapanma
Irak (güney),2026-04-11,227,0.7533,15.75,50.699,50.699,50.7,0,0,0.2467,0,0.67401,0.079295,50.7,1. kapanma
Irak (güney),2026-04-12,227,0.99559,18.04,116.45,116.45,116.46,0,0.0044053,0,0,0.85022,0.14537,116.46,1. kapanma
Irak (güney),2026-04-13,227,0.97797,44.495,113.65,113.65,129.81,0,0.013216,0,0.0088106,0.837,0.14097,131.11,1. kapanma
Irak (güney),2026-04-14,227,0.91189,60.81,93.211,102.61,120.58,0,0.0044053,0.013216,0.070485,0.76652,0.14537,128.86,1. kapanma
Irak (güney),2026-04-15,227,0.92511,48.985,117.51,132.07,132.08,0,0.044053,0.0044053,0.026432,0.79736,0.12775,132.08,1. kapanma
Irak (güney),2026-04-16,227,0.69604,25.09,38.837,38.837,38.82,0,0,0.30396,0,0.61674,0.079295,38.82,1. kapanma
Irak (güney),2026-04-17,227,0.77974,6.87,45.986,45.986,45.97,0,0.0044053,0.21586,0,0.66079,0.11894,50.12,1. kapanma
Irak (güney),2026-04-18,227,0.07489,51.54,0.53475,2.1302,2.13,0,0.026432,0.88987,0.0088106,0.070485,0.0044053,2.13,1. kapanma
Irak (güney),2026-04-19,227,0.22467,60.43,37.797,39.051,40.07,0,0.0044053,0.59471,0.17621,0.19383,0.030837,43.15,1. kapanma
Irak (güney),2026-04-20,227,0.93392,54.44,58.868,61.987,65.94,0,0.013216,0,0.052863,0.84141,0.092511,75.98,1. kapanma
Irak (güney),2026-04-21,227,0.92952,35.02,53.331,62.835,62.8,0,0.070485,0,0,0.81498,0.11454,72.92,1. kapanma
Irak (güney),2026-04-22,227,1,5.46,122.08,122.08,122.12,0,0,0,0,0.82819,0.17181,122.12,1. kapanma
Irak (güney),2026-04-23,227,0.98678,27.92,107.33,107.33,107.33,0,0.0088106,0.0044053,0,0.81057,0.17621,107.33,1. kapanma
Irak (güney),2026-04-24,227,0.20264,51.725,6.4353,8.7308,12.99,0,0.066079,0.63436,0.096916,0.18502,0.017621,12.99,1. kapanma
Irak (güney),2026-04-25,227,0.092511,54.02,22.693,22.693,22.69,0,0.0044053,0.77093,0.13216,0.079295,0.013216,22.69,1. kapanma
Irak (güney),2026-04-26,227,0.89868,42.745,156.7,157.67,157.68,0,0.0044053,0.092511,0.0044053,0.77093,0.12775,160.04,1. kapanma
Irak (güney),2026-04-27,227,0.92952,15.99,100.61,100.61,100.61,0,0,0.070485,0,0.81938,0.11013,100.61,1. kapanma
Irak (güney),2026-04-28,227,1,17.77,115.49,118.31,118.32,0,0,0,0,0.85022,0.14978,118.32,1. kapanma
Irak (güney),2026-04-29,227,0.99559,44.29,164.84,170.08,176.24,0,0.0044053,0,0,0.84581,0.14978,176.24,1. kapanma
Irak (güney),2026-04-30,227,0.98238,60.56,201.35,277.19,330.94,0,0.0044053,0,0.013216,0.81057,0.17181,330.94,1. kapanma
Irak (güney),2026-05-01,227,0.90749,49.04,94.427,122.03,122.01,0,0.07489,0,0.017621,0.77533,0.13216,140.77,1. kapanma
Irak (güney),2026-05-02,227,0.99559,26.21,163.29,163.29,163.31,0,0,0.0044053,0,0.81057,0.18502,163.31,1. kapanma
Irak (güney),2026-05-03,227,0.95595,6.55,158.63,158.63,158.63,0,0,0.044053,0,0.77533,0.18062,158.63,1. kapanma
Irak (güney),2026-05-04,227,0.57709,36.87,105.9,105.9,105.88,0,0.079295,0.33921,0.0044053,0.49339,0.0837,105.88,1. kapanma
Irak (güney),2026-05-05,227,0.96916,56.06,151.33,201.17,245,0,0.0044053,0,0.026432,0.78414,0.18502,247.57,1. kapanma
Irak (güney),2026-05-06,227,0.96916,54.51,192.91,228.34,255.37,0,0,0,0.030837,0.77974,0.18943,257.16,1. kapanma
Irak (güney),2026-05-07,227,0.29515,32.81,17.627,17.627,17.62,0,0.066079,0.63877,0,0.23348,0.061674,17.62,1. kapanma
Irak (güney),2026-05-08,227,0.51542,7.04,62.583,62.583,62.6,0,0,0.48458,0,0.39207,0.12335,63.5,1. kapanma
Irak (güney),2026-05-09,227,0.98238,27.84,160.42,160.42,160.43,0,0.017621,0,0,0.81057,0.17181,162.28,1. kapanma
Irak (güney),2026-05-10,227,0.92511,50.68,129.24,138.26,156.66,0,0.039648,0,0.035242,0.79295,0.13216,221.85,1. kapanma
Irak (güney),2026-05-11,227,0.98238,59.14,169.29,170.98,224.09,0,0.0088106,0,0.0088106,0.81498,0.1674,224.09,1. kapanma
Irak (güney),2026-05-12,227,0.99559,42.71,186.15,200.94,200.91,0,0.0044053,0,0,0.82819,0.1674,200.91,1. kapanma
Irak (güney),2026-05-13,227,1,16.05,127.75,127.75,127.75,0,0,0,0,0.8326,0.1674,127.75,1. kapanma
Irak (güney),2026-05-14,227,0.99559,17.745,177.69,177.69,177.71,0,0,0,0.0044053,0.81938,0.17621,177.71,1. kapanma
Irak (güney),2026-05-15,227,0.90749,44.11,205.39,222.87,222.89,0,0.013216,0.052863,0.026432,0.75771,0.14978,222.89,1. kapanma
Irak (güney),2026-05-16,227,0.96035,60.545,132.05,156.24,203.17,0,0.0044053,0,0.035242,0.81498,0.14537,204.02,1. kapanma
Irak (güney),2026-05-17,227,0.88546,49.08,132.33,155.69,155.69,0,0.10573,0,0.0088106,0.74009,0.14537,173.28,1. kapanma
Irak (güney),2026-05-18,227,0.25991,26.46,7.8919,7.8919,7.89,0,0,0.74009,0,0.2467,0.013216,7.89,1. kapanma
Irak (güney),2026-05-19,227,0.85463,6.805,71.647,71.647,71.62,0,0,0.14537,0,0.71806,0.13656,73.19,1. kapanma
Irak (güney),2026-05-20,227,0.9207,36.76,166.77,168.18,168.23,0,0.052863,0.013216,0.013216,0.76211,0.15859,179.23,1. kapanma
Irak (güney),2026-05-21,227,0.95595,56.06,167.25,190.18,289.34,0,0.017621,0,0.026432,0.81498,0.14097,297.81,1. kapanma
Irak (güney),2026-05-22,227,0.96916,54.525,219.18,223.22,278.05,0,0,0,0.030837,0.79295,0.17621,278.05,1. kapanma
Irak (güney),2026-05-23,227,0.96476,35.18,165.94,174.83,174.86,0,0.030837,0,0.0044053,0.81057,0.15419,179.59,1. kapanma
Irak (güney),2026-05-24,227,0.39648,5.655,63.001,63.001,63,0,0,0.60352,0,0.3304,0.066079,63,1. kapanma
Irak (güney),2026-05-25,227,0.82379,27.56,95.027,97.93,97.92,0,0.0044053,0.1674,0.0044053,0.71806,0.10573,97.92,1. kapanma
Irak (güney),2026-05-26,227,0.91189,50.68,135.25,148.13,163.88,0,0.048458,0,0.039648,0.79736,0.11454,174.48,1. kapanma
Irak (güney),2026-05-27,227,0.94714,59.18,177.16,191.42,227.41,0,0.017621,0.0044053,0.030837,0.81498,0.13216,233.67,1. kapanma
Irak (güney),2026-05-28,227,0.93392,42.755,135.4,165.13,165.16,0,0.0044053,0.035242,0.026432,0.80176,0.13216,165.16,1. kapanma
Irak (güney),2026-05-29,227,0.95154,16.115,137.51,137.51,137.46,0,0,0.048458,0,0.81057,0.14097,137.46,1. kapanma
Irak (güney),2026-05-30,227,0.99559,17.77,157.52,157.52,157.55,0,0.0044053,0,0,0.81938,0.17621,157.55,1. kapanma
Irak (güney),2026-05-31,227,0.98238,44.28,169.92,200.6,210.2,0,0.0088106,0.0044053,0.0044053,0.81057,0.17181,210.2,1. kapanma
Irak (güney),2026-06-01,227,0.96916,60.52,139.26,186.68,253.97,0,0.0088106,0,0.022026,0.837,0.13216,268.63,1. kapanma
Irak (güney),2026-06-02,227,0.87665,49.08,125.02,167.99,167.97,0,0.088106,0,0.035242,0.76652,0.11013,197.53,1. kapanma
Irak (güney),2026-06-03,227,1,26.27,161.19,161.19,161.18,0,0,0,0,0.85022,0.14978,161.18,1. kapanma
Irak (güney),2026-06-04,227,1,6.66,123.78,123.78,123.79,0,0,0,0,0.86344,0.13656,123.79,1. kapanma
Irak (güney),2026-06-05,227,0.95154,36.85,152.95,155.99,160.19,0,0.048458,0,0,0.8326,0.11894,164.59,1. kapanma
Irak (güney),2026-06-06,227,0.95595,56.12,103.04,126.3,184.13,0,0.0044053,0.0044053,0.035242,0.8326,0.12335,187.61,1. kapanma
Irak (güney),2026-06-07,227,0.95595,54.57,152.39,181.3,200.1,0,0.013216,0.0044053,0.026432,0.81938,0.13656,202.8,1. kapanma
Irak (güney),2026-06-08,227,0.92511,35.15,115.32,115.32,115.34,0,0.07489,0,0,0.79736,0.12775,123.27,1. kapanma
Irak (güney),2026-06-09,227,1,5.48,135.14,135.14,135.12,0,0,0,0,0.86344,0.13656,135.12,1. kapanma
Irak (güney),2026-06-10,227,0.98678,27.95,138.28,138.28,138.29,0,0.013216,0,0,0.86344,0.12335,141.66,1. kapanma
Irak (güney),2026-06-11,227,0.90308,50.8,107.4,122.92,144.75,0,0.061674,0,0.035242,0.8326,0.070485,183.45,1. kapanma
Irak (güney),2026-06-12,227,0.93392,59.13,216.81,237.35,299.86,0,0.022026,0,0.044053,0.81057,0.12335,332.77,1. kapanma
Irak (güney),2026-06-13,227,0.99119,42.7,208.23,234.4,234.36,0,0.0044053,0,0.0044053,0.85022,0.14097,234.36,1. kapanma
Irak (güney),2026-06-14,227,1,15.96,209.19,209.19,209.21,0,0,0,0,0.837,0.163,209.21,geçiş
Irak (güney),2026-06-15,227,0.99559,17.89,195.89,203.36,203.43,0,0.0044053,0,0,0.81938,0.17621,203.43,geçiş
Irak (güney),2026-06-16,227,1,44.44,235.94,235.94,256.74,0,0,0,0,0.84141,0.15859,256.74,geçiş
Irak (güney),2026-06-17,227,0.97357,60.59,309.53,400.45,546.42,0,0,0,0.026432,0.78855,0.18502,546.42,geçiş
Irak (güney),2026-06-18,227,0.90308,49.03,320.6,345.6,345.58,0,0.070485,0,0.026432,0.71366,0.18943,402.62,Açılış
Irak (güney),2026-06-19,227,1,26.15,517.26,517.26,517.28,0,0,0,0,0.75771,0.24229,517.28,Açılış
Irak (güney),2026-06-20,227,0.99559,6.815,544.99,544.99,544.93,0,0.0044053,0,0,0.72687,0.26872,544.93,Açılış
Irak (güney),2026-06-21,227,0.9207,37,509.33,515.6,519.41,0,0.057269,0,0.022026,0.68722,0.23348,583.39,Açılış
Irak (güney),2026-06-22,227,0.97797,56.21,667.67,731.84,919.35,0,0,0,0.022026,0.69604,0.28194,957.6,Açılış
Irak (güney),2026-06-23,227,0.97357,54.47,522.84,539.34,736.9,0,0.0088106,0,0.017621,0.70044,0.27313,763.99,Açılış
Irak (güney),2026-06-24,227,0.94273,35.08,380.14,394.6,394.61,0,0.057269,0,0,0.6696,0.27313,416.29,Açılış
Irak (güney),2026-06-25,227,1,5.4,318.47,318.47,318.36,0,0,0,0,0.73568,0.26432,318.36,Açılış
Irak (güney),2026-06-26,227,1,28.07,240.45,240.45,240.46,0,0,0,0,0.77974,0.22026,240.46,Açılış
Irak (güney),2026-06-27,227,0.92952,50.84,194.18,233,237.25,0,0.057269,0,0.013216,0.77093,0.15859,277.25,Açılış
Irak (güney),2026-06-28,227,0.96916,59.16,183.86,192.96,248.64,0,0.017621,0,0.013216,0.80617,0.163,248.64,Açılış
Irak (güney),2026-06-29,227,0.99559,42.74,155.91,155.91,155.89,0,0.0044053,0,0,0.81938,0.17621,155.89,Açılış
Irak (güney),2026-06-30,227,1,16.08,158.26,158.26,158.26,0,0,0,0,0.81057,0.18943,158.26,Açılış
Irak (güney),2026-07-01,227,1,17.76,333.3,333.3,333.32,0,0,0,0,0.80617,0.19383,333.32,Açılış
Irak (güney),2026-07-02,227,0.98678,44.29,362.47,387.69,400.11,0,0.0044053,0,0.0088106,0.79736,0.18943,413.27,Açılış
Irak (güney),2026-07-03,227,0.98678,60.475,786.06,845.69,958.19,0,0,0,0.013216,0.74009,0.2467,958.19,Açılış
Irak (güney),2026-07-04,227,0.88106,49.21,724.46,798.75,798.75,0,0.092511,0,0.026432,0.6652,0.21586,876.53,Açılış
Irak (güney),2026-07-05,227,1,26.45,702.64,702.64,702.59,0,0,0,0,0.70925,0.29075,702.59,Açılış
Irak (güney),2026-07-06,227,1,6.42,624.52,624.52,624.59,0,0,0,0,0.72247,0.27753,624.59,Açılış
Irak (güney),2026-07-07,227,0.95154,36.66,581.68,593.6,597.85,0,0.048458,0,0,0.72247,0.22907,637.95,Açılış
Irak (güney),2026-07-08,227,0.96916,56.015,502.44,600.77,849.36,0,0.0044053,0,0.026432,0.69163,0.27753,879.44,Açılış
Irak (güney),2026-07-09,227,0.96916,54.715,887.84,932.24,1080.1,0,0.0088106,0,0.022026,0.6696,0.29956,1098.8,Açılış
Irak (güney),2026-07-10,227,0.94273,35.45,734.87,760.42,760.35,0,0.057269,0,0,0.68722,0.25551,812.85,Açılış
Irak (güney),2026-07-11,227,1,5.95,566.13,566.13,566.16,0,0,0,0,0.70485,0.29515,566.16,geçiş
Irak (güney),2026-07-12,227,1,27.64,472.76,475.93,475.92,0,0,0,0,0.76211,0.23789,475.92,geçiş
Irak (güney),2026-07-13,227,0.9207,50.52,507.86,514.97,555.43,0,0.044053,0,0.035242,0.72247,0.19824,584.39,2. kapanma
Irak (güney),2026-07-14,227,0.96476,59.36,475.9,533.45,612.72,0,0.0088106,0,0.026432,0.74009,0.22467,659.63,2. kapanma
Irak (güney),2026-07-15,227,0.96476,43.06,445.77,447.97,447.96,0,0.013216,0,0.022026,0.72687,0.23789,450.4,2. kapanma
Irak (güney),2026-07-16,227,1,16.6,452.53,452.53,452.51,0,0,0,0,0.73128,0.26872,452.51,2. kapanma
Irak (güney),2026-07-17,227,1,17.23,387.96,387.96,387.93,0,0,0,0,0.74009,0.25991,387.93,2. kapanma
Irak (güney),2026-07-18,227,0.98238,43.96,478.07,483.79,498.84,0,0.0088106,0,0.0088106,0.7533,0.22907,508.04,2. kapanma
Irak (güney),2026-07-19,227,0.97357,60.3,304.93,377.02,445.72,0,0.0044053,0,0.022026,0.73568,0.23789,455.92,2. kapanma
Irak (güney),2026-07-20,227,0.90749,49.48,430.81,448.54,448.51,0,0.07489,0,0.017621,0.70485,0.20264,500.32,2. kapanma
Irak (güney),2026-07-21,227,1,26.88,498.63,498.63,498.66,0,0,0,0,0.72687,0.27313,498.66,2. kapanma
Irak (güney),2026-07-22,227,1,5.89,459.51,459.51,459.53,0,0,0,0,0.74449,0.25551,459.53,2. kapanma
Irak (güney),2026-07-23,227,0.96035,36.245,333.68,344.61,348.01,0,0.035242,0,0.0044053,0.74449,0.21586,348.01,2. kapanma
Irak (güney),2026-07-24,227,0.98678,55.76,329.8,396.69,533.9,0,0,0,0.013216,0.7533,0.23348,533.9,2. kapanma
Irak (güney),2026-07-25,227,0.96476,54.92,437.24,473.34,566.02,0,0.013216,0,0.022026,0.70044,0.26432,574.7,2. kapanma
Irak (güney),2026-07-26,227,0.94714,35.83,363.17,371.17,371.18,0,0.052863,0,0,0.72247,0.22467,396.39,2. kapanma
Irak (güney),2026-07-27,227,1,6.28,345.99,345.99,345.97,0,0,0,0,0.7533,0.2467,345.97,2. kapanma
Irak (güney),2026-07-28,227,0.98238,27.12,347.23,347.23,347.22,0,0.017621,0,0,0.74009,0.24229,352.03,2. kapanma
Irak (güney),2026-07-29,227,0.86784,50.23,320.27,386.89,440.52,0,0.061674,0.039648,0.030837,0.67841,0.18943,486.02,2. kapanma
Irak (güney),2026-07-30,227,0.94714,59.51,370.09,471.37,584.86,0,0.017621,0,0.035242,0.72247,0.22467,612,2. kapanma
Irak (güney),2026-07-31,227,0.98678,43.35,332.84,335.84,335.84,0,0.013216,0,0,0.74449,0.24229,342.75,2. kapanma
Irak (güney),2026-08-01,227,1,17.02,343.19,343.19,343.14,0,0,0,0,0.7533,0.2467,343.14,2. kapanma
Irak (güney),2026-08-02,227,0.97797,16.74,281.42,281.42,281.43,0,0.0044053,0.017621,0,0.76652,0.21145,285.58,2. kapanma
Irak (güney),2026-08-03,227,0.67401,43.75,359.79,379.8,379,0,0.0044053,0.29075,0.030837,0.52863,0.14537,409.32,2. kapanma
Irak (güney),2026-08-04,227,0.94273,60.22,408.83,502.54,699.64,0,0,0.030837,0.026432,0.76652,0.17621,699.64,2. kapanma
Irak (güney),2026-08-05,227,0.8326,49.67,657.69,793,793.03,0,0.096916,0.052863,0.017621,0.61233,0.22026,830.17,2. kapanma
Irak (güney),2026-08-06,227,1,27.23,668.33,668.33,668.32,0,0,0,0,0.70485,0.29515,668.32,2. kapanma
Irak (güney),2026-08-07,227,1,5.43,637.42,637.42,637.46,0,0,0,0,0.68722,0.31278,637.46,2. kapanma
Irak (güney),2026-08-08,227,0.90749,35.92,689.27,715.96,713.38,0,0.088106,0,0.0044053,0.64758,0.25991,819.1,2. kapanma
Irak (güney),2026-08-09,227,0.98238,55.54,825.7,974.38,1172.5,0,0,0,0.017621,0.68722,0.29515,1174.8,2. kapanma
Irak (güney),2026-08-10,227,0.97357,55.08,829.85,865.63,1196.3,0,0.013216,0,0.013216,0.69163,0.28194,1284.8,2. kapanma
Irak (güney),2026-08-11,227,0.96916,36.095,988.66,1005.8,1005.9,0,0.026432,0,0.0044053,0.65198,0.31718,1015.4,2. kapanma
Irak (güney),2026-08-12,227,1,6.76,715.43,715.43,715.39,0,0,0,0,0.68722,0.31278,715.39,2. kapanma
Irak (güney),2026-08-13,227,0.98678,26.735,626.35,626.35,626.28,0,0,0,0.013216,0.70925,0.27753,626.97,2. kapanma
Irak (güney),2026-08-14,227,0.92511,49.96,1028.6,1161.2,1274.7,0,0.048458,0,0.026432,0.65639,0.26872,1304.7,2. kapanma
Irak (güney),2026-08-15,227,0.97797,59.635,837.31,939.65,1234.7,0,0.013216,0,0.0088106,0.68722,0.29075,1234.7,2. kapanma
Irak (güney),2026-08-16,227,0.96916,43.56,965.26,986.36,986.4,0,0.013216,0,0.017621,0.65198,0.31718,1030.3,2. kapanma
Irak (güney),2026-08-17,227,1,17.4,768.55,768.55,768.57,0,0,0,0,0.70925,0.29075,768.57,2. kapanma
Irak (güney),2026-08-18,227,1,16.37,664.42,664.42,664.46,0,0,0,0,0.73568,0.26432,664.46,2. kapanma
Irak (güney),2026-08-19,227,0.97357,43.35,837.91,842.54,850.08,0,0.0044053,0,0.022026,0.67841,0.29515,893.13,2. kapanma
Irak (güney),2026-08-20,227,0.97357,59.94,695.09,891.37,1000.1,0,0,0,0.026432,0.70925,0.26432,1009.5,2. kapanma
Irak (güney),2026-08-21,227,0.86784,49.86,915.05,1062.3,1062.4,0,0.10132,0,0.030837,0.55947,0.30837,1078,2. kapanma
Irak (güney),2026-08-22,227,0.98678,27.495,754.32,754.32,754.32,0,0,0.013216,0,0.72687,0.25991,754.32,2. kapanma
Irak (güney),2026-08-23,227,0.99559,5.05,688.11,688.11,688.14,0,0.0044053,0,0,0.69163,0.30396,688.14,2. kapanma
Irak (güney),2026-08-24,227,0.82819,35.35,533.24,564.02,565.94,0,0.07489,0.096916,0,0.63436,0.19383,649.72,2. kapanma
Irak (güney),2026-08-25,227,0.837,55.29,369.98,440.75,593.76,0,0.0044053,0.052863,0.10573,0.68282,0.15419,625.41,2. kapanma
Irak (güney),2026-08-26,227,0.81938,55.545,344.25,450.66,568.44,0,0,0.10132,0.079295,0.63436,0.18502,605.28,2. kapanma
Irak (güney),2026-08-27,227,0.97357,36.34,707.05,762.72,762.66,0,0.022026,0,0.0044053,0.70044,0.27313,766.67,2. kapanma
Irak (güney),2026-08-28,227,0,,,,,0,1,0,0,0,0,,2. kapanma
Irak (güney),2026-08-29,227,0.96476,26.35,903.07,903.07,903.04,0,0.013216,0.017621,0.0044053,0.63877,0.32599,925.15,2. kapanma
Irak (güney),2026-08-30,227,0.85463,49.725,587.29,646.27,721.09,0,0.061674,0.030837,0.052863,0.6696,0.18502,960.62,2. kapanma
Irak (güney),2026-08-31,227,0.97797,59.735,1397.3,1819.2,2035.8,0,0.017621,0,0.0044053,0.62115,0.35683,2065.3,2. kapanma
Irak (güney),2026-09-01,227,0.98678,43.765,1237.6,1357.6,1357.6,0,0.0088106,0,0.0044053,0.69163,0.29515,1363.7,2. kapanma
Irak (güney),2026-09-02,227,1,17.73,1060.6,1060.6,1060.6,0,0,0,0,0.65198,0.34802,1060.6,2. kapanma
Irak (güney),2026-09-03,227,0.99559,16.04,795.16,798.76,798.74,0,0,0,0.0044053,0.63877,0.35683,798.74,2. kapanma
Irak (güney),2026-09-04,227,0.98238,43.16,932.12,940.45,944.61,0,0.0088106,0,0.0088106,0.64758,0.3348,982.72,2. kapanma
Irak (güney),2026-09-05,227,0.97357,59.64,941.33,1130.8,1277.2,0,0,0,0.026432,0.63877,0.3348,1288.8,2. kapanma
Irak (güney),2026-09-06,227,0.88987,50,865.28,951.75,951.77,0,0.092511,0,0.017621,0.5859,0.30396,1066.1,2. kapanma
Irak (güney),2026-09-07,227,0.99559,27.76,840.01,840.01,840.03,0,0.0044053,0,0,0.65198,0.34361,840.03,2. kapanma
Irak (güney),2026-09-08,227,1,4.72,909.29,909.29,909.21,0,0,0,0,0.64317,0.35683,909.21,2. kapanma
Irak (güney),2026-09-09,227,0.9207,35.35,1118,1253.3,1258.6,0,0.070485,0,0.0088106,0.61674,0.30396,1304.3,2. kapanma
Irak (güney),2026-09-10,227,0.96476,55.2,1180.6,1236.2,1467.3,0,0,0,0.035242,0.59912,0.36564,1483.2,2. kapanma
Irak (güney),2026-09-11,227,0.98238,55.33,1074.2,1225.8,1358.3,0,0.0044053,0,0.013216,0.65198,0.3304,1365,2. kapanma
Irak (güney),2026-09-12,227,0.97797,36.52,916.9,976.74,976.8,0,0.0088106,0,0.013216,0.66079,0.31718,976.8,2. kapanma
Irak (güney),2026-09-13,227,1,7.4,613.85,613.85,613.79,0,0,0,0,0.6696,0.3304,613.79,2. kapanma
Irak (güney),2026-09-14,227,0.99119,26.22,638.03,638.03,638.12,0,0.0088106,0,0,0.70044,0.29075,646.59,2. kapanma
Irak (güney),2026-09-15,227,0.91189,49.62,563.05,658.85,711.34,0,0.066079,0,0.022026,0.67401,0.23789,825.65,2. kapanma
Irak (güney),2026-09-16,227,0.97797,59.86,843.22,1243.8,1318.2,0,0.0044053,0,0.017621,0.64317,0.3348,1323.1,2. kapanma
Irak (güney),2026-09-17,227,0.96035,43.92,552.35,561.52,561.55,0,0.026432,0,0.013216,0.67841,0.28194,584.87,2. kapanma
Irak (güney),2026-09-18,227,0.99119,18,578.56,578.56,578.56,0,0,0.0088106,0,0.67841,0.31278,578.56,2. kapanma
Irak (güney),2026-09-19,227,0.98678,15.87,698.93,698.93,698.98,0,0,0.013216,0,0.71366,0.27313,698.98,2. kapanma
Irak (güney),2026-09-20,227,0.97797,42.97,683.03,689.18,689.11,0,0.0044053,0,0.017621,0.62555,0.35242,694.91,2. kapanma
Irak (güney),2026-09-21,227,0.96916,59.75,734.28,858.92,1003.6,0,0.0044053,0,0.026432,0.67841,0.29075,1010.5,2. kapanma
Irak (güney),2026-09-22,227,0.86784,50.12,963.7,1323.8,1335.1,0,0.0837,0,0.048458,0.59471,0.27313,1474.1,2. kapanma
Irak (güney),2026-09-23,227,1,28.01,1096.3,1096.3,1096.3,0,0,0,0,0.65639,0.34361,1096.3,geçiş
Irak (güney),2026-09-24,227,1,4.53,988.77,988.77,988.82,0,0,0,0,0.67841,0.32159,988.82,geçiş
Irak (kuzey),2024-09-01,105,1,6.16,250.56,250.56,250.59,0,0,0,0,0.58095,0.41905,250.59,Savaş öncesi
Irak (kuzey),2024-09-02,105,0.94286,35.16,292.07,337.79,337.79,0,0.057143,0,0,0.65714,0.28571,347.73,Savaş öncesi
Irak (kuzey),2024-09-03,105,0.97143,54.28,244.31,245.13,289.65,0,0.0095238,0,0.019048,0.6381,0.33333,301,Savaş öncesi
Irak (kuzey),2024-09-04,105,0.98095,53.39,311.59,352.02,393.49,0,0,0,0.019048,0.68571,0.29524,411.42,Savaş öncesi
Irak (kuzey),2024-09-05,105,0.89524,34.005,167.18,176.44,176.43,0,0.10476,0,0,0.53333,0.3619,266.57,Savaş öncesi
Irak (kuzey),2024-09-06,105,1,4.42,207.02,207.02,207.03,0,0,0,0,0.60952,0.39048,207.03,Savaş öncesi
Irak (kuzey),2024-09-07,105,1,26.65,306.33,306.33,306.31,0,0,0,0,0.6381,0.3619,306.31,Savaş öncesi
Irak (kuzey),2024-09-08,105,0.97143,49.065,231.52,325.85,297.03,0,0.019048,0,0.0095238,0.67619,0.29524,302.17,Savaş öncesi
Irak (kuzey),2024-09-09,105,0.97143,57.56,254.74,281.06,330.36,0,0.0095238,0,0.019048,0.6,0.37143,334.69,Savaş öncesi
Irak (kuzey),2024-09-10,105,0.97143,40.885,203.98,206.98,206.99,0,0.019048,0,0.0095238,0.67619,0.29524,209.46,Savaş öncesi
Irak (kuzey),2024-09-11,105,1,14.79,249.19,249.19,249.16,0,0,0,0,0.5619,0.4381,249.16,Savaş öncesi
Irak (kuzey),2024-09-12,105,1,17.16,203.62,203.62,203.65,0,0,0,0,0.61905,0.38095,203.65,Savaş öncesi
Irak (kuzey),2024-09-13,105,1,42.65,200.45,200.45,200.46,0,0,0,0,0.66667,0.33333,200.46,Savaş öncesi
Irak (kuzey),2024-09-14,105,0.99048,58.935,210.08,298.79,315.88,0,0.0095238,0,0,0.6381,0.35238,316.89,Savaş öncesi
Irak (kuzey),2024-09-15,105,0.97143,47.47,167.06,187.53,226.04,0,0.028571,0,0,0.66667,0.30476,268.33,Savaş öncesi
Irak (kuzey),2024-09-16,105,0.98095,24.74,230.64,231.8,231.81,0,0.019048,0,0,0.58095,0.4,231.81,Savaş öncesi
Irak (kuzey),2024-09-17,105,1,6.45,232.86,232.86,232.84,0,0,0,0,0.6,0.4,232.84,Savaş öncesi
Irak (kuzey),2024-09-18,105,0.91429,34.775,99.178,108.55,108.54,0,0.047619,0.038095,0,0.62857,0.28571,128.87,Savaş öncesi
Irak (kuzey),2024-09-19,105,0.94286,54.32,193.03,200.69,230.49,0,0.0095238,0.0095238,0.038095,0.59048,0.35238,238.63,Savaş öncesi
Irak (kuzey),2024-09-20,105,0.98095,53.41,170.02,185.81,203.65,0,0.0095238,0,0.0095238,0.65714,0.32381,203.65,Savaş öncesi
Irak (kuzey),2024-09-21,105,0.86667,34.58,150.49,168.4,168.41,0,0.085714,0.047619,0,0.6381,0.22857,226.07,Savaş öncesi
Irak (kuzey),2024-09-22,105,0.79048,6.34,117.46,117.46,117.43,0,0,0.20952,0,0.50476,0.28571,117.43,Savaş öncesi
Irak (kuzey),2024-09-23,105,0.95238,25.45,229.86,229.86,229.87,0,0.047619,0,0,0.53333,0.41905,232.29,Savaş öncesi
Irak (kuzey),2024-09-24,105,0.9619,48.79,243.2,335.74,303.05,0,0.028571,0,0.0095238,0.65714,0.30476,310.88,Savaş öncesi
Irak (kuzey),2024-09-25,105,0.99048,57.985,260.73,282.27,391.81,0,0,0,0.0095238,0.5619,0.42857,391.81,Savaş öncesi
Irak (kuzey),2024-09-26,105,0.99048,41.21,255.55,258.97,258.97,0,0.0095238,0,0,0.5619,0.42857,258.97,Savaş öncesi
Irak (kuzey),2024-09-27,105,1,15.45,262.2,262.2,262.23,0,0,0,0,0.5619,0.4381,262.23,Savaş öncesi
Irak (kuzey),2024-09-28,105,1,16.5,231.21,231.21,231.19,0,0,0,0,0.61905,0.38095,231.19,Savaş öncesi
Irak (kuzey),2024-09-29,105,0.98095,42.38,235.71,235.71,235.75,0,0.0095238,0,0.0095238,0.61905,0.3619,237.63,Savaş öncesi
Irak (kuzey),2024-09-30,105,0.99048,58.78,264.99,322.68,332.98,0,0,0,0.0095238,0.61905,0.37143,332.98,Savaş öncesi
Irak (kuzey),2024-10-01,105,0.9619,47.6,167.76,195.5,226.45,0,0.028571,0,0.0095238,0.7619,0.2,233.23,Savaş öncesi
Irak (kuzey),2024-10-02,105,0.95238,25.22,206.85,206.85,206.86,0,0.047619,0,0,0.5619,0.39048,207.69,Savaş öncesi
Irak (kuzey),2024-10-03,105,1,5.85,188.35,188.35,188.36,0,0,0,0,0.6,0.4,188.36,Savaş öncesi
Irak (kuzey),2024-10-04,105,0.89524,34.96,212.58,239.71,239.71,0,0.095238,0,0.0095238,0.57143,0.32381,269.02,Savaş öncesi
Irak (kuzey),2024-10-05,105,0.98095,54.13,258.62,263.32,329.06,0,0.0095238,0,0.0095238,0.64762,0.33333,334.37,Savaş öncesi
Irak (kuzey),2024-10-06,105,0.97143,53.595,262.94,278.52,337.71,0,0.0095238,0,0.019048,0.59048,0.38095,377.91,Savaş öncesi
Irak (kuzey),2024-10-07,105,0.91429,33.98,212.57,246.99,247,0,0.085714,0,0,0.58095,0.33333,258.75,Savaş öncesi
Irak (kuzey),2024-10-08,105,1,5.09,158.71,158.71,158.72,0,0,0,0,0.61905,0.38095,158.72,Savaş öncesi
Irak (kuzey),2024-10-09,105,0.9619,25.29,209.78,209.78,209.77,0,0.038095,0,0,0.55238,0.40952,213.01,Savaş öncesi
Irak (kuzey),2024-10-10,105,0.84762,48.06,172.96,191.88,191.87,0,0.13333,0,0.019048,0.58095,0.26667,226.01,Savaş öncesi
Irak (kuzey),2024-10-11,105,0.94286,58.22,135.26,166.72,288.21,0,0,0.0095238,0.047619,0.75238,0.19048,301.72,Savaş öncesi
Irak (kuzey),2024-10-12,105,0.9619,41.4,257.73,263.06,263.03,0,0,0,0.038095,0.51429,0.44762,264.07,Savaş öncesi
Irak (kuzey),2024-10-13,105,1,15.63,196.89,196.89,196.84,0,0,0,0,0.58095,0.41905,196.84,Savaş öncesi
Irak (kuzey),2024-10-14,105,1,16.37,195.14,195.14,195.15,0,0,0,0,0.61905,0.38095,195.15,Savaş öncesi
Irak (kuzey),2024-10-15,105,1,42.16,255.76,257.14,257.17,0,0,0,0,0.65714,0.34286,257.17,Savaş öncesi
Irak (kuzey),2024-10-16,105,0.82857,59.86,103.47,126.43,127.02,0,0,0.11429,0.057143,0.6381,0.19048,227.28,Savaş öncesi
Irak (kuzey),2024-10-17,105,0.91429,48.135,192.39,212.03,229.98,0,0.028571,0.028571,0.028571,0.53333,0.38095,232.52,Savaş öncesi
Irak (kuzey),2024-10-18,105,0.80952,26.58,134.05,134.05,134.04,0,0.019048,0.17143,0,0.51429,0.29524,158.01,Savaş öncesi
Irak (kuzey),2024-10-19,105,1,5.88,211.78,211.78,211.82,0,0,0,0,0.6,0.4,211.82,Savaş öncesi
Irak (kuzey),2024-10-20,105,0.86667,35.02,159.14,207.57,207.5,0,0.13333,0,0,0.59048,0.27619,276.27,Savaş öncesi
Irak (kuzey),2024-10-21,105,0.97143,54.175,249.13,249.13,299.41,0,0,0,0.028571,0.6381,0.33333,299.41,Savaş öncesi
Irak (kuzey),2024-10-22,105,0.92381,53.58,202.35,231.13,250.31,0,0.0095238,0.019048,0.047619,0.5619,0.3619,270.09,Savaş öncesi
Irak (kuzey),2024-10-23,105,0.90476,33.88,222.35,247,247.02,0,0.095238,0,0,0.58095,0.32381,263.27,Savaş öncesi
Irak (kuzey),2024-10-24,105,1,4.9,194.39,194.39,194.37,0,0,0,0,0.6,0.4,194.37,Savaş öncesi
Irak (kuzey),2024-10-25,105,0.99048,25.865,237.49,237.49,237.46,0,0.0095238,0,0,0.60952,0.38095,254.22,Savaş öncesi
Irak (kuzey),2024-10-26,105,0.90476,48.19,159.95,186.03,186.01,0,0.066667,0,0.028571,0.66667,0.2381,282.19,Savaş öncesi
Irak (kuzey),2024-10-27,105,0.99048,57.945,316.16,405.43,444.53,0,0,0,0.0095238,0.64762,0.34286,479.17,Savaş öncesi
Irak (kuzey),2024-10-28,105,0.97143,41.29,265.68,266.23,266.22,0,0,0,0.028571,0.55238,0.41905,269.89,Savaş öncesi
Irak (kuzey),2024-10-29,105,1,15.33,225.45,225.45,225.46,0,0,0,0,0.59048,0.40952,225.46,Savaş öncesi
Irak (kuzey),2024-10-30,105,1,16.37,282.8,282.8,282.75,0,0,0,0,0.58095,0.41905,282.75,Savaş öncesi
Irak (kuzey),2024-10-31,105,0.85714,41.54,171.8,171.8,171.8,0,0.028571,0.095238,0.019048,0.6,0.25714,174.92,Savaş öncesi
Irak (kuzey),2024-11-01,105,0.98095,58.63,301.39,365.78,412.46,0,0,0,0.019048,0.6381,0.34286,413.6,Savaş öncesi
Irak (kuzey),2024-11-02,105,0.066667,47.9,24.103,24.103,24.09,0,0.028571,0.77143,0.13333,0.047619,0.019048,24.09,Savaş öncesi
Irak (kuzey),2024-11-03,105,0.94286,25.78,129.28,129.28,129.28,0,0.038095,0.019048,0,0.65714,0.28571,136.13,Savaş öncesi
Irak (kuzey),2024-11-04,105,1,5.25,50.588,50.588,50.6,0,0,0,0,0.75238,0.24762,50.6,Savaş öncesi
Irak (kuzey),2024-11-05,105,0.91429,34.33,140.37,141.35,141.34,0,0.085714,0,0,0.62857,0.28571,159,Savaş öncesi
Irak (kuzey),2024-11-06,105,0.94286,53.67,256.08,260.71,359.09,0,0.0095238,0.019048,0.028571,0.6,0.34286,366.77,Savaş öncesi
Irak (kuzey),2024-11-07,105,0.97143,54.11,140.09,148.74,194.87,0,0,0,0.028571,0.64762,0.32381,243.11,Savaş öncesi
Irak (kuzey),2024-11-08,105,0.90476,35.46,186.33,201.67,201.61,0,0.085714,0,0.0095238,0.57143,0.33333,211.49,Savaş öncesi
Irak (kuzey),2024-11-09,105,0,,,,,1,0,0,0,0,0,159.88,Savaş öncesi
Irak (kuzey),2024-11-10,105,0.019048,16.95,0,0,0,0,0.038095,0.94286,0,0.019048,0,0,Savaş öncesi
Irak (kuzey),2024-11-11,105,0.8381,47.23,123.16,128.81,128.82,0,0.085714,0.038095,0.038095,0.58095,0.25714,143.85,Savaş öncesi
Irak (kuzey),2024-11-12,105,0.99048,58.665,192.65,252.97,307,0,0,0,0.0095238,0.60952,0.38095,307,Savaş öncesi
Irak (kuzey),2024-11-13,105,0.99048,42.51,285.15,288.45,288.5,0,0.0095238,0,0,0.59048,0.4,288.5,Savaş öncesi
Irak (kuzey),2024-11-14,105,1,17.34,202.54,202.54,202.55,0,0,0,0,0.58095,0.41905,202.55,Savaş öncesi
Irak (kuzey),2024-11-15,105,1,14.62,166.78,166.78,166.8,0,0,0,0,0.58095,0.41905,166.8,Savaş öncesi
Irak (kuzey),2024-11-16,105,0.35238,38.89,27.617,27.617,27.62,0,0.028571,0.61905,0,0.33333,0.019048,27.62,Savaş öncesi
Irak (kuzey),2024-11-17,105,0.90476,57.97,115.77,122.46,164.43,0,0,0.038095,0.057143,0.72381,0.18095,178.43,Savaş öncesi
Irak (kuzey),2024-11-18,105,0.88571,48.63,133.86,221.63,245.62,0,0.019048,0.057143,0.038095,0.67619,0.20952,256.68,Savaş öncesi
Irak (kuzey),2024-11-19,105,0.91429,27.195,169.14,169.14,169.17,0,0.057143,0.028571,0,0.66667,0.24762,178.17,Savaş öncesi
Irak (kuzey),2024-11-20,105,0.98095,4.14,139.11,139.11,139.13,0,0,0.019048,0,0.6,0.38095,139.13,Savaş öncesi
Irak (kuzey),2024-11-21,105,0.94286,32.57,145.37,156.34,156.36,0,0.057143,0,0,0.62857,0.31429,180.63,Savaş öncesi
Irak (kuzey),2024-11-22,105,0.93333,53.175,238.14,248.26,380.66,0,0.0095238,0.019048,0.038095,0.59048,0.34286,394.9,Savaş öncesi
Irak (kuzey),2024-11-23,105,0.9619,54.44,208.45,216.52,332.03,0,0.028571,0,0.0095238,0.6381,0.32381,333.09,Savaş öncesi
Irak (kuzey),2024-11-24,105,0.7619,36.105,0,0,0,0,0.066667,0.1619,0.0095238,0.7619,0,0,Savaş öncesi
Irak (kuzey),2024-11-25,105,1,7.01,73.831,73.831,73.81,0,0,0,0,0.88571,0.11429,73.81,Savaş öncesi
Irak (kuzey),2024-11-26,105,0.52381,21.95,70.715,70.715,70.7,0,0.019048,0.44762,0.0095238,0.3619,0.1619,89.04,Savaş öncesi
Irak (kuzey),2024-11-27,105,0.95238,47.47,185.36,256.11,256.1,0,0.028571,0,0.019048,0.69524,0.25714,256.1,Savaş öncesi
Irak (kuzey),2024-11-28,105,0.98095,58.79,301.93,416.19,470.53,0,0,0,0.019048,0.66667,0.31429,472.05,Savaş öncesi
Irak (kuzey),2024-11-29,105,0.99048,42.665,235.88,240,239.97,0,0.0095238,0,0,0.67619,0.31429,239.97,Savaş öncesi
Irak (kuzey),2024-11-30,105,0.99048,17.425,201.21,201.21,201.22,0,0.0095238,0,0,0.61905,0.37143,201.22,Savaş öncesi
Irak (kuzey),2024-12-01,105,1,14.49,140.31,140.31,140.31,0,0,0,0,0.65714,0.34286,140.31,Savaş öncesi
Irak (kuzey),2024-12-02,105,0.98095,40.87,174.22,174.22,174.23,0,0.019048,0,0,0.71429,0.26667,174.23,Savaş öncesi
Irak (kuzey),2024-12-03,105,0.99048,57.89,214.04,260.72,348.6,0,0.0095238,0,0,0.67619,0.31429,349.87,Savaş öncesi
Irak (kuzey),2024-12-04,105,0.90476,49.27,204.78,232.25,295.44,0,0.057143,0,0.038095,0.64762,0.25714,307.46,Savaş öncesi
Irak (kuzey),2024-12-05,105,0.9619,26.89,231.35,231.35,231.35,0,0.038095,0,0,0.6381,0.32381,234.77,Savaş öncesi
Irak (kuzey),2024-12-06,105,1,4.12,259.42,259.42,259.41,0,0,0,0,0.61905,0.38095,259.41,Savaş öncesi
Irak (kuzey),2024-12-07,105,0.40952,31.63,86.335,143.24,143.26,0,0.095238,0.49524,0,0.28571,0.12381,192,Savaş öncesi
Irak (kuzey),2024-12-08,105,0.72381,54.175,8.4337,8.4337,10.81,0,0.028571,0.15238,0.095238,0.66667,0.057143,93.02,Savaş öncesi
Irak (kuzey),2024-12-09,105,0.97143,54.57,200.5,245.34,283.39,0,0,0.0095238,0.019048,0.61905,0.35238,284.47,Savaş öncesi
Irak (kuzey),2024-12-10,105,0.93333,35.755,220.67,312.6,312.6,0,0.047619,0,0.019048,0.6381,0.29524,322.83,Savaş öncesi
Irak (kuzey),2024-12-11,105,0.97143,6.83,171.22,171.22,171.17,0,0,0.028571,0,0.58095,0.39048,171.17,Savaş öncesi
Irak (kuzey),2024-12-12,105,0.38095,24.74,56.963,56.963,56.96,0,0.0095238,0.60952,0,0.28571,0.095238,56.96,Savaş öncesi
Irak (kuzey),2024-12-13,105,0.8381,46.805,234.19,261.34,261.35,0,0.13333,0,0.028571,0.6,0.2381,273.33,Savaş öncesi
Irak (kuzey),2024-12-14,105,0.99048,58.38,343.09,355.54,421.17,0,0.0095238,0,0,0.70476,0.28571,421.17,Savaş öncesi
Irak (kuzey),2024-12-15,105,0.4381,43.21,167.62,167.62,167.61,0,0.019048,0.52381,0.019048,0.26667,0.17143,200.64,Savaş öncesi
Irak (kuzey),2024-12-16,105,0.028571,14.67,0,0,0,0,0,0.97143,0,0.028571,0,0,Savaş öncesi
Irak (kuzey),2024-12-17,105,1,14.73,185.33,185.33,185.3,0,0,0,0,0.66667,0.33333,185.3,Savaş öncesi
Irak (kuzey),2024-12-18,105,0.98095,41.05,185.86,185.86,185.83,0,0.019048,0,0,0.66667,0.31429,185.83,Savaş öncesi
Irak (kuzey),2024-12-19,105,0.95238,57.99,252.97,285.95,369.34,0,0,0.019048,0.028571,0.60952,0.34286,378.11,Savaş öncesi
Irak (kuzey),2024-12-20,105,0.057143,47.785,0,0,0,0,0.019048,0.77143,0.15238,0.057143,0,0,Savaş öncesi
Irak (kuzey),2024-12-21,105,0.97143,26.69,297.3,300.74,300.69,0,0.028571,0,0,0.66667,0.30476,300.69,Savaş öncesi
Irak (kuzey),2024-12-22,105,0.98095,4.44,140.81,140.81,140.81,0,0,0.019048,0,0.73333,0.24762,141.29,Savaş öncesi
Irak (kuzey),2024-12-23,105,0.60952,31.92,119.76,161.56,161.55,0,0.095238,0.29524,0,0.45714,0.15238,167.15,Savaş öncesi
Irak (kuzey),2024-12-24,105,0.97143,53.425,279.26,282.47,307.4,0,0.0095238,0,0.019048,0.67619,0.29524,318.69,Savaş öncesi
Irak (kuzey),2024-12-25,105,0.9619,54.22,199.29,204.21,377.57,0,0,0,0.038095,0.6381,0.32381,378.54,Savaş öncesi
Irak (kuzey),2024-12-26,105,0,,,,,0,0.07619,0.92381,0,0,0,0,Savaş öncesi
Irak (kuzey),2024-12-27,105,0.71429,6.14,53.195,53.195,53.18,0,0,0.28571,0,0.53333,0.18095,53.18,Savaş öncesi
Irak (kuzey),2024-12-28,105,0.97143,24.47,164.3,164.3,164.29,0,0.0095238,0.019048,0,0.73333,0.2381,164.29,Savaş öncesi
Irak (kuzey),2024-12-29,105,0.6381,47.28,98.92,110.18,110.18,0,0.095238,0.2381,0.028571,0.52381,0.11429,136.84,Savaş öncesi
Irak (kuzey),2024-12-30,105,0.77143,59.52,166.8,168.87,141.65,0,0,0.13333,0.095238,0.6,0.17143,161.03,Savaş öncesi
Irak (kuzey),2024-12-31,105,0.8,43.02,110.37,112.3,112.3,0,0.0095238,0.17143,0.019048,0.6,0.2,112.3,Savaş öncesi
Irak (kuzey),2025-01-01,105,1,16.79,222.4,222.4,222.41,0,0,0,0,0.6381,0.3619,222.41,Savaş öncesi
Irak (kuzey),2025-01-02,105,1,15.22,276.99,276.99,276.99,0,0,0,0,0.68571,0.31429,276.99,Savaş öncesi
Irak (kuzey),2025-01-03,105,1,41.42,190.12,190.12,190.15,0,0,0,0,0.64762,0.35238,190.15,Savaş öncesi
Irak (kuzey),2025-01-04,105,0.29524,60.54,13.514,21.143,21.14,0,0.0095238,0.5619,0.13333,0.24762,0.047619,32.4,Savaş öncesi
Irak (kuzey),2025-01-05,105,0.057143,47.825,5.1223,5.1223,5.12,0,0.047619,0.77143,0.12381,0.047619,0.0095238,25.5,Savaş öncesi
Irak (kuzey),2025-01-06,105,0.78095,25.81,197.58,197.58,197.58,0,0.028571,0.19048,0,0.54286,0.2381,197.58,Savaş öncesi
Irak (kuzey),2025-01-07,105,1,5.01,225.8,225.8,225.8,0,0,0,0,0.64762,0.35238,225.8,Savaş öncesi
Irak (kuzey),2025-01-08,105,0.88571,33.13,251.87,358.67,358.69,0,0.11429,0,0,0.59048,0.29524,378.12,Savaş öncesi
Irak (kuzey),2025-01-09,105,0.9619,53.72,278.17,279.81,382.38,0,0,0,0.038095,0.6381,0.32381,393.48,Savaş öncesi
Irak (kuzey),2025-01-10,105,1,53.82,217.48,231.37,309.33,0,0,0,0,0.72381,0.27619,309.33,Savaş öncesi
Irak (kuzey),2025-01-11,105,0.54286,35.53,5.3253,5.3253,5.32,0,0.057143,0.39048,0.0095238,0.52381,0.019048,21.43,Savaş öncesi
Irak (kuzey),2025-01-12,105,1,5.68,217.32,217.32,217.3,0,0,0,0,0.61905,0.38095,217.3,Savaş öncesi
Irak (kuzey),2025-01-13,105,0.99048,25.175,201.1,201.1,201.09,0,0.0095238,0,0,0.64762,0.34286,201.09,Savaş öncesi
Irak (kuzey),2025-01-14,105,0.87619,47.57,111.21,137.93,137.92,0,0.057143,0.028571,0.038095,0.61905,0.25714,238.68,Savaş öncesi
Irak (kuzey),2025-01-15,105,0.99048,58.27,203.94,229.34,309.31,0,0.0095238,0,0,0.64762,0.34286,309.31,Savaş öncesi
Irak (kuzey),2025-01-16,105,0.99048,41.63,224.42,224.42,224.42,0,0,0,0.0095238,0.64762,0.34286,224.42,Savaş öncesi
Irak (kuzey),2025-01-17,105,1,15.93,233.65,233.65,233.66,0,0,0,0,0.6381,0.3619,233.66,Savaş öncesi
Irak (kuzey),2025-01-18,105,0.21905,18.74,3.7678,3.7678,3.77,0,0,0.77143,0.0095238,0.18095,0.038095,3.77,Savaş öncesi
Irak (kuzey),2025-01-19,105,0.21905,40.26,49.528,49.528,49.54,0,0,0.74286,0.038095,0.17143,0.047619,51.22,Savaş öncesi
Irak (kuzey),2025-01-20,105,0.9619,58.65,269.84,284.55,372.05,0,0,0,0.038095,0.66667,0.29524,372.79,Savaş öncesi
Irak (kuzey),2025-01-21,105,0.9619,47.76,209.49,294.53,346.75,0,0.0095238,0,0.028571,0.68571,0.27619,351.77,Savaş öncesi
Irak (kuzey),2025-01-22,105,0.07619,24.91,10.337,10.337,10.34,0,0.019048,0.89524,0.0095238,0.038095,0.038095,41.88,Savaş öncesi
Irak (kuzey),2025-01-23,105,0.73333,5.88,119.34,119.34,119.31,0,0,0.26667,0,0.48571,0.24762,122.79,Savaş öncesi
Irak (kuzey),2025-01-24,105,0.62857,33.985,35.307,35.307,35.31,0,0.057143,0.30476,0.0095238,0.49524,0.13333,36.65,Savaş öncesi
Irak (kuzey),2025-01-25,105,0.84762,53.78,144.04,158.2,199.8,0,0.0095238,0.028571,0.11429,0.62857,0.21905,253.23,Savaş öncesi
Irak (kuzey),2025-01-26,105,0.89524,53.42,294.27,303.05,360.26,0,0.0095238,0.019048,0.07619,0.55238,0.34286,360.26,Savaş öncesi
Irak (kuzey),2025-01-27,105,0.93333,33.88,187.28,188.42,188.43,0,0.066667,0,0,0.57143,0.3619,218.29,Savaş öncesi
Irak (kuzey),2025-01-28,105,1,4.61,205.05,205.05,204.97,0,0,0,0,0.6,0.4,204.97,Savaş öncesi
Irak (kuzey),2025-01-29,105,0.98095,25.72,240.59,240.59,240.62,0,0.019048,0,0,0.62857,0.35238,240.62,Savaş öncesi
Irak (kuzey),2025-01-30,105,0.9619,48.92,248.7,278.28,265.03,0,0.038095,0,0,0.65714,0.30476,265.03,Savaş öncesi
Irak (kuzey),2025-01-31,105,0.9619,57.91,194.37,262.66,357.76,0,0,0,0.038095,0.65714,0.30476,361.55,Savaş öncesi
Irak (kuzey),2025-02-01,105,0.99048,41.16,227.81,227.81,227.83,0,0,0,0.0095238,0.62857,0.3619,228.84,Savaş öncesi
Irak (kuzey),2025-02-02,105,1,15.33,195.5,195.5,195.52,0,0,0,0,0.58095,0.41905,195.52,Savaş öncesi
Irak (kuzey),2025-02-03,105,0.9619,16.85,170.81,170.81,170.83,0,0,0.038095,0,0.60952,0.35238,170.83,Savaş öncesi
Irak (kuzey),2025-02-04,105,0.93333,42.5,196.56,196.56,196.56,0,0.019048,0.028571,0.019048,0.61905,0.31429,198.78,Savaş öncesi
Irak (kuzey),2025-02-05,105,0.37143,59.81,119.86,157.91,171.69,0,0,0.46667,0.1619,0.28571,0.085714,172.38,Savaş öncesi
Irak (kuzey),2025-02-06,105,0.30476,48.405,33.865,41.457,47.45,0,0.019048,0.6,0.07619,0.21905,0.085714,47.45,Savaş öncesi
Irak (kuzey),2025-02-07,105,0.55238,27.35,54.699,54.699,54.68,0,0,0.44762,0,0.42857,0.12381,54.68,Savaş öncesi
Irak (kuzey),2025-02-08,105,1,5.91,158.64,158.64,158.66,0,0,0,0,0.67619,0.32381,158.66,Savaş öncesi
Irak (kuzey),2025-02-09,105,0.91429,34.865,160.22,160.7,160.71,0,0.07619,0.0095238,0,0.65714,0.25714,225.86,Savaş öncesi
Irak (kuzey),2025-02-10,105,0.97143,54.135,173,173,294.29,0,0,0,0.028571,0.67619,0.29524,297.31,Savaş öncesi
Irak (kuzey),2025-02-11,105,0.84762,54.2,320.07,326.89,456.36,0,0,0.047619,0.10476,0.58095,0.26667,463.56,Savaş öncesi
Irak (kuzey),2025-02-12,105,0.8,33.63,174,228.7,228.7,0,0.07619,0.11429,0.0095238,0.55238,0.24762,242.8,Savaş öncesi
Irak (kuzey),2025-02-13,105,0.19048,6.36,2.4177,2.4177,2.42,0,0,0.80952,0,0.1619,0.028571,2.42,Savaş öncesi
Irak (kuzey),2025-02-14,105,0.9619,25.11,216.61,216.61,216.62,0,0.038095,0,0,0.66667,0.29524,222.91,Savaş öncesi
Irak (kuzey),2025-02-15,105,0.93333,48.285,285.27,306,315.8,0,0.038095,0.019048,0.0095238,0.60952,0.32381,315.8,Savaş öncesi
Irak (kuzey),2025-02-16,105,0.066667,55.74,0,0,3.85,0,0.0095238,0.70476,0.21905,0.066667,0,300.14,Savaş öncesi
Irak (kuzey),2025-02-17,105,0.9619,41.5,233.14,233.14,233.12,0,0.028571,0,0.0095238,0.65714,0.30476,233.12,Savaş öncesi
Irak (kuzey),2025-02-18,105,0.89524,17.245,153.1,153.1,153.07,0,0,0.10476,0,0.58095,0.31429,159.19,Savaş öncesi
Irak (kuzey),2025-02-19,105,0.085714,7.42,4.5227,4.5227,4.53,0,0,0.91429,0,0.066667,0.019048,4.53,Savaş öncesi
Irak (kuzey),2025-02-20,105,0.28571,43.58,11.727,11.727,11.73,0,0,0.68571,0.028571,0.24762,0.038095,11.73,Savaş öncesi
Irak (kuzey),2025-02-21,105,0.30476,57.96,27.138,27.138,27.14,0,0,0.57143,0.12381,0.25714,0.047619,27.14,Savaş öncesi
Irak (kuzey),2025-02-22,105,0.07619,47.89,58.533,110.87,110.87,0,0.047619,0.73333,0.14286,0.057143,0.019048,120.26,Savaş öncesi
Irak (kuzey),2025-02-23,105,0.86667,26.89,140.55,140.55,140.55,0,0.0095238,0.12381,0,0.58095,0.28571,149.17,Savaş öncesi
Irak (kuzey),2025-02-24,105,0.9619,5.44,171.2,171.2,171.22,0,0,0.038095,0,0.66667,0.29524,172.11,Savaş öncesi
Irak (kuzey),2025-02-25,105,0.6,34.45,91.704,108.61,108.6,0,0.047619,0.33333,0.019048,0.40952,0.19048,144.94,Savaş öncesi
Irak (kuzey),2025-02-26,105,0.9619,53.93,235.02,250.85,316.79,0,0,0.0095238,0.028571,0.65714,0.30476,319.03,Savaş öncesi
Irak (kuzey),2025-02-27,105,0.9619,53.81,206.45,239.79,270.48,0,0.0095238,0.0095238,0.019048,0.61905,0.34286,270.48,Savaş öncesi
Irak (kuzey),2025-02-28,105,0.89524,35.27,90.093,95.15,95.15,0,0.07619,0.028571,0,0.60952,0.28571,137.46,Savaş öncesi
Irak (kuzey),2025-03-01,105,0.97143,5.39,179.69,179.69,179.69,0,0,0.028571,0,0.62857,0.34286,179.69,Savaş öncesi
Irak (kuzey),2025-03-02,105,1,25.73,236.08,236.08,236.08,0,0,0,0,0.65714,0.34286,236.08,Savaş öncesi
Irak (kuzey),2025-03-03,105,0.07619,49.555,4.2096,4.2096,4.21,0,0.038095,0.74286,0.14286,0.057143,0.019048,27.45,Savaş öncesi
Irak (kuzey),2025-03-04,105,0.72381,57.465,104.49,125.99,160.22,0,0,0.19048,0.085714,0.54286,0.18095,171.64,Savaş öncesi
Irak (kuzey),2025-03-05,105,0.10476,44.46,2.8817,2.8817,2.88,0,0.019048,0.84762,0.028571,0.095238,0.0095238,2.88,Savaş öncesi
Irak (kuzey),2025-03-06,105,0.97143,16.06,257.65,257.65,257.72,0,0,0.028571,0,0.6,0.37143,257.72,Savaş öncesi
Irak (kuzey),2025-03-07,105,0,,,,,0,0,1,0,0,0,0,Savaş öncesi
Irak (kuzey),2025-03-08,105,0.77143,41.25,64.315,65.544,65.58,0,0.0095238,0.18095,0.038095,0.55238,0.21905,65.58,Savaş öncesi
Irak (kuzey),2025-03-09,105,0.085714,58.82,32.244,60.433,60.73,0,0,0.8,0.11429,0.066667,0.019048,60.73,Savaş öncesi
Irak (kuzey),2025-03-10,105,0.66667,47.425,16.7,16.7,16.7,0,0.0095238,0.24762,0.07619,0.6,0.066667,21.53,Savaş öncesi
Irak (kuzey),2025-03-11,105,1,25.84,200.47,201.57,201.59,0,0,0,0,0.59048,0.40952,201.59,Savaş öncesi
Irak (kuzey),2025-03-12,105,1,5.46,200.65,200.65,200.66,0,0,0,0,0.53333,0.46667,200.66,Savaş öncesi
Irak (kuzey),2025-03-13,105,0.92381,34.33,205.9,242.4,242.42,0,0.07619,0,0,0.52381,0.4,287.38,Savaş öncesi
Irak (kuzey),2025-03-14,105,0.39048,54.84,49.621,49.621,49.61,0,0,0.42857,0.18095,0.27619,0.11429,110.14,Savaş öncesi
Irak (kuzey),2025-03-15,105,0.9619,53.83,295.49,329.76,384.13,0,0.028571,0,0.0095238,0.51429,0.44762,391.97,Savaş öncesi
Irak (kuzey),2025-03-16,105,0.93333,34.355,196.87,206.01,206.03,0,0.057143,0,0.0095238,0.54286,0.39048,218.84,Savaş öncesi
Irak (kuzey),2025-03-17,105,1,5.54,150.28,150.28,150.31,0,0,0,0,0.62857,0.37143,150.31,Savaş öncesi
Irak (kuzey),2025-03-18,105,0.82857,24.37,186.71,186.71,186.73,0,0.028571,0.14286,0,0.54286,0.28571,190.4,Savaş öncesi
Irak (kuzey),2025-03-19,105,0.89524,48.42,262.05,318.64,291.17,0,0.038095,0.0095238,0.057143,0.57143,0.32381,297.19,Savaş öncesi
Irak (kuzey),2025-03-20,105,0.94286,58.24,160.73,187.65,311.51,0,0,0.047619,0.0095238,0.70476,0.2381,311.51,Savaş öncesi
Irak (kuzey),2025-03-21,105,0.85714,42.54,143.14,145.25,145.27,0,0.0095238,0.11429,0.019048,0.6,0.25714,145.27,Savaş öncesi
Irak (kuzey),2025-03-22,105,1,16.06,185.51,185.51,185.51,0,0,0,0,0.6,0.4,185.51,Savaş öncesi
Irak (kuzey),2025-03-23,105,1,15.94,239.35,239.35,239.35,0,0,0,0,0.65714,0.34286,239.35,Savaş öncesi
Irak (kuzey),2025-03-24,105,0.99048,41.61,285.23,286.41,285.28,0,0.0095238,0,0,0.61905,0.37143,285.28,Savaş öncesi
Irak (kuzey),2025-03-25,105,0.95238,58.53,188.16,211.3,316.38,0,0,0,0.047619,0.65714,0.29524,318.16,Savaş öncesi
Irak (kuzey),2025-03-26,105,0.49524,48.54,78.156,79.274,113.78,0,0.057143,0.38095,0.066667,0.35238,0.14286,171.76,Savaş öncesi
Irak (kuzey),2025-03-27,105,0.90476,26.21,86.647,86.647,86.63,0,0,0.095238,0,0.68571,0.21905,94.45,Savaş öncesi
Irak (kuzey),2025-03-28,105,1,5.49,195,195,195.02,0,0,0,0,0.58095,0.41905,195.02,Savaş öncesi
Irak (kuzey),2025-03-29,105,0.67619,33.32,71.647,92.275,92.27,0,0.11429,0.2,0.0095238,0.48571,0.19048,176.6,Savaş öncesi
Irak (kuzey),2025-03-30,105,0.2,64.56,3.1923,9.223,9.22,0,0.0095238,0.66667,0.12381,0.19048,0.0095238,9.22,Savaş öncesi
Irak (kuzey),2025-03-31,105,0.89524,53.27,266.39,287.53,308.88,0,0.0095238,0.047619,0.047619,0.61905,0.27619,317.27,Savaş öncesi
Irak (kuzey),2025-04-01,105,0.18095,36.04,30.627,30.627,30.64,0,0.047619,0.77143,0,0.14286,0.038095,31.58,Savaş öncesi
Irak (kuzey),2025-04-02,105,0.97143,6.205,270.32,270.32,270.32,0,0,0.028571,0,0.54286,0.42857,270.32,Savaş öncesi
Irak (kuzey),2025-04-03,105,0.94286,26.1,241.79,241.79,241.82,0,0.019048,0.038095,0,0.60952,0.33333,241.82,Savaş öncesi
Irak (kuzey),2025-04-04,105,0.14286,67.35,8.8167,15.416,0,0,0.0095238,0.71429,0.13333,0.12381,0.019048,0,Savaş öncesi
Irak (kuzey),2025-04-05,105,0.97143,58.035,243.51,366.55,427.58,0,0.019048,0,0.0095238,0.61905,0.35238,439.38,Savaş öncesi
Irak (kuzey),2025-04-06,105,0.94286,41.41,245.24,245.24,245.26,0,0.019048,0.028571,0.0095238,0.59048,0.35238,246.2,Savaş öncesi
Irak (kuzey),2025-04-07,105,0.42857,17.95,48.025,48.025,48.03,0,0,0.57143,0,0.26667,0.1619,55.28,Savaş öncesi
Irak (kuzey),2025-04-08,105,0.59048,14.335,109.72,109.72,109.71,0,0,0.40952,0,0.33333,0.25714,113.42,Savaş öncesi
Irak (kuzey),2025-04-09,105,0.48571,40.83,93.326,93.326,93.37,0,0.0095238,0.46667,0.038095,0.3619,0.12381,95.27,Savaş öncesi
Irak (kuzey),2025-04-10,105,0.99048,58.745,343.23,359.04,420.37,0,0,0,0.0095238,0.6381,0.35238,421.15,Savaş öncesi
Irak (kuzey),2025-04-11,105,0.47619,48.2,59.155,64.962,64.95,0,0.019048,0.44762,0.057143,0.35238,0.12381,99.65,Savaş öncesi
Irak (kuzey),2025-04-12,105,0.78095,26.52,206.37,206.37,206.39,0,0,0.21905,0,0.50476,0.27619,206.39,Savaş öncesi
Irak (kuzey),2025-04-13,105,0.77143,4.4,255.71,255.71,255.73,0,0,0.22857,0,0.46667,0.30476,255.73,Savaş öncesi
Irak (kuzey),2025-04-14,105,0.27619,33.33,51.23,51.23,51.24,0,0.057143,0.66667,0,0.26667,0.0095238,51.24,Savaş öncesi
Irak (kuzey),2025-04-15,105,0.91429,54.185,253.28,262.42,293.66,0,0,0.038095,0.047619,0.58095,0.33333,296.08,Savaş öncesi
Irak (kuzey),2025-04-16,105,0.95238,53.415,304.7,332.09,437.07,0,0,0,0.047619,0.61905,0.33333,450.96,Savaş öncesi
Irak (kuzey),2025-04-17,105,0.88571,33.57,250.42,349.99,350,0,0.10476,0,0.0095238,0.52381,0.3619,370.75,Savaş öncesi
Irak (kuzey),2025-04-18,105,1,4.58,217.51,217.51,217.51,0,0,0,0,0.58095,0.41905,217.51,Savaş öncesi
Irak (kuzey),2025-04-19,105,0.99048,26.075,385.64,385.64,385.63,0,0.0095238,0,0,0.54286,0.44762,387.21,Savaş öncesi
Irak (kuzey),2025-04-20,105,0.70476,48,92.784,122.92,125.55,0,0.019048,0.1619,0.11429,0.53333,0.17143,165.9,Savaş öncesi
Irak (kuzey),2025-04-21,105,0.58095,62.9,173.27,289.26,290.11,0,0,0.32381,0.095238,0.3619,0.21905,295.65,Savaş öncesi
Irak (kuzey),2025-04-22,105,0.94286,41.1,241.94,241.94,241.94,0,0.019048,0.038095,0,0.59048,0.35238,246.64,Savaş öncesi
Irak (kuzey),2025-04-23,105,0.095238,14.79,18.746,18.746,18.75,0,0,0.90476,0,0.066667,0.028571,18.75,Savaş öncesi
Irak (kuzey),2025-04-24,105,0.87619,17.17,239.66,239.66,239.73,0,0,0.12381,0,0.54286,0.33333,240.43,Savaş öncesi
Irak (kuzey),2025-04-25,105,0.47619,44,67.773,68.946,68.95,0,0,0.47619,0.047619,0.34286,0.13333,83.44,Savaş öncesi
Irak (kuzey),2025-04-26,105,0.90476,59.2,138.66,205.01,218.45,0,0,0.047619,0.047619,0.67619,0.22857,218.45,Savaş öncesi
Irak (kuzey),2025-04-27,105,0.73333,46.92,227.42,326.57,320.48,0,0.038095,0.12381,0.10476,0.42857,0.30476,331.98,Savaş öncesi
Irak (kuzey),2025-04-28,105,0.65714,24.61,109.02,109.02,109.01,0,0.0095238,0.33333,0,0.4381,0.21905,109.67,Savaş öncesi
Irak (kuzey),2025-04-29,105,0.98095,5.25,267.65,267.65,267.65,0,0,0.019048,0,0.64762,0.33333,267.65,Savaş öncesi
Irak (kuzey),2025-04-30,105,0.94286,35.16,249.55,250.7,250.68,0,0.057143,0,0,0.6,0.34286,273.1,Savaş öncesi
Irak (kuzey),2025-05-01,105,0.047619,53.74,0.56885,0.56885,0.57,0,0.0095238,0.5619,0.38095,0.038095,0.0095238,0.57,Savaş öncesi
Irak (kuzey),2025-05-02,105,0.80952,53.63,153.48,210.5,215.91,0,0,0.095238,0.095238,0.58095,0.22857,215.91,Savaş öncesi
Irak (kuzey),2025-05-03,105,0.5619,32.56,41.239,42.253,42.27,0,0.07619,0.3619,0,0.4381,0.12381,118.44,Savaş öncesi
Irak (kuzey),2025-05-04,105,0.82857,4.6,213.01,213.01,212.99,0,0,0.17143,0,0.51429,0.31429,212.99,Savaş öncesi
Irak (kuzey),2025-05-05,105,0.88571,25.3,148.33,148.33,148.32,0,0.066667,0.047619,0,0.5619,0.32381,154.32,Savaş öncesi
Irak (kuzey),2025-05-06,105,0.9619,48.71,293.87,386.58,414.41,0,0.019048,0,0.019048,0.61905,0.34286,416.05,Savaş öncesi
Irak (kuzey),2025-05-07,105,0.94286,57.76,269.01,414.36,503.06,0,0.0095238,0,0.047619,0.58095,0.3619,513.65,Savaş öncesi
Irak (kuzey),2025-05-08,105,0.84762,42.19,293.39,293.39,293.41,0,0,0.14286,0.0095238,0.55238,0.29524,294.08,Savaş öncesi
Irak (kuzey),2025-05-09,105,1,15.58,266.84,266.84,266.87,0,0,0,0,0.6,0.4,266.87,Savaş öncesi
Irak (kuzey),2025-05-10,105,0.89524,16.55,179.62,179.62,179.61,0,0,0.10476,0,0.55238,0.34286,179.61,Savaş öncesi
Irak (kuzey),2025-05-11,105,0.78095,41.43,140.07,140.07,140.1,0,0,0.20952,0.0095238,0.60952,0.17143,140.1,Savaş öncesi
Irak (kuzey),2025-05-12,105,0.80952,58.67,234.26,330.17,332.04,0,0,0.085714,0.10476,0.55238,0.25714,340.83,Savaş öncesi
Irak (kuzey),2025-05-13,105,0.34286,48.56,26.47,26.47,42.57,0,0.0095238,0.54286,0.10476,0.30476,0.038095,42.57,Savaş öncesi
Irak (kuzey),2025-05-14,105,0.8,25.045,207.05,207.05,207.04,0,0.038095,0.1619,0,0.49524,0.30476,207.77,Savaş öncesi
Irak (kuzey),2025-05-15,105,1,5.66,238.47,238.47,238.43,0,0,0,0,0.55238,0.44762,238.43,Savaş öncesi
Irak (kuzey),2025-05-16,105,0.9619,34.52,272.89,326.83,326.85,0,0.038095,0,0,0.6381,0.32381,339.7,Savaş öncesi
Irak (kuzey),2025-05-17,105,0.98095,53.93,281.16,281.16,329.27,0,0,0,0.019048,0.64762,0.33333,330.63,Savaş öncesi
Irak (kuzey),2025-05-18,105,0.97143,53.79,212.92,246.58,375.69,0,0,0,0.028571,0.6381,0.33333,382.8,Savaş öncesi
Irak (kuzey),2025-05-19,105,0.93333,34.355,255.77,276.58,276.56,0,0.066667,0,0,0.5619,0.37143,284.62,Savaş öncesi
Irak (kuzey),2025-05-20,105,1,5.36,319.68,319.68,319.62,0,0,0,0,0.52381,0.47619,319.62,Savaş öncesi
Irak (kuzey),2025-05-21,105,0.99048,25.38,352.3,352.3,352.34,0,0.0095238,0,0,0.60952,0.38095,353.36,Savaş öncesi
Irak (kuzey),2025-05-22,105,0.97143,48.44,370.76,454.21,395.26,0,0.0095238,0,0.019048,0.64762,0.32381,403.9,Savaş öncesi
Irak (kuzey),2025-05-23,105,0.45714,56.51,50.606,62.823,93.46,0,0,0.42857,0.11429,0.34286,0.11429,529.76,Savaş öncesi
Irak (kuzey),2025-05-24,105,0.97143,41.65,437.42,438.57,438.58,0,0,0,0.028571,0.6,0.37143,442.19,Savaş öncesi
Irak (kuzey),2025-05-25,105,1,16.06,346.09,346.09,346.13,0,0,0,0,0.57143,0.42857,346.13,Savaş öncesi
Irak (kuzey),2025-05-26,105,0.7619,14.735,142.58,142.58,142.64,0,0,0.2381,0,0.52381,0.2381,142.64,Savaş öncesi
Irak (kuzey),2025-05-27,105,0.90476,41.29,273.56,274.79,274.77,0,0,0.07619,0.019048,0.67619,0.22857,274.77,Savaş öncesi
Irak (kuzey),2025-05-28,105,0.97143,58.485,386.61,397.08,416.02,0,0,0,0.028571,0.67619,0.29524,418.18,Savaş öncesi
Irak (kuzey),2025-05-29,105,0.94286,48.04,301.16,349.61,436.49,0,0.047619,0,0.0095238,0.64762,0.29524,517.49,Savaş öncesi
Irak (kuzey),2025-05-30,105,0.97143,25.81,286.2,287.79,287.8,0,0.028571,0,0,0.62857,0.34286,288.82,Savaş öncesi
Irak (kuzey),2025-05-31,105,1,5.33,362.79,362.79,362.78,0,0,0,0,0.55238,0.44762,362.78,Savaş öncesi
Irak (kuzey),2025-06-01,105,0.91429,34.45,293.73,295.61,295.61,0,0.085714,0,0,0.60952,0.30476,316.06,Savaş öncesi
Irak (kuzey),2025-06-02,105,0.98095,53.78,382.12,394.76,485.93,0,0.0095238,0,0.0095238,0.67619,0.30476,485.93,Savaş öncesi
Irak (kuzey),2025-06-03,105,0.93333,53.875,296.33,305.8,357.43,0,0.019048,0,0.047619,0.58095,0.35238,384.27,Savaş öncesi
Irak (kuzey),2025-06-04,105,0.92381,35.11,215.36,324.51,324.53,0,0.057143,0.0095238,0.0095238,0.60952,0.31429,401.91,Savaş öncesi
Irak (kuzey),2025-06-05,105,1,5.86,236.47,236.47,236.48,0,0,0,0,0.62857,0.37143,236.48,Savaş öncesi
Irak (kuzey),2025-06-06,105,0.97143,24.61,242.69,242.69,242.72,0,0.028571,0,0,0.6381,0.33333,242.72,Savaş öncesi
Irak (kuzey),2025-06-07,105,0.85714,47.455,282.9,298.69,298.71,0,0.07619,0,0.066667,0.5619,0.29524,378.41,Savaş öncesi
Irak (kuzey),2025-06-08,105,0.97143,58.365,195.32,202.64,377.45,0,0,0,0.028571,0.6381,0.33333,436.28,Savaş öncesi
Irak (kuzey),2025-06-09,105,0.97143,41.89,324.14,332.19,332.18,0,0.0095238,0,0.019048,0.65714,0.31429,333.65,Savaş öncesi
Irak (kuzey),2025-06-10,105,1,16.42,273.43,273.43,273.44,0,0,0,0,0.6381,0.3619,273.44,Savaş öncesi
Irak (kuzey),2025-06-11,105,1,15.58,317.09,317.09,317.12,0,0,0,0,0.60952,0.39048,317.12,Savaş öncesi
Irak (kuzey),2025-06-12,105,0.97143,41.695,448.14,448.14,448.12,0,0.019048,0,0.0095238,0.64762,0.32381,469.24,Savaş öncesi
Irak (kuzey),2025-06-13,105,0.9619,58.39,250.26,364.7,420.96,0,0.0095238,0,0.028571,0.64762,0.31429,429.74,Savaş öncesi
Irak (kuzey),2025-06-14,105,0.9619,48.16,273.68,311.28,430.24,0,0.019048,0,0.019048,0.72381,0.2381,443.52,Savaş öncesi
Irak (kuzey),2025-06-15,105,0.98095,26.15,389.41,389.41,389.4,0,0.019048,0,0,0.60952,0.37143,389.4,Savaş öncesi
Irak (kuzey),2025-06-16,105,1,5,278.41,278.41,278.42,0,0,0,0,0.6381,0.3619,278.42,Savaş öncesi
Irak (kuzey),2025-06-17,105,0.88571,33.25,274.68,297.84,297.9,0,0.10476,0,0.0095238,0.58095,0.30476,323.63,Savaş öncesi
Irak (kuzey),2025-06-18,105,0.90476,53.65,380.58,380.58,436.72,0,0.028571,0,0.066667,0.5619,0.34286,450.33,Savaş öncesi
Irak (kuzey),2025-06-19,105,0.95238,54.07,343.76,399.48,495.79,0,0.0095238,0,0.038095,0.6381,0.31429,503.11,Savaş öncesi
Irak (kuzey),2025-06-20,105,0.93333,34.73,319.29,410.49,410.48,0,0.066667,0,0,0.6381,0.29524,475.58,Savaş öncesi
Irak (kuzey),2025-06-21,105,1,6.09,309.22,309.22,309.19,0,0,0,0,0.60952,0.39048,309.19,Savaş öncesi
Irak (kuzey),2025-06-22,105,0.98095,24.43,352.77,352.77,352.78,0,0.019048,0,0,0.64762,0.33333,352.78,Savaş öncesi
Irak (kuzey),2025-06-23,105,0.89524,47.56,368.82,392.43,392.41,0,0.095238,0,0.0095238,0.64762,0.24762,448.71,Savaş öncesi
Irak (kuzey),2025-06-24,105,0.97143,58.43,538.09,695.85,787.79,0,0.0095238,0,0.019048,0.62857,0.34286,793.3,Savaş öncesi
Irak (kuzey),2025-06-25,105,0.98095,42.09,622.32,625.94,625.94,0,0.0095238,0,0.0095238,0.62857,0.35238,625.94,Savaş öncesi
Irak (kuzey),2025-06-26,105,1,16.66,329.5,329.5,329.52,0,0,0,0,0.64762,0.35238,329.52,Savaş öncesi
Irak (kuzey),2025-06-27,105,1,15.33,377.56,377.56,377.56,0,0,0,0,0.67619,0.32381,377.56,Savaş öncesi
Irak (kuzey),2025-06-28,105,0.97143,41.62,335.42,335.42,335.41,0,0.028571,0,0,0.65714,0.31429,339.85,Savaş öncesi
Irak (kuzey),2025-06-29,105,0.9619,58.28,314.11,442.5,511.08,0,0.0095238,0,0.028571,0.66667,0.29524,531.03,Savaş öncesi
Irak (kuzey),2025-06-30,105,0.95238,48.78,343.41,395.69,485.96,0,0.047619,0,0,0.67619,0.27619,491.11,Savaş öncesi
Irak (kuzey),2025-07-01,105,0.97143,26.33,241.41,241.41,241.41,0,0.028571,0,0,0.61905,0.35238,251.72,Savaş öncesi
Irak (kuzey),2025-07-02,105,1,4.85,277.94,277.94,277.96,0,0,0,0,0.6381,0.3619,277.96,Savaş öncesi
Irak (kuzey),2025-07-03,105,0.90476,32.91,186.49,189.62,189.62,0,0.085714,0,0.0095238,0.67619,0.22857,282.06,Savaş öncesi
Irak (kuzey),2025-07-04,105,0.87619,53.54,302.05,307.62,364.65,0,0.066667,0,0.057143,0.60952,0.26667,393.74,Savaş öncesi
Irak (kuzey),2025-07-05,105,0.97143,54.135,316.31,323.65,455.68,0,0,0,0.028571,0.57143,0.4,462.67,Savaş öncesi
Irak (kuzey),2025-07-06,105,0.91429,35.78,243.5,247.4,247.37,0,0.085714,0,0,0.62857,0.28571,336.7,Savaş öncesi
Irak (kuzey),2025-07-07,105,1,6.27,295.69,295.69,295.67,0,0,0,0,0.67619,0.32381,295.67,Savaş öncesi
Irak (kuzey),2025-07-08,105,0.99048,24.615,372.15,372.15,372.14,0,0.0095238,0,0,0.68571,0.30476,372.14,Savaş öncesi
Irak (kuzey),2025-07-09,105,0.88571,47.46,297.23,398.92,398.9,0,0.085714,0,0.028571,0.6,0.28571,430.15,Savaş öncesi
Irak (kuzey),2025-07-10,105,0.99048,58.285,167.93,184.64,472.24,0,0,0,0.0095238,0.82857,0.1619,472.24,Savaş öncesi
Irak (kuzey),2025-07-11,105,0.97143,42.245,205.03,205.03,205.02,0,0.0095238,0,0.019048,0.81905,0.15238,205.02,Savaş öncesi
Irak (kuzey),2025-07-12,105,1,16.85,310.74,310.74,310.75,0,0,0,0,0.70476,0.29524,310.75,Savaş öncesi
Irak (kuzey),2025-07-13,105,1,15.15,302.16,302.16,302.17,0,0,0,0,0.6381,0.3619,302.17,Savaş öncesi
Irak (kuzey),2025-07-14,105,0.92381,41.51,333.83,333.83,333.82,0,0.0095238,0.047619,0.019048,0.70476,0.21905,333.82,Savaş öncesi
Irak (kuzey),2025-07-15,105,1,58.34,367.35,470.36,535.96,0,0,0,0,0.71429,0.28571,535.96,Savaş öncesi
Irak (kuzey),2025-07-16,105,0.93333,49.005,320.06,379.04,495.71,0,0.038095,0,0.028571,0.66667,0.26667,513.23,Savaş öncesi
Irak (kuzey),2025-07-17,105,0.98095,26.53,271.83,271.83,271.84,0,0.019048,0,0,0.62857,0.35238,348.69,Savaş öncesi
Irak (kuzey),2025-07-18,105,1,4.7,345.43,345.43,345.43,0,0,0,0,0.60952,0.39048,345.43,Savaş öncesi
Irak (kuzey),2025-07-19,105,0.90476,33,206.19,227.34,227.32,0,0.095238,0,0,0.60952,0.29524,293.44,Savaş öncesi
Irak (kuzey),2025-07-20,105,0.98095,53.47,350.17,371.79,450.03,0,0.019048,0,0,0.69524,0.28571,453.87,Savaş öncesi
Irak (kuzey),2025-07-21,105,0.98095,54.12,364.14,374.82,526.59,0,0.0095238,0,0.0095238,0.62857,0.35238,528.92,Savaş öncesi
Irak (kuzey),2025-07-22,105,0.90476,35.85,277.16,401.97,401.95,0,0.085714,0,0.0095238,0.6,0.30476,432.03,Savaş öncesi
Irak (kuzey),2025-07-23,105,1,6.48,370.85,370.85,370.83,0,0,0,0,0.6,0.4,370.83,Savaş öncesi
Irak (kuzey),2025-07-24,105,0.98095,24.06,354.72,354.72,354.73,0,0.019048,0,0,0.65714,0.32381,360.16,Savaş öncesi
Irak (kuzey),2025-07-25,105,0.75238,47.3,216.59,227.29,227.29,0,0.13333,0.095238,0.019048,0.59048,0.1619,227.29,Savaş öncesi
Irak (kuzey),2025-07-26,105,0.98095,58.54,341.71,351.17,437.9,0,0,0,0.019048,0.64762,0.33333,439.49,Savaş öncesi
Irak (kuzey),2025-07-27,105,0.95238,42.215,314.78,323.39,323.38,0,0.0095238,0,0.038095,0.67619,0.27619,323.38,Savaş öncesi
Irak (kuzey),2025-07-28,105,0.85714,18.195,155.28,155.28,155.28,0,0,0.14286,0,0.65714,0.2,155.28,Savaş öncesi
Irak (kuzey),2025-07-29,105,0.9619,15.01,323.71,323.71,323.75,0,0,0.038095,0,0.61905,0.34286,323.75,Savaş öncesi
Irak (kuzey),2025-07-30,105,0.98095,41.24,435.51,435.51,435.53,0,0.019048,0,0,0.6381,0.34286,435.53,Savaş öncesi
Irak (kuzey),2025-07-31,105,0.98095,58.12,257.88,285.61,364.3,0,0,0,0.019048,0.69524,0.28571,435.05,Savaş öncesi
Irak (kuzey),2025-08-01,105,0.95238,48.4,273.93,378.12,509.16,0,0.028571,0,0.019048,0.73333,0.21905,521.27,Savaş öncesi
Irak (kuzey),2025-08-02,105,0.97143,26.46,375.26,378.63,378.64,0,0.028571,0,0,0.61905,0.35238,378.64,Savaş öncesi
Irak (kuzey),2025-08-03,105,1,4.65,348.58,348.58,348.55,0,0,0,0,0.65714,0.34286,348.55,Savaş öncesi
Irak (kuzey),2025-08-04,105,0.89524,32.86,351.06,372.86,372.84,0,0.095238,0,0.0095238,0.66667,0.22857,407.93,Savaş öncesi
Irak (kuzey),2025-08-05,105,0.89524,53.385,352.23,352.23,527.66,0,0.0095238,0.0095238,0.085714,0.77143,0.12381,557.67,Savaş öncesi
Irak (kuzey),2025-08-06,105,0.94286,54.11,351.55,367.22,515.07,0,0,0,0.057143,0.65714,0.28571,532.5,Savaş öncesi
Irak (kuzey),2025-08-07,105,0.89524,35.94,289.47,294.06,294.04,0,0.10476,0,0,0.61905,0.27619,394.4,Savaş öncesi
Irak (kuzey),2025-08-08,105,1,6.46,359.96,359.96,359.95,0,0,0,0,0.59048,0.40952,359.95,Savaş öncesi
Irak (kuzey),2025-08-09,105,0.98095,24.02,430.28,430.28,430.31,0,0.019048,0,0,0.6381,0.34286,430.31,Savaş öncesi
Irak (kuzey),2025-08-10,105,0.89524,47.505,359.24,492.63,492.65,0,0.085714,0,0.019048,0.62857,0.26667,529.97,Savaş öncesi
Irak (kuzey),2025-08-11,105,1,58.56,269.78,326.02,391.42,0,0,0,0,0.70476,0.29524,391.42,Savaş öncesi
Irak (kuzey),2025-08-12,105,0.95238,42.21,353.81,353.81,353.81,0,0.019048,0,0.028571,0.62857,0.32381,365.92,Savaş öncesi
Irak (kuzey),2025-08-13,105,1,16.96,350.8,350.8,350.8,0,0,0,0,0.64762,0.35238,350.8,Savaş öncesi
Irak (kuzey),2025-08-14,105,1,14.99,304.13,304.13,304.16,0,0,0,0,0.66667,0.33333,304.16,Savaş öncesi
Irak (kuzey),2025-08-15,105,0.98095,41.23,349.78,352.95,352.96,0,0.019048,0,0,0.64762,0.33333,356.62,Savaş öncesi
Irak (kuzey),2025-08-16,105,0.98095,58.15,336.15,414.6,455.52,0,0,0,0.019048,0.64762,0.33333,464.76,Savaş öncesi
Irak (kuzey),2025-08-17,105,0.95238,48.835,363.43,382.82,580.34,0,0.028571,0,0.019048,0.68571,0.26667,580.34,Savaş öncesi
Irak (kuzey),2025-08-18,105,0.9619,26.46,366.71,366.71,366.74,0,0.038095,0,0,0.64762,0.31429,366.74,Savaş öncesi
Irak (kuzey),2025-08-19,105,1,4.68,285.31,285.31,285.25,0,0,0,0,0.62857,0.37143,285.25,Savaş öncesi
Irak (kuzey),2025-08-20,105,0.90476,32.7,160.59,169.29,169.3,0,0.095238,0,0,0.66667,0.2381,262.04,Savaş öncesi
Irak (kuzey),2025-08-21,105,0.94286,53.43,405,422.93,537.4,0,0.028571,0,0.028571,0.61905,0.32381,544.12,Savaş öncesi
Irak (kuzey),2025-08-22,105,0.98095,54.2,381.3,486.84,606.29,0,0,0,0.019048,0.60952,0.37143,606.29,Savaş öncesi
Irak (kuzey),2025-08-23,105,0.91429,35.655,362.53,366.24,366.26,0,0.085714,0,0,0.58095,0.33333,388.55,Savaş öncesi
Irak (kuzey),2025-08-24,105,1,6.41,308.45,308.45,308.45,0,0,0,0,0.60952,0.39048,308.45,Savaş öncesi
Irak (kuzey),2025-08-25,105,0.99048,24.475,400.86,400.86,400.87,0,0.0095238,0,0,0.62857,0.3619,400.87,Savaş öncesi
Irak (kuzey),2025-08-26,105,0.93333,47.87,345.94,354.31,354.3,0,0.047619,0,0.019048,0.62857,0.30476,403.71,Savaş öncesi
Irak (kuzey),2025-08-27,105,1,58.56,400.91,432.36,518.45,0,0,0,0,0.61905,0.38095,518.45,Savaş öncesi
Irak (kuzey),2025-08-28,105,0.98095,42.15,429.94,432.35,432.35,0,0.019048,0,0,0.65714,0.32381,432.35,Savaş öncesi
Irak (kuzey),2025-08-29,105,1,16.85,443.96,443.96,443.96,0,0,0,0,0.65714,0.34286,443.96,Savaş öncesi
Irak (kuzey),2025-08-30,105,1,15.1,372.94,372.94,372.97,0,0,0,0,0.64762,0.35238,372.97,Savaş öncesi
Irak (kuzey),2025-08-31,105,0.97143,41.43,364.38,364.38,364.37,0,0.0095238,0,0.019048,0.65714,0.31429,364.37,Savaş öncesi
Irak (kuzey),2025-09-01,105,0.99048,58.175,358.7,394.19,454.25,0,0,0,0.0095238,0.66667,0.32381,454.25,Savaş öncesi
Irak (kuzey),2025-09-02,105,0.92381,48.9,331.24,353.37,435.13,0,0.047619,0,0.028571,0.61905,0.30476,452.62,Savaş öncesi
Irak (kuzey),2025-09-03,105,0.97143,26.34,268.57,303.03,303.02,0,0.028571,0,0,0.69524,0.27619,307.66,Savaş öncesi
Irak (kuzey),2025-09-04,105,1,4.77,355.06,355.06,355.07,0,0,0,0,0.58095,0.41905,355.07,Savaş öncesi
Irak (kuzey),2025-09-05,105,0.92381,33.77,291.71,416.34,416.35,0,0.07619,0,0,0.61905,0.30476,423.81,Savaş öncesi
Irak (kuzey),2025-09-06,105,0.97143,53.505,386.61,427.55,476.14,0,0,0,0.028571,0.6,0.37143,498.46,Savaş öncesi
Irak (kuzey),2025-09-07,105,0.98095,54.06,468.58,479.72,609.08,0,0,0,0.019048,0.59048,0.39048,615.76,Savaş öncesi
Irak (kuzey),2025-09-08,105,0.89524,35.7,339.51,344.67,344.67,0,0.10476,0,0,0.58095,0.31429,360,Savaş öncesi
Irak (kuzey),2025-09-09,105,1,6.28,316.06,316.06,316.04,0,0,0,0,0.54286,0.45714,316.04,Savaş öncesi
Irak (kuzey),2025-09-10,105,1,25.08,442.48,442.48,442.48,0,0,0,0,0.57143,0.42857,442.48,Savaş öncesi
Irak (kuzey),2025-09-11,105,0.95238,47.955,227.96,276.51,285.31,0,0.028571,0,0.019048,0.68571,0.26667,358.75,Savaş öncesi
Irak (kuzey),2025-09-12,105,1,58.49,455.05,591.07,744.74,0,0,0,0,0.60952,0.39048,744.74,Savaş öncesi
Irak (kuzey),2025-09-13,105,0.98095,42.02,386.48,387.26,387.19,0,0.019048,0,0,0.5619,0.41905,387.19,Savaş öncesi
Irak (kuzey),2025-09-14,105,1,16.67,331.94,331.94,331.97,0,0,0,0,0.58095,0.41905,331.97,Savaş öncesi
Irak (kuzey),2025-09-15,105,1,15.34,373.57,373.57,373.61,0,0,0,0,0.60952,0.39048,373.61,Savaş öncesi
Irak (kuzey),2025-09-16,105,0.99048,41.54,327.99,327.99,328,0,0.0095238,0,0,0.6381,0.35238,328,Savaş öncesi
Irak (kuzey),2025-09-17,105,0.97143,58.325,348.25,435.13,545.23,0,0,0,0.028571,0.60952,0.3619,546,Savaş öncesi
Irak (kuzey),2025-09-18,105,0.94286,48.76,345.51,425.08,521.78,0,0.019048,0,0.038095,0.64762,0.29524,529.64,Savaş öncesi
Irak (kuzey),2025-09-19,105,0.9619,26.15,407.19,407.19,407.23,0,0.038095,0,0,0.58095,0.38095,409.04,Savaş öncesi
Irak (kuzey),2025-09-20,105,1,5,227.81,227.81,227.82,0,0,0,0,0.60952,0.39048,227.82,Savaş öncesi
Irak (kuzey),2025-09-21,105,0.92381,33.07,321.07,395.56,395.56,0,0.066667,0,0.0095238,0.59048,0.33333,400.88,Savaş öncesi
Irak (kuzey),2025-09-22,105,0.98095,53.66,405.98,409.05,562.42,0,0.0095238,0,0.0095238,0.59048,0.39048,562.73,Savaş öncesi
Irak (kuzey),2025-09-23,105,0.98095,53.88,358.49,360.17,501.07,0,0,0,0.019048,0.5619,0.41905,512.33,Savaş öncesi
Irak (kuzey),2025-09-24,105,0.92381,34.64,335.99,340.35,340.34,0,0.066667,0,0.0095238,0.59048,0.33333,414.12,Savaş öncesi
Irak (kuzey),2025-09-25,105,0.87619,7.08,263.84,263.84,263.88,0,0,0.12381,0,0.5619,0.31429,263.88,Savaş öncesi
Irak (kuzey),2025-09-26,105,0.99048,25.015,309.32,309.32,309.33,0,0.0095238,0,0,0.6,0.39048,309.33,Savaş öncesi
Irak (kuzey),2025-09-27,105,0.94286,47.7,270.25,316.57,328.44,0,0.038095,0,0.019048,0.6,0.34286,330.34,Savaş öncesi
Irak (kuzey),2025-09-28,105,0.9619,58.31,287.32,367.51,581.33,0,0.0095238,0,0.028571,0.6,0.3619,586.11,Savaş öncesi
Irak (kuzey),2025-09-29,105,0.9619,41.83,355.86,357.58,357.55,0,0.0095238,0,0.028571,0.51429,0.44762,358.43,Savaş öncesi
Irak (kuzey),2025-09-30,105,1,16.24,363.68,363.68,363.69,0,0,0,0,0.55238,0.44762,363.69,Savaş öncesi
Irak (kuzey),2025-10-01,105,1,15.76,260.01,260.01,260.02,0,0,0,0,0.57143,0.42857,260.02,Savaş öncesi
Irak (kuzey),2025-10-02,105,0.98095,41.8,381.89,381.89,381.92,0,0.0095238,0,0.0095238,0.57143,0.40952,383.24,Savaş öncesi
Irak (kuzey),2025-10-03,105,1,58.39,358.55,425.13,474.2,0,0,0,0,0.58095,0.41905,474.2,Savaş öncesi
Irak (kuzey),2025-10-04,105,0.98095,48.54,331.53,356.65,498.79,0,0,0,0.019048,0.62857,0.35238,538.88,Savaş öncesi
Irak (kuzey),2025-10-05,105,0.98095,25.75,515.28,515.28,515.27,0,0.019048,0,0,0.57143,0.40952,523.31,Savaş öncesi
Irak (kuzey),2025-10-06,105,1,5.42,370.15,370.15,370.18,0,0,0,0,0.59048,0.40952,370.18,Savaş öncesi
Irak (kuzey),2025-10-07,105,0.90476,33.76,329.33,331.32,331.29,0,0.095238,0,0,0.60952,0.29524,349.47,Savaş öncesi
Irak (kuzey),2025-10-08,105,0.97143,53.96,380.63,381.96,549.54,0,0,0,0.028571,0.67619,0.29524,551.43,Savaş öncesi
Irak (kuzey),2025-10-09,105,0.9619,53.76,426.44,459.17,609.58,0,0.0095238,0,0.028571,0.59048,0.37143,609.58,Savaş öncesi
Irak (kuzey),2025-10-10,105,0.88571,35.08,346.18,357.44,357.46,0,0.11429,0,0,0.52381,0.3619,407.24,Savaş öncesi
Irak (kuzey),2025-10-11,105,1,5.26,268.24,268.24,268.21,0,0,0,0,0.53333,0.46667,268.21,Savaş öncesi
Irak (kuzey),2025-10-12,105,0.9619,25.05,474.31,474.31,474.27,0,0.028571,0.0095238,0,0.53333,0.42857,477.64,Savaş öncesi
Irak (kuzey),2025-10-13,105,0.98095,48.64,303.05,329.52,326.76,0,0,0,0.019048,0.6381,0.34286,329.08,Savaş öncesi
Irak (kuzey),2025-10-14,105,0.97143,58.08,365.52,390.7,526.97,0,0,0,0.028571,0.5619,0.40952,537.14,Savaş öncesi
Irak (kuzey),2025-10-15,105,0.99048,41.5,392.72,396.61,396.54,0,0,0,0.0095238,0.55238,0.4381,398,Savaş öncesi
Irak (kuzey),2025-10-16,105,1,15.63,311.71,311.71,311.72,0,0,0,0,0.55238,0.44762,311.72,Savaş öncesi
Irak (kuzey),2025-10-17,105,1,16.43,281.88,281.88,281.93,0,0,0,0,0.53333,0.46667,281.93,Savaş öncesi
Irak (kuzey),2025-10-18,105,0.95238,42.44,351.8,351.8,351.79,0,0,0.038095,0.0095238,0.60952,0.34286,357.3,Savaş öncesi
Irak (kuzey),2025-10-19,105,0.98095,58.84,321.06,431.1,544.84,0,0.0095238,0,0.0095238,0.59048,0.39048,550.45,Savaş öncesi
Irak (kuzey),2025-10-20,105,0.91429,47.595,219.69,222.04,298.79,0,0.057143,0,0.028571,0.70476,0.20952,323.04,Savaş öncesi
Irak (kuzey),2025-10-21,105,0.88571,25.65,183.88,185.55,185.59,0,0.038095,0.07619,0,0.53333,0.35238,207.52,Savaş öncesi
Irak (kuzey),2025-10-22,105,1,6.15,234.19,234.19,234.24,0,0,0,0,0.57143,0.42857,234.24,Savaş öncesi
Irak (kuzey),2025-10-23,105,0.93333,35.115,223.4,228.59,228.59,0,0.057143,0,0.0095238,0.59048,0.34286,337.47,Savaş öncesi
Irak (kuzey),2025-10-24,105,0.90476,54.32,281.97,281.97,359.34,0,0,0.057143,0.038095,0.62857,0.27619,367.11,Savaş öncesi
Irak (kuzey),2025-10-25,105,0.95238,53.405,412.75,534.78,745.52,0,0.0095238,0,0.038095,0.5619,0.39048,745.52,Savaş öncesi
Irak (kuzey),2025-10-26,105,0.90476,34.19,281.36,328.44,328.44,0,0.085714,0,0.0095238,0.5619,0.34286,333.7,Savaş öncesi
Irak (kuzey),2025-10-27,105,1,4.48,403.18,403.18,403.22,0,0,0,0,0.54286,0.45714,403.22,Savaş öncesi
Irak (kuzey),2025-10-28,105,0.97143,25.85,329.44,329.44,329.46,0,0.028571,0,0,0.61905,0.35238,329.46,Savaş öncesi
Irak (kuzey),2025-10-29,105,0.9619,48.96,266.45,295.72,415.77,0,0.019048,0,0.019048,0.70476,0.25714,482.95,Savaş öncesi
Irak (kuzey),2025-10-30,105,1,57.72,371.02,456.67,682.35,0,0,0,0,0.61905,0.38095,682.35,Savaş öncesi
Irak (kuzey),2025-10-31,105,0.97143,40.94,334.13,336.01,336.01,0,0.019048,0,0.0095238,0.61905,0.35238,382.88,Savaş öncesi
Irak (kuzey),2025-11-01,105,1,14.72,273.46,273.46,273.41,0,0,0,0,0.54286,0.45714,273.41,Savaş öncesi
Irak (kuzey),2025-11-02,105,1,17.34,301.11,301.11,301.09,0,0,0,0,0.60952,0.39048,301.09,Savaş öncesi
Irak (kuzey),2025-11-03,105,0.98095,42.99,441.34,443.34,443.33,0,0.0095238,0,0.0095238,0.59048,0.39048,444.74,Savaş öncesi
Irak (kuzey),2025-11-04,105,0.99048,59.185,380.12,479.62,580.15,0,0,0,0.0095238,0.66667,0.32381,580.15,Savaş öncesi
Irak (kuzey),2025-11-05,105,0.94286,47.04,319.66,430.42,477.93,0,0.057143,0,0,0.6,0.34286,489.59,Savaş öncesi
Irak (kuzey),2025-11-06,105,0.98095,24.36,292.81,292.81,292.8,0,0.019048,0,0,0.6,0.38095,294.82,Savaş öncesi
Irak (kuzey),2025-11-07,105,1,6.83,320.08,320.08,320.07,0,0,0,0,0.54286,0.45714,320.07,Savaş öncesi
Irak (kuzey),2025-11-08,105,0.93333,35.525,408.82,445.82,445.8,0,0.047619,0,0.019048,0.58095,0.35238,488.54,Savaş öncesi
Irak (kuzey),2025-11-09,105,0.98095,54.5,335.17,335.57,427.36,0,0,0,0.019048,0.58095,0.4,428.59,Savaş öncesi
Irak (kuzey),2025-11-10,105,0.9619,53.26,351.97,412,533.3,0,0.019048,0,0.019048,0.57143,0.39048,578.64,Savaş öncesi
Irak (kuzey),2025-11-11,105,0.94286,33.34,306.51,394.39,394.4,0,0.057143,0,0,0.58095,0.3619,403.81,Savaş öncesi
Irak (kuzey),2025-11-12,105,1,4.37,268.39,268.39,268.4,0,0,0,0,0.54286,0.45714,268.4,Savaş öncesi
Irak (kuzey),2025-11-13,105,0.95238,26.31,403.91,403.91,403.91,0,0.028571,0.019048,0,0.59048,0.3619,407.15,Savaş öncesi
Irak (kuzey),2025-11-14,105,0.028571,47.74,0,0,0,0,0.038095,0.75238,0.18095,0.028571,0,4.69,Savaş öncesi
Irak (kuzey),2025-11-15,105,0.68571,59.82,30.379,49.921,228.13,0,0.019048,0.18095,0.11429,0.62857,0.057143,230.26,Savaş öncesi
Irak (kuzey),2025-11-16,105,0.92381,40.96,264.67,264.67,264.68,0,0.0095238,0.057143,0.0095238,0.60952,0.31429,264.68,Savaş öncesi
Irak (kuzey),2025-11-17,105,1,15.14,333.1,333.1,333.07,0,0,0,0,0.5619,0.4381,333.07,Savaş öncesi
Irak (kuzey),2025-11-18,105,1,16.79,301.02,301.02,301.03,0,0,0,0,0.58095,0.41905,301.03,Savaş öncesi
Irak (kuzey),2025-11-19,105,0.97143,42.165,230.28,230.28,230.28,0,0.0095238,0,0.019048,0.61905,0.35238,360.58,Savaş öncesi
Irak (kuzey),2025-11-20,105,0.98095,58.88,435.72,555.48,622.55,0,0,0,0.019048,0.59048,0.39048,623.17,Savaş öncesi
Irak (kuzey),2025-11-21,105,0.98095,47.54,292.28,347.73,477.88,0,0.019048,0,0,0.69524,0.28571,560.42,Savaş öncesi
Irak (kuzey),2025-11-22,105,0.99048,25.14,310.14,310.14,310.14,0,0.0095238,0,0,0.6,0.39048,310.14,Savaş öncesi
Irak (kuzey),2025-11-23,105,1,6.03,235.86,235.86,235.87,0,0,0,0,0.57143,0.42857,235.87,Savaş öncesi
Irak (kuzey),2025-11-24,105,0.92381,34.83,238.18,238.18,238.17,0,0.07619,0,0,0.6,0.32381,364.21,Savaş öncesi
Irak (kuzey),2025-11-25,105,0.49524,64.45,71.287,73.983,76.18,0,0.0095238,0.33333,0.1619,0.38095,0.11429,172.08,Savaş öncesi
Irak (kuzey),2025-11-26,105,0.95238,53.53,295.38,423.19,638.73,0,0.0095238,0,0.038095,0.61905,0.33333,638.73,Savaş öncesi
Irak (kuzey),2025-11-27,105,0.97143,33.885,256.05,261.17,261.18,0,0.028571,0,0,0.61905,0.35238,261.18,Savaş öncesi
Irak (kuzey),2025-11-28,105,0.86667,6.38,190.57,190.57,190.58,0,0,0.13333,0,0.60952,0.25714,190.58,Savaş öncesi
Irak (kuzey),2025-11-29,105,0.9619,25.18,242.2,242.2,242.23,0,0.038095,0,0,0.68571,0.27619,242.23,Savaş öncesi
Irak (kuzey),2025-11-30,105,0.52381,48.61,96.695,102,58.64,0,0.0095238,0.34286,0.12381,0.39048,0.13333,58.64,Savaş öncesi
Irak (kuzey),2025-12-01,105,0.97143,58.08,256.03,314.54,346.44,0,0.0095238,0,0.019048,0.64762,0.32381,438.93,Savaş öncesi
Irak (kuzey),2025-12-02,105,0.95238,41.375,416.73,447.73,447.75,0,0.047619,0,0,0.54286,0.40952,449.92,Savaş öncesi
Irak (kuzey),2025-12-03,105,1,15.75,273.13,273.13,273.16,0,0,0,0,0.61905,0.38095,273.16,Savaş öncesi
Irak (kuzey),2025-12-04,105,0.45714,16.505,188.03,188.03,188.05,0,0,0.54286,0,0.35238,0.10476,188.05,Savaş öncesi
Irak (kuzey),2025-12-05,105,0.93333,42.17,273.92,273.92,273.91,0,0.019048,0.038095,0.0095238,0.8,0.13333,273.91,Savaş öncesi
Irak (kuzey),2025-12-06,105,0.1619,59.69,75.243,75.243,75.25,0,0,0.75238,0.085714,0.13333,0.028571,75.25,Savaş öncesi
Irak (kuzey),2025-12-07,105,0.0095238,69.13,0,0,0,0,0.047619,0.84762,0.095238,0.0095238,0,0,Savaş öncesi
Irak (kuzey),2025-12-08,105,0.028571,25.23,0,0,0,0,0,0.95238,0.019048,0.028571,0,0,Savaş öncesi
Irak (kuzey),2025-12-09,105,0.39048,7.78,4.5106,4.5106,4.52,0,0,0.60952,0,0.38095,0.0095238,4.52,Savaş öncesi
Irak (kuzey),2025-12-10,105,0.91429,34.56,185.21,244.75,244.76,0,0.085714,0,0,0.65714,0.25714,254.28,Savaş öncesi
Irak (kuzey),2025-12-11,105,0.27619,53.72,37.463,37.463,37.49,0,0.0095238,0.52381,0.19048,0.20952,0.066667,81.82,Savaş öncesi
Irak (kuzey),2025-12-12,105,0.52381,52.64,5.8205,5.8205,5.81,0,0.019048,0.25714,0.2,0.50476,0.019048,5.81,Savaş öncesi
Irak (kuzey),2025-12-13,105,0.92381,35.18,162.83,164.58,164.59,0,0.07619,0,0,0.75238,0.17143,164.59,Savaş öncesi
Irak (kuzey),2025-12-14,105,1,5.62,199.6,199.6,199.62,0,0,0,0,0.60952,0.39048,199.62,Savaş öncesi
Irak (kuzey),2025-12-15,105,0.85714,25.8,104.99,104.99,104.99,0,0.0095238,0.13333,0,0.68571,0.17143,112.85,Savaş öncesi
Irak (kuzey),2025-12-16,105,0.15238,46.47,28.148,31.164,31.16,0,0.10476,0.68571,0.057143,0.10476,0.047619,52.68,Savaş öncesi
Irak (kuzey),2025-12-17,105,0.97143,58.23,276.07,309.55,479.15,0,0.0095238,0,0.019048,0.64762,0.32381,488.44,Savaş öncesi
Irak (kuzey),2025-12-18,105,0.9619,41.7,482.76,500.78,500.75,0,0.028571,0,0.0095238,0.61905,0.34286,510.14,Savaş öncesi
Irak (kuzey),2025-12-19,105,1,16.21,299.11,299.11,299.13,0,0,0,0,0.64762,0.35238,299.13,Savaş öncesi
Irak (kuzey),2025-12-20,105,1,15.71,237.42,237.42,237.42,0,0,0,0,0.6381,0.3619,237.42,Savaş öncesi
Irak (kuzey),2025-12-21,105,0,,,,,0,0,0.99048,0.0095238,0,0,0,Savaş öncesi
Irak (kuzey),2025-12-22,105,0.22857,59.99,31.835,61.495,35.89,0,0,0.51429,0.25714,0.19048,0.038095,114.15,Savaş öncesi
Irak (kuzey),2025-12-23,105,0.13333,59.875,20.606,20.606,20.6,0,0.028571,0.70476,0.13333,0.10476,0.028571,20.6,Savaş öncesi
Irak (kuzey),2025-12-24,105,0.9619,25.91,306.6,306.6,306.6,0,0.038095,0,0,0.60952,0.35238,321.39,Savaş öncesi
Irak (kuzey),2025-12-25,105,1,5.19,225.09,225.09,225.06,0,0,0,0,0.64762,0.35238,225.06,Savaş öncesi
Irak (kuzey),2025-12-26,105,0.17143,34.28,25.972,25.972,25.98,0,0.07619,0.75238,0,0.14286,0.028571,37.32,Savaş öncesi
Irak (kuzey),2025-12-27,105,0.13333,65.535,0,0,0,0,0.0095238,0.65714,0.2,0.13333,0,0,Savaş öncesi
Irak (kuzey),2025-12-28,105,0.97143,53.975,337.03,338.03,363.97,0,0,0,0.028571,0.6381,0.33333,398.22,Savaş öncesi
Irak (kuzey),2025-12-29,105,0.84762,34.46,242.52,268.17,268.17,0,0.066667,0.085714,0,0.6,0.24762,269.37,Savaş öncesi
Irak (kuzey),2025-12-30,105,0.8381,6.45,189.53,189.53,189.51,0,0,0.1619,0,0.53333,0.30476,193.48,Savaş öncesi
Irak (kuzey),2025-12-31,105,0.51429,24.935,219.49,219.49,219.52,0,0.019048,0.46667,0,0.41905,0.095238,220.31,Savaş öncesi
Irak (kuzey),2026-01-01,105,0.047619,49.3,0,0,0,0,0.095238,0.81905,0.038095,0.047619,0,0,Savaş öncesi
Irak (kuzey),2026-01-02,105,0.57143,58.705,43.096,49.728,134.42,0,0,0.29524,0.13333,0.45714,0.11429,146.73,Savaş öncesi
Irak (kuzey),2026-01-03,105,0.95238,42.01,314.06,316.32,316.31,0,0.028571,0.0095238,0.0095238,0.61905,0.33333,328.32,Savaş öncesi
Irak (kuzey),2026-01-04,105,1,16.48,286.09,286.09,286.09,0,0,0,0,0.66667,0.33333,286.09,Savaş öncesi
Irak (kuzey),2026-01-05,105,1,15.4,306.99,306.99,306.99,0,0,0,0,0.64762,0.35238,306.99,Savaş öncesi
Irak (kuzey),2026-01-06,105,0.81905,40.88,200.91,200.91,200.89,0,0.028571,0.10476,0.047619,0.61905,0.2,213.08,Savaş öncesi
Irak (kuzey),2026-01-07,105,0.97143,58.305,325.68,358.05,0,0,0,0,0.028571,0.65714,0.31429,,Savaş öncesi
Irak (kuzey),2026-01-08,105,0.89524,48.85,273.81,333.34,415.72,0,0.028571,0.028571,0.047619,0.60952,0.28571,433.48,Savaş öncesi
Irak (kuzey),2026-01-09,105,0.07619,23.11,0,0,0,0,0,0.92381,0,0.07619,0,0,Savaş öncesi
Irak (kuzey),2026-01-10,105,0,,,,,1,0,0,0,0,0,286.59,Savaş öncesi
Irak (kuzey),2026-01-11,105,0,,,,,1,0,0,0,0,0,316.44,Savaş öncesi
Irak (kuzey),2026-01-12,105,0,,,,,1,0,0,0,0,0,248.68,Savaş öncesi
Irak (kuzey),2026-01-13,105,0,,,,,1,0,0,0,0,0,130.98,Savaş öncesi
Irak (kuzey),2026-01-14,105,0,,,,,1,0,0,0,0,0,161.23,Savaş öncesi
Irak (kuzey),2026-01-15,105,0.99048,6.61,260.41,260.41,260.43,0,0,0.0095238,0,0.65714,0.33333,260.43,Savaş öncesi
Irak (kuzey),2026-01-16,105,0.81905,25.42,186.74,186.74,186.7,0,0.019048,0.1619,0,0.59048,0.22857,195.22,Savaş öncesi
Irak (kuzey),2026-01-17,105,0.20952,45.495,57.106,57.106,57.11,0,0.057143,0.72381,0.0095238,0.15238,0.057143,57.11,Savaş öncesi
Irak (kuzey),2026-01-18,105,0.07619,68.485,78.409,193.5,26.44,0,0,0.68571,0.2381,0.057143,0.019048,37.19,Savaş öncesi
Irak (kuzey),2026-01-19,105,0.93333,42.01,309.48,311.11,311.11,0,0.038095,0.028571,0,0.64762,0.28571,314.23,Savaş öncesi
Irak (kuzey),2026-01-20,105,0.97143,17.135,348.65,348.65,348.6,0,0,0.028571,0,0.6381,0.33333,348.6,Savaş öncesi
Irak (kuzey),2026-01-21,105,0.038095,10.36,29.119,29.119,29.12,0,0,0.9619,0,0.028571,0.0095238,135,Savaş öncesi
Irak (kuzey),2026-01-22,105,0,,,,,0,0.028571,0.97143,0,0,0,0,Savaş öncesi
Irak (kuzey),2026-01-23,105,0.60952,59.095,144.69,148.6,148.57,0,0,0.2381,0.15238,0.48571,0.12381,156.22,Savaş öncesi
Irak (kuzey),2026-01-24,105,0.75238,47.88,372.35,426.54,479.07,0,0.019048,0.1619,0.066667,0.55238,0.2,502.09,Savaş öncesi
Irak (kuzey),2026-01-25,105,0.98095,26.27,218.62,218.62,218.64,0,0.019048,0,0,0.64762,0.33333,221.87,Savaş öncesi
Irak (kuzey),2026-01-26,105,0.8381,4.965,143.3,143.3,143.31,0,0,0.1619,0,0.55238,0.28571,146.29,Savaş öncesi
Irak (kuzey),2026-01-27,105,0.93333,33.515,302.81,397.47,397.46,0,0.066667,0,0,0.6381,0.29524,414.68,Savaş öncesi
Irak (kuzey),2026-01-28,105,0.066667,52.29,0,0,0,0,0,0.73333,0.2,0.066667,0,8.63,Savaş öncesi
Irak (kuzey),2026-01-29,105,0.9619,54.06,268.85,269.87,382.29,0,0.0095238,0,0.028571,0.72381,0.2381,383.42,Savaş öncesi
Irak (kuzey),2026-01-30,105,0.057143,41.25,19.024,44.61,44.6,0,0.028571,0.90476,0.0095238,0.047619,0.0095238,44.6,Savaş öncesi
Irak (kuzey),2026-01-31,105,0.11429,6.03,44.471,44.471,44.46,0,0,0.88571,0,0.085714,0.028571,44.46,Savaş öncesi
Irak (kuzey),2026-02-01,105,0.53333,22.865,87.239,87.239,87.23,0,0.047619,0.41905,0,0.32381,0.20952,116.01,Savaş öncesi
Irak (kuzey),2026-02-02,105,0.62857,47.985,154.45,161.54,161.52,0,0.10476,0.22857,0.038095,0.52381,0.10476,173.01,Savaş öncesi
Irak (kuzey),2026-02-03,105,0.89524,58.32,225.38,304.12,438.14,0,0,0.028571,0.07619,0.65714,0.2381,438.14,Savaş öncesi
Irak (kuzey),2026-02-04,105,0.9619,42.01,282.48,282.48,282.44,0,0.028571,0,0.0095238,0.66667,0.29524,284.68,Savaş öncesi
Irak (kuzey),2026-02-05,105,0.89524,17.97,166.75,166.75,166.76,0,0,0.10476,0,0.58095,0.31429,183.68,Savaş öncesi
Irak (kuzey),2026-02-06,105,0,,,,,0,0,1,0,0,0,11.62,Savaş öncesi
Irak (kuzey),2026-02-07,105,0.066667,43.06,0,0,0,0,0,0.92381,0.0095238,0.066667,0,0,Savaş öncesi
Irak (kuzey),2026-02-08,105,0.52381,61.58,58.291,59.775,73.4,0,0,0.38095,0.095238,0.4381,0.085714,77.81,Savaş öncesi
Irak (kuzey),2026-02-09,105,0.047619,69.12,21.379,53.547,53.55,0,0.028571,0.82857,0.095238,0.019048,0.028571,74.48,Savaş öncesi
Irak (kuzey),2026-02-10,105,0.047619,25.04,7.525,7.525,7.52,0,0.057143,0.89524,0,0.038095,0.0095238,13.07,Savaş öncesi
Irak (kuzey),2026-02-11,105,0.37143,3.44,71.097,71.097,71.1,0,0,0.62857,0,0.24762,0.12381,74.05,Savaş öncesi
Irak (kuzey),2026-02-12,105,0.095238,33.225,39.145,39.145,39.14,0,0.10476,0.8,0,0.07619,0.019048,44.49,Savaş öncesi
Irak (kuzey),2026-02-13,105,0,,,,,0,0.019048,0.7619,0.21905,0,0,0,Savaş öncesi
Irak (kuzey),2026-02-14,105,0.98095,54.08,315.12,347.67,416.47,0,0,0,0.019048,0.64762,0.33333,430.74,Savaş öncesi
Irak (kuzey),2026-02-15,105,0.89524,34.995,316.57,421.56,421.57,0,0.10476,0,0,0.50476,0.39048,436.49,Savaş öncesi
Irak (kuzey),2026-02-16,105,1,5.96,220.71,220.71,220.73,0,0,0,0,0.60952,0.39048,220.73,Savaş öncesi
Irak (kuzey),2026-02-17,105,0.14286,18.95,3.2825,3.2825,3.28,0,0.019048,0.8381,0,0.11429,0.028571,3.28,Savaş öncesi
Irak (kuzey),2026-02-18,105,0.95238,47.855,303.29,336.59,336.6,0,0.028571,0.0095238,0.0095238,0.62857,0.32381,348.92,Savaş öncesi
Irak (kuzey),2026-02-19,105,1,58.38,343.39,495.02,576.42,0,0,0,0,0.67619,0.32381,576.42,Savaş öncesi
Irak (kuzey),2026-02-20,105,0.98095,41.92,414.22,416.31,416.27,0,0.0095238,0,0.0095238,0.61905,0.3619,420.47,Savaş öncesi
Irak (kuzey),2026-02-21,105,1,16.42,273.2,273.2,273.18,0,0,0,0,0.6,0.4,273.18,Savaş öncesi
Irak (kuzey),2026-02-22,105,1,15.58,320.78,320.78,320.74,0,0,0,0,0.60952,0.39048,320.74,Savaş öncesi
Irak (kuzey),2026-02-23,105,0.90476,41.64,232.34,232.34,232.35,0,0.019048,0.057143,0.019048,0.57143,0.33333,234.25,Savaş öncesi
Irak (kuzey),2026-02-24,105,0.98095,58.4,337.52,510.59,472.88,0,0.0095238,0,0.0095238,0.65714,0.32381,482.57,Savaş öncesi
Irak (kuzey),2026-02-25,105,0.92381,48.48,323.43,354.16,474.66,0,0.057143,0,0.019048,0.59048,0.33333,533.23,Savaş öncesi
Irak (kuzey),2026-02-26,105,0.22857,28.555,14.73,14.73,14.72,0,0.038095,0.73333,0,0.18095,0.047619,14.72,Savaş öncesi
Irak (kuzey),2026-02-27,105,0.89524,4.15,230.22,230.22,230.18,0,0,0.10476,0,0.54286,0.35238,230.18,Savaş öncesi
Irak (kuzey),2026-02-28,105,0.86667,33.31,272.16,353.38,353.37,0,0.066667,0.047619,0.019048,0.6381,0.22857,354.87,geçiş
Irak (kuzey),2026-03-01,105,0.94286,53.78,318.23,319.54,374.11,0,0.019048,0.0095238,0.028571,0.67619,0.26667,419.16,geçiş
Irak (kuzey),2026-03-02,105,0.93333,53.86,282.79,301.98,408.86,0,0.019048,0,0.047619,0.66667,0.26667,416.23,1. kapanma
Irak (kuzey),2026-03-03,105,0.90476,34.44,310.61,329.5,329.5,0,0.095238,0,0,0.69524,0.20952,347.05,1. kapanma
Irak (kuzey),2026-03-04,105,0.066667,12.78,0,0,0,0,0,0.93333,0,0.066667,0,0,1. kapanma
Irak (kuzey),2026-03-05,105,0.97143,24.74,270.36,270.36,270.34,0,0.028571,0,0,0.68571,0.28571,271.09,1. kapanma
Irak (kuzey),2026-03-06,105,0.55238,48.94,140.36,209.88,209.89,0,0.095238,0.32381,0.028571,0.42857,0.12381,233.51,1. kapanma
Irak (kuzey),2026-03-07,105,0.6,67.56,185.79,355.54,361.85,0,0,0.2,0.2,0.46667,0.13333,428.49,1. kapanma
Irak (kuzey),2026-03-08,105,0.95238,41.73,187.1,187.1,187.13,0,0.019048,0.028571,0,0.74286,0.20952,187.13,1. kapanma
Irak (kuzey),2026-03-09,105,1,16.11,326.75,326.75,326.76,0,0,0,0,0.73333,0.26667,326.76,1. kapanma
Irak (kuzey),2026-03-10,105,1,15.91,274.97,274.97,274.94,0,0,0,0,0.65714,0.34286,274.94,1. kapanma
Irak (kuzey),2026-03-11,105,0.88571,42.08,222.66,222.66,222.65,0,0.019048,0.095238,0,0.62857,0.25714,222.65,1. kapanma
Irak (kuzey),2026-03-12,105,0.95238,58.58,245.94,253.08,268.04,0,0,0.028571,0.019048,0.73333,0.21905,288.87,1. kapanma
Irak (kuzey),2026-03-13,105,0.80952,48.6,151.64,186.3,266.56,0,0.057143,0.085714,0.047619,0.60952,0.2,329.72,1. kapanma
Irak (kuzey),2026-03-14,105,0,,,,,0,0.019048,0.98095,0,0,0,0,1. kapanma
Irak (kuzey),2026-03-15,105,0.87619,5.725,59.121,59.121,59.12,0,0,0.12381,0,0.74286,0.13333,59.12,1. kapanma
Irak (kuzey),2026-03-16,105,0.91429,33.79,222.37,223.62,223.6,0,0.057143,0.028571,0,0.70476,0.20952,231.97,1. kapanma
Irak (kuzey),2026-03-17,105,0.99048,53.95,317.63,346.8,441.71,0,0,0,0.0095238,0.70476,0.28571,454.21,1. kapanma
Irak (kuzey),2026-03-18,105,0.54286,66.14,48.824,102.79,102.78,0,0.0095238,0.27619,0.17143,0.4381,0.10476,156.39,1. kapanma
Irak (kuzey),2026-03-19,105,0.028571,34.1,0,0,0,0,0.047619,0.92381,0,0.028571,0,0,1. kapanma
Irak (kuzey),2026-03-20,105,0.67619,6.77,96.217,96.217,96.26,0,0,0.32381,0,0.5619,0.11429,96.26,1. kapanma
Irak (kuzey),2026-03-21,105,0.47619,25.045,91.185,91.185,91.22,0,0.019048,0.50476,0,0.38095,0.095238,91.22,1. kapanma
Irak (kuzey),2026-03-22,105,0.64762,48.83,206.53,251.53,251.56,0,0.095238,0.19048,0.066667,0.42857,0.21905,298.05,1. kapanma
Irak (kuzey),2026-03-23,105,0.68571,66.98,119.32,200.35,209.9,0,0.0095238,0.17143,0.13333,0.52381,0.1619,242.84,1. kapanma
Irak (kuzey),2026-03-24,105,0,,,,,0,0.0095238,0.99048,0,0,0,0,1. kapanma
Irak (kuzey),2026-03-25,105,0,,,,,0,0,1,0,0,0,0,1. kapanma
Irak (kuzey),2026-03-26,105,0.12381,10.19,19.15,19.15,19.16,0,0,0.87619,0,0.095238,0.028571,19.16,1. kapanma
Irak (kuzey),2026-03-27,105,0.07619,42.6,1.564,1.564,1.56,0,0.019048,0.90476,0,0.066667,0.0095238,1.56,1. kapanma
Irak (kuzey),2026-03-28,105,0.98095,58.76,466.38,492.46,613.34,0,0.0095238,0,0.0095238,0.68571,0.29524,614.41,1. kapanma
Irak (kuzey),2026-03-29,105,0.69524,47.13,0,0,0,0,0.038095,0.20952,0.057143,0.69524,0,,1. kapanma
Irak (kuzey),2026-03-30,105,0.97143,25.145,277.29,277.29,277.28,0,0.019048,0.0095238,0,0.6381,0.33333,281.94,1. kapanma
Irak (kuzey),2026-03-31,105,1,6.03,216.51,216.51,216.51,0,0,0,0,0.60952,0.39048,216.51,1. kapanma
Irak (kuzey),2026-04-01,105,0.90476,35.09,226.42,238.26,238.29,0,0.057143,0.038095,0,0.59048,0.31429,268.56,1. kapanma
Irak (kuzey),2026-04-02,105,0.94286,54.24,89.781,89.781,182.7,0,0,0.0095238,0.047619,0.91429,0.028571,185.46,1. kapanma
Irak (kuzey),2026-04-03,105,0.91429,53.44,214.16,221.98,303.35,0,0,0,0.085714,0.72381,0.19048,308.09,1. kapanma
Irak (kuzey),2026-04-04,105,0.90476,34.51,161.92,166.07,166.04,0,0.07619,0.019048,0,0.60952,0.29524,246.45,1. kapanma
Irak (kuzey),2026-04-05,105,1,4.61,218.71,218.71,218.71,0,0,0,0,0.64762,0.35238,218.71,1. kapanma
Irak (kuzey),2026-04-06,105,0.98095,26.53,335.44,335.44,335.45,0,0.019048,0,0,0.6,0.38095,341.82,1. kapanma
Irak (kuzey),2026-04-07,105,0.67619,48.95,215.85,386.56,386.55,0,0.07619,0.21905,0.028571,0.52381,0.15238,418.27,1. kapanma
Irak (kuzey),2026-04-08,105,0.97143,57.905,280.39,317.59,425.28,0,0,0.0095238,0.019048,0.67619,0.29524,425.28,1. kapanma
Irak (kuzey),2026-04-09,105,0.95238,41.56,229.24,230.64,230.66,0,0.0095238,0.019048,0.019048,0.6381,0.31429,300.62,1. kapanma
Irak (kuzey),2026-04-10,105,0.95238,16.1,213.47,213.47,213.53,0,0,0.047619,0,0.64762,0.30476,213.53,1. kapanma
Irak (kuzey),2026-04-11,105,0.86667,17.29,86.06,86.06,86.06,0,0,0.13333,0,0.65714,0.20952,87.1,1. kapanma
Irak (kuzey),2026-04-12,105,0.77143,41.7,141.93,141.93,141.93,0,0.0095238,0.17143,0.047619,0.49524,0.27619,149.96,1. kapanma
Irak (kuzey),2026-04-13,105,0.97143,58.925,321.79,488.54,499.81,0,0.019048,0,0.0095238,0.62857,0.34286,503.96,1. kapanma
Irak (kuzey),2026-04-14,105,0.94286,47.22,354.4,381.51,425.14,0,0.028571,0.019048,0.0095238,0.6,0.34286,430.49,1. kapanma
Irak (kuzey),2026-04-15,105,0.92381,24.73,287.54,287.54,287.5,0,0.028571,0.047619,0,0.58095,0.34286,292.34,1. kapanma
Irak (kuzey),2026-04-16,105,1,6.39,334.29,334.29,334.3,0,0,0,0,0.5619,0.4381,334.3,1. kapanma
Irak (kuzey),2026-04-17,105,0.066667,35.54,54.561,101.83,101.83,0,0.047619,0.88571,0,0.038095,0.028571,115.17,1. kapanma
Irak (kuzey),2026-04-18,105,0.91429,54.51,216.48,229.38,298.99,0,0,0.028571,0.057143,0.68571,0.22857,301.03,1. kapanma
Irak (kuzey),2026-04-19,105,0.92381,53.35,247.16,360.28,540.59,0,0,0.0095238,0.066667,0.61905,0.30476,590.05,1. kapanma
Irak (kuzey),2026-04-20,105,0.70476,34.48,227.21,250.93,250.94,0,0.10476,0.19048,0,0.46667,0.2381,300.14,1. kapanma
Irak (kuzey),2026-04-21,105,1,4.58,297.81,297.81,297.84,0,0,0,0,0.55238,0.44762,297.84,1. kapanma
Irak (kuzey),2026-04-22,105,0.97143,25.64,359.11,359.11,359.12,0,0.028571,0,0,0.6,0.37143,362.92,1. kapanma
Irak (kuzey),2026-04-23,105,0.84762,48.28,468.14,545.84,545.85,0,0.10476,0,0.047619,0.57143,0.27619,627.83,1. kapanma
Irak (kuzey),2026-04-24,105,0.8,66.445,351.82,437.5,414.2,0,0,0.11429,0.085714,0.58095,0.21905,501.36,1. kapanma
Irak (kuzey),2026-04-25,105,0.12381,38.3,2.9061,2.9061,2.91,0,0,0.85714,0.019048,0.11429,0.0095238,39.48,1. kapanma
Irak (kuzey),2026-04-26,105,0.12381,22.33,3.105,3.105,3.1,0,0,0.86667,0.0095238,0.11429,0.0095238,3.1,1. kapanma
Irak (kuzey),2026-04-27,105,0.2381,19.18,16.124,16.124,16.1,0,0,0.7619,0,0.1619,0.07619,18.69,1. kapanma
Irak (kuzey),2026-04-28,105,0.97143,42.14,108.75,108.75,108.72,0,0.0095238,0.0095238,0.0095238,0.85714,0.11429,108.72,1. kapanma
Irak (kuzey),2026-04-29,105,0.99048,58.635,609.44,668.9,717.6,0,0,0,0.0095238,0.57143,0.41905,717.6,1. kapanma
Irak (kuzey),2026-04-30,105,0.97143,47.4,433.33,601.52,684.04,0,0.0095238,0,0.019048,0.62857,0.34286,685.7,1. kapanma
Irak (kuzey),2026-05-01,105,0.53333,26.15,218.04,218.04,218.04,0,0.019048,0.44762,0,0.35238,0.18095,218.04,1. kapanma
Irak (kuzey),2026-05-02,105,0.91429,4.895,282.68,282.68,282.64,0,0,0.085714,0,0.58095,0.33333,284.88,1. kapanma
Irak (kuzey),2026-05-03,105,0.12381,35.42,5.8715,5.8715,5.87,0,0.095238,0.78095,0,0.10476,0.019048,14.6,1. kapanma
Irak (kuzey),2026-05-04,105,0.97143,54.27,288.61,304.13,353.17,0,0,0.019048,0.0095238,0.6381,0.33333,356.76,1. kapanma
Irak (kuzey),2026-05-05,105,0.94286,53.44,586.82,613.5,796.63,0,0.038095,0,0.019048,0.60952,0.33333,805.63,1. kapanma
Irak (kuzey),2026-05-06,105,0.92381,33.57,365.72,397.6,397.58,0,0.07619,0,0,0.57143,0.35238,416.73,1. kapanma
Irak (kuzey),2026-05-07,105,1,4.67,304.14,304.14,304.14,0,0,0,0,0.5619,0.4381,304.14,1. kapanma
Irak (kuzey),2026-05-08,105,0.9619,25.49,350.39,350.39,350.38,0,0.038095,0,0,0.54286,0.41905,366.08,1. kapanma
Irak (kuzey),2026-05-09,105,0.85714,48.25,438.37,497.15,497.15,0,0.095238,0,0.047619,0.59048,0.26667,521.33,1. kapanma
Irak (kuzey),2026-05-10,105,0.88571,59.82,96.476,142.24,431.11,0,0,0.0095238,0.10476,0.72381,0.1619,446.31,1. kapanma
Irak (kuzey),2026-05-11,105,0.77143,40.7,79.239,83.873,83.91,0,0.038095,0.12381,0.066667,0.60952,0.1619,85.02,1. kapanma
Irak (kuzey),2026-05-12,105,1,15.27,326.84,326.84,326.78,0,0,0,0,0.62857,0.37143,326.78,1. kapanma
Irak (kuzey),2026-05-13,105,1,16.7,373.8,373.8,373.82,0,0,0,0,0.61905,0.38095,373.82,1. kapanma
Irak (kuzey),2026-05-14,105,0.98095,41.87,340.3,340.3,340.29,0,0.0095238,0,0.0095238,0.67619,0.30476,340.29,1. kapanma
Irak (kuzey),2026-05-15,105,0.91429,58.83,275.85,325.75,337.18,0,0,0.038095,0.047619,0.60952,0.30476,337.18,1. kapanma
Irak (kuzey),2026-05-16,105,0.81905,47.065,347.2,436.02,465.02,0,0.038095,0.07619,0.066667,0.51429,0.30476,484.97,1. kapanma
Irak (kuzey),2026-05-17,105,0.97143,24.995,131.16,131.16,131.17,0,0.028571,0,0,0.8,0.17143,131.17,1. kapanma
Irak (kuzey),2026-05-18,105,1,6.17,215.09,215.09,215.15,0,0,0,0,0.6,0.4,215.15,1. kapanma
Irak (kuzey),2026-05-19,105,0.89524,35.055,306.72,336.51,336.53,0,0.10476,0,0,0.6,0.29524,389.67,1. kapanma
Irak (kuzey),2026-05-20,105,0.88571,54.39,238.22,240.27,346.55,0,0,0.038095,0.07619,0.70476,0.18095,426.09,1. kapanma
Irak (kuzey),2026-05-21,105,0.94286,53.47,350.67,354.08,478.71,0,0.0095238,0,0.047619,0.46667,0.47619,503.94,1. kapanma
Irak (kuzey),2026-05-22,105,0.92381,33.64,311.91,333.49,333.46,0,0.066667,0,0.0095238,0.50476,0.41905,355.27,1. kapanma
Irak (kuzey),2026-05-23,105,0.92381,5.72,199.63,199.63,199.64,0,0,0.07619,0,0.6381,0.28571,200.38,1. kapanma
Irak (kuzey),2026-05-24,105,0.9619,25.47,339.95,339.95,339.96,0,0.038095,0,0,0.61905,0.34286,341.55,1. kapanma
Irak (kuzey),2026-05-25,105,0.91429,48.15,303.83,376.85,376.83,0,0.047619,0,0.038095,0.62857,0.28571,419.68,1. kapanma
Irak (kuzey),2026-05-26,105,0.99048,57.895,397.7,555.64,876.16,0,0,0,0.0095238,0.61905,0.37143,876.95,1. kapanma
Irak (kuzey),2026-05-27,105,0.95238,41.08,363.81,365.62,365.6,0,0.0095238,0.028571,0.0095238,0.59048,0.3619,370.55,1. kapanma
Irak (kuzey),2026-05-28,105,0,,,,,0,0,1,0,0,0,0,1. kapanma
Irak (kuzey),2026-05-29,105,1,16.73,288.51,288.51,288.51,0,0,0,0,0.59048,0.40952,288.51,1. kapanma
Irak (kuzey),2026-05-30,105,0.99048,42.145,443.18,443.18,443.12,0,0.0095238,0,0,0.6381,0.35238,443.12,1. kapanma
Irak (kuzey),2026-05-31,105,0.85714,58.855,277.04,485.45,511.85,0,0.066667,0,0.07619,0.55238,0.30476,632.79,1. kapanma
Irak (kuzey),2026-06-01,105,0.9619,47.49,253,284.5,373.32,0,0.019048,0.0095238,0.0095238,0.65714,0.30476,441.83,1. kapanma
Irak (kuzey),2026-06-02,105,0.99048,25.01,407,407,406.99,0,0.0095238,0,0,0.6381,0.35238,406.99,1. kapanma
Irak (kuzey),2026-06-03,105,1,6.21,401.18,401.18,401.15,0,0,0,0,0.62857,0.37143,401.15,1. kapanma
Irak (kuzey),2026-06-04,105,0.87619,35.22,203.08,208.16,208.17,0,0.12381,0,0,0.6,0.27619,333.83,1. kapanma
Irak (kuzey),2026-06-05,105,0.92381,54.24,602.22,604.79,661.67,0,0.038095,0,0.038095,0.55238,0.37143,672.95,1. kapanma
Irak (kuzey),2026-06-06,105,0.94286,53.52,357.38,440.28,546.65,0,0.0095238,0,0.047619,0.58095,0.3619,640.34,1. kapanma
Irak (kuzey),2026-06-07,105,0.87619,33.665,350.86,497.56,497.53,0,0.11429,0,0.0095238,0.52381,0.35238,519.03,1. kapanma
Irak (kuzey),2026-06-08,105,1,4.63,314.35,314.35,314.33,0,0,0,0,0.62857,0.37143,314.33,1. kapanma
Irak (kuzey),2026-06-09,105,0.98095,25.67,335,335,335.03,0,0.019048,0,0,0.66667,0.31429,372.91,1. kapanma
Irak (kuzey),2026-06-10,105,0.8381,48.125,341.69,429.08,429.03,0,0.13333,0,0.028571,0.6,0.2381,477.07,1. kapanma
Irak (kuzey),2026-06-11,105,0.98095,57.89,419.58,434.94,470.99,0,0,0,0.019048,0.58095,0.4,488.08,1. kapanma
Irak (kuzey),2026-06-12,105,0.9619,41.09,346.59,346.59,346.58,0,0,0,0.038095,0.6381,0.32381,363.47,1. kapanma
Irak (kuzey),2026-06-13,105,1,15.15,327.84,327.84,327.86,0,0,0,0,0.68571,0.31429,327.86,1. kapanma
Irak (kuzey),2026-06-14,105,1,16.85,357.54,357.54,357.57,0,0,0,0,0.59048,0.40952,357.57,geçiş
Irak (kuzey),2026-06-15,105,0.98095,41.99,432.25,438.61,438.61,0,0.019048,0,0,0.65714,0.32381,438.61,geçiş
Irak (kuzey),2026-06-16,105,0.86667,58.95,430.27,563.59,710.82,0,0.057143,0,0.07619,0.58095,0.28571,751.61,geçiş
Irak (kuzey),2026-06-17,105,0.97143,47.87,406.21,470.95,555.54,0,0.019048,0,0.0095238,0.70476,0.26667,676.21,geçiş
Irak (kuzey),2026-06-18,105,0.98095,24.86,500.55,500.55,500.58,0,0.019048,0,0,0.61905,0.3619,506.14,Açılış
Irak (kuzey),2026-06-19,105,1,6.39,409.74,409.74,409.75,0,0,0,0,0.6381,0.3619,409.75,Açılış
Irak (kuzey),2026-06-20,105,0.92381,35.15,409.24,550.49,550.45,0,0.07619,0,0,0.62857,0.29524,627.97,Açılış
Irak (kuzey),2026-06-21,105,0.89524,54.305,541.33,541.33,628.95,0,0.057143,0,0.047619,0.54286,0.35238,701.36,Açılış
Irak (kuzey),2026-06-22,105,0.95238,53.355,542.37,620.31,837.79,0,0.019048,0,0.028571,0.6381,0.31429,856.4,Açılış
Irak (kuzey),2026-06-23,105,0.95238,33.715,475.24,605.09,605.09,0,0.047619,0,0,0.6381,0.31429,620.6,Açılış
Irak (kuzey),2026-06-24,105,1,4.45,311.4,311.4,311.37,0,0,0,0,0.61905,0.38095,311.37,Açılış
Irak (kuzey),2026-06-25,105,0.9619,25.78,421.31,421.31,421.29,0,0.038095,0,0,0.6,0.3619,427.5,Açılış
Irak (kuzey),2026-06-26,105,0.93333,48.395,379.91,488.16,488.15,0,0.047619,0,0.019048,0.65714,0.27619,578.46,Açılış
Irak (kuzey),2026-06-27,105,0.97143,57.88,447.18,493.46,636.31,0,0,0,0.028571,0.58095,0.39048,640.24,Açılış
Irak (kuzey),2026-06-28,105,0.99048,41.12,651.26,652.49,652.52,0,0,0,0.0095238,0.59048,0.4,666.69,Açılış
Irak (kuzey),2026-06-29,105,1,15.24,379.32,379.32,379.34,0,0,0,0,0.60952,0.39048,379.34,Açılış
Irak (kuzey),2026-06-30,105,1,16.73,454.77,454.77,454.79,0,0,0,0,0.6381,0.3619,454.79,Açılış
Irak (kuzey),2026-07-01,105,0.98095,41.9,426.49,426.49,426.46,0,0.019048,0,0,0.65714,0.32381,437.9,Açılış
Irak (kuzey),2026-07-02,105,1,58.86,468.16,641.26,776.07,0,0,0,0,0.65714,0.34286,776.07,Açılış
Irak (kuzey),2026-07-03,105,0.95238,48.195,337.98,373.76,576,0,0.047619,0,0,0.67619,0.27619,599.99,Açılış
Irak (kuzey),2026-07-04,105,0.97143,25.13,380.26,386.17,386.16,0,0.028571,0,0,0.58095,0.39048,388.56,Açılış
Irak (kuzey),2026-07-05,105,1,6.02,360.5,360.5,360.49,0,0,0,0,0.62857,0.37143,360.49,Açılış
Irak (kuzey),2026-07-06,105,0.88571,35.08,370.15,376.87,376.85,0,0.11429,0,0,0.60952,0.27619,438,Açılış
Irak (kuzey),2026-07-07,105,0.89524,54.17,411.21,412.32,585.84,0,0.028571,0,0.07619,0.57143,0.32381,615.04,Açılış
Irak (kuzey),2026-07-08,105,0.94286,53.55,395.32,474.31,556.59,0,0.0095238,0,0.047619,0.58095,0.3619,573.13,Açılış
Irak (kuzey),2026-07-09,105,0.91429,33.875,343.13,354.42,354.4,0,0.085714,0,0,0.58095,0.33333,392.6,Açılış
Irak (kuzey),2026-07-10,105,1,4.99,438.22,438.22,438.26,0,0,0,0,0.64762,0.35238,438.26,Açılış
Irak (kuzey),2026-07-11,105,0.97143,25.29,412.75,412.75,412.73,0,0.028571,0,0,0.61905,0.35238,414.36,geçiş
Irak (kuzey),2026-07-12,105,0.89524,48.12,349.66,377.64,377.63,0,0.07619,0,0.028571,0.6381,0.25714,457.37,geçiş
Irak (kuzey),2026-07-13,105,0.99048,58.09,466.63,647.94,850.22,0,0,0,0.0095238,0.6381,0.35238,850.22,2. kapanma
Irak (kuzey),2026-07-14,105,0.99048,41.525,441.42,441.42,441.39,0,0.0095238,0,0,0.64762,0.34286,469.61,2. kapanma
Irak (kuzey),2026-07-15,105,1,15.69,367.68,367.68,367.69,0,0,0,0,0.64762,0.35238,367.69,2. kapanma
Irak (kuzey),2026-07-16,105,1,16.3,439.75,439.75,439.73,0,0,0,0,0.65714,0.34286,439.73,2. kapanma
Irak (kuzey),2026-07-17,105,0.98095,42.24,376.7,376.7,376.7,0,0.0095238,0,0.0095238,0.68571,0.29524,376.7,2. kapanma
Irak (kuzey),2026-07-18,105,0.98095,58.67,424.1,462.59,505.16,0,0.0095238,0,0.0095238,0.68571,0.29524,505.16,2. kapanma
Irak (kuzey),2026-07-19,105,0.97143,48.275,411.83,437.43,529.76,0,0.019048,0,0.0095238,0.67619,0.29524,532.4,2. kapanma
Irak (kuzey),2026-07-20,105,0.99048,25.57,455.69,455.69,455.68,0,0.0095238,0,0,0.68571,0.30476,455.68,2. kapanma
Irak (kuzey),2026-07-21,105,1,5.54,404.03,404.03,404.01,0,0,0,0,0.62857,0.37143,404.01,2. kapanma
Irak (kuzey),2026-07-22,105,0.93333,34.17,341.72,349.57,349.6,0,0.066667,0,0,0.66667,0.26667,386.17,2. kapanma
Irak (kuzey),2026-07-23,105,0.99048,53.935,412.7,412.7,590.69,0,0.0095238,0,0,0.65714,0.33333,590.69,2. kapanma
Irak (kuzey),2026-07-24,105,0.9619,53.8,485.27,534.21,585.77,0,0.028571,0,0.0095238,0.6,0.3619,705.96,2. kapanma
Irak (kuzey),2026-07-25,105,0.92381,34.89,436.26,440.41,440.41,0,0.07619,0,0,0.61905,0.30476,459.94,2. kapanma
Irak (kuzey),2026-07-26,105,1,5.48,406.5,406.5,406.5,0,0,0,0,0.64762,0.35238,406.5,2. kapanma
Irak (kuzey),2026-07-27,105,0.98095,24.9,396.38,396.38,396.38,0,0.019048,0,0,0.62857,0.35238,399.97,2. kapanma
Irak (kuzey),2026-07-28,105,0.86667,47.84,440.02,536.49,536.51,0,0.095238,0,0.038095,0.59048,0.27619,569.37,2. kapanma
Irak (kuzey),2026-07-29,105,0.97143,58.26,369.61,608.6,685.69,0,0,0,0.028571,0.6381,0.33333,695.6,2. kapanma
Irak (kuzey),2026-07-30,105,0.99048,41.685,381.61,381.61,381.62,0,0.0095238,0,0,0.64762,0.34286,384.64,2. kapanma
Irak (kuzey),2026-07-31,105,0.98095,16.9,200.59,200.59,200.58,0,0,0.019048,0,0.74286,0.2381,200.58,2. kapanma
Irak (kuzey),2026-08-01,105,0.90476,16.07,270.2,270.2,270.17,0,0,0.095238,0,0.69524,0.20952,270.17,2. kapanma
Irak (kuzey),2026-08-02,105,0.99048,41.85,604.64,604.64,604.63,0,0,0,0.0095238,0.67619,0.31429,604.63,2. kapanma
Irak (kuzey),2026-08-03,105,0.99048,58.4,510.59,675.03,814.67,0,0,0,0.0095238,0.68571,0.30476,821.67,2. kapanma
Irak (kuzey),2026-08-04,105,0.97143,48.23,485.79,607.97,801.05,0,0.019048,0,0.0095238,0.69524,0.27619,840.98,2. kapanma
Irak (kuzey),2026-08-05,105,0.99048,25.93,498.09,499.22,499.24,0,0.0095238,0,0,0.62857,0.3619,507.1,2. kapanma
Irak (kuzey),2026-08-06,105,1,5.25,412.7,412.7,412.73,0,0,0,0,0.5619,0.4381,412.73,2. kapanma
Irak (kuzey),2026-08-07,105,0.89524,33.455,364.41,384.99,384.99,0,0.10476,0,0,0.61905,0.27619,438.63,2. kapanma
Irak (kuzey),2026-08-08,105,0.98095,53.7,444.92,444.92,529.27,0,0,0,0.019048,0.66667,0.31429,533.8,2. kapanma
Irak (kuzey),2026-08-09,105,0.98095,53.96,481.82,498.34,596.2,0,0.0095238,0,0.0095238,0.62857,0.35238,596.2,2. kapanma
Irak (kuzey),2026-08-10,105,0.94286,34.57,302.76,327.91,327.9,0,0.057143,0,0,0.69524,0.24762,343.95,2. kapanma
Irak (kuzey),2026-08-11,105,1,5.86,381.14,381.14,381.14,0,0,0,0,0.66667,0.33333,381.14,2. kapanma
Irak (kuzey),2026-08-12,105,0.92381,24.51,368.56,368.56,368.54,0,0.028571,0.047619,0,0.69524,0.22857,371.4,2. kapanma
Irak (kuzey),2026-08-13,105,0.93333,48.085,439.18,595.7,595.72,0,0.028571,0,0.038095,0.64762,0.28571,615.72,2. kapanma
Irak (kuzey),2026-08-14,105,0.99048,58.4,463.21,495.54,613.62,0,0,0,0.0095238,0.61905,0.37143,619.02,2. kapanma
Irak (kuzey),2026-08-15,105,0.98095,41.94,468.22,468.22,468.21,0,0,0,0.019048,0.65714,0.32381,468.21,2. kapanma
Irak (kuzey),2026-08-16,105,1,16.55,407.54,407.54,407.51,0,0,0,0,0.64762,0.35238,407.51,2. kapanma
Irak (kuzey),2026-08-17,105,1,15.44,409.28,409.28,409.27,0,0,0,0,0.60952,0.39048,409.27,2. kapanma
Irak (kuzey),2026-08-18,105,0.97143,41.55,434.37,434.37,434.37,0,0.028571,0,0,0.64762,0.32381,434.37,2. kapanma
Irak (kuzey),2026-08-19,105,0.98095,58.28,416.6,455.03,563.23,0,0,0,0.019048,0.64762,0.33333,564.81,2. kapanma
Irak (kuzey),2026-08-20,105,0.93333,48.875,374.22,506.31,626.8,0,0.019048,0,0.047619,0.67619,0.25714,692.42,2. kapanma
Irak (kuzey),2026-08-21,105,0.9619,26.15,364.1,364.1,364.1,0,0.038095,0,0,0.68571,0.27619,371.08,2. kapanma
Irak (kuzey),2026-08-22,105,1,4.88,340.98,340.98,340.97,0,0,0,0,0.6381,0.3619,340.97,2. kapanma
Irak (kuzey),2026-08-23,105,0.91429,33.935,367.6,492.02,492.02,0,0.085714,0,0,0.67619,0.2381,533.57,2. kapanma
Irak (kuzey),2026-08-24,105,0.87619,53.815,321.91,362.66,554.15,0,0,0.038095,0.085714,0.66667,0.20952,584.52,2. kapanma
Irak (kuzey),2026-08-25,105,0.95238,54.14,507.97,536.49,756.17,0,0.019048,0,0.028571,0.66667,0.28571,775.81,2. kapanma
Irak (kuzey),2026-08-26,105,0.93333,35.24,521.85,619.81,619.79,0,0.057143,0,0.0095238,0.61905,0.31429,619.79,2. kapanma
Irak (kuzey),2026-08-27,105,1,6.24,359.17,359.17,359.21,0,0,0,0,0.6,0.4,359.21,2. kapanma
Irak (kuzey),2026-08-28,105,0,,,,,0,1,0,0,0,0,,2. kapanma
Irak (kuzey),2026-08-29,105,0.85714,47.06,256.32,294.84,294.84,0,0.11429,0,0.028571,0.61905,0.2381,350.25,2. kapanma
Irak (kuzey),2026-08-30,105,1,58.56,395.01,438.68,566.89,0,0,0,0,0.62857,0.37143,566.89,2. kapanma
Irak (kuzey),2026-08-31,105,0.97143,42.13,368.44,368.44,368.47,0,0.019048,0,0.0095238,0.62857,0.34286,371.1,2. kapanma
Irak (kuzey),2026-09-01,105,1,16.79,328.07,328.07,328.04,0,0,0,0,0.64762,0.35238,328.04,2. kapanma
Irak (kuzey),2026-09-02,105,1,15.1,432.48,432.48,432.48,0,0,0,0,0.65714,0.34286,432.48,2. kapanma
Irak (kuzey),2026-09-03,105,0.98095,41.27,512.76,512.76,512.77,0,0.0095238,0,0.0095238,0.69524,0.28571,512.77,2. kapanma
Irak (kuzey),2026-09-04,105,0.97143,58.145,502.23,664.23,666.45,0,0.0095238,0,0.019048,0.69524,0.27619,681.92,2. kapanma
Irak (kuzey),2026-09-05,105,0.9619,48.68,335.72,456.5,677.81,0,0.0095238,0,0.028571,0.69524,0.26667,710.65,2. kapanma
Irak (kuzey),2026-09-06,105,0.59048,27.76,248.27,248.27,248.26,0,0.07619,0.33333,0,0.44762,0.14286,248.26,2. kapanma
Irak (kuzey),2026-09-07,105,1,4.64,334.78,334.78,334.78,0,0,0,0,0.57143,0.42857,334.78,2. kapanma
Irak (kuzey),2026-09-08,105,0.88571,32.92,335.17,454.99,455.01,0,0.11429,0,0,0.57143,0.31429,481.73,2. kapanma
Irak (kuzey),2026-09-09,105,0.97143,53.475,358.54,363.52,544.91,0,0.0095238,0,0.019048,0.6381,0.33333,580.46,2. kapanma
Irak (kuzey),2026-09-10,105,0.94286,54.16,350.19,354.59,495.01,0,0.0095238,0,0.047619,0.57143,0.37143,524.27,2. kapanma
Irak (kuzey),2026-09-11,105,0.98095,34.96,392.58,536.09,536.07,0,0.019048,0,0,0.69524,0.28571,545.16,2. kapanma
Irak (kuzey),2026-09-12,105,1,6.47,328,328,328.01,0,0,0,0,0.6,0.4,328.01,2. kapanma
Irak (kuzey),2026-09-13,105,0.99048,24.38,422.92,422.92,422.9,0,0,0.0095238,0,0.60952,0.38095,422.9,2. kapanma
Irak (kuzey),2026-09-14,105,0.92381,47.22,415.19,537.6,537.58,0,0.057143,0,0.019048,0.65714,0.26667,552.03,2. kapanma
Irak (kuzey),2026-09-15,105,1,58.62,364.36,575.93,681.22,0,0,0,0,0.6381,0.3619,681.22,2. kapanma
Irak (kuzey),2026-09-16,105,0.95238,42.215,359.1,359.93,359.89,0,0.038095,0,0.0095238,0.6,0.35238,361.12,2. kapanma
Irak (kuzey),2026-09-17,105,1,17.03,282.94,282.94,282.92,0,0,0,0,0.59048,0.40952,282.92,2. kapanma
Irak (kuzey),2026-09-18,105,1,14.86,332.44,332.44,332.46,0,0,0,0,0.61905,0.38095,332.46,2. kapanma
Irak (kuzey),2026-09-19,105,0.98095,41.27,353.86,353.86,353.87,0,0.019048,0,0,0.62857,0.35238,353.87,2. kapanma
Irak (kuzey),2026-09-20,105,0.98095,58.17,467.25,557.4,545.38,0,0,0,0.019048,0.60952,0.37143,547.2,2. kapanma
Irak (kuzey),2026-09-21,105,0.91429,48.93,299.09,357.4,461.89,0,0.057143,0,0.028571,0.60952,0.30476,506.55,2. kapanma
Irak (kuzey),2026-09-22,105,0.9619,26.58,347.54,348.91,348.93,0,0.038095,0,0,0.64762,0.31429,355.45,2. kapanma
Irak (kuzey),2026-09-23,105,1,4.47,436.56,436.56,436.57,0,0,0,0,0.6381,0.3619,436.57,geçiş
Irak (kuzey),2026-09-24,105,0.87619,32.635,343.67,348.25,348.24,0,0.12381,0,0,0.58095,0.29524,418.13,geçiş
Katar,2024-09-01,56,0.89286,53.48,38.378,38.378,50.29,0,0.017857,0,0.089286,0.73214,0.16071,83.29,Savaş öncesi
Katar,2024-09-02,56,0.96429,31.975,52.798,64.396,64.42,0,0.035714,0,0,0.71429,0.25,64.42,Savaş öncesi
Katar,2024-09-03,56,1,1.585,45.202,45.202,45.18,0,0,0,0,0.69643,0.30357,45.18,Savaş öncesi
Katar,2024-09-04,56,0.98214,33.83,40.004,43.35,43.37,0,0,0,0.017857,0.78571,0.19643,43.37,Savaş öncesi
Katar,2024-09-05,56,0.94643,55.05,34.516,38.231,38.21,0,0.017857,0,0.035714,0.73214,0.21429,38.21,Savaş öncesi
Katar,2024-09-06,56,0.98214,58.74,56.374,65.211,93.74,0,0,0,0.017857,0.82143,0.16071,93.74,Savaş öncesi
Katar,2024-09-07,56,1,40.25,54.112,54.112,54.09,0,0,0,0,0.83929,0.16071,54.09,Savaş öncesi
Katar,2024-09-08,56,1,10.585,82.457,82.457,82.47,0,0,0,0,0.67857,0.32143,82.47,Savaş öncesi
Katar,2024-09-09,56,1,24.415,69.271,69.271,69.26,0,0,0,0,0.71429,0.28571,69.26,Savaş öncesi
Katar,2024-09-10,56,0.94643,49.12,42.666,54.714,54.72,0,0.035714,0,0.017857,0.78571,0.16071,62.1,Savaş öncesi
Katar,2024-09-11,56,1,62.57,49.75,54.789,65.44,0,0,0,0,0.85714,0.14286,65.44,Savaş öncesi
Katar,2024-09-12,56,0.94643,47.28,52.275,62.151,62.14,0,0.053571,0,0,0.73214,0.21429,64.65,Savaş öncesi
Katar,2024-09-13,56,1,21.735,50.573,50.573,50.57,0,0,0,0,0.76786,0.23214,50.57,Savaş öncesi
Katar,2024-09-14,56,1,13.31,81.435,81.435,81.45,0,0,0,0,0.69643,0.30357,81.45,Savaş öncesi
Katar,2024-09-15,56,0.98214,42.32,51.39,51.39,51.37,0,0,0,0.017857,0.78571,0.19643,51.37,Savaş öncesi
Katar,2024-09-16,56,0.96429,60.15,77.648,94.173,125.88,0,0.017857,0,0.017857,0.76786,0.19643,133.12,Savaş öncesi
Katar,2024-09-17,56,0.89286,53.44,50.094,50.094,50.1,0,0.017857,0,0.089286,0.71429,0.17857,50.1,Savaş öncesi
Katar,2024-09-18,56,0.96429,31.865,50.26,50.26,50.26,0,0.035714,0,0,0.75,0.21429,56.66,Savaş öncesi
Katar,2024-09-19,56,1,1.655,67.485,67.485,67.51,0,0,0,0,0.75,0.25,67.51,Savaş öncesi
Katar,2024-09-20,56,0.96429,33.85,47.853,47.853,47.86,0,0.035714,0,0,0.75,0.21429,54.12,Savaş öncesi
Katar,2024-09-21,56,0.94643,54.98,47.572,47.572,47.58,0,0,0,0.053571,0.73214,0.21429,54.6,Savaş öncesi
Katar,2024-09-22,56,0.94643,58.86,90.478,105.08,139.44,0,0.017857,0,0.035714,0.73214,0.21429,139.44,Savaş öncesi
Katar,2024-09-23,56,0.96429,40.615,75.017,75.017,75.06,0,0,0,0.035714,0.71429,0.25,75.06,Savaş öncesi
Katar,2024-09-24,56,1,11.07,100.84,100.84,100.82,0,0,0,0,0.625,0.375,100.82,Savaş öncesi
Katar,2024-09-25,56,1,23.88,48.498,48.498,48.51,0,0,0,0,0.73214,0.26786,48.51,Savaş öncesi
Katar,2024-09-26,56,0.96429,48.885,95.881,123.23,123.23,0,0.035714,0,0,0.76786,0.19643,128.51,Savaş öncesi
Katar,2024-09-27,56,0.98214,62.7,93.759,108.83,125.5,0,0.017857,0,0,0.82143,0.16071,125.5,Savaş öncesi
Katar,2024-09-28,56,0.89286,47.68,79.795,82.7,82.71,0,0.089286,0,0.017857,0.71429,0.17857,96.4,Savaş öncesi
Katar,2024-09-29,56,1,22.375,87.038,87.038,87.05,0,0,0,0,0.76786,0.23214,87.05,Savaş öncesi
Katar,2024-09-30,56,1,12.64,40.583,40.583,40.59,0,0,0,0,0.73214,0.26786,40.59,Savaş öncesi
Katar,2024-10-01,56,1,41.905,41.947,41.947,41.94,0,0,0,0,0.78571,0.21429,41.94,Savaş öncesi
Katar,2024-10-02,56,0.96429,59.79,57.223,76.011,133.29,0,0.017857,0,0.017857,0.78571,0.17857,133.29,Savaş öncesi
Katar,2024-10-03,56,0.91071,53.66,44.392,46.356,50.55,0,0,0,0.089286,0.69643,0.21429,53.62,Savaş öncesi
Katar,2024-10-04,56,0.96429,32.33,54.601,59.134,59.14,0,0.035714,0,0,0.76786,0.19643,59.14,Savaş öncesi
Katar,2024-10-05,56,1,1.11,71.275,71.275,71.29,0,0,0,0,0.67857,0.32143,71.29,Savaş öncesi
Katar,2024-10-06,56,0.96429,33.445,84.33,84.33,84.35,0,0.035714,0,0,0.69643,0.26786,84.35,Savaş öncesi
Katar,2024-10-07,56,0.94643,54.8,120.47,134.13,134.12,0,0.017857,0,0.035714,0.69643,0.25,141.58,Savaş öncesi
Katar,2024-10-08,56,0.94643,58.98,45.205,48.757,73.32,0,0.017857,0,0.035714,0.73214,0.21429,75.45,Savaş öncesi
Katar,2024-10-09,56,0.98214,40.79,84.082,85.437,85.45,0,0,0,0.017857,0.71429,0.26786,85.45,Savaş öncesi
Katar,2024-10-10,56,1,11.42,56.021,56.021,56.01,0,0,0,0,0.73214,0.26786,56.01,Savaş öncesi
Katar,2024-10-11,56,1,23.63,63.476,63.476,63.45,0,0,0,0,0.69643,0.30357,63.45,Savaş öncesi
Katar,2024-10-12,56,0.89286,48.51,89.76,115.1,115.1,0,0.089286,0,0.017857,0.66071,0.23214,115.1,Savaş öncesi
Katar,2024-10-13,56,0.94643,62.78,109.07,132.83,148.91,0,0,0,0.053571,0.75,0.19643,148.91,Savaş öncesi
Katar,2024-10-14,56,0.89286,47.8,86.034,86.034,86.03,0,0.089286,0,0.017857,0.60714,0.28571,93.22,Savaş öncesi
Katar,2024-10-15,56,1,22.52,82.17,82.17,82.19,0,0,0,0,0.76786,0.23214,82.19,Savaş öncesi
Katar,2024-10-16,56,1,12.525,77.118,77.118,0,0,0,0,0,0.73214,0.26786,0,Savaş öncesi
Katar,2024-10-17,56,1,41.875,71.278,71.278,71.33,0,0,0,0,0.80357,0.19643,71.33,Savaş öncesi
Katar,2024-10-18,56,0.94643,59.84,55.988,66.25,73.47,0,0,0,0.053571,0.75,0.19643,77.61,Savaş öncesi
Katar,2024-10-19,56,0.98214,53.69,48.823,49.994,49.99,0,0,0,0.017857,0.80357,0.17857,51.7,Savaş öncesi
Katar,2024-10-20,56,1,32.3,75.862,89.705,89.71,0,0,0,0,0.73214,0.26786,89.71,Savaş öncesi
Katar,2024-10-21,56,1,1.25,60.964,60.964,60.96,0,0,0,0,0.67857,0.32143,60.96,Savaş öncesi
Katar,2024-10-22,56,0.96429,33.57,56.753,63.594,63.62,0,0.035714,0,0,0.69643,0.26786,63.62,Savaş öncesi
Katar,2024-10-23,56,0.96429,54.84,259.13,259.13,259.11,0,0,0,0.035714,0.66071,0.30357,259.11,Savaş öncesi
Katar,2024-10-24,56,0.96429,59.38,4.6299,4.6299,15.01,0,0,0.017857,0.017857,0.92857,0.035714,16.39,Savaş öncesi
Katar,2024-10-25,56,1,40.64,51.199,51.199,51.22,0,0,0,0,0.78571,0.21429,51.22,Savaş öncesi
Katar,2024-10-26,56,1,11.16,84.829,84.829,84.83,0,0,0,0,0.69643,0.30357,84.83,Savaş öncesi
Katar,2024-10-27,56,1,23.87,59.931,59.931,59.94,0,0,0,0,0.69643,0.30357,59.94,Savaş öncesi
Katar,2024-10-28,56,0.94643,49.03,80.184,80.967,80.97,0,0.035714,0,0.017857,0.73214,0.21429,86.13,Savaş öncesi
Katar,2024-10-29,56,0.96429,62.69,46.069,71.993,78.49,0,0,0,0.035714,0.80357,0.16071,78.49,Savaş öncesi
Katar,2024-10-30,56,0.94643,47.8,46.948,49.766,49.77,0,0.053571,0,0,0.75,0.19643,49.77,Savaş öncesi
Katar,2024-10-31,56,1,22.59,51.449,51.449,51.44,0,0,0,0,0.73214,0.26786,51.44,Savaş öncesi
Katar,2024-11-01,56,1,12.295,62.55,62.55,62.56,0,0,0,0,0.69643,0.30357,62.56,Savaş öncesi
Katar,2024-11-02,56,1,41.605,107.25,107.25,107.23,0,0,0,0,0.67857,0.32143,107.23,Savaş öncesi
Katar,2024-11-03,56,0.98214,59.58,67.382,81.336,93.54,0,0,0,0.017857,0.80357,0.17857,93.54,Savaş öncesi
Katar,2024-11-04,56,0.92857,54.07,66.702,66.702,64.17,0,0.017857,0,0.053571,0.64286,0.28571,66.72,Savaş öncesi
Katar,2024-11-05,56,1,33.03,83.219,86.596,86.63,0,0,0,0,0.69643,0.30357,86.63,Savaş öncesi
Katar,2024-11-06,56,1,1.87,51.141,51.141,51.16,0,0,0,0,0.71429,0.28571,51.16,Savaş öncesi
Katar,2024-11-07,56,0.98214,32.6,92.799,98.801,98.81,0,0.017857,0,0,0.66071,0.32143,98.81,Savaş öncesi
Katar,2024-11-08,56,0.98214,54.2,44.725,44.725,46.12,0,0,0,0.017857,0.67857,0.30357,46.12,Savaş öncesi
Katar,2024-11-09,56,0,,,,,1,0,0,0,0,0,291.96,Savaş öncesi
Katar,2024-11-10,56,0.94643,41.74,70.031,70.031,0,0,0.017857,0,0.035714,0.75,0.19643,0,Savaş öncesi
Katar,2024-11-11,56,1,12.99,66.542,66.542,66.54,0,0,0,0,0.69643,0.30357,66.54,Savaş öncesi
Katar,2024-11-12,56,1,22.07,66.616,66.616,66.61,0,0,0,0,0.73214,0.26786,66.61,Savaş öncesi
Katar,2024-11-13,56,0.91071,47.32,61.868,68.537,68.55,0,0.053571,0,0.035714,0.66071,0.25,70.72,Savaş öncesi
Katar,2024-11-14,56,0.96429,63.105,59.959,91.095,100.39,0,0,0,0.035714,0.78571,0.17857,100.39,Savaş öncesi
Katar,2024-11-15,56,0.94643,48.81,68.404,78.468,78.46,0,0.035714,0,0.017857,0.75,0.19643,85.34,Savaş öncesi
Katar,2024-11-16,56,1,24.23,61.129,61.129,61.11,0,0,0,0,0.67857,0.32143,61.11,Savaş öncesi
Katar,2024-11-17,56,1,10.555,63.23,63.23,63.24,0,0,0,0,0.69643,0.30357,63.24,Savaş öncesi
Katar,2024-11-18,56,1,40.52,53.47,53.47,53.46,0,0,0,0,0.71429,0.28571,53.46,Savaş öncesi
Katar,2024-11-19,56,0.98214,58.99,47.516,64.88,82.42,0,0.017857,0,0,0.76786,0.21429,85.12,Savaş öncesi
Katar,2024-11-20,56,0.94643,54.62,34.772,36.665,36.67,0,0,0,0.053571,0.71429,0.23214,43.71,Savaş öncesi
Katar,2024-11-21,56,0.91071,33.88,56.64,72.42,72.41,0,0.071429,0,0.017857,0.64286,0.26786,83.18,Savaş öncesi
Katar,2024-11-22,56,1,2.975,38.797,38.797,38.81,0,0,0,0,0.71429,0.28571,38.81,Savaş öncesi
Katar,2024-11-23,56,0.98214,31.82,53.01,54.521,54.51,0,0.017857,0,0,0.73214,0.25,54.51,Savaş öncesi
Katar,2024-11-24,56,0.94643,53.81,13.146,13.146,13.14,0,0.017857,0,0.035714,0.82143,0.125,25.97,Savaş öncesi
Katar,2024-11-25,56,0.625,60.26,3.8786,3.8786,3.88,0,0.017857,0.25,0.10714,0.60714,0.017857,10.94,Savaş öncesi
Katar,2024-11-26,56,1,42.08,40.156,40.156,40.16,0,0,0,0,0.76786,0.23214,40.16,Savaş öncesi
Katar,2024-11-27,56,1,13.43,126.39,126.39,126.39,0,0,0,0,0.66071,0.33929,126.39,Savaş öncesi
Katar,2024-11-28,56,1,21.76,60.011,60.011,60,0,0,0,0,0.73214,0.26786,60,Savaş öncesi
Katar,2024-11-29,56,0.92857,47.295,92.941,99.141,99.15,0,0.071429,0,0,0.55357,0.375,99.15,Savaş öncesi
Katar,2024-11-30,56,0.94643,63.05,19.59,25.34,38.82,0,0.017857,0,0.035714,0.80357,0.14286,46.81,Savaş öncesi
Katar,2024-12-01,56,0.89286,48.89,59.848,59.848,59.87,0,0.089286,0,0.017857,0.60714,0.28571,59.87,Savaş öncesi
Katar,2024-12-02,56,1,24.345,86.831,86.831,86.85,0,0,0,0,0.64286,0.35714,86.85,Savaş öncesi
Katar,2024-12-03,56,1,10.46,50.617,50.617,50.59,0,0,0,0,0.625,0.375,50.59,Savaş öncesi
Katar,2024-12-04,56,1,40.44,45.089,45.089,45.08,0,0,0,0,0.67857,0.32143,45.08,Savaş öncesi
Katar,2024-12-05,56,0.96429,59.03,44.076,66.654,99.14,0,0,0,0.035714,0.73214,0.23214,101.99,Savaş öncesi
Katar,2024-12-06,56,0.875,54.6,39.755,42.026,42.05,0,0.017857,0,0.10714,0.66071,0.21429,48.63,Savaş öncesi
Katar,2024-12-07,56,0.98214,33.88,43.345,43.345,43.34,0,0.017857,0,0,0.73214,0.25,43.34,Savaş öncesi
Katar,2024-12-08,56,1,2.92,49.881,49.881,49.9,0,0,0,0,0.69643,0.30357,49.9,Savaş öncesi
Katar,2024-12-09,56,0.96429,31.72,45.496,60.452,60.46,0,0.035714,0,0,0.78571,0.17857,60.46,Savaş öncesi
Katar,2024-12-10,56,0.92857,53.83,40.803,41.557,41.54,0,0.053571,0,0.017857,0.67857,0.25,41.54,Savaş öncesi
Katar,2024-12-11,56,0.96429,59.7,38.685,47.087,59.46,0,0,0,0.035714,0.73214,0.23214,63.21,Savaş öncesi
Katar,2024-12-12,56,0.96429,41.97,32.535,34.335,34.33,0,0.017857,0,0.017857,0.82143,0.14286,35.43,Savaş öncesi
Katar,2024-12-13,56,1,13.265,65.549,65.549,65.55,0,0,0,0,0.60714,0.39286,65.55,Savaş öncesi
Katar,2024-12-14,56,1,21.905,61.31,61.31,61.34,0,0,0,0,0.67857,0.32143,61.34,Savaş öncesi
Katar,2024-12-15,56,0.98214,47.8,85.483,92.275,92.27,0,0,0,0.017857,0.69643,0.28571,92.27,Savaş öncesi
Katar,2024-12-16,56,0.98214,63.14,53.928,69.688,88.63,0,0,0,0.017857,0.76786,0.21429,88.63,Savaş öncesi
Katar,2024-12-17,56,0.60714,48.92,17.659,19.281,19.29,0,0.071429,0.26786,0.053571,0.48214,0.125,24.19,Savaş öncesi
Katar,2024-12-18,56,0.76786,25.1,47.115,47.115,47.11,0,0,0.23214,0,0.57143,0.19643,47.77,Savaş öncesi
Katar,2024-12-19,56,1,10.735,75.626,75.626,75.63,0,0,0,0,0.66071,0.33929,75.63,Savaş öncesi
Katar,2024-12-20,56,0.98214,40.63,72.823,72.823,72.84,0,0,0,0.017857,0.64286,0.33929,83.44,Savaş öncesi
Katar,2024-12-21,56,0.94643,59.16,48.959,65.716,72.42,0,0,0,0.053571,0.75,0.19643,74.52,Savaş öncesi
Katar,2024-12-22,56,0.92857,54.41,38.398,40.362,40.36,0,0.017857,0,0.053571,0.66071,0.26786,44.14,Savaş öncesi
Katar,2024-12-23,56,0.98214,33.63,50.634,62.486,62.49,0,0.017857,0,0,0.78571,0.19643,71.21,Savaş öncesi
Katar,2024-12-24,56,1,2.53,46.134,46.134,46.13,0,0,0,0,0.69643,0.30357,46.13,Savaş öncesi
Katar,2024-12-25,56,1,32.19,47.98,53.742,53.72,0,0,0,0,0.69643,0.30357,53.72,Savaş öncesi
Katar,2024-12-26,56,0.89286,54.015,56.517,56.517,56.5,0,0.035714,0,0.071429,0.66071,0.23214,61.44,Savaş öncesi
Katar,2024-12-27,56,0.91071,59.51,114.02,122.19,146.76,0,0.035714,0,0.053571,0.64286,0.26786,152.26,Savaş öncesi
Katar,2024-12-28,56,1,41.68,65.724,65.724,65.73,0,0,0,0,0.69643,0.30357,65.73,Savaş öncesi
Katar,2024-12-29,56,1,12.78,50.982,50.982,50.96,0,0,0,0,0.625,0.375,50.96,Savaş öncesi
Katar,2024-12-30,56,0.66071,21.24,13.981,13.981,13.99,0,0,0.33929,0,0.51786,0.14286,14.65,Savaş öncesi
Katar,2024-12-31,56,0.66071,48.29,7.6269,7.6269,7.63,0,0.089286,0.21429,0.035714,0.60714,0.053571,12.6,Savaş öncesi
Katar,2025-01-01,56,0.98214,63.13,47.064,49.425,67.22,0,0,0,0.017857,0.78571,0.19643,67.22,Savaş öncesi
Katar,2025-01-02,56,0.89286,48.42,49.448,51.617,51.6,0,0.071429,0,0.035714,0.64286,0.25,51.6,Savaş öncesi
Katar,2025-01-03,56,1,23.595,55.498,55.498,55.54,0,0,0,0,0.64286,0.35714,55.54,Savaş öncesi
Katar,2025-01-04,56,1,11.4,51.565,51.565,51.54,0,0,0,0,0.64286,0.35714,51.54,Savaş öncesi
Katar,2025-01-05,56,1,41.125,56.962,56.962,56.96,0,0,0,0,0.60714,0.39286,56.96,Savaş öncesi
Katar,2025-01-06,56,0.39286,58.975,18.508,20.084,21.86,0,0,0.44643,0.16071,0.30357,0.089286,21.86,Savaş öncesi
Katar,2025-01-07,56,0.5,54.09,12.14,12.14,12.14,0,0.017857,0.28571,0.19643,0.42857,0.071429,19.2,Savaş öncesi
Katar,2025-01-08,56,0.91071,33.06,25.102,30.592,30.61,0,0.089286,0,0,0.625,0.28571,43.46,Savaş öncesi
Katar,2025-01-09,56,1,1.75,62.987,62.987,62.99,0,0,0,0,0.57143,0.42857,62.99,Savaş öncesi
Katar,2025-01-10,56,0.94643,32.88,59.183,70.276,70.27,0,0.053571,0,0,0.625,0.32143,71.04,Savaş öncesi
Katar,2025-01-11,56,0.83929,54.47,49.5,50.498,50.46,0,0.053571,0,0.10714,0.51786,0.32143,53.33,Savaş öncesi
Katar,2025-01-12,56,0.30357,58.56,9.0516,11.214,11.22,0,0.017857,0.39286,0.28571,0.21429,0.089286,11.22,Savaş öncesi
Katar,2025-01-13,56,0.98214,41.1,42.367,42.367,42.35,0,0,0,0.017857,0.71429,0.26786,42.35,Savaş öncesi
Katar,2025-01-14,56,1,11.9,83.893,83.893,83.86,0,0,0,0,0.55357,0.44643,83.86,Savaş öncesi
Katar,2025-01-15,56,1,23.26,25.972,25.972,25.96,0,0,0,0,0.75,0.25,25.96,Savaş öncesi
Katar,2025-01-16,56,0.96429,48.53,50.331,61.714,61.73,0,0.017857,0,0.017857,0.75,0.21429,63.77,Savaş öncesi
Katar,2025-01-17,56,0.96429,62.85,43.396,52.136,71.42,0,0,0,0.035714,0.75,0.21429,71.42,Savaş öncesi
Katar,2025-01-18,56,0.25,48.955,7.3673,7.3673,7.36,0,0.071429,0.60714,0.071429,0.23214,0.017857,19.07,Savaş öncesi
Katar,2025-01-19,56,1,22.655,74.29,74.29,74.25,0,0,0,0,0.66071,0.33929,74.25,Savaş öncesi
Katar,2025-01-20,56,1,12.435,68.341,68.341,68.33,0,0,0,0,0.625,0.375,68.33,Savaş öncesi
Katar,2025-01-21,56,1,41.83,61.123,61.123,61.12,0,0,0,0,0.66071,0.33929,61.12,Savaş öncesi
Katar,2025-01-22,56,0.92857,59.8,55.841,57.378,76.57,0,0.017857,0,0.053571,0.67857,0.25,80.73,Savaş öncesi
Katar,2025-01-23,56,0.92857,53.64,42.335,43.198,45.57,0,0.017857,0,0.053571,0.69643,0.23214,45.57,Savaş öncesi
Katar,2025-01-24,56,1,32.215,56.953,62.671,62.68,0,0,0,0,0.69643,0.30357,62.68,Savaş öncesi
Katar,2025-01-25,56,1,1.38,49.915,49.915,49.9,0,0,0,0,0.60714,0.39286,49.9,Savaş öncesi
Katar,2025-01-26,56,0.64286,33.76,44.605,44.605,44.62,0,0.017857,0.33929,0,0.42857,0.21429,44.62,Savaş öncesi
Katar,2025-01-27,56,0.42857,54.58,3.2125,3.2125,3.21,0,0,0.41071,0.16071,0.39286,0.035714,14.16,Savaş öncesi
Katar,2025-01-28,56,0.94643,58.84,63.696,68.921,81,0,0,0,0.053571,0.58929,0.35714,81.84,Savaş öncesi
Katar,2025-01-29,56,0.89286,40.31,50.148,50.148,50.15,0,0,0.071429,0.035714,0.64286,0.25,50.15,Savaş öncesi
Katar,2025-01-30,56,1,10.84,100.19,100.19,100.24,0,0,0,0,0.60714,0.39286,100.24,Savaş öncesi
Katar,2025-01-31,56,1,24.12,110.59,110.59,110.6,0,0,0,0,0.57143,0.42857,110.6,Savaş öncesi
Katar,2025-02-01,56,0.76786,48.59,17.215,25.684,25.71,0,0.053571,0.125,0.053571,0.60714,0.16071,25.71,Savaş öncesi
Katar,2025-02-02,56,1,62.665,63.923,77.191,90.91,0,0,0,0,0.71429,0.28571,90.91,Savaş öncesi
Katar,2025-02-03,56,0.92857,47.64,108.3,111.86,111.85,0,0.035714,0,0.035714,0.58929,0.33929,112.43,Savaş öncesi
Katar,2025-02-04,56,1,22.255,99.986,99.986,99.98,0,0,0,0,0.58929,0.41071,99.98,Savaş öncesi
Katar,2025-02-05,56,0.26786,11.4,0.80283,0.80283,0.8,0,0,0.73214,0,0.23214,0.035714,0.8,Savaş öncesi
Katar,2025-02-06,56,0.053571,37.77,1.5356,1.5356,1.54,0,0,0.92857,0.017857,0.035714,0.017857,1.54,Savaş öncesi
Katar,2025-02-07,56,0.875,59.99,39.498,54.135,64.45,0,0.035714,0,0.089286,0.66071,0.21429,64.45,Savaş öncesi
Katar,2025-02-08,56,0.96429,53.715,32.129,32.129,32.13,0,0,0,0.035714,0.75,0.21429,32.13,Savaş öncesi
Katar,2025-02-09,56,0.96429,32.3,60.251,60.251,60.21,0,0.035714,0,0,0.66071,0.30357,60.21,Savaş öncesi
Katar,2025-02-10,56,0.94643,1.27,58.29,58.29,58.24,0,0,0.053571,0,0.53571,0.41071,58.24,Savaş öncesi
Katar,2025-02-11,56,0.94643,33.5,19.798,19.798,19.8,0,0.017857,0.035714,0,0.875,0.071429,19.8,Savaş öncesi
Katar,2025-02-12,56,0.51786,54.95,10.848,12.025,12.01,0,0.035714,0.30357,0.14286,0.42857,0.089286,12.01,Savaş öncesi
Katar,2025-02-13,56,0.035714,61.17,0,0,0,0,0,0.71429,0.25,0.035714,0,0,Savaş öncesi
Katar,2025-02-14,56,0.875,41.48,19.781,22.466,22.45,0,0,0.071429,0.053571,0.71429,0.16071,22.45,Savaş öncesi
Katar,2025-02-15,56,0.19643,13.14,7.5122,7.5122,7.51,0,0,0.80357,0,0.16071,0.035714,7.51,Savaş öncesi
Katar,2025-02-16,56,0,,,,,0,0,1,0,0,0,0,Savaş öncesi
Katar,2025-02-17,56,0.92857,48.68,32.734,42.535,42.53,0,0.053571,0,0.017857,0.69643,0.23214,52.7,Savaş öncesi
Katar,2025-02-18,56,0.80357,62.83,44.152,52.813,53.53,0,0,0.14286,0.053571,0.64286,0.16071,53.53,Savaş öncesi
Katar,2025-02-19,56,0.94643,47.91,26.39,29.811,29.81,0,0.035714,0,0.017857,0.78571,0.16071,34.56,Savaş öncesi
Katar,2025-02-20,56,1,22.8,59.154,59.154,59.13,0,0,0,0,0.64286,0.35714,59.13,Savaş öncesi
Katar,2025-02-21,56,1,12.265,45.077,45.077,45.11,0,0,0,0,0.67857,0.32143,45.11,Savaş öncesi
Katar,2025-02-22,56,0.98214,41.63,88.179,88.179,88.17,0,0,0,0.017857,0.64286,0.33929,88.17,Savaş öncesi
Katar,2025-02-23,56,0.089286,59.31,0,0,0,0,0,0.64286,0.26786,0.089286,0,0.97,Savaş öncesi
Katar,2025-02-24,56,0.10714,54.82,0,0,0,0,0,0.76786,0.125,0.10714,0,1.38,Savaş öncesi
Katar,2025-02-25,56,0.875,32.68,83.587,83.587,83.6,0,0.017857,0.10714,0,0.51786,0.35714,83.6,Savaş öncesi
Katar,2025-02-26,56,0,,,,,0,0,1,0,0,0,0,Savaş öncesi
Katar,2025-02-27,56,0.85714,32.31,41.058,42.757,42.73,0,0.071429,0.071429,0,0.60714,0.25,51.38,Savaş öncesi
Katar,2025-02-28,56,0.89286,54.61,58.703,58.703,58.7,0,0.071429,0,0.035714,0.67857,0.21429,58.7,Savaş öncesi
Katar,2025-03-01,56,0.94643,58.91,51.517,81.433,87.73,0,0.017857,0,0.035714,0.71429,0.23214,93.03,Savaş öncesi
Katar,2025-03-02,56,0.98214,41.04,51.755,51.755,51.75,0,0.017857,0,0,0.57143,0.41071,51.75,Savaş öncesi
Katar,2025-03-03,56,0.98214,11.82,50.016,50.016,50.05,0,0,0.017857,0,0.57143,0.41071,50.05,Savaş öncesi
Katar,2025-03-04,56,0,,,,,0,0,1,0,0,0,0,Savaş öncesi
Katar,2025-03-05,56,0.92857,48.495,34.329,40.222,40.24,0,0.053571,0,0.017857,0.76786,0.16071,41.44,Savaş öncesi
Katar,2025-03-06,56,0.10714,62.615,12.693,12.693,12.7,0,0,0.69643,0.19643,0.071429,0.035714,12.7,Savaş öncesi
Katar,2025-03-07,56,0.071429,47,0,0,0,0,0.053571,0.83929,0.035714,0.071429,0,0,Savaş öncesi
Katar,2025-03-08,56,0,,,,,0,0,1,0,0,0,0,Savaş öncesi
Katar,2025-03-09,56,0.28571,10.645,15.476,15.476,15.49,0,0,0.71429,0,0.23214,0.053571,15.49,Savaş öncesi
Katar,2025-03-10,56,0.96429,41.53,66.728,66.728,66.73,0,0,0,0.035714,0.67857,0.28571,66.73,Savaş öncesi
Katar,2025-03-11,56,0.53571,59.71,8.4782,8.4782,8.47,0,0,0.26786,0.19643,0.48214,0.053571,8.47,Savaş öncesi
Katar,2025-03-12,56,0.75,53.84,45.486,45.486,45.47,0,0.017857,0.19643,0.035714,0.55357,0.19643,47.77,Savaş öncesi
Katar,2025-03-13,56,0.96429,32.78,50.624,52.619,52.63,0,0.035714,0,0,0.625,0.33929,53.57,Savaş öncesi
Katar,2025-03-14,56,1,1.48,69.607,69.607,69.6,0,0,0,0,0.58929,0.41071,69.6,Savaş öncesi
Katar,2025-03-15,56,1,33.07,82.137,82.137,82.15,0,0,0,0,0.625,0.375,82.15,Savaş öncesi
Katar,2025-03-16,56,0.053571,68.69,6.0715,13.483,13.48,0,0.035714,0.85714,0.053571,0.035714,0.017857,15.44,Savaş öncesi
Katar,2025-03-17,56,0.91071,58.85,43.86,74.636,88.59,0,0.017857,0,0.071429,0.66071,0.25,90.13,Savaş öncesi
Katar,2025-03-18,56,1,41.08,70.043,70.043,70.04,0,0,0,0,0.64286,0.35714,70.04,Savaş öncesi
Katar,2025-03-19,56,1,11.875,89.135,89.135,89.17,0,0,0,0,0.51786,0.48214,89.17,Savaş öncesi
Katar,2025-03-20,56,1,23.235,53.48,53.48,53.49,0,0,0,0,0.66071,0.33929,53.49,Savaş öncesi
Katar,2025-03-21,56,0.125,45,0,0,0,0,0.035714,0.82143,0.017857,0.125,0,0,Savaş öncesi
Katar,2025-03-22,56,0.089286,61.65,18.748,18.748,18.75,0,0,0.78571,0.125,0.053571,0.035714,18.75,Savaş öncesi
Katar,2025-03-23,56,0.69643,47.81,48.052,48.052,48.03,0,0.10714,0.19643,0,0.46429,0.23214,52.05,Savaş öncesi
Katar,2025-03-24,56,1,22.88,108.4,108.4,108.37,0,0,0,0,0.57143,0.42857,108.37,Savaş öncesi
Katar,2025-03-25,56,1,12.125,53.872,53.872,53.88,0,0,0,0,0.66071,0.33929,53.88,Savaş öncesi
Katar,2025-03-26,56,0.98214,41.58,54.656,58.897,58.91,0,0,0,0.017857,0.66071,0.32143,58.91,Savaş öncesi
Katar,2025-03-27,56,0.94643,59.63,38.159,38.159,42.23,0,0,0.035714,0.017857,0.69643,0.25,43.97,Savaş öncesi
Katar,2025-03-28,56,0.91071,53.8,70.893,70.893,70.92,0,0,0,0.089286,0.58929,0.32143,72.8,Savaş öncesi
Katar,2025-03-29,56,0.94643,32.6,59.916,59.916,59.92,0,0.035714,0,0.017857,0.625,0.32143,67.39,Savaş öncesi
Katar,2025-03-30,56,1,1.215,58.092,58.092,58.09,0,0,0,0,0.67857,0.32143,58.09,Savaş öncesi
Katar,2025-03-31,56,0.66071,33.42,66.84,66.84,66.84,0,0.017857,0.30357,0.017857,0.44643,0.21429,67.68,Savaş öncesi
Katar,2025-04-01,56,0.92857,54.36,94.847,94.847,96.09,0,0,0,0.071429,0.58929,0.33929,96.09,Savaş öncesi
Katar,2025-04-02,56,0.98214,59,58.758,93.182,96.01,0,0,0,0.017857,0.69643,0.28571,96.01,Savaş öncesi
Katar,2025-04-03,56,0.98214,40.79,60.832,60.832,60.84,0,0,0,0.017857,0.69643,0.28571,60.84,Savaş öncesi
Katar,2025-04-04,56,1,11.47,70.179,70.179,70.18,0,0,0,0,0.625,0.375,70.18,Savaş öncesi
Katar,2025-04-05,56,1,23.57,65.859,65.859,65.86,0,0,0,0,0.64286,0.35714,65.86,Savaş öncesi
Katar,2025-04-06,56,0.53571,48.045,1.0587,1.0587,1.06,0,0.053571,0.35714,0.053571,0.51786,0.017857,1.06,Savaş öncesi
Katar,2025-04-07,56,0.82143,62.725,62.72,67.209,46.97,0,0,0.035714,0.14286,0.64286,0.17857,48.73,Savaş öncesi
Katar,2025-04-08,56,0.96429,47.7,120.16,153.01,153.02,0,0.035714,0,0,0.625,0.33929,153.02,Savaş öncesi
Katar,2025-04-09,56,1,22.4,80.241,80.241,80.24,0,0,0,0,0.75,0.25,80.24,Savaş öncesi
Katar,2025-04-10,56,1,12.63,66.553,66.553,66.53,0,0,0,0,0.625,0.375,66.53,Savaş öncesi
Katar,2025-04-11,56,1,41.91,42.261,42.261,42.24,0,0,0,0,0.78571,0.21429,42.24,Savaş öncesi
Katar,2025-04-12,56,0.96429,59.85,61.955,70.254,76.5,0,0,0.017857,0.017857,0.78571,0.17857,83.44,Savaş öncesi
Katar,2025-04-13,56,0.91071,53.62,85.605,87.06,87.07,0,0.017857,0,0.071429,0.66071,0.25,96.99,Savaş öncesi
Katar,2025-04-14,56,0.76786,32.09,34.015,34.015,34.01,0,0.089286,0.14286,0,0.66071,0.10714,59.49,Savaş öncesi
Katar,2025-04-15,56,1,1.455,69.847,69.847,69.84,0,0,0,0,0.625,0.375,69.84,Savaş öncesi
Katar,2025-04-16,56,1,33.76,63.311,68.257,68.26,0,0,0,0,0.67857,0.32143,68.26,Savaş öncesi
Katar,2025-04-17,56,0.92857,54.965,81.113,81.568,85.2,0,0.017857,0,0.053571,0.58929,0.33929,86.73,Savaş öncesi
Katar,2025-04-18,56,0.96429,58.56,94.721,145.35,169.44,0,0,0,0.035714,0.69643,0.26786,170.46,Savaş öncesi
Katar,2025-04-19,56,0.98214,40.36,70.922,70.922,70.96,0,0,0,0.017857,0.67857,0.30357,70.96,Savaş öncesi
Katar,2025-04-20,56,1,10.71,60.453,60.453,60.49,0,0,0,0,0.64286,0.35714,60.49,Savaş öncesi
Katar,2025-04-21,56,1,24.25,80.995,80.995,80.99,0,0,0,0,0.69643,0.30357,80.99,Savaş öncesi
Katar,2025-04-22,56,0.92857,49.085,54.452,71.447,71.44,0,0.035714,0,0.035714,0.73214,0.19643,83.06,Savaş öncesi
Katar,2025-04-23,56,1,62.545,41.023,42.251,81.57,0,0,0,0,0.85714,0.14286,81.57,Savaş öncesi
Katar,2025-04-24,56,0.96429,47.34,83.125,101.39,101.4,0,0.017857,0,0.017857,0.66071,0.30357,101.4,Savaş öncesi
Katar,2025-04-25,56,0.92857,21.855,25.128,25.128,25.17,0,0,0.071429,0,0.67857,0.25,25.17,Savaş öncesi
Katar,2025-04-26,56,0.92857,13.19,33.845,33.845,33.85,0,0,0.071429,0,0.69643,0.23214,33.85,Savaş öncesi
Katar,2025-04-27,56,1,42.185,86.325,86.325,86.32,0,0,0,0,0.71429,0.28571,86.32,Savaş öncesi
Katar,2025-04-28,56,1,59.97,70.03,101.26,105.9,0,0,0,0,0.82143,0.17857,105.9,Savaş öncesi
Katar,2025-04-29,56,0.91071,53.44,68.075,68.075,68.07,0,0.035714,0,0.053571,0.69643,0.21429,74.87,Savaş öncesi
Katar,2025-04-30,56,0.96429,32,92.123,92.123,92.14,0,0.035714,0,0,0.73214,0.23214,92.14,Savaş öncesi
Katar,2025-05-01,56,1,1.525,81.483,81.483,81.52,0,0,0,0,0.60714,0.39286,81.52,Savaş öncesi
Katar,2025-05-02,56,0.91071,32.89,56.483,56.483,56.46,0,0.071429,0,0.017857,0.67857,0.23214,71.39,Savaş öncesi
Katar,2025-05-03,56,0.94643,54.9,99.584,99.584,105.41,0,0,0,0.053571,0.58929,0.35714,105.41,Savaş öncesi
Katar,2025-05-04,56,0.51786,59.42,39.405,42.027,50.35,0,0,0.23214,0.25,0.44643,0.071429,50.35,Savaş öncesi
Katar,2025-05-05,56,0.98214,40.58,90.364,90.364,90.37,0,0,0,0.017857,0.73214,0.25,90.37,Savaş öncesi
Katar,2025-05-06,56,1,11.175,168.58,168.58,168.61,0,0,0,0,0.53571,0.46429,168.61,Savaş öncesi
Katar,2025-05-07,56,1,23.76,76.651,76.651,76.64,0,0,0,0,0.71429,0.28571,76.64,Savaş öncesi
Katar,2025-05-08,56,0.92857,48.785,97.425,119.01,119,0,0.071429,0,0,0.625,0.30357,124.73,Savaş öncesi
Katar,2025-05-09,56,0.96429,62.755,70.39,88.05,143.91,0,0.017857,0,0.017857,0.75,0.21429,143.91,Savaş öncesi
Katar,2025-05-10,56,0.94643,47.76,90.385,99.457,99.48,0,0.035714,0,0.017857,0.66071,0.28571,100.95,Savaş öncesi
Katar,2025-05-11,56,1,22.55,61.352,61.352,61.36,0,0,0,0,0.64286,0.35714,61.36,Savaş öncesi
Katar,2025-05-12,56,1,12.46,87.561,87.561,87.53,0,0,0,0,0.69643,0.30357,87.53,Savaş öncesi
Katar,2025-05-13,56,0.98214,41.78,146.12,146.12,146.12,0,0,0,0.017857,0.66071,0.32143,146.12,Savaş öncesi
Katar,2025-05-14,56,1,59.71,73.423,84.482,91.04,0,0,0,0,0.76786,0.23214,91.04,Savaş öncesi
Katar,2025-05-15,56,0.94643,53.76,75.086,75.086,75.1,0,0,0,0.053571,0.58929,0.35714,81.45,Savaş öncesi
Katar,2025-05-16,56,0.96429,32.62,114.96,114.96,114.93,0,0.035714,0,0,0.64286,0.32143,114.93,Savaş öncesi
Katar,2025-05-17,56,1,1.305,67.277,67.277,67.21,0,0,0,0,0.67857,0.32143,67.21,Savaş öncesi
Katar,2025-05-18,56,0.92857,32.69,63.116,72.756,72.77,0,0.071429,0,0,0.69643,0.23214,89.8,Savaş öncesi
Katar,2025-05-19,56,0.94643,54.63,55.474,55.474,55.47,0,0,0,0.053571,0.73214,0.21429,59.06,Savaş öncesi
Katar,2025-05-20,56,0.96429,58.835,54.527,72.465,91.36,0,0,0,0.035714,0.73214,0.23214,91.36,Savaş öncesi
Katar,2025-05-21,56,0.98214,40.98,134.14,135.33,135.33,0,0.017857,0,0,0.57143,0.41071,135.33,Savaş öncesi
Katar,2025-05-22,56,1,11.79,73.591,73.591,73.59,0,0,0,0,0.66071,0.33929,73.59,Savaş öncesi
Katar,2025-05-23,56,1,23.265,119.4,119.4,119.39,0,0,0,0,0.64286,0.35714,119.39,Savaş öncesi
Katar,2025-05-24,56,0.96429,48.51,99.058,115.61,115.63,0,0.035714,0,0,0.69643,0.26786,115.63,Savaş öncesi
Katar,2025-05-25,56,0.98214,62.91,60.116,87.53,135.25,0,0,0,0.017857,0.85714,0.125,135.25,Savaş öncesi
Katar,2025-05-26,56,0.89286,48.04,56.668,56.668,56.66,0,0.089286,0,0.017857,0.67857,0.21429,61.65,Savaş öncesi
Katar,2025-05-27,56,1,23,131.85,131.85,131.81,0,0,0,0,0.57143,0.42857,131.81,Savaş öncesi
Katar,2025-05-28,56,1,11.985,126.07,126.07,126.07,0,0,0,0,0.66071,0.33929,126.07,Savaş öncesi
Katar,2025-05-29,56,1,41.47,164.29,165.88,165.88,0,0,0,0,0.66071,0.33929,165.88,Savaş öncesi
Katar,2025-05-30,56,0.96429,59.545,74.837,79.042,84.91,0,0,0,0.035714,0.71429,0.25,84.91,Savaş öncesi
Katar,2025-05-31,56,0.89286,54.01,78.898,78.898,83.01,0,0,0,0.10714,0.625,0.26786,91.44,Savaş öncesi
Katar,2025-06-01,56,0.96429,32.91,50.84,59.413,59.41,0,0.035714,0,0,0.75,0.21429,68.93,Savaş öncesi
Katar,2025-06-02,56,1,1.61,59.658,59.658,59.68,0,0,0,0,0.67857,0.32143,59.68,Savaş öncesi
Katar,2025-06-03,56,0.92857,32.94,81.135,81.135,81.14,0,0.071429,0,0,0.64286,0.28571,81.14,Savaş öncesi
Katar,2025-06-04,56,0.89286,54.455,83.086,83.086,83.12,0,0.035714,0,0.071429,0.58929,0.30357,95.15,Savaş öncesi
Katar,2025-06-05,56,0.96429,59.3,56.721,76.145,102.11,0,0,0,0.035714,0.76786,0.19643,102.11,Savaş öncesi
Katar,2025-06-06,56,0.96429,41.285,70.537,71.378,71.4,0,0,0,0.035714,0.67857,0.28571,71.4,Savaş öncesi
Katar,2025-06-07,56,1,12.17,57.379,57.379,57.36,0,0,0,0,0.76786,0.23214,57.36,Savaş öncesi
Katar,2025-06-08,56,1,22.895,71.845,71.845,71.85,0,0,0,0,0.69643,0.30357,71.85,Savaş öncesi
Katar,2025-06-09,56,0.94643,48.41,45.847,45.847,45.85,0,0.053571,0,0,0.80357,0.14286,61.95,Savaş öncesi
Katar,2025-06-10,56,0.98214,63.08,46.145,55.023,93.21,0,0,0,0.017857,0.91071,0.071429,93.21,Savaş öncesi
Katar,2025-06-11,56,0.94643,48.29,74.321,103.09,103.09,0,0.035714,0,0.017857,0.78571,0.16071,103.09,Savaş öncesi
Katar,2025-06-12,56,1,23.35,83.133,83.133,83.11,0,0,0,0,0.66071,0.33929,83.11,Savaş öncesi
Katar,2025-06-13,56,1,11.61,85.466,85.466,85.47,0,0,0,0,0.67857,0.32143,85.47,Savaş öncesi
Katar,2025-06-14,56,1,41.24,80.038,83.909,83.92,0,0,0,0,0.71429,0.28571,83.92,Savaş öncesi
Katar,2025-06-15,56,0.98214,59.52,56.987,61.103,76,0,0.017857,0,0,0.80357,0.17857,81.3,Savaş öncesi
Katar,2025-06-16,56,0.875,54.16,52.888,52.888,52.89,0,0.017857,0,0.10714,0.67857,0.19643,61.12,Savaş öncesi
Katar,2025-06-17,56,1,33.175,99.202,149.62,149.63,0,0,0,0,0.71429,0.28571,149.63,Savaş öncesi
Katar,2025-06-18,56,1,1.925,76.145,76.145,76.16,0,0,0,0,0.60714,0.39286,76.16,Savaş öncesi
Katar,2025-06-19,56,0.98214,32.69,75.141,97.8,97.82,0,0.017857,0,0,0.69643,0.28571,97.82,Savaş öncesi
Katar,2025-06-20,56,0.91071,54.34,48.895,51.494,2.58,0,0.053571,0,0.035714,0.71429,0.19643,2.58,Savaş öncesi
Katar,2025-06-21,56,0.92857,59.25,61.862,75.724,87.72,0,0,0,0.071429,0.71429,0.21429,87.72,Savaş öncesi
Katar,2025-06-22,56,1,41.49,107.3,107.3,107.31,0,0,0,0,0.66071,0.33929,107.31,Savaş öncesi
Katar,2025-06-23,56,1,12.47,133.11,133.11,133.1,0,0,0,0,0.64286,0.35714,133.1,Savaş öncesi
Katar,2025-06-24,56,1,22.685,80.888,80.888,80.87,0,0,0,0,0.69643,0.30357,80.87,Savaş öncesi
Katar,2025-06-25,56,0.94643,48.01,92.723,102.66,102.65,0,0.017857,0,0.035714,0.76786,0.17857,102.65,Savaş öncesi
Katar,2025-06-26,56,0.92857,63.09,36.844,51.02,74.38,0,0.017857,0,0.053571,0.82143,0.10714,74.38,Savaş öncesi
Katar,2025-06-27,56,0.875,48.44,58.437,59.778,59.77,0,0.125,0,0,0.71429,0.16071,63.11,Savaş öncesi
Katar,2025-06-28,56,1,23.62,55.023,55.023,55,0,0,0,0,0.73214,0.26786,55,Savaş öncesi
Katar,2025-06-29,56,1,11.335,73.32,73.32,73.33,0,0,0,0,0.625,0.375,73.33,Savaş öncesi
Katar,2025-06-30,56,1,41.055,100.91,100.91,100.88,0,0,0,0,0.71429,0.28571,100.88,Savaş öncesi
Katar,2025-07-01,56,0.96429,59.33,38.215,38.215,46.03,0,0.017857,0,0.017857,0.78571,0.17857,54.12,Savaş öncesi
Katar,2025-07-02,56,0.94643,54.38,59.007,59.007,59.03,0,0.017857,0,0.035714,0.66071,0.28571,59.03,Savaş öncesi
Katar,2025-07-03,56,0.94643,33.36,37.566,55.081,55.1,0,0.053571,0,0,0.76786,0.17857,60.62,Savaş öncesi
Katar,2025-07-04,56,1,2.21,61.985,61.985,61.99,0,0,0,0,0.67857,0.32143,61.99,Savaş öncesi
Katar,2025-07-05,56,0.94643,32.13,50.431,52.85,52.85,0,0.053571,0,0,0.69643,0.25,52.85,Savaş öncesi
Katar,2025-07-06,56,0.94643,54.21,56.585,56.585,56.57,0,0.017857,0,0.035714,0.80357,0.14286,56.57,Savaş öncesi
Katar,2025-07-07,56,0.98214,59.92,32.054,42.026,64.17,0,0,0,0.017857,0.83929,0.14286,64.17,Savaş öncesi
Katar,2025-07-08,56,0.98214,41.6,78.309,78.309,78.33,0,0,0,0.017857,0.71429,0.26786,78.33,Savaş öncesi
Katar,2025-07-09,56,1,12.72,52.823,52.823,52.88,0,0,0,0,0.78571,0.21429,52.88,Savaş öncesi
Katar,2025-07-10,56,1,22.44,70.953,70.953,71.01,0,0,0,0,0.73214,0.26786,71.01,Savaş öncesi
Katar,2025-07-11,56,0.94643,47.88,11.399,11.399,11.41,0,0.053571,0,0,0.85714,0.089286,17.64,Savaş öncesi
Katar,2025-07-12,56,0.98214,63.17,54.58,74.855,98.4,0,0,0,0.017857,0.83929,0.14286,98.4,Savaş öncesi
Katar,2025-07-13,56,0.96429,48.54,47.769,47.769,47.76,0,0.035714,0,0,0.78571,0.17857,47.76,Savaş öncesi
Katar,2025-07-14,56,1,23.765,45.38,45.38,45.39,0,0,0,0,0.78571,0.21429,45.39,Savaş öncesi
Katar,2025-07-15,56,1,11.135,59.171,59.171,59.15,0,0,0,0,0.71429,0.28571,59.15,Savaş öncesi
Katar,2025-07-16,56,1,40.92,69.438,69.438,69.42,0,0,0,0,0.75,0.25,69.42,Savaş öncesi
Katar,2025-07-17,56,0.96429,59.195,53.674,68.859,64.81,0,0,0,0.035714,0.76786,0.19643,64.81,Savaş öncesi
Katar,2025-07-18,56,0.85714,54.315,35.25,35.25,35.25,0,0,0.071429,0.071429,0.78571,0.071429,35.25,Savaş öncesi
Katar,2025-07-19,56,0.98214,33.44,95.915,110.09,110.06,0,0.017857,0,0,0.71429,0.26786,110.06,Savaş öncesi
Katar,2025-07-20,56,1,2.365,62.988,62.988,63.01,0,0,0,0,0.66071,0.33929,63.01,Savaş öncesi
Katar,2025-07-21,56,0.98214,32.32,53.305,59.339,59.32,0,0.017857,0,0,0.75,0.23214,59.32,Savaş öncesi
Katar,2025-07-22,56,0.92857,54.09,80.187,81.696,83.56,0,0.035714,0.017857,0.017857,0.73214,0.19643,84.47,Savaş öncesi
Katar,2025-07-23,56,0.98214,59.41,80.549,123.51,111.22,0,0,0,0.017857,0.73214,0.25,115.33,Savaş öncesi
Katar,2025-07-24,56,0.96429,41.765,87.27,94.055,94.04,0,0,0,0.035714,0.71429,0.25,105.69,Savaş öncesi
Katar,2025-07-25,56,1,12.83,98.383,98.383,98.41,0,0,0,0,0.71429,0.28571,98.41,Savaş öncesi
Katar,2025-07-26,56,1,22.305,59.843,59.843,59.85,0,0,0,0,0.69643,0.30357,59.85,Savaş öncesi
Katar,2025-07-27,56,0.98214,48.02,39.525,41.178,41.18,0,0.017857,0,0,0.80357,0.17857,41.18,Savaş öncesi
Katar,2025-07-28,56,0.98214,63.18,67.514,73.401,68.72,0,0.017857,0,0,0.875,0.10714,68.72,Savaş öncesi
Katar,2025-07-29,56,0.89286,48.56,95.139,97.836,97.81,0,0.053571,0,0.053571,0.67857,0.21429,97.81,Savaş öncesi
Katar,2025-07-30,56,0.98214,23.81,54.845,54.845,54.84,0,0,0.017857,0,0.69643,0.28571,54.84,Savaş öncesi
Katar,2025-07-31,56,0.94643,11.1,69.787,69.787,69.8,0,0,0.053571,0,0.67857,0.26786,69.8,Savaş öncesi
Katar,2025-08-01,56,0.92857,40.67,75.652,75.652,75.62,0,0,0.071429,0,0.71429,0.21429,75.62,Savaş öncesi
Katar,2025-08-02,56,0.98214,59.14,37.942,39.665,53.81,0,0,0,0.017857,0.76786,0.21429,53.81,Savaş öncesi
Katar,2025-08-03,56,0.89286,54.53,66.978,66.978,66.97,0,0.053571,0,0.053571,0.75,0.14286,69.65,Savaş öncesi
Katar,2025-08-04,56,0.94643,33.5,48.874,48.874,48.87,0,0.053571,0,0,0.69643,0.25,48.87,Savaş öncesi
Katar,2025-08-05,56,1,2.46,52.591,52.591,52.6,0,0,0,0,0.73214,0.26786,52.6,Savaş öncesi
Katar,2025-08-06,56,0.98214,32.26,43.903,56.991,57,0,0.017857,0,0,0.75,0.23214,63.22,Savaş öncesi
Katar,2025-08-07,56,0.89286,54.03,59.131,59.131,59.14,0,0.035714,0,0.071429,0.78571,0.10714,106.47,Savaş öncesi
Katar,2025-08-08,56,0.96429,59.615,46.286,46.286,65.43,0,0,0,0.035714,0.82143,0.14286,71.56,Savaş öncesi
Katar,2025-08-09,56,0.98214,41.71,25.568,25.568,25.57,0,0,0,0.017857,0.875,0.10714,25.57,Savaş öncesi
Katar,2025-08-10,56,1,12.825,56.148,56.148,56.14,0,0,0,0,0.75,0.25,56.14,Savaş öncesi
Katar,2025-08-11,56,1,22.285,57.073,57.073,57.03,0,0,0,0,0.78571,0.21429,57.03,Savaş öncesi
Katar,2025-08-12,56,0.98214,47.98,47.729,53.424,53.42,0,0.017857,0,0,0.80357,0.17857,55.34,Savaş öncesi
Katar,2025-08-13,56,0.92857,63.12,42.471,50.985,98.97,0,0,0,0.071429,0.82143,0.10714,108.76,Savaş öncesi
Katar,2025-08-14,56,0.85714,48.54,35.498,40.721,40.71,0,0.089286,0,0.053571,0.73214,0.125,54.53,Savaş öncesi
Katar,2025-08-15,56,1,23.81,65.114,65.114,65.14,0,0,0,0,0.73214,0.26786,65.14,Savaş öncesi
Katar,2025-08-16,56,1,11,51.041,51.041,51.06,0,0,0,0,0.75,0.25,51.06,Savaş öncesi
Katar,2025-08-17,56,0.98214,40.83,29.651,29.651,29.64,0,0.017857,0,0,0.80357,0.17857,29.64,Savaş öncesi
Katar,2025-08-18,56,1,59.16,25.761,33.589,44.44,0,0,0,0,0.89286,0.10714,44.44,Savaş öncesi
Katar,2025-08-19,56,0.58929,54.89,30.952,30.952,54.83,0,0,0.30357,0.10714,0.55357,0.035714,54.83,Savaş öncesi
Katar,2025-08-20,56,0.94643,33.44,61.446,70.619,70.61,0,0.053571,0,0,0.71429,0.23214,70.61,Savaş öncesi
Katar,2025-08-21,56,1,2.41,80.114,80.114,80.12,0,0,0,0,0.71429,0.28571,80.12,Savaş öncesi
Katar,2025-08-22,56,0.94643,32.32,53.455,60.959,60.97,0,0.053571,0,0,0.71429,0.23214,61.93,Savaş öncesi
Katar,2025-08-23,56,0.89286,54.045,61.702,61.702,61.7,0,0.035714,0,0.071429,0.69643,0.19643,63.87,Savaş öncesi
Katar,2025-08-24,56,1,59.425,57.773,57.773,95.15,0,0,0,0,0.85714,0.14286,95.15,Savaş öncesi
Katar,2025-08-25,56,0.28571,41.72,0.67884,0.67884,0.68,0,0,0.66071,0.053571,0.26786,0.017857,0.68,Savaş öncesi
Katar,2025-08-26,56,1,12.8,50.666,50.666,50.68,0,0,0,0,0.76786,0.23214,50.68,Savaş öncesi
Katar,2025-08-27,56,1,22.32,59.165,59.165,59.16,0,0,0,0,0.76786,0.23214,59.16,Savaş öncesi
Katar,2025-08-28,56,0.94643,47.8,64.245,80.205,80.18,0,0.035714,0,0.017857,0.69643,0.25,80.18,Savaş öncesi
Katar,2025-08-29,56,0.98214,63.17,41.86,55.373,77.26,0,0,0,0.017857,0.82143,0.16071,77.26,Savaş öncesi
Katar,2025-08-30,56,0.89286,48.49,48.293,59.414,59.41,0,0.053571,0,0.053571,0.67857,0.21429,62.19,Savaş öncesi
Katar,2025-08-31,56,1,23.715,55.82,55.82,55.82,0,0,0,0,0.69643,0.30357,55.82,Savaş öncesi
Katar,2025-09-01,56,1,11.12,61.509,61.509,61.51,0,0,0,0,0.73214,0.26786,61.51,Savaş öncesi
Katar,2025-09-02,56,0.96429,40.91,75.878,82.784,82.79,0,0,0,0.035714,0.73214,0.23214,84.71,Savaş öncesi
Katar,2025-09-03,56,0.98214,59.31,74.274,94.335,173.89,0,0,0,0.017857,0.76786,0.21429,173.89,Savaş öncesi
Katar,2025-09-04,56,0.92857,54.26,53.647,59.359,69.67,0,0,0,0.071429,0.73214,0.19643,85.33,Savaş öncesi
Katar,2025-09-05,56,0.96429,33.475,52.82,66.218,66.23,0,0.035714,0,0,0.69643,0.26786,83.16,Savaş öncesi
Katar,2025-09-06,56,1,2.235,89.765,89.765,89.77,0,0,0,0,0.66071,0.33929,89.77,Savaş öncesi
Katar,2025-09-07,56,0.98214,32.44,28.032,28.032,28.04,0,0.017857,0,0,0.85714,0.125,28.04,Savaş öncesi
Katar,2025-09-08,56,0.91071,54.15,123.55,123.55,123.55,0,0.017857,0,0.071429,0.67857,0.23214,135.29,Savaş öncesi
Katar,2025-09-09,56,1,59.265,58.988,79.85,88.97,0,0,0,0,0.80357,0.19643,88.97,Savaş öncesi
Katar,2025-09-10,56,1,41.53,54.168,54.168,54.17,0,0,0,0,0.78571,0.21429,54.17,Savaş öncesi
Katar,2025-09-11,56,1,12.57,78.904,78.904,78.92,0,0,0,0,0.75,0.25,78.92,Savaş öncesi
Katar,2025-09-12,56,1,22.55,58.426,58.426,58.41,0,0,0,0,0.71429,0.28571,58.41,Savaş öncesi
Katar,2025-09-13,56,0.94643,48.2,41.038,41.484,41.49,0,0.053571,0,0,0.80357,0.14286,46.13,Savaş öncesi
Katar,2025-09-14,56,0.96429,63.05,39.789,55.337,88.9,0,0,0,0.035714,0.76786,0.19643,93.26,Savaş öncesi
Katar,2025-09-15,56,0.89286,48.39,56.427,64.936,64.95,0,0.071429,0,0.035714,0.67857,0.21429,92.42,Savaş öncesi
Katar,2025-09-16,56,1,23.535,133.92,133.92,133.92,0,0,0,0,0.625,0.375,133.92,Savaş öncesi
Katar,2025-09-17,56,1,11.435,117.81,117.81,117.79,0,0,0,0,0.58929,0.41071,117.79,Savaş öncesi
Katar,2025-09-18,56,0.98214,41.14,109.8,109.8,109.82,0,0.017857,0,0,0.66071,0.32143,112.72,Savaş öncesi
Katar,2025-09-19,56,0.98214,59.48,82.064,99.158,106.03,0,0.017857,0,0,0.75,0.23214,106.03,Savaş öncesi
Katar,2025-09-20,56,0.82143,54.205,51.232,53.201,63.98,0,0.035714,0,0.14286,0.625,0.19643,71.78,Savaş öncesi
Katar,2025-09-21,56,1,33.125,48.935,51.888,51.87,0,0,0,0,0.73214,0.26786,51.87,Savaş öncesi
Katar,2025-09-22,56,1,1.885,71.81,71.81,71.8,0,0,0,0,0.64286,0.35714,71.8,Savaş öncesi
Katar,2025-09-23,56,0.98214,32.75,75.165,81.568,81.56,0,0.017857,0,0,0.69643,0.28571,81.56,Savaş öncesi
Katar,2025-09-24,56,0.96429,54.355,76.329,78.947,78.95,0,0.035714,0,0,0.69643,0.26786,80.27,Savaş öncesi
Katar,2025-09-25,56,1,59.415,74.369,109.24,161.95,0,0,0,0,0.78571,0.21429,161.95,Savaş öncesi
Katar,2025-09-26,56,0.98214,41.31,103.53,105.96,105.97,0,0,0,0.017857,0.71429,0.26786,108.89,Savaş öncesi
Katar,2025-09-27,56,1,12.17,72.547,72.547,72.55,0,0,0,0,0.73214,0.26786,72.55,Savaş öncesi
Katar,2025-09-28,56,1,22.975,76.192,76.192,76.18,0,0,0,0,0.66071,0.33929,76.18,Savaş öncesi
Katar,2025-09-29,56,0.96429,48.355,93.196,109.51,109.51,0,0,0,0.035714,0.71429,0.25,118.89,Savaş öncesi
Katar,2025-09-30,56,0.98214,63.01,117.86,133.45,170.03,0,0,0,0.017857,0.69643,0.28571,171.45,Savaş öncesi
Katar,2025-10-01,56,0.89286,48.095,48.087,52.323,52.3,0,0.089286,0,0.017857,0.69643,0.19643,59.28,Savaş öncesi
Katar,2025-10-02,56,1,23.095,78.462,78.462,78.47,0,0,0,0,0.67857,0.32143,78.47,Savaş öncesi
Katar,2025-10-03,56,1,11.945,72.068,72.068,72.07,0,0,0,0,0.75,0.25,72.07,Savaş öncesi
Katar,2025-10-04,56,1,41.52,91.514,91.514,91.48,0,0,0,0,0.67857,0.32143,91.48,Savaş öncesi
Katar,2025-10-05,56,0.98214,59.7,76.26,102.03,113.83,0,0,0,0.017857,0.78571,0.19643,113.83,Savaş öncesi
Katar,2025-10-06,56,0.92857,53.91,71.475,83.731,83.74,0,0.017857,0,0.053571,0.71429,0.21429,83.74,Savaş öncesi
Katar,2025-10-07,56,0.94643,32.74,69.625,71.877,71.86,0,0.035714,0,0.017857,0.69643,0.25,75.24,Savaş öncesi
Katar,2025-10-08,56,1,1.275,82.475,82.475,82.42,0,0,0,0,0.60714,0.39286,82.42,Savaş öncesi
Katar,2025-10-09,56,0.98214,33.25,77.953,77.953,77.94,0,0.017857,0,0,0.67857,0.30357,77.94,Savaş öncesi
Katar,2025-10-10,56,0.875,54.68,89.646,91.479,91.5,0,0,0,0.125,0.53571,0.33929,91.5,Savaş öncesi
Katar,2025-10-11,56,0.92857,59.095,64.872,81.792,113.68,0,0,0,0.071429,0.69643,0.23214,116.87,Savaş öncesi
Katar,2025-10-12,56,1,40.89,82.832,82.832,82.8,0,0,0,0,0.71429,0.28571,82.8,Savaş öncesi
Katar,2025-10-13,56,1,11.49,70.426,70.426,70.43,0,0,0,0,0.73214,0.26786,70.43,Savaş öncesi
Katar,2025-10-14,56,1,23.62,56.186,56.186,56.19,0,0,0,0,0.75,0.25,56.19,Savaş öncesi
Katar,2025-10-15,56,0.94643,48.91,52.917,65.283,65.29,0,0.035714,0,0.017857,0.71429,0.23214,71.38,Savaş öncesi
Katar,2025-10-16,56,0.91071,62.78,61.164,78.109,92.03,0,0,0,0.089286,0.75,0.16071,92.03,Savaş öncesi
Katar,2025-10-17,56,0.92857,47.725,70.774,70.774,70.78,0,0.053571,0,0.017857,0.66071,0.26786,70.78,Savaş öncesi
Katar,2025-10-18,56,1,22.43,94.239,94.239,94.22,0,0,0,0,0.64286,0.35714,94.22,Savaş öncesi
Katar,2025-10-19,56,1,12.76,88.729,88.729,88.7,0,0,0,0,0.60714,0.39286,88.7,Savaş öncesi
Katar,2025-10-20,56,0.96429,42.085,102.15,102.15,102.15,0,0,0,0.035714,0.66071,0.30357,102.15,Savaş öncesi
Katar,2025-10-21,56,0.98214,59.91,77.775,115.77,126.41,0,0.017857,0,0,0.76786,0.21429,126.41,Savaş öncesi
Katar,2025-10-22,56,0.94643,53.53,71.981,71.981,71.98,0,0,0,0.053571,0.67857,0.26786,74.61,Savaş öncesi
Katar,2025-10-23,56,0.98214,32.05,62.067,83.419,83.44,0,0.017857,0,0,0.71429,0.26786,83.44,Savaş öncesi
Katar,2025-10-24,56,1,1.65,74.303,74.303,74.31,0,0,0,0,0.66071,0.33929,74.31,Savaş öncesi
Katar,2025-10-25,56,0.91071,33.13,61.797,61.797,61.8,0,0.089286,0,0,0.625,0.28571,61.8,Savaş öncesi
Katar,2025-10-26,56,0.92857,55.09,58.688,60.241,60.25,0,0.035714,0,0.035714,0.60714,0.32143,64.48,Savaş öncesi
Katar,2025-10-27,56,0.98214,58.77,90.605,120.98,147.31,0,0,0,0.017857,0.73214,0.25,149.09,Savaş öncesi
Katar,2025-10-28,56,0.94643,40.28,65.86,68.39,68.38,0,0,0,0.053571,0.73214,0.21429,77.41,Savaş öncesi
Katar,2025-10-29,56,1,10.585,62.786,62.786,62.82,0,0,0,0,0.64286,0.35714,62.82,Savaş öncesi
Katar,2025-10-30,56,1,24.46,19.347,19.347,19.35,0,0,0,0,0.85714,0.14286,19.35,Savaş öncesi
Katar,2025-10-31,56,0.92857,49.065,15.824,15.824,15.83,0,0.053571,0,0.017857,0.82143,0.10714,15.83,Savaş öncesi
Katar,2025-11-01,56,0.94643,62.56,106.49,119.9,134.03,0,0,0,0.053571,0.67857,0.26786,142.53,Savaş öncesi
Katar,2025-11-02,56,0.96429,47.21,74.641,94.076,94.06,0,0.035714,0,0,0.69643,0.26786,94.06,Savaş öncesi
Katar,2025-11-03,56,1,21.51,172.58,172.58,172.56,0,0,0,0,0.58929,0.41071,172.56,Savaş öncesi
Katar,2025-11-04,56,1,13.76,58.163,58.163,58.14,0,0,0,0,0.76786,0.23214,58.14,Savaş öncesi
Katar,2025-11-05,56,0.94643,42.7,83.367,83.367,83.34,0,0,0,0.053571,0.66071,0.28571,84.7,Savaş öncesi
Katar,2025-11-06,56,0.98214,60.22,111.08,133.24,143.99,0,0,0,0.017857,0.69643,0.28571,143.99,Savaş öncesi
Katar,2025-11-07,56,0.94643,53.17,83.824,102.4,114.02,0,0.053571,0,0,0.64286,0.30357,114.02,Savaş öncesi
Katar,2025-11-08,56,0.96429,31.49,73.65,90.583,90.57,0,0.035714,0,0,0.67857,0.28571,99.62,Savaş öncesi
Katar,2025-11-09,56,1,2.145,57.017,57.017,57.02,0,0,0,0,0.73214,0.26786,57.02,Savaş öncesi
Katar,2025-11-10,56,0.96429,34.23,22.225,22.664,22.68,0,0.035714,0,0,0.85714,0.10714,22.68,Savaş öncesi
Katar,2025-11-11,56,0.89286,55.07,62.576,98.581,98.62,0,0.017857,0.017857,0.071429,0.66071,0.23214,111.88,Savaş öncesi
Katar,2025-11-12,56,0.96429,58.765,33.865,39.161,65.62,0,0,0,0.035714,0.83929,0.125,65.62,Savaş öncesi
Katar,2025-11-13,56,0.98214,40.27,65.058,65.058,65.11,0,0,0,0.017857,0.69643,0.28571,66.52,Savaş öncesi
Katar,2025-11-14,56,1,10.665,51.686,51.686,51.7,0,0,0,0,0.67857,0.32143,51.7,Savaş öncesi
Katar,2025-11-15,56,0.58929,23.08,25.226,25.226,25.23,0,0,0.41071,0,0.48214,0.10714,25.23,Savaş öncesi
Katar,2025-11-16,56,0.71429,49.26,52.397,52.397,52.4,0,0.035714,0.23214,0.017857,0.57143,0.14286,56.63,Savaş öncesi
Katar,2025-11-17,56,0.94643,62.69,33.09,40.797,85.82,0,0.017857,0,0.035714,0.82143,0.125,85.82,Savaş öncesi
Katar,2025-11-18,56,0.96429,47.495,51.915,51.915,51.9,0,0.035714,0,0,0.69643,0.26786,51.9,Savaş öncesi
Katar,2025-11-19,56,1,22.125,88.053,88.053,88.05,0,0,0,0,0.66071,0.33929,88.05,Savaş öncesi
Katar,2025-11-20,56,1,12.94,66.613,66.613,66.61,0,0,0,0,0.60714,0.39286,66.61,Savaş öncesi
Katar,2025-11-21,56,0.98214,42.08,74.442,74.442,74.43,0,0,0,0.017857,0.67857,0.30357,74.43,Savaş öncesi
Katar,2025-11-22,56,0.96429,59.87,47.631,62.324,74.99,0,0.017857,0,0.017857,0.69643,0.26786,77.52,Savaş öncesi
Katar,2025-11-23,56,0.92857,53.555,51.513,60.224,60.22,0,0.017857,0,0.053571,0.60714,0.32143,66.64,Savaş öncesi
Katar,2025-11-24,56,0.98214,32.18,91.538,108.67,108.68,0,0.017857,0,0,0.58929,0.39286,108.68,Savaş öncesi
Katar,2025-11-25,56,1,1.325,71.586,71.586,71.62,0,0,0,0,0.66071,0.33929,71.62,Savaş öncesi
Katar,2025-11-26,56,0.96429,33.525,51.125,51.125,51.12,0,0.035714,0,0,0.66071,0.30357,58.93,Savaş öncesi
Katar,2025-11-27,56,0.875,54.82,48.946,50.641,52.07,0,0.053571,0,0.071429,0.60714,0.26786,52.82,Savaş öncesi
Katar,2025-11-28,56,0.91071,59.11,50.323,71.087,82.51,0,0.035714,0,0.053571,0.625,0.28571,99.03,Savaş öncesi
Katar,2025-11-29,56,0.92857,40.835,47.904,47.904,47.92,0,0,0,0.071429,0.64286,0.28571,52.74,Savaş öncesi
Katar,2025-11-30,56,1,11.44,62.312,62.312,62.3,0,0,0,0,0.67857,0.32143,62.3,Savaş öncesi
Katar,2025-12-01,56,0.98214,23.51,62.339,62.339,62.33,0,0,0.017857,0,0.625,0.35714,62.33,Savaş öncesi
Katar,2025-12-02,56,0.82143,48.405,24.006,37.477,37.47,0,0.035714,0.10714,0.035714,0.71429,0.10714,43.71,Savaş öncesi
Katar,2025-12-03,56,0.96429,62.875,54.088,56.002,75.41,0,0,0,0.035714,0.76786,0.19643,75.41,Savaş öncesi
Katar,2025-12-04,56,0.053571,45.39,0,0,0,0,0.10714,0.83929,0,0.053571,0,0,Savaş öncesi
Katar,2025-12-05,56,1,22.755,54.139,54.139,54.16,0,0,0,0,0.67857,0.32143,54.16,Savaş öncesi
Katar,2025-12-06,56,1,12.215,58.002,58.002,58.04,0,0,0,0,0.66071,0.33929,58.04,Savaş öncesi
Katar,2025-12-07,56,1,41.57,66.617,66.617,66.6,0,0,0,0,0.73214,0.26786,66.6,Savaş öncesi
Katar,2025-12-08,56,0.85714,59.59,76.939,102.42,111.33,0,0,0.035714,0.10714,0.58929,0.26786,121.19,Savaş öncesi
Katar,2025-12-09,56,0.60714,53.66,48.504,54.405,54.41,0,0.017857,0.33929,0.035714,0.39286,0.21429,55.55,Savaş öncesi
Katar,2025-12-10,56,0.875,32.56,43.854,55.179,55.19,0,0.035714,0.089286,0,0.60714,0.26786,55.19,Savaş öncesi
Katar,2025-12-11,56,0.76786,1.44,36.571,36.571,36.56,0,0,0.23214,0,0.57143,0.19643,39.47,Savaş öncesi
Katar,2025-12-12,56,0.94643,32.7,96.172,108.26,108.24,0,0.053571,0,0,0.55357,0.39286,110.66,Savaş öncesi
Katar,2025-12-13,56,0.25,54.085,5.6419,5.6419,5.64,0,0.035714,0.60714,0.10714,0.21429,0.035714,5.64,Savaş öncesi
Katar,2025-12-14,56,0.94643,59.14,86.677,109.38,136.32,0,0,0,0.053571,0.60714,0.33929,145.14,Savaş öncesi
Katar,2025-12-15,56,0.125,43.54,9.8881,9.8881,9.88,0,0,0.875,0,0.089286,0.035714,9.88,Savaş öncesi
Katar,2025-12-16,56,1,11.96,32.288,32.288,32.29,0,0,0,0,0.76786,0.23214,32.29,Savaş öncesi
Katar,2025-12-17,56,0.91071,23.09,44.04,44.04,44.03,0,0,0.089286,0,0.58929,0.32143,44.03,Savaş öncesi
Katar,2025-12-18,56,0.94643,48.21,40.682,57.937,57.93,0,0.035714,0,0.017857,0.69643,0.25,59.82,Savaş öncesi
Katar,2025-12-19,56,0.96429,62.95,35.343,48.999,56.35,0,0.017857,0,0.017857,0.76786,0.19643,56.35,Savaş öncesi
Katar,2025-12-20,56,0.96429,48.13,35.959,46.447,46.44,0,0.035714,0,0,0.71429,0.25,47.71,Savaş öncesi
Katar,2025-12-21,56,1,23.17,56.047,56.047,56.08,0,0,0,0,0.75,0.25,56.08,Savaş öncesi
Katar,2025-12-22,56,1,11.73,28.478,28.478,28.45,0,0,0,0,0.85714,0.14286,28.45,Savaş öncesi
Katar,2025-12-23,56,0.98214,41.26,38.287,38.287,38.29,0,0.017857,0,0,0.83929,0.14286,38.29,Savaş öncesi
Katar,2025-12-24,56,0.85714,61.37,22.512,38.345,38.96,0,0.017857,0.035714,0.089286,0.71429,0.14286,54.1,Savaş öncesi
Katar,2025-12-25,56,0.94643,54.12,27.193,27.193,44.45,0,0,0.053571,0,0.76786,0.17857,44.45,Savaş öncesi
Katar,2025-12-26,56,0.96429,33,27.225,29.228,29.23,0,0.035714,0,0,0.76786,0.19643,29.23,Savaş öncesi
Katar,2025-12-27,56,1,1.81,53.527,53.527,53.53,0,0,0,0,0.69643,0.30357,53.53,Savaş öncesi
Katar,2025-12-28,56,0.94643,32.7,48.887,56.875,56.86,0,0.017857,0.035714,0,0.64286,0.30357,56.86,Savaş öncesi
Katar,2025-12-29,56,0.94643,54.27,79.638,79.638,81.03,0,0.017857,0,0.035714,0.57143,0.375,81.03,Savaş öncesi
Katar,2025-12-30,56,0.94643,59.2,38.619,43.726,76.67,0,0,0,0.053571,0.73214,0.21429,78.12,Savaş öncesi
Katar,2025-12-31,56,1,41.36,53.148,53.148,53.15,0,0,0,0,0.75,0.25,53.15,Savaş öncesi
Katar,2026-01-01,56,1,12.375,69.303,69.303,69.31,0,0,0,0,0.625,0.375,69.31,Savaş öncesi
Katar,2026-01-02,56,1,22.7,51.434,51.434,51.44,0,0,0,0,0.69643,0.30357,51.44,Savaş öncesi
Katar,2026-01-03,56,0.91071,48.02,95.829,98.602,98.59,0,0.053571,0,0.035714,0.57143,0.33929,106.47,Savaş öncesi
Katar,2026-01-04,56,0.98214,63.03,56.082,97.698,111.54,0,0,0,0.017857,0.66071,0.32143,111.54,Savaş öncesi
Katar,2026-01-05,56,0.94643,48.34,68.152,92.754,92.77,0,0.035714,0,0.017857,0.71429,0.23214,92.77,Savaş öncesi
Katar,2026-01-06,56,1,23.48,52.777,52.777,52.77,0,0,0,0,0.66071,0.33929,52.77,Savaş öncesi
Katar,2026-01-07,56,1,11.405,50.909,50.909,0,0,0,0,0,0.64286,0.35714,,Savaş öncesi
Katar,2026-01-08,56,0.92857,41.09,55.979,55.979,55.96,0,0,0,0.071429,0.60714,0.32143,78.03,Savaş öncesi
Katar,2026-01-09,56,0.80357,59.41,27.978,40.454,56.57,0,0.017857,0.125,0.053571,0.66071,0.14286,56.57,Savaş öncesi
Katar,2026-01-10,56,0,,,,,1,0,0,0,0,0,87.71,Savaş öncesi
Katar,2026-01-11,56,0,,,,,1,0,0,0,0,0,48.38,Savaş öncesi
Katar,2026-01-12,56,0,,,,,1,0,0,0,0,0,43.08,Savaş öncesi
Katar,2026-01-13,56,0,,,,,1,0,0,0,0,0,53.57,Savaş öncesi
Katar,2026-01-14,56,0,,,,,1,0,0,0,0,0,68.1,Savaş öncesi
Katar,2026-01-15,56,0.98214,59.39,66.726,94.327,132.23,0,0,0,0.017857,0.73214,0.25,135.41,Savaş öncesi
Katar,2026-01-16,56,0.96429,41.5,66.747,66.747,66.74,0,0.017857,0,0.017857,0.75,0.21429,66.74,Savaş öncesi
Katar,2026-01-17,56,1,12.58,79.751,79.751,79.74,0,0,0,0,0.625,0.375,79.74,Savaş öncesi
Katar,2026-01-18,56,1,22.53,61.027,61.027,61.04,0,0,0,0,0.69643,0.30357,61.04,Savaş öncesi
Katar,2026-01-19,56,0.92857,47.815,101.82,104.96,104.94,0,0.035714,0,0.035714,0.60714,0.32143,109.03,Savaş öncesi
Katar,2026-01-20,56,0.96429,63.08,124.29,125.13,169.95,0,0,0,0.035714,0.60714,0.35714,169.95,Savaş öncesi
Katar,2026-01-21,56,0.92857,48.39,74.795,80.046,80.07,0,0.053571,0,0.017857,0.66071,0.26786,89.46,Savaş öncesi
Katar,2026-01-22,56,1,23.63,85.097,85.097,85.09,0,0,0,0,0.67857,0.32143,85.09,Savaş öncesi
Katar,2026-01-23,56,0.39286,9.815,9.6311,9.6311,9.64,0,0,0.60714,0,0.28571,0.10714,9.64,Savaş öncesi
Katar,2026-01-24,56,0.64286,41.3,27.477,27.477,27.49,0,0,0.35714,0,0.55357,0.089286,27.49,Savaş öncesi
Katar,2026-01-25,56,0.94643,59.32,41.029,50.358,61.4,0,0,0,0.053571,0.78571,0.16071,68.01,Savaş öncesi
Katar,2026-01-26,56,0.92857,54.28,49.278,67.925,67.89,0,0.017857,0,0.053571,0.64286,0.28571,69.89,Savaş öncesi
Katar,2026-01-27,56,0.96429,33.31,50.273,64.325,64.32,0,0.035714,0,0,0.66071,0.30357,68.8,Savaş öncesi
Katar,2026-01-28,56,0.85714,2.18,44.753,44.753,44.73,0,0,0.14286,0,0.58929,0.26786,44.73,Savaş öncesi
Katar,2026-01-29,56,1,32.53,97.03,116.79,116.76,0,0,0,0,0.60714,0.39286,116.76,Savaş öncesi
Katar,2026-01-30,56,0.98214,54.21,73.691,76.952,77.01,0,0,0,0.017857,0.57143,0.41071,77.01,Savaş öncesi
Katar,2026-01-31,56,0.96429,59.265,45.213,66.168,72.82,0,0,0,0.035714,0.71429,0.25,74.04,Savaş öncesi
Katar,2026-02-01,56,0.98214,41.52,65.999,80.832,80.82,0,0.017857,0,0,0.67857,0.30357,81.56,Savaş öncesi
Katar,2026-02-02,56,1,12.57,75.405,75.405,75.39,0,0,0,0,0.55357,0.44643,75.39,Savaş öncesi
Katar,2026-02-03,56,0.67857,21.395,51.604,51.604,51.61,0,0,0.32143,0,0.48214,0.19643,51.61,Savaş öncesi
Katar,2026-02-04,56,0.96429,48.095,77.096,81.611,81.62,0,0.017857,0,0.017857,0.64286,0.32143,102.22,Savaş öncesi
Katar,2026-02-05,56,0.67857,63.17,40.972,48.773,52.4,0,0,0.19643,0.125,0.58929,0.089286,58.74,Savaş öncesi
Katar,2026-02-06,56,0.83929,48.43,48.799,54.657,54.64,0,0.053571,0.071429,0.035714,0.60714,0.23214,74.56,Savaş öncesi
Katar,2026-02-07,56,0.30357,25.09,4.7661,4.7661,4.76,0,0,0.69643,0,0.26786,0.035714,4.76,Savaş öncesi
Katar,2026-02-08,56,1,11.38,78.519,78.519,78.52,0,0,0,0,0.60714,0.39286,78.52,Savaş öncesi
Katar,2026-02-09,56,0.98214,41.12,56.667,56.667,56.64,0,0,0,0.017857,0.64286,0.33929,56.64,Savaş öncesi
Katar,2026-02-10,56,0.83929,59.52,38.709,39.061,36.77,0,0.053571,0.089286,0.017857,0.64286,0.19643,51.52,Savaş öncesi
Katar,2026-02-11,56,0.94643,54.24,69.57,69.57,77.29,0,0,0,0.053571,0.55357,0.39286,82.3,Savaş öncesi
Katar,2026-02-12,56,0.96429,33.25,49.868,52.425,52.4,0,0.035714,0,0,0.66071,0.30357,54.22,Savaş öncesi
Katar,2026-02-13,56,1,2.02,93.455,93.455,93.45,0,0,0,0,0.51786,0.48214,93.45,Savaş öncesi
Katar,2026-02-14,56,0.96429,32.67,68.885,75.54,75.56,0,0.035714,0,0,0.625,0.33929,75.56,Savaş öncesi
Katar,2026-02-15,56,0.89286,54.345,116.98,117.52,119.04,0,0.035714,0,0.071429,0.53571,0.35714,151.88,Savaş öncesi
Katar,2026-02-16,56,0.98214,59.37,114.83,152.17,201.46,0,0,0,0.017857,0.58929,0.39286,201.46,Savaş öncesi
Katar,2026-02-17,56,0.98214,41.45,83.371,86.009,85.98,0,0,0,0.017857,0.60714,0.375,87.64,Savaş öncesi
Katar,2026-02-18,56,1,12.4,57.184,57.184,57.18,0,0,0,0,0.625,0.375,57.18,Savaş öncesi
Katar,2026-02-19,56,1,22.805,56.872,56.872,56.88,0,0,0,0,0.64286,0.35714,56.88,Savaş öncesi
Katar,2026-02-20,56,1,48.36,77.464,107.82,107.8,0,0,0,0,0.73214,0.26786,107.8,Savaş öncesi
Katar,2026-02-21,56,0.98214,63.07,77.247,95.999,119,0,0,0,0.017857,0.64286,0.33929,119,Savaş öncesi
Katar,2026-02-22,56,0.91071,48.34,44.666,46.127,46.15,0,0.053571,0,0.035714,0.69643,0.21429,53.96,Savaş öncesi
Katar,2026-02-23,56,1,23.355,58.722,58.722,58.74,0,0,0,0,0.64286,0.35714,58.74,Savaş öncesi
Katar,2026-02-24,56,1,11.67,53.967,53.967,53.99,0,0,0,0,0.64286,0.35714,53.99,Savaş öncesi
Katar,2026-02-25,56,1,41.31,53.805,57.244,57.22,0,0,0,0,0.71429,0.28571,57.22,Savaş öncesi
Katar,2026-02-26,56,0.96429,59.46,64.861,99.198,123.08,0,0,0,0.035714,0.66071,0.30357,123.08,Savaş öncesi
Katar,2026-02-27,56,0.91071,54.1,16.751,16.751,16.75,0,0.017857,0,0.071429,0.75,0.16071,17.37,Savaş öncesi
Katar,2026-02-28,56,1,33.02,53.046,53.046,53.04,0,0,0,0,0.71429,0.28571,53.04,geçiş
Katar,2026-03-01,56,0.94643,1.66,45.612,45.612,45.6,0,0,0.053571,0,0.67857,0.26786,45.6,geçiş
Katar,2026-03-02,56,0.19643,29.81,7.7481,7.7481,7.75,0,0,0.80357,0,0.17857,0.017857,7.75,1. kapanma
Katar,2026-03-03,56,0,,,,,0,0.017857,0.89286,0.089286,0,0,0,1. kapanma
Katar,2026-03-04,56,0.66071,58.86,61.268,81.097,81.1,0,0.017857,0.21429,0.10714,0.53571,0.125,85.24,1. kapanma
Katar,2026-03-05,56,0.46429,41,7.6784,7.6784,7.67,0,0,0.5,0.035714,0.41071,0.053571,7.67,1. kapanma
Katar,2026-03-06,56,1,12.045,41.976,41.976,41.99,0,0,0,0,0.73214,0.26786,41.99,1. kapanma
Katar,2026-03-07,56,0.83929,23.38,25.726,25.726,25.72,0,0,0.16071,0,0.64286,0.19643,25.72,1. kapanma
Katar,2026-03-08,56,0.58929,48.09,28.552,39.603,39.61,0,0.071429,0.25,0.089286,0.5,0.089286,39.61,1. kapanma
Katar,2026-03-09,56,0.25,63.565,2.4616,2.4616,2.46,0,0.017857,0.60714,0.125,0.23214,0.017857,6.42,1. kapanma
Katar,2026-03-10,56,0.125,45.6,0,0,0,0,0.089286,0.75,0.035714,0.125,0,0,1. kapanma
Katar,2026-03-11,56,0.60714,23.095,1.8344,1.8344,1.83,0,0,0.39286,0,0.55357,0.053571,1.83,1. kapanma
Katar,2026-03-12,56,0.625,12.2,1.0776,1.0776,1.08,0,0,0.375,0,0.60714,0.017857,1.08,1. kapanma
Katar,2026-03-13,56,1,41.575,22.494,22.494,22.49,0,0,0,0,0.82143,0.17857,22.49,1. kapanma
Katar,2026-03-14,56,0.91071,59.4,20.43,20.43,24.95,0,0.017857,0.017857,0.053571,0.80357,0.10714,35.5,1. kapanma
Katar,2026-03-15,56,0.89286,53.92,44.939,44.939,44.93,0,0.017857,0,0.089286,0.71429,0.17857,65.69,1. kapanma
Katar,2026-03-16,56,0.51786,32.62,3.6851,3.6851,3.68,0,0,0.48214,0,0.48214,0.035714,3.68,1. kapanma
Katar,2026-03-17,56,0.25,3.74,0,0,0,0,0,0.75,0,0.25,0,0,1. kapanma
Katar,2026-03-18,56,0.89286,33.095,32.035,32.035,32.04,0,0,0.10714,0,0.80357,0.089286,32.04,1. kapanma
Katar,2026-03-19,56,0,,,,,0,0,0.89286,0.10714,0,0,0,1. kapanma
Katar,2026-03-20,56,0.10714,66.715,0,0,0,0,0.017857,0.71429,0.16071,0.10714,0,0,1. kapanma
Katar,2026-03-21,56,0.98214,40.83,29.825,29.825,29.82,0,0,0,0.017857,0.82143,0.16071,29.82,1. kapanma
Katar,2026-03-22,56,0,,,,,0,0,1,0,0,0,0,1. kapanma
Katar,2026-03-23,56,0.42857,21.18,4.0496,4.0496,4.05,0,0,0.57143,0,0.375,0.053571,4.05,1. kapanma
Katar,2026-03-24,56,0.17857,48.27,0,0,0,0,0.035714,0.78571,0,0.17857,0,0,1. kapanma
Katar,2026-03-25,56,0.89286,62.75,9.9084,17.894,21.24,0,0,0,0.10714,0.83929,0.053571,26.27,1. kapanma
Katar,2026-03-26,56,0.75,47.63,8.1963,16.358,16.35,0,0.089286,0.16071,0,0.69643,0.053571,21.56,1. kapanma
Katar,2026-03-27,56,1,22.49,41.97,41.97,41.95,0,0,0,0,0.78571,0.21429,41.95,1. kapanma
Katar,2026-03-28,56,1,12.615,21.661,21.661,21.69,0,0,0,0,0.78571,0.21429,21.69,1. kapanma
Katar,2026-03-29,56,0.44643,41.25,2.4208,2.4208,0,0,0,0.53571,0.017857,0.42857,0.017857,,1. kapanma
Katar,2026-03-30,56,0.60714,59.83,17.276,17.276,17.27,0,0,0.26786,0.125,0.55357,0.053571,17.27,1. kapanma
Katar,2026-03-31,56,0.96429,53.57,22.14,22.14,22.15,0,0.017857,0,0.017857,0.80357,0.16071,22.15,1. kapanma
Katar,2026-04-01,56,0.96429,32.095,43.031,46.337,46.35,0,0.035714,0,0,0.75,0.21429,46.35,1. kapanma
Katar,2026-04-02,56,1,1.395,23.888,23.888,23.87,0,0,0,0,0.69643,0.30357,23.87,1. kapanma
Katar,2026-04-03,56,0.91071,33.76,70.638,70.638,70.6,0,0.053571,0.035714,0,0.66071,0.25,70.6,1. kapanma
Katar,2026-04-04,56,0.35714,54.525,8.1913,8.1913,8.19,0,0.017857,0.55357,0.071429,0.28571,0.071429,8.19,1. kapanma
Katar,2026-04-05,56,0.071429,56.595,0,0,0,0,0,0.71429,0.21429,0.071429,0,0,1. kapanma
Katar,2026-04-06,56,0.98214,40.36,38.514,38.514,38.53,0,0,0.017857,0,0.78571,0.19643,38.53,1. kapanma
Katar,2026-04-07,56,0.89286,10.795,2.9842,2.9842,2.98,0,0,0.10714,0,0.83929,0.053571,2.98,1. kapanma
Katar,2026-04-08,56,0.83929,24.12,1.4957,1.4957,1.5,0,0,0.16071,0,0.82143,0.017857,1.5,1. kapanma
Katar,2026-04-09,56,0.91071,49.2,35.7,50.146,50.14,0,0.035714,0,0.053571,0.75,0.16071,50.14,1. kapanma
Katar,2026-04-10,56,0.071429,62.74,0,0,0,0,0.017857,0.78571,0.125,0.071429,0,0,1. kapanma
Katar,2026-04-11,56,0,,,,,0,0.035714,0.94643,0.017857,0,0,0,1. kapanma
Katar,2026-04-12,56,0.17857,21.15,2.7887,2.7887,2.79,0,0,0.82143,0,0.16071,0.017857,2.79,1. kapanma
Katar,2026-04-13,56,0.33929,11.89,4.2696,4.2696,4.26,0,0,0.66071,0,0.30357,0.035714,4.26,1. kapanma
Katar,2026-04-14,56,1,42.38,81.927,81.927,81.91,0,0,0,0,0.71429,0.28571,81.91,1. kapanma
Katar,2026-04-15,56,0.89286,60.005,64.451,76.919,79.74,0,0.017857,0.035714,0.053571,0.75,0.14286,87.5,1. kapanma
Katar,2026-04-16,56,0.51786,54.34,7.9825,8.9619,8.96,0,0,0.375,0.10714,0.42857,0.089286,14.17,1. kapanma
Katar,2026-04-17,56,1,31.81,59.612,64.977,64.98,0,0,0,0,0.75,0.25,64.98,1. kapanma
Katar,2026-04-18,56,1,1.75,41.024,41.024,41.04,0,0,0,0,0.71429,0.28571,41.04,1. kapanma
Katar,2026-04-19,56,0.85714,33.09,51.054,58.731,58.75,0,0.017857,0.125,0,0.64286,0.21429,58.75,1. kapanma
Katar,2026-04-20,56,0.26786,53.11,14.58,14.58,14.58,0,0,0.66071,0.071429,0.23214,0.035714,14.58,1. kapanma
Katar,2026-04-21,56,0.35714,58.675,0,0,0,0,0.017857,0.28571,0.33929,0.35714,0,4.59,1. kapanma
Katar,2026-04-22,56,0,,,,,0,0,1,0,0,0,0,1. kapanma
Katar,2026-04-23,56,0.23214,10.57,0,0,0,0,0,0.76786,0,0.23214,0,0,1. kapanma
Katar,2026-04-24,56,0.25,22.935,3.837,3.837,3.84,0,0,0.75,0,0.19643,0.053571,3.84,1. kapanma
Katar,2026-04-25,56,0.875,49.18,48.781,50.239,50.23,0,0.017857,0.071429,0.035714,0.71429,0.16071,72.12,1. kapanma
Katar,2026-04-26,56,0.76786,63.43,0,2.227,13.1,0,0,0.125,0.10714,0.76786,0,13.1,1. kapanma
Katar,2026-04-27,56,0.32143,49.605,4.5423,4.5423,4.54,0,0.017857,0.66071,0,0.30357,0.017857,4.54,1. kapanma
Katar,2026-04-28,56,0.23214,26.03,0,0,0,0,0,0.76786,0,0.23214,0,0,1. kapanma
Katar,2026-04-29,56,0.33929,11.7,12.302,12.302,12.3,0,0,0.66071,0,0.26786,0.071429,12.3,1. kapanma
Katar,2026-04-30,56,0.98214,42.15,62.608,64.155,64.18,0,0,0,0.017857,0.67857,0.30357,64.18,1. kapanma
Katar,2026-05-01,56,0.96429,59.955,79.975,89.48,141.12,0,0,0,0.035714,0.78571,0.17857,141.12,1. kapanma
Katar,2026-05-02,56,0.96429,53.465,53.609,53.609,51.64,0,0.035714,0,0,0.75,0.21429,53.6,1. kapanma
Katar,2026-05-03,56,1,31.92,67.796,74.985,75,0,0,0,0,0.75,0.25,75,1. kapanma
Katar,2026-05-04,56,1,1.685,80.262,80.262,80.26,0,0,0,0,0.66071,0.33929,80.26,1. kapanma
Katar,2026-05-05,56,0.91071,33.52,67.015,79.91,79.92,0,0.089286,0,0,0.66071,0.25,79.92,1. kapanma
Katar,2026-05-06,56,0.875,55,90.048,103.14,102.4,0,0.053571,0,0.071429,0.66071,0.21429,108.92,1. kapanma
Katar,2026-05-07,56,0.96429,58.59,82.242,105.81,111.15,0,0.017857,0,0.017857,0.75,0.21429,111.15,1. kapanma
Katar,2026-05-08,56,0.94643,40.41,106.92,106.92,106.94,0,0,0,0.053571,0.67857,0.26786,106.94,1. kapanma
Katar,2026-05-09,56,1,10.855,75.834,75.834,75.84,0,0,0,0,0.69643,0.30357,75.84,1. kapanma
Katar,2026-05-10,56,1,24.07,45.354,45.354,45.37,0,0,0,0,0.78571,0.21429,45.37,1. kapanma
Katar,2026-05-11,56,0.98214,49.11,41.28,63.443,63.46,0,0,0,0.017857,0.82143,0.16071,63.46,1. kapanma
Katar,2026-05-12,56,0.94643,62.67,36.88,51.322,52.85,0,0,0,0.053571,0.82143,0.125,52.85,1. kapanma
Katar,2026-05-13,56,0.92857,47.465,42.012,45.145,45.15,0,0.035714,0,0.035714,0.76786,0.16071,49.06,1. kapanma
Katar,2026-05-14,56,1,22.09,62.305,62.305,62.31,0,0,0,0,0.71429,0.28571,62.31,1. kapanma
Katar,2026-05-15,56,1,12.975,66.686,66.686,66.69,0,0,0,0,0.71429,0.28571,66.69,1. kapanma
Katar,2026-05-16,56,1,42.13,126.5,126.5,126.49,0,0,0,0,0.76786,0.23214,126.49,1. kapanma
Katar,2026-05-17,56,0.94643,59.94,67.915,98.07,104.63,0,0.017857,0,0.035714,0.71429,0.23214,105.56,1. kapanma
Katar,2026-05-18,56,0.89286,53.41,25.487,27.432,31.62,0,0,0,0.10714,0.76786,0.125,33.95,1. kapanma
Katar,2026-05-19,56,1,31.96,62.253,62.253,62.25,0,0,0,0,0.85714,0.14286,62.25,1. kapanma
Katar,2026-05-20,56,1,1.58,50.255,50.255,50.26,0,0,0,0,0.75,0.25,50.26,1. kapanma
Katar,2026-05-21,56,1,33.83,37.897,39.934,39.92,0,0,0,0,0.85714,0.14286,39.92,1. kapanma
Katar,2026-05-22,56,0.85714,54.985,28.298,29.224,29.23,0,0.071429,0,0.071429,0.69643,0.16071,48.32,1. kapanma
Katar,2026-05-23,56,0.92857,58.735,37.253,60.54,71.31,0,0.017857,0,0.053571,0.78571,0.14286,80.45,1. kapanma
Katar,2026-05-24,56,1,40.445,63.075,63.075,63.08,0,0,0,0,0.75,0.25,63.08,1. kapanma
Katar,2026-05-25,56,1,10.925,44.416,44.416,44.42,0,0,0,0,0.76786,0.23214,44.42,1. kapanma
Katar,2026-05-26,56,1,24.07,43.775,43.775,43.77,0,0,0,0,0.78571,0.21429,43.77,1. kapanma
Katar,2026-05-27,56,0.92857,49.015,67.947,84.343,84.34,0,0.017857,0,0.053571,0.80357,0.125,118.19,1. kapanma
Katar,2026-05-28,56,0.98214,62.64,86.286,116.75,126.07,0,0,0,0.017857,0.78571,0.19643,128.25,1. kapanma
Katar,2026-05-29,56,0.92857,47.48,82.167,103.49,103.5,0,0.071429,0,0,0.71429,0.21429,110.05,1. kapanma
Katar,2026-05-30,56,1,22.09,62.081,62.081,62.09,0,0,0,0,0.78571,0.21429,62.09,1. kapanma
Katar,2026-05-31,56,1,13.025,52.432,52.432,52.46,0,0,0,0,0.75,0.25,52.46,1. kapanma
Katar,2026-06-01,56,1,42.18,70.816,70.816,70.8,0,0,0,0,0.75,0.25,70.8,1. kapanma
Katar,2026-06-02,56,0.96429,59.95,57.114,70.272,124.09,0,0,0,0.035714,0.78571,0.17857,124.09,1. kapanma
Katar,2026-06-03,56,0.92857,53.46,44.616,44.616,56.86,0,0,0,0.071429,0.73214,0.19643,90.02,1. kapanma
Katar,2026-06-04,56,0.98214,31.96,99.116,106.99,107.01,0,0.017857,0,0,0.78571,0.19643,109.05,1. kapanma
Katar,2026-06-05,56,1,1.67,64.776,64.776,64.77,0,0,0,0,0.73214,0.26786,64.77,1. kapanma
Katar,2026-06-06,56,0.98214,33.89,62.034,62.034,62.02,0,0.017857,0,0,0.80357,0.17857,62.02,1. kapanma
Katar,2026-06-07,56,0.96429,55.035,92.602,97.953,99.59,0,0.017857,0,0.017857,0.78571,0.17857,105.58,1. kapanma
Katar,2026-06-08,56,0.96429,58.585,86.831,94.083,126.62,0,0.017857,0,0.017857,0.76786,0.19643,130.36,1. kapanma
Katar,2026-06-09,56,0.94643,40.39,76.49,86.156,86.16,0,0,0,0.053571,0.73214,0.21429,101.63,1. kapanma
Katar,2026-06-10,56,1,10.81,68.219,68.219,68.24,0,0,0,0,0.67857,0.32143,68.24,1. kapanma
Katar,2026-06-11,56,1,24.19,62.513,62.513,62.53,0,0,0,0,0.76786,0.23214,62.53,1. kapanma
Katar,2026-06-12,56,0.98214,49.21,105.68,136.84,136.81,0,0,0,0.017857,0.73214,0.25,136.81,1. kapanma
Katar,2026-06-13,56,0.96429,62.66,318.95,333.78,397.7,0,0,0,0.035714,0.78571,0.17857,397.7,1. kapanma
Katar,2026-06-14,56,0.96429,47.485,72.564,96.618,96.62,0,0.017857,0,0.017857,0.75,0.21429,105.03,geçiş
Katar,2026-06-15,56,1,21.99,66.26,66.26,66.27,0,0,0,0,0.67857,0.32143,66.27,geçiş
Katar,2026-06-16,56,1,13.195,61.735,61.735,61.74,0,0,0,0,0.67857,0.32143,61.74,geçiş
Katar,2026-06-17,56,0.98214,42.29,82.957,82.957,82.95,0,0,0,0.017857,0.73214,0.25,82.95,geçiş
Katar,2026-06-18,56,0.98214,60.16,81.244,125.87,172.68,0,0.017857,0,0,0.80357,0.17857,172.68,Açılış
Katar,2026-06-19,56,0.875,53.5,83.042,92.909,92.9,0,0.017857,0,0.10714,0.67857,0.19643,101.7,Açılış
Katar,2026-06-20,56,1,31.86,96.988,113.7,113.7,0,0,0,0,0.64286,0.35714,113.7,Açılış
Katar,2026-06-21,56,0.94643,1.87,111.62,111.62,111.64,0,0,0,0.053571,0.66071,0.28571,116.03,Açılış
Katar,2026-06-22,56,0.96429,33.915,59.431,87.191,87.21,0,0.035714,0,0,0.71429,0.25,87.21,Açılış
Katar,2026-06-23,56,0.89286,55.155,52.241,53.615,53.61,0,0.017857,0,0.089286,0.69643,0.19643,65.58,Açılış
Katar,2026-06-24,56,0.92857,58.45,99.966,116.84,164.03,0,0,0,0.071429,0.69643,0.23214,169.35,Açılış
Katar,2026-06-25,56,0.98214,40.34,167.28,167.28,167.3,0,0,0,0.017857,0.73214,0.25,167.3,Açılış
Katar,2026-06-26,56,1,10.73,78.651,78.651,78.62,0,0,0,0,0.66071,0.33929,78.62,Açılış
Katar,2026-06-27,56,1,24.25,113.31,113.31,113.31,0,0,0,0,0.75,0.25,113.31,Açılış
Katar,2026-06-28,56,0.92857,49.255,87.816,114.1,114.09,0,0.071429,0,0,0.69643,0.23214,114.09,Açılış
Katar,2026-06-29,56,0.98214,62.62,123.29,159.61,170.64,0,0,0,0.017857,0.71429,0.26786,174.03,Açılış
Katar,2026-06-30,56,0.98214,47.56,93.023,93.023,93.02,0,0,0,0.017857,0.78571,0.19643,93.02,Açılış
Katar,2026-07-01,56,1,22.125,88.359,88.359,88.37,0,0,0,0,0.69643,0.30357,88.37,Açılış
Katar,2026-07-02,56,1,12.96,65.848,65.848,65.85,0,0,0,0,0.71429,0.28571,65.85,Açılış
Katar,2026-07-03,56,0.98214,42.11,103.63,103.63,103.62,0,0,0,0.017857,0.66071,0.32143,103.62,Açılış
Katar,2026-07-04,56,0.94643,59.92,86.118,99.892,140.72,0,0.017857,0,0.035714,0.73214,0.21429,142.98,Açılış
Katar,2026-07-05,56,0.91071,53.69,81.093,85.566,85.57,0,0,0,0.089286,0.71429,0.19643,98.33,Açılış
Katar,2026-07-06,56,0.98214,32.17,49.581,54.993,55,0,0.017857,0,0,0.75,0.23214,55,Açılış
Katar,2026-07-07,56,1,1.34,88.972,88.972,88.97,0,0,0,0,0.60714,0.39286,88.97,Açılış
Katar,2026-07-08,56,0.98214,33.63,68.392,68.392,68.39,0,0.017857,0,0,0.66071,0.32143,71.17,Açılış
Katar,2026-07-09,56,0.91071,54.87,54.625,57.23,57.22,0,0.017857,0,0.071429,0.69643,0.21429,65.1,Açılış
Katar,2026-07-10,56,0.96429,58.79,71.589,99.104,150.86,0,0,0,0.035714,0.75,0.21429,150.86,Açılış
Katar,2026-07-11,56,0.98214,40.69,66.414,74.525,74.53,0,0.017857,0,0,0.71429,0.26786,74.53,geçiş
Katar,2026-07-12,56,1,11.335,150.21,150.21,150.19,0,0,0,0,0.66071,0.33929,150.19,geçiş
Katar,2026-07-13,56,1,23.71,22.276,22.276,22.28,0,0,0,0,0.89286,0.10714,22.28,2. kapanma
Katar,2026-07-14,56,0.89286,48.775,55.725,72.262,72.25,0,0.10714,0,0,0.73214,0.16071,76.5,2. kapanma
Katar,2026-07-15,56,1,62.775,93.404,106.46,126.46,0,0,0,0,0.83929,0.16071,126.46,2. kapanma
Katar,2026-07-16,56,0.92857,47.83,126.74,126.74,126.74,0,0.053571,0,0.017857,0.71429,0.21429,126.74,2. kapanma
Katar,2026-07-17,56,1,22.6,44.407,44.407,44.4,0,0,0,0,0.83929,0.16071,44.4,2. kapanma
Katar,2026-07-18,56,1,12.41,47.867,47.867,47.86,0,0,0,0,0.75,0.25,47.86,2. kapanma
Katar,2026-07-19,56,1,41.77,52.07,52.07,52.07,0,0,0,0,0.80357,0.19643,52.07,2. kapanma
Katar,2026-07-20,56,0.98214,59.7,27.177,44.108,76.57,0,0.017857,0,0,0.83929,0.14286,76.57,2. kapanma
Katar,2026-07-21,56,0.875,53.8,46.61,59.486,59.48,0,0.017857,0,0.10714,0.71429,0.16071,65.95,2. kapanma
Katar,2026-07-22,56,0.94643,32.55,48.014,51.575,51.58,0,0.053571,0,0,0.75,0.19643,53.93,2. kapanma
Katar,2026-07-23,56,1,1.26,66.485,66.485,66.49,0,0,0,0,0.67857,0.32143,66.49,2. kapanma
Katar,2026-07-24,56,0.96429,33.035,47.309,49.838,49.86,0,0.035714,0,0,0.73214,0.23214,54.24,2. kapanma
Katar,2026-07-25,56,0.91071,54.6,50.14,50.14,54.24,0,0.017857,0,0.071429,0.71429,0.19643,63.44,2. kapanma
Katar,2026-07-26,56,0.96429,58.97,34.365,45.934,118.66,0,0.017857,0,0.017857,0.82143,0.14286,119.79,2. kapanma
Katar,2026-07-27,56,0.96429,41.015,99.395,99.395,99.4,0,0,0,0.035714,0.75,0.21429,99.4,2. kapanma
Katar,2026-07-28,56,0.98214,11.75,43.651,43.651,43.66,0,0,0.017857,0,0.76786,0.21429,43.66,2. kapanma
Katar,2026-07-29,56,0.75,23.23,13.606,13.606,13.6,0,0,0.25,0,0.69643,0.053571,13.6,2. kapanma
Katar,2026-07-30,56,0.96429,48.465,82.015,82.015,82.01,0,0.017857,0,0.017857,0.75,0.21429,82.01,2. kapanma
Katar,2026-07-31,56,0.96429,62.95,35.875,35.875,55.02,0,0.017857,0,0.017857,0.85714,0.10714,59.73,2. kapanma
Katar,2026-08-01,56,0.92857,48.05,57.665,64.638,64.63,0,0.035714,0,0.035714,0.75,0.17857,64.63,2. kapanma
Katar,2026-08-02,56,1,23.04,51.944,51.944,51.94,0,0,0,0,0.71429,0.28571,51.94,2. kapanma
Katar,2026-08-03,56,0.96429,11.93,42.444,42.444,42.46,0,0,0.035714,0,0.76786,0.19643,42.46,2. kapanma
Katar,2026-08-04,56,1,41.405,63.128,63.128,63.13,0,0,0,0,0.78571,0.21429,63.13,2. kapanma
Katar,2026-08-05,56,0.94643,59.49,20.094,38.676,49.58,0,0.035714,0,0.017857,0.82143,0.125,49.58,2. kapanma
Katar,2026-08-06,56,0.96429,53.99,46.191,46.191,46.19,0,0.017857,0,0.017857,0.78571,0.17857,48.64,2. kapanma
Katar,2026-08-07,56,0.89286,32.84,76.689,99.512,99.53,0,0.071429,0.035714,0,0.71429,0.17857,99.53,2. kapanma
Katar,2026-08-08,56,1,1.67,30.006,30.006,30,0,0,0,0,0.76786,0.23214,30,2. kapanma
Katar,2026-08-09,56,0.98214,32.82,22.436,22.436,22.43,0,0.017857,0,0,0.89286,0.089286,22.43,2. kapanma
Katar,2026-08-10,56,0.96429,54.375,126.9,126.9,126.89,0,0.017857,0,0.017857,0.73214,0.23214,128.76,2. kapanma
Katar,2026-08-11,56,0.85714,61.59,129.71,200.38,209.5,0,0.017857,0.017857,0.10714,0.67857,0.17857,209.5,2. kapanma
Katar,2026-08-12,56,0.94643,41.27,21.657,21.657,21.65,0,0,0.017857,0.035714,0.89286,0.053571,21.65,2. kapanma
Katar,2026-08-13,56,1,12.21,35.506,35.506,35.53,0,0,0,0,0.78571,0.21429,35.53,2. kapanma
Katar,2026-08-14,56,1,22.805,53.345,53.345,53.36,0,0,0,0,0.69643,0.30357,53.36,2. kapanma
Katar,2026-08-15,56,0.98214,48.34,33.594,54.81,54.82,0,0.017857,0,0,0.85714,0.125,54.82,2. kapanma
Katar,2026-08-16,56,0.60714,63.34,26.407,26.407,46.29,0,0.017857,0.17857,0.19643,0.55357,0.053571,46.29,2. kapanma
Katar,2026-08-17,56,0.91071,48.26,58.526,67.345,67.34,0,0.053571,0,0.035714,0.80357,0.10714,67.34,2. kapanma
Katar,2026-08-18,56,1,23.38,43.298,43.298,43.29,0,0,0,0,0.75,0.25,43.29,2. kapanma
Katar,2026-08-19,56,1,11.475,45.18,45.18,45.19,0,0,0,0,0.69643,0.30357,45.19,2. kapanma
Katar,2026-08-20,56,0.98214,41.1,79.701,79.701,79.7,0,0,0,0.017857,0.73214,0.25,81.03,2. kapanma
Katar,2026-08-21,56,0.89286,59.44,44.943,54.524,61.42,0,0,0.053571,0.053571,0.78571,0.10714,61.42,2. kapanma
Katar,2026-08-22,56,0.78571,54.04,16.122,16.122,16.13,0,0.017857,0.071429,0.125,0.71429,0.071429,18.87,2. kapanma
Katar,2026-08-23,56,0.94643,33.19,42.115,48.102,48.11,0,0.053571,0,0,0.82143,0.125,57.46,2. kapanma
Katar,2026-08-24,56,1,2.065,53.626,53.626,53.62,0,0,0,0,0.73214,0.26786,53.62,2. kapanma
Katar,2026-08-25,56,1,32.51,34.862,34.862,34.86,0,0,0,0,0.83929,0.16071,34.86,2. kapanma
Katar,2026-08-26,56,0.94643,54.2,19.515,20.928,23.05,0,0.017857,0.017857,0.017857,0.83929,0.10714,23.05,2. kapanma
Katar,2026-08-27,56,0.98214,59.43,45.887,53.48,85.49,0,0,0,0.017857,0.82143,0.16071,85.49,2. kapanma
Katar,2026-08-28,56,0,,,,,0,1,0,0,0,0,,2. kapanma
Katar,2026-08-29,56,1,12.6,32.51,32.51,32.51,0,0,0,0,0.78571,0.21429,32.51,2. kapanma
Katar,2026-08-30,56,1,22.47,59.53,59.53,59.54,0,0,0,0,0.76786,0.23214,59.54,2. kapanma
Katar,2026-08-31,56,0.89286,47.73,39.611,39.611,39.62,0,0.089286,0,0.017857,0.71429,0.17857,44.19,2. kapanma
Katar,2026-09-01,56,1,63.125,84.677,103.86,137.33,0,0,0,0,0.76786,0.23214,137.33,2. kapanma
Katar,2026-09-02,56,0.85714,48.455,32.462,32.462,32.46,0,0.10714,0,0.035714,0.75,0.10714,32.46,2. kapanma
Katar,2026-09-03,56,1,23.72,44.983,44.983,44.99,0,0,0,0,0.80357,0.19643,44.99,2. kapanma
Katar,2026-09-04,56,1,11.13,37.237,37.237,37.23,0,0,0,0,0.78571,0.21429,37.23,2. kapanma
Katar,2026-09-05,56,0.98214,40.87,129.68,129.68,129.69,0,0,0,0.017857,0.78571,0.19643,129.69,2. kapanma
Katar,2026-09-06,56,0.96429,59.2,90.861,98.517,107.1,0,0.035714,0,0,0.78571,0.17857,108.02,2. kapanma
Katar,2026-09-07,56,0.89286,54.29,35.213,40.539,40.55,0,0.053571,0,0.053571,0.73214,0.16071,46.24,2. kapanma
Katar,2026-09-08,56,0.96429,33.41,65.635,65.635,65.63,0,0.035714,0,0,0.76786,0.19643,65.63,2. kapanma
Katar,2026-09-09,56,1,2.42,41.411,41.411,41.43,0,0,0,0,0.73214,0.26786,41.43,2. kapanma
Katar,2026-09-10,56,0.94643,31.94,61.409,61.409,61.41,0,0.053571,0,0,0.75,0.19643,61.41,2. kapanma
Katar,2026-09-11,56,0.91071,54.06,25.465,25.465,25.48,0,0.053571,0,0.035714,0.76786,0.14286,30.45,2. kapanma
Katar,2026-09-12,56,0.94643,59.27,86.226,103.99,188.23,0,0,0,0.053571,0.78571,0.16071,200.29,2. kapanma
Katar,2026-09-13,56,0.98214,41.71,125.03,125.03,125.01,0,0.017857,0,0,0.73214,0.25,125.01,2. kapanma
Katar,2026-09-14,56,1,12.87,77.759,77.759,77.79,0,0,0,0,0.76786,0.23214,77.79,2. kapanma
Katar,2026-09-15,56,1,22.22,43.919,43.919,43.93,0,0,0,0,0.80357,0.19643,43.93,2. kapanma
Katar,2026-09-16,56,0.94643,47.71,50.978,56.259,56.26,0,0.053571,0,0,0.76786,0.17857,58.5,2. kapanma
Katar,2026-09-17,56,0.98214,63.15,56.323,61.205,129.4,0,0.017857,0,0,0.83929,0.14286,130.85,2. kapanma
Katar,2026-09-18,56,0.92857,48.625,34.18,34.18,34.18,0,0.053571,0,0.017857,0.82143,0.10714,41.78,2. kapanma
Katar,2026-09-19,56,1,23.97,34.335,34.335,34.32,0,0,0,0,0.75,0.25,34.32,2. kapanma
Katar,2026-09-20,56,1,10.885,49.87,49.87,49.84,0,0,0,0,0.75,0.25,49.84,2. kapanma
Katar,2026-09-21,56,0.96429,40.59,23.248,23.248,23.24,0,0,0,0.035714,0.83929,0.125,25.33,2. kapanma
Katar,2026-09-22,56,0.98214,59.11,31.019,38.747,50.08,0,0,0,0.017857,0.85714,0.125,50.08,2. kapanma
Katar,2026-09-23,56,0.89286,54.42,27.981,27.981,27.95,0,0,0,0.10714,0.75,0.14286,27.95,geçiş
Katar,2026-09-24,56,0.94643,33.63,33.197,33.197,33.19,0,0.035714,0,0.017857,0.75,0.19643,36.02,geçiş
Kuveyt,2024-09-01,45,0.95556,33.28,21.518,25.75,25.75,0,0.044444,0,0,0.82222,0.13333,26.89,Savaş öncesi
Kuveyt,2024-09-02,45,1,1.99,11.614,11.614,11.61,0,0,0,0,0.84444,0.15556,11.61,Savaş öncesi
Kuveyt,2024-09-03,45,0.95556,31.12,13.56,14.784,14.78,0,0.044444,0,0,0.82222,0.13333,16.57,Savaş öncesi
Kuveyt,2024-09-04,45,0.93333,52.965,8.595,8.595,8.61,0,0.044444,0,0.022222,0.82222,0.11111,11.75,Savaş öncesi
Kuveyt,2024-09-05,45,0.95556,58.53,11.003,11.003,20.87,0,0,0,0.044444,0.91111,0.044444,20.87,Savaş öncesi
Kuveyt,2024-09-06,45,0.97778,40.97,15.224,15.224,15.22,0,0,0,0.022222,0.86667,0.11111,15.22,Savaş öncesi
Kuveyt,2024-09-07,45,1,12.73,19.759,19.759,19.77,0,0,0,0,0.82222,0.17778,19.77,Savaş öncesi
Kuveyt,2024-09-08,45,1,21.54,12.236,12.236,12.24,0,0,0,0,0.86667,0.13333,12.24,Savaş öncesi
Kuveyt,2024-09-09,45,0.88889,47.07,27.139,28.904,28.91,0,0.088889,0,0.022222,0.77778,0.11111,28.91,Savaş öncesi
Kuveyt,2024-09-10,45,0.93333,62.24,22.698,35.291,56.55,0,0,0,0.066667,0.84444,0.088889,56.55,Savaş öncesi
Kuveyt,2024-09-11,45,0.93333,47.67,17.717,21.739,21.74,0,0.022222,0,0.044444,0.82222,0.11111,21.74,Savaş öncesi
Kuveyt,2024-09-12,45,1,23.26,15.76,15.76,15.76,0,0,0,0,0.84444,0.15556,15.76,Savaş öncesi
Kuveyt,2024-09-13,45,1,10.53,12.409,12.409,12.42,0,0,0,0,0.88889,0.11111,12.42,Savaş öncesi
Kuveyt,2024-09-14,45,0.97778,39.86,19.045,19.045,19.03,0,0,0,0.022222,0.82222,0.15556,19.03,Savaş öncesi
Kuveyt,2024-09-15,45,1,58.22,31.31,36.915,36.92,0,0,0,0,0.82222,0.17778,36.92,Savaş öncesi
Kuveyt,2024-09-16,45,0.93333,53.655,23.283,23.283,39.18,0,0.066667,0,0,0.8,0.13333,39.18,Savaş öncesi
Kuveyt,2024-09-17,45,0.95556,32.93,19.834,24.33,24.34,0,0.044444,0,0,0.86667,0.088889,24.34,Savaş öncesi
Kuveyt,2024-09-18,45,1,2.12,23.507,23.507,23.49,0,0,0,0,0.75556,0.24444,23.49,Savaş öncesi
Kuveyt,2024-09-19,45,0.95556,31.19,17.5,17.5,17.5,0,0.044444,0,0,0.84444,0.11111,17.5,Savaş öncesi
Kuveyt,2024-09-20,45,0.95556,52.92,11.778,11.778,11.78,0,0,0,0.044444,0.86667,0.088889,12.85,Savaş öncesi
Kuveyt,2024-09-21,45,0.91111,58.55,16.229,18.801,27.8,0,0.022222,0,0.066667,0.82222,0.088889,30.72,Savaş öncesi
Kuveyt,2024-09-22,45,1,41.14,19.07,19.07,19.06,0,0,0,0,0.84444,0.15556,19.06,Savaş öncesi
Kuveyt,2024-09-23,45,1,13.08,38.715,38.715,38.71,0,0,0,0,0.75556,0.24444,38.71,Savaş öncesi
Kuveyt,2024-09-24,45,1,21.12,27.586,27.586,27.58,0,0,0,0,0.8,0.2,27.58,Savaş öncesi
Kuveyt,2024-09-25,45,1,46.76,32.082,32.082,32.09,0,0,0,0,0.82222,0.17778,32.09,Savaş öncesi
Kuveyt,2024-09-26,45,0.97778,62.025,29.685,37.55,52.15,0,0,0,0.022222,0.91111,0.066667,52.15,Savaş öncesi
Kuveyt,2024-09-27,45,0.93333,47.995,42.343,53.096,53.08,0,0.066667,0,0,0.77778,0.15556,53.08,Savaş öncesi
Kuveyt,2024-09-28,45,1,23.93,37.08,37.08,37.07,0,0,0,0,0.77778,0.22222,37.07,Savaş öncesi
Kuveyt,2024-09-29,45,1,9.85,32.819,32.819,32.83,0,0,0,0,0.77778,0.22222,32.83,Savaş öncesi
Kuveyt,2024-09-30,45,1,39.42,18.179,18.179,18.18,0,0,0,0,0.86667,0.13333,18.18,Savaş öncesi
Kuveyt,2024-10-01,45,0.97778,57.915,7.9356,7.9356,21.82,0,0,0,0.022222,0.93333,0.044444,21.82,Savaş öncesi
Kuveyt,2024-10-02,45,0.88889,53.755,2.4128,2.4128,2.41,0,0.022222,0.066667,0.022222,0.86667,0.022222,2.41,Savaş öncesi
Kuveyt,2024-10-03,45,1,33.44,57.631,57.631,57.63,0,0,0,0,0.82222,0.17778,57.63,Savaş öncesi
Kuveyt,2024-10-04,45,1,2.13,25.865,25.865,25.86,0,0,0,0,0.75556,0.24444,25.86,Savaş öncesi
Kuveyt,2024-10-05,45,0.95556,30.75,24.088,24.088,24.08,0,0.044444,0,0,0.73333,0.22222,24.08,Savaş öncesi
Kuveyt,2024-10-06,45,0.95556,52.73,19.957,19.957,19.97,0,0.022222,0,0.022222,0.8,0.15556,19.97,Savaş öncesi
Kuveyt,2024-10-07,45,0.95556,58.62,8.0643,13.308,24.27,0,0,0,0.044444,0.84444,0.11111,24.27,Savaş öncesi
Kuveyt,2024-10-08,45,1,41.44,18.734,18.734,18.73,0,0,0,0,0.86667,0.13333,18.73,Savaş öncesi
Kuveyt,2024-10-09,45,1,13.51,15.065,15.065,15.06,0,0,0,0,0.82222,0.17778,15.06,Savaş öncesi
Kuveyt,2024-10-10,45,1,20.75,25.747,25.747,25.75,0,0,0,0,0.77778,0.22222,25.75,Savaş öncesi
Kuveyt,2024-10-11,45,0.93333,46.57,21.169,24.112,24.1,0,0.044444,0,0.022222,0.8,0.13333,24.1,Savaş öncesi
Kuveyt,2024-10-12,45,0.97778,61.95,16.984,26.426,33.14,0,0,0,0.022222,0.84444,0.13333,33.14,Savaş öncesi
Kuveyt,2024-10-13,45,0.91111,48.14,13.261,15.833,15.82,0,0.088889,0,0,0.82222,0.088889,22.29,Savaş öncesi
Kuveyt,2024-10-14,45,1,24.05,22.211,22.211,22.19,0,0,0,0,0.8,0.2,22.19,Savaş öncesi
Kuveyt,2024-10-15,45,1,9.71,21.623,21.623,21.63,0,0,0,0,0.73333,0.26667,21.63,Savaş öncesi
Kuveyt,2024-10-16,45,1,39.35,56.139,56.139,0,0,0,0,0,0.73333,0.26667,0,Savaş öncesi
Kuveyt,2024-10-17,45,0.97778,57.96,18.182,21.578,22.38,0,0,0,0.022222,0.8,0.17778,24.21,Savaş öncesi
Kuveyt,2024-10-18,45,0.91111,54,4.116,4.116,13.63,0,0.022222,0,0.066667,0.86667,0.044444,13.63,Savaş öncesi
Kuveyt,2024-10-19,45,0.95556,33.4,7.4515,7.4515,7.45,0,0.044444,0,0,0.84444,0.11111,7.45,Savaş öncesi
Kuveyt,2024-10-20,45,1,2,19.1,19.1,19.09,0,0,0,0,0.8,0.2,19.09,Savaş öncesi
Kuveyt,2024-10-21,45,0.95556,30.81,6.8523,6.8523,6.85,0,0.044444,0,0,0.88889,0.066667,10.04,Savaş öncesi
Kuveyt,2024-10-22,45,0.95556,52.76,14.629,14.629,14.62,0,0,0,0.044444,0.82222,0.13333,14.62,Savaş öncesi
Kuveyt,2024-10-23,45,0.91111,58.89,10.962,12.533,12.54,0,0,0,0.088889,0.8,0.11111,12.54,Savaş öncesi
Kuveyt,2024-10-24,45,1,41.31,45.714,45.714,45.72,0,0,0,0,0.82222,0.17778,45.72,Savaş öncesi
Kuveyt,2024-10-25,45,0.022222,13.45,0,0,0,0,0,0.97778,0,0.022222,0,0,Savaş öncesi
Kuveyt,2024-10-26,45,0.57778,20.27,6.1053,6.1053,6.11,0,0,0.42222,0,0.53333,0.044444,6.11,Savaş öncesi
Kuveyt,2024-10-27,45,1,46.75,16.152,24.52,24.53,0,0,0,0,0.86667,0.13333,24.53,Savaş öncesi
Kuveyt,2024-10-28,45,0.97778,62.065,20.03,26.192,40.13,0,0,0,0.022222,0.86667,0.11111,44.42,Savaş öncesi
Kuveyt,2024-10-29,45,0.93333,47.935,17.921,19.671,19.67,0,0.044444,0,0.022222,0.84444,0.088889,23.6,Savaş öncesi
Kuveyt,2024-10-30,45,0,,,,,0,0,1,0,0,0,0,Savaş öncesi
Kuveyt,2024-10-31,45,0.11111,6.87,1.411,1.411,1.41,0,0,0.88889,0,0.088889,0.022222,1.41,Savaş öncesi
Kuveyt,2024-11-01,45,0.84444,38.99,5.6789,5.6789,5.68,0,0,0.13333,0.022222,0.73333,0.11111,5.68,Savaş öncesi
Kuveyt,2024-11-02,45,0.82222,57.67,12.943,22.431,22.44,0,0.022222,0.13333,0.022222,0.68889,0.13333,22.44,Savaş öncesi
Kuveyt,2024-11-03,45,0.86667,54.27,4.2056,4.2056,4.21,0,0.044444,0.022222,0.066667,0.82222,0.044444,4.21,Savaş öncesi
Kuveyt,2024-11-04,45,0.95556,33.94,24.67,26.947,26.94,0,0.044444,0,0,0.75556,0.2,26.94,Savaş öncesi
Kuveyt,2024-11-05,45,1,2.88,18.453,18.453,18.44,0,0,0,0,0.71111,0.28889,18.44,Savaş öncesi
Kuveyt,2024-11-06,45,0.91111,29.94,15.222,15.222,15.21,0,0.022222,0.066667,0,0.73333,0.17778,15.21,Savaş öncesi
Kuveyt,2024-11-07,45,0.95556,52.15,23.184,27.296,27.29,0,0.044444,0,0,0.75556,0.2,27.29,Savaş öncesi
Kuveyt,2024-11-08,45,0.93333,59.285,9.1724,14.866,19.24,0,0,0.044444,0.022222,0.8,0.13333,21.76,Savaş öncesi
Kuveyt,2024-11-09,45,0,,,,,1,0,0,0,0,0,18.76,Savaş öncesi
Kuveyt,2024-11-10,45,1,14.91,22.281,22.281,0,0,0,0,0,0.75556,0.24444,0,Savaş öncesi
Kuveyt,2024-11-11,45,1,19.29,23.331,23.331,23.33,0,0,0,0,0.77778,0.22222,23.33,Savaş öncesi
Kuveyt,2024-11-12,45,0.95556,45.55,15.477,16.28,16.28,0,0.022222,0,0.022222,0.77778,0.17778,16.28,Savaş öncesi
Kuveyt,2024-11-13,45,0.95556,61.64,39.984,39.984,83.98,0,0,0,0.044444,0.75556,0.2,85.89,Savaş öncesi
Kuveyt,2024-11-14,45,0.88889,49.14,42.204,61.701,61.72,0,0.11111,0,0,0.73333,0.15556,64.02,Savaş öncesi
Kuveyt,2024-11-15,45,1,25.72,16.117,16.117,16.11,0,0,0,0,0.84444,0.15556,16.11,Savaş öncesi
Kuveyt,2024-11-16,45,1,7.78,19.704,19.704,19.72,0,0,0,0,0.77778,0.22222,19.72,Savaş öncesi
Kuveyt,2024-11-17,45,1,37.97,16.496,16.496,16.5,0,0,0,0,0.82222,0.17778,16.5,Savaş öncesi
Kuveyt,2024-11-18,45,0.95556,57.85,12.365,13.137,10.05,0,0,0.022222,0.022222,0.82222,0.13333,11.13,Savaş öncesi
Kuveyt,2024-11-19,45,0.97778,54.75,9.6358,9.6358,27.76,0,0,0,0.022222,0.88889,0.088889,27.76,Savaş öncesi
Kuveyt,2024-11-20,45,0.95556,34.89,10.116,11.992,11.99,0,0.022222,0.022222,0,0.84444,0.11111,11.99,Savaş öncesi
Kuveyt,2024-11-21,45,0.77778,4.11,8.5019,8.5019,8.51,0,0,0.22222,0,0.66667,0.11111,8.51,Savaş öncesi
Kuveyt,2024-11-22,45,0.86667,28.94,16.824,16.824,16.82,0,0.044444,0.088889,0,0.64444,0.22222,16.82,Savaş öncesi
Kuveyt,2024-11-23,45,0.82222,51.71,16.749,20.328,20.33,0,0.13333,0,0.044444,0.64444,0.17778,20.33,Savaş öncesi
Kuveyt,2024-11-24,45,0.044444,66.595,0,0,0,0,0,0.84444,0.11111,0.044444,0,0,Savaş öncesi
Kuveyt,2024-11-25,45,0.97778,42.775,10.115,10.115,10.11,0,0,0,0.022222,0.86667,0.11111,10.11,Savaş öncesi
Kuveyt,2024-11-26,45,0.24444,12.03,2.1185,2.1185,2.12,0,0,0.75556,0,0.22222,0.022222,2.12,Savaş öncesi
Kuveyt,2024-11-27,45,1,18.86,24.123,24.123,24.13,0,0,0,0,0.77778,0.22222,24.13,Savaş öncesi
Kuveyt,2024-11-28,45,1,45.36,13.731,13.731,13.73,0,0,0,0,0.84444,0.15556,13.73,Savaş öncesi
Kuveyt,2024-11-29,45,0.97778,61.525,15.212,18.521,50.78,0,0,0,0.022222,0.84444,0.13333,50.78,Savaş öncesi
Kuveyt,2024-11-30,45,0.91111,49.21,20.94,23.752,23.77,0,0.066667,0,0.022222,0.8,0.11111,25.61,Savaş öncesi
Kuveyt,2024-12-01,45,1,25.84,34.846,34.846,34.85,0,0,0,0,0.75556,0.24444,34.85,Savaş öncesi
Kuveyt,2024-12-02,45,1,7.63,17.858,17.858,17.86,0,0,0,0,0.68889,0.31111,17.86,Savaş öncesi
Kuveyt,2024-12-03,45,0.95556,37.9,18.121,18.121,18.11,0,0,0,0.044444,0.71111,0.24444,21.3,Savaş öncesi
Kuveyt,2024-12-04,45,0.97778,57.005,26.893,27.954,37.82,0,0,0,0.022222,0.71111,0.26667,41.38,Savaş öncesi
Kuveyt,2024-12-05,45,0.86667,54.64,14.174,14.174,14.18,0,0,0.066667,0.066667,0.71111,0.15556,14.18,Savaş öncesi
Kuveyt,2024-12-06,45,0.93333,34.9,15.85,15.85,15.86,0,0.066667,0,0,0.77778,0.15556,15.86,Savaş öncesi
Kuveyt,2024-12-07,45,1,4.03,21.205,21.205,21.2,0,0,0,0,0.71111,0.28889,21.2,Savaş öncesi
Kuveyt,2024-12-08,45,0.46667,28.45,6.7207,6.7207,6.72,0,0,0.53333,0,0.37778,0.088889,6.72,Savaş öncesi
Kuveyt,2024-12-09,45,0.82222,51.69,18.997,19.8,19.8,0,0.11111,0,0.066667,0.64444,0.17778,28.18,Savaş öncesi
Kuveyt,2024-12-10,45,0.95556,59.65,18.166,19.888,31.46,0,0.044444,0,0,0.77778,0.17778,31.46,Savaş öncesi
Kuveyt,2024-12-11,45,0.82222,42.89,27.87,27.87,27.87,0,0,0.15556,0.022222,0.53333,0.28889,27.87,Savaş öncesi
Kuveyt,2024-12-12,45,1,15.3,21.559,21.559,21.57,0,0,0,0,0.66667,0.33333,21.57,Savaş öncesi
Kuveyt,2024-12-13,45,1,19.04,14.678,14.678,14.68,0,0,0,0,0.8,0.2,14.68,Savaş öncesi
Kuveyt,2024-12-14,45,0.97778,45.46,11.795,11.795,11.79,0,0.022222,0,0,0.82222,0.15556,11.79,Savaş öncesi
Kuveyt,2024-12-15,45,0.95556,61.62,19.576,22.121,28.01,0,0,0,0.044444,0.8,0.15556,28.01,Savaş öncesi
Kuveyt,2024-12-16,45,0.86667,49.22,12.527,18.027,18.03,0,0.11111,0,0.022222,0.75556,0.11111,19.72,Savaş öncesi
Kuveyt,2024-12-17,45,1,25.59,24.306,24.306,24.29,0,0,0,0,0.77778,0.22222,24.29,Savaş öncesi
Kuveyt,2024-12-18,45,1,7.9,134.54,134.54,134.53,0,0,0,0,0.75556,0.24444,134.53,Savaş öncesi
Kuveyt,2024-12-19,45,0.95556,38.1,18.458,18.458,18.47,0,0.022222,0.022222,0,0.73333,0.22222,18.47,Savaş öncesi
Kuveyt,2024-12-20,45,0.35556,57.235,0,0,0,0,0,0.31111,0.33333,0.35556,0,0,Savaş öncesi
Kuveyt,2024-12-21,45,0.93333,54.74,9.3911,9.8606,13.56,0,0,0,0.066667,0.84444,0.088889,13.56,Savaş öncesi
Kuveyt,2024-12-22,45,0.95556,34.84,16.338,24.988,24.99,0,0.044444,0,0,0.77778,0.17778,24.99,Savaş öncesi
Kuveyt,2024-12-23,45,1,3.7,22.606,22.606,22.61,0,0,0,0,0.62222,0.37778,22.61,Savaş öncesi
Kuveyt,2024-12-24,45,0.97778,29.41,14.318,14.318,14.32,0,0.022222,0,0,0.82222,0.15556,14.32,Savaş öncesi
Kuveyt,2024-12-25,45,0.91111,51.92,13.183,14.376,23.6,0,0.022222,0,0.066667,0.71111,0.2,26.59,Savaş öncesi
Kuveyt,2024-12-26,45,0.62222,65.27,0,0,0,0,0,0.24444,0.13333,0.62222,0,0,Savaş öncesi
Kuveyt,2024-12-27,45,0.17778,42.84,1.3311,1.3311,1.33,0,0,0.77778,0.044444,0.15556,0.022222,1.33,Savaş öncesi
Kuveyt,2024-12-28,45,1,14.84,12.639,12.639,12.64,0,0,0,0,0.82222,0.17778,12.64,Savaş öncesi
Kuveyt,2024-12-29,45,0.11111,16.92,0.88855,0.88855,0.89,0,0,0.88889,0,0.088889,0.022222,5.26,Savaş öncesi
Kuveyt,2024-12-30,45,0.86667,45.78,17.326,31.67,31.66,0,0,0.11111,0.022222,0.73333,0.13333,31.66,Savaş öncesi
Kuveyt,2024-12-31,45,0.95556,61.75,30.799,32.58,40.59,0,0,0,0.044444,0.8,0.15556,43.76,Savaş öncesi
Kuveyt,2025-01-01,45,0.91111,48.81,21.123,27.51,27.51,0,0.088889,0,0,0.66667,0.24444,27.51,Savaş öncesi
Kuveyt,2025-01-02,45,1,25.1,15.711,15.711,15.71,0,0,0,0,0.75556,0.24444,15.71,Savaş öncesi
Kuveyt,2025-01-03,45,1,8.5,18.492,18.492,18.51,0,0,0,0,0.6,0.4,18.51,Savaş öncesi
Kuveyt,2025-01-04,45,0.97778,38.53,16.74,16.74,16.75,0,0,0,0.022222,0.73333,0.24444,17.61,Savaş öncesi
Kuveyt,2025-01-05,45,0.97778,57.39,32.444,34.532,40.54,0,0,0,0.022222,0.75556,0.22222,42.2,Savaş öncesi
Kuveyt,2025-01-06,45,0,,,,,0,0.022222,0.73333,0.24444,0,0,0,Savaş öncesi
Kuveyt,2025-01-07,45,0.75556,34.575,12.07,12.386,12.39,0,0,0.24444,0,0.64444,0.11111,12.39,Savaş öncesi
Kuveyt,2025-01-08,45,1,2.98,61.028,61.028,61.01,0,0,0,0,0.6,0.4,61.01,Savaş öncesi
Kuveyt,2025-01-09,45,1,30.06,19.305,23.94,23.95,0,0,0,0,0.8,0.2,23.95,Savaş öncesi
Kuveyt,2025-01-10,45,0.95556,52.32,39.512,41.98,109.44,0,0.022222,0,0.022222,0.66667,0.28889,110.72,Savaş öncesi
Kuveyt,2025-01-11,45,0.33333,57.7,3.2671,3.2671,3.27,0,0.022222,0.42222,0.22222,0.31111,0.022222,3.27,Savaş öncesi
Kuveyt,2025-01-12,45,1,41.83,70.733,70.733,70.72,0,0,0,0,0.66667,0.33333,70.72,Savaş öncesi
Kuveyt,2025-01-13,45,1,13.99,40.184,40.184,40.18,0,0,0,0,0.64444,0.35556,40.18,Savaş öncesi
Kuveyt,2025-01-14,45,1,20.33,45.898,45.898,45.88,0,0,0,0,0.66667,0.33333,45.88,Savaş öncesi
Kuveyt,2025-01-15,45,1,46.31,43.121,45.073,45.06,0,0,0,0,0.66667,0.33333,45.06,Savaş öncesi
Kuveyt,2025-01-16,45,0.8,62.84,67.403,79.674,79.67,0,0,0.088889,0.11111,0.55556,0.24444,107.33,Savaş öncesi
Kuveyt,2025-01-17,45,0.93333,48.325,12,12,12,0,0.066667,0,0,0.82222,0.11111,16.74,Savaş öncesi
Kuveyt,2025-01-18,45,1,24.29,52.812,52.812,52.79,0,0,0,0,0.64444,0.35556,52.79,Savaş öncesi
Kuveyt,2025-01-19,45,1,9.52,47.879,47.879,47.88,0,0,0,0,0.53333,0.46667,47.88,Savaş öncesi
Kuveyt,2025-01-20,45,0.97778,39.27,25.798,25.798,25.79,0,0,0,0.022222,0.66667,0.31111,25.79,Savaş öncesi
Kuveyt,2025-01-21,45,0.97778,57.94,35.813,38.78,100.86,0,0.022222,0,0,0.77778,0.2,103.45,Savaş öncesi
Kuveyt,2025-01-22,45,0.26667,69.295,0,0,0,0,0.022222,0.57778,0.13333,0.26667,0,6.67,Savaş öncesi
Kuveyt,2025-01-23,45,1,33.34,85.27,88.616,88.62,0,0,0,0,0.8,0.2,88.62,Savaş öncesi
Kuveyt,2025-01-24,45,1,1.92,71.734,71.734,71.73,0,0,0,0,0.73333,0.26667,71.73,Savaş öncesi
Kuveyt,2025-01-25,45,0.91111,30.93,33.099,33.099,33.11,0,0.088889,0,0,0.6,0.31111,33.76,Savaş öncesi
Kuveyt,2025-01-26,45,0.35556,68.665,0,0,0,0,0.022222,0.6,0.022222,0.35556,0,0,Savaş öncesi
Kuveyt,2025-01-27,45,0.97778,58.52,61.705,68.383,76.12,0,0,0,0.022222,0.71111,0.26667,76.12,Savaş öncesi
Kuveyt,2025-01-28,45,0.97778,41.175,21.611,21.611,21.6,0,0,0,0.022222,0.68889,0.28889,22.61,Savaş öncesi
Kuveyt,2025-01-29,45,0.33333,9.57,10.934,10.934,10.93,0,0,0.66667,0,0.2,0.13333,10.93,Savaş öncesi
Kuveyt,2025-01-30,45,1,21.3,20.55,20.55,20.55,0,0,0,0,0.66667,0.33333,20.55,Savaş öncesi
Kuveyt,2025-01-31,45,0.95556,46.86,26.994,29.909,29.91,0,0.022222,0,0.022222,0.66667,0.28889,29.91,Savaş öncesi
Kuveyt,2025-02-01,45,0.97778,62.1,39.181,72.708,79.21,0,0,0,0.022222,0.75556,0.22222,79.21,Savaş öncesi
Kuveyt,2025-02-02,45,0.93333,47.93,55.636,60.813,60.81,0,0.066667,0,0,0.64444,0.28889,61.8,Savaş öncesi
Kuveyt,2025-02-03,45,1,23.8,51.189,51.189,51.2,0,0,0,0,0.73333,0.26667,51.2,Savaş öncesi
Kuveyt,2025-02-04,45,1,10,56.719,56.719,56.71,0,0,0,0,0.6,0.4,56.71,Savaş öncesi
Kuveyt,2025-02-05,45,0.26667,38.94,6.453,6.453,6.45,0,0,0.66667,0.066667,0.2,0.066667,6.45,Savaş öncesi
Kuveyt,2025-02-06,45,0.77778,58.08,0,0,0,0,0,0,0.22222,0.77778,0,0,Savaş öncesi
Kuveyt,2025-02-07,45,0.93333,53.835,12.659,12.659,28.64,0,0.022222,0,0.044444,0.77778,0.15556,29.47,Savaş öncesi
Kuveyt,2025-02-08,45,0.95556,33.37,55.543,57.667,57.67,0,0.044444,0,0,0.75556,0.2,57.67,Savaş öncesi
Kuveyt,2025-02-09,45,1,1.99,22.303,22.303,22.31,0,0,0,0,0.64444,0.35556,22.31,Savaş öncesi
Kuveyt,2025-02-10,45,0.53333,31.745,1.0379,1.0379,1.04,0,0.11111,0.35556,0,0.51111,0.022222,1.04,Savaş öncesi
Kuveyt,2025-02-11,45,0.2,53.91,6.3373,6.3373,6.33,0,0.044444,0.62222,0.13333,0.17778,0.022222,6.33,Savaş öncesi
Kuveyt,2025-02-12,45,0.15556,57.12,0,0,0,0,0,0.57778,0.26667,0.15556,0,2.18,Savaş öncesi
Kuveyt,2025-02-13,45,0.75556,41.76,49.916,49.916,49.91,0,0,0.24444,0,0.57778,0.17778,49.91,Savaş öncesi
Kuveyt,2025-02-14,45,0.35556,13.355,0,0,0,0,0,0.64444,0,0.35556,0,0,Savaş öncesi
Kuveyt,2025-02-15,45,0.84444,20.855,23.103,23.103,23.11,0,0,0.15556,0,0.73333,0.11111,23.11,Savaş öncesi
Kuveyt,2025-02-16,45,0.97778,46.52,0,0,0,0,0.022222,0,0,0.97778,0,0,Savaş öncesi
Kuveyt,2025-02-17,45,0.13333,61.79,3.8033,3.8033,7.38,0,0,0.66667,0.2,0.11111,0.022222,9.07,Savaş öncesi
Kuveyt,2025-02-18,45,0.97778,48.3,57.725,58.983,58.98,0,0.022222,0,0,0.64444,0.33333,60.58,Savaş öncesi
Kuveyt,2025-02-19,45,0,,,,,0,0,1,0,0,0,0,Savaş öncesi
Kuveyt,2025-02-20,45,1,9.41,21.181,21.181,21.19,0,0,0,0,0.62222,0.37778,21.19,Savaş öncesi
Kuveyt,2025-02-21,45,1,39.17,27.992,27.992,27.98,0,0,0,0,0.66667,0.33333,27.98,Savaş öncesi
Kuveyt,2025-02-22,45,0.91111,57.83,9.7832,11.553,15.96,0,0.022222,0.044444,0.022222,0.73333,0.17778,17.86,Savaş öncesi
Kuveyt,2025-02-23,45,0.71111,54.295,78.233,78.233,79.01,0,0.044444,0.17778,0.066667,0.48889,0.22222,83.94,Savaş öncesi
Kuveyt,2025-02-24,45,0.93333,33.7,39.842,39.842,39.83,0,0.066667,0,0,0.73333,0.2,42.57,Savaş öncesi
Kuveyt,2025-02-25,45,0.8,2.655,36.286,36.286,36.29,0,0,0.2,0,0.42222,0.37778,37.19,Savaş öncesi
Kuveyt,2025-02-26,45,0.088889,33,0,0,0,0,0.044444,0.86667,0,0.088889,0,0,Savaş öncesi
Kuveyt,2025-02-27,45,0.95556,52.58,48.512,70.78,71.75,0,0.044444,0,0,0.66667,0.28889,71.75,Savaş öncesi
Kuveyt,2025-02-28,45,0.91111,59,49.641,56.359,67.76,0,0.022222,0,0.066667,0.73333,0.17778,70.79,Savaş öncesi
Kuveyt,2025-03-01,45,0.95556,41.74,69.094,69.094,69.09,0,0,0,0.044444,0.71111,0.24444,76.03,Savaş öncesi
Kuveyt,2025-03-02,45,1,13.87,25.511,25.511,25.51,0,0,0,0,0.66667,0.33333,25.51,Savaş öncesi
Kuveyt,2025-03-03,45,1,20.39,23.023,23.023,23.03,0,0,0,0,0.66667,0.33333,23.03,Savaş öncesi
Kuveyt,2025-03-04,45,0.044444,46.37,0,0,0,0,0.022222,0.93333,0,0.044444,0,0,Savaş öncesi
Kuveyt,2025-03-05,45,0,,,,,0,0,0.82222,0.17778,0,0,0,Savaş öncesi
Kuveyt,2025-03-06,45,0,,,,,0,0,0.95556,0.044444,0,0,0,Savaş öncesi
Kuveyt,2025-03-07,45,0.4,21.75,2.0591,2.0591,2.06,0,0,0.6,0,0.33333,0.066667,2.06,Savaş öncesi
Kuveyt,2025-03-08,45,0.6,8.44,9.0043,9.0043,9.01,0,0,0.4,0,0.4,0.2,9.98,Savaş öncesi
Kuveyt,2025-03-09,45,1,39.01,32.759,32.759,32.75,0,0,0,0,0.55556,0.44444,32.75,Savaş öncesi
Kuveyt,2025-03-10,45,1,57.66,19.606,19.606,30.18,0,0,0,0,0.77778,0.22222,30.18,Savaş öncesi
Kuveyt,2025-03-11,45,0.88889,54.23,18.197,19.734,17.22,0,0,0,0.11111,0.62222,0.26667,17.22,Savaş öncesi
Kuveyt,2025-03-12,45,0.93333,33.81,18.338,25.39,25.37,0,0.066667,0,0,0.66667,0.26667,25.37,Savaş öncesi
Kuveyt,2025-03-13,45,1,2.59,32.225,32.225,32.22,0,0,0,0,0.66667,0.33333,32.22,Savaş öncesi
Kuveyt,2025-03-14,45,0.95556,30.31,21.658,21.658,21.65,0,0.044444,0,0,0.64444,0.31111,21.65,Savaş öncesi
Kuveyt,2025-03-15,45,0.77778,52.24,7.2266,8.6943,8.7,0,0.022222,0.11111,0.088889,0.68889,0.088889,10.06,Savaş öncesi
Kuveyt,2025-03-16,45,0.95556,58.82,15.835,27.591,25.89,0,0,0,0.044444,0.71111,0.24444,25.89,Savaş öncesi
Kuveyt,2025-03-17,45,1,41.75,50.585,50.585,50.58,0,0,0,0,0.73333,0.26667,50.58,Savaş öncesi
Kuveyt,2025-03-18,45,1,13.94,35.986,35.986,35.96,0,0,0,0,0.68889,0.31111,35.96,Savaş öncesi
Kuveyt,2025-03-19,45,0.88889,20.235,2.271,2.271,2.27,0,0,0.11111,0,0.84444,0.044444,2.27,Savaş öncesi
Kuveyt,2025-03-20,45,0,,,,,0,0.044444,0.93333,0.022222,0,0,0,Savaş öncesi
Kuveyt,2025-03-21,45,0.022222,63.76,0,0,0,0,0.022222,0.71111,0.24444,0.022222,0,0,Savaş öncesi
Kuveyt,2025-03-22,45,0.97778,48.375,15.016,22.453,22.45,0,0.022222,0,0,0.77778,0.2,22.45,Savaş öncesi
Kuveyt,2025-03-23,45,1,24.43,21.388,21.388,21.4,0,0,0,0,0.66667,0.33333,21.4,Savaş öncesi
Kuveyt,2025-03-24,45,1,9.28,15.26,15.26,15.26,0,0,0,0,0.68889,0.31111,15.26,Savaş öncesi
Kuveyt,2025-03-25,45,1,39.02,15.064,15.064,15.08,0,0,0,0,0.71111,0.28889,15.08,Savaş öncesi
Kuveyt,2025-03-26,45,0.6,57.52,6.7536,8.5798,9.39,0,0,0.33333,0.066667,0.51111,0.088889,12.04,Savaş öncesi
Kuveyt,2025-03-27,45,0.95556,54.14,22.749,25.246,25.26,0,0.044444,0,0,0.66667,0.28889,26.65,Savaş öncesi
Kuveyt,2025-03-28,45,0.95556,33.67,24.988,26.13,26.13,0,0.044444,0,0,0.68889,0.26667,27.4,Savaş öncesi
Kuveyt,2025-03-29,45,0.97778,2.35,10.114,10.114,10.12,0,0,0.022222,0,0.71111,0.26667,10.12,Savaş öncesi
Kuveyt,2025-03-30,45,0.24444,30.5,2.9597,2.9597,2.96,0,0.088889,0.66667,0,0.2,0.044444,2.96,Savaş öncesi
Kuveyt,2025-03-31,45,0.088889,53.9,0,0,0,0,0,0.8,0.11111,0.088889,0,0.64,Savaş öncesi
Kuveyt,2025-04-01,45,0.93333,58.81,9.3551,11.482,11.48,0,0,0,0.066667,0.8,0.13333,11.48,Savaş öncesi
Kuveyt,2025-04-02,45,0,,,,,0,0,1,0,0,0,0,Savaş öncesi
Kuveyt,2025-04-03,45,0,,,,,0,0,1,0,0,0,0,Savaş öncesi
Kuveyt,2025-04-04,45,1,20.64,20.823,20.823,20.82,0,0,0,0,0.82222,0.17778,20.82,Savaş öncesi
Kuveyt,2025-04-05,45,0.11111,46.56,0,0,0,0,0,0.88889,0,0.11111,0,0,Savaş öncesi
Kuveyt,2025-04-06,45,0.11111,61.32,0,0,0,0,0,0.77778,0.11111,0.11111,0,0,Savaş öncesi
Kuveyt,2025-04-07,45,0.93333,48.06,154.04,154.04,154.07,0,0.044444,0,0.022222,0.68889,0.24444,155.69,Savaş öncesi
Kuveyt,2025-04-08,45,1,23.99,40.545,40.545,40.54,0,0,0,0,0.64444,0.35556,40.54,Savaş öncesi
Kuveyt,2025-04-09,45,1,9.77,34.876,34.876,34.89,0,0,0,0,0.6,0.4,34.89,Savaş öncesi
Kuveyt,2025-04-10,45,0.11111,41.09,0,0,0,0,0,0.86667,0.022222,0.11111,0,0,Savaş öncesi
Kuveyt,2025-04-11,45,0.66667,57.92,3.0996,4.8085,4.81,0,0,0.13333,0.2,0.62222,0.044444,4.81,Savaş öncesi
Kuveyt,2025-04-12,45,0.95556,53.88,22.932,22.932,22.95,0,0.022222,0,0.022222,0.64444,0.31111,24.85,Savaş öncesi
Kuveyt,2025-04-13,45,0.97778,33.19,21.018,22.371,22.37,0,0.022222,0,0,0.75556,0.22222,24.27,Savaş öncesi
Kuveyt,2025-04-14,45,1,1.97,47.076,47.076,47.08,0,0,0,0,0.66667,0.33333,47.08,Savaş öncesi
Kuveyt,2025-04-15,45,0.97778,31,45.992,55.095,55.08,0,0.022222,0,0,0.64444,0.33333,55.82,Savaş öncesi
Kuveyt,2025-04-16,45,0.95556,52.85,110.59,110.59,114.64,0,0,0,0.044444,0.71111,0.24444,114.64,Savaş öncesi
Kuveyt,2025-04-17,45,0.93333,58.365,95.742,101.08,112.55,0,0.022222,0,0.044444,0.73333,0.2,113.9,Savaş öncesi
Kuveyt,2025-04-18,45,1,41.06,99.067,99.067,99.07,0,0,0,0,0.73333,0.26667,99.07,Savaş öncesi
Kuveyt,2025-04-19,45,0.97778,12.895,68.849,68.849,68.86,0,0,0.022222,0,0.66667,0.31111,68.86,Savaş öncesi
Kuveyt,2025-04-20,45,1,21.3,41.677,41.677,41.67,0,0,0,0,0.73333,0.26667,41.67,Savaş öncesi
Kuveyt,2025-04-21,45,0.44444,47.6,77.654,77.654,77.65,0,0,0.48889,0.066667,0.35556,0.088889,83.22,Savaş öncesi
Kuveyt,2025-04-22,45,0.95556,62.14,73.711,76.458,90.1,0,0,0,0.044444,0.8,0.15556,90.1,Savaş öncesi
Kuveyt,2025-04-23,45,0.97778,47.795,133.05,143.91,143.93,0,0.022222,0,0,0.73333,0.24444,143.93,Savaş öncesi
Kuveyt,2025-04-24,45,1,23.44,96.472,96.472,96.49,0,0,0,0,0.71111,0.28889,96.49,Savaş öncesi
Kuveyt,2025-04-25,45,1,10.32,75.264,75.264,75.28,0,0,0,0,0.73333,0.26667,75.28,Savaş öncesi
Kuveyt,2025-04-26,45,1,39.7,70.923,70.923,70.92,0,0,0,0,0.68889,0.31111,70.92,Savaş öncesi
Kuveyt,2025-04-27,45,0.91111,58.05,18.863,21.836,31.29,0,0.022222,0,0.066667,0.68889,0.22222,32.51,Savaş öncesi
Kuveyt,2025-04-28,45,0.42222,69.19,2.6981,2.6981,2.69,0,0.022222,0.48889,0.066667,0.37778,0.044444,2.69,Savaş öncesi
Kuveyt,2025-04-29,45,0.44444,33.72,53.258,53.258,53.24,0,0.022222,0.53333,0,0.42222,0.022222,53.24,Savaş öncesi
Kuveyt,2025-04-30,45,0.22222,1.99,21.991,21.991,21.98,0,0,0.77778,0,0.13333,0.088889,23.03,Savaş öncesi
Kuveyt,2025-05-01,45,0.22222,30.975,9.013,9.013,9.01,0,0,0.77778,0,0.13333,0.088889,9.01,Savaş öncesi
Kuveyt,2025-05-02,45,0.13333,68.11,0,0,0,0,0.066667,0.73333,0.066667,0.13333,0,0,Savaş öncesi
Kuveyt,2025-05-03,45,0.77778,58.81,29.005,29.005,33.01,0,0,0.11111,0.11111,0.64444,0.13333,39.61,Savaş öncesi
Kuveyt,2025-05-04,45,0.55556,41.79,2.7331,2.7331,2.73,0,0,0.44444,0,0.53333,0.022222,2.73,Savaş öncesi
Kuveyt,2025-05-05,45,1,13.26,23.888,23.888,23.89,0,0,0,0,0.77778,0.22222,23.89,Savaş öncesi
Kuveyt,2025-05-06,45,1,20.94,29.075,29.075,29.06,0,0,0,0,0.75556,0.24444,29.06,Savaş öncesi
Kuveyt,2025-05-07,45,0.95556,46.63,15.724,22.151,22.14,0,0.044444,0,0,0.82222,0.13333,22.14,Savaş öncesi
Kuveyt,2025-05-08,45,1,61.94,29.855,33.811,48.25,0,0,0,0,0.82222,0.17778,48.25,Savaş öncesi
Kuveyt,2025-05-09,45,0.84444,48.075,32.092,32.092,32.09,0,0.11111,0,0.044444,0.66667,0.17778,35.23,Savaş öncesi
Kuveyt,2025-05-10,45,1,24.06,43.131,43.131,43.13,0,0,0,0,0.73333,0.26667,43.13,Savaş öncesi
Kuveyt,2025-05-11,45,1,9.65,41.327,41.327,41.32,0,0,0,0,0.71111,0.28889,41.32,Savaş öncesi
Kuveyt,2025-05-12,45,0.97778,39.255,23.611,23.611,23.6,0,0,0,0.022222,0.77778,0.2,23.6,Savaş öncesi
Kuveyt,2025-05-13,45,0.97778,57.86,13.264,16.972,16.97,0,0,0,0.022222,0.82222,0.15556,16.97,Savaş öncesi
Kuveyt,2025-05-14,45,0.91111,54.06,26.069,26.069,36.35,0,0.022222,0,0.066667,0.71111,0.2,40.46,Savaş öncesi
Kuveyt,2025-05-15,45,0.91111,33.56,24.239,26.117,26.13,0,0.088889,0,0,0.73333,0.17778,28.86,Savaş öncesi
Kuveyt,2025-05-16,45,1,2.23,24.023,24.023,24,0,0,0,0,0.71111,0.28889,24,Savaş öncesi
Kuveyt,2025-05-17,45,0.95556,30.51,26.411,26.411,26.4,0,0.044444,0,0,0.75556,0.2,26.4,Savaş öncesi
Kuveyt,2025-05-18,45,0.91111,52.63,26.673,33.683,33.68,0,0.044444,0,0.044444,0.71111,0.2,33.68,Savaş öncesi
Kuveyt,2025-05-19,45,0.97778,58.955,19.55,29.3,31.57,0,0.022222,0,0,0.84444,0.13333,31.57,Savaş öncesi
Kuveyt,2025-05-20,45,1,41.63,88.382,88.382,88.38,0,0,0,0,0.66667,0.33333,88.38,Savaş öncesi
Kuveyt,2025-05-21,45,1,13.8,71.292,71.292,71.27,0,0,0,0,0.77778,0.22222,71.27,Savaş öncesi
Kuveyt,2025-05-22,45,1,20.45,68.566,68.566,68.56,0,0,0,0,0.71111,0.28889,68.56,Savaş öncesi
Kuveyt,2025-05-23,45,0.95556,46.36,39.473,41.742,41.74,0,0.044444,0,0,0.73333,0.22222,41.74,Savaş öncesi
Kuveyt,2025-05-24,45,0.97778,61.815,39.364,53.695,86.81,0,0,0,0.022222,0.84444,0.13333,86.81,Savaş öncesi
Kuveyt,2025-05-25,45,0.91111,48.4,62.953,79.821,79.81,0,0.022222,0,0.066667,0.8,0.11111,82.25,Savaş öncesi
Kuveyt,2025-05-26,45,1,24.48,102.86,102.86,102.87,0,0,0,0,0.73333,0.26667,102.87,Savaş öncesi
Kuveyt,2025-05-27,45,1,9.17,101.01,101.01,101.01,0,0,0,0,0.71111,0.28889,101.01,Savaş öncesi
Kuveyt,2025-05-28,45,1,38.95,57.858,57.858,57.86,0,0,0,0,0.75556,0.24444,57.86,Savaş öncesi
Kuveyt,2025-05-29,45,0.93333,57.66,65.437,69.373,100.61,0,0.022222,0,0.044444,0.82222,0.11111,100.61,Savaş öncesi
Kuveyt,2025-05-30,45,0.91111,54.32,38.384,45.385,57.88,0,0.044444,0,0.044444,0.66667,0.24444,59.3,Savaş öncesi
Kuveyt,2025-05-31,45,0.95556,33.94,41.732,41.732,41.73,0,0.044444,0,0,0.77778,0.17778,41.73,Savaş öncesi
Kuveyt,2025-06-01,45,1,2.71,22.836,22.836,22.82,0,0,0,0,0.84444,0.15556,22.82,Savaş öncesi
Kuveyt,2025-06-02,45,0.93333,30.16,23.169,33.38,33.39,0,0.066667,0,0,0.8,0.13333,34.39,Savaş öncesi
Kuveyt,2025-06-03,45,0.88889,52.4,18.184,18.184,18.2,0,0.044444,0,0.066667,0.73333,0.15556,18.2,Savaş öncesi
Kuveyt,2025-06-04,45,1,59.07,10.26,10.26,34.71,0,0,0,0,0.93333,0.066667,34.71,Savaş öncesi
Kuveyt,2025-06-05,45,0.97778,42.02,17.715,17.715,17.72,0,0,0,0.022222,0.86667,0.11111,17.72,Savaş öncesi
Kuveyt,2025-06-06,45,1,14.24,23.652,23.652,23.65,0,0,0,0,0.82222,0.17778,23.65,Savaş öncesi
Kuveyt,2025-06-07,45,1,20.08,14.85,14.85,14.85,0,0,0,0,0.86667,0.13333,14.85,Savaş öncesi
Kuveyt,2025-06-08,45,0.97778,46.13,16.257,18.667,18.65,0,0,0,0.022222,0.84444,0.13333,18.65,Savaş öncesi
Kuveyt,2025-06-09,45,1,61.69,19.617,24.594,34.98,0,0,0,0,0.86667,0.13333,34.98,Savaş öncesi
Kuveyt,2025-06-10,45,0.8,48.545,0,0,0,0,0.2,0,0,0.8,0,3.34,Savaş öncesi
Kuveyt,2025-06-11,45,1,24.85,30.751,30.751,30.75,0,0,0,0,0.8,0.2,30.75,Savaş öncesi
Kuveyt,2025-06-12,45,1,8.76,15.846,15.846,15.85,0,0,0,0,0.82222,0.17778,15.85,Savaş öncesi
Kuveyt,2025-06-13,45,1,38.71,15.383,15.383,15.37,0,0,0,0,0.86667,0.13333,15.37,Savaş öncesi
Kuveyt,2025-06-14,45,0.95556,57.5,11.384,11.384,20.4,0,0,0,0.044444,0.86667,0.088889,20.4,Savaş öncesi
Kuveyt,2025-06-15,45,0.97778,54.35,26.389,26.389,26.38,0,0.022222,0,0,0.82222,0.15556,26.38,Savaş öncesi
Kuveyt,2025-06-16,45,0.91111,34.19,13.745,13.745,13.75,0,0.088889,0,0,0.82222,0.088889,15.29,Savaş öncesi
Kuveyt,2025-06-17,45,1,3.07,20.186,20.186,20.17,0,0,0,0,0.82222,0.17778,20.17,Savaş öncesi
Kuveyt,2025-06-18,45,0.97778,29.91,32.764,32.764,32.76,0,0.022222,0,0,0.75556,0.22222,32.76,Savaş öncesi
Kuveyt,2025-06-19,45,0.84444,52.28,7.3627,7.3627,7.37,0,0.11111,0,0.044444,0.77778,0.066667,7.37,Savaş öncesi
Kuveyt,2025-06-20,45,1,59.17,13.386,13.386,21.03,0,0,0,0,0.95556,0.044444,21.03,Savaş öncesi
Kuveyt,2025-06-21,45,1,42.12,27.705,27.705,27.71,0,0,0,0,0.84444,0.15556,27.71,Savaş öncesi
Kuveyt,2025-06-22,45,1,14.47,11.752,11.752,11.74,0,0,0,0,0.91111,0.088889,11.74,Savaş öncesi
Kuveyt,2025-06-23,45,1,19.78,16.225,16.225,16.22,0,0,0,0,0.86667,0.13333,16.22,Savaş öncesi
Kuveyt,2025-06-24,45,0.95556,45.95,14.031,15.457,15.45,0,0.044444,0,0,0.84444,0.11111,19.05,Savaş öncesi
Kuveyt,2025-06-25,45,1,61.72,11.789,11.789,18.52,0,0,0,0,0.93333,0.066667,18.52,Savaş öncesi
Kuveyt,2025-06-26,45,0.93333,48.855,20.417,20.417,20.41,0,0.044444,0,0.022222,0.8,0.13333,20.41,Savaş öncesi
Kuveyt,2025-06-27,45,1,25.09,21.218,21.218,21.22,0,0,0,0,0.82222,0.17778,21.22,Savaş öncesi
Kuveyt,2025-06-28,45,1,8.51,22.203,22.203,22.22,0,0,0,0,0.75556,0.24444,22.22,Savaş öncesi
Kuveyt,2025-06-29,45,1,38.54,65.189,65.189,65.19,0,0,0,0,0.75556,0.24444,65.19,Savaş öncesi
Kuveyt,2025-06-30,45,0.95556,57.42,16.035,18.514,30.87,0,0,0,0.044444,0.8,0.15556,30.87,Savaş öncesi
Kuveyt,2025-07-01,45,0.95556,54.52,72.57,72.57,76.86,0,0.022222,0,0.022222,0.62222,0.33333,78.79,Savaş öncesi
Kuveyt,2025-07-02,45,0.93333,34.435,44.583,44.583,44.58,0,0.066667,0,0,0.73333,0.2,44.58,Savaş öncesi
Kuveyt,2025-07-03,45,1,3.26,27.46,27.46,27.44,0,0,0,0,0.71111,0.28889,27.44,Savaş öncesi
Kuveyt,2025-07-04,45,1,29.76,31.274,31.274,31.28,0,0,0,0,0.8,0.2,31.28,Savaş öncesi
Kuveyt,2025-07-05,45,0.91111,52.15,14.966,14.966,14.97,0,0.066667,0,0.022222,0.77778,0.13333,14.97,Savaş öncesi
Kuveyt,2025-07-06,45,0.93333,59.185,1.4371,1.4371,4.48,0,0,0,0.066667,0.91111,0.022222,4.48,Savaş öncesi
Kuveyt,2025-07-07,45,1,42.26,19.003,19.003,19.01,0,0,0,0,0.86667,0.13333,19.01,Savaş öncesi
Kuveyt,2025-07-08,45,1,14.71,247,247,246.99,0,0,0,0,0.8,0.2,246.99,Savaş öncesi
Kuveyt,2025-07-09,45,1,19.6,23.295,23.295,23.3,0,0,0,0,0.84444,0.15556,23.3,Savaş öncesi
Kuveyt,2025-07-10,45,1,45.82,28.958,31.268,31.27,0,0,0,0,0.82222,0.17778,31.27,Savaş öncesi
Kuveyt,2025-07-11,45,1,61.73,43.506,57.876,62.08,0,0,0,0,0.84444,0.15556,62.08,Savaş öncesi
Kuveyt,2025-07-12,45,0.86667,48.79,23.01,23.01,23.01,0,0.066667,0,0.066667,0.77778,0.088889,27.64,Savaş öncesi
Kuveyt,2025-07-13,45,1,25.22,26.846,26.846,26.83,0,0,0,0,0.82222,0.17778,26.83,Savaş öncesi
Kuveyt,2025-07-14,45,1,8.32,19.605,19.605,19.6,0,0,0,0,0.8,0.2,19.6,Savaş öncesi
Kuveyt,2025-07-15,45,0.97778,38.38,21.055,21.055,21.06,0,0,0,0.022222,0.8,0.17778,21.06,Savaş öncesi
Kuveyt,2025-07-16,45,0.95556,57.28,8.5621,8.5621,23.01,0,0.022222,0,0.022222,0.88889,0.066667,23.01,Savaş öncesi
Kuveyt,2025-07-17,45,0.95556,54.44,15.136,15.136,23.47,0,0,0,0.044444,0.82222,0.13333,29.06,Savaş öncesi
Kuveyt,2025-07-18,45,0.93333,34.41,23.839,27.257,27.26,0,0.066667,0,0,0.75556,0.17778,27.26,Savaş öncesi
Kuveyt,2025-07-19,45,1,3.42,25.033,25.033,25.03,0,0,0,0,0.84444,0.15556,25.03,Savaş öncesi
Kuveyt,2025-07-20,45,0.97778,29.6,18.098,20.138,20.13,0,0.022222,0,0,0.84444,0.13333,20.13,Savaş öncesi
Kuveyt,2025-07-21,45,0.88889,52.035,85.435,96.681,96.66,0,0.088889,0,0.022222,0.68889,0.2,96.66,Savaş öncesi
Kuveyt,2025-07-22,45,0.95556,59.27,34.708,34.708,62.89,0,0,0,0.044444,0.8,0.15556,62.89,Savaş öncesi
Kuveyt,2025-07-23,45,0.97778,42.28,17.121,17.121,17.12,0,0,0,0.022222,0.86667,0.11111,17.12,Savaş öncesi
Kuveyt,2025-07-24,45,1,14.84,49.515,49.515,49.52,0,0,0,0,0.73333,0.26667,49.52,Savaş öncesi
Kuveyt,2025-07-25,45,1,19.42,22.069,22.069,22.08,0,0,0,0,0.84444,0.15556,22.08,Savaş öncesi
Kuveyt,2025-07-26,45,0.97778,45.73,21.515,24.922,24.91,0,0.022222,0,0,0.82222,0.15556,24.91,Savaş öncesi
Kuveyt,2025-07-27,45,0.97778,61.72,45.122,45.122,71.59,0,0,0,0.022222,0.84444,0.13333,71.59,Savaş öncesi
Kuveyt,2025-07-28,45,0.93333,48.985,33.463,45.203,45.19,0,0.044444,0,0.022222,0.82222,0.11111,52.22,Savaş öncesi
Kuveyt,2025-07-29,45,1,25.35,38.323,38.323,38.33,0,0,0,0,0.82222,0.17778,38.33,Savaş öncesi
Kuveyt,2025-07-30,45,1,8.21,40.184,40.184,40.19,0,0,0,0,0.77778,0.22222,40.19,Savaş öncesi
Kuveyt,2025-07-31,45,1,38.25,22.716,22.716,22.7,0,0,0,0,0.84444,0.15556,22.7,Savaş öncesi
Kuveyt,2025-08-01,45,1,57.26,17.498,21.563,28.95,0,0,0,0,0.84444,0.15556,28.95,Savaş öncesi
Kuveyt,2025-08-02,45,0.95556,54.63,34.574,34.574,34.58,0,0,0,0.044444,0.82222,0.13333,34.58,Savaş öncesi
Kuveyt,2025-08-03,45,0.93333,34.575,12.245,12.245,12.24,0,0.066667,0,0,0.82222,0.11111,12.24,Savaş öncesi
Kuveyt,2025-08-04,45,1,3.48,23.625,23.625,23.62,0,0,0,0,0.82222,0.17778,23.62,Savaş öncesi
Kuveyt,2025-08-05,45,1,29.51,37.415,39.936,39.93,0,0,0,0,0.86667,0.13333,39.93,Savaş öncesi
Kuveyt,2025-08-06,45,0.93333,51.93,29.126,29.126,29.14,0,0.044444,0,0.022222,0.82222,0.11111,29.14,Savaş öncesi
Kuveyt,2025-08-07,45,0.95556,59.37,18.124,21.643,22.09,0,0,0,0.044444,0.84444,0.11111,22.09,Savaş öncesi
Kuveyt,2025-08-08,45,0.77778,42.19,8.824,8.824,8.82,0,0,0.22222,0,0.75556,0.022222,8.82,Savaş öncesi
Kuveyt,2025-08-09,45,1,14.88,34.609,34.609,34.6,0,0,0,0,0.82222,0.17778,34.6,Savaş öncesi
Kuveyt,2025-08-10,45,1,19.42,25.933,25.933,25.92,0,0,0,0,0.88889,0.11111,25.92,Savaş öncesi
Kuveyt,2025-08-11,45,0.95556,45.69,21.484,28.764,28.76,0,0.044444,0,0,0.88889,0.066667,30.14,Savaş öncesi
Kuveyt,2025-08-12,45,0.93333,61.68,6.7378,9.7175,14.01,0,0,0,0.066667,0.84444,0.088889,14.01,Savaş öncesi
Kuveyt,2025-08-13,45,0.93333,48.97,19.521,26.907,26.9,0,0.044444,0,0.022222,0.8,0.13333,26.9,Savaş öncesi
Kuveyt,2025-08-14,45,1,25.35,22.55,22.55,22.54,0,0,0,0,0.84444,0.15556,22.54,Savaş öncesi
Kuveyt,2025-08-15,45,1,8.2,15.889,15.889,15.89,0,0,0,0,0.8,0.2,15.89,Savaş öncesi
Kuveyt,2025-08-16,45,0.97778,38.28,16.495,16.495,16.49,0,0,0,0.022222,0.84444,0.13333,18.7,Savaş öncesi
Kuveyt,2025-08-17,45,1,57.24,5.0154,5.0154,9.72,0,0,0,0,0.95556,0.044444,9.72,Savaş öncesi
Kuveyt,2025-08-18,45,0.91111,54.44,12.915,12.915,17.19,0,0,0,0.088889,0.8,0.11111,17.19,Savaş öncesi
Kuveyt,2025-08-19,45,0.91111,34.45,22.606,22.606,22.61,0,0.088889,0,0,0.73333,0.17778,22.61,Savaş öncesi
Kuveyt,2025-08-20,45,1,3.48,26.795,26.795,26.79,0,0,0,0,0.75556,0.24444,26.79,Savaş öncesi
Kuveyt,2025-08-21,45,1,29.57,25.876,27.144,27.15,0,0,0,0,0.82222,0.17778,27.15,Savaş öncesi
Kuveyt,2025-08-22,45,0.91111,51.97,18.303,18.303,18.29,0,0.088889,0,0,0.8,0.11111,21.22,Savaş öncesi
Kuveyt,2025-08-23,45,0.97778,59.18,17.771,19.526,19.52,0,0,0,0.022222,0.82222,0.15556,22.25,Savaş öncesi
Kuveyt,2025-08-24,45,0.95556,42.28,26.087,26.087,26.09,0,0.022222,0,0.022222,0.82222,0.13333,26.09,Savaş öncesi
Kuveyt,2025-08-25,45,1,14.78,16.722,16.722,16.73,0,0,0,0,0.82222,0.17778,16.73,Savaş öncesi
Kuveyt,2025-08-26,45,1,19.42,23.98,23.98,23.99,0,0,0,0,0.82222,0.17778,23.99,Savaş öncesi
Kuveyt,2025-08-27,45,0.97778,45.72,10.391,12.532,12.52,0,0.022222,0,0,0.86667,0.11111,12.52,Savaş öncesi
Kuveyt,2025-08-28,45,0.97778,61.61,11.221,13.646,38.8,0,0,0,0.022222,0.91111,0.066667,38.8,Savaş öncesi
Kuveyt,2025-08-29,45,0.97778,48.925,8.7979,8.7979,8.8,0,0.022222,0,0,0.91111,0.066667,8.8,Savaş öncesi
Kuveyt,2025-08-30,45,1,25.23,13.038,13.038,13.04,0,0,0,0,0.86667,0.13333,13.04,Savaş öncesi
Kuveyt,2025-08-31,45,1,8.28,20.604,20.604,20.6,0,0,0,0,0.8,0.2,20.6,Savaş öncesi
Kuveyt,2025-09-01,45,1,38.37,33.058,33.058,33.05,0,0,0,0,0.86667,0.13333,33.05,Savaş öncesi
Kuveyt,2025-09-02,45,1,57.26,31.632,31.632,50.47,0,0,0,0,0.77778,0.22222,50.47,Savaş öncesi
Kuveyt,2025-09-03,45,0.95556,54.51,53.631,53.631,58.76,0,0,0,0.044444,0.73333,0.22222,58.76,Savaş öncesi
Kuveyt,2025-09-04,45,0.97778,34.39,17.859,17.859,17.87,0,0.022222,0,0,0.84444,0.13333,22.14,Savaş öncesi
Kuveyt,2025-09-05,45,1,3.38,20.49,20.49,20.48,0,0,0,0,0.8,0.2,20.48,Savaş öncesi
Kuveyt,2025-09-06,45,0.97778,29.66,18.012,18.012,18.01,0,0.022222,0,0,0.82222,0.15556,18.01,Savaş öncesi
Kuveyt,2025-09-07,45,0.8,52.105,16.203,24.288,24.29,0,0.15556,0,0.044444,0.66667,0.13333,35.58,Savaş öncesi
Kuveyt,2025-09-08,45,0.93333,59.13,6.4519,21.268,15.49,0,0,0,0.066667,0.86667,0.066667,15.49,Savaş öncesi
Kuveyt,2025-09-09,45,1,42.18,30.808,30.808,30.8,0,0,0,0,0.86667,0.13333,30.8,Savaş öncesi
Kuveyt,2025-09-10,45,1,14.61,26.668,26.668,26.67,0,0,0,0,0.84444,0.15556,26.67,Savaş öncesi
Kuveyt,2025-09-11,45,1,19.66,28.985,28.985,28.99,0,0,0,0,0.84444,0.15556,28.99,Savaş öncesi
Kuveyt,2025-09-12,45,0.97778,45.87,13.974,19.717,19.71,0,0.022222,0,0,0.91111,0.066667,19.71,Savaş öncesi
Kuveyt,2025-09-13,45,0.95556,61.68,21.901,24.094,40.96,0,0.022222,0,0.022222,0.82222,0.13333,45.46,Savaş öncesi
Kuveyt,2025-09-14,45,0.82222,48.64,90.073,106.56,106.56,0,0.022222,0,0.15556,0.73333,0.088889,112.57,Savaş öncesi
Kuveyt,2025-09-15,45,1,25,58.913,58.913,58.91,0,0,0,0,0.84444,0.15556,58.91,Savaş öncesi
Kuveyt,2025-09-16,45,1,8.57,28.837,28.837,28.84,0,0,0,0,0.8,0.2,28.84,Savaş öncesi
Kuveyt,2025-09-17,45,0.97778,38.59,16.583,16.583,16.59,0,0,0,0.022222,0.86667,0.11111,16.59,Savaş öncesi
Kuveyt,2025-09-18,45,1,57.5,11.598,18.085,18.08,0,0,0,0,0.91111,0.088889,18.08,Savaş öncesi
Kuveyt,2025-09-19,45,0.97778,54.33,16.511,16.511,16.51,0,0.022222,0,0,0.84444,0.13333,16.51,Savaş öncesi
Kuveyt,2025-09-20,45,0.93333,34.35,8.8305,8.8305,8.83,0,0.066667,0,0,0.88889,0.044444,8.83,Savaş öncesi
Kuveyt,2025-09-21,45,1,3.04,23.646,23.646,23.62,0,0,0,0,0.8,0.2,23.62,Savaş öncesi
Kuveyt,2025-09-22,45,1,30,19.594,29.019,29.02,0,0,0,0,0.88889,0.11111,29.02,Savaş öncesi
Kuveyt,2025-09-23,45,0.95556,52.26,30.847,30.847,30.86,0,0,0,0.044444,0.8,0.15556,47.41,Savaş öncesi
Kuveyt,2025-09-24,45,0.95556,59.16,7.3387,7.3387,23.31,0,0,0,0.044444,0.88889,0.066667,23.31,Savaş öncesi
Kuveyt,2025-09-25,45,0.95556,41.96,8.9209,8.9209,8.93,0,0.022222,0,0.022222,0.82222,0.13333,13.84,Savaş öncesi
Kuveyt,2025-09-26,45,1,14.24,11.568,11.568,11.58,0,0,0,0,0.88889,0.11111,11.58,Savaş öncesi
Kuveyt,2025-09-27,45,1,20.05,11.552,11.552,11.55,0,0,0,0,0.91111,0.088889,11.55,Savaş öncesi
Kuveyt,2025-09-28,45,1,46.15,11.337,11.337,11.34,0,0,0,0,0.91111,0.088889,11.34,Savaş öncesi
Kuveyt,2025-09-29,45,0.95556,61.85,164.92,167.5,505.27,0,0,0,0.044444,0.91111,0.044444,511.41,Savaş öncesi
Kuveyt,2025-09-30,45,0.86667,48.53,48.915,102.93,102.92,0,0.11111,0,0.022222,0.73333,0.13333,111.86,Savaş öncesi
Kuveyt,2025-10-01,45,1,24.66,35.777,35.777,35.77,0,0,0,0,0.8,0.2,35.77,Savaş öncesi
Kuveyt,2025-10-02,45,1,9.1,26.868,26.868,26.87,0,0,0,0,0.82222,0.17778,26.87,Savaş öncesi
Kuveyt,2025-10-03,45,1,38.94,23.097,23.097,23.08,0,0,0,0,0.84444,0.15556,23.08,Savaş öncesi
Kuveyt,2025-10-04,45,0.95556,57.71,21.805,47.091,38.74,0,0,0,0.044444,0.82222,0.13333,38.74,Savaş öncesi
Kuveyt,2025-10-05,45,0.93333,54.215,15.906,15.906,23.94,0,0,0,0.066667,0.8,0.13333,37.46,Savaş öncesi
Kuveyt,2025-10-06,45,0.91111,33.75,28.547,29.213,29.22,0,0.088889,0,0,0.71111,0.2,29.22,Savaş öncesi
Kuveyt,2025-10-07,45,1,2.46,22.425,22.425,22.43,0,0,0,0,0.77778,0.22222,22.43,Savaş öncesi
Kuveyt,2025-10-08,45,0.97778,30.49,23.643,23.643,23.63,0,0.022222,0,0,0.8,0.17778,23.63,Savaş öncesi
Kuveyt,2025-10-09,45,0.93333,52.62,27.306,27.306,28.61,0,0.044444,0,0.022222,0.75556,0.17778,28.61,Savaş öncesi
Kuveyt,2025-10-10,45,0.95556,58.9,19.994,23.245,50.62,0,0,0,0.044444,0.84444,0.11111,63.68,Savaş öncesi
Kuveyt,2025-10-11,45,1,41.58,41.087,41.087,41.07,0,0,0,0,0.73333,0.26667,41.07,Savaş öncesi
Kuveyt,2025-10-12,45,1,13.64,47.296,47.296,47.3,0,0,0,0,0.68889,0.31111,47.3,Savaş öncesi
Kuveyt,2025-10-13,45,1,20.75,18.01,18.01,18.01,0,0,0,0,0.77778,0.22222,18.01,Savaş öncesi
Kuveyt,2025-10-14,45,0.93333,46.545,18.315,21.998,21.99,0,0.066667,0,0,0.8,0.13333,28.6,Savaş öncesi
Kuveyt,2025-10-15,45,1,61.95,73.662,90.867,105.98,0,0,0,0,0.8,0.2,105.98,Savaş öncesi
Kuveyt,2025-10-16,45,0.93333,48.15,93.067,125.54,125.54,0,0.022222,0,0.044444,0.68889,0.24444,125.54,Savaş öncesi
Kuveyt,2025-10-17,45,1,23.99,186.82,186.82,186.82,0,0,0,0,0.73333,0.26667,186.82,Savaş öncesi
Kuveyt,2025-10-18,45,1,9.83,76.536,76.536,76.54,0,0,0,0,0.77778,0.22222,76.54,Savaş öncesi
Kuveyt,2025-10-19,45,1,39.48,43.832,43.832,43.83,0,0,0,0,0.68889,0.31111,43.83,Savaş öncesi
Kuveyt,2025-10-20,45,0.95556,58.04,182.16,295.78,302.47,0,0,0,0.044444,0.6,0.35556,302.47,Savaş öncesi
Kuveyt,2025-10-21,45,0.91111,53.89,67.304,82.116,92.67,0,0,0,0.088889,0.71111,0.2,92.67,Savaş öncesi
Kuveyt,2025-10-22,45,0.93333,33.145,35.108,39.182,39.16,0,0.066667,0,0,0.77778,0.15556,42.93,Savaş öncesi
Kuveyt,2025-10-23,45,1,2,45.022,45.022,45.01,0,0,0,0,0.68889,0.31111,45.01,Savaş öncesi
Kuveyt,2025-10-24,45,1,31.18,54.238,67.307,67.3,0,0,0,0,0.77778,0.22222,67.3,Savaş öncesi
Kuveyt,2025-10-25,45,0.97778,53.01,131.98,131.98,116.61,0,0.022222,0,0,0.71111,0.26667,127.73,Savaş öncesi
Kuveyt,2025-10-26,45,0.95556,58.6,33.837,58.746,81.95,0,0,0,0.044444,0.77778,0.17778,95.61,Savaş öncesi
Kuveyt,2025-10-27,45,0.95556,41.01,48.715,48.715,48.72,0,0,0,0.044444,0.66667,0.28889,51.12,Savaş öncesi
Kuveyt,2025-10-28,45,1,12.72,49.108,49.108,49.09,0,0,0,0,0.68889,0.31111,49.09,Savaş öncesi
Kuveyt,2025-10-29,45,1,21.55,77.697,77.697,77.7,0,0,0,0,0.75556,0.24444,77.7,Savaş öncesi
Kuveyt,2025-10-30,45,0.93333,47.08,30.729,34.519,34.53,0,0.066667,0,0,0.71111,0.22222,37.17,Savaş öncesi
Kuveyt,2025-10-31,45,0.97778,62.285,26.815,36.034,53.68,0,0,0,0.022222,0.77778,0.2,53.68,Savaş öncesi
Kuveyt,2025-11-01,45,0.86667,47.61,33.051,35.198,35.2,0,0.13333,0,0,0.68889,0.17778,45.14,Savaş öncesi
Kuveyt,2025-11-02,45,1,23.13,35.04,35.04,35.04,0,0,0,0,0.68889,0.31111,35.04,Savaş öncesi
Kuveyt,2025-11-03,45,1,10.8,27.102,27.102,27.13,0,0,0,0,0.71111,0.28889,27.13,Savaş öncesi
Kuveyt,2025-11-04,45,1,40.17,31.14,31.14,31.12,0,0,0,0,0.66667,0.33333,31.12,Savaş öncesi
Kuveyt,2025-11-05,45,0.95556,58.39,28.3,35.838,39.68,0,0,0,0.044444,0.75556,0.2,42.53,Savaş öncesi
Kuveyt,2025-11-06,45,0.64444,53.22,12.787,12.787,12.81,0,0.022222,0.24444,0.088889,0.51111,0.13333,13.29,Savaş öncesi
Kuveyt,2025-11-07,45,0.97778,32.55,22.36,22.36,22.35,0,0.022222,0,0,0.77778,0.2,24.33,Savaş öncesi
Kuveyt,2025-11-08,45,1,1.77,12.777,12.777,12.79,0,0,0,0,0.75556,0.24444,12.79,Savaş öncesi
Kuveyt,2025-11-09,45,1,31.56,17.712,21.674,21.68,0,0,0,0,0.77778,0.22222,21.68,Savaş öncesi
Kuveyt,2025-11-10,45,0.97778,53.155,24.313,24.313,35.86,0,0,0,0.022222,0.71111,0.26667,35.86,Savaş öncesi
Kuveyt,2025-11-11,45,0.82222,58.29,9.1133,16.95,16.94,0,0.022222,0.13333,0.022222,0.73333,0.088889,30.84,Savaş öncesi
Kuveyt,2025-11-12,45,0.95556,41.09,24.951,24.951,24.94,0,0,0,0.044444,0.71111,0.24444,24.94,Savaş öncesi
Kuveyt,2025-11-13,45,1,12.72,17.134,17.134,17.14,0,0,0,0,0.8,0.2,17.14,Savaş öncesi
Kuveyt,2025-11-14,45,0.55556,20.7,6.9484,6.9484,6.94,0,0,0.44444,0,0.46667,0.088889,6.94,Savaş öncesi
Kuveyt,2025-11-15,45,0.11111,48.55,0,0,0,0,0.066667,0.82222,0,0.11111,0,0,Savaş öncesi
Kuveyt,2025-11-16,45,0.75556,62.6,0.31796,0.31796,0.32,0,0.022222,0.022222,0.2,0.73333,0.022222,0.32,Savaş öncesi
Kuveyt,2025-11-17,45,0.97778,47.915,24.94,26.576,26.57,0,0.022222,0,0,0.77778,0.2,26.57,Savaş öncesi
Kuveyt,2025-11-18,45,1,23.62,21.28,21.28,21.27,0,0,0,0,0.82222,0.17778,21.27,Savaş öncesi
Kuveyt,2025-11-19,45,1,10.13,27.693,27.693,27.7,0,0,0,0,0.73333,0.26667,27.7,Savaş öncesi
Kuveyt,2025-11-20,45,0.97778,39.6,41.212,41.212,41.25,0,0,0,0.022222,0.71111,0.26667,41.25,Savaş öncesi
Kuveyt,2025-11-21,45,0.97778,58.075,29.376,47.989,55.36,0,0,0,0.022222,0.77778,0.2,55.36,Savaş öncesi
Kuveyt,2025-11-22,45,0.91111,53.85,40.162,40.162,63.68,0,0.022222,0,0.066667,0.66667,0.24444,64.69,Savaş öncesi
Kuveyt,2025-11-23,45,0.95556,33.22,47.001,53.853,53.85,0,0.044444,0,0,0.71111,0.24444,57.59,Savaş öncesi
Kuveyt,2025-11-24,45,1,1.95,25.382,25.382,25.39,0,0,0,0,0.73333,0.26667,25.39,Savaş öncesi
Kuveyt,2025-11-25,45,0.15556,33.14,0,0,0,0,0.044444,0.8,0,0.15556,0,0,Savaş öncesi
Kuveyt,2025-11-26,45,0.93333,52.79,29.74,34.198,35.84,0,0.022222,0,0.044444,0.71111,0.22222,37.86,Savaş öncesi
Kuveyt,2025-11-27,45,0.95556,58.78,33.767,42.901,77.66,0,0,0,0.044444,0.73333,0.22222,90.14,Savaş öncesi
Kuveyt,2025-11-28,45,0.97778,41.48,60.123,60.123,60.13,0,0,0,0.022222,0.75556,0.22222,60.13,Savaş öncesi
Kuveyt,2025-11-29,45,1,13.45,39.827,39.827,39.84,0,0,0,0,0.62222,0.37778,39.84,Savaş öncesi
Kuveyt,2025-11-30,45,1,20.75,21.647,21.647,21.66,0,0,0,0,0.8,0.2,21.66,Savaş öncesi
Kuveyt,2025-12-01,45,0.44444,47.93,1.7689,1.7689,1.77,0,0.044444,0.51111,0,0.4,0.044444,1.77,Savaş öncesi
Kuveyt,2025-12-02,45,0.73333,61.9,10.6,11.549,13.2,0,0,0.13333,0.13333,0.6,0.13333,13.2,Savaş öncesi
Kuveyt,2025-12-03,45,0.93333,48.175,32.788,32.788,32.78,0,0.044444,0,0.022222,0.73333,0.2,34.57,Savaş öncesi
Kuveyt,2025-12-04,45,0.97778,24.33,18.775,18.775,18.77,0,0,0.022222,0,0.77778,0.2,18.77,Savaş öncesi
Kuveyt,2025-12-05,45,1,9.41,14.645,14.645,14.66,0,0,0,0,0.77778,0.22222,14.66,Savaş öncesi
Kuveyt,2025-12-06,45,0.97778,39.105,16.942,16.942,16.94,0,0,0,0.022222,0.71111,0.26667,16.94,Savaş öncesi
Kuveyt,2025-12-07,45,0.044444,57.55,0,0,0,0,0,0.71111,0.24444,0.044444,0,0,Savaş öncesi
Kuveyt,2025-12-08,45,0.044444,55.305,0,0,0,0,0.022222,0.82222,0.11111,0.044444,0,0,Savaş öncesi
Kuveyt,2025-12-09,45,0,,,,,0,0.044444,0.95556,0,0,0,0,Savaş öncesi
Kuveyt,2025-12-10,45,0.22222,1.29,2.0898,2.0898,2.09,0,0,0.77778,0,0.17778,0.044444,2.09,Savaş öncesi
Kuveyt,2025-12-11,45,0.84444,30.35,19.379,19.379,19.38,0,0.022222,0.13333,0,0.64444,0.2,19.38,Savaş öncesi
Kuveyt,2025-12-12,45,0.88889,52.43,13.498,14.809,14.81,0,0.066667,0,0.044444,0.75556,0.13333,15.43,Savaş öncesi
Kuveyt,2025-12-13,45,0.82222,59.07,15.727,19.6,32.95,0,0,0.15556,0.022222,0.64444,0.17778,32.95,Savaş öncesi
Kuveyt,2025-12-14,45,0.75556,41.98,16.371,16.371,16.39,0,0,0.2,0.044444,0.6,0.15556,16.39,Savaş öncesi
Kuveyt,2025-12-15,45,0.97778,14.09,3.4496,3.4496,3.45,0,0,0.022222,0,0.93333,0.044444,3.45,Savaş öncesi
Kuveyt,2025-12-16,45,0.95556,20.15,19.449,19.449,19.45,0,0,0.044444,0,0.66667,0.28889,19.45,Savaş öncesi
Kuveyt,2025-12-17,45,0.93333,46.14,4.2247,6.422,6.43,0,0.022222,0.044444,0,0.86667,0.066667,6.43,Savaş öncesi
Kuveyt,2025-12-18,45,0.15556,62.91,0,0,0,0,0,0.68889,0.15556,0.15556,0,0,Savaş öncesi
Kuveyt,2025-12-19,45,0.93333,48.47,18.734,23.192,23.19,0,0.066667,0,0,0.71111,0.22222,25.99,Savaş öncesi
Kuveyt,2025-12-20,45,1,24.68,26.659,26.659,26.67,0,0,0,0,0.77778,0.22222,26.67,Savaş öncesi
Kuveyt,2025-12-21,45,1,8.93,16.38,16.38,16.36,0,0,0,0,0.75556,0.24444,16.36,Savaş öncesi
Kuveyt,2025-12-22,45,1,38.77,48.696,48.696,48.7,0,0,0,0,0.68889,0.31111,48.7,Savaş öncesi
Kuveyt,2025-12-23,45,0.95556,57.47,27.339,37.32,38.69,0,0,0,0.044444,0.66667,0.28889,38.69,Savaş öncesi
Kuveyt,2025-12-24,45,0.93333,54.31,46.533,46.533,63.43,0,0.044444,0,0.022222,0.68889,0.24444,65.59,Savaş öncesi
Kuveyt,2025-12-25,45,0.6,33.88,48.129,48.129,48.12,0,0.022222,0.37778,0,0.55556,0.044444,48.12,Savaş öncesi
Kuveyt,2025-12-26,45,0.75556,2.855,0,0,0,0,0,0.24444,0,0.75556,0,0,Savaş öncesi
Kuveyt,2025-12-27,45,0.75556,29.535,5.6305,5.6305,5.64,0,0,0.24444,0,0.66667,0.088889,5.64,Savaş öncesi
Kuveyt,2025-12-28,45,0.91111,52.21,16.599,18.553,18.57,0,0.066667,0,0.022222,0.71111,0.2,18.57,Savaş öncesi
Kuveyt,2025-12-29,45,0.97778,59.065,14.178,24.457,22.86,0,0,0,0.022222,0.82222,0.15556,24.03,Savaş öncesi
Kuveyt,2025-12-30,45,0.97778,41.975,23.06,23.06,23.08,0,0,0,0.022222,0.73333,0.24444,23.08,Savaş öncesi
Kuveyt,2025-12-31,45,1,14.37,24.609,24.609,24.62,0,0,0,0,0.73333,0.26667,24.62,Savaş öncesi
Kuveyt,2026-01-01,45,0.93333,19.785,12.607,12.607,12.61,0,0,0.066667,0,0.73333,0.2,12.61,Savaş öncesi
Kuveyt,2026-01-02,45,0.97778,45.95,11.434,11.434,11.43,0,0.022222,0,0,0.82222,0.15556,11.43,Savaş öncesi
Kuveyt,2026-01-03,45,0.97778,61.64,32.104,35.881,41.64,0,0,0,0.022222,0.8,0.17778,41.64,Savaş öncesi
Kuveyt,2026-01-04,45,0.8,48.605,12.674,13.865,13.87,0,0.2,0,0,0.64444,0.15556,27.14,Savaş öncesi
Kuveyt,2026-01-05,45,1,24.98,43.246,43.246,43.23,0,0,0,0,0.71111,0.28889,43.23,Savaş öncesi
Kuveyt,2026-01-06,45,1,8.62,21.748,21.748,21.74,0,0,0,0,0.71111,0.28889,21.74,Savaş öncesi
Kuveyt,2026-01-07,45,1,38.55,26.132,26.132,0,0,0,0,0,0.66667,0.33333,,Savaş öncesi
Kuveyt,2026-01-08,45,1,57.41,76.469,138.88,143.27,0,0,0,0,0.71111,0.28889,143.27,Savaş öncesi
Kuveyt,2026-01-09,45,0.066667,69.14,16.52,19.872,19.87,0,0.022222,0.66667,0.24444,0.022222,0.044444,19.87,Savaş öncesi
Kuveyt,2026-01-10,45,0,,,,,1,0,0,0,0,0,20.92,Savaş öncesi
Kuveyt,2026-01-11,45,0,,,,,1,0,0,0,0,0,16.73,Savaş öncesi
Kuveyt,2026-01-12,45,0,,,,,1,0,0,0,0,0,7.04,Savaş öncesi
Kuveyt,2026-01-13,45,0,,,,,1,0,0,0,0,0,0.61,Savaş öncesi
Kuveyt,2026-01-14,45,0,,,,,1,0,0,0,0,0,16.02,Savaş öncesi
Kuveyt,2026-01-15,45,0.95556,42.28,19.259,19.259,19.24,0,0.022222,0,0.022222,0.73333,0.22222,19.92,Savaş öncesi
Kuveyt,2026-01-16,45,1,14.58,13.979,13.979,13.98,0,0,0,0,0.75556,0.24444,13.98,Savaş öncesi
Kuveyt,2026-01-17,45,0.86667,19.59,8.3394,8.3394,8.33,0,0,0.13333,0,0.71111,0.15556,8.33,Savaş öncesi
Kuveyt,2026-01-18,45,0.64444,45.38,6.5496,6.5496,6.55,0,0,0.35556,0,0.57778,0.066667,6.55,Savaş öncesi
Kuveyt,2026-01-19,45,0.93333,61.695,10.619,13.732,21.97,0,0,0,0.066667,0.8,0.13333,21.97,Savaş öncesi
Kuveyt,2026-01-20,45,0.6,48.58,4.2257,8.3656,8.37,0,0.044444,0.31111,0.044444,0.57778,0.022222,8.37,Savaş öncesi
Kuveyt,2026-01-21,45,1,25.1,61.834,61.834,61.83,0,0,0,0,0.66667,0.33333,61.83,Savaş öncesi
Kuveyt,2026-01-22,45,0.35556,7.67,5.1823,5.1823,5.18,0,0,0.64444,0,0.28889,0.066667,5.18,Savaş öncesi
Kuveyt,2026-01-23,45,0.11111,38.46,0,0,0,0,0,0.84444,0.044444,0.11111,0,2.59,Savaş öncesi
Kuveyt,2026-01-24,45,0.044444,66.8,0,0,0,0,0.022222,0.75556,0.17778,0.044444,0,0,Savaş öncesi
Kuveyt,2026-01-25,45,0.97778,54.4,12.215,12.215,15.06,0,0,0,0.022222,0.84444,0.13333,15.06,Savaş öncesi
Kuveyt,2026-01-26,45,0.91111,34.51,18.403,20.441,20.44,0,0.088889,0,0,0.66667,0.24444,21.19,Savaş öncesi
Kuveyt,2026-01-27,45,0.62222,3.78,4.3858,4.3858,4.38,0,0,0.37778,0,0.55556,0.066667,4.38,Savaş öncesi
Kuveyt,2026-01-28,45,0.55556,29.07,0,0,0,0,0,0.44444,0,0.55556,0,0,Savaş öncesi
Kuveyt,2026-01-29,45,0.91111,52.1,8.9306,8.9306,8.93,0,0.066667,0,0.022222,0.82222,0.088889,15.8,Savaş öncesi
Kuveyt,2026-01-30,45,0.91111,59.28,13.83,16.783,18.97,0,0,0,0.088889,0.73333,0.17778,21.11,Savaş öncesi
Kuveyt,2026-01-31,45,1,42.16,27.493,27.493,27.51,0,0,0,0,0.64444,0.35556,27.51,Savaş öncesi
Kuveyt,2026-02-01,45,1,14.56,17.712,17.712,17.72,0,0,0,0,0.75556,0.24444,17.72,Savaş öncesi
Kuveyt,2026-02-02,45,1,19.72,78.01,78.01,78.01,0,0,0,0,0.68889,0.31111,78.01,Savaş öncesi
Kuveyt,2026-02-03,45,0.84444,45.95,4.5465,4.5465,4.55,0,0.022222,0.044444,0.088889,0.77778,0.066667,7.02,Savaş öncesi
Kuveyt,2026-02-04,45,0.97778,61.69,132.69,224.81,228.34,0,0.022222,0,0,0.82222,0.15556,228.34,Savaş öncesi
Kuveyt,2026-02-05,45,0.77778,48.98,76.897,76.897,76.9,0,0.088889,0.13333,0,0.62222,0.15556,78.17,Savaş öncesi
Kuveyt,2026-02-06,45,0,,,,,0,0,1,0,0,0,0,Savaş öncesi
Kuveyt,2026-02-07,45,1,8.56,39.833,39.833,39.82,0,0,0,0,0.68889,0.31111,39.82,Savaş öncesi
Kuveyt,2026-02-08,45,1,38.56,39.799,39.799,39.81,0,0,0,0,0.71111,0.28889,39.81,Savaş öncesi
Kuveyt,2026-02-09,45,0.93333,57.435,43.856,43.856,43.84,0,0.044444,0,0.022222,0.68889,0.24444,43.84,Savaş öncesi
Kuveyt,2026-02-10,45,0,,,,,0,0.022222,0.82222,0.15556,0,0,0,Savaş öncesi
Kuveyt,2026-02-11,45,0.15556,34.51,1.6925,1.6925,1.69,0,0.022222,0.82222,0,0.13333,0.022222,1.69,Savaş öncesi
Kuveyt,2026-02-12,45,1,3.07,58.608,58.608,58.6,0,0,0,0,0.6,0.4,58.6,Savaş öncesi
Kuveyt,2026-02-13,45,1,29.93,54.725,56.652,56.68,0,0,0,0,0.68889,0.31111,56.68,Savaş öncesi
Kuveyt,2026-02-14,45,0.77778,52.28,59.005,59.005,59.02,0,0.15556,0,0.066667,0.55556,0.22222,65.99,Savaş öncesi
Kuveyt,2026-02-15,45,1,59.27,58.531,104.41,114.63,0,0,0,0,0.86667,0.13333,114.63,Savaş öncesi
Kuveyt,2026-02-16,45,1,42.08,163.89,163.89,163.89,0,0,0,0,0.68889,0.31111,163.89,Savaş öncesi
Kuveyt,2026-02-17,45,1,14.42,23.531,23.531,23.54,0,0,0,0,0.6,0.4,23.54,Savaş öncesi
Kuveyt,2026-02-18,45,1,19.93,41.109,41.109,41.11,0,0,0,0,0.68889,0.31111,41.11,Savaş öncesi
Kuveyt,2026-02-19,45,0.97778,46.045,32.108,32.67,32.65,0,0.022222,0,0,0.77778,0.2,32.65,Savaş öncesi
Kuveyt,2026-02-20,45,0.93333,61.73,45.006,47.176,39.54,0,0.022222,0,0.044444,0.71111,0.22222,47.04,Savaş öncesi
Kuveyt,2026-02-21,45,0.88889,48.61,28.997,30.04,30.05,0,0.088889,0,0.022222,0.71111,0.17778,30.05,Savaş öncesi
Kuveyt,2026-02-22,45,1,24.85,34.627,34.627,34.63,0,0,0,0,0.71111,0.28889,34.63,Savaş öncesi
Kuveyt,2026-02-23,45,1,8.8,29.686,29.686,29.69,0,0,0,0,0.66667,0.33333,29.69,Savaş öncesi
Kuveyt,2026-02-24,45,1,38.75,48.339,48.339,48.34,0,0,0,0,0.68889,0.31111,48.34,Savaş öncesi
Kuveyt,2026-02-25,45,0.95556,57.61,30.089,36.507,43.12,0,0,0,0.044444,0.64444,0.31111,43.12,Savaş öncesi
Kuveyt,2026-02-26,45,0.95556,54.35,51.279,54.921,69.53,0,0.022222,0,0.022222,0.62222,0.33333,69.53,Savaş öncesi
Kuveyt,2026-02-27,45,0.97778,34.14,22.383,22.383,22.38,0,0.022222,0,0,0.75556,0.22222,22.38,Savaş öncesi
Kuveyt,2026-02-28,45,1,2.83,21.441,21.441,21.45,0,0,0,0,0.71111,0.28889,21.45,geçiş
Kuveyt,2026-03-01,45,0.97778,30.15,22.477,23.346,23.37,0,0.022222,0,0,0.71111,0.26667,23.37,geçiş
Kuveyt,2026-03-02,45,0.91111,52.32,26.768,32.805,32.02,0,0.066667,0,0.022222,0.68889,0.22222,37.76,1. kapanma
Kuveyt,2026-03-03,45,0.93333,59.06,18.471,20.555,28.7,0,0,0,0.066667,0.8,0.13333,28.7,1. kapanma
Kuveyt,2026-03-04,45,0.93333,41.87,43.385,43.385,43.36,0,0,0,0.066667,0.71111,0.22222,44.13,1. kapanma
Kuveyt,2026-03-05,45,0.57778,11.66,8.9658,8.9658,8.97,0,0,0.42222,0,0.44444,0.13333,15.14,1. kapanma
Kuveyt,2026-03-06,45,1,20.21,53.901,53.901,53.88,0,0,0,0,0.64444,0.35556,53.88,1. kapanma
Kuveyt,2026-03-07,45,0.11111,47.73,0,0,0,0,0,0.86667,0.022222,0.11111,0,0,1. kapanma
Kuveyt,2026-03-08,45,0.97778,61.795,29.999,34.449,48.41,0,0,0,0.022222,0.77778,0.2,48.41,1. kapanma
Kuveyt,2026-03-09,45,0.93333,48.545,9.0792,9.0792,9.07,0,0.022222,0.022222,0.022222,0.86667,0.066667,10.35,1. kapanma
Kuveyt,2026-03-10,45,0.97778,24.54,34.399,34.399,34.41,0,0,0.022222,0,0.82222,0.15556,34.41,1. kapanma
Kuveyt,2026-03-11,45,0.46667,12.3,0.48428,0.48428,0.48,0,0,0.53333,0,0.44444,0.022222,0.48,1. kapanma
Kuveyt,2026-03-12,45,0.44444,38.41,0.6642,0.6642,0.66,0,0,0.53333,0.022222,0.42222,0.022222,0.66,1. kapanma
Kuveyt,2026-03-13,45,0.97778,57.78,27.737,28.777,37.3,0,0,0,0.022222,0.75556,0.22222,37.3,1. kapanma
Kuveyt,2026-03-14,45,0.44444,54.29,13.331,13.331,13.33,0,0.022222,0.4,0.13333,0.4,0.044444,17.04,1. kapanma
Kuveyt,2026-03-15,45,0,,,,,0,0.022222,0.97778,0,0,0,0,1. kapanma
Kuveyt,2026-03-16,45,0.44444,2.12,1.1204,1.1204,1.12,0,0,0.55556,0,0.4,0.044444,1.12,1. kapanma
Kuveyt,2026-03-17,45,0.97778,30.47,20.765,20.765,20.76,0,0.022222,0,0,0.77778,0.2,20.76,1. kapanma
Kuveyt,2026-03-18,45,0.86667,52.66,5.5644,5.5644,6.81,0,0.088889,0,0.044444,0.73333,0.13333,12.47,1. kapanma
Kuveyt,2026-03-19,45,0.51111,57.74,0,0,0,0,0,0.4,0.088889,0.51111,0,0,1. kapanma
Kuveyt,2026-03-20,45,0.82222,41.44,152.78,152.78,152.82,0,0,0.17778,0,0.62222,0.2,152.82,1. kapanma
Kuveyt,2026-03-21,45,0.93333,13.78,13.606,13.606,13.6,0,0,0.066667,0,0.8,0.13333,13.6,1. kapanma
Kuveyt,2026-03-22,45,1,20.69,36.285,36.285,36.28,0,0,0,0,0.82222,0.17778,36.28,1. kapanma
Kuveyt,2026-03-23,45,0,,,,,0,0.044444,0.82222,0.13333,0,0,0,1. kapanma
Kuveyt,2026-03-24,45,0.33333,63.12,2.2707,2.2707,2.27,0,0,0.55556,0.11111,0.26667,0.066667,2.27,1. kapanma
Kuveyt,2026-03-25,45,0,,,,,0,0.044444,0.95556,0,0,0,0,1. kapanma
Kuveyt,2026-03-26,45,1,24.05,20.501,20.501,20.5,0,0,0,0,0.8,0.2,20.5,1. kapanma
Kuveyt,2026-03-27,45,1,9.72,30.647,30.647,30.63,0,0,0,0,0.71111,0.28889,30.63,1. kapanma
Kuveyt,2026-03-28,45,1,39.38,10.667,10.667,10.67,0,0,0,0,0.75556,0.24444,10.67,1. kapanma
Kuveyt,2026-03-29,45,0.57778,59.055,2.5756,4.1335,0,0,0.044444,0.28889,0.088889,0.53333,0.044444,,1. kapanma
Kuveyt,2026-03-30,45,0.37778,54.07,0,0,0,0,0.022222,0.4,0.2,0.37778,0,0,1. kapanma
Kuveyt,2026-03-31,45,0.95556,33.25,30.293,46.934,46.94,0,0.044444,0,0,0.75556,0.2,46.94,1. kapanma
Kuveyt,2026-04-01,45,1,1.91,33.006,33.006,32.99,0,0,0,0,0.73333,0.26667,32.99,1. kapanma
Kuveyt,2026-04-02,45,0.55556,30.38,4.58,4.58,4.58,0,0.044444,0.4,0,0.51111,0.044444,4.58,1. kapanma
Kuveyt,2026-04-03,45,0.066667,52.38,0,0,0,0,0.044444,0.77778,0.11111,0.066667,0,0,1. kapanma
Kuveyt,2026-04-04,45,0.82222,58.37,68.92,89.184,89.2,0,0,0.11111,0.066667,0.71111,0.11111,100.06,1. kapanma
Kuveyt,2026-04-05,45,0.97778,41.185,102.05,102.05,102.05,0,0,0,0.022222,0.68889,0.28889,117.29,1. kapanma
Kuveyt,2026-04-06,45,1,12.96,80.587,80.587,80.58,0,0,0,0,0.71111,0.28889,80.58,1. kapanma
Kuveyt,2026-04-07,45,1,21.3,33.362,33.362,33.36,0,0,0,0,0.68889,0.31111,33.36,1. kapanma
Kuveyt,2026-04-08,45,0.97778,46.9,30.284,40.757,40.75,0,0.022222,0,0,0.77778,0.2,40.75,1. kapanma
Kuveyt,2026-04-09,45,1,62.12,84.802,85.941,114.69,0,0,0,0,0.8,0.2,114.69,1. kapanma
Kuveyt,2026-04-10,45,0.97778,47.83,38.99,40.204,40.21,0,0,0,0.022222,0.73333,0.24444,52.75,1. kapanma
Kuveyt,2026-04-11,45,1,23.38,41.965,41.965,41.97,0,0,0,0,0.8,0.2,41.97,1. kapanma
Kuveyt,2026-04-12,45,1,10.45,39.414,39.414,39.41,0,0,0,0,0.75556,0.24444,39.41,1. kapanma
Kuveyt,2026-04-13,45,0.95556,39.88,53.605,53.605,53.61,0,0,0.044444,0,0.66667,0.28889,53.61,1. kapanma
Kuveyt,2026-04-14,45,0.22222,58.655,3.8252,3.8252,3.82,0,0,0.57778,0.2,0.2,0.022222,6,1. kapanma
Kuveyt,2026-04-15,45,0.44444,62.125,0.83651,4.351,4.35,0,0.066667,0.44444,0.044444,0.42222,0.022222,22.53,1. kapanma
Kuveyt,2026-04-16,45,0.57778,32.85,8.1895,8.1895,8.19,0,0.044444,0.37778,0,0.48889,0.088889,15.51,1. kapanma
Kuveyt,2026-04-17,45,0.93333,2.045,21.445,21.445,21.46,0,0,0.066667,0,0.68889,0.24444,21.46,1. kapanma
Kuveyt,2026-04-18,45,0,,,,,0,0.022222,0.97778,0,0,0,0,1. kapanma
Kuveyt,2026-04-19,45,0.088889,67.995,0,0,0,0,0.022222,0.71111,0.17778,0.088889,0,0,1. kapanma
Kuveyt,2026-04-20,45,0.13333,56.665,0,0,0,0,0,0.62222,0.24444,0.13333,0,0,1. kapanma
Kuveyt,2026-04-21,45,0.97778,41.01,9.2131,9.2131,9.21,0,0,0,0.022222,0.86667,0.11111,9.21,1. kapanma
Kuveyt,2026-04-22,45,1,12.9,49.514,49.514,49.52,0,0,0,0,0.75556,0.24444,49.52,1. kapanma
Kuveyt,2026-04-23,45,1,21.3,69.794,69.794,69.77,0,0,0,0,0.73333,0.26667,69.77,1. kapanma
Kuveyt,2026-04-24,45,0,,,,,0,0.066667,0.88889,0.044444,0,0,0,1. kapanma
Kuveyt,2026-04-25,45,0,,,,,0,0.022222,0.77778,0.2,0,0,0,1. kapanma
Kuveyt,2026-04-26,45,0.91111,47.84,54.189,54.189,54.19,0,0.066667,0,0.022222,0.71111,0.2,54.19,1. kapanma
Kuveyt,2026-04-27,45,0.51111,21.39,75.861,75.861,75.86,0,0,0.48889,0,0.4,0.11111,75.86,1. kapanma
Kuveyt,2026-04-28,45,1,10.2,30.905,30.905,30.9,0,0,0,0,0.8,0.2,30.9,1. kapanma
Kuveyt,2026-04-29,45,0.95556,39.64,49.791,49.791,49.78,0,0,0,0.044444,0.8,0.15556,54.12,1. kapanma
Kuveyt,2026-04-30,45,1,58.11,44.132,68.91,93.51,0,0,0,0,0.86667,0.13333,93.51,1. kapanma
Kuveyt,2026-05-01,45,0.91111,53.75,46.486,46.486,56.73,0,0.044444,0,0.044444,0.77778,0.13333,56.73,1. kapanma
Kuveyt,2026-05-02,45,0.93333,32.97,52.638,52.638,52.65,0,0.066667,0,0,0.73333,0.2,52.65,1. kapanma
Kuveyt,2026-05-03,45,1,2.05,24.827,24.827,24.82,0,0,0,0,0.82222,0.17778,24.82,1. kapanma
Kuveyt,2026-05-04,45,0.91111,31.07,23.745,23.745,23.74,0,0.066667,0.022222,0,0.82222,0.088889,25.98,1. kapanma
Kuveyt,2026-05-05,45,0.91111,52.92,20.364,28.955,32.45,0,0.044444,0,0.044444,0.77778,0.13333,33.09,1. kapanma
Kuveyt,2026-05-06,45,0.84444,58.395,16.132,16.132,16.13,0,0,0.022222,0.13333,0.71111,0.13333,20.09,1. kapanma
Kuveyt,2026-05-07,45,0.066667,43.02,5.1229,5.1229,5.12,0,0,0.91111,0.022222,0.044444,0.022222,5.12,1. kapanma
Kuveyt,2026-05-08,45,0.55556,10.58,3.7403,3.7403,3.74,0,0,0.44444,0,0.48889,0.066667,3.74,1. kapanma
Kuveyt,2026-05-09,45,1,21.18,24.88,24.88,24.89,0,0,0,0,0.8,0.2,24.89,1. kapanma
Kuveyt,2026-05-10,45,0.93333,46.81,17.577,33.034,33.04,0,0.022222,0,0.044444,0.86667,0.066667,33.91,1. kapanma
Kuveyt,2026-05-11,45,1,62.06,26.805,32.497,46.73,0,0,0,0,0.93333,0.066667,46.73,1. kapanma
Kuveyt,2026-05-12,45,0.93333,47.94,56.35,73.578,73.58,0,0.066667,0,0,0.86667,0.066667,75.38,1. kapanma
Kuveyt,2026-05-13,45,1,23.69,42.096,42.096,42.08,0,0,0,0,0.77778,0.22222,42.08,1. kapanma
Kuveyt,2026-05-14,45,1,10.14,45.822,45.822,45.83,0,0,0,0,0.77778,0.22222,45.83,1. kapanma
Kuveyt,2026-05-15,45,0.93333,39.63,13.415,13.415,13.4,0,0,0.066667,0,0.77778,0.15556,15.26,1. kapanma
Kuveyt,2026-05-16,45,0.97778,58.07,18.777,28.144,40,0,0,0,0.022222,0.91111,0.066667,57.05,1. kapanma
Kuveyt,2026-05-17,45,0.95556,53.71,20.931,20.931,42.75,0,0.022222,0,0.022222,0.88889,0.066667,42.75,1. kapanma
Kuveyt,2026-05-18,45,0.88889,33.06,25.123,25.123,25.12,0,0.088889,0.022222,0,0.84444,0.044444,25.12,1. kapanma
Kuveyt,2026-05-19,45,1,2,32.679,32.679,32.67,0,0,0,0,0.82222,0.17778,32.67,1. kapanma
Kuveyt,2026-05-20,45,0.97778,31.13,29.561,31.058,31.07,0,0.022222,0,0,0.82222,0.15556,31.07,1. kapanma
Kuveyt,2026-05-21,45,0.91111,52.92,17.681,17.681,17.67,0,0.022222,0,0.066667,0.77778,0.13333,17.67,1. kapanma
Kuveyt,2026-05-22,45,0.97778,58.49,26.178,40.167,40.18,0,0,0,0.022222,0.77778,0.2,40.18,1. kapanma
Kuveyt,2026-05-23,45,0.97778,41.11,27.507,27.507,27.52,0,0,0,0.022222,0.8,0.17778,28.55,1. kapanma
Kuveyt,2026-05-24,45,0.86667,13.21,23.075,23.075,23.08,0,0,0.13333,0,0.73333,0.13333,23.08,1. kapanma
Kuveyt,2026-05-25,45,1,21.19,30.384,30.384,30.39,0,0,0,0,0.77778,0.22222,30.39,1. kapanma
Kuveyt,2026-05-26,45,0.88889,46.795,14.629,14.629,14.63,0,0.11111,0,0,0.8,0.088889,14.63,1. kapanma
Kuveyt,2026-05-27,45,1,62.08,10.89,19.9,23.46,0,0,0,0,0.93333,0.066667,23.46,1. kapanma
Kuveyt,2026-05-28,45,0.93333,47.89,26.827,29.679,29.67,0,0.066667,0,0,0.82222,0.11111,29.67,1. kapanma
Kuveyt,2026-05-29,45,1,23.69,25.659,25.659,25.65,0,0,0,0,0.91111,0.088889,25.65,1. kapanma
Kuveyt,2026-05-30,45,1,10.14,28.204,28.204,28.2,0,0,0,0,0.8,0.2,28.2,1. kapanma
Kuveyt,2026-05-31,45,0.97778,39.66,14.352,14.352,14.34,0,0,0,0.022222,0.86667,0.11111,14.34,1. kapanma
Kuveyt,2026-06-01,45,0.95556,58.12,33.765,33.765,52.83,0,0,0,0.044444,0.73333,0.22222,52.83,1. kapanma
Kuveyt,2026-06-02,45,0.82222,53.8,13.087,15.612,15.62,0,0.11111,0,0.066667,0.68889,0.13333,24.76,1. kapanma
Kuveyt,2026-06-03,45,0.93333,33.15,35.52,38.959,38.97,0,0.066667,0,0,0.84444,0.088889,40.3,1. kapanma
Kuveyt,2026-06-04,45,1,2.05,61.711,61.711,61.69,0,0,0,0,0.75556,0.24444,61.69,1. kapanma
Kuveyt,2026-06-05,45,1,31.19,42.114,45.776,45.79,0,0,0,0,0.86667,0.13333,45.79,1. kapanma
Kuveyt,2026-06-06,45,0.93333,53,49.281,49.281,49.27,0,0.022222,0,0.044444,0.75556,0.17778,55.25,1. kapanma
Kuveyt,2026-06-07,45,0.97778,58.63,44.45,46.502,63.62,0,0,0,0.022222,0.82222,0.15556,63.62,1. kapanma
Kuveyt,2026-06-08,45,1,41.09,52.5,52.5,52.5,0,0,0,0,0.82222,0.17778,52.5,1. kapanma
Kuveyt,2026-06-09,45,1,12.96,40.417,40.417,40.41,0,0,0,0,0.71111,0.28889,40.41,1. kapanma
Kuveyt,2026-06-10,45,1,21.31,44.595,44.595,44.61,0,0,0,0,0.77778,0.22222,44.61,1. kapanma
Kuveyt,2026-06-11,45,0.97778,46.91,25.269,25.269,25.27,0,0.022222,0,0,0.88889,0.088889,40.23,1. kapanma
Kuveyt,2026-06-12,45,0.97778,62.205,45.121,59.172,66.13,0,0.022222,0,0,0.88889,0.088889,66.13,1. kapanma
Kuveyt,2026-06-13,45,0.88889,47.955,37.739,37.739,37.73,0,0.088889,0,0.022222,0.77778,0.11111,37.73,1. kapanma
Kuveyt,2026-06-14,45,1,23.56,77.554,77.554,77.57,0,0,0,0,0.71111,0.28889,77.57,geçiş
Kuveyt,2026-06-15,45,1,10.29,45.785,45.785,45.78,0,0,0,0,0.77778,0.22222,45.78,geçiş
Kuveyt,2026-06-16,45,0.97778,39.785,215.15,215.15,215.15,0,0,0,0.022222,0.71111,0.26667,216.01,geçiş
Kuveyt,2026-06-17,45,1,58.22,37.34,57.969,86.15,0,0,0,0,0.84444,0.15556,86.15,geçiş
Kuveyt,2026-06-18,45,0.95556,53.69,84.535,84.535,84.54,0,0.022222,0,0.022222,0.77778,0.17778,84.54,Açılış
Kuveyt,2026-06-19,45,1,32.99,35.822,86.709,86.72,0,0,0,0,0.77778,0.22222,86.72,Açılış
Kuveyt,2026-06-20,45,1,2.09,64.421,64.421,64.41,0,0,0,0,0.77778,0.22222,64.41,Açılış
Kuveyt,2026-06-21,45,0.93333,31.235,121.44,121.44,121.46,0,0.066667,0,0,0.68889,0.24444,136.04,Açılış
Kuveyt,2026-06-22,45,0.97778,53.075,41.43,41.43,41.43,0,0,0,0.022222,0.75556,0.22222,41.43,Açılış
Kuveyt,2026-06-23,45,0.97778,58.565,34.74,37.512,90.08,0,0,0,0.022222,0.86667,0.11111,90.08,Açılış
Kuveyt,2026-06-24,45,0.97778,41.085,88.995,88.995,88.99,0,0,0,0.022222,0.77778,0.2,88.99,Açılış
Kuveyt,2026-06-25,45,1,12.84,51.12,51.12,51.11,0,0,0,0,0.77778,0.22222,51.11,Açılış
Kuveyt,2026-06-26,45,1,21.37,40.926,40.926,40.93,0,0,0,0,0.86667,0.13333,40.93,Açılış
Kuveyt,2026-06-27,45,0.93333,46.975,36.203,39.811,39.81,0,0.044444,0,0.022222,0.84444,0.088889,39.81,Açılış
Kuveyt,2026-06-28,45,1,62.16,222.36,232.53,227.5,0,0,0,0,0.8,0.2,227.5,Açılış
Kuveyt,2026-06-29,45,0.93333,47.875,30.151,39.019,39.02,0,0.044444,0,0.022222,0.8,0.13333,39.02,Açılış
Kuveyt,2026-06-30,45,1,23.68,85.029,85.029,85.02,0,0,0,0,0.75556,0.24444,85.02,Açılış
Kuveyt,2026-07-01,45,1,10.13,59.061,59.061,59.07,0,0,0,0,0.73333,0.26667,59.07,Açılış
Kuveyt,2026-07-02,45,1,39.65,58.777,58.777,58.77,0,0,0,0,0.82222,0.17778,58.77,Açılış
Kuveyt,2026-07-03,45,0.97778,58.1,33.709,48.038,105.26,0,0,0,0.022222,0.84444,0.13333,107.36,Açılış
Kuveyt,2026-07-04,45,0.91111,53.89,80.662,80.662,94.63,0,0,0,0.088889,0.71111,0.2,96.1,Açılış
Kuveyt,2026-07-05,45,0.97778,33.24,75.823,81.358,81.34,0,0.022222,0,0,0.82222,0.15556,81.34,Açılış
Kuveyt,2026-07-06,45,1,1.85,46.736,46.736,46.72,0,0,0,0,0.77778,0.22222,46.72,Açılış
Kuveyt,2026-07-07,45,1,30.94,156.74,156.74,156.74,0,0,0,0,0.73333,0.26667,156.74,Açılış
Kuveyt,2026-07-08,45,0.88889,52.885,61.912,61.912,64.7,0,0.066667,0,0.044444,0.66667,0.22222,81.85,Açılış
Kuveyt,2026-07-09,45,0.95556,58.76,75.302,89.375,93.85,0,0,0,0.044444,0.91111,0.044444,93.85,Açılış
Kuveyt,2026-07-10,45,1,41.38,68.529,68.529,68.52,0,0,0,0,0.84444,0.15556,68.52,Açılış
Kuveyt,2026-07-11,45,1,13.39,49.748,49.748,49.75,0,0,0,0,0.86667,0.13333,49.75,geçiş
Kuveyt,2026-07-12,45,1,20.88,32.174,32.174,32.17,0,0,0,0,0.91111,0.088889,32.17,geçiş
Kuveyt,2026-07-13,45,0.93333,46.62,30.958,30.958,30.96,0,0.044444,0,0.022222,0.86667,0.066667,30.96,2. kapanma
Kuveyt,2026-07-14,45,0.95556,62,45.753,45.753,49.1,0,0,0,0.044444,0.84444,0.11111,49.1,2. kapanma
Kuveyt,2026-07-15,45,0.84444,48.15,48.071,48.071,48.08,0,0.13333,0,0.022222,0.73333,0.11111,53.24,2. kapanma
Kuveyt,2026-07-16,45,1,24.14,48.973,48.973,48.98,0,0,0,0,0.82222,0.17778,48.98,2. kapanma
Kuveyt,2026-07-17,45,1,9.59,52.67,52.67,52.68,0,0,0,0,0.8,0.2,52.68,2. kapanma
Kuveyt,2026-07-18,45,0.97778,39.255,27.501,27.501,27.49,0,0,0,0.022222,0.86667,0.11111,27.49,2. kapanma
Kuveyt,2026-07-19,45,0.97778,57.875,51.037,71.288,81.87,0,0,0,0.022222,0.88889,0.088889,81.87,2. kapanma
Kuveyt,2026-07-20,45,0.93333,54.1,62.905,62.905,73,0,0.022222,0,0.044444,0.75556,0.17778,73,2. kapanma
Kuveyt,2026-07-21,45,0.95556,33.62,41.027,41.027,41.03,0,0.044444,0,0,0.84444,0.11111,41.03,2. kapanma
Kuveyt,2026-07-22,45,1,2.33,42.73,42.73,42.72,0,0,0,0,0.77778,0.22222,42.72,2. kapanma
Kuveyt,2026-07-23,45,0.95556,30.5,13.56,13.56,13.56,0,0.044444,0,0,0.84444,0.11111,13.56,2. kapanma
Kuveyt,2026-07-24,45,0.82222,52.62,44.953,53.168,53.17,0,0.13333,0,0.044444,0.64444,0.17778,63.42,2. kapanma
Kuveyt,2026-07-25,45,0.97778,58.775,44.778,53.848,78.65,0,0,0,0.022222,0.8,0.17778,78.65,2. kapanma
Kuveyt,2026-07-26,45,0.95556,41.82,41.791,41.791,41.79,0,0,0,0.044444,0.77778,0.17778,41.79,2. kapanma
Kuveyt,2026-07-27,45,0.95556,13.88,14.234,14.234,14.24,0,0,0.044444,0,0.93333,0.022222,14.24,2. kapanma
Kuveyt,2026-07-28,45,1,20.39,30.984,30.984,30.99,0,0,0,0,0.84444,0.15556,30.99,2. kapanma
Kuveyt,2026-07-29,45,1,46.31,15.461,15.461,15.46,0,0,0,0,0.91111,0.088889,15.46,2. kapanma
Kuveyt,2026-07-30,45,0.97778,61.825,19.292,22.957,39.38,0,0,0,0.022222,0.82222,0.15556,39.38,2. kapanma
Kuveyt,2026-07-31,45,0.84444,48.34,22.091,22.091,22.1,0,0.13333,0,0.022222,0.71111,0.13333,22.1,2. kapanma
Kuveyt,2026-08-01,45,1,24.54,32.527,32.527,32.53,0,0,0,0,0.86667,0.13333,32.53,2. kapanma
Kuveyt,2026-08-02,45,1,9.11,46.174,46.174,46.19,0,0,0,0,0.73333,0.26667,46.19,2. kapanma
Kuveyt,2026-08-03,45,0.93333,38.845,19.978,19.978,19.97,0,0,0.022222,0.044444,0.84444,0.088889,19.97,2. kapanma
Kuveyt,2026-08-04,45,0.73333,57.41,21.584,21.584,21.58,0,0,0.15556,0.11111,0.68889,0.044444,25.47,2. kapanma
Kuveyt,2026-08-05,45,0.93333,54.28,140,146.86,172.5,0,0,0,0.066667,0.75556,0.17778,172.5,2. kapanma
Kuveyt,2026-08-06,45,0.86667,33.94,17.738,28.395,28.38,0,0.13333,0,0,0.73333,0.13333,63.03,2. kapanma
Kuveyt,2026-08-07,45,1,2.84,38.314,38.314,38.32,0,0,0,0,0.84444,0.15556,38.32,2. kapanma
Kuveyt,2026-08-08,45,0.97778,30.115,32.113,32.113,32.11,0,0.022222,0,0,0.82222,0.15556,32.11,2. kapanma
Kuveyt,2026-08-09,45,0.88889,52.32,13.836,13.836,13.84,0,0.066667,0,0.044444,0.77778,0.11111,32.23,2. kapanma
Kuveyt,2026-08-10,45,0.93333,59.1,20.791,32.442,58.55,0,0,0,0.066667,0.84444,0.088889,58.55,2. kapanma
Kuveyt,2026-08-11,45,1,41.92,19.154,19.154,19.15,0,0,0,0,0.84444,0.15556,19.15,2. kapanma
Kuveyt,2026-08-12,45,1,14.3,41.749,41.749,41.76,0,0,0,0,0.82222,0.17778,41.76,2. kapanma
Kuveyt,2026-08-13,45,1,19.96,22.597,22.597,22.61,0,0,0,0,0.88889,0.11111,22.61,2. kapanma
Kuveyt,2026-08-14,45,0.97778,46.025,17.305,17.305,17.31,0,0,0,0.022222,0.84444,0.13333,17.31,2. kapanma
Kuveyt,2026-08-15,45,0.95556,61.62,18.885,18.885,26.92,0,0,0,0.044444,0.84444,0.11111,26.92,2. kapanma
Kuveyt,2026-08-16,45,0.93333,48.815,15.847,30.732,30.73,0,0.044444,0,0.022222,0.84444,0.088889,30.73,2. kapanma
Kuveyt,2026-08-17,45,1,24.92,23.2,23.2,23.2,0,0,0,0,0.84444,0.15556,23.2,2. kapanma
Kuveyt,2026-08-18,45,1,8.66,14.755,14.755,14.76,0,0,0,0,0.84444,0.15556,14.76,2. kapanma
Kuveyt,2026-08-19,45,1,38.59,11.253,11.253,11.25,0,0,0,0,0.88889,0.11111,11.25,2. kapanma
Kuveyt,2026-08-20,45,0.95556,57.44,9.1454,15.434,15.43,0,0,0,0.044444,0.84444,0.11111,15.43,2. kapanma
Kuveyt,2026-08-21,45,0.91111,54.46,14.724,17.754,31.51,0,0.022222,0,0.066667,0.8,0.11111,32.56,2. kapanma
Kuveyt,2026-08-22,45,0.91111,34.2,0,0,0,0,0.088889,0,0,0.91111,0,0,2. kapanma
Kuveyt,2026-08-23,45,0.93333,3.1,6.9668,6.9668,6.97,0,0,0.066667,0,0.88889,0.044444,6.97,2. kapanma
Kuveyt,2026-08-24,45,1,29.79,16.123,16.123,16.13,0,0,0,0,0.86667,0.13333,16.13,2. kapanma
Kuveyt,2026-08-25,45,0.86667,52.16,6.0211,6.0211,6.02,0,0.11111,0,0.022222,0.82222,0.044444,10.46,2. kapanma
Kuveyt,2026-08-26,45,0.97778,59.24,3.3134,6.9175,61.79,0,0,0,0.022222,0.95556,0.022222,61.79,2. kapanma
Kuveyt,2026-08-27,45,0.93333,42.34,11.107,11.107,11.1,0,0,0.044444,0.022222,0.88889,0.044444,11.1,2. kapanma
Kuveyt,2026-08-28,45,0,,,,,0,1,0,0,0,0,,2. kapanma
Kuveyt,2026-08-29,45,1,19.6,23.29,23.29,23.29,0,0,0,0,0.84444,0.15556,23.29,2. kapanma
Kuveyt,2026-08-30,45,1,45.81,62.534,96.979,96.99,0,0,0,0,0.86667,0.13333,96.99,2. kapanma
Kuveyt,2026-08-31,45,0.97778,61.695,100.95,110.71,110.69,0,0,0,0.022222,0.82222,0.15556,110.69,2. kapanma
Kuveyt,2026-09-01,45,0.88889,48.805,64.074,67.212,67.23,0,0.088889,0,0.022222,0.77778,0.11111,67.23,2. kapanma
Kuveyt,2026-09-02,45,1,25.17,101.75,101.75,101.74,0,0,0,0,0.86667,0.13333,101.74,2. kapanma
Kuveyt,2026-09-03,45,1,8.33,126.49,126.49,126.49,0,0,0,0,0.71111,0.28889,126.49,2. kapanma
Kuveyt,2026-09-04,45,0.97778,38.34,82.806,82.806,82.83,0,0,0,0.022222,0.73333,0.24444,82.83,2. kapanma
Kuveyt,2026-09-05,45,0.97778,57.255,76.901,86.445,107.63,0,0,0,0.022222,0.82222,0.15556,119.42,2. kapanma
Kuveyt,2026-09-06,45,0.93333,54.56,67.262,72.222,82.86,0,0.022222,0,0.044444,0.73333,0.2,82.86,2. kapanma
Kuveyt,2026-09-07,45,0.93333,34.545,34.102,34.102,34.1,0,0.066667,0,0,0.82222,0.11111,34.1,2. kapanma
Kuveyt,2026-09-08,45,1,3.43,38.685,38.685,38.69,0,0,0,0,0.84444,0.15556,38.69,2. kapanma
Kuveyt,2026-09-09,45,0.95556,29.51,8.0815,8.0815,8.09,0,0.044444,0,0,0.88889,0.066667,8.09,2. kapanma
Kuveyt,2026-09-10,45,0.95556,51.92,37.464,42.269,43.52,0,0.044444,0,0,0.84444,0.11111,43.52,2. kapanma
Kuveyt,2026-09-11,45,0.97778,59.315,51.11,111.11,128.23,0,0,0,0.022222,0.91111,0.066667,128.23,2. kapanma
Kuveyt,2026-09-12,45,1,42.32,73.145,73.145,73.14,0,0,0,0,0.91111,0.088889,73.14,2. kapanma
Kuveyt,2026-09-13,45,1,14.91,17.038,17.038,17.04,0,0,0,0,0.86667,0.13333,17.04,2. kapanma
Kuveyt,2026-09-14,45,1,19.35,55.877,55.877,55.88,0,0,0,0,0.86667,0.13333,55.88,2. kapanma
Kuveyt,2026-09-15,45,1,45.65,25.345,29.402,29.4,0,0,0,0,0.93333,0.066667,29.4,2. kapanma
Kuveyt,2026-09-16,45,0.95556,61.67,55.248,56.951,73.76,0,0.044444,0,0,0.86667,0.088889,73.76,2. kapanma
Kuveyt,2026-09-17,45,0.93333,49.015,120.81,182.57,182.58,0,0.044444,0,0.022222,0.75556,0.17778,182.58,2. kapanma
Kuveyt,2026-09-18,45,1,25.41,75.272,75.272,75.27,0,0,0,0,0.93333,0.066667,75.27,2. kapanma
Kuveyt,2026-09-19,45,1,8.06,86.092,86.092,86.11,0,0,0,0,0.77778,0.22222,86.11,2. kapanma
Kuveyt,2026-09-20,45,0.95556,38.16,69.882,69.882,69.86,0,0.022222,0,0.022222,0.77778,0.17778,69.86,2. kapanma
Kuveyt,2026-09-21,45,0.95556,57.26,121.22,122.91,79.27,0,0,0,0.044444,0.8,0.15556,212.69,2. kapanma
Kuveyt,2026-09-22,45,0.95556,54.51,138.38,138.38,138.39,0,0,0,0.044444,0.71111,0.24444,143.48,2. kapanma
Kuveyt,2026-09-23,45,0.95556,34.83,133.64,174.77,174.77,0,0.044444,0,0,0.75556,0.2,177.74,geçiş
Kuveyt,2026-09-24,45,1,3.72,127.99,127.99,127.99,0,0,0,0,0.75556,0.24444,127.99,geçiş
Suudi Arabistan,2024-09-01,191,0.95812,44.07,158.4,171.27,189,0,0.015707,0.010471,0.015707,0.77487,0.18325,189,Savaş öncesi
Suudi Arabistan,2024-09-02,191,1,16.85,166.21,166.21,166.22,0,0,0,0,0.76963,0.23037,166.22,Savaş öncesi
Suudi Arabistan,2024-09-03,191,1,18.28,212.39,215.41,215.41,0,0,0,0,0.80105,0.19895,215.41,Savaş öncesi
Suudi Arabistan,2024-09-04,191,0.96335,45.29,143.62,158.25,158.24,0,0.015707,0,0.020942,0.80628,0.15707,158.24,Savaş öncesi
Suudi Arabistan,2024-09-05,191,0.95288,61.51,195.45,200.67,273.39,0,0.020942,0,0.026178,0.79581,0.15707,274.14,Savaş öncesi
Suudi Arabistan,2024-09-06,191,0.94764,50.36,148.99,161.55,165.32,0,0.041885,0,0.010471,0.81152,0.13613,179.16,Savaş öncesi
Suudi Arabistan,2024-09-07,191,0.95812,27.08,225.75,225.75,225.8,0,0.0052356,0.031414,0.0052356,0.74869,0.20942,225.8,Savaş öncesi
Suudi Arabistan,2024-09-08,191,0.98953,7.11,204.63,204.63,204.6,0,0,0.010471,0,0.78534,0.20419,204.6,Savaş öncesi
Suudi Arabistan,2024-09-09,191,0.95812,37.9,190.36,206.65,206.68,0,0.026178,0,0.015707,0.7801,0.17801,210.87,Savaş öncesi
Suudi Arabistan,2024-09-10,191,0.96335,57.305,161.95,238.28,311.25,0,0,0.0052356,0.031414,0.8377,0.12565,311.25,Savaş öncesi
Suudi Arabistan,2024-09-11,191,0.96335,55.65,149.92,168.5,210.03,0,0.015707,0.0052356,0.015707,0.8377,0.12565,211.69,Savaş öncesi
Suudi Arabistan,2024-09-12,191,0.95288,36.03,246.48,299.68,299.72,0,0.026178,0,0.020942,0.74346,0.20942,315.71,Savaş öncesi
Suudi Arabistan,2024-09-13,191,1,6.56,163.32,163.32,163.29,0,0,0,0,0.79058,0.20942,163.29,Savaş öncesi
Suudi Arabistan,2024-09-14,191,0.97382,28.82,162.23,164.83,164.8,0,0.015707,0.0052356,0.0052356,0.79058,0.18325,168.04,Savaş öncesi
Suudi Arabistan,2024-09-15,191,0.93194,51.815,160.84,175.39,179.25,0,0.031414,0,0.036649,0.81152,0.12042,179.25,Savaş öncesi
Suudi Arabistan,2024-09-16,191,0.94241,60.385,109.56,141.7,212.73,0,0.020942,0,0.036649,0.78534,0.15707,231.5,Savaş öncesi
Suudi Arabistan,2024-09-17,191,0.96335,43.93,123.84,132.24,132.24,0,0.020942,0,0.015707,0.79581,0.16754,136.13,Savaş öncesi
Suudi Arabistan,2024-09-18,191,1,16.72,166.83,170.01,170.02,0,0,0,0,0.77487,0.22513,170.02,Savaş öncesi
Suudi Arabistan,2024-09-19,191,1,18.34,221.68,221.68,221.71,0,0,0,0,0.75393,0.24607,221.71,Savaş öncesi
Suudi Arabistan,2024-09-20,191,0.96335,45.27,191.68,203.78,203.8,0,0.015707,0,0.020942,0.82199,0.14136,203.8,Savaş öncesi
Suudi Arabistan,2024-09-21,191,0.94764,61.57,139.69,197.95,242.16,0,0.015707,0,0.036649,0.84293,0.10471,255.68,Savaş öncesi
Suudi Arabistan,2024-09-22,191,0.91099,50.495,98.532,98.532,103.9,0,0.073298,0,0.015707,0.77487,0.13613,157.37,Savaş öncesi
Suudi Arabistan,2024-09-23,191,0.99476,27.365,207.96,207.96,207.98,0,0.0052356,0,0,0.78534,0.20942,207.98,Savaş öncesi
Suudi Arabistan,2024-09-24,191,1,6.63,236.59,236.59,236.59,0,0,0,0,0.74346,0.25654,236.59,Savaş öncesi
Suudi Arabistan,2024-09-25,191,0.94241,37.49,193.68,213.57,213.56,0,0.031414,0,0.026178,0.74346,0.19895,215.49,Savaş öncesi
Suudi Arabistan,2024-09-26,191,0.95288,57.025,147.66,178.49,224.31,0,0,0,0.04712,0.82199,0.13089,236.44,Savaş öncesi
Suudi Arabistan,2024-09-27,191,0.93717,55.97,293.47,360.07,385.97,0,0.015707,0,0.04712,0.73298,0.20419,388.53,Savaş öncesi
Suudi Arabistan,2024-09-28,191,0.99476,36.56,286.31,286.31,294.3,0,0,0,0.0052356,0.73298,0.26178,294.3,Savaş öncesi
Suudi Arabistan,2024-09-29,191,1,7.36,250.36,250.36,250.37,0,0,0,0,0.73298,0.26702,250.37,Savaş öncesi
Suudi Arabistan,2024-09-30,191,0.97382,28.26,197.49,197.49,197.48,0,0.026178,0,0,0.7801,0.19372,197.48,Savaş öncesi
Suudi Arabistan,2024-10-01,191,0.9267,51.54,156.34,167.2,171.41,0,0.04712,0,0.026178,0.81152,0.11518,195.63,Savaş öncesi
Suudi Arabistan,2024-10-02,191,0.96335,60.64,98.231,123.17,145.13,0,0.010471,0,0.026178,0.83246,0.13089,151.51,Savaş öncesi
Suudi Arabistan,2024-10-03,191,0.96335,44.32,223.38,227.14,227.12,0,0.015707,0,0.020942,0.77487,0.18848,230.98,Savaş öncesi
Suudi Arabistan,2024-10-04,191,0.99476,17.255,174.64,174.64,174.67,0,0,0,0.0052356,0.7644,0.23037,174.67,Savaş öncesi
Suudi Arabistan,2024-10-05,191,1,17.83,194.94,196.87,196.85,0,0,0,0,0.79058,0.20942,196.85,Savaş öncesi
Suudi Arabistan,2024-10-06,191,0.97382,44.97,118.14,126.73,128.48,0,0.0052356,0,0.020942,0.81152,0.1623,157,Savaş öncesi
Suudi Arabistan,2024-10-07,191,0.95288,61.42,143.93,196.55,238.55,0,0.0052356,0,0.041885,0.80628,0.1466,243.26,Savaş öncesi
Suudi Arabistan,2024-10-08,191,0.94241,50.72,170.38,184.89,184.9,0,0.031414,0,0.026178,0.75916,0.18325,194.59,Savaş öncesi
Suudi Arabistan,2024-10-09,191,0.98429,27.695,377.08,377.08,377.07,0,0.010471,0,0.0052356,0.72775,0.25654,377.07,Savaş öncesi
Suudi Arabistan,2024-10-10,191,1,6.27,218.7,218.7,218.7,0,0,0,0,0.73822,0.26178,218.7,Savaş öncesi
Suudi Arabistan,2024-10-11,191,0.97382,37.29,187.93,190.33,190.36,0,0.020942,0,0.0052356,0.73822,0.2356,190.36,Savaş öncesi
Suudi Arabistan,2024-10-12,191,0.97906,56.91,170.97,193.74,208.97,0,0,0,0.020942,0.81152,0.16754,208.97,Savaş öncesi
Suudi Arabistan,2024-10-13,191,0.94241,56.085,175.75,194.93,234.69,0,0.020942,0,0.036649,0.75393,0.18848,243.03,Savaş öncesi
Suudi Arabistan,2024-10-14,191,0.97906,36.7,161.41,161.41,163.95,0,0.015707,0,0.0052356,0.7644,0.21466,163.95,Savaş öncesi
Suudi Arabistan,2024-10-15,191,1,7.46,201.5,203.81,203.8,0,0,0,0,0.73822,0.26178,203.8,Savaş öncesi
Suudi Arabistan,2024-10-16,191,0.98953,28.2,273.49,273.49,0,0,0.010471,0,0,0.80105,0.18848,0,Savaş öncesi
Suudi Arabistan,2024-10-17,191,0.9267,51.48,170.1,178.85,188.25,0,0.04712,0,0.026178,0.80628,0.12042,236.4,Savaş öncesi
Suudi Arabistan,2024-10-18,191,0.97382,60.63,143.88,169.14,184.39,0,0.015707,0,0.010471,0.80105,0.17277,199.85,Savaş öncesi
Suudi Arabistan,2024-10-19,191,0.97382,44.32,113.29,119.18,124.34,0,0.015707,0,0.010471,0.80105,0.17277,127.8,Savaş öncesi
Suudi Arabistan,2024-10-20,191,0.99476,17.205,135.83,135.83,135.84,0,0.0052356,0,0,0.74869,0.24607,135.84,Savaş öncesi
Suudi Arabistan,2024-10-21,191,0.98953,17.89,146.82,148.13,148.07,0,0,0.010471,0,0.72251,0.26702,148.07,Savaş öncesi
Suudi Arabistan,2024-10-22,191,0.75916,44.75,115.13,118.23,120,0,0.0052356,0.21466,0.020942,0.61257,0.1466,120,Savaş öncesi
Suudi Arabistan,2024-10-23,191,0.90576,61.48,122.94,141.19,151.13,0,0,0.036649,0.057592,0.78534,0.12042,151.13,Savaş öncesi
Suudi Arabistan,2024-10-24,191,0.77487,51.69,43.209,43.209,50.91,0,0.052356,0.13089,0.041885,0.6911,0.08377,55.88,Savaş öncesi
Suudi Arabistan,2024-10-25,191,0.96335,27.59,147.3,156.29,156.3,0,0,0.036649,0,0.68586,0.27749,156.3,Savaş öncesi
Suudi Arabistan,2024-10-26,191,0.94764,6.45,145.77,148.61,148.6,0,0,0.052356,0,0.6911,0.25654,148.6,Savaş öncesi
Suudi Arabistan,2024-10-27,191,0.97906,37.51,108.5,113.11,113.1,0,0.020942,0,0,0.75393,0.22513,118.08,Savaş öncesi
Suudi Arabistan,2024-10-28,191,0.93717,57.02,118.23,130.19,162.26,0,0.010471,0.0052356,0.04712,0.71728,0.2199,163.43,Savaş öncesi
Suudi Arabistan,2024-10-29,191,0.9267,55.98,127.15,156.13,168.42,0,0.031414,0.020942,0.020942,0.70157,0.22513,168.42,Savaş öncesi
Suudi Arabistan,2024-10-30,191,0.65445,38.02,65.531,65.531,65.53,0,0,0.31937,0.026178,0.5445,0.10995,65.53,Savaş öncesi
Suudi Arabistan,2024-10-31,191,0.65445,9.1,53.012,53.012,53.03,0,0,0.34555,0,0.53403,0.12042,53.03,Savaş öncesi
Suudi Arabistan,2024-11-01,191,0.94241,27.92,73.089,73.089,73.09,0,0.015707,0.041885,0,0.79058,0.15183,73.09,Savaş öncesi
Suudi Arabistan,2024-11-02,191,0.91099,51.26,128.71,142.4,143.58,0,0.04712,0,0.041885,0.72251,0.18848,150.95,Savaş öncesi
Suudi Arabistan,2024-11-03,191,0.9267,60.86,314.52,497.2,535.11,0,0.031414,0.0052356,0.036649,0.73822,0.18848,554.69,Savaş öncesi
Suudi Arabistan,2024-11-04,191,0.98429,44.735,224.24,226.16,226.19,0,0.010471,0,0.0052356,0.71204,0.27225,226.19,Savaş öncesi
Suudi Arabistan,2024-11-05,191,1,18.06,179.61,179.61,179.58,0,0,0,0,0.67016,0.32984,179.58,Savaş öncesi
Suudi Arabistan,2024-11-06,191,1,16.91,385.45,387.09,387.1,0,0,0,0,0.6911,0.3089,387.1,Savaş öncesi
Suudi Arabistan,2024-11-07,191,0.99476,44.32,215.66,221.17,222.25,0,0,0,0.0052356,0.74346,0.25131,222.25,Savaş öncesi
Suudi Arabistan,2024-11-08,191,0.95288,60.985,124.04,143.31,205.1,0,0.020942,0,0.026178,0.7644,0.18848,209.39,Savaş öncesi
Suudi Arabistan,2024-11-09,191,0,,,,,1,0,0,0,0,0,149.58,Savaş öncesi
Suudi Arabistan,2024-11-10,191,0.98429,28.93,185.5,195.03,0,0,0.015707,0,0,0.70157,0.28272,0,Savaş öncesi
Suudi Arabistan,2024-11-11,191,0.99476,4.845,136.41,139.05,139.03,0,0.0052356,0,0,0.72775,0.26702,139.03,Savaş öncesi
Suudi Arabistan,2024-11-12,191,0.94764,36.04,126.18,159.59,159.59,0,0.04712,0,0.0052356,0.75393,0.19372,162.62,Savaş öncesi
Suudi Arabistan,2024-11-13,191,0.95812,56.1,124.92,148.16,220.26,0,0,0,0.041885,0.73298,0.22513,221.71,Savaş öncesi
Suudi Arabistan,2024-11-14,191,0.94241,56.87,95.583,114.65,129.71,0,0.015707,0,0.041885,0.71728,0.22513,148.68,Savaş öncesi
Suudi Arabistan,2024-11-15,191,0.97906,38,171.29,171.29,176.46,0,0.0052356,0,0.015707,0.72251,0.25654,179.07,Savaş öncesi
Suudi Arabistan,2024-11-16,191,1,8.56,144.66,144.66,144.67,0,0,0,0,0.67016,0.32984,144.67,Savaş öncesi
Suudi Arabistan,2024-11-17,191,0.98953,26.53,228.44,228.44,228.44,0,0.010471,0,0,0.74869,0.24084,231.46,Savaş öncesi
Suudi Arabistan,2024-11-18,191,0.93717,50.44,159.04,192.34,195.12,0,0.036649,0,0.026178,0.75393,0.18325,203.45,Savaş öncesi
Suudi Arabistan,2024-11-19,191,0.94241,61.415,144.55,183.16,183.8,0,0.015707,0,0.041885,0.7801,0.1623,192.24,Savaş öncesi
Suudi Arabistan,2024-11-20,191,0.96335,45.48,129.26,137.75,137.79,0,0.015707,0,0.020942,0.74869,0.21466,137.79,Savaş öncesi
Suudi Arabistan,2024-11-21,191,0.97382,19.255,169.62,169.62,169.63,0,0,0.026178,0,0.72251,0.25131,169.63,Savaş öncesi
Suudi Arabistan,2024-11-22,191,0.91099,15.765,102.5,102.5,102.5,0,0.0052356,0.08377,0,0.67016,0.24084,104.16,Savaş öncesi
Suudi Arabistan,2024-11-23,191,0.90576,43.74,133.19,134.32,134.33,0,0.0052356,0.068063,0.020942,0.70157,0.20419,134.33,Savaş öncesi
Suudi Arabistan,2024-11-24,191,0.56545,60.625,74.228,76.937,84.43,0,0.0052356,0.30366,0.12565,0.46597,0.099476,88.4,Savaş öncesi
Suudi Arabistan,2024-11-25,191,0.40838,51.67,37.766,39.014,39.03,0,0.052356,0.48691,0.052356,0.36126,0.04712,39.03,Savaş öncesi
Suudi Arabistan,2024-11-26,191,0.75393,30.77,90.335,90.335,90.33,0,0.010471,0.2199,0.015707,0.63351,0.12042,90.33,Savaş öncesi
Suudi Arabistan,2024-11-27,191,0.85864,5.45,27.599,27.599,27.59,0,0,0.14136,0,0.7801,0.078534,27.59,Savaş öncesi
Suudi Arabistan,2024-11-28,191,0.94764,35.79,193.27,246.83,249.5,0,0.04712,0,0.0052356,0.7801,0.16754,254.54,Savaş öncesi
Suudi Arabistan,2024-11-29,191,0.95812,56,142.71,149.57,161.97,0,0.015707,0,0.026178,0.76963,0.18848,169.05,Savaş öncesi
Suudi Arabistan,2024-11-30,191,0.93194,56.9,81.485,96.569,144.17,0,0.031414,0,0.036649,0.78534,0.1466,151.54,Savaş öncesi
Suudi Arabistan,2024-12-01,191,0.98953,38.13,229.99,229.99,229.96,0,0.0052356,0,0.0052356,0.69634,0.29319,233.02,Savaş öncesi
Suudi Arabistan,2024-12-02,191,1,8.44,141.4,141.4,141.42,0,0,0,0,0.67016,0.32984,141.42,Savaş öncesi
Suudi Arabistan,2024-12-03,191,0.99476,26.425,133.97,134.9,134.89,0,0,0,0.0052356,0.71204,0.28272,134.89,Savaş öncesi
Suudi Arabistan,2024-12-04,191,0.94764,50.37,125.94,225.71,230.57,0,0.020942,0,0.031414,0.7801,0.16754,231.44,Savaş öncesi
Suudi Arabistan,2024-12-05,191,0.94241,61.35,89.421,89.421,127.25,0,0.0052356,0.010471,0.041885,0.78534,0.15707,130.96,Savaş öncesi
Suudi Arabistan,2024-12-06,191,0.96335,45.49,118.71,128.83,132,0,0.026178,0,0.010471,0.74346,0.2199,151.99,Savaş öncesi
Suudi Arabistan,2024-12-07,191,1,19.16,137.61,137.61,137.61,0,0,0,0,0.66492,0.33508,137.61,Savaş öncesi
Suudi Arabistan,2024-12-08,191,0.95812,15.83,163.91,163.91,163.99,0,0,0.041885,0,0.64921,0.3089,163.99,Savaş öncesi
Suudi Arabistan,2024-12-09,191,0.93717,43.74,123.95,125.78,125.8,0,0.010471,0.041885,0.010471,0.69634,0.24084,128.93,Savaş öncesi
Suudi Arabistan,2024-12-10,191,0.94241,60.76,142.16,157.48,205.82,0,0.015707,0,0.041885,0.74869,0.19372,214.46,Savaş öncesi
Suudi Arabistan,2024-12-11,191,0.89005,51.685,114.48,122.01,122.03,0,0.031414,0.036649,0.041885,0.66492,0.22513,132.45,Savaş öncesi
Suudi Arabistan,2024-12-12,191,0.97382,29.25,225.42,229.61,229.56,0,0.010471,0.015707,0,0.67016,0.30366,229.56,Savaş öncesi
Suudi Arabistan,2024-12-13,191,1,4.61,215.05,215.05,215.03,0,0,0,0,0.63874,0.36126,215.03,Savaş öncesi
Suudi Arabistan,2024-12-14,191,0.95812,35.85,148.73,157.64,157.67,0,0.031414,0,0.010471,0.71204,0.24607,159.05,Savaş öncesi
Suudi Arabistan,2024-12-15,191,0.96859,56.07,140.86,161.82,188.73,0,0.015707,0,0.015707,0.75393,0.21466,215.18,Savaş öncesi
Suudi Arabistan,2024-12-16,191,0.95812,56.81,156.47,169.63,190.9,0,0.0052356,0,0.036649,0.73822,0.2199,197.76,Savaş öncesi
Suudi Arabistan,2024-12-17,191,0.96335,37.94,184.22,185.41,185.45,0,0.010471,0.010471,0.015707,0.65969,0.30366,186.2,Savaş öncesi
Suudi Arabistan,2024-12-18,191,0.95812,8.62,132.47,132.47,132.46,0,0,0.041885,0,0.67539,0.28272,142.24,Savaş öncesi
Suudi Arabistan,2024-12-19,191,0.99476,26.66,290.09,292.56,292.57,0,0.0052356,0,0,0.69634,0.29843,295.5,Savaş öncesi
Suudi Arabistan,2024-12-20,191,0.73822,50.34,39.844,46.152,46.18,0,0.041885,0.17277,0.04712,0.65969,0.078534,48.5,Savaş öncesi
Suudi Arabistan,2024-12-21,191,0.96335,61.235,174.59,185.2,258.85,0,0.015707,0,0.020942,0.7644,0.19895,262.68,Savaş öncesi
Suudi Arabistan,2024-12-22,191,0.96335,45.26,128.36,151.32,151.97,0,0.020942,0,0.015707,0.77487,0.18848,151.97,Savaş öncesi
Suudi Arabistan,2024-12-23,191,0.98953,18.8,150.3,150.3,150.33,0,0.010471,0,0,0.6911,0.29843,150.33,Savaş öncesi
Suudi Arabistan,2024-12-24,191,0.98953,16.25,71.24,71.24,71.23,0,0.010471,0,0,0.7644,0.22513,73.66,Savaş öncesi
Suudi Arabistan,2024-12-25,191,0.97382,43.98,101.31,104.44,104.41,0,0.010471,0,0.015707,0.75393,0.2199,109.85,Savaş öncesi
Suudi Arabistan,2024-12-26,191,0.96859,60.89,229.37,245.01,366.91,0,0.0052356,0,0.026178,0.77487,0.19372,377.44,Savaş öncesi
Suudi Arabistan,2024-12-27,191,0.89529,51.56,104.76,119.26,119.24,0,0.04712,0.026178,0.031414,0.67539,0.2199,169.88,Savaş öncesi
Suudi Arabistan,2024-12-28,191,0.93717,28.82,80.903,80.903,80.91,0,0.0052356,0.057592,0,0.73822,0.19895,80.91,Savaş öncesi
Suudi Arabistan,2024-12-29,191,0.70681,4.87,79.752,79.752,79.76,0,0,0.29319,0,0.50262,0.20419,82.88,Savaş öncesi
Suudi Arabistan,2024-12-30,191,0.15183,34.96,10.122,10.122,10.13,0,0.052356,0.79058,0.0052356,0.12565,0.026178,14.56,Savaş öncesi
Suudi Arabistan,2024-12-31,191,0.86911,56.345,64.463,76.188,104.21,0,0,0.089005,0.041885,0.71204,0.15707,108.81,Savaş öncesi
Suudi Arabistan,2025-01-01,191,0.92147,56.615,325.89,328.87,379.58,0,0.0052356,0.041885,0.031414,0.70157,0.2199,384.66,Savaş öncesi
Suudi Arabistan,2025-01-02,191,0.97906,37.53,222.55,222.55,224.25,0,0.010471,0,0.010471,0.65445,0.32461,254.21,Savaş öncesi
Suudi Arabistan,2025-01-03,191,0.99476,8.465,244.08,244.08,244.08,0,0.0052356,0,0,0.67016,0.32461,245.65,Savaş öncesi
Suudi Arabistan,2025-01-04,191,1,27.24,126.63,132.16,132.17,0,0,0,0,0.72775,0.27225,132.17,Savaş öncesi
Suudi Arabistan,2025-01-05,191,0.93194,50.9,109.81,134.11,150.34,0,0.041885,0.0052356,0.020942,0.73298,0.19895,153.99,Savaş öncesi
Suudi Arabistan,2025-01-06,191,0.19372,62.56,6.0908,6.0908,6.08,0,0,0.59686,0.20942,0.17277,0.020942,10.77,Savaş öncesi
Suudi Arabistan,2025-01-07,191,0.76963,44.9,77.943,80.353,82.37,0,0.010471,0.17801,0.041885,0.64921,0.12042,86.24,Savaş öncesi
Suudi Arabistan,2025-01-08,191,1,18.12,100.99,100.99,100.98,0,0,0,0,0.70157,0.29843,100.98,Savaş öncesi
Suudi Arabistan,2025-01-09,191,0.98953,17,141.14,141.14,141.14,0,0.0052356,0.0052356,0,0.65969,0.32984,141.14,Savaş öncesi
Suudi Arabistan,2025-01-10,191,0.98429,44.49,123.27,127.08,127.07,0,0.0052356,0,0.010471,0.71204,0.27225,127.07,Savaş öncesi
Suudi Arabistan,2025-01-11,191,0.57068,60.89,51.714,67.881,98.85,0,0.010471,0.31414,0.10471,0.45026,0.12042,109.37,Savaş öncesi
Suudi Arabistan,2025-01-12,191,0.94764,51.05,170.04,170.04,170.04,0,0.041885,0,0.010471,0.73298,0.21466,175.11,Savaş öncesi
Suudi Arabistan,2025-01-13,191,0.97906,28.13,200.49,202.27,202.3,0,0.015707,0,0.0052356,0.67539,0.30366,202.3,Savaş öncesi
Suudi Arabistan,2025-01-14,191,1,5.76,164.48,164.48,164.46,0,0,0,0,0.63874,0.36126,164.46,Savaş öncesi
Suudi Arabistan,2025-01-15,191,0.94241,36.94,117.07,122.69,122.73,0,0.020942,0.020942,0.015707,0.68586,0.25654,128.84,Savaş öncesi
Suudi Arabistan,2025-01-16,191,0.94241,56.755,178.84,283.63,312.69,0,0,0.015707,0.041885,0.73822,0.20419,314.36,Savaş öncesi
Suudi Arabistan,2025-01-17,191,0.95812,56.18,65.609,92.191,118.9,0,0.0052356,0,0.036649,0.7644,0.19372,130.38,Savaş öncesi
Suudi Arabistan,2025-01-18,191,0.75916,36.64,257.25,257.25,257.27,0,0.0052356,0.2199,0.015707,0.56021,0.19895,257.27,Savaş öncesi
Suudi Arabistan,2025-01-19,191,0.94764,7.47,215.48,215.48,215.51,0,0,0.052356,0,0.63351,0.31414,216.5,Savaş öncesi
Suudi Arabistan,2025-01-20,191,0.98953,28.13,182.12,184.89,184.92,0,0.010471,0,0,0.67016,0.31937,184.92,Savaş öncesi
Suudi Arabistan,2025-01-21,191,0.92147,51.46,133.43,144.89,149.94,0,0.057592,0,0.020942,0.65969,0.26178,158.76,Savaş öncesi
Suudi Arabistan,2025-01-22,191,0.88482,61.32,91.787,96.534,143.19,0,0.026178,0.036649,0.052356,0.77487,0.10995,150.65,Savaş öncesi
Suudi Arabistan,2025-01-23,191,0.96859,44.24,107.98,129.8,131.22,0,0.026178,0,0.0052356,0.71728,0.25131,132.03,Savaş öncesi
Suudi Arabistan,2025-01-24,191,0.93194,17.04,90.543,90.543,90.54,0,0.0052356,0.062827,0,0.69634,0.2356,90.54,Savaş öncesi
Suudi Arabistan,2025-01-25,191,0.87435,18.31,74.995,79.988,79.96,0,0,0.12565,0,0.67539,0.19895,79.96,Savaş öncesi
Suudi Arabistan,2025-01-26,191,0.4555,44.79,28.078,30.32,30.32,0,0.0052356,0.49215,0.04712,0.37696,0.078534,30.32,Savaş öncesi
Suudi Arabistan,2025-01-27,191,0.91099,61.575,83.837,95.827,103.6,0,0.010471,0.04712,0.031414,0.7801,0.13089,124.07,Savaş öncesi
Suudi Arabistan,2025-01-28,191,0.89005,50.44,88.985,102.37,102.38,0,0.057592,0,0.052356,0.73822,0.15183,120.18,Savaş öncesi
Suudi Arabistan,2025-01-29,191,0.81675,28.065,58.094,60.601,60.62,0,0.015707,0.16754,0,0.70681,0.10995,60.62,Savaş öncesi
Suudi Arabistan,2025-01-30,191,0.99476,6.84,192.52,192.52,192.55,0,0.0052356,0,0,0.68586,0.3089,194.43,Savaş öncesi
Suudi Arabistan,2025-01-31,191,0.99476,37.68,100.22,103.99,103.97,0,0,0,0.0052356,0.74346,0.25131,103.97,Savaş öncesi
Suudi Arabistan,2025-02-01,191,0.91623,57.16,112.01,130.6,146.96,0,0.0052356,0.010471,0.068063,0.75916,0.15707,149.16,Savaş öncesi
Suudi Arabistan,2025-02-02,191,0.94241,55.93,158.5,173.75,218.96,0,0.015707,0,0.041885,0.68586,0.25654,304.83,Savaş öncesi
Suudi Arabistan,2025-02-03,191,0.9267,36.48,104.15,104.15,104.15,0,0.0052356,0.036649,0.031414,0.71204,0.21466,114.52,Savaş öncesi
Suudi Arabistan,2025-02-04,191,1,7.13,155.69,155.69,155.69,0,0,0,0,0.68063,0.31937,155.69,Savaş öncesi
Suudi Arabistan,2025-02-05,191,0.25654,26.49,19.791,23.566,23.58,0,0.0052356,0.72775,0.010471,0.19895,0.057592,24.24,Savaş öncesi
Suudi Arabistan,2025-02-06,191,0.26702,52.32,6.0777,6.0777,6.09,0,0.062827,0.59162,0.078534,0.2356,0.031414,6.09,Savaş öncesi
Suudi Arabistan,2025-02-07,191,0.95288,60.67,60.316,73.259,107.99,0,0.015707,0,0.031414,0.81152,0.14136,113.78,Savaş öncesi
Suudi Arabistan,2025-02-08,191,0.95812,44.26,97.63,101.58,101.6,0,0.041885,0,0,0.7801,0.17801,105.99,Savaş öncesi
Suudi Arabistan,2025-02-09,191,1,17.2,118.22,118.22,118.22,0,0,0,0,0.70681,0.29319,118.22,Savaş öncesi
Suudi Arabistan,2025-02-10,191,0.73822,17.7,60.426,60.426,60.42,0,0.010471,0.25131,0,0.59162,0.1466,63.74,Savaş öncesi
Suudi Arabistan,2025-02-11,191,0.73822,44.94,28.827,29.825,29.82,0,0.0052356,0.24607,0.010471,0.67539,0.062827,29.82,Savaş öncesi
Suudi Arabistan,2025-02-12,191,0.27225,61.45,17.547,17.547,17.56,0,0.0052356,0.5288,0.19372,0.25131,0.020942,17.56,Savaş öncesi
Suudi Arabistan,2025-02-13,191,0.10471,49.615,3.5573,3.5573,3.55,0,0.031414,0.82723,0.036649,0.094241,0.010471,3.55,Savaş öncesi
Suudi Arabistan,2025-02-14,191,0.30366,29.55,3.2767,3.2767,3.27,0,0.015707,0.68063,0,0.28272,0.020942,3.27,Savaş öncesi
Suudi Arabistan,2025-02-15,191,0.23037,22.37,23.621,23.621,23.64,0,0,0.76963,0,0.19895,0.031414,23.64,Savaş öncesi
Suudi Arabistan,2025-02-16,191,0.62304,38.62,72.293,74.819,74.82,0,0.010471,0.35079,0.015707,0.46597,0.15707,74.82,Savaş öncesi
Suudi Arabistan,2025-02-17,191,0.73822,56.88,49.14,65.926,75.92,0,0.0052356,0.1466,0.10995,0.65445,0.08377,102.69,Savaş öncesi
Suudi Arabistan,2025-02-18,191,0.67539,56.16,141.91,192.2,191.07,0,0.015707,0.2199,0.089005,0.52356,0.15183,203.59,Savaş öncesi
Suudi Arabistan,2025-02-19,191,0.87435,37.01,70.119,70.119,70.11,0,0,0.10471,0.020942,0.71728,0.15707,72.2,Savaş öncesi
Suudi Arabistan,2025-02-20,191,1,7.65,174.32,174.32,174.34,0,0,0,0,0.67016,0.32984,174.34,Savaş öncesi
Suudi Arabistan,2025-02-21,191,1,28.01,121.36,122.09,122.1,0,0,0,0,0.72775,0.27225,122.1,Savaş öncesi
Suudi Arabistan,2025-02-22,191,0.54974,51.25,38.998,43.564,43.57,0,0.041885,0.36126,0.04712,0.47644,0.073298,43.57,Savaş öncesi
Suudi Arabistan,2025-02-23,191,0.041885,49.295,4.6509,4.6509,4.65,0,0.010471,0.72775,0.2199,0.031414,0.010471,4.65,Savaş öncesi
Suudi Arabistan,2025-02-24,191,0.5288,42.78,24.144,44.534,44.54,0,0,0.45026,0.020942,0.47644,0.052356,44.54,Savaş öncesi
Suudi Arabistan,2025-02-25,191,0.96335,17.615,109.98,109.98,109.95,0,0.0052356,0.031414,0,0.72775,0.2356,109.95,Savaş öncesi
Suudi Arabistan,2025-02-26,191,0.12565,24.31,8.4152,8.4152,8.41,0,0.010471,0.85864,0.0052356,0.099476,0.026178,8.41,Savaş öncesi
Suudi Arabistan,2025-02-27,191,0.92147,44.77,130.95,136.98,137,0,0.026178,0.036649,0.015707,0.72251,0.19895,137.86,Savaş öncesi
Suudi Arabistan,2025-02-28,191,0.96335,61.31,41.804,52.274,74.17,0,0,0.015707,0.020942,0.87435,0.089005,74.17,Savaş öncesi
Suudi Arabistan,2025-03-01,191,0.88482,50.92,88.703,93.35,93.33,0,0.057592,0.015707,0.041885,0.72251,0.1623,127.2,Savaş öncesi
Suudi Arabistan,2025-03-02,191,0.99476,28.06,193.66,194.9,194.92,0,0.0052356,0,0,0.64921,0.34555,204.46,Savaş öncesi
Suudi Arabistan,2025-03-03,191,0.78534,5.85,81.553,81.553,81.52,0,0,0.21466,0,0.59686,0.18848,81.52,Savaş öncesi
Suudi Arabistan,2025-03-04,191,0.19372,47.48,10.437,10.437,10.44,0,0.020942,0.7801,0.0052356,0.16754,0.026178,10.44,Savaş öncesi
Suudi Arabistan,2025-03-05,191,0.51832,56.51,23.426,26.596,26.59,0,0.0052356,0.39267,0.08377,0.46073,0.057592,29.24,Savaş öncesi
Suudi Arabistan,2025-03-06,191,0.15183,58.39,0,0,0,0,0.010471,0.66492,0.17277,0.15183,0,0,Savaş öncesi
Suudi Arabistan,2025-03-07,191,0.35602,38.63,31.038,31.038,31.05,0,0,0.63351,0.010471,0.28272,0.073298,31.05,Savaş öncesi
Suudi Arabistan,2025-03-08,191,0.55497,6.24,29.045,31.579,31.58,0,0,0.44503,0,0.44503,0.10995,35.06,Savaş öncesi
Suudi Arabistan,2025-03-09,191,0.80628,27.58,65.633,65.633,65.61,0,0,0.18325,0.010471,0.65445,0.15183,65.61,Savaş öncesi
Suudi Arabistan,2025-03-10,191,0.86911,51.21,99.799,109.52,114.4,0,0.04712,0.036649,0.04712,0.68586,0.18325,125.9,Savaş öncesi
Suudi Arabistan,2025-03-11,191,0.9267,60.82,94.192,115.75,167.08,0,0.015707,0.015707,0.041885,0.77487,0.15183,168.95,Savaş öncesi
Suudi Arabistan,2025-03-12,191,0.71728,44.59,84.35,121.83,121.83,0,0.010471,0.25131,0.020942,0.54974,0.16754,121.83,Savaş öncesi
Suudi Arabistan,2025-03-13,191,0.99476,17.75,202.59,202.59,202.53,0,0,0,0.0052356,0.64921,0.34555,202.53,Savaş öncesi
Suudi Arabistan,2025-03-14,191,1,17.34,177.43,179.31,179.29,0,0,0,0,0.65969,0.34031,179.29,Savaş öncesi
Suudi Arabistan,2025-03-15,191,0.81675,44.53,156.85,157.92,157.89,0,0.026178,0.12565,0.031414,0.64398,0.17277,161.56,Savaş öncesi
Suudi Arabistan,2025-03-16,191,0.89005,61.36,112.15,123.44,167.08,0,0.010471,0.041885,0.057592,0.67016,0.2199,169.89,Savaş öncesi
Suudi Arabistan,2025-03-17,191,0.93717,50.96,132.95,174.15,174.13,0,0.031414,0,0.031414,0.71204,0.22513,180.95,Savaş öncesi
Suudi Arabistan,2025-03-18,191,0.98429,28.06,144.44,152.04,152.04,0,0.010471,0,0.0052356,0.72775,0.25654,152.04,Savaş öncesi
Suudi Arabistan,2025-03-19,191,0.90052,5.685,116.42,116.42,116.4,0,0.0052356,0.094241,0,0.62304,0.27749,116.4,Savaş öncesi
Suudi Arabistan,2025-03-20,191,0.39267,34.27,44.858,48.023,50.52,0,0.015707,0.58115,0.010471,0.31937,0.073298,50.52,Savaş öncesi
Suudi Arabistan,2025-03-21,191,0.36649,56.625,10.736,11.67,14.4,0,0.0052356,0.41361,0.21466,0.33508,0.031414,16.68,Savaş öncesi
Suudi Arabistan,2025-03-22,191,0.38743,53.605,7.4969,7.4969,7.49,0,0.015707,0.42932,0.16754,0.36126,0.026178,7.49,Savaş öncesi
Suudi Arabistan,2025-03-23,191,0.99476,37,133.18,134.21,134.18,0,0.0052356,0,0,0.72775,0.26702,134.18,Savaş öncesi
Suudi Arabistan,2025-03-24,191,1,7.76,170.82,171.94,171.91,0,0,0,0,0.63874,0.36126,171.91,Savaş öncesi
Suudi Arabistan,2025-03-25,191,0.97906,27.83,164.04,168.02,168.02,0,0.015707,0,0.0052356,0.6911,0.28796,168.02,Savaş öncesi
Suudi Arabistan,2025-03-26,191,0.82199,51.15,121.55,182.06,195.4,0,0.04712,0.094241,0.036649,0.66492,0.15707,208.41,Savaş öncesi
Suudi Arabistan,2025-03-27,191,0.94764,60.74,145.35,168.4,210.77,0,0.015707,0,0.036649,0.73298,0.21466,214.41,Savaş öncesi
Suudi Arabistan,2025-03-28,191,0.93194,44.51,164.4,180.63,180.61,0,0.031414,0.031414,0.0052356,0.70157,0.23037,188.59,Savaş öncesi
Suudi Arabistan,2025-03-29,191,0.91099,17.72,151.76,151.76,151.84,0,0.0052356,0.08377,0,0.64921,0.26178,151.84,Savaş öncesi
Suudi Arabistan,2025-03-30,191,0.65969,16.49,82.503,82.503,82.48,0,0,0.34031,0,0.50262,0.15707,82.48,Savaş öncesi
Suudi Arabistan,2025-03-31,191,0.5288,44.4,54.736,55.299,57.28,0,0,0.44503,0.026178,0.40314,0.12565,62.69,Savaş öncesi
Suudi Arabistan,2025-04-01,191,0.91623,61.34,153.49,212.76,232.57,0,0,0.031414,0.052356,0.73298,0.18325,232.57,Savaş öncesi
Suudi Arabistan,2025-04-02,191,0.7801,51.84,110.38,111.92,111.93,0,0.036649,0.15707,0.026178,0.62304,0.15707,112.99,Savaş öncesi
Suudi Arabistan,2025-04-03,191,0.91099,27.91,194.45,194.45,194.5,0,0,0.078534,0.010471,0.63874,0.27225,196.02,Savaş öncesi
Suudi Arabistan,2025-04-04,191,0.92147,6.15,145.19,145.19,145.16,0,0.0052356,0.073298,0,0.64398,0.27749,145.16,Savaş öncesi
Suudi Arabistan,2025-04-05,191,0.71204,37.23,106.21,106.21,106.23,0,0.015707,0.24607,0.026178,0.54974,0.1623,106.23,Savaş öncesi
Suudi Arabistan,2025-04-06,191,0.51309,60.375,33.119,40.141,43.38,0,0,0.35602,0.13089,0.4555,0.057592,43.98,Savaş öncesi
Suudi Arabistan,2025-04-07,191,0.9267,56.04,131.41,142.01,180.88,0,0.020942,0,0.052356,0.73298,0.19372,190.16,Savaş öncesi
Suudi Arabistan,2025-04-08,191,0.98953,36.62,161.75,162.95,162.93,0,0,0,0.010471,0.73822,0.25131,167.84,Savaş öncesi
Suudi Arabistan,2025-04-09,191,0.98953,7.28,190.39,190.39,190.37,0,0,0.010471,0,0.69634,0.29319,190.37,Savaş öncesi
Suudi Arabistan,2025-04-10,191,0.82723,27.6,168.99,168.99,168.99,0,0.010471,0.15707,0.0052356,0.65969,0.16754,168.99,Savaş öncesi
Suudi Arabistan,2025-04-11,191,0.45026,51.265,37.541,56.977,58.2,0,0.057592,0.40838,0.08377,0.40314,0.04712,58.2,Savaş öncesi
Suudi Arabistan,2025-04-12,191,0.95288,60.515,88.498,91.906,101.95,0,0.0052356,0.0052356,0.036649,0.82199,0.13089,153.73,Savaş öncesi
Suudi Arabistan,2025-04-13,191,0.89005,44.07,185.83,201.09,201.12,0,0.015707,0.068063,0.026178,0.73298,0.15707,201.12,Savaş öncesi
Suudi Arabistan,2025-04-14,191,0.96859,16.94,81.742,81.742,81.76,0,0,0.031414,0,0.81152,0.15707,81.76,Savaş öncesi
Suudi Arabistan,2025-04-15,191,0.98953,18.13,126.08,129.99,130.05,0,0.0052356,0,0.0052356,0.73822,0.25131,130.05,Savaş öncesi
Suudi Arabistan,2025-04-16,191,0.98429,45.18,58.512,80.022,82.82,0,0,0,0.015707,0.83246,0.15183,83.33,Savaş öncesi
Suudi Arabistan,2025-04-17,191,0.95288,61.56,73.221,85.871,110.21,0,0.015707,0,0.031414,0.81152,0.14136,110.21,Savaş öncesi
Suudi Arabistan,2025-04-18,191,0.8377,50.455,102.72,130.36,130.35,0,0.057592,0.062827,0.041885,0.71728,0.12042,135.85,Savaş öncesi
Suudi Arabistan,2025-04-19,191,0.86911,27.37,111.77,115.27,115.28,0,0.0052356,0.11518,0.010471,0.65969,0.20942,116.05,Savaş öncesi
Suudi Arabistan,2025-04-20,191,0.93717,6.84,115.87,115.87,115.89,0,0,0.062827,0,0.71204,0.22513,115.89,Savaş öncesi
Suudi Arabistan,2025-04-21,191,0.79058,37.39,136.81,136.81,136.81,0,0.010471,0.18325,0.015707,0.59686,0.19372,137.52,Savaş öncesi
Suudi Arabistan,2025-04-22,191,0.95812,57.19,77.361,99.493,121.56,0,0.015707,0,0.026178,0.80105,0.15707,124.84,Savaş öncesi
Suudi Arabistan,2025-04-23,191,0.94764,55.71,83.574,95.443,124.87,0,0.015707,0,0.036649,0.82723,0.12042,248.38,Savaş öncesi
Suudi Arabistan,2025-04-24,191,0.97382,36.17,215.48,215.48,215.52,0,0.015707,0.0052356,0.0052356,0.74346,0.23037,226.73,Savaş öncesi
Suudi Arabistan,2025-04-25,191,0.84293,6.95,86.093,86.093,86.08,0,0,0.15707,0,0.6178,0.22513,86.58,Savaş öncesi
Suudi Arabistan,2025-04-26,191,0.95288,28.7,111.07,113.45,113.45,0,0.0052356,0.041885,0,0.77487,0.17801,113.45,Savaş öncesi
Suudi Arabistan,2025-04-27,191,0.92147,51.74,149.42,149.42,163.25,0,0.052356,0.0052356,0.020942,0.75916,0.1623,164.2,Savaş öncesi
Suudi Arabistan,2025-04-28,191,0.90052,60.86,75.32,88.662,114.16,0,0.010471,0.041885,0.04712,0.77487,0.12565,114.16,Savaş öncesi
Suudi Arabistan,2025-04-29,191,0.91623,44.07,106.82,107.57,119.68,0,0.020942,0.052356,0.010471,0.75916,0.15707,119.68,Savaş öncesi
Suudi Arabistan,2025-04-30,191,0.97382,16.845,150.07,150.07,150.07,0,0,0.026178,0,0.6911,0.28272,150.07,Savaş öncesi
Suudi Arabistan,2025-05-01,191,0.97906,18.13,141.29,141.29,141.28,0,0.0052356,0.015707,0,0.77487,0.20419,143.16,Savaş öncesi
Suudi Arabistan,2025-05-02,191,0.87435,45.16,110.77,145.41,145.42,0,0.015707,0.099476,0.010471,0.70681,0.16754,145.42,Savaş öncesi
Suudi Arabistan,2025-05-03,191,0.72251,61.615,78.84,129.34,147.57,0,0.015707,0.16754,0.094241,0.64921,0.073298,149.74,Savaş öncesi
Suudi Arabistan,2025-05-04,191,0.79581,50.595,71.029,81.709,81.69,0,0.057592,0.08377,0.062827,0.67539,0.12042,95.08,Savaş öncesi
Suudi Arabistan,2025-05-05,191,0.97382,27.45,252.93,252.93,252.91,0,0.0052356,0.015707,0.0052356,0.7801,0.19372,254.7,Savaş öncesi
Suudi Arabistan,2025-05-06,191,1,6.45,149.66,152.88,152.85,0,0,0,0,0.73298,0.26702,152.85,Savaş öncesi
Suudi Arabistan,2025-05-07,191,0.98429,37.39,92.808,93.96,93.93,0,0.015707,0,0,0.78534,0.19895,101.13,Savaş öncesi
Suudi Arabistan,2025-05-08,191,0.95812,56.94,112.37,188.7,215.72,0,0.0052356,0,0.036649,0.80628,0.15183,217.48,Savaş öncesi
Suudi Arabistan,2025-05-09,191,0.95812,56.01,261.55,262.51,288.82,0,0.010471,0,0.031414,0.79058,0.16754,302.45,Savaş öncesi
Suudi Arabistan,2025-05-10,191,1,36.68,98.547,99.614,99.6,0,0,0,0,0.82199,0.17801,99.6,Savaş öncesi
Suudi Arabistan,2025-05-11,191,1,7.46,165.16,165.16,165.14,0,0,0,0,0.74346,0.25654,165.14,Savaş öncesi
Suudi Arabistan,2025-05-12,191,0.98429,28.14,130.28,130.28,130.28,0,0.0052356,0,0.010471,0.79581,0.18848,132.83,Savaş öncesi
Suudi Arabistan,2025-05-13,191,0.90576,51.41,126.46,131.18,131.18,0,0.089005,0,0.0052356,0.7801,0.12565,135.06,Savaş öncesi
Suudi Arabistan,2025-05-14,191,0.95288,60.7,100.44,114.99,144.54,0,0.010471,0,0.036649,0.82199,0.13089,149.79,Savaş öncesi
Suudi Arabistan,2025-05-15,191,0.97382,44.41,139.56,145.63,145.63,0,0.020942,0.0052356,0,0.79058,0.18325,147.75,Savaş öncesi
Suudi Arabistan,2025-05-16,191,0.99476,17.45,150.02,153.64,153.69,0,0,0,0.0052356,0.72251,0.27225,153.69,Savaş öncesi
Suudi Arabistan,2025-05-17,191,0.99476,17.59,142.58,143.71,143.69,0,0,0,0.0052356,0.80628,0.18848,143.69,Savaş öncesi
Suudi Arabistan,2025-05-18,191,0.97906,44.82,183.42,211.93,211.92,0,0.0052356,0,0.015707,0.7644,0.21466,217.37,Savaş öncesi
Suudi Arabistan,2025-05-19,191,0.97382,61.335,153.09,195.86,231.75,0,0,0,0.026178,0.80628,0.16754,232.83,Savaş öncesi
Suudi Arabistan,2025-05-20,191,0.91623,50.85,128.8,145.52,145.52,0,0.041885,0,0.041885,0.77487,0.14136,171.45,Savaş öncesi
Suudi Arabistan,2025-05-21,191,0.99476,27.965,185.68,185.68,185.71,0,0.0052356,0,0,0.76963,0.22513,185.71,Savaş öncesi
Suudi Arabistan,2025-05-22,191,0.99476,5.895,200.42,200.42,200.4,0,0.0052356,0,0,0.75916,0.2356,200.4,Savaş öncesi
Suudi Arabistan,2025-05-23,191,0.97906,37,139.86,144.85,144.85,0,0.015707,0,0.0052356,0.79581,0.18325,144.85,Savaş öncesi
Suudi Arabistan,2025-05-24,191,0.96859,56.74,80.296,105.74,135.5,0,0.0052356,0,0.026178,0.84293,0.12565,137.45,Savaş öncesi
Suudi Arabistan,2025-05-25,191,0.95288,56.265,65.883,108.26,120.06,0,0.010471,0,0.036649,0.8534,0.099476,122.15,Savaş öncesi
Suudi Arabistan,2025-05-26,191,0.96859,37.1,211.14,211.14,211.16,0,0.020942,0,0.010471,0.73822,0.23037,213,Savaş öncesi
Suudi Arabistan,2025-05-27,191,1,7.88,193.79,193.79,193.77,0,0,0,0,0.72251,0.27749,193.77,Savaş öncesi
Suudi Arabistan,2025-05-28,191,1,27.77,253.85,258.85,258.81,0,0,0,0,0.77487,0.22513,258.81,Savaş öncesi
Suudi Arabistan,2025-05-29,191,0.9267,51.2,166.8,166.8,177.36,0,0.052356,0,0.020942,0.80628,0.12042,181.15,Savaş öncesi
Suudi Arabistan,2025-05-30,191,0.97382,60.91,82.162,88.825,111.45,0,0.010471,0,0.015707,0.84817,0.12565,115.36,Savaş öncesi
Suudi Arabistan,2025-05-31,191,0.97906,44.72,164.48,171.05,171.04,0,0.0052356,0,0.015707,0.79058,0.18848,190.27,Savaş öncesi
Suudi Arabistan,2025-06-01,191,1,17.93,198.76,198.76,198.74,0,0,0,0,0.73822,0.26178,198.74,Savaş öncesi
Suudi Arabistan,2025-06-02,191,1,17.16,167.75,167.75,167.73,0,0,0,0,0.76963,0.23037,167.73,Savaş öncesi
Suudi Arabistan,2025-06-03,191,0.97906,44.57,196.06,198.11,200.84,0,0.0052356,0,0.015707,0.84293,0.13613,207.45,Savaş öncesi
Suudi Arabistan,2025-06-04,191,0.97906,61.18,97.919,110.94,143.19,0,0,0,0.020942,0.8534,0.12565,144.7,Savaş öncesi
Suudi Arabistan,2025-06-05,191,0.89529,51.12,119.24,145.61,145.6,0,0.052356,0,0.052356,0.73822,0.15707,145.6,Savaş öncesi
Suudi Arabistan,2025-06-06,191,0.99476,28.34,126.92,126.92,126.93,0,0.0052356,0,0,0.80105,0.19372,126.93,Savaş öncesi
Suudi Arabistan,2025-06-07,191,1,5.49,189.11,193.96,193.97,0,0,0,0,0.7644,0.2356,193.97,Savaş öncesi
Suudi Arabistan,2025-06-08,191,0.95288,36.75,170.92,179.87,179.85,0,0.036649,0,0.010471,0.78534,0.16754,186.35,Savaş öncesi
Suudi Arabistan,2025-06-09,191,0.96859,56.57,112.21,148.11,170.08,0,0,0,0.031414,0.84293,0.12565,176.47,Savaş öncesi
Suudi Arabistan,2025-06-10,191,0.96859,56.46,113.18,128.94,150.61,0,0.015707,0,0.015707,0.82199,0.1466,152.06,Savaş öncesi
Suudi Arabistan,2025-06-11,191,0.98429,37.35,150.07,152.18,154.99,0,0.0052356,0,0.010471,0.82723,0.15707,158.01,Savaş öncesi
Suudi Arabistan,2025-06-12,191,0.99476,8.26,192.89,192.89,192.86,0,0.0052356,0,0,0.75916,0.2356,195.92,Savaş öncesi
Suudi Arabistan,2025-06-13,191,0.98953,27.45,208.01,208.01,208,0,0,0,0.010471,0.80628,0.18325,211.37,Savaş öncesi
Suudi Arabistan,2025-06-14,191,0.91623,51.03,219.96,266.19,270.13,0,0.062827,0,0.020942,0.73822,0.17801,274.7,Savaş öncesi
Suudi Arabistan,2025-06-15,191,0.96335,61.06,296.77,384.5,410.09,0,0,0,0.036649,0.77487,0.18848,414.34,Savaş öncesi
Suudi Arabistan,2025-06-16,191,0.95288,44.945,229.07,286.48,290.2,0,0.036649,0,0.010471,0.75916,0.19372,318.01,Savaş öncesi
Suudi Arabistan,2025-06-17,191,1,18.24,268.28,268.28,268.22,0,0,0,0,0.75393,0.24607,268.22,Savaş öncesi
Suudi Arabistan,2025-06-18,191,0.99476,16.85,257.64,257.64,257.65,0,0.0052356,0,0,0.75916,0.2356,260.51,Savaş öncesi
Suudi Arabistan,2025-06-19,191,0.96859,44.4,255.63,257.53,257.53,0,0.010471,0,0.020942,0.80105,0.16754,274.77,Savaş öncesi
Suudi Arabistan,2025-06-20,191,0.97906,61.08,182.07,194.69,204.9,0,0,0,0.020942,0.8534,0.12565,204.9,Savaş öncesi
Suudi Arabistan,2025-06-21,191,0.91099,51.26,535.9,580.26,580.26,0,0.015707,0.0052356,0.068063,0.70681,0.20419,580.26,Savaş öncesi
Suudi Arabistan,2025-06-22,191,0.99476,28.61,364.72,366.76,366.77,0,0,0.0052356,0,0.76963,0.22513,366.77,Savaş öncesi
Suudi Arabistan,2025-06-23,191,0.99476,5.175,386.7,386.7,386.7,0,0.0052356,0,0,0.6911,0.30366,386.7,Savaş öncesi
Suudi Arabistan,2025-06-24,191,0.96859,36.52,347.22,352.11,355.21,0,0.015707,0,0.015707,0.75916,0.20942,357.93,Savaş öncesi
Suudi Arabistan,2025-06-25,191,0.97382,56.45,178.09,195.5,205.44,0,0.0052356,0,0.020942,0.83246,0.14136,208.37,Savaş öncesi
Suudi Arabistan,2025-06-26,191,0.94764,56.56,209.83,262.4,280.79,0,0.0052356,0,0.04712,0.79058,0.15707,291.75,Savaş öncesi
Suudi Arabistan,2025-06-27,191,0.98953,37.56,244.71,249.5,249.5,0,0.0052356,0,0.0052356,0.77487,0.21466,254.37,Savaş öncesi
Suudi Arabistan,2025-06-28,191,0.98953,8.48,505.5,505.5,505.5,0,0,0.0052356,0.0052356,0.65969,0.32984,505.5,Savaş öncesi
Suudi Arabistan,2025-06-29,191,0.94241,27.21,475.34,484.6,484.62,0,0.0052356,0.041885,0.010471,0.67539,0.26702,486.62,Savaş öncesi
Suudi Arabistan,2025-06-30,191,0.87435,50.89,327.04,493.53,498.57,0,0.036649,0.041885,0.04712,0.69634,0.17801,551.9,Savaş öncesi
Suudi Arabistan,2025-07-01,191,0.95288,61.1,230.06,273.97,344.69,0,0.0052356,0,0.041885,0.74346,0.20942,381.1,Savaş öncesi
Suudi Arabistan,2025-07-02,191,0.98429,45.06,321.81,357.11,364.01,0,0.015707,0,0,0.7644,0.2199,369.57,Savaş öncesi
Suudi Arabistan,2025-07-03,191,0.99476,18.475,253.45,253.45,253.49,0,0.0052356,0,0,0.71728,0.27749,253.49,Savaş öncesi
Suudi Arabistan,2025-07-04,191,0.99476,16.61,230.2,230.2,230.15,0,0.0052356,0,0,0.70157,0.29319,230.15,Savaş öncesi
Suudi Arabistan,2025-07-05,191,0.98429,44.225,216.89,226.35,226.36,0,0.0052356,0,0.010471,0.75916,0.22513,226.36,Savaş öncesi
Suudi Arabistan,2025-07-06,191,0.98429,60.975,100.07,152.03,195.25,0,0,0,0.015707,0.84817,0.13613,199.45,Savaş öncesi
Suudi Arabistan,2025-07-07,191,0.91099,51.405,205.93,252.05,272.65,0,0.04712,0,0.041885,0.70157,0.20942,298.74,Savaş öncesi
Suudi Arabistan,2025-07-08,191,0.99476,28.74,288.7,291.05,291.01,0,0.0052356,0,0,0.70681,0.28796,291.01,Savaş öncesi
Suudi Arabistan,2025-07-09,191,1,4.97,387.01,387.01,386.97,0,0,0,0,0.67016,0.32984,386.97,Savaş öncesi
Suudi Arabistan,2025-07-10,191,0.96335,36.37,372.34,375.54,378.17,0,0.031414,0,0.0052356,0.72775,0.2356,380.66,Savaş öncesi
Suudi Arabistan,2025-07-11,191,0.94764,56.34,62.483,76.214,87.8,0,0.0052356,0.026178,0.020942,0.79581,0.15183,87.8,Savaş öncesi
Suudi Arabistan,2025-07-12,191,0.94764,56.66,113.38,143,165.15,0,0.036649,0,0.015707,0.7801,0.16754,168,Savaş öncesi
Suudi Arabistan,2025-07-13,191,0.97382,37.66,124.86,133.27,133.28,0,0.015707,0,0.010471,0.7644,0.20942,134.74,Savaş öncesi
Suudi Arabistan,2025-07-14,191,0.99476,8.59,218.15,218.15,218.14,0,0,0,0.0052356,0.74346,0.25131,218.14,Savaş öncesi
Suudi Arabistan,2025-07-15,191,0.99476,27.02,159.97,168.08,168.1,0,0,0,0.0052356,0.80105,0.19372,172.03,Savaş öncesi
Suudi Arabistan,2025-07-16,191,0.93194,50.71,110.94,141.34,156.83,0,0.041885,0,0.026178,0.81152,0.12042,158.24,Savaş öncesi
Suudi Arabistan,2025-07-17,191,0.97906,61.14,145.95,181.29,279.89,0,0.010471,0,0.010471,0.84293,0.13613,289.38,Savaş öncesi
Suudi Arabistan,2025-07-18,191,0.91099,45.12,318.92,329.34,329.32,0,0.036649,0.04712,0.0052356,0.73822,0.17277,331.39,Savaş öncesi
Suudi Arabistan,2025-07-19,191,1,18.6,171.27,171.27,171.29,0,0,0,0,0.77487,0.22513,171.29,Savaş öncesi
Suudi Arabistan,2025-07-20,191,0.99476,16.435,174.15,185,184.96,0,0,0,0.0052356,0.75916,0.2356,184.96,Savaş öncesi
Suudi Arabistan,2025-07-21,191,0.97906,44.1,229.63,245.73,249.7,0,0.0052356,0,0.015707,0.72775,0.25131,249.7,Savaş öncesi
Suudi Arabistan,2025-07-22,191,0.86387,60.98,69.759,88.687,116.24,0,0.015707,0.04712,0.073298,0.78534,0.078534,139.62,Savaş öncesi
Suudi Arabistan,2025-07-23,191,0.90576,51.41,343.32,351.95,351.91,0,0.036649,0,0.057592,0.70157,0.20419,362.39,Savaş öncesi
Suudi Arabistan,2025-07-24,191,0.99476,28.87,291.31,294.3,294.27,0,0.0052356,0,0,0.7644,0.23037,294.27,Savaş öncesi
Suudi Arabistan,2025-07-25,191,1,4.88,288.88,288.88,288.89,0,0,0,0,0.71728,0.28272,288.89,Savaş öncesi
Suudi Arabistan,2025-07-26,191,0.95812,36.24,239.04,242.9,245.91,0,0.036649,0,0.0052356,0.78534,0.17277,254.57,Savaş öncesi
Suudi Arabistan,2025-07-27,191,0.97382,56.225,252.48,270.33,302.67,0,0.0052356,0.0052356,0.015707,0.78534,0.18848,312.39,Savaş öncesi
Suudi Arabistan,2025-07-28,191,0.93717,56.7,194.73,295.97,312.95,0,0.020942,0.0052356,0.036649,0.78534,0.15183,323.28,Savaş öncesi
Suudi Arabistan,2025-07-29,191,0.98429,37.7,277.03,277.03,277.02,0,0.0052356,0,0.010471,0.74346,0.24084,277.02,Savaş öncesi
Suudi Arabistan,2025-07-30,191,0.97382,8.61,224.44,224.44,224.45,0,0,0.026178,0,0.6911,0.28272,224.45,Savaş öncesi
Suudi Arabistan,2025-07-31,191,0.93194,26.96,316.87,321.11,321.07,0,0.0052356,0.057592,0.0052356,0.71204,0.2199,321.07,Savaş öncesi
Suudi Arabistan,2025-08-01,191,0.89005,50.63,94.531,103.26,113.6,0,0.062827,0.020942,0.026178,0.77487,0.11518,146.45,Savaş öncesi
Suudi Arabistan,2025-08-02,191,0.93194,61.16,98.133,109.45,165.36,0,0.015707,0.0052356,0.04712,0.82199,0.10995,165.36,Savaş öncesi
Suudi Arabistan,2025-08-03,191,0.98429,45.17,159.1,169.12,169.11,0,0.010471,0,0.0052356,0.82723,0.15707,185.82,Savaş öncesi
Suudi Arabistan,2025-08-04,191,1,18.67,199.47,199.47,199.51,0,0,0,0,0.76963,0.23037,199.51,Savaş öncesi
Suudi Arabistan,2025-08-05,191,0.99476,16.37,143.61,147.43,147.46,0,0,0,0.0052356,0.78534,0.20942,147.46,Savaş öncesi
Suudi Arabistan,2025-08-06,191,0.97906,44.05,89.753,100.82,103.63,0,0.010471,0,0.010471,0.85864,0.12042,106.53,Savaş öncesi
Suudi Arabistan,2025-08-07,191,0.90052,60.855,84.524,105.1,145.97,0,0.0052356,0.036649,0.057592,0.84293,0.057592,162.32,Savaş öncesi
Suudi Arabistan,2025-08-08,191,0.82199,51.52,141.12,143.37,143.36,0,0.031414,0.10471,0.041885,0.70681,0.11518,145.17,Savaş öncesi
Suudi Arabistan,2025-08-09,191,0.8377,28.94,166.26,181.63,181.63,0,0.0052356,0.15183,0.0052356,0.6911,0.1466,181.63,Savaş öncesi
Suudi Arabistan,2025-08-10,191,0.95812,4.82,178.68,178.68,178.73,0,0,0.041885,0,0.76963,0.18848,178.73,Savaş öncesi
Suudi Arabistan,2025-08-11,191,0.95812,36.17,113.75,143.72,143.73,0,0.031414,0.0052356,0.0052356,0.76963,0.18848,145.81,Savaş öncesi
Suudi Arabistan,2025-08-12,191,0.96859,56.23,85.768,96.779,100.78,0,0.0052356,0,0.026178,0.82199,0.1466,100.78,Savaş öncesi
Suudi Arabistan,2025-08-13,191,0.94241,56.655,771.06,814.07,850.99,0,0.010471,0.0052356,0.041885,0.7644,0.17801,856.31,Savaş öncesi
Suudi Arabistan,2025-08-14,191,0.98953,37.71,455.51,455.51,455.51,0,0.0052356,0.0052356,0,0.73822,0.25131,457.13,Savaş öncesi
Suudi Arabistan,2025-08-15,191,0.95812,8.44,246.98,246.98,246.98,0,0,0.041885,0,0.67016,0.28796,246.98,Savaş öncesi
Suudi Arabistan,2025-08-16,191,0.96859,26.9,235.06,238.24,238.23,0,0.010471,0.020942,0,0.7644,0.20419,238.92,Savaş öncesi
Suudi Arabistan,2025-08-17,191,0.89005,50.585,116.39,126.26,129.02,0,0.052356,0.031414,0.026178,0.81152,0.078534,141.86,Savaş öncesi
Suudi Arabistan,2025-08-18,191,0.71728,61.03,46.857,61.922,95.61,0,0.015707,0.15183,0.11518,0.65969,0.057592,95.61,Savaş öncesi
Suudi Arabistan,2025-08-19,191,0.82723,45.15,70.933,73.678,73.67,0,0.010471,0.12565,0.036649,0.71204,0.11518,73.67,Savaş öncesi
Suudi Arabistan,2025-08-20,191,0.94764,18.58,160.53,160.53,160.54,0,0,0.052356,0,0.72775,0.2199,160.54,Savaş öncesi
Suudi Arabistan,2025-08-21,191,0.94764,16.37,213.98,213.98,214,0,0,0.052356,0,0.72775,0.2199,214,Savaş öncesi
Suudi Arabistan,2025-08-22,191,0.95288,44.035,160.36,173.46,175.09,0,0.0052356,0.020942,0.020942,0.7644,0.18848,184.31,Savaş öncesi
Suudi Arabistan,2025-08-23,191,0.96335,60.88,169.68,182.14,213.84,0,0.0052356,0.0052356,0.026178,0.8377,0.12565,219.94,Savaş öncesi
Suudi Arabistan,2025-08-24,191,0.90576,51.39,200.61,226.08,226.1,0,0.04712,0.0052356,0.041885,0.73822,0.16754,259.51,Savaş öncesi
Suudi Arabistan,2025-08-25,191,0.98429,28.815,127.04,148.32,148.32,0,0.010471,0,0.0052356,0.7644,0.2199,152.13,Savaş öncesi
Suudi Arabistan,2025-08-26,191,0.94764,4.96,178.71,178.71,178.7,0,0,0.052356,0,0.7644,0.18325,178.7,Savaş öncesi
Suudi Arabistan,2025-08-27,191,0.94764,36.24,82.435,84.919,84.93,0,0.026178,0.026178,0,0.80105,0.1466,112.77,Savaş öncesi
Suudi Arabistan,2025-08-28,191,0.96335,56.275,146.75,161.68,165.99,0,0.010471,0.0052356,0.020942,0.8377,0.12565,167.06,Savaş öncesi
Suudi Arabistan,2025-08-29,191,0.95812,56.62,146.69,157.56,194.61,0,0.0052356,0,0.036649,0.80628,0.15183,196.07,Savaş öncesi
Suudi Arabistan,2025-08-30,191,0.96335,37.64,123.92,123.92,123.89,0,0.015707,0,0.020942,0.7801,0.18325,127.64,Savaş öncesi
Suudi Arabistan,2025-08-31,191,1,8.61,178.68,178.68,178.7,0,0,0,0,0.74869,0.25131,178.7,Savaş öncesi
Suudi Arabistan,2025-09-01,191,0.99476,27.03,181.21,195.78,195.79,0,0,0,0.0052356,0.80628,0.18848,195.79,Savaş öncesi
Suudi Arabistan,2025-09-02,191,0.93717,50.71,138.62,168.78,150.74,0,0.052356,0,0.010471,0.79581,0.14136,150.74,Savaş öncesi
Suudi Arabistan,2025-09-03,191,0.96859,61.1,111.15,124.97,151.68,0,0.015707,0,0.015707,0.84817,0.12042,151.68,Savaş öncesi
Suudi Arabistan,2025-09-04,191,0.98429,45.09,142.72,151.61,151.62,0,0.015707,0,0,0.81675,0.16754,151.62,Savaş öncesi
Suudi Arabistan,2025-09-05,191,0.99476,18.485,255.42,255.42,255.4,0,0.0052356,0,0,0.6911,0.30366,255.4,Savaş öncesi
Suudi Arabistan,2025-09-06,191,0.98953,16.56,199.75,199.75,199.73,0,0,0.010471,0,0.75393,0.2356,199.73,Savaş öncesi
Suudi Arabistan,2025-09-07,191,0.96859,44.14,131.37,156.12,156.12,0,0.010471,0,0.020942,0.80105,0.16754,156.12,Savaş öncesi
Suudi Arabistan,2025-09-08,191,0.96335,60.94,106.25,137.28,198.46,0,0.0052356,0,0.031414,0.82723,0.13613,202.12,Savaş öncesi
Suudi Arabistan,2025-09-09,191,0.91623,51.28,147.83,165.58,167.29,0,0.036649,0,0.04712,0.74869,0.16754,172.39,Savaş öncesi
Suudi Arabistan,2025-09-10,191,0.94764,28.62,163.44,163.44,163.41,0,0.010471,0.036649,0.0052356,0.72251,0.22513,163.41,Savaş öncesi
Suudi Arabistan,2025-09-11,191,1,5.06,305.37,305.37,305.35,0,0,0,0,0.77487,0.22513,305.35,Savaş öncesi
Suudi Arabistan,2025-09-12,191,0.96859,36.43,234.32,241.23,241.25,0,0.026178,0,0.0052356,0.81152,0.15707,244.19,Savaş öncesi
Suudi Arabistan,2025-09-13,191,0.94764,56.4,130.31,173.82,182.07,0,0.0052356,0,0.04712,0.81152,0.13613,193.19,Savaş öncesi
Suudi Arabistan,2025-09-14,191,0.94764,56.54,185.75,235.61,288.02,0,0.015707,0,0.036649,0.74869,0.19895,296.53,Savaş öncesi
Suudi Arabistan,2025-09-15,191,0.99476,37.47,169.47,170.74,228.01,0,0,0,0.0052356,0.7644,0.23037,228.01,Savaş öncesi
Suudi Arabistan,2025-09-16,191,1,8.4,152.85,152.85,152.88,0,0,0,0,0.71728,0.28272,152.88,Savaş öncesi
Suudi Arabistan,2025-09-17,191,1,27.3,181.85,185.02,185.03,0,0,0,0,0.74869,0.25131,185.03,Savaş öncesi
Suudi Arabistan,2025-09-18,191,0.91099,50.92,144.65,172.58,182.05,0,0.057592,0,0.031414,0.73298,0.17801,189.81,Savaş öncesi
Suudi Arabistan,2025-09-19,191,0.93717,61.04,167.98,254.04,300.23,0,0.010471,0,0.052356,0.73822,0.19895,309.91,Savaş öncesi
Suudi Arabistan,2025-09-20,191,0.96859,44.92,143.84,181.1,181.1,0,0.020942,0,0.010471,0.78534,0.18325,186.84,Savaş öncesi
Suudi Arabistan,2025-09-21,191,0.99476,18.185,157.53,157.53,157.52,0,0.0052356,0,0,0.7801,0.21466,157.52,Savaş öncesi
Suudi Arabistan,2025-09-22,191,0.99476,16.915,137.64,137.64,137.63,0,0.0052356,0,0,0.7644,0.23037,139.61,Savaş öncesi
Suudi Arabistan,2025-09-23,191,0.99476,44.44,150.09,156.84,157.76,0,0,0,0.0052356,0.7644,0.23037,157.76,Savaş öncesi
Suudi Arabistan,2025-09-24,191,0.96859,61.11,108.22,156.42,182.53,0,0.0052356,0,0.026178,0.82199,0.1466,183.98,Savaş öncesi
Suudi Arabistan,2025-09-25,191,0.89529,51.13,130.67,135.76,135.77,0,0.052356,0,0.052356,0.70157,0.19372,147.48,Savaş öncesi
Suudi Arabistan,2025-09-26,191,0.98429,28.375,154.45,155.97,155.96,0,0.010471,0,0.0052356,0.73822,0.24607,155.96,Savaş öncesi
Suudi Arabistan,2025-09-27,191,0.96859,5.44,145.65,145.65,145.64,0,0.0052356,0.020942,0.0052356,0.72251,0.24607,145.64,Savaş öncesi
Suudi Arabistan,2025-09-28,191,0.97382,36.77,165.77,174.92,177.68,0,0.026178,0,0,0.78534,0.18848,192.88,Savaş öncesi
Suudi Arabistan,2025-09-29,191,0.95288,56.61,127.35,140.1,173.58,0,0.015707,0,0.031414,0.81675,0.13613,187.7,Savaş öncesi
Suudi Arabistan,2025-09-30,191,0.94241,56.38,174.61,189.13,198.83,0,0.026178,0,0.031414,0.74346,0.19895,207.7,Savaş öncesi
Suudi Arabistan,2025-10-01,191,0.96859,37.18,140.71,147.88,147.9,0,0.015707,0,0.015707,0.75393,0.21466,161.92,Savaş öncesi
Suudi Arabistan,2025-10-02,191,1,7.95,154.76,157.24,157.26,0,0,0,0,0.74869,0.25131,157.26,Savaş öncesi
Suudi Arabistan,2025-10-03,191,0.98429,27.715,139.68,144.2,144.17,0,0.010471,0,0.0052356,0.73298,0.25131,144.17,Savaş öncesi
Suudi Arabistan,2025-10-04,191,0.90052,51.21,114.57,132.28,134.41,0,0.068063,0,0.031414,0.73298,0.16754,140.6,Savaş öncesi
Suudi Arabistan,2025-10-05,191,0.94241,60.86,187.93,211.62,220.34,0,0.0052356,0,0.052356,0.78534,0.15707,225.16,Savaş öncesi
Suudi Arabistan,2025-10-06,191,0.95812,44.59,188.14,205.63,204.15,0,0.031414,0,0.010471,0.75393,0.20419,204.15,Savaş öncesi
Suudi Arabistan,2025-10-07,191,1,17.69,217.1,217.1,217.15,0,0,0,0,0.72775,0.27225,217.15,Savaş öncesi
Suudi Arabistan,2025-10-08,191,0.98953,17.49,168.4,169.95,169.98,0,0.010471,0,0,0.74346,0.24607,173.56,Savaş öncesi
Suudi Arabistan,2025-10-09,191,0.95812,44.83,217.27,227.54,227.52,0,0.015707,0,0.026178,0.73822,0.2199,237.17,Savaş öncesi
Suudi Arabistan,2025-10-10,191,0.94764,61.37,295.98,324.43,358.26,0,0.015707,0,0.036649,0.82199,0.12565,367.79,Savaş öncesi
Suudi Arabistan,2025-10-11,191,0.91099,50.85,84.131,90.633,96.21,0,0.04712,0,0.041885,0.7644,0.1466,101.22,Savaş öncesi
Suudi Arabistan,2025-10-12,191,0.98429,27.81,134.55,134.55,134.53,0,0.015707,0,0,0.77487,0.20942,134.53,Savaş öncesi
Suudi Arabistan,2025-10-13,191,1,6.18,139.84,139.84,139.85,0,0,0,0,0.70681,0.29319,139.85,Savaş öncesi
Suudi Arabistan,2025-10-14,191,0.96859,37.32,101.77,104.58,104.6,0,0.026178,0,0.0052356,0.7801,0.18848,106.97,Savaş öncesi
Suudi Arabistan,2025-10-15,191,0.97382,56.94,101.66,123.76,186.18,0,0.0052356,0,0.020942,0.81152,0.1623,186.18,Savaş öncesi
Suudi Arabistan,2025-10-16,191,0.95288,56.075,90.958,126.45,152.58,0,0.0052356,0,0.041885,0.79058,0.1623,157.93,Savaş öncesi
Suudi Arabistan,2025-10-17,191,0.98429,36.63,104.64,107.56,107.57,0,0,0,0.015707,0.75916,0.22513,127.84,Savaş öncesi
Suudi Arabistan,2025-10-18,191,1,7.31,325.55,325.55,325.53,0,0,0,0,0.68063,0.31937,325.53,Savaş öncesi
Suudi Arabistan,2025-10-19,191,0.98953,28.38,122.79,127.07,127.08,0,0.010471,0,0,0.75916,0.23037,130.04,Savaş öncesi
Suudi Arabistan,2025-10-20,191,0.90576,51.62,123.02,131.75,140.61,0,0.073298,0,0.020942,0.74869,0.15707,145.27,Savaş öncesi
Suudi Arabistan,2025-10-21,191,0.95288,60.62,211.55,234.62,305.26,0,0.0052356,0,0.041885,0.77487,0.17801,314.04,Savaş öncesi
Suudi Arabistan,2025-10-22,191,0.96859,44.12,161,166.64,166.67,0,0.015707,0,0.015707,0.74869,0.2199,166.67,Savaş öncesi
Suudi Arabistan,2025-10-23,191,0.98953,16.85,191.86,191.86,191.8,0,0.010471,0,0,0.70157,0.28796,191.8,Savaş öncesi
Suudi Arabistan,2025-10-24,191,0.98953,18.31,262.64,262.64,262.63,0,0.010471,0,0,0.71204,0.27749,267.58,Savaş öncesi
Suudi Arabistan,2025-10-25,191,0.94241,45.32,267.44,282.37,285.55,0,0.0052356,0,0.052356,0.70157,0.24084,292.55,Savaş öncesi
Suudi Arabistan,2025-10-26,191,0.97906,61.66,269.27,358.85,350.76,0,0.0052356,0,0.015707,0.75393,0.22513,350.76,Savaş öncesi
Suudi Arabistan,2025-10-27,191,0.90052,50.365,230.59,268.45,268.4,0,0.036649,0,0.062827,0.67539,0.22513,287.4,Savaş öncesi
Suudi Arabistan,2025-10-28,191,0.97906,27.07,209.94,211.59,211.61,0,0.010471,0,0.010471,0.69634,0.28272,213.77,Savaş öncesi
Suudi Arabistan,2025-10-29,191,1,7.13,194.01,194.01,194.03,0,0,0,0,0.68586,0.31414,194.03,Savaş öncesi
Suudi Arabistan,2025-10-30,191,0.98953,37.94,230,232.76,232.8,0,0.010471,0,0,0.73298,0.25654,233.92,Savaş öncesi
Suudi Arabistan,2025-10-31,191,0.96335,57.35,220.1,295.47,350.37,0,0.0052356,0,0.031414,0.73822,0.22513,356.48,Savaş öncesi
Suudi Arabistan,2025-11-01,191,0.95812,55.69,196.73,208.36,244.73,0,0.020942,0,0.020942,0.72775,0.23037,273.14,Savaş öncesi
Suudi Arabistan,2025-11-02,191,0.97906,35.96,165.37,184.7,184.69,0,0.020942,0,0,0.70157,0.27749,187.67,Savaş öncesi
Suudi Arabistan,2025-11-03,191,0.99476,6.345,226.89,226.89,226.79,0,0,0,0.0052356,0.62304,0.37173,226.79,Savaş öncesi
Suudi Arabistan,2025-11-04,191,1,29.25,187.88,192.79,192.8,0,0,0,0,0.73298,0.26702,192.8,Savaş öncesi
Suudi Arabistan,2025-11-05,191,0.90576,52.14,180.03,192.64,215.88,0,0.052356,0,0.041885,0.73298,0.17277,238.37,Savaş öncesi
Suudi Arabistan,2025-11-06,191,0.94764,60.24,163.33,247.87,377.14,0,0.010471,0,0.041885,0.74869,0.19895,404.53,Savaş öncesi
Suudi Arabistan,2025-11-07,191,0.98953,43.66,285.56,293.1,293.08,0,0.010471,0,0,0.74346,0.24607,295.03,Savaş öncesi
Suudi Arabistan,2025-11-08,191,0.99476,16.235,177.44,177.44,177.44,0,0.0052356,0,0,0.67016,0.32461,177.44,Savaş öncesi
Suudi Arabistan,2025-11-09,191,0.89529,18.68,130.27,130.27,130.25,0,0,0.10471,0,0.64398,0.25131,130.25,Savaş öncesi
Suudi Arabistan,2025-11-10,191,0.97382,45.55,139.91,149.73,152.73,0,0.015707,0,0.010471,0.73822,0.2356,154.95,Savaş öncesi
Suudi Arabistan,2025-11-11,191,0.78534,61.76,113.77,120.92,155.06,0,0.020942,0.12565,0.068063,0.66492,0.12042,181.31,Savaş öncesi
Suudi Arabistan,2025-11-12,191,0.93194,50.295,178.47,213.9,213.9,0,0.026178,0,0.041885,0.72251,0.20942,230.47,Savaş öncesi
Suudi Arabistan,2025-11-13,191,0.99476,27.025,116.22,116.22,116.2,0,0,0,0.0052356,0.73822,0.25654,116.2,Savaş öncesi
Suudi Arabistan,2025-11-14,191,0.97906,7.01,161.24,161.24,161.28,0,0.0052356,0.015707,0,0.6911,0.28796,161.28,Savaş öncesi
Suudi Arabistan,2025-11-15,191,0.9267,37.77,121.15,126.8,126.8,0,0.020942,0.041885,0.010471,0.68586,0.24084,126.8,Savaş öncesi
Suudi Arabistan,2025-11-16,191,0.52356,57.53,112.27,116.24,125.06,0,0.010471,0.31414,0.15183,0.45026,0.073298,143.21,Savaş öncesi
Suudi Arabistan,2025-11-17,191,0.86911,55.88,213.87,228.72,360.79,0,0.020942,0.078534,0.031414,0.67016,0.19895,369.93,Savaş öncesi
Suudi Arabistan,2025-11-18,191,0.97906,36.33,212.41,251.83,251.84,0,0.010471,0,0.010471,0.70157,0.27749,257.46,Savaş öncesi
Suudi Arabistan,2025-11-19,191,1,6.98,238.04,238.04,238.03,0,0,0,0,0.63874,0.36126,238.03,Savaş öncesi
Suudi Arabistan,2025-11-20,191,1,28.54,237.73,240,240.01,0,0,0,0,0.69634,0.30366,240.01,Savaş öncesi
Suudi Arabistan,2025-11-21,191,0.89005,51.63,254.35,276.15,299.89,0,0.068063,0.0052356,0.036649,0.63874,0.25131,306.95,Savaş öncesi
Suudi Arabistan,2025-11-22,191,0.9267,60.58,277.89,349.81,422.94,0,0.015707,0,0.057592,0.70157,0.22513,430.63,Savaş öncesi
Suudi Arabistan,2025-11-23,191,0.98429,44.15,261.99,268.47,270.05,0,0.010471,0,0.0052356,0.68586,0.29843,270.05,Savaş öncesi
Suudi Arabistan,2025-11-24,191,0.99476,17.055,151.22,151.22,151.21,0,0.0052356,0,0,0.63351,0.36126,151.21,Savaş öncesi
Suudi Arabistan,2025-11-25,191,0.97382,17.95,177.16,177.16,177.24,0,0.0052356,0.020942,0,0.66492,0.3089,177.24,Savaş öncesi
Suudi Arabistan,2025-11-26,191,0.98429,45.03,202.28,207.99,210.31,0,0.010471,0,0.0052356,0.71204,0.27225,210.31,Savaş öncesi
Suudi Arabistan,2025-11-27,191,0.96335,61.44,284.13,432.19,542.39,0,0.010471,0,0.026178,0.68063,0.28272,555.69,Savaş öncesi
Suudi Arabistan,2025-11-28,191,0.91623,50.64,327.65,360.7,360.67,0,0.026178,0,0.057592,0.6911,0.22513,377.33,Savaş öncesi
Suudi Arabistan,2025-11-29,191,0.99476,27.655,188.01,202.97,203,0,0.0052356,0,0,0.65445,0.34031,203,Savaş öncesi
Suudi Arabistan,2025-11-30,191,0.94764,6.17,202.88,202.88,202.86,0,0,0.052356,0,0.59686,0.35079,204.14,Savaş öncesi
Suudi Arabistan,2025-12-01,191,0.45026,36.605,74.99,81.715,81.74,0,0.010471,0.5288,0.010471,0.32461,0.12565,93.92,Savaş öncesi
Suudi Arabistan,2025-12-02,191,0.97382,56.835,279.86,418.47,447.27,0,0.010471,0,0.015707,0.70681,0.26702,448.57,Savaş öncesi
Suudi Arabistan,2025-12-03,191,0.80628,56.145,171.1,181.46,240.63,0,0.015707,0.073298,0.10471,0.60209,0.20419,343.72,Savaş öncesi
Suudi Arabistan,2025-12-04,191,0.56545,36.485,64.215,66.026,65.99,0,0.015707,0.41361,0.0052356,0.40838,0.15707,65.99,Savaş öncesi
Suudi Arabistan,2025-12-05,191,0.99476,7.625,181.93,181.93,181.99,0,0,0,0.0052356,0.63351,0.36126,181.99,Savaş öncesi
Suudi Arabistan,2025-12-06,191,0.95812,27.89,218.31,218.31,218.32,0,0.0052356,0.036649,0,0.63351,0.32461,218.32,Savaş öncesi
Suudi Arabistan,2025-12-07,191,0.65969,51.155,175.82,265.12,265.11,0,0.041885,0.27225,0.026178,0.49738,0.1623,283.34,Savaş öncesi
Suudi Arabistan,2025-12-08,191,0.48168,59.655,110.83,121.46,124.91,0,0.0052356,0.42932,0.08377,0.3822,0.099476,131.23,Savaş öncesi
Suudi Arabistan,2025-12-09,191,0.44503,44.76,42.544,43.205,43.2,0,0.015707,0.5288,0.010471,0.36649,0.078534,44.15,Savaş öncesi
Suudi Arabistan,2025-12-10,191,0.54974,20.44,83.089,83.089,83.08,0,0,0.45026,0,0.39791,0.15183,84.86,Savaş öncesi
Suudi Arabistan,2025-12-11,191,1,17.35,125.41,125.41,125.47,0,0,0,0,0.7644,0.2356,125.47,Savaş öncesi
Suudi Arabistan,2025-12-12,191,0.96859,44.63,197.05,203.54,206.88,0,0.020942,0,0.010471,0.71204,0.25654,226.61,Savaş öncesi
Suudi Arabistan,2025-12-13,191,0.91099,61.29,180.06,221.28,336.58,0,0.0052356,0.026178,0.057592,0.71728,0.19372,338.12,Savaş öncesi
Suudi Arabistan,2025-12-14,191,0.79581,51.04,159.08,166.63,168.39,0,0.031414,0.10471,0.068063,0.64398,0.15183,172.06,Savaş öncesi
Suudi Arabistan,2025-12-15,191,0.13089,15.14,9.6021,9.6021,9.6,0,0.0052356,0.85864,0.0052356,0.099476,0.031414,9.6,Savaş öncesi
Suudi Arabistan,2025-12-16,191,0.98429,5.635,206.6,206.6,206.57,0,0.0052356,0.010471,0,0.69634,0.28796,206.57,Savaş öncesi
Suudi Arabistan,2025-12-17,191,0.90576,36.8,183.29,187.14,187.12,0,0.026178,0.062827,0.0052356,0.64921,0.25654,187.12,Savaş öncesi
Suudi Arabistan,2025-12-18,191,0.83246,56.55,292.84,377.98,425.81,0,0.010471,0.099476,0.057592,0.62304,0.20942,450.5,Savaş öncesi
Suudi Arabistan,2025-12-19,191,0.95288,56.32,234.19,266.64,277.9,0,0.020942,0,0.026178,0.66492,0.28796,283.62,Savaş öncesi
Suudi Arabistan,2025-12-20,191,0.96859,37.15,341.15,341.15,341.12,0,0.010471,0.010471,0.010471,0.63351,0.33508,366.62,Savaş öncesi
Suudi Arabistan,2025-12-21,191,0.99476,8.07,238.6,240.01,240.01,0,0,0.0052356,0,0.58639,0.40838,240.01,Savaş öncesi
Suudi Arabistan,2025-12-22,191,0.98953,27.52,187.75,187.75,187.74,0,0.0052356,0,0.0052356,0.68586,0.30366,199.39,Savaş öncesi
Suudi Arabistan,2025-12-23,191,0.59686,50.67,181.37,227.36,230.28,0,0.031414,0.31414,0.057592,0.42932,0.16754,232.95,Savaş öncesi
Suudi Arabistan,2025-12-24,191,0.9267,60.96,294.29,382.11,364.58,0,0.0052356,0.04712,0.020942,0.65445,0.27225,370.43,Savaş öncesi
Suudi Arabistan,2025-12-25,191,0.73822,44.73,82.386,93.021,93.03,0,0.041885,0.20942,0.010471,0.58115,0.15707,123.65,Savaş öncesi
Suudi Arabistan,2025-12-26,191,0.5288,19.77,87.861,87.861,87.85,0,0,0.46073,0.010471,0.36126,0.16754,87.85,Savaş öncesi
Suudi Arabistan,2025-12-27,191,0.98429,16.92,130.33,130.33,130.34,0,0,0.015707,0,0.77487,0.20942,130.34,Savaş öncesi
Suudi Arabistan,2025-12-28,191,0.97906,44.41,347.8,358.09,358.12,0,0.0052356,0,0.015707,0.68063,0.29843,362.66,Savaş öncesi
Suudi Arabistan,2025-12-29,191,0.96335,61.105,366.28,486.95,544.89,0,0.0052356,0,0.031414,0.69634,0.26702,548.23,Savaş öncesi
Suudi Arabistan,2025-12-30,191,0.86911,51.155,370.61,409.06,414.93,0,0.052356,0,0.078534,0.60733,0.26178,428.55,Savaş öncesi
Suudi Arabistan,2025-12-31,191,0.99476,28.44,186.7,186.7,186.69,0,0,0,0.0052356,0.68063,0.31414,186.69,Savaş öncesi
Suudi Arabistan,2026-01-01,191,1,5.26,325.08,325.08,325.04,0,0,0,0,0.60209,0.39791,325.04,Savaş öncesi
Suudi Arabistan,2026-01-02,191,0.95812,36.53,281.34,285.19,285.2,0,0.031414,0,0.010471,0.6911,0.26702,293.05,Savaş öncesi
Suudi Arabistan,2026-01-03,191,0.93717,56.43,220.05,247.75,376.73,0,0.010471,0.015707,0.036649,0.72775,0.20942,410.56,Savaş öncesi
Suudi Arabistan,2026-01-04,191,0.95812,56.45,439.67,506.87,658,0,0.0052356,0,0.036649,0.62827,0.32984,672.98,Savaş öncesi
Suudi Arabistan,2026-01-05,191,0.98953,37.37,313.67,315.79,315.73,0,0.0052356,0,0.0052356,0.6911,0.29843,317.65,Savaş öncesi
Suudi Arabistan,2026-01-06,191,1,8.37,235.19,235.19,235.19,0,0,0,0,0.63874,0.36126,235.19,Savaş öncesi
Suudi Arabistan,2026-01-07,191,0.98953,27.27,176.48,183.64,0,0,0.0052356,0,0.0052356,0.65445,0.33508,,Savaş öncesi
Suudi Arabistan,2026-01-08,191,0.91099,50.85,220.24,230.78,237.7,0,0.052356,0,0.036649,0.65969,0.25131,244.52,Savaş öncesi
Suudi Arabistan,2026-01-09,191,0.79581,62.65,136.1,287,366.45,0,0.010471,0.10471,0.089005,0.63351,0.1623,465.11,Savaş öncesi
Suudi Arabistan,2026-01-10,191,0,,,,,1,0,0,0,0,0,347.8,Savaş öncesi
Suudi Arabistan,2026-01-11,191,0,,,,,1,0,0,0,0,0,254.5,Savaş öncesi
Suudi Arabistan,2026-01-12,191,0,,,,,1,0,0,0,0,0,201.12,Savaş öncesi
Suudi Arabistan,2026-01-13,191,0,,,,,1,0,0,0,0,0,142.55,Savaş öncesi
Suudi Arabistan,2026-01-14,191,0,,,,,1,0,0,0,0,0,314.82,Savaş öncesi
Suudi Arabistan,2026-01-15,191,0.90052,51.27,207.9,249.56,249.54,0,0.052356,0,0.04712,0.65969,0.24084,270.29,Savaş öncesi
Suudi Arabistan,2026-01-16,191,0.98953,28.62,217.59,217.59,217.61,0,0.010471,0,0,0.68586,0.30366,217.61,Savaş öncesi
Suudi Arabistan,2026-01-17,191,1,5.07,142.02,142.02,142.06,0,0,0,0,0.67016,0.32984,142.06,Savaş öncesi
Suudi Arabistan,2026-01-18,191,0.94241,36.42,170.1,174.88,175.71,0,0.04712,0.010471,0,0.70157,0.24084,180.88,Savaş öncesi
Suudi Arabistan,2026-01-19,191,0.98953,56.37,265.82,349.34,320.97,0,0,0,0.010471,0.67016,0.31937,327.88,Savaş öncesi
Suudi Arabistan,2026-01-20,191,0.95288,56.56,162.69,181.41,206.92,0,0.020942,0,0.026178,0.69634,0.25654,215.7,Savaş öncesi
Suudi Arabistan,2026-01-21,191,0.97906,37.53,228.56,258.09,262.97,0,0.010471,0,0.010471,0.6911,0.28796,283.15,Savaş öncesi
Suudi Arabistan,2026-01-22,191,0.8534,8.64,138.11,138.11,138.11,0,0,0.1466,0,0.62827,0.22513,138.11,Savaş öncesi
Suudi Arabistan,2026-01-23,191,0.60209,26.96,52.633,52.633,52.63,0,0.010471,0.3822,0.0052356,0.49738,0.10471,64.18,Savaş öncesi
Suudi Arabistan,2026-01-24,191,0.39267,54.95,18.027,18.027,17.77,0,0.062827,0.48168,0.062827,0.33508,0.057592,18.43,Savaş öncesi
Suudi Arabistan,2026-01-25,191,0.96859,61.06,315.43,422.22,443.36,0,0.0052356,0,0.026178,0.75393,0.21466,445.83,Savaş öncesi
Suudi Arabistan,2026-01-26,191,0.94764,45.02,146.22,155.92,155.97,0,0.0052356,0.031414,0.015707,0.71728,0.23037,159.8,Savaş öncesi
Suudi Arabistan,2026-01-27,191,0.58115,20.1,103.7,103.7,103.73,0,0.010471,0.40838,0,0.40314,0.17801,113.67,Savaş öncesi
Suudi Arabistan,2026-01-28,191,0.85864,16.73,81.322,81.322,81.3,0,0,0.14136,0,0.64921,0.20942,83.54,Savaş öncesi
Suudi Arabistan,2026-01-29,191,0.95288,44.22,211.45,217.08,214.52,0,0.015707,0,0.031414,0.67016,0.28272,219.22,Savaş öncesi
Suudi Arabistan,2026-01-30,191,0.94764,61.04,235.99,264.52,317.55,0,0.015707,0,0.036649,0.71728,0.23037,345.78,Savaş öncesi
Suudi Arabistan,2026-01-31,191,0.90576,51.3,193.58,218.94,223.69,0,0.036649,0,0.057592,0.61257,0.29319,247.88,Savaş öncesi
Suudi Arabistan,2026-02-01,191,0.99476,28.655,229.14,232.34,232.4,0,0,0,0.0052356,0.66492,0.32984,232.4,Savaş öncesi
Suudi Arabistan,2026-02-02,191,0.98953,5.08,221.2,221.2,221.2,0,0.0052356,0.0052356,0,0.6178,0.37173,221.2,Savaş öncesi
Suudi Arabistan,2026-02-03,191,0.95812,36.49,137.04,154.59,154.58,0,0.041885,0,0,0.6911,0.26702,157.13,Savaş öncesi
Suudi Arabistan,2026-02-04,191,0.96335,56.42,250.57,292.31,456.87,0,0.0052356,0,0.031414,0.71204,0.25131,457.47,Savaş öncesi
Suudi Arabistan,2026-02-05,191,0.26178,55.135,92.294,104.08,106.27,0,0.036649,0.53927,0.1623,0.21466,0.04712,131.78,Savaş öncesi
Suudi Arabistan,2026-02-06,191,0.12042,43.92,0,0,0,0,0.020942,0.8534,0.0052356,0.12042,0,2.05,Savaş öncesi
Suudi Arabistan,2026-02-07,191,0.75393,7.115,89.554,91.084,91.06,0,0,0.24607,0,0.53927,0.21466,91.06,Savaş öncesi
Suudi Arabistan,2026-02-08,191,0.97906,27.26,183.26,187.23,187.24,0,0.015707,0,0.0052356,0.66492,0.31414,190.7,Savaş öncesi
Suudi Arabistan,2026-02-09,191,0.9267,50.91,220.77,260.41,226.02,0,0.036649,0.0052356,0.031414,0.66492,0.26178,268.11,Savaş öncesi
Suudi Arabistan,2026-02-10,191,0.8534,61.08,97.155,123.88,159.09,0,0.020942,0.062827,0.062827,0.68586,0.16754,167.13,Savaş öncesi
Suudi Arabistan,2026-02-11,191,0.93717,44.98,142.85,144.54,258.8,0,0.052356,0,0.010471,0.6911,0.24607,271.82,Savaş öncesi
Suudi Arabistan,2026-02-12,191,0.74869,19.7,177.54,177.54,177.58,0,0,0.25131,0,0.47644,0.27225,184.5,Savaş öncesi
Suudi Arabistan,2026-02-13,191,1,16.82,189.9,192.05,192.09,0,0,0,0,0.6178,0.3822,192.09,Savaş öncesi
Suudi Arabistan,2026-02-14,191,0.97906,44.35,216.82,229.1,229.11,0,0.0052356,0,0.015707,0.66492,0.31414,229.11,Savaş öncesi
Suudi Arabistan,2026-02-15,191,0.94241,61.07,215.06,358.27,384.8,0,0,0,0.057592,0.72251,0.2199,395.58,Savaş öncesi
Suudi Arabistan,2026-02-16,191,0.89005,51.23,213.36,213.36,213.36,0,0.057592,0,0.052356,0.6178,0.27225,259.22,Savaş öncesi
Suudi Arabistan,2026-02-17,191,0.99476,28.51,182.29,182.29,182.26,0,0.0052356,0,0,0.66492,0.32984,182.26,Savaş öncesi
Suudi Arabistan,2026-02-18,191,1,5.3,175.15,175.95,175.98,0,0,0,0,0.63351,0.36649,175.98,Savaş öncesi
Suudi Arabistan,2026-02-19,191,0.96859,36.64,156.98,167.76,168.95,0,0.026178,0,0.0052356,0.71728,0.25131,176.43,Savaş öncesi
Suudi Arabistan,2026-02-20,191,0.93194,56.545,210.97,315.9,431.16,0,0,0,0.068063,0.66492,0.26702,435.55,Savaş öncesi
Suudi Arabistan,2026-02-21,191,0.94764,56.47,212.6,225.15,385.77,0,0.015707,0,0.036649,0.65969,0.28796,390.52,Savaş öncesi
Suudi Arabistan,2026-02-22,191,0.98429,37.35,210.36,210.36,210.38,0,0.0052356,0,0.010471,0.64921,0.33508,211.53,Savaş öncesi
Suudi Arabistan,2026-02-23,191,0.99476,8.26,256.69,256.69,256.69,0,0,0,0.0052356,0.58639,0.40838,257.83,Savaş öncesi
Suudi Arabistan,2026-02-24,191,0.98429,27.465,230.15,230.15,230.16,0,0.010471,0,0.0052356,0.62827,0.35602,230.16,Savaş öncesi
Suudi Arabistan,2026-02-25,191,0.89005,51.06,130.04,146.03,160.46,0,0.08377,0,0.026178,0.70157,0.18848,250.66,Savaş öncesi
Suudi Arabistan,2026-02-26,191,0.97382,60.965,224.3,354.1,471.07,0,0,0,0.026178,0.73822,0.2356,479.83,Savaş öncesi
Suudi Arabistan,2026-02-27,191,0.89005,44.94,136.25,161.1,161.05,0,0.026178,0.08377,0,0.64398,0.24607,161.05,Savaş öncesi
Suudi Arabistan,2026-02-28,191,0.86387,19.46,205.43,205.43,205.44,0,0,0.13613,0,0.63351,0.23037,205.44,geçiş
Suudi Arabistan,2026-03-01,191,0.39267,15.92,62.745,62.745,62.77,0,0,0.60733,0,0.28272,0.10995,62.77,geçiş
Suudi Arabistan,2026-03-02,191,0.40838,45.72,60.325,62.918,64.86,0,0.020942,0.5445,0.026178,0.30366,0.10471,66.19,1. kapanma
Suudi Arabistan,2026-03-03,191,0.4712,61.9,22.797,25.174,55.73,0,0,0.36649,0.1623,0.41361,0.057592,58.65,1. kapanma
Suudi Arabistan,2026-03-04,191,0.71204,51.05,153.12,184.26,184.28,0,0.052356,0.20942,0.026178,0.49738,0.21466,204.95,1. kapanma
Suudi Arabistan,2026-03-05,191,0.77487,28.18,135.76,140.87,140.86,0,0.0052356,0.21466,0.0052356,0.56021,0.21466,141.12,1. kapanma
Suudi Arabistan,2026-03-06,191,0.99476,5.655,160.38,160.38,160.38,0,0,0,0.0052356,0.64921,0.34555,160.38,1. kapanma
Suudi Arabistan,2026-03-07,191,0.77487,36.465,144.14,145.33,145.31,0,0.015707,0.18848,0.020942,0.58115,0.19372,147.11,1. kapanma
Suudi Arabistan,2026-03-08,191,0.9267,56.69,141.17,175.05,190.78,0,0,0,0.073298,0.71204,0.21466,190.78,1. kapanma
Suudi Arabistan,2026-03-09,191,0.49215,55.36,21.752,24.135,24.13,0,0.015707,0.3822,0.10995,0.41885,0.073298,25.97,1. kapanma
Suudi Arabistan,2026-03-10,191,0.7644,36.84,96.419,96.419,97.34,0,0.010471,0.18848,0.036649,0.56545,0.19895,98.45,1. kapanma
Suudi Arabistan,2026-03-11,191,0.31414,9.045,24.618,24.618,24.62,0,0.0052356,0.68063,0,0.22513,0.089005,29.43,1. kapanma
Suudi Arabistan,2026-03-12,191,0.74346,28.1,100.98,100.98,100.96,0,0,0.25131,0.0052356,0.51309,0.23037,102.59,1. kapanma
Suudi Arabistan,2026-03-13,191,0.91623,51.25,141.65,160.12,164.76,0,0.057592,0,0.026178,0.69634,0.2199,174.37,1. kapanma
Suudi Arabistan,2026-03-14,191,0.42408,62.9,187.2,202.79,207.87,0,0.0052356,0.43455,0.13613,0.35079,0.073298,218.02,1. kapanma
Suudi Arabistan,2026-03-15,191,0.8534,44.72,187.91,222.2,222.21,0,0.020942,0.10471,0.020942,0.63351,0.2199,222.21,1. kapanma
Suudi Arabistan,2026-03-16,191,0.35602,17.56,63.249,63.249,63.25,0,0.0052356,0.63874,0,0.27749,0.078534,67.34,1. kapanma
Suudi Arabistan,2026-03-17,191,0.65969,17.585,97.836,97.836,97.83,0,0.0052356,0.33508,0,0.49738,0.1623,97.83,1. kapanma
Suudi Arabistan,2026-03-18,191,0.4555,44.28,112.32,112.32,112.33,0,0.0052356,0.48691,0.052356,0.36649,0.089005,114.33,1. kapanma
Suudi Arabistan,2026-03-19,191,0.17277,61.69,8.5264,10.877,10.87,0,0,0.65969,0.16754,0.1466,0.026178,11.86,1. kapanma
Suudi Arabistan,2026-03-20,191,0.73822,50.77,70.227,74.254,74.24,0,0.036649,0.18325,0.041885,0.60733,0.13089,90.87,1. kapanma
Suudi Arabistan,2026-03-21,191,0.95812,27.81,209.44,209.44,209.42,0,0.010471,0.031414,0,0.71204,0.24607,213.37,1. kapanma
Suudi Arabistan,2026-03-22,191,0.34555,18.07,74.064,74.064,74.08,0,0,0.65445,0,0.24084,0.10471,74.08,1. kapanma
Suudi Arabistan,2026-03-23,191,0.63351,37.17,79.399,83.156,83.17,0,0.020942,0.30366,0.041885,0.48168,0.15183,92.21,1. kapanma
Suudi Arabistan,2026-03-24,191,0.34031,59.12,9.8831,10.302,14.62,0,0,0.44503,0.21466,0.31414,0.026178,14.62,1. kapanma
Suudi Arabistan,2026-03-25,191,0.68063,57.305,12.824,14.728,33.14,0,0.015707,0.23037,0.073298,0.63351,0.04712,33.14,1. kapanma
Suudi Arabistan,2026-03-26,191,0.92147,36.64,190.65,190.65,190.71,0,0.010471,0.020942,0.04712,0.63874,0.28272,191.49,1. kapanma
Suudi Arabistan,2026-03-27,191,0.95812,7.27,138.84,138.84,138.8,0,0,0.041885,0,0.58115,0.37696,138.8,1. kapanma
Suudi Arabistan,2026-03-28,191,0.99476,28.29,160.61,160.61,160.66,0,0,0,0.0052356,0.67539,0.31937,161.6,1. kapanma
Suudi Arabistan,2026-03-29,191,0.4712,51.41,31.473,33.497,0,0,0.068063,0.39791,0.062827,0.3822,0.089005,,1. kapanma
Suudi Arabistan,2026-03-30,191,0.14136,57.16,11.272,11.272,11.27,0,0.010471,0.69634,0.15183,0.12565,0.015707,20.17,1. kapanma
Suudi Arabistan,2026-03-31,191,0.96859,44.15,152.47,163.65,163.63,0,0.010471,0,0.020942,0.71204,0.25654,170.92,1. kapanma
Suudi Arabistan,2026-04-01,191,0.90576,16.93,150.28,150.28,150.29,0,0.0052356,0.089005,0,0.58639,0.31937,150.29,1. kapanma
Suudi Arabistan,2026-04-02,191,0.96859,18.07,186.48,189.8,189.83,0,0,0.031414,0,0.61257,0.35602,189.83,1. kapanma
Suudi Arabistan,2026-04-03,191,0.45026,44.85,39.087,46.807,46.83,0,0.020942,0.44503,0.08377,0.35079,0.099476,54.8,1. kapanma
Suudi Arabistan,2026-04-04,191,0.25131,62.18,16.361,16.361,19.08,0,0.0052356,0.64398,0.099476,0.21466,0.036649,19.08,1. kapanma
Suudi Arabistan,2026-04-05,191,0.35602,48.215,40.067,40.067,40.08,0,0.068063,0.52356,0.052356,0.31937,0.036649,40.98,1. kapanma
Suudi Arabistan,2026-04-06,191,0.96335,27.26,141.63,141.63,144.78,0,0.0052356,0.026178,0.0052356,0.64398,0.31937,144.78,1. kapanma
Suudi Arabistan,2026-04-07,191,0.76963,6.87,263.08,268.44,268.41,0,0,0.23037,0,0.44503,0.32461,268.41,1. kapanma
Suudi Arabistan,2026-04-08,191,0.66492,37.82,81.205,85.52,85.53,0,0.020942,0.29843,0.015707,0.5288,0.13613,85.53,1. kapanma
Suudi Arabistan,2026-04-09,191,0.93194,57.19,808.08,981.75,937.88,0,0,0.026178,0.041885,0.66492,0.26702,941.33,1. kapanma
Suudi Arabistan,2026-04-10,191,0.49215,53.845,89.22,90.783,90.79,0,0.0052356,0.34031,0.1623,0.41361,0.078534,129.19,1. kapanma
Suudi Arabistan,2026-04-11,191,0.23037,25.055,75.132,84.801,84.81,0,0.015707,0.74346,0.010471,0.14136,0.089005,134.73,1. kapanma
Suudi Arabistan,2026-04-12,191,0.81152,6.32,298.01,298.01,298.07,0,0,0.18848,0,0.50262,0.3089,298.07,1. kapanma
Suudi Arabistan,2026-04-13,191,0.34555,29.14,37.838,40.513,40.52,0,0,0.65445,0,0.27225,0.073298,47.79,1. kapanma
Suudi Arabistan,2026-04-14,191,0.2356,48.5,12.728,24.573,24.57,0,0.057592,0.60733,0.099476,0.20942,0.026178,41.87,1. kapanma
Suudi Arabistan,2026-04-15,191,0.76963,60.43,282.32,290.63,303.28,0,0.020942,0.10471,0.10471,0.52356,0.24607,337.22,1. kapanma
Suudi Arabistan,2026-04-16,191,0.25131,45.57,34.36,34.36,34.37,0,0.015707,0.70681,0.026178,0.18848,0.062827,34.37,1. kapanma
Suudi Arabistan,2026-04-17,191,0.98953,16.6,276.36,276.36,276.41,0,0.0052356,0,0.0052356,0.67539,0.31414,278.94,1. kapanma
Suudi Arabistan,2026-04-18,191,0.83246,18.23,394.16,397.58,397.59,0,0,0.16754,0,0.58639,0.24607,398.4,1. kapanma
Suudi Arabistan,2026-04-19,191,0.38743,44.46,19.513,19.513,19.49,0,0.015707,0.57068,0.026178,0.31414,0.073298,19.49,1. kapanma
Suudi Arabistan,2026-04-20,191,0.16754,59.11,15.128,16.426,18.76,0,0.0052356,0.63351,0.19372,0.13613,0.031414,18.76,1. kapanma
Suudi Arabistan,2026-04-21,191,0.44503,48.76,22.166,22.166,22.19,0,0.041885,0.46073,0.052356,0.39267,0.052356,24.93,1. kapanma
Suudi Arabistan,2026-04-22,191,0.24607,23.41,19.162,19.162,19.16,0,0.0052356,0.74869,0,0.19372,0.052356,19.16,1. kapanma
Suudi Arabistan,2026-04-23,191,0.27225,12.16,24.011,27.301,27.3,0,0.0052356,0.72251,0,0.20942,0.062827,29.47,1. kapanma
Suudi Arabistan,2026-04-24,191,0.073298,1.18,8.4333,8.4333,8.43,0,0.015707,0.89529,0.015707,0.04712,0.026178,8.43,1. kapanma
Suudi Arabistan,2026-04-25,191,0.58639,56.95,38.576,46.557,80.27,0,0.015707,0.27225,0.12565,0.51309,0.073298,85.09,1. kapanma
Suudi Arabistan,2026-04-26,191,0.60209,55.76,45.081,56.031,56.02,0,0.015707,0.27749,0.10471,0.49738,0.10471,114.22,1. kapanma
Suudi Arabistan,2026-04-27,191,0.26702,34.01,49.571,144.21,100.01,0,0.020942,0.70157,0.010471,0.2199,0.04712,100.01,1. kapanma
Suudi Arabistan,2026-04-28,191,0.53927,5.18,55.917,55.917,55.91,0,0,0.46073,0,0.42932,0.10995,55.91,1. kapanma
Suudi Arabistan,2026-04-29,191,0.58639,30.41,65.093,65.093,65.09,0,0.010471,0.40314,0,0.4555,0.13089,67.91,1. kapanma
Suudi Arabistan,2026-04-30,191,0.91623,51.69,143.13,173.77,173.68,0,0.057592,0.0052356,0.020942,0.71204,0.20419,182.17,1. kapanma
Suudi Arabistan,2026-05-01,191,0.91623,60.43,350.73,371.51,401.41,0,0.015707,0.031414,0.036649,0.72251,0.19372,405.41,1. kapanma
Suudi Arabistan,2026-05-02,191,0.94764,43.98,476.58,543.84,547.75,0,0.020942,0.015707,0.015707,0.71204,0.2356,547.75,1. kapanma
Suudi Arabistan,2026-05-03,191,0.97382,16.82,180.06,180.06,180.08,0,0,0.026178,0,0.65969,0.31414,180.08,1. kapanma
Suudi Arabistan,2026-05-04,191,0.98953,18.26,161.02,161.02,161.02,0,0.0052356,0.0052356,0,0.73822,0.25131,162.13,1. kapanma
Suudi Arabistan,2026-05-05,191,0.86387,45.12,107.7,127.78,130.64,0,0.010471,0.089005,0.036649,0.70681,0.15707,133.12,1. kapanma
Suudi Arabistan,2026-05-06,191,0.60209,61.58,125.32,164.88,228.81,0,0.010471,0.25654,0.13089,0.51832,0.08377,295.97,1. kapanma
Suudi Arabistan,2026-05-07,191,0.84817,50.595,71.905,95.843,95.84,0,0.041885,0.078534,0.031414,0.71204,0.13613,103.23,1. kapanma
Suudi Arabistan,2026-05-08,191,0.74869,27.26,76.852,76.852,76.86,0,0.010471,0.23037,0.010471,0.60733,0.14136,81.54,1. kapanma
Suudi Arabistan,2026-05-09,191,0.97382,6.81,110.41,110.41,110.37,0,0,0.026178,0,0.74869,0.22513,110.37,1. kapanma
Suudi Arabistan,2026-05-10,191,0.88482,37.52,75.259,80.698,80.67,0,0.04712,0.052356,0.015707,0.73298,0.15183,83.38,1. kapanma
Suudi Arabistan,2026-05-11,191,0.97906,57.08,99.349,135.31,159.5,0,0.010471,0,0.010471,0.81675,0.1623,159.5,1. kapanma
Suudi Arabistan,2026-05-12,191,0.93194,55.845,105.07,131.13,167.8,0,0.041885,0,0.026178,0.75916,0.17277,172.52,1. kapanma
Suudi Arabistan,2026-05-13,191,0.98429,36.34,165.65,166.62,166.64,0,0.010471,0,0.0052356,0.74869,0.2356,166.64,1. kapanma
Suudi Arabistan,2026-05-14,191,1,6.95,198.26,198.26,198.27,0,0,0,0,0.73298,0.26702,198.27,1. kapanma
Suudi Arabistan,2026-05-15,191,0.98429,28.555,176.35,180.72,180.7,0,0,0.010471,0.0052356,0.78534,0.19895,180.7,1. kapanma
Suudi Arabistan,2026-05-16,191,0.90576,51.69,91.483,108.31,115.53,0,0.052356,0,0.041885,0.7644,0.14136,146.09,1. kapanma
Suudi Arabistan,2026-05-17,191,0.96335,60.44,169.73,207.64,226.87,0,0.0052356,0,0.031414,0.7801,0.18325,232.86,1. kapanma
Suudi Arabistan,2026-05-18,191,0.97906,44.02,227.01,230.87,233.15,0,0.010471,0,0.010471,0.79581,0.18325,233.15,1. kapanma
Suudi Arabistan,2026-05-19,191,1,16.84,183.82,183.82,183.85,0,0,0,0,0.77487,0.22513,183.85,1. kapanma
Suudi Arabistan,2026-05-20,191,1,18.25,192.15,194.52,194.48,0,0,0,0,0.72775,0.27225,194.48,1. kapanma
Suudi Arabistan,2026-05-21,191,0.95812,45.2,97.176,143.05,147.84,0,0.0052356,0.020942,0.015707,0.86387,0.094241,149.21,1. kapanma
Suudi Arabistan,2026-05-22,191,0.95812,61.56,266.25,313.06,399.07,0,0.026178,0,0.015707,0.81152,0.1466,400.08,1. kapanma
Suudi Arabistan,2026-05-23,191,0.89529,50.44,274.32,293.26,314.86,0,0.062827,0,0.041885,0.72775,0.16754,320.26,1. kapanma
Suudi Arabistan,2026-05-24,191,0.98953,27.26,294.46,294.46,294.45,0,0.010471,0,0,0.74869,0.24084,294.45,1. kapanma
Suudi Arabistan,2026-05-25,191,0.99476,6.76,494.73,494.73,494.74,0,0.0052356,0,0,0.69634,0.29843,494.74,1. kapanma
Suudi Arabistan,2026-05-26,191,0.98953,37.6,449.86,449.86,449.84,0,0.0052356,0,0.0052356,0.76963,0.2199,456.36,1. kapanma
Suudi Arabistan,2026-05-27,191,0.95812,57.1,429.51,440.14,526.98,0,0.010471,0,0.031414,0.84817,0.10995,526.98,1. kapanma
Suudi Arabistan,2026-05-28,191,0.96859,55.87,305.48,323.11,356.42,0,0.0052356,0,0.026178,0.82199,0.1466,365.94,1. kapanma
Suudi Arabistan,2026-05-29,191,0.98429,36.35,246.33,246.33,246.36,0,0.015707,0,0,0.77487,0.20942,246.36,1. kapanma
Suudi Arabistan,2026-05-30,191,1,6.95,189.66,189.66,189.66,0,0,0,0,0.75393,0.24607,189.66,1. kapanma
Suudi Arabistan,2026-05-31,191,0.98953,28.58,222.5,224.96,224.98,0,0.0052356,0,0.0052356,0.78534,0.20419,228.46,1. kapanma
Suudi Arabistan,2026-06-01,191,0.90576,51.73,238.18,252.49,317.58,0,0.052356,0,0.041885,0.74346,0.1623,368.12,1. kapanma
Suudi Arabistan,2026-06-02,191,0.94764,60.48,200.91,233.94,293.77,0,0.020942,0,0.031414,0.78534,0.1623,305.78,1. kapanma
Suudi Arabistan,2026-06-03,191,0.97906,44.01,240.8,252.99,252.95,0,0.015707,0,0.0052356,0.78534,0.19372,252.95,1. kapanma
Suudi Arabistan,2026-06-04,191,1,16.78,271.95,271.95,271.96,0,0,0,0,0.74869,0.25131,271.96,1. kapanma
Suudi Arabistan,2026-06-05,191,1,18.32,210.25,210.25,210.25,0,0,0,0,0.75393,0.24607,210.25,1. kapanma
Suudi Arabistan,2026-06-06,191,0.98429,45.32,183.44,196.77,199.73,0,0.010471,0,0.0052356,0.80628,0.17801,199.73,1. kapanma
Suudi Arabistan,2026-06-07,191,1,61.61,150.99,178.2,238.5,0,0,0,0,0.86911,0.13089,238.5,1. kapanma
Suudi Arabistan,2026-06-08,191,0.89529,50.44,143.2,153.69,153.68,0,0.057592,0,0.04712,0.71728,0.17801,169,1. kapanma
Suudi Arabistan,2026-06-09,191,0.98953,27.2,172.81,172.81,172.8,0,0.0052356,0,0.0052356,0.75916,0.23037,172.8,1. kapanma
Suudi Arabistan,2026-06-10,191,1,6.88,164.27,164.27,164.29,0,0,0,0,0.73822,0.26178,164.29,1. kapanma
Suudi Arabistan,2026-06-11,191,0.97382,37.72,154.15,164.01,164.01,0,0.015707,0,0.010471,0.81152,0.1623,170.57,1. kapanma
Suudi Arabistan,2026-06-12,191,0.97382,57.19,150.9,173.63,299.85,0,0.0052356,0,0.020942,0.81152,0.1623,305.55,1. kapanma
Suudi Arabistan,2026-06-13,191,0.91099,55.865,200.26,223.1,257.5,0,0.04712,0,0.041885,0.70681,0.20419,264.76,1. kapanma
Suudi Arabistan,2026-06-14,191,0.98429,36.28,201.31,203.32,203.28,0,0.010471,0,0.0052356,0.75393,0.23037,205.74,geçiş
Suudi Arabistan,2026-06-15,191,0.99476,6.785,254.96,254.96,255,0,0,0,0.0052356,0.70681,0.28796,255,geçiş
Suudi Arabistan,2026-06-16,191,0.98953,28.76,284.79,286.93,286.96,0,0.010471,0,0,0.7644,0.22513,286.96,geçiş
Suudi Arabistan,2026-06-17,191,0.93194,51.825,127.28,187.43,199.67,0,0.031414,0,0.036649,0.81675,0.11518,217.18,geçiş
Suudi Arabistan,2026-06-18,191,0.96335,60.43,168.59,200.66,282.82,0,0,0,0.036649,0.7801,0.18325,284.98,Açılış
Suudi Arabistan,2026-06-19,191,0.98953,43.94,160.11,169.13,169.13,0,0.010471,0,0,0.81675,0.17277,169.13,Açılış
Suudi Arabistan,2026-06-20,191,1,16.65,300.61,300.61,300.6,0,0,0,0,0.71728,0.28272,300.6,Açılış
Suudi Arabistan,2026-06-21,191,0.99476,18.5,168.78,168.78,168.79,0,0,0,0.0052356,0.76963,0.22513,168.79,Açılış
Suudi Arabistan,2026-06-22,191,0.98953,45.46,208.44,278.39,286.25,0,0,0,0.010471,0.80628,0.18325,286.25,Açılış
Suudi Arabistan,2026-06-23,191,0.95288,61.685,445.9,545.84,563.32,0,0.015707,0,0.031414,0.79581,0.15707,571.88,Açılış
Suudi Arabistan,2026-06-24,191,0.94241,50.39,434.79,482.58,482.52,0,0.036649,0,0.020942,0.73298,0.20942,505.57,Açılış
Suudi Arabistan,2026-06-25,191,0.98429,27.13,351.29,366.76,366.76,0,0.010471,0,0.0052356,0.71728,0.26702,366.76,Açılış
Suudi Arabistan,2026-06-26,191,0.99476,6.94,280.84,280.84,280.84,0,0,0,0.0052356,0.71204,0.28272,285.47,Açılış
Suudi Arabistan,2026-06-27,191,0.96335,37.79,153.19,182.37,182.4,0,0.036649,0,0,0.79058,0.17277,182.4,Açılış
Suudi Arabistan,2026-06-28,191,0.94764,57.19,127.66,162.02,197.54,0,0.010471,0,0.041885,0.7801,0.16754,227.45,Açılış
Suudi Arabistan,2026-06-29,191,0.97906,55.88,224.24,240.47,298.05,0,0.0052356,0,0.015707,0.7801,0.19895,305.82,Açılış
Suudi Arabistan,2026-06-30,191,0.98429,36.37,214.43,217.27,217.26,0,0,0,0.015707,0.75916,0.22513,217.26,Açılış
Suudi Arabistan,2026-07-01,191,1,6.98,242.79,242.79,242.8,0,0,0,0,0.72251,0.27749,242.8,Açılış
Suudi Arabistan,2026-07-02,191,0.97906,28.57,275.64,280.62,280.63,0,0.010471,0,0.010471,0.75916,0.2199,280.63,Açılış
Suudi Arabistan,2026-07-03,191,0.93194,51.68,184.83,214.9,227.23,0,0.041885,0,0.026178,0.78534,0.1466,227.23,Açılış
Suudi Arabistan,2026-07-04,191,0.94764,60.54,220.5,247.87,281.36,0,0.010471,0,0.041885,0.77487,0.17277,285.8,Açılış
Suudi Arabistan,2026-07-05,191,0.96859,44.18,192.91,205.81,205.85,0,0.010471,0,0.020942,0.7801,0.18848,225.24,Açılış
Suudi Arabistan,2026-07-06,191,1,17.06,252.48,252.48,252.5,0,0,0,0,0.71204,0.28796,252.5,Açılış
Suudi Arabistan,2026-07-07,191,1,18.07,325.33,334.82,334.81,0,0,0,0,0.74869,0.25131,334.81,Açılış
Suudi Arabistan,2026-07-08,191,0.96859,45.15,263.76,343,342.98,0,0.026178,0,0.0052356,0.76963,0.19895,350.79,Açılış
Suudi Arabistan,2026-07-09,191,0.96859,61.52,268.7,403.5,435.45,0,0.015707,0,0.015707,0.80628,0.1623,447.13,Açılış
Suudi Arabistan,2026-07-10,191,0.91099,50.695,246.8,261.33,261.38,0,0.068063,0,0.020942,0.70681,0.20419,295.15,Açılış
Suudi Arabistan,2026-07-11,191,0.99476,27.62,265.48,270.62,270.61,0,0.0052356,0,0,0.73298,0.26178,270.61,geçiş
Suudi Arabistan,2026-07-12,191,0.97906,6.34,308.94,308.94,308.93,0,0,0.020942,0,0.6911,0.28796,308.93,geçiş
Suudi Arabistan,2026-07-13,191,0.98429,37.35,196.04,199.25,199.29,0,0.015707,0,0,0.77487,0.20942,203.57,2. kapanma
Suudi Arabistan,2026-07-14,191,0.93194,56.99,90.124,123.34,194.17,0,0,0.015707,0.052356,0.85864,0.073298,199.93,2. kapanma
Suudi Arabistan,2026-07-15,191,0.92147,56.13,157.71,166.52,199.19,0,0.015707,0.015707,0.04712,0.73822,0.18325,210.52,2. kapanma
Suudi Arabistan,2026-07-16,191,0.98953,36.75,305.07,326.91,326.89,0,0,0,0.010471,0.7644,0.22513,332.51,2. kapanma
Suudi Arabistan,2026-07-17,191,0.98953,7.55,205.3,205.3,205.31,0,0.0052356,0,0.0052356,0.74346,0.24607,205.31,2. kapanma
Suudi Arabistan,2026-07-18,191,0.98953,28.13,247.89,247.89,247.91,0,0.010471,0,0,0.7801,0.20942,247.91,2. kapanma
Suudi Arabistan,2026-07-19,191,0.91099,51.39,117.79,137.7,216.92,0,0.052356,0,0.036649,0.77487,0.13613,232.27,2. kapanma
Suudi Arabistan,2026-07-20,191,0.95812,60.72,121.55,129.67,209.33,0,0.020942,0,0.020942,0.79581,0.1623,226.29,2. kapanma
Suudi Arabistan,2026-07-21,191,0.94764,44.45,173.66,195.4,195.42,0,0.036649,0,0.015707,0.72251,0.22513,210.03,2. kapanma
Suudi Arabistan,2026-07-22,191,1,17.57,234.66,234.66,234.64,0,0,0,0,0.72251,0.27749,234.64,2. kapanma
Suudi Arabistan,2026-07-23,191,0.99476,17.53,236.89,238.47,238.5,0,0,0.0052356,0,0.74869,0.24607,238.5,2. kapanma
Suudi Arabistan,2026-07-24,191,0.97906,44.82,162.06,183.74,187.79,0,0,0.0052356,0.015707,0.7644,0.21466,187.79,2. kapanma
Suudi Arabistan,2026-07-25,191,0.98429,61.31,168.2,186.86,293.4,0,0,0,0.015707,0.82199,0.1623,296.71,2. kapanma
Suudi Arabistan,2026-07-26,191,0.81675,50.9,133.31,136.04,136.04,0,0.052356,0.04712,0.08377,0.66492,0.15183,150.64,2. kapanma
Suudi Arabistan,2026-07-27,191,0.86911,28.05,189.1,189.89,189.9,0,0.010471,0.11518,0.0052356,0.72251,0.1466,189.9,2. kapanma
Suudi Arabistan,2026-07-28,191,0.95288,5.81,172.5,175.47,175.47,0,0,0.04712,0,0.74869,0.20419,175.47,2. kapanma
Suudi Arabistan,2026-07-29,191,0.96859,36.96,172.76,177.02,177.06,0,0.010471,0.020942,0,0.78534,0.18325,177.06,2. kapanma
Suudi Arabistan,2026-07-30,191,0.89005,56.73,150.77,171.31,194.53,0,0.010471,0.041885,0.057592,0.73298,0.15707,214.8,2. kapanma
Suudi Arabistan,2026-07-31,191,0.92147,56.33,180.33,199.43,235.37,0,0.020942,0.026178,0.031414,0.75916,0.1623,243.5,2. kapanma
Suudi Arabistan,2026-08-01,191,0.97382,37.09,160.7,164.34,164.37,0,0.0052356,0.010471,0.010471,0.76963,0.20419,166.03,2. kapanma
Suudi Arabistan,2026-08-02,191,1,7.92,169.29,173.67,173.71,0,0,0,0,0.71204,0.28796,173.71,2. kapanma
Suudi Arabistan,2026-08-03,191,0.95812,27.64,145.29,145.29,145.28,0,0.010471,0.026178,0.0052356,0.80628,0.15183,145.28,2. kapanma
Suudi Arabistan,2026-08-04,191,0.93717,51.12,99.371,137.1,141.53,0,0.026178,0.010471,0.026178,0.83246,0.10471,145.43,2. kapanma
Suudi Arabistan,2026-08-05,191,0.93717,60.88,89.4,106.05,127.38,0,0.015707,0,0.04712,0.81675,0.12042,165.76,2. kapanma
Suudi Arabistan,2026-08-06,191,0.90052,44.755,180.17,201.85,201.85,0,0.0052356,0.073298,0.020942,0.73822,0.1623,204.56,2. kapanma
Suudi Arabistan,2026-08-07,191,0.95288,17.94,201.94,201.94,201.94,0,0,0.04712,0,0.74346,0.20942,201.94,2. kapanma
Suudi Arabistan,2026-08-08,191,0.86911,16.985,104.11,104.11,104.11,0,0.0052356,0.12565,0,0.70681,0.1623,104.11,2. kapanma
Suudi Arabistan,2026-08-09,191,0.89529,44.5,211.46,224.35,224.37,0,0.010471,0.057592,0.036649,0.79058,0.10471,224.37,2. kapanma
Suudi Arabistan,2026-08-10,191,0.81152,61.13,62.859,89.803,113.2,0,0,0.11518,0.073298,0.74869,0.062827,127.77,2. kapanma
Suudi Arabistan,2026-08-11,191,0.83246,51.1,120.38,128.85,155.23,0,0.078534,0.052356,0.036649,0.6911,0.14136,185.33,2. kapanma
Suudi Arabistan,2026-08-12,191,0.95812,28.38,255.71,263.04,263.03,0,0.010471,0.020942,0.010471,0.70157,0.25654,263.03,2. kapanma
Suudi Arabistan,2026-08-13,191,1,5.43,282.37,285.66,285.66,0,0,0,0,0.77487,0.22513,285.66,2. kapanma
Suudi Arabistan,2026-08-14,191,0.96859,36.63,194.53,200.11,204.5,0,0.031414,0,0,0.81152,0.15707,207.26,2. kapanma
Suudi Arabistan,2026-08-15,191,0.96859,56.48,214.56,286.03,328.14,0,0.0052356,0,0.026178,0.81675,0.15183,334.14,2. kapanma
Suudi Arabistan,2026-08-16,191,0.94241,56.475,250.11,275.08,318.72,0,0.0052356,0.031414,0.020942,0.7801,0.1623,328.66,2. kapanma
Suudi Arabistan,2026-08-17,191,0.96335,37.34,143.39,145.01,145.01,0,0.015707,0.015707,0.0052356,0.78534,0.17801,150.19,2. kapanma
Suudi Arabistan,2026-08-18,191,1,8.31,183.22,183.22,183.23,0,0,0,0,0.75916,0.24084,183.23,2. kapanma
Suudi Arabistan,2026-08-19,191,0.99476,27.295,146.21,160.79,160.77,0,0.0052356,0,0,0.7801,0.21466,160.77,2. kapanma
Suudi Arabistan,2026-08-20,191,0.93717,50.85,75.523,81.282,164.89,0,0.031414,0.0052356,0.026178,0.8534,0.08377,168.58,2. kapanma
Suudi Arabistan,2026-08-21,191,0.82199,62.11,77.209,84.868,108.07,0,0.020942,0.089005,0.068063,0.73822,0.08377,109.64,2. kapanma
Suudi Arabistan,2026-08-22,191,0.87958,44.955,108.51,115.88,115.88,0,0.020942,0.062827,0.036649,0.77487,0.10471,120.2,2. kapanma
Suudi Arabistan,2026-08-23,191,0.98429,18.31,192.81,192.81,192.82,0,0,0.015707,0,0.7801,0.20419,192.82,2. kapanma
Suudi Arabistan,2026-08-24,191,1,16.68,199.83,199.83,199.78,0,0,0,0,0.7644,0.2356,199.78,2. kapanma
Suudi Arabistan,2026-08-25,191,0.96335,44.235,300.92,310.7,315.92,0,0.010471,0,0.026178,0.72775,0.2356,319.51,2. kapanma
Suudi Arabistan,2026-08-26,191,0.95288,61.005,165.22,242.61,465.6,0,0.010471,0.015707,0.020942,0.80628,0.1466,468.46,2. kapanma
Suudi Arabistan,2026-08-27,191,0.92147,51.27,324.09,358.23,364.77,0,0.036649,0,0.041885,0.72775,0.19372,373.94,2. kapanma
Suudi Arabistan,2026-08-28,191,0,,,,,0,1,0,0,0,0,,2. kapanma
Suudi Arabistan,2026-08-29,191,1,5.01,246.79,246.79,246.72,0,0,0,0,0.6911,0.3089,246.72,2. kapanma
Suudi Arabistan,2026-08-30,191,0.95288,36.33,293.85,299.5,299.52,0,0.031414,0.010471,0.0052356,0.73822,0.21466,305.6,2. kapanma
Suudi Arabistan,2026-08-31,191,0.98953,56.31,119.42,145.61,185.58,0,0,0,0.010471,0.79581,0.19372,195.46,2. kapanma
Suudi Arabistan,2026-09-01,191,0.96859,56.58,208.11,235.2,264.07,0,0.015707,0,0.015707,0.77487,0.19372,264.07,2. kapanma
Suudi Arabistan,2026-09-02,191,0.95288,37.68,227.01,228.67,228.69,0,0.026178,0.020942,0,0.73298,0.2199,232.32,2. kapanma
Suudi Arabistan,2026-09-03,191,1,8.58,237.16,237.16,237.14,0,0,0,0,0.69634,0.30366,237.14,2. kapanma
Suudi Arabistan,2026-09-04,191,0.99476,27.02,171.01,171.01,171.01,0,0,0.0052356,0,0.74346,0.25131,171.01,2. kapanma
Suudi Arabistan,2026-09-05,191,0.93717,50.72,155.71,170.24,190.57,0,0.041885,0,0.020942,0.79581,0.14136,200.55,2. kapanma
Suudi Arabistan,2026-09-06,191,0.95812,61.1,158.53,171.74,183.85,0,0.010471,0,0.031414,0.80105,0.15707,203.81,2. kapanma
Suudi Arabistan,2026-09-07,191,0.97906,45.13,222.82,260.64,265.09,0,0.015707,0.0052356,0,0.82199,0.15707,267.09,2. kapanma
Suudi Arabistan,2026-09-08,191,0.97382,18.58,137.31,140.54,140.54,0,0,0.026178,0,0.83246,0.14136,140.54,2. kapanma
Suudi Arabistan,2026-09-09,191,0.99476,16.39,180.04,183.02,183,0,0,0.0052356,0,0.79058,0.20419,183,2. kapanma
Suudi Arabistan,2026-09-10,191,0.97906,44.04,342.6,347.87,347.87,0,0.015707,0,0.0052356,0.7801,0.19895,347.87,2. kapanma
Suudi Arabistan,2026-09-11,191,0.94764,60.9,204.28,210.45,374.89,0,0.0052356,0.010471,0.036649,0.81152,0.13613,377.03,2. kapanma
Suudi Arabistan,2026-09-12,191,0.91099,51.415,247.77,276.43,276.46,0,0.031414,0.020942,0.036649,0.71204,0.19895,276.46,2. kapanma
Suudi Arabistan,2026-09-13,191,0.99476,28.895,404.1,404.1,404.1,0,0,0.0052356,0,0.7644,0.23037,404.1,2. kapanma
Suudi Arabistan,2026-09-14,191,1,4.89,366.25,368.06,368.08,0,0,0,0,0.74346,0.25654,368.08,2. kapanma
Suudi Arabistan,2026-09-15,191,0.94764,36.17,274.86,282.63,282.58,0,0.041885,0,0.010471,0.74869,0.19895,287.26,2. kapanma
Suudi Arabistan,2026-09-16,191,0.97382,56.19,273.13,308.58,361.55,0,0.0052356,0,0.020942,0.78534,0.18848,590.54,2. kapanma
Suudi Arabistan,2026-09-17,191,0.96859,56.7,458.43,520.09,634.74,0,0.015707,0,0.015707,0.7644,0.20419,635.73,2. kapanma
Suudi Arabistan,2026-09-18,191,0.96335,37.81,245.46,288.69,288.68,0,0.026178,0,0.010471,0.69634,0.26702,288.68,2. kapanma
Suudi Arabistan,2026-09-19,191,1,8.83,217.73,217.73,217.77,0,0,0,0,0.70681,0.29319,217.77,2. kapanma
Suudi Arabistan,2026-09-20,191,0.99476,26.78,250.58,253.4,253.43,0,0,0,0.0052356,0.7644,0.23037,255.1,2. kapanma
Suudi Arabistan,2026-09-21,191,0.91623,50.57,185.26,197.01,232.11,0,0.068063,0,0.015707,0.73298,0.18325,251.95,2. kapanma
Suudi Arabistan,2026-09-22,191,0.94764,61.18,285.28,307.4,360.92,0,0.020942,0,0.031414,0.74346,0.20419,365.22,2. kapanma
Suudi Arabistan,2026-09-23,191,0.98429,45.26,338.02,342.69,379.92,0,0.010471,0,0.0052356,0.79058,0.19372,379.92,geçiş
Suudi Arabistan,2026-09-24,191,0.99476,18.825,347.41,347.41,347.42,0,0.0052356,0,0,0.6911,0.30366,349.78,geçiş
Umman,2024-09-01,99,0.79798,58.42,26.612,32.529,35.26,0,0.030303,0.050505,0.12121,0.66667,0.13131,35.26,Savaş öncesi
Umman,2024-09-02,99,0.94949,57.83,63.068,67.536,69.71,0,0.020202,0.010101,0.020202,0.77778,0.17172,71.02,Savaş öncesi
Umman,2024-09-03,99,0.9798,38.23,48.459,54.716,52.09,0,0.010101,0,0.010101,0.79798,0.18182,54.7,Savaş öncesi
Umman,2024-09-04,99,1,6.29,61.923,61.923,61.94,0,0,0,0,0.74747,0.25253,61.94,Savaş öncesi
Umman,2024-09-05,99,1,29.68,70.657,70.657,70.67,0,0,0,0,0.78788,0.21212,70.67,Savaş öncesi
Umman,2024-09-06,99,0.93939,53.23,88.033,90.963,90.99,0,0.020202,0,0.040404,0.74747,0.19192,100.07,Savaş öncesi
Umman,2024-09-07,99,0.9697,62.2,16.405,19.113,28.76,0,0.010101,0,0.020202,0.90909,0.060606,28.76,Savaş öncesi
Umman,2024-09-08,99,0.9798,45.87,60.596,66.949,66.96,0,0.020202,0,0,0.82828,0.15152,66.96,Savaş öncesi
Umman,2024-09-09,99,1,18.06,68.078,68.078,68.06,0,0,0,0,0.79798,0.20202,68.06,Savaş öncesi
Umman,2024-09-10,99,1,19.04,69.383,69.383,69.4,0,0,0,0,0.73737,0.26263,69.4,Savaş öncesi
Umman,2024-09-11,99,0.9596,47.07,44.594,54.096,54.1,0,0.030303,0,0.010101,0.79798,0.16162,54.68,Savaş öncesi
Umman,2024-09-12,99,0.9697,63.1,35.058,37.46,39.04,0,0.010101,0,0.020202,0.85859,0.11111,39.04,Savaş öncesi
Umman,2024-09-13,99,0.87879,52.44,31.461,31.461,54.75,0,0.070707,0,0.050505,0.72727,0.15152,69.66,Savaş öncesi
Umman,2024-09-14,99,0.9899,28.65,67.19,68.851,68.83,0,0.010101,0,0,0.85859,0.13131,72.03,Savaş öncesi
Umman,2024-09-15,99,1,7.72,41.469,41.469,41.47,0,0,0,0,0.82828,0.17172,41.47,Savaş öncesi
Umman,2024-09-16,99,1,39.13,51.091,51.091,51.1,0,0,0,0,0.76768,0.23232,51.1,Savaş öncesi
Umman,2024-09-17,99,0.90909,58.495,46.549,52.125,55.46,0,0.010101,0,0.080808,0.71717,0.19192,56.15,Savaş öncesi
Umman,2024-09-18,99,0.94949,57.91,41.161,45.29,54.03,0,0.010101,0,0.040404,0.74747,0.20202,56.81,Savaş öncesi
Umman,2024-09-19,99,0.9798,38.38,55.347,55.347,55.35,0,0.020202,0,0,0.76768,0.21212,55.35,Savaş öncesi
Umman,2024-09-20,99,1,6.32,56.352,56.352,56.37,0,0,0,0,0.74747,0.25253,56.37,Savaş öncesi
Umman,2024-09-21,99,0.9899,29.53,67.741,67.741,67.73,0,0.010101,0,0,0.75758,0.23232,67.73,Savaş öncesi
Umman,2024-09-22,99,0.90909,53.085,54.419,62.685,62.67,0,0.020202,0,0.070707,0.71717,0.19192,65.88,Savaş öncesi
Umman,2024-09-23,99,0.9697,62.455,55.413,70.828,75.38,0,0,0,0.030303,0.76768,0.20202,75.38,Savaş öncesi
Umman,2024-09-24,99,0.9798,46.18,99.614,102.35,102.36,0,0.010101,0,0.010101,0.73737,0.24242,102.36,Savaş öncesi
Umman,2024-09-25,99,1,18.64,51.255,51.255,51.29,0,0,0,0,0.78788,0.21212,51.29,Savaş öncesi
Umman,2024-09-26,99,1,18.37,63.79,63.79,63.77,0,0,0,0,0.75758,0.24242,63.77,Savaş öncesi
Umman,2024-09-27,99,0.9697,46.67,53.343,53.343,53.34,0,0,0,0.030303,0.75758,0.21212,54.36,Savaş öncesi
Umman,2024-09-28,99,0.91919,62.86,102.99,109.57,117.26,0,0.010101,0,0.070707,0.71717,0.20202,120.33,Savaş öncesi
Umman,2024-09-29,99,0.93939,52.68,37.005,47.344,53.79,0,0.010101,0,0.050505,0.75758,0.18182,55.76,Savaş öncesi
Umman,2024-09-30,99,0.9798,29.12,57.896,59.212,59.22,0,0.010101,0,0.010101,0.73737,0.24242,59.94,Savaş öncesi
Umman,2024-10-01,99,1,7.26,91.75,91.75,91.76,0,0,0,0,0.70707,0.29293,91.76,Savaş öncesi
Umman,2024-10-02,99,1,38.7,151.35,151.35,151.37,0,0,0,0,0.68687,0.31313,151.37,Savaş öncesi
Umman,2024-10-03,99,0.92929,58.285,58.976,77.87,81.67,0,0,0,0.070707,0.77778,0.15152,96.17,Savaş öncesi
Umman,2024-10-04,99,0.92929,58.035,66.663,72.784,77.42,0,0.020202,0,0.050505,0.76768,0.16162,86.68,Savaş öncesi
Umman,2024-10-05,99,1,38.63,71.257,72.459,72.12,0,0,0,0,0.80808,0.19192,72.12,Savaş öncesi
Umman,2024-10-06,99,1,6.88,90.369,90.369,90.38,0,0,0,0,0.73737,0.26263,90.38,Savaş öncesi
Umman,2024-10-07,99,0.9899,29.09,73.676,73.676,73.69,0,0.010101,0,0,0.76768,0.22222,74.57,Savaş öncesi
Umman,2024-10-08,99,0.89899,52.9,53.711,62.204,62.19,0,0.010101,0,0.090909,0.71717,0.18182,74.46,Savaş öncesi
Umman,2024-10-09,99,0.94949,62.36,75.033,80.512,100.77,0,0,0,0.050505,0.77778,0.17172,100.77,Savaş öncesi
Umman,2024-10-10,99,0.93939,46.38,60.439,60.439,60.42,0,0.020202,0,0.040404,0.80808,0.13131,63.47,Savaş öncesi
Umman,2024-10-11,99,1,18.91,64.578,64.578,64.59,0,0,0,0,0.80808,0.19192,64.59,Savaş öncesi
Umman,2024-10-12,99,1,18.07,148.78,148.78,148.81,0,0,0,0,0.69697,0.30303,148.81,Savaş öncesi
Umman,2024-10-13,99,0.9697,46.51,91.693,106.51,106.5,0,0.020202,0,0.010101,0.66667,0.30303,106.5,Savaş öncesi
Umman,2024-10-14,99,0.54545,63.145,22.023,22.023,31.49,0,0.020202,0.27273,0.16162,0.50505,0.040404,34.92,Savaş öncesi
Umman,2024-10-15,99,0.60606,51.525,14.42,14.42,14.41,0,0.040404,0.27273,0.080808,0.52525,0.080808,17.59,Savaş öncesi
Umman,2024-10-16,99,0.56566,29.58,17.052,17.052,0,0,0,0.42424,0.010101,0.46465,0.10101,0,Savaş öncesi
Umman,2024-10-17,99,1,7.35,99.876,99.876,99.85,0,0,0,0,0.69697,0.30303,99.85,Savaş öncesi
Umman,2024-10-18,99,0.9798,38.66,84.852,84.852,84.84,0,0.010101,0,0.010101,0.68687,0.29293,87.29,Savaş öncesi
Umman,2024-10-19,99,0.90909,58.325,78.21,97.101,105.29,0,0.010101,0.030303,0.050505,0.62626,0.28283,105.29,Savaş öncesi
Umman,2024-10-20,99,0.92929,58.015,70.485,71.799,80.72,0,0.020202,0,0.050505,0.65657,0.27273,93.94,Savaş öncesi
Umman,2024-10-21,99,0.9596,38.54,37.288,38.947,38.93,0,0.030303,0,0.010101,0.79798,0.16162,40.54,Savaş öncesi
Umman,2024-10-22,99,1,6.74,83.193,83.193,83.18,0,0,0,0,0.66667,0.33333,83.18,Savaş öncesi
Umman,2024-10-23,99,0.9798,29.22,81.976,81.976,81.97,0,0.020202,0,0,0.74747,0.23232,89.22,Savaş öncesi
Umman,2024-10-24,99,0.9596,53,93.38,104.23,104.25,0,0.020202,0,0.020202,0.66667,0.29293,105.43,Savaş öncesi
Umman,2024-10-25,99,0.93939,62.68,63.044,67.411,78.82,0,0.020202,0,0.040404,0.72727,0.21212,80.74,Savaş öncesi
Umman,2024-10-26,99,0.9697,46.28,92.804,94.913,94.91,0,0,0,0.030303,0.70707,0.26263,96,Savaş öncesi
Umman,2024-10-27,99,1,18.66,79.654,79.654,79.69,0,0,0,0,0.65657,0.34343,79.69,Savaş öncesi
Umman,2024-10-28,99,1,18.37,108.91,108.91,108.92,0,0,0,0,0.65657,0.34343,108.92,Savaş öncesi
Umman,2024-10-29,99,0.9798,46.7,62.464,75.39,75.38,0,0.010101,0,0.010101,0.77778,0.20202,79.31,Savaş öncesi
Umman,2024-10-30,99,0.94949,62.86,55.274,75.927,102.31,0,0.020202,0,0.030303,0.79798,0.15152,107.79,Savaş öncesi
Umman,2024-10-31,99,0.90909,52.715,43.829,48.797,48.79,0,0.020202,0,0.070707,0.74747,0.16162,66.84,Savaş öncesi
Umman,2024-11-01,99,1,29.67,61.557,61.557,61.56,0,0,0,0,0.73737,0.26263,61.56,Savaş öncesi
Umman,2024-11-02,99,1,7.16,80.364,80.364,80.36,0,0,0,0,0.66667,0.33333,80.36,Savaş öncesi
Umman,2024-11-03,99,0.9899,38.395,64.013,65.451,65.44,0,0.010101,0,0,0.76768,0.22222,65.44,Savaş öncesi
Umman,2024-11-04,99,0.88889,57.97,61.592,83.675,92.95,0,0.020202,0,0.090909,0.70707,0.18182,93.9,Savaş öncesi
Umman,2024-11-05,99,0.89899,58.61,61.96,72.635,74.83,0,0.010101,0,0.090909,0.72727,0.17172,74.83,Savaş öncesi
Umman,2024-11-06,99,0.9697,39.355,67.151,82.615,82.64,0,0.010101,0,0.020202,0.71717,0.25253,85.53,Savaş öncesi
Umman,2024-11-07,99,1,8.01,105.25,105.25,105.25,0,0,0,0,0.69697,0.30303,105.25,Savaş öncesi
Umman,2024-11-08,99,1,28.13,69.482,71.721,71.73,0,0,0,0,0.70707,0.29293,71.73,Savaş öncesi
Umman,2024-11-09,99,0,,,,,1,0,0,0,0,0,85.65,Savaş öncesi
Umman,2024-11-10,99,0.9596,62.13,71.532,106.39,85.94,0,0,0,0.040404,0.79798,0.16162,88.78,Savaş öncesi
Umman,2024-11-11,99,0.94949,47.235,105.93,111.01,111,0,0.040404,0,0.010101,0.73737,0.21212,111,Savaş öncesi
Umman,2024-11-12,99,1,20.56,78.525,78.525,78.53,0,0,0,0,0.72727,0.27273,78.53,Savaş öncesi
Umman,2024-11-13,99,1,16.28,76.084,76.084,76.08,0,0,0,0,0.70707,0.29293,76.08,Savaş öncesi
Umman,2024-11-14,99,0.9798,45.4,81.625,86.957,86.97,0,0.010101,0,0.010101,0.72727,0.25253,89.29,Savaş öncesi
Umman,2024-11-15,99,0.94949,62.155,127.54,163.38,221.05,0,0.010101,0,0.040404,0.70707,0.24242,222.99,Savaş öncesi
Umman,2024-11-16,99,0.90909,53.52,88.262,95.035,92.87,0,0.010101,0,0.080808,0.68687,0.22222,104.72,Savaş öncesi
Umman,2024-11-17,99,1,31.11,81.491,82.28,82.27,0,0,0,0,0.70707,0.29293,82.27,Savaş öncesi
Umman,2024-11-18,99,1,6.02,68.386,68.386,68.39,0,0,0,0,0.68687,0.31313,68.39,Savaş öncesi
Umman,2024-11-19,99,0.9798,37.41,73.08,74.356,74.32,0,0.020202,0,0,0.66667,0.31313,74.32,Savaş öncesi
Umman,2024-11-20,99,0.91919,57.39,60.421,74.041,78.17,0,0.040404,0,0.040404,0.69697,0.22222,87.81,Savaş öncesi
Umman,2024-11-21,99,0.90909,58.97,43.219,61.131,78.05,0,0.010101,0.030303,0.050505,0.71717,0.19192,83.26,Savaş öncesi
Umman,2024-11-22,99,0.9697,39.97,84.145,85.026,85.01,0,0,0,0.030303,0.67677,0.29293,87.18,Savaş öncesi
Umman,2024-11-23,99,1,9.03,83.989,83.989,83.99,0,0,0,0,0.64646,0.35354,83.99,Savaş öncesi
Umman,2024-11-24,99,0.9899,27.3,95.341,95.341,95.38,0,0.010101,0,0,0.65657,0.33333,95.38,Savaş öncesi
Umman,2024-11-25,99,0.91919,51.59,53.038,59.913,59.94,0,0.020202,0,0.060606,0.65657,0.26263,74.06,Savaş öncesi
Umman,2024-11-26,99,0.9798,62.26,62.152,75.48,96.13,0,0,0,0.020202,0.74747,0.23232,98.63,Savaş öncesi
Umman,2024-11-27,99,0.9596,47.58,131.86,136.71,136.69,0,0.030303,0,0.010101,0.64646,0.31313,136.69,Savaş öncesi
Umman,2024-11-28,99,0.9899,20.895,72.25,74.476,74.49,0,0,0.010101,0,0.69697,0.29293,74.49,Savaş öncesi
Umman,2024-11-29,99,1,16.06,64.435,64.435,64.44,0,0,0,0,0.66667,0.33333,64.44,Savaş öncesi
Umman,2024-11-30,99,0.9899,45.22,130.38,136.59,136.6,0,0.010101,0,0,0.69697,0.29293,139.6,Savaş öncesi
Umman,2024-12-01,99,0.94949,62.065,70.445,84.918,107.64,0,0.040404,0,0.010101,0.72727,0.22222,113.13,Savaş öncesi
Umman,2024-12-02,99,0.89899,53.66,51.494,66.657,66.65,0,0.020202,0,0.080808,0.66667,0.23232,74.07,Savaş öncesi
Umman,2024-12-03,99,0.9899,31.025,63.662,65.866,65.89,0,0.010101,0,0,0.68687,0.30303,65.89,Savaş öncesi
Umman,2024-12-04,99,1,5.9,57.638,57.638,57.61,0,0,0,0,0.66667,0.33333,57.61,Savaş öncesi
Umman,2024-12-05,99,0.9899,37.22,75.762,75.762,75.79,0,0.010101,0,0,0.65657,0.33333,75.79,Savaş öncesi
Umman,2024-12-06,99,0.9596,57.34,41.558,53.876,56.61,0,0,0,0.040404,0.70707,0.25253,59.79,Savaş öncesi
Umman,2024-12-07,99,0.93939,58.78,63.869,85.995,89.17,0,0,0,0.060606,0.68687,0.25253,93.02,Savaş öncesi
Umman,2024-12-08,99,0.9596,39.97,41.285,42.609,42.59,0,0.020202,0.020202,0,0.72727,0.23232,42.59,Savaş öncesi
Umman,2024-12-09,99,1,8.99,87.19,87.19,87.21,0,0,0,0,0.60606,0.39394,87.21,Savaş öncesi
Umman,2024-12-10,99,1,27.42,90.901,95.301,95.34,0,0,0,0,0.65657,0.34343,95.34,Savaş öncesi
Umman,2024-12-11,99,0.89899,51.88,48.686,54.395,54.4,0,0.040404,0,0.060606,0.65657,0.24242,62.62,Savaş öncesi
Umman,2024-12-12,99,0.9697,62.435,63.414,81.126,92.98,0,0.010101,0,0.020202,0.75758,0.21212,99.22,Savaş öncesi
Umman,2024-12-13,99,0.9697,47.425,42.823,42.823,42.81,0,0.020202,0,0.010101,0.73737,0.23232,45.26,Savaş öncesi
Umman,2024-12-14,99,1,20.69,52.579,52.579,52.57,0,0,0,0,0.69697,0.30303,52.57,Savaş öncesi
Umman,2024-12-15,99,1,16.28,63.853,63.853,63.88,0,0,0,0,0.66667,0.33333,63.88,Savaş öncesi
Umman,2024-12-16,99,0.9798,45.33,30.866,36.667,36.69,0,0.020202,0,0,0.74747,0.23232,37.93,Savaş öncesi
Umman,2024-12-17,99,0.73737,62.51,14.693,23.619,26.21,0,0.030303,0.17172,0.060606,0.67677,0.060606,26.21,Savaş öncesi
Umman,2024-12-18,99,0.9697,53.66,67.709,69.43,74.14,0,0.020202,0,0.010101,0.75758,0.21212,75.01,Savaş öncesi
Umman,2024-12-19,99,0.9798,30.68,70.481,70.481,70.48,0,0.010101,0,0.010101,0.73737,0.24242,70.48,Savaş öncesi
Umman,2024-12-20,99,1,6.23,67.823,67.823,67.79,0,0,0,0,0.65657,0.34343,67.79,Savaş öncesi
Umman,2024-12-21,99,0.9899,37.475,105.21,107.54,107.57,0,0.010101,0,0,0.64646,0.34343,111.36,Savaş öncesi
Umman,2024-12-22,99,0.91919,57.52,113.64,136.2,126.13,0,0.010101,0,0.070707,0.68687,0.23232,128.96,Savaş öncesi
Umman,2024-12-23,99,0.91919,58.91,75.09,76.297,79.34,0,0.010101,0,0.070707,0.61616,0.30303,83.4,Savaş öncesi
Umman,2024-12-24,99,0.94949,39.67,31.578,31.578,31.57,0,0.020202,0,0.030303,0.76768,0.18182,31.57,Savaş öncesi
Umman,2024-12-25,99,1,8.49,37.78,37.78,37.78,0,0,0,0,0.76768,0.23232,37.78,Savaş öncesi
Umman,2024-12-26,99,1,27.8,77.83,77.83,77.82,0,0,0,0,0.69697,0.30303,77.82,Savaş öncesi
Umman,2024-12-27,99,0.92929,52.13,110.13,121.96,121.96,0,0.040404,0,0.030303,0.58586,0.34343,124.04,Savaş öncesi
Umman,2024-12-28,99,0.9798,62.13,53.579,63.355,80.98,0,0,0,0.020202,0.71717,0.26263,81.99,Savaş öncesi
Umman,2024-12-29,99,0.94949,47.06,57.382,76.657,76.63,0,0.020202,0,0.030303,0.69697,0.25253,83.57,Savaş öncesi
Umman,2024-12-30,99,0.9899,20.285,48.549,48.549,48.55,0,0,0.010101,0,0.71717,0.27273,48.55,Savaş öncesi
Umman,2024-12-31,99,0.94949,16.565,38.815,38.815,38.82,0,0,0.050505,0,0.68687,0.26263,42.55,Savaş öncesi
Umman,2025-01-01,99,0.51515,43.17,15.872,15.872,15.87,0,0,0.45455,0.030303,0.41414,0.10101,15.87,Savaş öncesi
Umman,2025-01-02,99,0.92929,62.345,36.079,45.997,54.2,0,0,0,0.070707,0.71717,0.21212,60.1,Savaş öncesi
Umman,2025-01-03,99,0.86869,53.645,79.697,100.3,100.29,0,0.080808,0,0.050505,0.59596,0.27273,105.25,Savaş öncesi
Umman,2025-01-04,99,0.9798,30.12,63.46,63.46,63.47,0,0.010101,0,0.010101,0.65657,0.32323,64.15,Savaş öncesi
Umman,2025-01-05,99,1,6.93,60.729,60.729,60.76,0,0,0,0,0.67677,0.32323,60.76,Savaş öncesi
Umman,2025-01-06,99,1,37.9,71.948,71.948,71.94,0,0,0,0,0.63636,0.36364,71.94,Savaş öncesi
Umman,2025-01-07,99,0.91919,57.83,77.998,85.843,92.57,0,0.020202,0,0.060606,0.61616,0.30303,100.57,Savaş öncesi
Umman,2025-01-08,99,0.90909,58.63,50.601,53.228,56.52,0,0.010101,0,0.080808,0.65657,0.25253,57.37,Savaş öncesi
Umman,2025-01-09,99,0.9697,39.235,70.64,74.966,74.97,0,0.020202,0,0.010101,0.68687,0.28283,76.28,Savaş öncesi
Umman,2025-01-10,99,1,7.72,72.735,72.735,72.74,0,0,0,0,0.63636,0.36364,72.74,Savaş öncesi
Umman,2025-01-11,99,1,28.57,55.262,57.72,57.76,0,0,0,0,0.65657,0.34343,57.76,Savaş öncesi
Umman,2025-01-12,99,0.92929,52.58,76.98,91.977,91.95,0,0.020202,0,0.050505,0.54545,0.38384,93.75,Savaş öncesi
Umman,2025-01-13,99,0.9596,62.4,43.846,60.081,84.94,0,0.010101,0,0.030303,0.71717,0.24242,87.23,Savaş öncesi
Umman,2025-01-14,99,0.9596,46.63,45.987,45.987,46,0,0.030303,0,0.010101,0.73737,0.22222,46.96,Savaş öncesi
Umman,2025-01-15,99,1,19.28,67.225,67.225,67.22,0,0,0,0,0.67677,0.32323,67.22,Savaş öncesi
Umman,2025-01-16,99,1,17.77,65.111,65.111,65.13,0,0,0,0,0.64646,0.35354,65.13,Savaş öncesi
Umman,2025-01-17,99,0.9798,46.35,88.013,91.223,91.21,0,0.020202,0,0,0.64646,0.33333,93.36,Savaş öncesi
Umman,2025-01-18,99,0.86869,62.815,81.71,96.101,122.37,0,0.030303,0,0.10101,0.64646,0.22222,133.12,Savaş öncesi
Umman,2025-01-19,99,0.91919,52.79,73.24,81.246,81.23,0,0.020202,0,0.060606,0.67677,0.24242,83.11,Savaş öncesi
Umman,2025-01-20,99,1,29.61,90.904,94.958,94.95,0,0,0,0,0.67677,0.32323,94.95,Savaş öncesi
Umman,2025-01-21,99,1,7.36,64.134,64.134,64.12,0,0,0,0,0.66667,0.33333,64.12,Savaş öncesi
Umman,2025-01-22,99,1,38.7,81.037,82.335,82.33,0,0,0,0,0.68687,0.31313,82.33,Savaş öncesi
Umman,2025-01-23,99,0.91919,58.32,86.275,103.53,113.3,0,0.010101,0,0.070707,0.65657,0.26263,118.53,Savaş öncesi
Umman,2025-01-24,99,0.94949,57.915,74.735,83.621,86.51,0,0.010101,0,0.040404,0.67677,0.27273,88.08,Savaş öncesi
Umman,2025-01-25,99,0.9596,38.38,72.648,74.033,74.06,0,0.020202,0,0.020202,0.66667,0.29293,75.5,Savaş öncesi
Umman,2025-01-26,99,1,6.44,62.163,62.163,62.16,0,0,0,0,0.65657,0.34343,62.16,Savaş öncesi
Umman,2025-01-27,99,0.9899,29.59,78.077,78.923,78.95,0,0.010101,0,0,0.67677,0.31313,80.32,Savaş öncesi
Umman,2025-01-28,99,0.88889,53.07,69.646,82.423,82.42,0,0.050505,0,0.060606,0.57576,0.31313,104.68,Savaş öncesi
Umman,2025-01-29,99,0.93939,62.28,67.586,73.715,99.17,0,0,0,0.060606,0.67677,0.26263,111.88,Savaş öncesi
Umman,2025-01-30,99,0.94949,45.945,67.918,70.658,70.65,0,0.040404,0,0.010101,0.63636,0.31313,72.34,Savaş öncesi
Umman,2025-01-31,99,0.9899,18.03,79.689,79.689,79.7,0,0,0,0.010101,0.64646,0.34343,79.7,Savaş öncesi
Umman,2025-02-01,99,1,18.62,68.909,68.909,68.93,0,0,0,0,0.71717,0.28283,68.93,Savaş öncesi
Umman,2025-02-02,99,0.9798,46.83,172.44,183.95,183.91,0,0,0,0.020202,0.65657,0.32323,183.91,Savaş öncesi
Umman,2025-02-03,99,0.9697,63.02,120.85,127.82,151.33,0,0.010101,0,0.020202,0.75758,0.21212,171.56,Savaş öncesi
Umman,2025-02-04,99,0.90909,52.67,59.889,64.014,64.03,0,0.060606,0,0.030303,0.63636,0.27273,75.7,Savaş öncesi
Umman,2025-02-05,99,0.9899,29.38,90.18,92.205,92.19,0,0,0.010101,0,0.64646,0.34343,92.19,Savaş öncesi
Umman,2025-02-06,99,1,7.23,80.856,80.856,80.86,0,0,0,0,0.59596,0.40404,80.86,Savaş öncesi
Umman,2025-02-07,99,0.94949,39.09,44.276,44.276,44.28,0,0,0.040404,0.010101,0.69697,0.25253,44.28,Savaş öncesi
Umman,2025-02-08,99,0.93939,58.37,51.964,59.44,69.1,0,0,0,0.060606,0.67677,0.26263,76.51,Savaş öncesi
Umman,2025-02-09,99,0.87879,58.24,43.282,60.777,61.96,0,0.010101,0,0.11111,0.67677,0.20202,75,Savaş öncesi
Umman,2025-02-10,99,0.9596,38.54,68.581,69.786,69.8,0,0.010101,0,0.030303,0.65657,0.30303,70.86,Savaş öncesi
Umman,2025-02-11,99,1,6.88,58.613,58.613,58.6,0,0,0,0,0.66667,0.33333,58.6,Savaş öncesi
Umman,2025-02-12,99,0.9899,29.215,46.503,46.503,46.49,0,0.010101,0,0,0.73737,0.25253,46.49,Savaş öncesi
Umman,2025-02-13,99,0.93939,52.96,70.407,76.2,76.2,0,0.050505,0,0.010101,0.66667,0.27273,78.48,Savaş öncesi
Umman,2025-02-14,99,0.89899,62.7,51.14,68.321,74.04,0,0.010101,0.020202,0.070707,0.69697,0.20202,94.69,Savaş öncesi
Umman,2025-02-15,99,0.66667,46.945,36.799,41.694,41.69,0,0,0.31313,0.020202,0.47475,0.19192,41.69,Savaş öncesi
Umman,2025-02-16,99,1,19.03,119.65,119.65,119.64,0,0,0,0,0.63636,0.36364,119.64,Savaş öncesi
Umman,2025-02-17,99,0.89899,18.01,44.39,44.39,44.42,0,0,0.10101,0,0.62626,0.27273,44.42,Savaş öncesi
Umman,2025-02-18,99,0.86869,46.2,64.806,64.806,64.79,0,0.020202,0.090909,0.020202,0.62626,0.24242,64.79,Savaş öncesi
Umman,2025-02-19,99,0.76768,63.145,68.241,99.848,123.98,0,0.010101,0.13131,0.090909,0.56566,0.20202,125.5,Savaş öncesi
Umman,2025-02-20,99,0.69697,53.01,41.151,49.94,49.95,0,0.060606,0.17172,0.070707,0.48485,0.21212,50.79,Savaş öncesi
Umman,2025-02-21,99,0.9798,29.43,50.646,52.889,52.9,0,0.020202,0,0,0.77778,0.20202,53.5,Savaş öncesi
Umman,2025-02-22,99,1,7.17,81.103,81.103,81.1,0,0,0,0,0.66667,0.33333,81.1,Savaş öncesi
Umman,2025-02-23,99,1,38.45,49.569,49.569,49.58,0,0,0,0,0.76768,0.23232,49.58,Savaş öncesi
Umman,2025-02-24,99,0.77778,58.35,42.051,51.033,55.51,0,0.040404,0.090909,0.090909,0.54545,0.23232,59.96,Savaş öncesi
Umman,2025-02-25,99,0.78788,58.545,27.416,28.579,31.02,0,0.020202,0.10101,0.090909,0.64646,0.14141,38.35,Savaş öncesi
Umman,2025-02-26,99,0.82828,39.23,45.397,45.397,45.4,0,0.010101,0.13131,0.030303,0.59596,0.23232,45.4,Savaş öncesi
Umman,2025-02-27,99,1,7.28,52.53,52.53,52.54,0,0,0,0,0.68687,0.31313,52.54,Savaş öncesi
Umman,2025-02-28,99,0.9899,28.845,56.047,61.349,61.35,0,0.010101,0,0,0.71717,0.27273,61.35,Savaş öncesi
Umman,2025-03-01,99,0.76768,51.83,40.232,42.158,42.17,0,0.040404,0.12121,0.070707,0.56566,0.20202,44.81,Savaş öncesi
Umman,2025-03-02,99,0.92929,62.095,98.189,102.34,116.83,0,0.020202,0,0.050505,0.71717,0.21212,122.34,Savaş öncesi
Umman,2025-03-03,99,0.9596,46.62,72.388,75.868,75.84,0,0.020202,0,0.020202,0.62626,0.33333,75.84,Savaş öncesi
Umman,2025-03-04,99,1,19.34,51.548,51.548,51.54,0,0,0,0,0.72727,0.27273,51.54,Savaş öncesi
Umman,2025-03-05,99,1,17.7,82.45,82.45,82.45,0,0,0,0,0.63636,0.36364,82.45,Savaş öncesi
Umman,2025-03-06,99,0.9697,46.275,63.776,69.474,69.49,0,0,0,0.030303,0.66667,0.30303,73.04,Savaş öncesi
Umman,2025-03-07,99,0.9899,62.75,149.08,181.28,228.89,0,0,0,0.010101,0.72727,0.26263,228.89,Savaş öncesi
Umman,2025-03-08,99,0.83838,53.51,102.28,103.49,103.49,0,0.020202,0.080808,0.060606,0.56566,0.27273,104.98,Savaş öncesi
Umman,2025-03-09,99,1,29.93,92.48,95.616,95.64,0,0,0,0,0.65657,0.34343,95.64,Savaş öncesi
Umman,2025-03-10,99,1,7.28,103.26,103.26,103.27,0,0,0,0,0.62626,0.37374,103.27,Savaş öncesi
Umman,2025-03-11,99,0.9798,38.28,121.23,121.23,121.2,0,0.010101,0,0.010101,0.68687,0.29293,121.2,Savaş öncesi
Umman,2025-03-12,99,0.88889,58.01,61.038,105.25,101.27,0,0.020202,0.020202,0.070707,0.65657,0.23232,135.38,Savaş öncesi
Umman,2025-03-13,99,0.92929,58.24,80.056,84.973,88.43,0,0,0,0.070707,0.59596,0.33333,95.98,Savaş öncesi
Umman,2025-03-14,99,1,38.98,92.937,93.955,93.94,0,0,0,0,0.68687,0.31313,93.94,Savaş öncesi
Umman,2025-03-15,99,1,7.37,85.62,85.62,85.61,0,0,0,0,0.67677,0.32323,85.61,Savaş öncesi
Umman,2025-03-16,99,0.86869,27.54,56.637,73.721,73.73,0,0,0.13131,0,0.62626,0.24242,73.73,Savaş öncesi
Umman,2025-03-17,99,0.92929,52.655,92.16,104.16,104.19,0,0.020202,0,0.050505,0.61616,0.31313,104.19,Savaş öncesi
Umman,2025-03-18,99,0.94949,62.365,121.14,135.2,153.36,0,0.010101,0,0.040404,0.69697,0.25253,158.39,Savaş öncesi
Umman,2025-03-19,99,0.91919,46.48,97.285,107.96,107.99,0,0.030303,0,0.050505,0.64646,0.27273,112.95,Savaş öncesi
Umman,2025-03-20,99,1,19.34,99.244,99.244,99.25,0,0,0,0,0.67677,0.32323,99.25,Savaş öncesi
Umman,2025-03-21,99,1,17.7,111.07,111.07,111.08,0,0,0,0,0.56566,0.43434,111.08,Savaş öncesi
Umman,2025-03-22,99,0.9798,46.26,75.781,76.7,76.75,0,0,0,0.020202,0.67677,0.30303,78.07,Savaş öncesi
Umman,2025-03-23,99,0.93939,63,67.345,86.945,105.58,0,0,0.030303,0.030303,0.68687,0.25253,114.77,Savaş öncesi
Umman,2025-03-24,99,0.83838,52.38,45.694,52.535,52.54,0,0.020202,0.050505,0.090909,0.63636,0.20202,66.01,Savaş öncesi
Umman,2025-03-25,99,1,29.81,84.333,84.873,84.87,0,0,0,0,0.63636,0.36364,84.87,Savaş öncesi
Umman,2025-03-26,99,0.92929,7.245,74.722,74.722,74.72,0,0,0.070707,0,0.52525,0.40404,74.72,Savaş öncesi
Umman,2025-03-27,99,0.75758,38.59,55.641,57.273,57.25,0,0,0.24242,0,0.51515,0.24242,57.95,Savaş öncesi
Umman,2025-03-28,99,0.9697,58.08,66.096,81.808,84.83,0,0.010101,0,0.020202,0.63636,0.33333,86.14,Savaş öncesi
Umman,2025-03-29,99,0.89899,58.14,47.719,66.08,70.92,0,0.030303,0,0.070707,0.65657,0.24242,80.87,Savaş öncesi
Umman,2025-03-30,99,0.9697,38.725,90.592,103.45,103.45,0,0.010101,0,0.020202,0.66667,0.30303,104.34,Savaş öncesi
Umman,2025-03-31,99,1,7.07,68.527,68.527,68.53,0,0,0,0,0.63636,0.36364,68.53,Savaş öncesi
Umman,2025-04-01,99,0.9899,28.97,95.012,99.954,99.98,0,0.010101,0,0,0.59596,0.39394,99.98,Savaş öncesi
Umman,2025-04-02,99,0.92929,52.8,143.33,157.96,157.93,0,0.030303,0,0.040404,0.56566,0.36364,157.93,Savaş öncesi
Umman,2025-04-03,99,0.93939,62.34,92.978,118.25,175.64,0,0.020202,0,0.040404,0.68687,0.25253,185.53,Savaş öncesi
Umman,2025-04-04,99,0.9899,46.4,67.136,70.937,70.95,0,0,0,0.010101,0.68687,0.30303,79.13,Savaş öncesi
Umman,2025-04-05,99,1,18.91,89.65,89.65,89.66,0,0,0,0,0.59596,0.40404,89.66,Savaş öncesi
Umman,2025-04-06,99,1,18.1,120.25,120.25,120.25,0,0,0,0,0.62626,0.37374,120.25,Savaş öncesi
Umman,2025-04-07,99,0.90909,45.485,72.759,75.437,75.44,0,0,0.090909,0,0.65657,0.25253,75.44,Savaş öncesi
Umman,2025-04-08,99,0.94949,62.76,129.02,157.68,177.15,0,0,0,0.050505,0.72727,0.22222,180.76,Savaş öncesi
Umman,2025-04-09,99,0.91919,52.65,76.321,85.941,85.92,0,0.010101,0,0.070707,0.66667,0.25253,88.87,Savaş öncesi
Umman,2025-04-10,99,0.9596,29,119.76,119.76,119.77,0,0.020202,0,0.020202,0.61616,0.34343,120.52,Savaş öncesi
Umman,2025-04-11,99,1,7.17,120,120,120,0,0,0,0,0.58586,0.41414,120,Savaş öncesi
Umman,2025-04-12,99,0.9798,38.78,119.78,122.97,122.98,0,0.010101,0,0.010101,0.68687,0.29293,124.54,Savaş öncesi
Umman,2025-04-13,99,0.9697,58.345,98.958,106.62,111.14,0,0.010101,0,0.020202,0.71717,0.25253,119.91,Savaş öncesi
Umman,2025-04-14,99,0.83838,58.12,88.62,115.01,139.13,0,0.010101,0.040404,0.11111,0.61616,0.22222,145.57,Savaş öncesi
Umman,2025-04-15,99,0.9596,38.28,88.232,94.347,94.34,0,0.020202,0,0.020202,0.66667,0.29293,111.41,Savaş öncesi
Umman,2025-04-16,99,1,6.38,104.94,104.94,104.96,0,0,0,0,0.56566,0.43434,104.96,Savaş öncesi
Umman,2025-04-17,99,1,29.57,150.93,150.93,150.95,0,0,0,0,0.70707,0.29293,150.95,Savaş öncesi
Umman,2025-04-18,99,0.90909,52.995,65.473,66.643,66.65,0,0.020202,0,0.070707,0.66667,0.24242,68.28,Savaş öncesi
Umman,2025-04-19,99,0.92929,62.295,80.473,92.209,133.31,0,0.010101,0,0.060606,0.66667,0.26263,137.25,Savaş öncesi
Umman,2025-04-20,99,0.85859,46.01,63.366,63.366,63.37,0,0.030303,0.10101,0.010101,0.63636,0.22222,63.37,Savaş öncesi
Umman,2025-04-21,99,1,18.18,88.776,88.776,88.8,0,0,0,0,0.68687,0.31313,88.8,Savaş öncesi
Umman,2025-04-22,99,1,18.86,117.31,117.31,117.32,0,0,0,0,0.63636,0.36364,117.32,Savaş öncesi
Umman,2025-04-23,99,0.94949,46.715,86.069,97.911,97.9,0,0.040404,0,0.010101,0.66667,0.28283,97.9,Savaş öncesi
Umman,2025-04-24,99,0.9697,62.95,54.568,54.568,76.89,0,0,0.020202,0.010101,0.80808,0.16162,76.89,Savaş öncesi
Umman,2025-04-25,99,0.75758,52.49,65.049,74.911,74.92,0,0.070707,0.090909,0.080808,0.53535,0.22222,77.29,Savaş öncesi
Umman,2025-04-26,99,0.77778,29.31,85.45,85.45,85.47,0,0.020202,0.20202,0,0.57576,0.20202,85.47,Savaş öncesi
Umman,2025-04-27,99,0.86869,6.8,75.183,75.183,75.14,0,0,0.13131,0,0.54545,0.32323,77.39,Savaş öncesi
Umman,2025-04-28,99,0.9899,39.12,95.001,97.166,97.16,0,0.010101,0,0,0.63636,0.35354,98.63,Savaş öncesi
Umman,2025-04-29,99,0.93939,58.38,83.037,113.26,124.05,0,0.010101,0,0.050505,0.69697,0.24242,129.2,Savaş öncesi
Umman,2025-04-30,99,0.88889,58.07,80.389,94.747,107.25,0,0,0.020202,0.090909,0.61616,0.27273,115.27,Savaş öncesi
Umman,2025-05-01,99,0.9596,38.25,96.35,133.56,133.54,0,0.030303,0,0.010101,0.67677,0.28283,135.45,Savaş öncesi
Umman,2025-05-02,99,1,6.47,142.63,142.63,142.66,0,0,0,0,0.60606,0.39394,142.66,Savaş öncesi
Umman,2025-05-03,99,0.9899,29.41,105.27,107,107,0,0.010101,0,0,0.67677,0.31313,107,Savaş öncesi
Umman,2025-05-04,99,0.94949,53.025,62.978,66.133,66.16,0,0.030303,0,0.020202,0.74747,0.20202,66.16,Savaş öncesi
Umman,2025-05-05,99,0.91919,62.36,114.01,138.02,147.58,0,0.020202,0,0.060606,0.70707,0.21212,172.07,Savaş öncesi
Umman,2025-05-06,99,0.9798,46.23,59.352,67.391,67.4,0,0.020202,0,0,0.79798,0.18182,67.4,Savaş öncesi
Umman,2025-05-07,99,1,18.73,88.919,88.919,88.91,0,0,0,0,0.71717,0.28283,88.91,Savaş öncesi
Umman,2025-05-08,99,1,18.22,82.415,82.415,82.43,0,0,0,0,0.68687,0.31313,82.43,Savaş öncesi
Umman,2025-05-09,99,0.9899,46.545,80.81,99.385,99.4,0,0.010101,0,0,0.74747,0.24242,100.38,Savaş öncesi
Umman,2025-05-10,99,0.92929,62.835,47.227,82.542,102.58,0,0,0,0.070707,0.78788,0.14141,111.55,Savaş öncesi
Umman,2025-05-11,99,0.89899,52.85,73.365,73.365,73.35,0,0.070707,0,0.030303,0.62626,0.27273,73.35,Savaş öncesi
Umman,2025-05-12,99,0.9899,29.34,124.99,124.99,124.97,0,0,0,0.010101,0.72727,0.26263,124.97,Savaş öncesi
Umman,2025-05-13,99,1,7.3,75.41,75.41,75.42,0,0,0,0,0.66667,0.33333,75.42,Savaş öncesi
Umman,2025-05-14,99,0.9899,38.54,86.093,89.429,89.42,0,0,0,0.010101,0.70707,0.28283,89.42,Savaş öncesi
Umman,2025-05-15,99,0.92929,58.195,82.461,102.11,104.45,0,0.030303,0,0.040404,0.74747,0.18182,124.18,Savaş öncesi
Umman,2025-05-16,99,0.92929,58.23,75.265,85.898,106.2,0,0.010101,0,0.060606,0.68687,0.24242,151.08,Savaş öncesi
Umman,2025-05-17,99,0.9798,38.75,105.12,112.93,112.95,0,0.020202,0,0,0.71717,0.26263,112.95,Savaş öncesi
Umman,2025-05-18,99,1,7.17,158.63,158.63,158.66,0,0,0,0,0.67677,0.32323,158.66,Savaş öncesi
Umman,2025-05-19,99,1,28.94,73.606,73.606,73.63,0,0,0,0,0.76768,0.23232,73.63,Savaş öncesi
Umman,2025-05-20,99,0.90909,52.61,51.644,63.974,63.96,0,0.010101,0,0.080808,0.64646,0.26263,71.6,Savaş öncesi
Umman,2025-05-21,99,0.9596,62.28,48.915,57.54,80.44,0,0.010101,0,0.030303,0.80808,0.15152,80.44,Savaş öncesi
Umman,2025-05-22,99,0.9899,46.6,89.623,92.249,92.24,0,0.010101,0,0,0.76768,0.22222,92.24,Savaş öncesi
Umman,2025-05-23,99,1,19.28,76.041,76.041,76.07,0,0,0,0,0.74747,0.25253,76.07,Savaş öncesi
Umman,2025-05-24,99,0.9899,18.07,101.32,101.32,101.31,0,0,0.010101,0,0.73737,0.25253,101.31,Savaş öncesi
Umman,2025-05-25,99,0.9596,46.26,77.648,119.25,119.22,0,0.020202,0.020202,0,0.76768,0.19192,122.8,Savaş öncesi
Umman,2025-05-26,99,0.92929,62.815,48.308,63.88,71.87,0,0,0,0.070707,0.79798,0.13131,76.96,Savaş öncesi
Umman,2025-05-27,99,0.85859,53.05,42.491,50.973,50.97,0,0.050505,0,0.090909,0.65657,0.20202,74.85,Savaş öncesi
Umman,2025-05-28,99,1,29.99,77.561,77.561,77.57,0,0,0,0,0.76768,0.23232,77.57,Savaş öncesi
Umman,2025-05-29,99,1,7.3,59.612,59.612,59.61,0,0,0,0,0.75758,0.24242,59.61,Savaş öncesi
Umman,2025-05-30,99,0.9899,38.33,156.85,163.69,163.68,0,0,0.010101,0,0.68687,0.30303,163.68,Savaş öncesi
Umman,2025-05-31,99,0.91919,58.03,49.627,50.817,59.64,0,0.030303,0.040404,0.010101,0.73737,0.18182,62.29,Savaş öncesi
Umman,2025-06-01,99,0.92929,58.285,69.598,98.521,110.68,0,0.010101,0,0.060606,0.72727,0.20202,113.38,Savaş öncesi
Umman,2025-06-02,99,0.9899,39.19,109.36,109.36,109.39,0,0.010101,0,0,0.75758,0.23232,109.39,Savaş öncesi
Umman,2025-06-03,99,1,7.64,87.784,87.784,87.77,0,0,0,0,0.68687,0.31313,87.77,Savaş öncesi
Umman,2025-06-04,99,0.9899,28.53,77.688,77.688,77.69,0,0.010101,0,0,0.73737,0.25253,77.69,Savaş öncesi
Umman,2025-06-05,99,0.89899,52.3,65.997,68.647,68.66,0,0.020202,0,0.080808,0.68687,0.21212,73.31,Savaş öncesi
Umman,2025-06-06,99,0.9697,62.305,48.661,57.273,70.64,0,0,0,0.030303,0.80808,0.16162,72.81,Savaş öncesi
Umman,2025-06-07,99,0.9899,46.875,53.502,58.654,58.66,0,0.010101,0,0,0.76768,0.22222,58.66,Savaş öncesi
Umman,2025-06-08,99,1,19.7,79.551,79.551,79.55,0,0,0,0,0.74747,0.25253,79.55,Savaş öncesi
Umman,2025-06-09,99,1,17.34,98.108,98.108,98.16,0,0,0,0,0.67677,0.32323,98.16,Savaş öncesi
Umman,2025-06-10,99,0.9798,46.03,63.527,68.638,68.62,0,0,0,0.020202,0.75758,0.22222,68.62,Savaş öncesi
Umman,2025-06-11,99,0.9596,62.54,52.975,79.369,95.02,0,0.010101,0,0.030303,0.76768,0.19192,95.53,Savaş öncesi
Umman,2025-06-12,99,0.87879,53.18,69.077,95.073,95.09,0,0.030303,0,0.090909,0.72727,0.15152,104,Savaş öncesi
Umman,2025-06-13,99,0.9899,30.145,89.815,89.815,89.84,0,0.010101,0,0,0.71717,0.27273,89.84,Savaş öncesi
Umman,2025-06-14,99,1,7.04,77.286,77.286,76.71,0,0,0,0,0.64646,0.35354,76.71,Savaş öncesi
Umman,2025-06-15,99,0.9899,38.07,98.064,104.04,104.04,0,0.010101,0,0,0.69697,0.29293,104.04,Savaş öncesi
Umman,2025-06-16,99,0.93939,57.86,84.772,94.583,130.23,0,0.020202,0,0.040404,0.71717,0.22222,135.87,Savaş öncesi
Umman,2025-06-17,99,0.9596,58.46,49.897,59.778,64.96,0,0.010101,0.010101,0.020202,0.71717,0.24242,66.04,Savaş öncesi
Umman,2025-06-18,99,0.9798,39.32,87.418,92.557,92.54,0,0.010101,0,0.010101,0.70707,0.27273,92.54,Savaş öncesi
Umman,2025-06-19,99,1,8.03,83.673,83.673,83.63,0,0,0,0,0.67677,0.32323,83.63,Savaş öncesi
Umman,2025-06-20,99,0.9899,28.22,73.653,73.653,0,0,0.010101,0,0,0.67677,0.31313,0,Savaş öncesi
Umman,2025-06-21,99,0.85859,52.13,84.73,87.734,87.75,0,0.040404,0.050505,0.050505,0.62626,0.23232,99.17,Savaş öncesi
Umman,2025-06-22,99,0.73737,63.27,23.006,38.192,58.81,0,0,0.14141,0.12121,0.70707,0.030303,84.76,Savaş öncesi
Umman,2025-06-23,99,0.69697,45.64,63.173,67.861,67.86,0,0.030303,0.23232,0.040404,0.55556,0.14141,67.86,Savaş öncesi
Umman,2025-06-24,99,0.9798,19.27,123.58,123.58,123.56,0,0,0.020202,0,0.71717,0.26263,123.56,Savaş öncesi
Umman,2025-06-25,99,1,17.04,80.62,80.62,80.61,0,0,0,0,0.70707,0.29293,80.61,Savaş öncesi
Umman,2025-06-26,99,0.48485,46.07,39.407,41.786,41.78,0,0,0.50505,0.010101,0.40404,0.080808,41.78,Savaş öncesi
Umman,2025-06-27,99,0.68687,62.585,21.75,26.93,40.38,0,0,0.25253,0.060606,0.62626,0.060606,40.38,Savaş öncesi
Umman,2025-06-28,99,0.42424,52.6,10.793,10.793,10.79,0,0.030303,0.46465,0.080808,0.41414,0.010101,10.79,Savaş öncesi
Umman,2025-06-29,99,0.30303,27.825,22.56,22.56,22.56,0,0,0.68687,0.010101,0.26263,0.040404,22.56,Savaş öncesi
Umman,2025-06-30,99,0.80808,6.89,47.159,47.159,47.16,0,0,0.19192,0,0.67677,0.13131,47.16,Savaş öncesi
Umman,2025-07-01,99,0.88889,37.63,54.399,56.654,56.68,0,0,0.090909,0.020202,0.67677,0.21212,56.68,Savaş öncesi
Umman,2025-07-02,99,0.55556,56.15,18.533,33.629,36.2,0,0.010101,0.33333,0.10101,0.49495,0.060606,36.2,Savaş öncesi
Umman,2025-07-03,99,0.82828,58.41,29.465,29.465,37.16,0,0.050505,0.030303,0.090909,0.71717,0.11111,39.15,Savaş öncesi
Umman,2025-07-04,99,0.63636,38.04,18.168,18.168,18.15,0,0.020202,0.31313,0.030303,0.57576,0.060606,29.02,Savaş öncesi
Umman,2025-07-05,99,0.62626,7.09,44.036,44.036,44.05,0,0,0.37374,0,0.50505,0.12121,44.05,Savaş öncesi
Umman,2025-07-06,99,0.83838,28.94,64.854,64.854,64.85,0,0,0.16162,0,0.65657,0.18182,64.85,Savaş öncesi
Umman,2025-07-07,99,0.82828,52.245,38.566,43.121,43.11,0,0.010101,0.10101,0.060606,0.68687,0.14141,46.04,Savaş öncesi
Umman,2025-07-08,99,0.93939,62.16,46.165,57.581,74.31,0,0.020202,0,0.040404,0.82828,0.11111,80.96,Savaş öncesi
Umman,2025-07-09,99,0.84848,46.365,53.875,63.94,63.9,0,0,0.13131,0.020202,0.68687,0.16162,69.29,Savaş öncesi
Umman,2025-07-10,99,1,20.19,63.505,63.505,63.49,0,0,0,0,0.76768,0.23232,63.49,Savaş öncesi
Umman,2025-07-11,99,0.9697,16.73,47.298,47.298,47.31,0,0,0.030303,0,0.72727,0.24242,47.31,Savaş öncesi
Umman,2025-07-12,99,0.9899,45.69,70.938,76.148,76.13,0,0.010101,0,0,0.77778,0.21212,76.13,Savaş öncesi
Umman,2025-07-13,99,0.93939,62.35,53.016,70.325,110.21,0,0.010101,0.030303,0.020202,0.78788,0.15152,110.21,Savaş öncesi
Umman,2025-07-14,99,0.80808,53.385,67.553,76.008,76.01,0,0.050505,0.050505,0.090909,0.69697,0.11111,86.31,Savaş öncesi
Umman,2025-07-15,99,0.9697,30.36,98.052,105.28,105.25,0,0.010101,0.020202,0,0.77778,0.19192,105.25,Savaş öncesi
Umman,2025-07-16,99,0.73737,6.76,26.154,26.154,26.16,0,0,0.26263,0,0.62626,0.11111,26.16,Savaş öncesi
Umman,2025-07-17,99,0.84848,37.77,83.245,83.245,83.24,0,0,0.14141,0.010101,0.69697,0.15152,83.24,Savaş öncesi
Umman,2025-07-18,99,0.85859,57.65,35.032,36.762,63.49,0,0.020202,0.030303,0.090909,0.73737,0.12121,70.05,Savaş öncesi
Umman,2025-07-19,99,0.82828,57.87,33.769,39.526,39.53,0,0.010101,0.090909,0.070707,0.74747,0.080808,47.17,Savaş öncesi
Umman,2025-07-20,99,0.78788,38.08,70.148,70.148,70.17,0,0,0.17172,0.040404,0.64646,0.14141,70.17,Savaş öncesi
Umman,2025-07-21,99,0.82828,7.055,80,80,80,0,0,0.17172,0,0.62626,0.20202,80,Savaş öncesi
Umman,2025-07-22,99,0.79798,26.71,46.349,46.349,46.34,0,0,0.20202,0,0.66667,0.13131,46.34,Savaş öncesi
Umman,2025-07-23,99,0.72727,52.17,41.914,47.517,47.52,0,0.060606,0.18182,0.030303,0.61616,0.11111,50.69,Savaş öncesi
Umman,2025-07-24,99,0.92929,62.145,34.11,41.225,42.06,0,0.010101,0.020202,0.040404,0.78788,0.14141,48.3,Savaş öncesi
Umman,2025-07-25,99,0.9596,47.21,41.237,48.117,48.12,0,0.010101,0,0.030303,0.79798,0.16162,54.31,Savaş öncesi
Umman,2025-07-26,99,0.90909,20.49,47.887,47.887,47.91,0,0,0.090909,0,0.75758,0.15152,47.91,Savaş öncesi
Umman,2025-07-27,99,0.75758,17.9,78.161,78.161,78.15,0,0,0.24242,0,0.62626,0.13131,88.37,Savaş öncesi
Umman,2025-07-28,99,1,45.6,321.05,473.81,473.79,0,0,0,0,0.75758,0.24242,473.79,Savaş öncesi
Umman,2025-07-29,99,0.9596,62.26,73.057,99.716,125.81,0,0.020202,0,0.020202,0.82828,0.13131,153.74,Savaş öncesi
Umman,2025-07-30,99,0.58586,52.065,41.96,67.53,67.55,0,0.030303,0.26263,0.12121,0.51515,0.070707,74.53,Savaş öncesi
Umman,2025-07-31,99,0.85859,30.36,81.629,83.075,83.09,0,0.020202,0.12121,0,0.70707,0.15152,83.09,Savaş öncesi
Umman,2025-08-01,99,1,6.51,87.084,87.084,87.08,0,0,0,0,0.74747,0.25253,87.08,Savaş öncesi
Umman,2025-08-02,99,0.9899,37.455,88.638,92.154,92.16,0,0,0,0.010101,0.74747,0.24242,92.16,Savaş öncesi
Umman,2025-08-03,99,0.91919,57.61,59.988,89.055,97.97,0,0.020202,0.010101,0.050505,0.77778,0.14141,102.16,Savaş öncesi
Umman,2025-08-04,99,0.92929,58.74,57.064,71.434,73.22,0,0,0,0.070707,0.77778,0.15152,73.22,Savaş öncesi
Umman,2025-08-05,99,0.9697,39.615,60.422,60.422,60.4,0,0.010101,0,0.020202,0.78788,0.18182,60.4,Savaş öncesi
Umman,2025-08-06,99,0.9899,8.53,83.473,83.473,83.47,0,0,0.010101,0,0.77778,0.21212,83.47,Savaş öncesi
Umman,2025-08-07,99,0.9899,27.8,82.475,82.475,82.46,0,0.010101,0,0,0.78788,0.20202,82.46,Savaş öncesi
Umman,2025-08-08,99,0.90909,51.955,92.271,102.17,102.17,0,0,0,0.090909,0.69697,0.21212,111.32,Savaş öncesi
Umman,2025-08-09,99,0.88889,62.065,21.705,33.932,48.06,0,0.010101,0.060606,0.040404,0.80808,0.080808,48.06,Savaş öncesi
Umman,2025-08-10,99,0.94949,47.095,77.563,114.22,114.23,0,0.040404,0,0.010101,0.76768,0.18182,114.84,Savaş öncesi
Umman,2025-08-11,99,1,20.29,88.273,90.244,90.27,0,0,0,0,0.75758,0.24242,90.27,Savaş öncesi
Umman,2025-08-12,99,0.9798,17.35,93.211,93.211,93.19,0,0,0.020202,0,0.71717,0.26263,93.19,Savaş öncesi
Umman,2025-08-13,99,0.90909,45.55,59.081,87.871,87.86,0,0,0.070707,0.020202,0.75758,0.15152,94.56,Savaş öncesi
Umman,2025-08-14,99,0.50505,63.675,10.813,19.153,19.16,0,0.020202,0.38384,0.090909,0.48485,0.020202,19.16,Savaş öncesi
Umman,2025-08-15,99,0.30303,51.31,30.649,30.649,30.64,0,0.030303,0.55556,0.11111,0.26263,0.040404,30.64,Savaş öncesi
Umman,2025-08-16,99,0.59596,30.99,7.5983,10.709,10.72,0,0,0.40404,0,0.55556,0.040404,10.72,Savaş öncesi
Umman,2025-08-17,99,0.77778,6.82,18.597,18.597,18.6,0,0,0.22222,0,0.74747,0.030303,18.6,Savaş öncesi
Umman,2025-08-18,99,0.23232,34.33,15.303,15.303,15.3,0,0,0.74747,0.020202,0.20202,0.030303,15.3,Savaş öncesi
Umman,2025-08-19,99,0.22222,57.705,4.5664,4.5664,4.57,0,0.030303,0.59596,0.15152,0.20202,0.020202,4.57,Savaş öncesi
Umman,2025-08-20,99,0.15152,56.8,0.67005,0.67005,0.67,0,0,0.72727,0.12121,0.14141,0.010101,0.67,Savaş öncesi
Umman,2025-08-21,99,0.68687,37.885,33.073,33.073,33.07,0,0,0.28283,0.030303,0.59596,0.090909,33.07,Savaş öncesi
Umman,2025-08-22,99,0.87879,7.34,40.79,40.79,40.78,0,0,0.12121,0,0.73737,0.14141,40.78,Savaş öncesi
Umman,2025-08-23,99,0.9899,27.815,64.603,64.603,64.61,0,0.010101,0,0,0.80808,0.18182,64.61,Savaş öncesi
Umman,2025-08-24,99,0.78788,52.26,45.617,45.617,45.62,0,0.050505,0.11111,0.050505,0.66667,0.12121,66.94,Savaş öncesi
Umman,2025-08-25,99,0.92929,62.845,42.535,48.729,70.2,0,0,0.060606,0.010101,0.80808,0.12121,73.71,Savaş öncesi
Umman,2025-08-26,99,0.77778,45.76,40.027,40.027,40.03,0,0.020202,0.14141,0.060606,0.67677,0.10101,40.03,Savaş öncesi
Umman,2025-08-27,99,0.72727,18.18,53.738,53.738,53.75,0,0,0.27273,0,0.58586,0.14141,53.75,Savaş öncesi
Umman,2025-08-28,99,0.9899,16.645,45.938,45.938,45.94,0,0,0.010101,0,0.83838,0.15152,45.94,Savaş öncesi
Umman,2025-08-29,99,0.57576,45.78,39.801,39.801,39.8,0,0,0.41414,0.010101,0.54545,0.030303,39.8,Savaş öncesi
Umman,2025-08-30,99,0.88889,62.235,42.473,50.992,62.08,0,0.030303,0,0.080808,0.74747,0.14141,62.08,Savaş öncesi
Umman,2025-08-31,99,0.90909,53.51,30.954,39.208,49.64,0,0.020202,0,0.070707,0.78788,0.12121,54.43,Savaş öncesi
Umman,2025-09-01,99,0.80808,28.935,71.405,71.405,71.41,0,0,0.19192,0,0.62626,0.18182,71.41,Savaş öncesi
Umman,2025-09-02,99,0.91919,6.64,88.307,88.307,88.3,0,0,0.080808,0,0.64646,0.27273,88.3,Savaş öncesi
Umman,2025-09-03,99,0.85859,37.9,66.087,66.087,66.08,0,0,0.14141,0,0.70707,0.15152,66.08,Savaş öncesi
Umman,2025-09-04,99,0.93939,57.64,42.704,54.155,72.7,0,0.020202,0,0.040404,0.77778,0.16162,72.7,Savaş öncesi
Umman,2025-09-05,99,0.92929,58.79,27.145,28.634,43.83,0,0,0,0.070707,0.79798,0.13131,48.26,Savaş öncesi
Umman,2025-09-06,99,0.9697,39.465,46.074,46.074,46.08,0,0,0.020202,0.010101,0.81818,0.15152,46.08,Savaş öncesi
Umman,2025-09-07,99,0.88889,7.04,83.697,83.697,83.72,0,0,0.11111,0,0.65657,0.23232,83.72,Savaş öncesi
Umman,2025-09-08,99,0.83838,28.83,41.346,42.399,42.42,0,0.010101,0.15152,0,0.71717,0.12121,42.42,Savaş öncesi
Umman,2025-09-09,99,0.86869,52.35,84.277,96.946,96.94,0,0.030303,0.070707,0.030303,0.73737,0.13131,100.97,Savaş öncesi
Umman,2025-09-10,99,0.91919,62.4,22.582,28.905,55.4,0,0,0.010101,0.070707,0.84848,0.070707,61.05,Savaş öncesi
Umman,2025-09-11,99,0.79798,47.31,26.746,26.746,26.75,0,0.010101,0.11111,0.080808,0.72727,0.070707,28.21,Savaş öncesi
Umman,2025-09-12,99,1,20.05,53.591,53.591,53.61,0,0,0,0,0.79798,0.20202,53.61,Savaş öncesi
Umman,2025-09-13,99,1,16.95,76.459,76.459,76.45,0,0,0,0,0.79798,0.20202,76.45,Savaş öncesi
Umman,2025-09-14,99,1,45.82,92.964,94.345,94.32,0,0,0,0,0.83838,0.16162,94.32,Savaş öncesi
Umman,2025-09-15,99,0.9697,62.39,59.382,74.569,87.56,0,0,0,0.030303,0.76768,0.20202,87.56,Savaş öncesi
Umman,2025-09-16,99,0.85859,53.39,45.818,48.752,48.76,0,0.070707,0,0.070707,0.71717,0.14141,57.7,Savaş öncesi
Umman,2025-09-17,99,1,30.36,78.233,80.553,80.57,0,0,0,0,0.78788,0.21212,80.57,Savaş öncesi
Umman,2025-09-18,99,1,6.96,101.96,101.96,101.97,0,0,0,0,0.69697,0.30303,101.97,Savaş öncesi
Umman,2025-09-19,99,0.9899,37.87,65.792,65.792,65.82,0,0,0,0.010101,0.70707,0.28283,70.45,Savaş öncesi
Umman,2025-09-20,99,0.89899,57.79,45.909,46.965,50.61,0,0.020202,0.020202,0.060606,0.75758,0.14141,62.77,Savaş öncesi
Umman,2025-09-21,99,0.92929,58.315,38.766,38.766,41.75,0,0.010101,0,0.060606,0.85859,0.070707,41.75,Savaş öncesi
Umman,2025-09-22,99,0.9798,39.26,83.538,84.792,84.77,0,0.010101,0,0.010101,0.77778,0.20202,86.89,Savaş öncesi
Umman,2025-09-23,99,1,7.82,60.564,60.564,60.58,0,0,0,0,0.74747,0.25253,60.58,Savaş öncesi
Umman,2025-09-24,99,0.9798,28.32,58.75,58.75,58.73,0,0.020202,0,0,0.77778,0.20202,75.72,Savaş öncesi
Umman,2025-09-25,99,0.89899,52.46,59.149,70.372,70.39,0,0.050505,0,0.050505,0.71717,0.18182,71.76,Savaş öncesi
Umman,2025-09-26,99,1,62.38,48.805,81.483,74.74,0,0,0,0,0.84848,0.15152,74.74,Savaş öncesi
Umman,2025-09-27,99,0.93939,46.82,58.516,65.1,65.13,0,0.060606,0,0,0.73737,0.20202,67.2,Savaş öncesi
Umman,2025-09-28,99,0.9697,18.955,82.258,82.258,82.29,0,0,0.030303,0,0.69697,0.27273,82.29,Savaş öncesi
Umman,2025-09-29,99,0.89899,18.44,36.287,36.287,36.3,0,0,0.10101,0,0.69697,0.20202,37.87,Savaş öncesi
Umman,2025-09-30,99,0.9697,46.08,127.66,135.69,135.71,0,0.020202,0,0.010101,0.67677,0.29293,136.65,Savaş öncesi
Umman,2025-10-01,99,0.65657,66.38,161.36,182.15,182.14,0,0.26263,0.010101,0.070707,0.55556,0.10101,198.4,Savaş öncesi
Umman,2025-10-02,99,0.92929,53.085,49.591,56.818,59.84,0,0.020202,0,0.050505,0.78788,0.14141,67.15,Savaş öncesi
Umman,2025-10-03,99,0.9899,29.825,82.04,82.04,82.03,0,0.010101,0,0,0.79798,0.19192,84.18,Savaş öncesi
Umman,2025-10-04,99,1,7.31,106.84,106.84,106.81,0,0,0,0,0.66667,0.33333,106.81,Savaş öncesi
Umman,2025-10-05,99,0.74747,38.77,56.956,56.956,56.95,0,0.010101,0.24242,0,0.57576,0.17172,61.17,Savaş öncesi
Umman,2025-10-06,99,0.91919,58.07,123.35,124.8,143.94,0,0.020202,0.010101,0.050505,0.71717,0.20202,143.94,Savaş öncesi
Umman,2025-10-07,99,0.91919,58.46,62.518,76.594,76.69,0,0.010101,0,0.070707,0.73737,0.18182,79.62,Savaş öncesi
Umman,2025-10-08,99,0.9697,38.945,36.274,36.274,36.29,0,0.020202,0,0.010101,0.83838,0.13131,38.86,Savaş öncesi
Umman,2025-10-09,99,1,7.22,59.257,59.257,59.27,0,0,0,0,0.77778,0.22222,59.27,Savaş öncesi
Umman,2025-10-10,99,0.9899,28.965,65.918,65.918,65.9,0,0.010101,0,0,0.80808,0.18182,68.21,Savaş öncesi
Umman,2025-10-11,99,0.89899,52.84,38.886,47.599,47.6,0,0.030303,0,0.070707,0.71717,0.18182,60.01,Savaş öncesi
Umman,2025-10-12,99,0.94949,62.42,32.8,38.528,56.98,0,0,0,0.050505,0.78788,0.16162,63.01,Savaş öncesi
Umman,2025-10-13,99,0.9899,46.46,50.332,60.109,60.08,0,0,0,0.010101,0.80808,0.18182,60.08,Savaş öncesi
Umman,2025-10-14,99,1,18.97,75.705,75.705,75.68,0,0,0,0,0.70707,0.29293,75.68,Savaş öncesi
Umman,2025-10-15,99,1,18.16,74.212,74.212,74.2,0,0,0,0,0.68687,0.31313,74.2,Savaş öncesi
Umman,2025-10-16,99,0.9899,46.565,87.212,92.775,92.78,0,0.010101,0,0,0.70707,0.28283,92.78,Savaş öncesi
Umman,2025-10-17,99,0.9697,62.91,46.547,55.016,66.82,0,0.030303,0,0,0.78788,0.18182,68.45,Savaş öncesi
Umman,2025-10-18,99,0.9596,52.6,67.634,76.12,76.14,0,0.010101,0,0.030303,0.74747,0.21212,77.2,Savaş öncesi
Umman,2025-10-19,99,0.9899,29.18,76.578,77.664,77.67,0,0,0,0.010101,0.76768,0.22222,77.67,Savaş öncesi
Umman,2025-10-20,99,1,7.23,97.91,97.91,97.91,0,0,0,0,0.69697,0.30303,97.91,Savaş öncesi
Umman,2025-10-21,99,1,38.91,129.45,131.94,131.95,0,0,0,0,0.69697,0.30303,131.95,Savaş öncesi
Umman,2025-10-22,99,0.9596,58.42,76.801,101.36,112.62,0,0,0,0.040404,0.68687,0.27273,113.64,Savaş öncesi
Umman,2025-10-23,99,0.90909,57.995,51.223,55.9,64.61,0,0.040404,0,0.050505,0.68687,0.22222,75.45,Savaş öncesi
Umman,2025-10-24,99,0.9798,38.24,78.825,80.401,80.38,0,0.010101,0,0.010101,0.70707,0.27273,80.38,Savaş öncesi
Umman,2025-10-25,99,1,6.25,121.26,121.26,121.27,0,0,0,0,0.60606,0.39394,121.27,Savaş öncesi
Umman,2025-10-26,99,0.9899,29.715,95.79,119.96,119.97,0,0.010101,0,0,0.67677,0.31313,119.97,Savaş öncesi
Umman,2025-10-27,99,0.92929,53.295,90.315,96.939,96.95,0,0.030303,0.010101,0.030303,0.64646,0.28283,105.15,Savaş öncesi
Umman,2025-10-28,99,0.9798,62.18,143.04,158.62,200.2,0,0.010101,0,0.010101,0.69697,0.28283,201.76,Savaş öncesi
Umman,2025-10-29,99,0.9798,45.9,140.74,146.23,146.22,0,0.010101,0,0.010101,0.68687,0.29293,153.58,Savaş öncesi
Umman,2025-10-30,99,1,18.06,91.064,91.064,91.05,0,0,0,0,0.68687,0.31313,91.05,Savaş öncesi
Umman,2025-10-31,99,1,19.11,120.2,120.2,120.17,0,0,0,0,0.69697,0.30303,120.17,Savaş öncesi
Umman,2025-11-01,99,0.9899,47.145,126.34,141.1,141.11,0,0.010101,0,0,0.68687,0.30303,141.11,Savaş öncesi
Umman,2025-11-02,99,0.9596,62.81,115.37,129.36,140.88,0,0.010101,0,0.030303,0.69697,0.26263,165.67,Savaş öncesi
Umman,2025-11-03,99,0.90909,52.3,124.93,135.85,146.06,0,0.060606,0,0.030303,0.63636,0.27273,147.13,Savaş öncesi
Umman,2025-11-04,99,1,28.43,125.09,125.09,125.1,0,0,0,0,0.67677,0.32323,125.1,Savaş öncesi
Umman,2025-11-05,99,1,8.3,96.927,96.927,96.94,0,0,0,0,0.67677,0.32323,96.94,Savaş öncesi
Umman,2025-11-06,99,0.9697,39.78,161.53,161.53,161.55,0,0.020202,0,0.010101,0.65657,0.31313,162.52,Savaş öncesi
Umman,2025-11-07,99,0.94949,58.78,109.82,115.41,137.61,0,0,0,0.050505,0.71717,0.23232,141.3,Savaş öncesi
Umman,2025-11-08,99,0.9596,57.56,106.03,114.32,117.14,0,0.010101,0,0.030303,0.69697,0.26263,117.14,Savaş öncesi
Umman,2025-11-09,99,0.9798,38.03,93.524,93.524,93.54,0,0.020202,0,0,0.71717,0.26263,95.37,Savaş öncesi
Umman,2025-11-10,99,1,5.81,75.526,75.526,75.52,0,0,0,0,0.66667,0.33333,75.52,Savaş öncesi
Umman,2025-11-11,99,1,29.97,109.56,115.13,115.11,0,0,0,0,0.70707,0.29293,115.11,Savaş öncesi
Umman,2025-11-12,99,0.92929,53.3,123.29,138.55,138.54,0,0.020202,0,0.050505,0.61616,0.31313,140.18,Savaş öncesi
Umman,2025-11-13,99,0.94949,62.055,79.367,91.018,118.96,0,0.010101,0,0.040404,0.72727,0.22222,119.93,Savaş öncesi
Umman,2025-11-14,99,0.9798,45.92,81.63,92.387,92.41,0,0.010101,0,0.010101,0.66667,0.31313,92.41,Savaş öncesi
Umman,2025-11-15,99,1,18.24,64.961,64.961,64.99,0,0,0,0,0.65657,0.34343,64.99,Savaş öncesi
Umman,2025-11-16,99,1,18.74,109.12,109.12,109.17,0,0,0,0,0.57576,0.42424,109.17,Savaş öncesi
Umman,2025-11-17,99,0.9596,46.84,109.4,122.73,122.7,0,0.030303,0,0.010101,0.63636,0.32323,124.11,Savaş öncesi
Umman,2025-11-18,99,0.9697,62.95,65.27,84.553,103.38,0,0.010101,0,0.020202,0.70707,0.26263,105.21,Savaş öncesi
Umman,2025-11-19,99,0.87879,52.47,69.594,75.93,75.91,0,0.050505,0,0.070707,0.58586,0.29293,80.91,Savaş öncesi
Umman,2025-11-20,99,0.9899,28.995,125.29,130.06,130.05,0,0.010101,0,0,0.67677,0.31313,131.55,Savaş öncesi
Umman,2025-11-21,99,1,7.3,121.26,121.26,121.27,0,0,0,0,0.61616,0.38384,121.27,Savaş öncesi
Umman,2025-11-22,99,1,38.84,166.3,168.68,168.67,0,0,0,0,0.66667,0.33333,168.67,Savaş öncesi
Umman,2025-11-23,99,0.90909,58.355,84.307,95.585,109.92,0,0.020202,0,0.070707,0.59596,0.31313,155.05,Savaş öncesi
Umman,2025-11-24,99,0.93939,58.16,53.418,56.172,66.08,0,0.010101,0,0.050505,0.69697,0.24242,73.62,Savaş öncesi
Umman,2025-11-25,99,0.93939,38.62,64.748,67.771,67.76,0,0.050505,0,0.010101,0.63636,0.30303,71.4,Savaş öncesi
Umman,2025-11-26,99,1,6.74,93.852,93.852,93.87,0,0,0,0,0.64646,0.35354,93.87,Savaş öncesi
Umman,2025-11-27,99,1,29.25,82.331,88.099,88.05,0,0,0,0,0.64646,0.35354,88.05,Savaş öncesi
Umman,2025-11-28,99,0.94949,52.9,106.49,115.97,115.95,0,0.030303,0,0.020202,0.62626,0.32323,157.85,Savaş öncesi
Umman,2025-11-29,99,0.9697,62.22,58.065,84.291,85.71,0,0.010101,0,0.020202,0.66667,0.30303,86.99,Savaş öncesi
Umman,2025-11-30,99,0.9798,46.41,122.26,130.88,130.88,0,0.010101,0,0.010101,0.64646,0.33333,130.88,Savaş öncesi
Umman,2025-12-01,99,1,18.98,81.594,81.594,81.61,0,0,0,0,0.61616,0.38384,81.61,Savaş öncesi
Umman,2025-12-02,99,1,17.95,167.68,167.68,167.66,0,0,0,0,0.62626,0.37374,167.66,Savaş öncesi
Umman,2025-12-03,99,0.9697,46.36,133.79,146.05,146.03,0,0.030303,0,0,0.65657,0.31313,148.12,Savaş öncesi
Umman,2025-12-04,99,0.73737,62.62,46.532,53.119,57.07,0,0.020202,0.17172,0.070707,0.56566,0.17172,65.92,Savaş öncesi
Umman,2025-12-05,99,0.94949,52.855,63.676,78.872,78.89,0,0.010101,0,0.040404,0.69697,0.25253,79.64,Savaş öncesi
Umman,2025-12-06,99,0.9899,29.575,142.8,142.8,142.81,0,0.010101,0,0,0.68687,0.30303,145.89,Savaş öncesi
Umman,2025-12-07,99,1,7.18,86.707,86.707,86.69,0,0,0,0,0.65657,0.34343,86.69,Savaş öncesi
Umman,2025-12-08,99,0.9697,38.44,88.898,93.041,93.04,0,0.020202,0,0.010101,0.64646,0.32323,95.99,Savaş öncesi
Umman,2025-12-09,99,0.91919,58.01,110.41,113.93,121.01,0,0.020202,0.020202,0.040404,0.65657,0.26263,128.83,Savaş öncesi
Umman,2025-12-10,99,0.91919,58.08,86.663,104.04,105.25,0,0.030303,0,0.050505,0.59596,0.32323,108.39,Savaş öncesi
Umman,2025-12-11,99,0.9798,38.88,72.507,73.488,73.48,0,0,0,0.020202,0.61616,0.36364,73.48,Savaş öncesi
Umman,2025-12-12,99,1,7.43,75.782,75.782,75.8,0,0,0,0,0.63636,0.36364,75.8,Savaş öncesi
Umman,2025-12-13,99,1,28.7,110.21,112.03,112.03,0,0,0,0,0.60606,0.39394,112.03,Savaş öncesi
Umman,2025-12-14,99,0.93939,52.55,188.5,192.66,192.67,0,0.020202,0,0.040404,0.61616,0.32323,195.04,Savaş öncesi
Umman,2025-12-15,99,0.92929,62.42,120.45,127.5,256.34,0,0.010101,0.020202,0.040404,0.71717,0.21212,257.49,Savaş öncesi
Umman,2025-12-16,99,0.9596,46.71,89.571,90.184,90.18,0,0,0,0.040404,0.75758,0.20202,91.6,Savaş öncesi
Umman,2025-12-17,99,0.67677,17.48,30.989,30.989,31.02,0,0,0.32323,0,0.51515,0.16162,31.02,Savaş öncesi
Umman,2025-12-18,99,0.89899,16.46,59.363,59.363,59.37,0,0,0.10101,0,0.61616,0.28283,59.37,Savaş öncesi
Umman,2025-12-19,99,0.70707,46.16,17.946,21.633,21.65,0,0.020202,0.25253,0.020202,0.63636,0.070707,23.19,Savaş öncesi
Umman,2025-12-20,99,0.83838,62.47,41.893,64.573,74.29,0,0.020202,0.070707,0.070707,0.61616,0.22222,76.71,Savaş öncesi
Umman,2025-12-21,99,0.93939,53.22,65.573,81.08,81.09,0,0.040404,0,0.020202,0.65657,0.28283,82.38,Savaş öncesi
Umman,2025-12-22,99,1,30.12,80.902,85.049,85.05,0,0,0,0,0.68687,0.31313,85.05,Savaş öncesi
Umman,2025-12-23,99,1,7.12,60.905,60.905,60.85,0,0,0,0,0.61616,0.38384,60.85,Savaş öncesi
Umman,2025-12-24,99,0.56566,37.275,15.86,27.427,27.44,0,0.010101,0.40404,0.020202,0.46465,0.10101,28.48,Savaş öncesi
Umman,2025-12-25,99,0.92929,57.8,48.635,63.224,77.01,0,0,0.020202,0.050505,0.69697,0.23232,79.95,Savaş öncesi
Umman,2025-12-26,99,0.89899,58.36,49.548,57.149,58.67,0,0,0.010101,0.090909,0.65657,0.24242,60.51,Savaş öncesi
Umman,2025-12-27,99,0.84848,39.535,48.492,48.492,48.45,0,0.020202,0.11111,0.020202,0.61616,0.23232,51.26,Savaş öncesi
Umman,2025-12-28,99,1,7.89,73.155,73.155,73.17,0,0,0,0,0.67677,0.32323,73.17,Savaş öncesi
Umman,2025-12-29,99,0.9899,28.28,63.692,63.692,63.7,0,0.010101,0,0,0.67677,0.31313,65.24,Savaş öncesi
Umman,2025-12-30,99,0.92929,52.23,84.266,87.961,88,0,0.030303,0,0.040404,0.62626,0.30303,92.04,Savaş öncesi
Umman,2025-12-31,99,0.9697,62.48,50.1,59.192,78.81,0,0,0,0.030303,0.75758,0.21212,84.14,Savaş öncesi
Umman,2026-01-01,99,0.9596,46.91,56.347,63.39,63.38,0,0.030303,0,0.010101,0.69697,0.26263,63.38,Savaş öncesi
Umman,2026-01-02,99,1,19.83,71.675,71.675,71.68,0,0,0,0,0.62626,0.37374,71.68,Savaş öncesi
Umman,2026-01-03,99,1,17.04,64.781,64.781,64.8,0,0,0,0,0.69697,0.30303,64.8,Savaş öncesi
Umman,2026-01-04,99,0.9697,45.81,54.208,58.037,58.01,0,0.010101,0,0.020202,0.66667,0.30303,59.57,Savaş öncesi
Umman,2026-01-05,99,0.93939,62.44,46.828,69.743,95.96,0,0.030303,0,0.030303,0.68687,0.25253,103.19,Savaş öncesi
Umman,2026-01-06,99,0.89899,53.28,130.02,141.3,141.3,0,0.050505,0,0.050505,0.60606,0.29293,145.06,Savaş öncesi
Umman,2026-01-07,99,0.9899,30.245,104.66,106.04,0,0,0.010101,0,0,0.64646,0.34343,,Savaş öncesi
Umman,2026-01-08,99,1,6.88,139.13,139.13,139.13,0,0,0,0,0.61616,0.38384,139.13,Savaş öncesi
Umman,2026-01-09,99,0.9798,37.99,90.726,90.726,90.7,0,0.010101,0,0.010101,0.62626,0.35354,90.7,Savaş öncesi
Umman,2026-01-10,99,0,,,,,1,0,0,0,0,0,114.75,Savaş öncesi
Umman,2026-01-11,99,0,,,,,1,0,0,0,0,0,108.82,Savaş öncesi
Umman,2026-01-12,99,0,,,,,1,0,0,0,0,0,106.55,Savaş öncesi
Umman,2026-01-13,99,0,,,,,1,0,0,0,0,0,97.29,Savaş öncesi
Umman,2026-01-14,99,0,,,,,1,0,0,0,0,0,111.29,Savaş öncesi
Umman,2026-01-15,99,0.78788,51.375,96.561,103.44,103.45,0,0.040404,0.13131,0.040404,0.53535,0.25253,107.64,Savaş öncesi
Umman,2026-01-16,99,0.94949,62.23,73.246,78.193,123.21,0,0.010101,0,0.040404,0.70707,0.24242,124.59,Savaş öncesi
Umman,2026-01-17,99,0.9697,47.08,75.674,81.363,81.38,0,0.020202,0,0.010101,0.70707,0.26263,81.38,Savaş öncesi
Umman,2026-01-18,99,1,20.07,79.714,79.714,79.71,0,0,0,0,0.60606,0.39394,79.71,Savaş öncesi
Umman,2026-01-19,99,1,16.88,114.07,114.07,114.1,0,0,0,0,0.64646,0.35354,114.1,Savaş öncesi
Umman,2026-01-20,99,1,45.77,90.502,96.977,97,0,0,0,0,0.67677,0.32323,97,Savaş öncesi
Umman,2026-01-21,99,0.94949,62.355,95.917,115.61,122.33,0,0.030303,0,0.020202,0.67677,0.27273,125.93,Savaş öncesi
Umman,2026-01-22,99,0.9798,53.32,91.084,116.03,116.04,0,0.010101,0,0.010101,0.70707,0.27273,116.04,Savaş öncesi
Umman,2026-01-23,99,1,30.55,68.058,70.365,70.38,0,0,0,0,0.68687,0.31313,70.38,Savaş öncesi
Umman,2026-01-24,99,0.82828,6.21,49.432,49.432,49.43,0,0,0.17172,0,0.51515,0.31313,49.96,Savaş öncesi
Umman,2026-01-25,99,0.94949,38.04,64.168,70.057,70.06,0,0.010101,0.040404,0,0.64646,0.30303,70.06,Savaş öncesi
Umman,2026-01-26,99,0.9596,57.73,60.566,75.593,82.67,0,0.010101,0,0.030303,0.67677,0.28283,84.22,Savaş öncesi
Umman,2026-01-27,99,0.86869,58.785,60.883,64.458,65.22,0,0.030303,0,0.10101,0.57576,0.29293,78,Savaş öncesi
Umman,2026-01-28,99,0.91919,39.69,47.42,52.284,52.29,0,0,0.060606,0.020202,0.68687,0.23232,52.29,Savaş öncesi
Umman,2026-01-29,99,1,8.2,67.813,67.813,67.82,0,0,0,0,0.63636,0.36364,67.82,Savaş öncesi
Umman,2026-01-30,99,1,28.07,83.135,83.473,83.48,0,0,0,0,0.61616,0.38384,83.48,Savaş öncesi
Umman,2026-01-31,99,0.94949,52.17,86.568,105.39,105.36,0,0.030303,0,0.020202,0.60606,0.34343,114.07,Savaş öncesi
Umman,2026-02-01,99,0.9596,62.18,60.32,73.006,115.19,0,0,0,0.040404,0.68687,0.27273,119.73,Savaş öncesi
Umman,2026-02-02,99,0.94949,46.975,106.64,135.16,135.18,0,0.010101,0,0.040404,0.64646,0.30303,135.18,Savaş öncesi
Umman,2026-02-03,99,0.9798,20.22,78.154,78.154,78.15,0,0,0.020202,0,0.64646,0.33333,78.15,Savaş öncesi
Umman,2026-02-04,99,1,16.94,133.09,133.09,133.03,0,0,0,0,0.61616,0.38384,133.03,Savaş öncesi
Umman,2026-02-05,99,1,45.83,99.66,116.89,116.88,0,0,0,0,0.66667,0.33333,116.88,Savaş öncesi
Umman,2026-02-06,99,0.66667,62.61,53.92,57.551,183.61,0,0,0.22222,0.11111,0.50505,0.16162,186.14,Savaş öncesi
Umman,2026-02-07,99,0.67677,53.96,76.024,76.024,76,0,0.050505,0.20202,0.070707,0.50505,0.17172,76.86,Savaş öncesi
Umman,2026-02-08,99,0.9899,30.36,126.32,127.79,127.77,0,0.010101,0,0,0.62626,0.36364,127.77,Savaş öncesi
Umman,2026-02-09,99,0.88889,6.81,79.726,79.726,79.72,0,0,0.11111,0,0.54545,0.34343,79.72,Savaş öncesi
Umman,2026-02-10,99,0.9899,37.945,139.97,142.39,142.37,0,0.010101,0,0,0.62626,0.36364,142.37,Savaş öncesi
Umman,2026-02-11,99,0.92929,57.81,100.43,154.54,176.97,0,0.020202,0,0.050505,0.64646,0.28283,179.74,Savaş öncesi
Umman,2026-02-12,99,0.94949,58.505,72.923,113.09,121.63,0,0.010101,0,0.040404,0.65657,0.29293,123.83,Savaş öncesi
Umman,2026-02-13,99,0.9798,39.4,101.69,124.71,124.73,0,0.010101,0,0.010101,0.64646,0.33333,124.73,Savaş öncesi
Umman,2026-02-14,99,1,8.05,124.96,124.96,124.97,0,0,0,0,0.59596,0.40404,124.97,Savaş öncesi
Umman,2026-02-15,99,1,28.26,113.81,118.51,118.53,0,0,0,0,0.66667,0.33333,118.53,Savaş öncesi
Umman,2026-02-16,99,0.92929,52.44,117.9,125.35,125.36,0,0.040404,0,0.030303,0.56566,0.36364,130.06,Savaş öncesi
Umman,2026-02-17,99,0.9697,62.365,141.4,187.36,238.64,0,0.020202,0,0.010101,0.66667,0.30303,240.04,Savaş öncesi
Umman,2026-02-18,99,0.9899,47.01,90.671,112.28,112.32,0,0.010101,0,0,0.71717,0.27273,115.03,Savaş öncesi
Umman,2026-02-19,99,1,19.86,110.24,110.24,110.24,0,0,0,0,0.64646,0.35354,110.24,Savaş öncesi
Umman,2026-02-20,99,1,17.16,120.75,120.75,120.77,0,0,0,0,0.64646,0.35354,120.77,Savaş öncesi
Umman,2026-02-21,99,0.9899,45.955,102.15,107.4,107.38,0,0.010101,0,0,0.67677,0.31313,109.7,Savaş öncesi
Umman,2026-02-22,99,0.93939,62.56,111.86,133.19,159.36,0,0.010101,0,0.050505,0.67677,0.26263,166.18,Savaş öncesi
Umman,2026-02-23,99,0.87879,53.22,97.084,103.94,103.91,0,0.040404,0,0.080808,0.63636,0.24242,118.07,Savaş öncesi
Umman,2026-02-24,99,0.9798,29.98,84.035,87.788,87.79,0,0.020202,0,0,0.64646,0.33333,100.2,Savaş öncesi
Umman,2026-02-25,99,1,7.06,94.473,94.473,94.47,0,0,0,0,0.62626,0.37374,94.47,Savaş öncesi
Umman,2026-02-26,99,0.9899,38.005,72.176,72.176,72.17,0,0,0,0.010101,0.62626,0.36364,72.17,Savaş öncesi
Umman,2026-02-27,99,0.92929,57.965,65.729,83.163,87.96,0,0.010101,0,0.060606,0.63636,0.29293,90.17,Savaş öncesi
Umman,2026-02-28,99,0.89899,58.64,86.28,134.26,138.84,0,0,0,0.10101,0.64646,0.25253,149.72,geçiş
Umman,2026-03-01,99,0.9899,39.275,102.62,152.89,152.89,0,0.010101,0,0,0.69697,0.29293,157.91,geçiş
Umman,2026-03-02,99,1,7.72,89.563,89.563,89.6,0,0,0,0,0.63636,0.36364,89.6,1. kapanma
Umman,2026-03-03,99,0.9798,28.5,117.57,117.57,119.37,0,0.020202,0,0,0.69697,0.28283,121.16,1. kapanma
Umman,2026-03-04,99,0.9596,52.56,97.559,129.76,129.79,0,0,0,0.040404,0.64646,0.31313,135.57,1. kapanma
Umman,2026-03-05,99,0.9596,62.28,100.81,108.8,175.31,0,0,0,0.040404,0.69697,0.26263,175.31,1. kapanma
Umman,2026-03-06,99,0.9697,46.78,89.637,105.14,105.15,0,0.020202,0,0.010101,0.70707,0.26263,105.15,1. kapanma
Umman,2026-03-07,99,1,19.52,96.411,96.411,96.43,0,0,0,0,0.63636,0.36364,96.43,1. kapanma
Umman,2026-03-08,99,1,17.53,115.73,115.73,115.74,0,0,0,0,0.63636,0.36364,115.74,1. kapanma
Umman,2026-03-09,99,0.9596,46.16,72.401,83.494,83.5,0,0.030303,0,0.010101,0.64646,0.31313,118.65,1. kapanma
Umman,2026-03-10,99,0.93939,62.6,41.444,48.654,67.86,0,0.010101,0,0.050505,0.74747,0.19192,79.69,1. kapanma
Umman,2026-03-11,99,0.90909,53.135,62.662,87.19,87.2,0,0.020202,0,0.070707,0.67677,0.23232,102.95,1. kapanma
Umman,2026-03-12,99,0.92929,30.2,56.844,56.844,56.85,0,0.010101,0.060606,0,0.63636,0.29293,56.85,1. kapanma
Umman,2026-03-13,99,1,7.27,118.93,118.93,118.9,0,0,0,0,0.58586,0.41414,118.9,1. kapanma
Umman,2026-03-14,99,0.9798,38.28,105.59,105.59,105.59,0,0,0.010101,0.010101,0.66667,0.31313,105.59,1. kapanma
Umman,2026-03-15,99,0.91919,58.09,128.77,138.39,156.11,0,0.010101,0,0.070707,0.63636,0.28283,171.53,1. kapanma
Umman,2026-03-16,99,0.89899,58.2,81.429,95.795,104.08,0,0.040404,0,0.060606,0.66667,0.23232,113.04,1. kapanma
Umman,2026-03-17,99,0.86869,39.275,98.476,98.476,98.48,0,0.010101,0.080808,0.040404,0.59596,0.27273,99.5,1. kapanma
Umman,2026-03-18,99,0.9798,6.28,94.235,94.235,94.24,0,0,0.020202,0,0.61616,0.36364,94.24,1. kapanma
Umman,2026-03-19,99,0.85859,27.76,61.13,61.13,61.14,0,0,0.14141,0,0.52525,0.33333,69.22,1. kapanma
Umman,2026-03-20,99,0.54545,52.965,26.132,30.323,30.32,0,0.040404,0.35354,0.060606,0.34343,0.20202,30.32,1. kapanma
Umman,2026-03-21,99,0.090909,62.63,1.8413,1.8413,2.98,0,0,0.70707,0.20202,0.080808,0.010101,2.98,1. kapanma
Umman,2026-03-22,99,0.15152,45.65,2.4989,2.4989,2.5,0,0.020202,0.80808,0.020202,0.13131,0.020202,2.5,1. kapanma
Umman,2026-03-23,99,0.34343,22.745,25.17,25.17,25.15,0,0,0.65657,0,0.22222,0.12121,31.72,1. kapanma
Umman,2026-03-24,99,1,18.07,69.526,69.526,69.52,0,0,0,0,0.65657,0.34343,69.52,1. kapanma
Umman,2026-03-25,99,0.32323,47.92,18.738,20.195,20.19,0,0.010101,0.64646,0.020202,0.27273,0.050505,20.19,1. kapanma
Umman,2026-03-26,99,0.46465,61.425,7.983,9.1735,11.22,0,0.020202,0.26263,0.25253,0.41414,0.050505,11.22,1. kapanma
Umman,2026-03-27,99,0.34343,52,0.93728,4.2296,4.23,0,0.040404,0.54545,0.070707,0.33333,0.010101,4.23,1. kapanma
Umman,2026-03-28,99,0.88889,29.8,44.131,44.131,44.1,0,0,0.11111,0,0.65657,0.23232,44.1,1. kapanma
Umman,2026-03-29,99,1,7.22,66.12,66.12,0,0,0,0,0,0.65657,0.34343,,1. kapanma
Umman,2026-03-30,99,0.83838,37.58,48.593,50.599,50.6,0,0,0.15152,0.010101,0.61616,0.22222,52.33,1. kapanma
Umman,2026-03-31,99,0.69697,58.51,32.429,41.025,41.04,0,0.010101,0.22222,0.070707,0.56566,0.13131,41.63,1. kapanma
Umman,2026-04-01,99,0.9596,57.85,95.91,130.88,136.5,0,0,0,0.040404,0.59596,0.36364,136.5,1. kapanma
Umman,2026-04-02,99,0.83838,37.44,51.684,51.684,51.68,0,0.010101,0.14141,0.010101,0.59596,0.24242,53.71,1. kapanma
Umman,2026-04-03,99,0.9596,5.5,60.53,60.53,60.56,0,0,0.040404,0,0.62626,0.33333,60.56,1. kapanma
Umman,2026-04-04,99,0.88889,28.385,58.057,60.041,60.01,0,0.010101,0.10101,0,0.63636,0.25253,60.01,1. kapanma
Umman,2026-04-05,99,0.56566,53.275,35.407,40.127,40.14,0,0.040404,0.30303,0.090909,0.46465,0.10101,43.59,1. kapanma
Umman,2026-04-06,99,0.93939,62.66,40.238,53.089,59.1,0,0,0.020202,0.040404,0.70707,0.23232,68.21,1. kapanma
Umman,2026-04-07,99,0.94949,46.02,69.457,75.748,75.76,0,0.020202,0,0.030303,0.65657,0.29293,88.31,1. kapanma
Umman,2026-04-08,99,0.9798,17.57,98.183,98.183,98.17,0,0,0.020202,0,0.65657,0.32323,99.48,1. kapanma
Umman,2026-04-09,99,0.93939,18.72,64.86,64.86,64.85,0,0,0.060606,0,0.68687,0.25253,64.85,1. kapanma
Umman,2026-04-10,99,0.81818,45.42,63.88,81.78,81.76,0,0.010101,0.17172,0,0.60606,0.21212,81.76,1. kapanma
Umman,2026-04-11,99,0.79798,62.5,42.227,52.447,66.05,0,0.010101,0.10101,0.090909,0.59596,0.20202,77.46,1. kapanma
Umman,2026-04-12,99,0.63636,52.99,50.337,58.344,58.33,0,0.050505,0.25253,0.060606,0.41414,0.22222,61.32,1. kapanma
Umman,2026-04-13,99,0.9596,29,60.41,66.784,66.79,0,0.010101,0.030303,0,0.70707,0.25253,69.05,1. kapanma
Umman,2026-04-14,99,0.93939,7.76,84.657,84.657,84.65,0,0,0.060606,0,0.60606,0.33333,84.65,1. kapanma
Umman,2026-04-15,99,0.62626,39.66,41.019,41.406,41.39,0,0,0.37374,0,0.43434,0.19192,44.85,1. kapanma
Umman,2026-04-16,99,0.85859,58.7,52.564,74.52,89.12,0,0.030303,0.070707,0.040404,0.53535,0.32323,104.54,1. kapanma
Umman,2026-04-17,99,0.91919,57.71,77.953,88.953,90.41,0,0,0.030303,0.050505,0.60606,0.31313,93.03,1. kapanma
Umman,2026-04-18,99,0.9798,38.06,98.635,102.08,102.08,0,0.010101,0,0.010101,0.68687,0.29293,102.89,1. kapanma
Umman,2026-04-19,99,1,6.16,106.04,106.04,106.04,0,0,0,0,0.55556,0.44444,106.04,1. kapanma
Umman,2026-04-20,99,0.9899,29.72,111.44,113.35,113.37,0,0.010101,0,0,0.61616,0.37374,113.37,1. kapanma
Umman,2026-04-21,99,0.92929,53.24,104.48,107.11,107.11,0,0.040404,0,0.030303,0.62626,0.30303,112.77,1. kapanma
Umman,2026-04-22,99,0.93939,62.34,69.16,96.849,128.94,0,0.010101,0,0.050505,0.72727,0.21212,130.41,1. kapanma
Umman,2026-04-23,99,0.94949,45.855,118.39,126.57,126.55,0,0.040404,0,0.010101,0.66667,0.28283,128.48,1. kapanma
Umman,2026-04-24,99,1,18.24,111.51,111.51,111.52,0,0,0,0,0.70707,0.29293,111.52,1. kapanma
Umman,2026-04-25,99,0.74747,15.745,68.118,68.118,68.1,0,0,0.25253,0,0.44444,0.30303,68.1,1. kapanma
Umman,2026-04-26,99,0.9899,46.84,103.98,103.98,103.98,0,0,0,0.010101,0.69697,0.29293,103.98,1. kapanma
Umman,2026-04-27,99,0.93939,62.92,103.63,150.91,176.21,0,0.020202,0,0.040404,0.71717,0.22222,182.41,1. kapanma
Umman,2026-04-28,99,0.87879,52.54,112.5,118.12,118.11,0,0.080808,0,0.040404,0.63636,0.24242,127.28,1. kapanma
Umman,2026-04-29,99,0.9798,28.62,148.22,148.22,148.2,0,0.010101,0,0.010101,0.68687,0.29293,148.2,1. kapanma
Umman,2026-04-30,99,1,7.53,108.24,108.24,108.23,0,0,0,0,0.67677,0.32323,108.23,1. kapanma
Umman,2026-05-01,99,0.93939,39.27,85.992,85.992,86.01,0,0.050505,0,0.010101,0.63636,0.30303,89.01,1. kapanma
Umman,2026-05-02,99,0.90909,58.47,108.49,119.94,143.07,0,0.030303,0,0.060606,0.67677,0.23232,153.56,1. kapanma
Umman,2026-05-03,99,0.92929,57.775,116.5,132.58,150.2,0,0.020202,0,0.050505,0.64646,0.28283,170.53,1. kapanma
Umman,2026-05-04,99,0.93939,38.34,65.66,82.116,82.14,0,0.040404,0,0.020202,0.70707,0.23232,103.23,1. kapanma
Umman,2026-05-05,99,1,6.26,91.077,91.077,91.08,0,0,0,0,0.63636,0.36364,91.08,1. kapanma
Umman,2026-05-06,99,1,29.64,167.68,174.72,174.75,0,0,0,0,0.69697,0.30303,174.75,1. kapanma
Umman,2026-05-07,99,0.9697,53.135,100.91,103.75,103.73,0,0.020202,0,0.010101,0.67677,0.29293,106.87,1. kapanma
Umman,2026-05-08,99,0.93939,62.7,79.141,129.5,134.31,0,0.010101,0,0.050505,0.73737,0.20202,140.85,1. kapanma
Umman,2026-05-09,99,0.9697,46.01,64.624,72.892,72.88,0,0.010101,0,0.020202,0.74747,0.22222,74.06,1. kapanma
Umman,2026-05-10,99,1,18.37,101.12,101.12,101.1,0,0,0,0,0.69697,0.30303,101.1,1. kapanma
Umman,2026-05-11,99,1,18.62,109.69,109.69,109.72,0,0,0,0,0.62626,0.37374,109.72,1. kapanma
Umman,2026-05-12,99,1,46.8,138.87,146.56,146.57,0,0,0,0,0.73737,0.26263,146.57,1. kapanma
Umman,2026-05-13,99,0.9697,62.94,99.493,109.08,173.31,0,0.010101,0,0.020202,0.76768,0.20202,184.61,1. kapanma
Umman,2026-05-14,99,0.9596,52.5,77.541,80.61,80.61,0,0.020202,0,0.020202,0.72727,0.23232,80.61,1. kapanma
Umman,2026-05-15,99,1,29.06,94.273,94.985,94.95,0,0,0,0,0.71717,0.28283,94.95,1. kapanma
Umman,2026-05-16,99,1,7.47,68.823,68.823,68.81,0,0,0,0,0.69697,0.30303,68.81,1. kapanma
Umman,2026-05-17,99,1,39.01,57.474,58.546,58.56,0,0,0,0,0.73737,0.26263,58.56,1. kapanma
Umman,2026-05-18,99,0.89899,58.35,68.249,75.621,85.81,0,0.020202,0,0.080808,0.67677,0.22222,89.33,1. kapanma
Umman,2026-05-19,99,0.89899,58.04,55.848,67.786,64.96,0,0.040404,0,0.060606,0.71717,0.18182,76.56,1. kapanma
Umman,2026-05-20,99,0.9697,38.295,63.15,63.15,63.14,0,0.020202,0,0.010101,0.75758,0.21212,67.66,1. kapanma
Umman,2026-05-21,99,1,6.35,127.86,127.86,127.84,0,0,0,0,0.67677,0.32323,127.84,1. kapanma
Umman,2026-05-22,99,0.9798,29.56,110.72,110.72,110.7,0,0.020202,0,0,0.73737,0.24242,110.7,1. kapanma
Umman,2026-05-23,99,0.92929,53.13,93.299,97.109,97.06,0,0.010101,0,0.060606,0.66667,0.26263,112.89,1. kapanma
Umman,2026-05-24,99,0.93939,62.34,51.951,62.017,103.42,0,0,0,0.060606,0.75758,0.18182,151.8,1. kapanma
Umman,2026-05-25,99,0.93939,46.05,71.567,76.428,76.45,0,0.040404,0,0.020202,0.73737,0.20202,80.08,1. kapanma
Umman,2026-05-26,99,1,18.42,81.927,81.927,81.91,0,0,0,0,0.68687,0.31313,81.91,1. kapanma
Umman,2026-05-27,99,1,18.65,93.317,93.317,93.33,0,0,0,0,0.69697,0.30303,93.33,1. kapanma
Umman,2026-05-28,99,0.9899,46.845,90.72,95.156,95.16,0,0.010101,0,0,0.74747,0.24242,95.16,1. kapanma
Umman,2026-05-29,99,0.94949,62.96,68.708,109.88,129.47,0,0,0,0.050505,0.80808,0.14141,141.33,1. kapanma
Umman,2026-05-30,99,0.93939,52.58,114.81,121.84,121.86,0,0.030303,0,0.030303,0.68687,0.25253,124.15,1. kapanma
Umman,2026-05-31,99,1,29.05,89.75,89.75,89.75,0,0,0,0,0.75758,0.24242,89.75,1. kapanma
Umman,2026-06-01,99,1,7.51,81.461,81.461,81.46,0,0,0,0,0.65657,0.34343,81.46,1. kapanma
Umman,2026-06-02,99,0.9798,39.25,94.889,100.24,100.26,0,0.010101,0,0.010101,0.74747,0.23232,100.26,1. kapanma
Umman,2026-06-03,99,0.91919,58.52,50.9,76.091,101.6,0,0.020202,0,0.060606,0.75758,0.16162,109.69,1. kapanma
Umman,2026-06-04,99,0.91919,58.05,64.02,76.88,81.87,0,0,0,0.080808,0.69697,0.22222,88.32,1. kapanma
Umman,2026-06-05,99,0.9899,38.18,81.564,81.564,81.56,0,0.010101,0,0,0.75758,0.23232,81.56,1. kapanma
Umman,2026-06-06,99,1,6.29,86.109,86.109,86.13,0,0,0,0,0.67677,0.32323,86.13,1. kapanma
Umman,2026-06-07,99,1,29.68,66.241,69.768,69.76,0,0,0,0,0.76768,0.23232,69.76,1. kapanma
Umman,2026-06-08,99,0.93939,53.23,49.361,59.515,59.51,0,0.040404,0,0.020202,0.74747,0.19192,66.01,1. kapanma
Umman,2026-06-09,99,0.9798,62.36,66.927,78.874,103.32,0,0.010101,0,0.010101,0.79798,0.18182,103.32,1. kapanma
Umman,2026-06-10,99,0.93939,46.02,68.08,73.057,73.05,0,0.030303,0,0.030303,0.72727,0.21212,79.54,1. kapanma
Umman,2026-06-11,99,1,18.34,75.858,75.858,75.87,0,0,0,0,0.71717,0.28283,75.87,1. kapanma
Umman,2026-06-12,99,1,18.8,93.155,93.155,93.16,0,0,0,0,0.71717,0.28283,93.16,1. kapanma
Umman,2026-06-13,99,0.9596,46.89,82.809,99.197,99.19,0,0.030303,0,0.010101,0.74747,0.21212,99.19,1. kapanma
Umman,2026-06-14,99,0.93939,62.96,51.107,66.254,102.23,0,0.020202,0,0.040404,0.76768,0.17172,114.23,geçiş
Umman,2026-06-15,99,0.88889,52.48,99.032,115.38,115.38,0,0.060606,0,0.050505,0.62626,0.26263,121.33,geçiş
Umman,2026-06-16,99,0.9798,28.62,84.634,86.612,86.62,0,0.020202,0,0,0.72727,0.25253,86.62,geçiş
Umman,2026-06-17,99,1,7.67,106.49,106.49,106.46,0,0,0,0,0.68687,0.31313,106.46,geçiş
Umman,2026-06-18,99,0.9798,39.39,94.731,94.731,94.71,0,0.010101,0,0.010101,0.70707,0.27273,94.71,Açılış
Umman,2026-06-19,99,0.9596,58.54,164.99,213.21,215.33,0,0.020202,0,0.020202,0.70707,0.25253,218.82,Açılış
Umman,2026-06-20,99,0.92929,57.77,64.257,79.637,81.23,0,0.030303,0.010101,0.030303,0.76768,0.16162,90.07,Açılış
Umman,2026-06-21,99,0.90909,38.07,64.463,70.03,70.03,0,0.030303,0,0.060606,0.68687,0.22222,72.95,Açılış
Umman,2026-06-22,99,1,6.1,73.648,73.648,73.66,0,0,0,0,0.73737,0.26263,73.66,Açılış
Umman,2026-06-23,99,0.9899,29.835,101.64,101.64,101.65,0,0.010101,0,0,0.73737,0.25253,101.65,Açılış
Umman,2026-06-24,99,0.82828,53.31,88.684,111.11,111.12,0,0.020202,0.070707,0.080808,0.63636,0.19192,115.72,Açılış
Umman,2026-06-25,99,0.91919,62.28,54.351,81.959,81.99,0,0.010101,0.040404,0.030303,0.79798,0.12121,81.99,Açılış
Umman,2026-06-26,99,0.9596,45.98,103.7,117.75,117.77,0,0.010101,0,0.030303,0.76768,0.19192,118.79,Açılış
Umman,2026-06-27,99,0.9899,17.935,101.59,101.59,101.6,0,0,0,0.010101,0.67677,0.31313,101.6,Açılış
Umman,2026-06-28,99,1,18.77,78.997,78.997,78.98,0,0,0,0,0.68687,0.31313,78.98,Açılış
Umman,2026-06-29,99,0.9697,46.92,57.921,59.086,59.09,0,0.020202,0,0.010101,0.74747,0.22222,59.09,Açılış
Umman,2026-06-30,99,0.93939,63.02,74.643,85.548,120.26,0,0.030303,0.020202,0.010101,0.77778,0.16162,123.93,Açılış
Umman,2026-07-01,99,0.91919,52.54,86.724,88.737,88.72,0,0.030303,0,0.050505,0.68687,0.23232,89.84,Açılış
Umman,2026-07-02,99,0.9596,29.36,132.62,132.62,132.61,0,0,0.030303,0.010101,0.72727,0.23232,132.61,Açılış
Umman,2026-07-03,99,1,7.4,65.589,65.589,65.61,0,0,0,0,0.74747,0.25253,65.61,Açılış
Umman,2026-07-04,99,0.9798,39.18,93.306,93.876,93.91,0,0.020202,0,0,0.70707,0.27273,97.01,Açılış
Umman,2026-07-05,99,0.94949,58.405,75.434,85.715,89.1,0,0,0,0.050505,0.68687,0.26263,103.19,Açılış
Umman,2026-07-06,99,0.92929,57.95,95.844,120.52,119.12,0,0.010101,0,0.060606,0.69697,0.23232,126.75,Açılış
Umman,2026-07-07,99,0.9899,38.535,88.042,94.27,94.3,0,0.010101,0,0,0.70707,0.28283,94.3,Açılış
Umman,2026-07-08,99,1,6.62,64.529,64.529,64.55,0,0,0,0,0.70707,0.29293,64.55,Açılış
Umman,2026-07-09,99,0.9596,29.31,97.516,97.516,97.52,0,0.010101,0.030303,0,0.68687,0.27273,100.76,Açılış
Umman,2026-07-10,99,0.87879,52.78,59.244,65.324,65.33,0,0.010101,0,0.11111,0.63636,0.24242,77.04,Açılış
Umman,2026-07-11,99,0.94949,62.425,37.429,56.735,75.13,0,0,0,0.050505,0.76768,0.18182,75.13,geçiş
Umman,2026-07-12,99,0.86869,46.235,78.18,85.408,85.4,0,0.010101,0.10101,0.020202,0.66667,0.20202,88.68,geçiş
Umman,2026-07-13,99,0.9697,18.48,67.344,67.344,67.35,0,0,0.030303,0,0.81818,0.15152,67.35,2. kapanma
Umman,2026-07-14,99,0.9899,18.585,52.584,52.584,52.57,0,0,0.010101,0,0.79798,0.19192,52.57,2. kapanma
Umman,2026-07-15,99,0.92929,46.58,65.494,65.494,65.5,0,0,0.040404,0.030303,0.71717,0.21212,65.5,2. kapanma
Umman,2026-07-16,99,0.83838,62.73,14.501,15.399,28.14,0,0.010101,0.060606,0.090909,0.77778,0.060606,28.14,2. kapanma
Umman,2026-07-17,99,0.87879,52.6,43.487,50.82,50.83,0,0.040404,0,0.080808,0.66667,0.21212,57.06,2. kapanma
Umman,2026-07-18,99,0.9798,29.3,70.897,70.897,70.91,0,0.010101,0,0.010101,0.72727,0.25253,72.52,2. kapanma
Umman,2026-07-19,99,0.9899,7.275,51.341,51.341,51.34,0,0,0.010101,0,0.73737,0.25253,51.34,2. kapanma
Umman,2026-07-20,99,0.81818,38.83,55.097,55.097,55.08,0,0.010101,0.17172,0,0.64646,0.17172,55.08,2. kapanma
Umman,2026-07-21,99,0.83838,58.26,62.175,85.114,106.16,0,0.040404,0.060606,0.060606,0.68687,0.15152,115.12,2. kapanma
Umman,2026-07-22,99,0.87879,57.8,49.099,56.331,62.89,0,0,0.030303,0.090909,0.65657,0.22222,67.49,2. kapanma
Umman,2026-07-23,99,1,38.81,87.414,88.916,88.9,0,0,0,0,0.73737,0.26263,88.9,2. kapanma
Umman,2026-07-24,99,0.9899,7.21,94.12,94.12,94.15,0,0,0.010101,0,0.66667,0.32323,94.15,2. kapanma
Umman,2026-07-25,99,0.94949,28.64,75.92,81.106,81.09,0,0,0.050505,0,0.68687,0.26263,81.09,2. kapanma
Umman,2026-07-26,99,0.89899,52.8,82.449,87.669,87.66,0,0.020202,0.040404,0.040404,0.68687,0.21212,87.66,2. kapanma
Umman,2026-07-27,99,0.92929,62.545,80.237,103.41,133.23,0,0,0.020202,0.050505,0.71717,0.21212,137.72,2. kapanma
Umman,2026-07-28,99,0.89899,46.63,85.214,90.531,90.52,0,0.030303,0.060606,0.010101,0.68687,0.21212,91.93,2. kapanma
Umman,2026-07-29,99,0.9899,18.955,120.77,120.77,120.8,0,0,0,0.010101,0.66667,0.32323,120.8,2. kapanma
Umman,2026-07-30,99,0.9798,18.37,104.79,104.79,104.81,0,0,0.020202,0,0.65657,0.32323,104.81,2. kapanma
Umman,2026-07-31,99,0.9596,46.19,73.446,91.382,91.39,0,0.020202,0,0.020202,0.77778,0.18182,91.39,2. kapanma
Umman,2026-08-01,99,0.35354,63.31,2.4871,2.4871,2.48,0,0,0.47475,0.17172,0.33333,0.020202,3.96,2. kapanma
Umman,2026-08-02,99,0.57576,52.46,39.222,39.222,39.22,0,0.020202,0.33333,0.070707,0.50505,0.070707,39.22,2. kapanma
Umman,2026-08-03,99,0.84848,30.26,64.7,64.7,64.7,0,0,0.14141,0.010101,0.70707,0.14141,64.7,2. kapanma
Umman,2026-08-04,99,1,7.29,102.92,102.92,102.93,0,0,0,0,0.69697,0.30303,102.93,2. kapanma
Umman,2026-08-05,99,1,38.16,84.224,86.601,86.6,0,0,0,0,0.76768,0.23232,86.6,2. kapanma
Umman,2026-08-06,99,0.68687,58.725,21.566,46.714,51.16,0,0.040404,0.20202,0.070707,0.62626,0.060606,51.16,2. kapanma
Umman,2026-08-07,99,0.82828,58.56,63.397,72.339,78.79,0,0.010101,0.10101,0.060606,0.65657,0.17172,78.79,2. kapanma
Umman,2026-08-08,99,0.49495,39.02,22.776,22.776,22.77,0,0.040404,0.45455,0.010101,0.43434,0.060606,22.77,2. kapanma
Umman,2026-08-09,99,1,7.64,62.889,62.889,62.91,0,0,0,0,0.77778,0.22222,62.91,2. kapanma
Umman,2026-08-10,99,1,28.51,94.398,96.046,96.01,0,0,0,0,0.71717,0.28283,96.01,2. kapanma
Umman,2026-08-11,99,0.85859,51.73,70.958,88.836,88.83,0,0.010101,0.080808,0.050505,0.64646,0.21212,97.8,2. kapanma
Umman,2026-08-12,99,0.9697,62.35,68.651,76.173,104.54,0,0.020202,0,0.010101,0.77778,0.19192,106.6,2. kapanma
Umman,2026-08-13,99,0.9697,46.83,93.214,106.95,106.95,0,0.020202,0,0.010101,0.76768,0.20202,106.95,2. kapanma
Umman,2026-08-14,99,1,19.74,88.643,88.643,88.64,0,0,0,0,0.67677,0.32323,88.64,2. kapanma
Umman,2026-08-15,99,0.82828,17.13,58.99,58.99,58.99,0,0,0.17172,0,0.64646,0.18182,58.99,2. kapanma
Umman,2026-08-16,99,0.59596,45.91,24.479,24.479,24.48,0,0,0.36364,0.040404,0.53535,0.060606,24.48,2. kapanma
Umman,2026-08-17,99,0.84848,62.635,49.04,71.81,84.91,0,0.010101,0.050505,0.090909,0.76768,0.080808,85.82,2. kapanma
Umman,2026-08-18,99,0.87879,53.16,56.752,56.752,56.73,0,0,0,0.12121,0.73737,0.14141,64.3,2. kapanma
Umman,2026-08-19,99,0.9596,30.34,89.213,89.213,89.22,0,0,0.020202,0.020202,0.69697,0.26263,89.22,2. kapanma
Umman,2026-08-20,99,1,6.99,93.198,93.198,93.2,0,0,0,0,0.70707,0.29293,93.2,2. kapanma
Umman,2026-08-21,99,1,37.82,120.62,123.03,123.05,0,0,0,0,0.64646,0.35354,123.05,2. kapanma
Umman,2026-08-22,99,0.94949,57.745,121.83,168.27,186.96,0,0.020202,0,0.030303,0.64646,0.30303,190.79,2. kapanma
Umman,2026-08-23,99,0.89899,58.39,100.22,111.43,113.56,0,0.040404,0,0.060606,0.68687,0.21212,123.57,2. kapanma
Umman,2026-08-24,99,0.67677,38.34,99.472,99.472,99.46,0,0,0.30303,0.020202,0.51515,0.16162,99.46,2. kapanma
Umman,2026-08-25,99,0.9899,7.62,144.22,144.22,144.18,0,0,0.010101,0,0.65657,0.33333,144.18,2. kapanma
Umman,2026-08-26,99,1,28.14,114.8,114.8,114.81,0,0,0,0,0.72727,0.27273,114.81,2. kapanma
Umman,2026-08-27,99,0.93939,52.2,162.3,180.43,180.45,0,0.030303,0.010101,0.020202,0.75758,0.18182,186.35,2. kapanma
Umman,2026-08-28,99,0.73737,65.78,135.87,219.04,0,0,0.10101,0,0.16162,0.52525,0.21212,,2. kapanma
Umman,2026-08-29,99,0.9798,47.05,106.11,123.48,123.46,0,0.010101,0,0.010101,0.70707,0.27273,124.53,2. kapanma
Umman,2026-08-30,99,1,20.07,91.949,91.949,91.95,0,0,0,0,0.68687,0.31313,91.95,2. kapanma
Umman,2026-08-31,99,1,16.85,105.62,105.62,105.63,0,0,0,0,0.66667,0.33333,105.63,2. kapanma
Umman,2026-09-01,99,0.9798,45.71,100.51,108.66,108.66,0,0,0,0.020202,0.74747,0.23232,108.66,2. kapanma
Umman,2026-09-02,99,0.9899,62.28,133.49,158.17,197.08,0,0,0,0.010101,0.79798,0.19192,197.08,2. kapanma
Umman,2026-09-03,99,0.92929,53.43,82.962,89.886,89.87,0,0.030303,0,0.040404,0.77778,0.15152,95.3,2. kapanma
Umman,2026-09-04,99,1,30.63,85.052,85.052,85.06,0,0,0,0,0.78788,0.21212,85.06,2. kapanma
Umman,2026-09-05,99,1,6.62,90.989,90.989,90.98,0,0,0,0,0.65657,0.34343,90.98,2. kapanma
Umman,2026-09-06,99,0.94949,37.885,101.35,103.15,103.15,0,0.010101,0.040404,0,0.65657,0.29293,103.15,2. kapanma
Umman,2026-09-07,99,0.90909,57.625,73.167,120.15,64.78,0,0.020202,0,0.070707,0.72727,0.18182,64.78,2. kapanma
Umman,2026-09-08,99,0.88889,58.71,79.607,98.399,102.31,0,0,0,0.11111,0.67677,0.21212,109.59,2. kapanma
Umman,2026-09-09,99,1,39.57,87.875,91.954,91.94,0,0,0,0,0.76768,0.23232,91.94,2. kapanma
Umman,2026-09-10,99,1,8.43,122.67,122.67,122.68,0,0,0,0,0.72727,0.27273,122.68,2. kapanma
Umman,2026-09-11,99,1,27.83,96.435,97.744,97.73,0,0,0,0,0.71717,0.28283,97.73,2. kapanma
Umman,2026-09-12,99,0.89899,52.11,102.38,112.67,112.69,0,0.020202,0.020202,0.060606,0.68687,0.21212,113.48,2. kapanma
Umman,2026-09-13,99,0.9596,62.25,87.773,137.58,168.26,0,0,0,0.040404,0.81818,0.14141,170.72,2. kapanma
Umman,2026-09-14,99,0.92929,46.755,114.58,127.3,127.27,0,0.040404,0,0.030303,0.65657,0.27273,129.13,2. kapanma
Umman,2026-09-15,99,0.9899,20.405,108.68,108.68,108.7,0,0,0.010101,0,0.66667,0.32323,108.7,2. kapanma
Umman,2026-09-16,99,1,16.58,97.686,97.686,97.71,0,0,0,0,0.66667,0.33333,97.71,2. kapanma
Umman,2026-09-17,99,0.9798,45.56,96.133,101.81,101.79,0,0.010101,0,0.010101,0.69697,0.28283,101.79,2. kapanma
Umman,2026-09-18,99,0.93939,62.25,121.45,153.01,173.48,0,0.030303,0,0.030303,0.69697,0.24242,178.44,2. kapanma
Umman,2026-09-19,99,0.92929,53.57,97.507,105.91,105.78,0,0.020202,0,0.050505,0.67677,0.25253,105.78,2. kapanma
Umman,2026-09-20,99,0.9798,30.56,107.89,107.89,107.86,0,0.010101,0,0.010101,0.74747,0.23232,113.49,2. kapanma
Umman,2026-09-21,99,1,6.36,98.696,98.696,98.69,0,0,0,0,0.64646,0.35354,98.69,2. kapanma
Umman,2026-09-22,99,1,37.41,98.56,98.56,98.59,0,0,0,0,0.68687,0.31313,98.59,2. kapanma
Umman,2026-09-23,99,0.92929,57.55,66.996,74.462,94.26,0,0.040404,0,0.030303,0.71717,0.21212,128.16,geçiş
Umman,2026-09-24,99,0.93939,58.7,71.201,88.702,94.58,0,0,0,0.060606,0.66667,0.27273,97.98,geçiş
İran (Asaluyeh),2024-09-01,77,0.94805,54.62,158.22,160.95,177.8,0,0,0,0.051948,0.55844,0.38961,182.91,Savaş öncesi
İran (Asaluyeh),2024-09-02,77,0.97403,34.33,146.64,148.98,148.93,0,0.025974,0,0,0.63636,0.33766,148.93,Savaş öncesi
İran (Asaluyeh),2024-09-03,77,1,2.61,142.17,142.17,142.16,0,0,0,0,0.67532,0.32468,142.16,Savaş öncesi
İran (Asaluyeh),2024-09-04,77,0.98701,30.655,203.71,228.66,228.63,0,0.012987,0,0,0.57143,0.41558,228.63,Savaş öncesi
İran (Asaluyeh),2024-09-05,77,0.96104,52.89,200.66,212.32,266.43,0,0.025974,0,0.012987,0.5974,0.36364,281.92,Savaş öncesi
İran (Asaluyeh),2024-09-06,77,0.94805,59.31,310.08,361.77,412.31,0,0.012987,0,0.038961,0.5974,0.35065,448.29,Savaş öncesi
İran (Asaluyeh),2024-09-07,77,0.98701,42.085,184.6,184.6,184.63,0,0,0,0.012987,0.7013,0.28571,184.63,Savaş öncesi
İran (Asaluyeh),2024-09-08,77,1,13.96,161.5,161.5,161.47,0,0,0,0,0.7013,0.2987,161.47,Savaş öncesi
İran (Asaluyeh),2024-09-09,77,1,20.88,196.16,196.16,196.14,0,0,0,0,0.66234,0.33766,196.14,Savaş öncesi
İran (Asaluyeh),2024-09-10,77,0.92208,46.93,180.62,213.8,213.74,0,0.051948,0,0.025974,0.61039,0.31169,266.86,Savaş öncesi
İran (Asaluyeh),2024-09-11,77,0.97403,62.38,349.84,442.13,545.68,0,0,0,0.025974,0.63636,0.33766,545.68,Savaş öncesi
İran (Asaluyeh),2024-09-12,77,0.92208,48.71,246.68,263.93,263.91,0,0.064935,0,0.012987,0.58442,0.33766,277.3,Savaş öncesi
İran (Asaluyeh),2024-09-13,77,1,24.6,272.06,272.06,272.07,0,0,0,0,0.61039,0.38961,272.07,Savaş öncesi
İran (Asaluyeh),2024-09-14,77,1,9.55,235.08,235.08,235.09,0,0,0,0,0.62338,0.37662,235.09,Savaş öncesi
İran (Asaluyeh),2024-09-15,77,1,39.44,300.86,300.86,300.9,0,0,0,0,0.7013,0.2987,300.9,Savaş öncesi
İran (Asaluyeh),2024-09-16,77,0.97403,58.14,335.53,419.11,571.3,0,0,0,0.025974,0.64935,0.32468,613.21,Savaş öncesi
İran (Asaluyeh),2024-09-17,77,0.93506,54.53,252.28,252.28,311.05,0,0,0,0.064935,0.57143,0.36364,326.36,Savaş öncesi
İran (Asaluyeh),2024-09-18,77,0.98701,34.26,187.74,233.56,233.56,0,0.012987,0,0,0.68831,0.2987,246.4,Savaş öncesi
İran (Asaluyeh),2024-09-19,77,1,2.69,158.56,158.56,158.53,0,0,0,0,0.61039,0.38961,158.53,Savaş öncesi
İran (Asaluyeh),2024-09-20,77,0.97403,30.63,209.91,236.29,236.29,0,0.025974,0,0,0.67532,0.2987,261.02,Savaş öncesi
İran (Asaluyeh),2024-09-21,77,0.97403,52.8,275.6,325.41,430.04,0,0,0,0.025974,0.5974,0.37662,437.8,Savaş öncesi
İran (Asaluyeh),2024-09-22,77,0.97403,59.48,302.4,452.1,645.77,0,0.012987,0,0.012987,0.64935,0.32468,645.77,Savaş öncesi
İran (Asaluyeh),2024-09-23,77,0.94805,42.31,520.72,520.72,520.72,0,0,0,0.051948,0.55844,0.38961,523.27,Savaş öncesi
İran (Asaluyeh),2024-09-24,77,1,14.41,192.67,192.67,192.68,0,0,0,0,0.58442,0.41558,192.68,Savaş öncesi
İran (Asaluyeh),2024-09-25,77,1,20.32,165.9,165.9,165.88,0,0,0,0,0.64935,0.35065,165.88,Savaş öncesi
İran (Asaluyeh),2024-09-26,77,0.94805,46.44,208.32,233.05,233.03,0,0.038961,0,0.012987,0.62338,0.32468,282.32,Savaş öncesi
İran (Asaluyeh),2024-09-27,77,0.98701,62.36,370.65,487.23,608.16,0,0,0,0.012987,0.63636,0.35065,608.16,Savaş öncesi
İran (Asaluyeh),2024-09-28,77,0.85714,49.135,277.26,277.26,277.23,0,0.11688,0,0.025974,0.5974,0.25974,335.82,Savaş öncesi
İran (Asaluyeh),2024-09-29,77,1,25.29,324.26,324.26,324.25,0,0,0,0,0.5974,0.4026,324.25,Savaş öncesi
İran (Asaluyeh),2024-09-30,77,1,8.86,225.27,225.27,225.25,0,0,0,0,0.57143,0.42857,225.25,Savaş öncesi
İran (Asaluyeh),2024-10-01,77,0.97403,39.05,365.13,365.13,365.15,0,0,0,0.025974,0.61039,0.36364,365.15,Savaş öncesi
İran (Asaluyeh),2024-10-02,77,0.97403,57.89,298.98,444.03,543.83,0,0.012987,0,0.012987,0.5974,0.37662,556.22,Savaş öncesi
İran (Asaluyeh),2024-10-03,77,0.96104,54.815,716.48,716.48,792.5,0,0,0,0.038961,0.50649,0.45455,796.26,Savaş öncesi
İran (Asaluyeh),2024-10-04,77,1,34.69,331.17,355.1,355.13,0,0,0,0,0.58442,0.41558,355.13,Savaş öncesi
İran (Asaluyeh),2024-10-05,77,1,3.12,186.01,186.01,186,0,0,0,0,0.57143,0.42857,186,Savaş öncesi
İran (Asaluyeh),2024-10-06,77,0.97403,30.18,254.82,270.25,270.25,0,0.025974,0,0,0.58442,0.38961,283.98,Savaş öncesi
İran (Asaluyeh),2024-10-07,77,0.90909,52.62,338.52,363.16,455.44,0,0.051948,0,0.038961,0.57143,0.33766,489.74,Savaş öncesi
İran (Asaluyeh),2024-10-08,77,1,59.65,451.27,583.62,730.87,0,0,0,0,0.63636,0.36364,730.87,Savaş öncesi
İran (Asaluyeh),2024-10-09,77,1,42.61,341.11,341.11,341.09,0,0,0,0,0.63636,0.36364,341.09,Savaş öncesi
İran (Asaluyeh),2024-10-10,77,1,14.75,247.63,247.63,247.62,0,0,0,0,0.5974,0.4026,247.62,Savaş öncesi
İran (Asaluyeh),2024-10-11,77,1,20.02,195.6,195.6,195.62,0,0,0,0,0.58442,0.41558,195.62,Savaş öncesi
İran (Asaluyeh),2024-10-12,77,0.94805,46.35,289.52,334.28,334.26,0,0.038961,0,0.012987,0.62338,0.32468,365.56,Savaş öncesi
İran (Asaluyeh),2024-10-13,77,0.97403,62.34,328.12,334.96,398.39,0,0,0,0.025974,0.67532,0.2987,398.39,Savaş öncesi
İran (Asaluyeh),2024-10-14,77,0.93506,49.225,288.17,343.69,343.69,0,0.038961,0,0.025974,0.58442,0.35065,506.99,Savaş öncesi
İran (Asaluyeh),2024-10-15,77,1,25.4,281.12,281.12,281.12,0,0,0,0,0.5974,0.4026,281.12,Savaş öncesi
İran (Asaluyeh),2024-10-16,77,1,8.77,246.22,246.22,0,0,0,0,0,0.64935,0.35065,0,Savaş öncesi
İran (Asaluyeh),2024-10-17,77,0.98701,38.96,282.91,282.91,282.89,0,0,0,0.012987,0.67532,0.31169,282.89,Savaş öncesi
İran (Asaluyeh),2024-10-18,77,0.94805,57.9,147.22,166.07,338.57,0,0,0,0.051948,0.74026,0.20779,356.21,Savaş öncesi
İran (Asaluyeh),2024-10-19,77,0.97403,54.8,368.29,375.32,411.47,0,0,0,0.025974,0.50649,0.46753,416.31,Savaş öncesi
İran (Asaluyeh),2024-10-20,77,0.98701,34.665,259.02,259.02,259.04,0,0.012987,0,0,0.63636,0.35065,259.04,Savaş öncesi
İran (Asaluyeh),2024-10-21,77,1,3.06,208.08,208.08,208.01,0,0,0,0,0.58442,0.41558,208.01,Savaş öncesi
İran (Asaluyeh),2024-10-22,77,0.63636,29.93,141.49,141.49,141.5,0,0.012987,0.35065,0,0.45455,0.18182,145.82,Savaş öncesi
İran (Asaluyeh),2024-10-23,77,0.22078,52.23,7.576,7.576,7.58,0,0.012987,0.71429,0.051948,0.18182,0.038961,7.58,Savaş öncesi
İran (Asaluyeh),2024-10-24,77,0.90909,59.54,279.48,293.73,335.9,0,0.012987,0,0.077922,0.5974,0.31169,363.75,Savaş öncesi
İran (Asaluyeh),2024-10-25,77,0.98701,42.48,273.91,273.91,273.91,0,0,0,0.012987,0.5974,0.38961,273.91,Savaş öncesi
İran (Asaluyeh),2024-10-26,77,0.53247,15.08,37.462,37.462,37.47,0,0,0.46753,0,0.32468,0.20779,37.47,Savaş öncesi
İran (Asaluyeh),2024-10-27,77,1,20.27,270.72,270.72,270.66,0,0,0,0,0.55844,0.44156,270.66,Savaş öncesi
İran (Asaluyeh),2024-10-28,77,0.96104,46.53,436.59,473.59,473.63,0,0.038961,0,0,0.5974,0.36364,498.58,Savaş öncesi
İran (Asaluyeh),2024-10-29,77,0.96104,62.39,691.95,733.23,800.05,0,0,0,0.038961,0.61039,0.35065,851.63,Savaş öncesi
İran (Asaluyeh),2024-10-30,77,0.93506,49.16,275.45,326.56,326.6,0,0.064935,0,0,0.58442,0.35065,329.7,Savaş öncesi
İran (Asaluyeh),2024-10-31,77,0.98701,25.46,188.85,188.85,188.88,0,0,0.012987,0,0.5974,0.38961,188.88,Savaş öncesi
İran (Asaluyeh),2024-11-01,77,1,8.53,167.25,167.25,167.23,0,0,0,0,0.58442,0.41558,167.23,Savaş öncesi
İran (Asaluyeh),2024-11-02,77,0.98701,38.71,313.06,313.06,312.97,0,0,0,0.012987,0.58442,0.4026,312.97,Savaş öncesi
İran (Asaluyeh),2024-11-03,77,0.93506,57.65,371.33,526.02,685.68,0,0,0,0.064935,0.61039,0.32468,741.08,Savaş öncesi
İran (Asaluyeh),2024-11-04,77,0.90909,55.11,213.39,221.33,264,0,0,0,0.090909,0.55844,0.35065,309.85,Savaş öncesi
İran (Asaluyeh),2024-11-05,77,0.96104,35.36,217.8,289.02,289.02,0,0.038961,0,0,0.66234,0.2987,289.02,Savaş öncesi
İran (Asaluyeh),2024-11-06,77,1,4.09,162.68,162.68,162.67,0,0,0,0,0.63636,0.36364,162.67,Savaş öncesi
İran (Asaluyeh),2024-11-07,77,0.97403,29.25,256.95,256.95,256.93,0,0.025974,0,0,0.57143,0.4026,256.93,Savaş öncesi
İran (Asaluyeh),2024-11-08,77,0.8961,51.98,351.01,358.49,358.47,0,0.051948,0,0.051948,0.54545,0.35065,397.01,Savaş öncesi
İran (Asaluyeh),2024-11-09,77,0,,,,,1,0,0,0,0,0,786.61,Savaş öncesi
İran (Asaluyeh),2024-11-10,77,0.96104,43.51,265.66,265.66,0,0,0,0,0.038961,0.61039,0.35065,0,Savaş öncesi
İran (Asaluyeh),2024-11-11,77,1,16.33,249.81,249.81,249.81,0,0,0,0,0.58442,0.41558,249.81,Savaş öncesi
İran (Asaluyeh),2024-11-12,77,1,18.38,193.12,193.12,193.14,0,0,0,0,0.62338,0.37662,193.14,Savaş öncesi
İran (Asaluyeh),2024-11-13,77,0.96104,45.24,259.04,312.49,312.55,0,0.038961,0,0,0.63636,0.32468,339.75,Savaş öncesi
İran (Asaluyeh),2024-11-14,77,0.97403,62.4,211.72,267.84,366.45,0,0,0,0.025974,0.63636,0.33766,371.59,Savaş öncesi
İran (Asaluyeh),2024-11-15,77,0.94805,50.2,272.89,285.65,285.65,0,0.051948,0,0,0.64935,0.2987,300.29,Savaş öncesi
İran (Asaluyeh),2024-11-16,77,1,27.04,206.68,206.68,206.71,0,0,0,0,0.57143,0.42857,206.71,Savaş öncesi
İran (Asaluyeh),2024-11-17,77,1,6.78,181.09,181.09,181.06,0,0,0,0,0.53247,0.46753,181.06,Savaş öncesi
İran (Asaluyeh),2024-11-18,77,0.97403,37.58,214.14,214.14,214.12,0,0.012987,0,0.012987,0.61039,0.36364,214.12,Savaş öncesi
İran (Asaluyeh),2024-11-19,77,0.97403,57.02,221.5,274.6,358.93,0,0.012987,0,0.012987,0.62338,0.35065,369.38,Savaş öncesi
İran (Asaluyeh),2024-11-20,77,0.92208,55.73,292.16,297.96,305.46,0,0,0,0.077922,0.51948,0.4026,362.82,Savaş öncesi
İran (Asaluyeh),2024-11-21,77,0.96104,36.205,189.43,218.39,218.4,0,0.038961,0,0,0.57143,0.38961,218.4,Savaş öncesi
İran (Asaluyeh),2024-11-22,77,1,5.22,203.71,203.71,203.68,0,0,0,0,0.50649,0.49351,203.68,Savaş öncesi
İran (Asaluyeh),2024-11-23,77,0.97403,28.51,197.67,197.67,197.71,0,0.025974,0,0,0.63636,0.33766,211.31,Savaş öncesi
İran (Asaluyeh),2024-11-24,77,0.7013,51.42,73.022,77.223,77.22,0,0.090909,0.15584,0.051948,0.50649,0.19481,100.27,Savaş öncesi
İran (Asaluyeh),2024-11-25,77,0.92208,60.42,97.169,97.169,168.37,0,0.012987,0,0.064935,0.74026,0.18182,177.36,Savaş öncesi
İran (Asaluyeh),2024-11-26,77,0.96104,43.885,10.999,12.044,12.05,0,0,0.025974,0.012987,0.84416,0.11688,12.05,Savaş öncesi
İran (Asaluyeh),2024-11-27,77,0.61039,17.15,30.88,30.88,30.9,0,0,0.38961,0,0.42857,0.18182,30.9,Savaş öncesi
İran (Asaluyeh),2024-11-28,77,1,18.07,196.16,196.16,196.16,0,0,0,0,0.62338,0.37662,196.16,Savaş öncesi
İran (Asaluyeh),2024-11-29,77,0.97403,45.11,237.83,277.67,277.67,0,0.025974,0,0,0.5974,0.37662,277.67,Savaş öncesi
İran (Asaluyeh),2024-11-30,77,0.98701,61.945,294.49,337.75,408.91,0,0,0,0.012987,0.62338,0.36364,408.91,Savaş öncesi
İran (Asaluyeh),2024-12-01,77,0.84416,50.26,224.49,224.49,224.46,0,0.11688,0,0.038961,0.50649,0.33766,253.09,Savaş öncesi
İran (Asaluyeh),2024-12-02,77,1,27.1,202.44,202.44,202.43,0,0,0,0,0.5974,0.4026,202.43,Savaş öncesi
İran (Asaluyeh),2024-12-03,77,1,6.65,83.879,83.879,83.87,0,0,0,0,0.7013,0.2987,83.87,Savaş öncesi
İran (Asaluyeh),2024-12-04,77,0.97403,37.52,180.03,180.03,180.03,0,0.025974,0,0,0.53247,0.44156,182.66,Savaş öncesi
İran (Asaluyeh),2024-12-05,77,0.98701,57.895,221.67,249.34,353.03,0,0.012987,0,0,0.64935,0.33766,353.03,Savaş öncesi
İran (Asaluyeh),2024-12-06,77,0.92208,55.64,246.46,261.96,283.54,0,0.012987,0,0.064935,0.55844,0.36364,324,Savaş öncesi
İran (Asaluyeh),2024-12-07,77,0.98701,36.16,186.27,222.18,222.19,0,0.012987,0,0,0.61039,0.37662,222.19,Savaş öncesi
İran (Asaluyeh),2024-12-08,77,1,5.19,131.52,131.52,131.51,0,0,0,0,0.63636,0.36364,131.51,Savaş öncesi
İran (Asaluyeh),2024-12-09,77,0.98701,28.51,162.67,162.67,162.66,0,0.012987,0,0,0.53247,0.45455,162.66,Savaş öncesi
İran (Asaluyeh),2024-12-10,77,0.8961,51.62,252.51,252.51,252.49,0,0.077922,0,0.025974,0.64935,0.24675,266.21,Savaş öncesi
İran (Asaluyeh),2024-12-11,77,0.93506,60.33,199.47,207.7,288.46,0,0.025974,0,0.038961,0.61039,0.32468,328.75,Savaş öncesi
İran (Asaluyeh),2024-12-12,77,0.97403,43.76,196.5,234.1,234.11,0,0,0,0.025974,0.7013,0.27273,234.11,Savaş öncesi
İran (Asaluyeh),2024-12-13,77,1,16.54,76.819,76.819,76.83,0,0,0,0,0.76623,0.23377,76.83,Savaş öncesi
İran (Asaluyeh),2024-12-14,77,1,18.25,153.29,153.29,153.27,0,0,0,0,0.68831,0.31169,153.27,Savaş öncesi
İran (Asaluyeh),2024-12-15,77,0.98701,45.24,279.72,289.17,289.2,0,0,0,0.012987,0.64935,0.33766,289.2,Savaş öncesi
İran (Asaluyeh),2024-12-16,77,0.94805,61.63,420.23,465.55,570.64,0,0.012987,0,0.038961,0.66234,0.28571,576.84,Savaş öncesi
İran (Asaluyeh),2024-12-17,77,0.93506,50.19,204.27,273.8,273.78,0,0.038961,0,0.025974,0.62338,0.31169,301.62,Savaş öncesi
İran (Asaluyeh),2024-12-18,77,1,26.9,147.91,147.91,147.91,0,0,0,0,0.63636,0.36364,147.91,Savaş öncesi
İran (Asaluyeh),2024-12-19,77,1,6.99,100.91,100.91,100.91,0,0,0,0,0.57143,0.42857,100.91,Savaş öncesi
İran (Asaluyeh),2024-12-20,77,0.96104,37.715,221.47,221.47,221.49,0,0.012987,0,0.025974,0.57143,0.38961,221.49,Savaş öncesi
İran (Asaluyeh),2024-12-21,77,0.98701,57.58,274.92,363.89,434.3,0,0.012987,0,0,0.61039,0.37662,434.3,Savaş öncesi
İran (Asaluyeh),2024-12-22,77,0.92208,55.52,204.79,204.79,236.94,0,0,0,0.077922,0.58442,0.33766,261.49,Savaş öncesi
İran (Asaluyeh),2024-12-23,77,0.98701,35.88,159.72,188.11,188.11,0,0.012987,0,0,0.5974,0.38961,188.11,Savaş öncesi
İran (Asaluyeh),2024-12-24,77,1,4.77,101.19,101.19,101.23,0,0,0,0,0.63636,0.36364,101.23,Savaş öncesi
İran (Asaluyeh),2024-12-25,77,1,28.86,121.61,121.61,121.63,0,0,0,0,0.66234,0.33766,121.63,Savaş öncesi
İran (Asaluyeh),2024-12-26,77,0.90909,51.805,277.08,298.79,298.83,0,0.051948,0,0.038961,0.5974,0.31169,378.87,Savaş öncesi
İran (Asaluyeh),2024-12-27,77,0.85714,60.095,110.14,118.05,176.93,0,0.025974,0.038961,0.077922,0.67532,0.18182,241.24,Savaş öncesi
İran (Asaluyeh),2024-12-28,77,0.7013,41.845,127.55,127.55,127.54,0,0.012987,0.27273,0.012987,0.42857,0.27273,133.73,Savaş öncesi
İran (Asaluyeh),2024-12-29,77,0.2987,16.73,7.3325,7.3325,7.33,0,0,0.7013,0,0.22078,0.077922,28.29,Savaş öncesi
İran (Asaluyeh),2024-12-30,77,0,,,,,0,0,1,0,0,0,0,Savaş öncesi
İran (Asaluyeh),2024-12-31,77,0.8961,45.64,10.087,10.087,10.09,0,0,0.064935,0.038961,0.87013,0.025974,10.09,Savaş öncesi
İran (Asaluyeh),2025-01-01,77,0.94805,62.06,303.91,324.17,470.7,0,0,0,0.051948,0.62338,0.32468,542.43,Savaş öncesi
İran (Asaluyeh),2025-01-02,77,0.97403,49.81,252.31,329.29,324.24,0,0.012987,0,0.012987,0.62338,0.35065,324.24,Savaş öncesi
İran (Asaluyeh),2025-01-03,77,1,26.39,309.17,309.17,309.23,0,0,0,0,0.54545,0.45455,309.23,Savaş öncesi
İran (Asaluyeh),2025-01-04,77,1,7.6,145.1,145.1,145.09,0,0,0,0,0.53247,0.46753,145.09,Savaş öncesi
İran (Asaluyeh),2025-01-05,77,1,38.2,216.72,216.72,216.7,0,0,0,0,0.61039,0.38961,216.7,Savaş öncesi
İran (Asaluyeh),2025-01-06,77,0.012987,67.63,0,0,0,0,0,0.68831,0.2987,0.012987,0,11.4,Savaş öncesi
İran (Asaluyeh),2025-01-07,77,0.4026,55.42,44.187,55.135,67.52,0,0,0.53247,0.064935,0.31169,0.090909,85.68,Savaş öncesi
İran (Asaluyeh),2025-01-08,77,0.064935,32.8,0,0,0,0,0.038961,0.8961,0,0.064935,0,0,Savaş öncesi
İran (Asaluyeh),2025-01-09,77,1,3.97,97.966,97.966,97.99,0,0,0,0,0.54545,0.45455,97.99,Savaş öncesi
İran (Asaluyeh),2025-01-10,77,0.94805,29.5,155.53,191.67,191.69,0,0.051948,0,0,0.55844,0.38961,210.1,Savaş öncesi
İran (Asaluyeh),2025-01-11,77,0.45455,52.1,35.566,35.566,35.55,0,0.1039,0.27273,0.16883,0.37662,0.077922,78.36,Savaş öncesi
İran (Asaluyeh),2025-01-12,77,0.80519,59.71,169.4,264.57,264.55,0,0.012987,0.077922,0.1039,0.49351,0.31169,284.45,Savaş öncesi
İran (Asaluyeh),2025-01-13,77,1,42.96,163.02,163.02,163.05,0,0,0,0,0.64935,0.35065,163.05,Savaş öncesi
İran (Asaluyeh),2025-01-14,77,1,15.26,126.76,126.76,126.78,0,0,0,0,0.58442,0.41558,126.78,Savaş öncesi
İran (Asaluyeh),2025-01-15,77,0.87013,19.77,78.379,78.379,78.34,0,0,0.12987,0,0.66234,0.20779,78.34,Savaş öncesi
İran (Asaluyeh),2025-01-16,77,0.93506,46.15,109.39,156.28,156.28,0,0.064935,0,0,0.72727,0.20779,158.16,Savaş öncesi
İran (Asaluyeh),2025-01-17,77,0.96104,62.225,255.61,276.74,338.78,0,0.012987,0,0.025974,0.71429,0.24675,349.86,Savaş öncesi
İran (Asaluyeh),2025-01-18,77,0.90909,49.35,187.43,267.05,267.05,0,0.051948,0,0.038961,0.63636,0.27273,278.64,Savaş öncesi
İran (Asaluyeh),2025-01-19,77,1,25.53,179.24,179.24,179.24,0,0,0,0,0.57143,0.42857,179.24,Savaş öncesi
İran (Asaluyeh),2025-01-20,77,1,8.63,149.41,149.41,149.41,0,0,0,0,0.58442,0.41558,149.41,Savaş öncesi
İran (Asaluyeh),2025-01-21,77,1,38.97,209.43,209.43,209.39,0,0,0,0,0.62338,0.37662,209.39,Savaş öncesi
İran (Asaluyeh),2025-01-22,77,0.92208,58.78,185.29,244.62,386.34,0,0.012987,0.012987,0.051948,0.61039,0.31169,397.38,Savaş öncesi
İran (Asaluyeh),2025-01-23,77,0.96104,54.76,230.19,230.19,279.75,0,0.012987,0,0.025974,0.5974,0.36364,312.29,Savaş öncesi
İran (Asaluyeh),2025-01-24,77,0.94805,34.57,154.6,158.87,158.87,0,0.051948,0,0,0.54545,0.4026,169.54,Savaş öncesi
İran (Asaluyeh),2025-01-25,77,1,2.82,146.7,146.7,146.72,0,0,0,0,0.51948,0.48052,146.72,Savaş öncesi
İran (Asaluyeh),2025-01-26,77,0,,,,,0,0.038961,0.96104,0,0,0,0,Savaş öncesi
İran (Asaluyeh),2025-01-27,77,0.83117,52.815,142.93,142.93,172.41,0,0.051948,0.025974,0.090909,0.61039,0.22078,196.29,Savaş öncesi
İran (Asaluyeh),2025-01-28,77,0.96104,59.36,293.04,372.3,460.21,0,0,0,0.038961,0.55844,0.4026,460.21,Savaş öncesi
İran (Asaluyeh),2025-01-29,77,0.2987,42.61,0,0,0,0,0,0.66234,0.038961,0.2987,0,0,Savaş öncesi
İran (Asaluyeh),2025-01-30,77,1,14.23,143.96,143.96,143.88,0,0,0,0,0.53247,0.46753,143.88,Savaş öncesi
İran (Asaluyeh),2025-01-31,77,1,20.51,185.95,185.95,185.91,0,0,0,0,0.49351,0.50649,185.91,Savaş öncesi
İran (Asaluyeh),2025-02-01,77,0.90909,46.57,111.04,118.07,118.08,0,0.025974,0.051948,0.012987,0.74026,0.16883,118.08,Savaş öncesi
İran (Asaluyeh),2025-02-02,77,0.98701,62.38,381.05,405.46,388.68,0,0,0,0.012987,0.57143,0.41558,388.68,Savaş öncesi
İran (Asaluyeh),2025-02-03,77,0.54545,49.34,20.599,20.599,20.59,0,0.025974,0.42857,0,0.44156,0.1039,20.59,Savaş öncesi
İran (Asaluyeh),2025-02-04,77,1,25.15,135.15,135.15,135.17,0,0,0,0,0.5974,0.4026,135.17,Savaş öncesi
İran (Asaluyeh),2025-02-05,77,0,,,,,0,0,1,0,0,0,0,Savaş öncesi
İran (Asaluyeh),2025-02-06,77,0,,,,,0,0,1,0,0,0,0,Savaş öncesi
İran (Asaluyeh),2025-02-07,77,0.98701,57.975,10.55,10.55,79.77,0,0.012987,0,0,0.96104,0.025974,79.77,Savaş öncesi
İran (Asaluyeh),2025-02-08,77,0.92208,54.84,250.09,250.09,263.77,0,0,0,0.077922,0.46753,0.45455,274.53,Savaş öncesi
İran (Asaluyeh),2025-02-09,77,0.96104,34.63,153.64,195.41,195.4,0,0.038961,0,0,0.63636,0.32468,214.16,Savaş öncesi
İran (Asaluyeh),2025-02-10,77,0.36364,2.99,10.62,10.62,10.62,0,0,0.63636,0,0.31169,0.051948,11.09,Savaş öncesi
İran (Asaluyeh),2025-02-11,77,0.94805,30.31,34.811,48.676,48.67,0,0.038961,0.012987,0,0.81818,0.12987,48.67,Savaş öncesi
İran (Asaluyeh),2025-02-12,77,0.064935,54.01,0,0,0,0,0.1039,0.72727,0.1039,0.064935,0,0,Savaş öncesi
İran (Asaluyeh),2025-02-13,77,0,,,,,0,0.038961,0.72727,0.23377,0,0,0,Savaş öncesi
İran (Asaluyeh),2025-02-14,77,0.50649,40.85,78.445,78.445,78.44,0,0,0.38961,0.1039,0.35065,0.15584,85,Savaş öncesi
İran (Asaluyeh),2025-02-15,77,0.025974,12.605,2.5422,2.5422,2.54,0,0,0.97403,0,0.012987,0.012987,2.54,Savaş öncesi
İran (Asaluyeh),2025-02-16,77,0,,,,,0,0,1,0,0,0,0,Savaş öncesi
İran (Asaluyeh),2025-02-17,77,0.41558,45.955,54.305,55.294,55.29,0,0.025974,0.44156,0.11688,0.31169,0.1039,76,Savaş öncesi
İran (Asaluyeh),2025-02-18,77,0.97403,62.27,324.33,391.47,409.66,0,0,0,0.025974,0.61039,0.36364,416.76,Savaş öncesi
İran (Asaluyeh),2025-02-19,77,0.24675,49.52,3.8649,3.8649,3.86,0,0.051948,0.68831,0.012987,0.22078,0.025974,3.86,Savaş öncesi
İran (Asaluyeh),2025-02-20,77,1,25.65,149.62,149.62,149.63,0,0,0,0,0.53247,0.46753,149.63,Savaş öncesi
İran (Asaluyeh),2025-02-21,77,1,8.44,105.46,105.46,105.48,0,0,0,0,0.61039,0.38961,105.48,Savaş öncesi
İran (Asaluyeh),2025-02-22,77,0.74026,38.64,38.057,38.057,38.06,0,0,0.19481,0.064935,0.61039,0.12987,39.73,Savaş öncesi
İran (Asaluyeh),2025-02-23,77,0,,,,,0,0.025974,0.83117,0.14286,0,0,0,Savaş öncesi
İran (Asaluyeh),2025-02-24,77,0.22078,53.65,39.353,39.353,39.36,0,0,0.63636,0.14286,0.16883,0.051948,67.82,Savaş öncesi
İran (Asaluyeh),2025-02-25,77,0.97403,35.01,149.77,153.47,153.45,0,0.025974,0,0,0.63636,0.33766,159.45,Savaş öncesi
İran (Asaluyeh),2025-02-26,77,0.20779,0.705,10.989,10.989,10.99,0,0,0.79221,0,0.12987,0.077922,13.41,Savaş öncesi
İran (Asaluyeh),2025-02-27,77,0.96104,29.84,164.83,187.06,187.02,0,0.038961,0,0,0.5974,0.36364,197.59,Savaş öncesi
İran (Asaluyeh),2025-02-28,77,0.85714,52.47,182.49,182.49,182.52,0,0.11688,0,0.025974,0.63636,0.22078,223.26,Savaş öncesi
İran (Asaluyeh),2025-03-01,77,0.92208,59.83,122.61,127.11,191.69,0,0.038961,0,0.038961,0.61039,0.31169,202.13,Savaş öncesi
İran (Asaluyeh),2025-03-02,77,1,42.9,192.95,192.95,192.94,0,0,0,0,0.55844,0.44156,192.94,Savaş öncesi
İran (Asaluyeh),2025-03-03,77,1,15.2,121.4,121.4,121.39,0,0,0,0,0.51948,0.48052,121.39,Savaş öncesi
İran (Asaluyeh),2025-03-04,77,0,,,,,0,0,1,0,0,0,0,Savaş öncesi
İran (Asaluyeh),2025-03-05,77,0.62338,45.85,11.499,11.499,11.51,0,0.038961,0.32468,0.012987,0.55844,0.064935,11.51,Savaş öncesi
İran (Asaluyeh),2025-03-06,77,0,,,,,0,0,0.76623,0.23377,0,0,0,Savaş öncesi
İran (Asaluyeh),2025-03-07,77,0,,,,,0,0.090909,0.88312,0.025974,0,0,0,Savaş öncesi
İran (Asaluyeh),2025-03-08,77,0.038961,22.36,0,0,0,0,0,0.96104,0,0.038961,0,0,Savaş öncesi
İran (Asaluyeh),2025-03-09,77,0.24675,7.93,0,0,0,0,0,0.75325,0,0.24675,0,0,Savaş öncesi
İran (Asaluyeh),2025-03-10,77,0.96104,38.635,82.933,82.933,82.92,0,0,0.012987,0.025974,0.75325,0.20779,82.92,Savaş öncesi
İran (Asaluyeh),2025-03-11,77,0.96104,57.675,153.71,200.99,278.04,0,0,0,0.038961,0.5974,0.36364,279.64,Savaş öncesi
İran (Asaluyeh),2025-03-12,77,0.94805,55.09,189.71,190.98,229.43,0,0.012987,0,0.038961,0.5974,0.35065,244.29,Savaş öncesi
İran (Asaluyeh),2025-03-13,77,0.98701,35.07,196.28,226.04,226.04,0,0.012987,0,0,0.64935,0.33766,226.04,Savaş öncesi
İran (Asaluyeh),2025-03-14,77,1,3.67,106.81,106.81,106.83,0,0,0,0,0.51948,0.48052,106.83,Savaş öncesi
İran (Asaluyeh),2025-03-15,77,0.98701,29.78,190.96,190.96,190.93,0,0.012987,0,0,0.55844,0.42857,191.84,Savaş öncesi
İran (Asaluyeh),2025-03-16,77,0.1039,50.7,3.0236,3.0236,3.02,0,0.090909,0.72727,0.077922,0.077922,0.025974,3.02,Savaş öncesi
İran (Asaluyeh),2025-03-17,77,0.96104,59.79,248.03,330.86,433.96,0,0,0,0.038961,0.48052,0.48052,443.23,Savaş öncesi
İran (Asaluyeh),2025-03-18,77,0.98701,42.9,242.9,242.9,242.85,0,0,0,0.012987,0.51948,0.46753,242.85,Savaş öncesi
İran (Asaluyeh),2025-03-19,77,1,15.2,146.27,146.27,146.25,0,0,0,0,0.54545,0.45455,146.25,Savaş öncesi
İran (Asaluyeh),2025-03-20,77,0.77922,19.41,32.233,32.233,32.25,0,0,0.20779,0.012987,0.62338,0.15584,32.25,Savaş öncesi
İran (Asaluyeh),2025-03-21,77,0,,,,,0,0.038961,0.93506,0.025974,0,0,0,Savaş öncesi
İran (Asaluyeh),2025-03-22,77,0,,,,,0,0,0.75325,0.24675,0,0,0,Savaş öncesi
İran (Asaluyeh),2025-03-23,77,0.96104,49.44,121.67,139.78,139.77,0,0.038961,0,0,0.66234,0.2987,147.79,Savaş öncesi
İran (Asaluyeh),2025-03-24,77,1,25.72,158.1,158.1,158.12,0,0,0,0,0.49351,0.50649,158.12,Savaş öncesi
İran (Asaluyeh),2025-03-25,77,1,8.34,158.3,158.3,158.35,0,0,0,0,0.53247,0.46753,158.35,Savaş öncesi
İran (Asaluyeh),2025-03-26,77,0.97403,38.71,162.07,162.07,162.08,0,0,0,0.025974,0.58442,0.38961,162.08,Savaş öncesi
İran (Asaluyeh),2025-03-27,77,1,57.69,224.34,275.52,480.36,0,0,0,0,0.58442,0.41558,480.36,Savaş öncesi
İran (Asaluyeh),2025-03-28,77,0.94805,54.94,222.18,225.51,263.02,0,0,0,0.051948,0.48052,0.46753,265.86,Savaş öncesi
İran (Asaluyeh),2025-03-29,77,0.94805,34.83,120.6,122.21,122.23,0,0.051948,0,0,0.68831,0.25974,123.54,Savaş öncesi
İran (Asaluyeh),2025-03-30,77,1,3.37,107.01,107.01,107.03,0,0,0,0,0.53247,0.46753,107.03,Savaş öncesi
İran (Asaluyeh),2025-03-31,77,0.53247,31.82,39.908,39.908,39.91,0,0.025974,0.44156,0,0.4026,0.12987,41.04,Savaş öncesi
İran (Asaluyeh),2025-04-01,77,0.88312,52.48,216.58,243.47,356.3,0,0.077922,0,0.038961,0.58442,0.2987,364.08,Savaş öncesi
İran (Asaluyeh),2025-04-02,77,0.90909,59.655,286.8,404.69,483.99,0,0,0,0.090909,0.57143,0.33766,483.99,Savaş öncesi
İran (Asaluyeh),2025-04-03,77,0.97403,42.67,181.74,184.95,184.93,0,0,0.012987,0.012987,0.58442,0.38961,184.93,Savaş öncesi
İran (Asaluyeh),2025-04-04,77,0.96104,14.75,105.37,105.37,105.37,0,0,0.038961,0,0.66234,0.2987,106.63,Savaş öncesi
İran (Asaluyeh),2025-04-05,77,0.98701,19.94,182.23,182.23,182.25,0,0,0.012987,0,0.57143,0.41558,182.25,Savaş öncesi
İran (Asaluyeh),2025-04-06,77,0.5974,46.22,90.86,90.86,90.87,0,0.051948,0.2987,0.051948,0.41558,0.18182,138.87,Savaş öncesi
İran (Asaluyeh),2025-04-07,77,0.97403,62.22,435.78,546.74,661.76,0,0,0,0.025974,0.55844,0.41558,691.54,Savaş öncesi
İran (Asaluyeh),2025-04-08,77,0.98701,49.185,261.85,284.98,284.94,0,0,0,0.012987,0.5974,0.38961,298.7,Savaş öncesi
İran (Asaluyeh),2025-04-09,77,1,25.28,186.95,186.95,186.98,0,0,0,0,0.58442,0.41558,186.98,Savaş öncesi
İran (Asaluyeh),2025-04-10,77,1,8.86,133.53,133.53,133.53,0,0,0,0,0.61039,0.38961,133.53,Savaş öncesi
İran (Asaluyeh),2025-04-11,77,1,39.04,145.79,145.79,145.8,0,0,0,0,0.63636,0.36364,145.8,Savaş öncesi
İran (Asaluyeh),2025-04-12,77,0.87013,58.84,130.28,171.56,225.46,0,0.012987,0.038961,0.077922,0.66234,0.20779,303.22,Savaş öncesi
İran (Asaluyeh),2025-04-13,77,0.72727,54.855,166.08,226.13,272.77,0,0,0.23377,0.038961,0.45455,0.27273,274.97,Savaş öncesi
İran (Asaluyeh),2025-04-14,77,0.8961,34.32,139.38,154.09,154.08,0,0.077922,0,0.025974,0.64935,0.24675,187.92,Savaş öncesi
İran (Asaluyeh),2025-04-15,77,1,2.74,151.39,151.39,151.36,0,0,0,0,0.5974,0.4026,151.36,Savaş öncesi
İran (Asaluyeh),2025-04-16,77,0.94805,30.5,201.48,201.48,201.49,0,0.051948,0,0,0.61039,0.33766,216,Savaş öncesi
İran (Asaluyeh),2025-04-17,77,0.85714,52.79,266.76,297.34,290.12,0,0.077922,0,0.064935,0.48052,0.37662,325.52,Savaş öncesi
İran (Asaluyeh),2025-04-18,77,0.90909,59.36,217.35,286.47,297.2,0,0.012987,0,0.077922,0.48052,0.42857,322.1,Savaş öncesi
İran (Asaluyeh),2025-04-19,77,0.97403,42.19,190.88,190.88,190.88,0,0,0,0.025974,0.55844,0.41558,201.23,Savaş öncesi
İran (Asaluyeh),2025-04-20,77,1,14.15,114.67,114.67,114.69,0,0,0,0,0.55844,0.44156,114.69,Savaş öncesi
İran (Asaluyeh),2025-04-21,77,0.97403,20.63,180.6,180.6,180.56,0,0,0.025974,0,0.54545,0.42857,180.56,Savaş öncesi
İran (Asaluyeh),2025-04-22,77,0.85714,46.655,148.69,184.95,184.97,0,0.064935,0.025974,0.051948,0.63636,0.22078,202.39,Savaş öncesi
İran (Asaluyeh),2025-04-23,77,0.97403,62.31,299.28,356.35,430.85,0,0,0,0.025974,0.5974,0.37662,433.37,Savaş öncesi
İran (Asaluyeh),2025-04-24,77,0.92208,48.77,187.96,234.95,234.91,0,0.077922,0,0,0.63636,0.28571,249.81,Savaş öncesi
İran (Asaluyeh),2025-04-25,77,1,24.79,259.6,259.6,259.62,0,0,0,0,0.62338,0.37662,259.62,Savaş öncesi
İran (Asaluyeh),2025-04-26,77,0.58442,9,86.066,86.066,86.08,0,0,0.41558,0,0.36364,0.22078,98.65,Savaş öncesi
İran (Asaluyeh),2025-04-27,77,0.98701,39.315,263.72,263.72,263.65,0,0,0,0.012987,0.57143,0.41558,267.89,Savaş öncesi
İran (Asaluyeh),2025-04-28,77,0.97403,58.04,333.85,406.34,553.1,0,0,0,0.025974,0.68831,0.28571,553.1,Savaş öncesi
İran (Asaluyeh),2025-04-29,77,0.94805,54.58,228.8,228.8,267.3,0,0.025974,0,0.025974,0.58442,0.36364,288.76,Savaş öncesi
İran (Asaluyeh),2025-04-30,77,0.96104,34.295,202.43,266.75,266.73,0,0.038961,0,0,0.66234,0.2987,274.47,Savaş öncesi
İran (Asaluyeh),2025-05-01,77,1,2.79,155.56,155.56,155.56,0,0,0,0,0.64935,0.35065,155.56,Savaş öncesi
İran (Asaluyeh),2025-05-02,77,0.94805,30.38,94.424,110.06,110.04,0,0.051948,0,0,0.66234,0.28571,111.13,Savaş öncesi
İran (Asaluyeh),2025-05-03,77,0.94805,52.72,194.46,231.09,361.81,0,0,0,0.051948,0.66234,0.28571,383.05,Savaş öncesi
İran (Asaluyeh),2025-05-04,77,0.97403,59.5,182.38,264.71,355.34,0,0,0,0.025974,0.7013,0.27273,358.6,Savaş öncesi
İran (Asaluyeh),2025-05-05,77,0.98701,42.46,185.43,185.43,185.4,0,0,0,0.012987,0.61039,0.37662,185.4,Savaş öncesi
İran (Asaluyeh),2025-05-06,77,1,14.6,202.9,202.9,202.9,0,0,0,0,0.61039,0.38961,202.9,Savaş öncesi
İran (Asaluyeh),2025-05-07,77,1,20.14,130.75,130.75,130.74,0,0,0,0,0.64935,0.35065,130.74,Savaş öncesi
İran (Asaluyeh),2025-05-08,77,0.94805,46.31,175.25,219.34,219.35,0,0.038961,0,0.012987,0.61039,0.33766,219.97,Savaş öncesi
İran (Asaluyeh),2025-05-09,77,0.98701,62.365,489.95,690.73,738.76,0,0.012987,0,0,0.61039,0.37662,738.76,Savaş öncesi
İran (Asaluyeh),2025-05-10,77,0.98701,49.225,175.75,213.68,213.69,0,0.012987,0,0,0.71429,0.27273,213.69,Savaş öncesi
İran (Asaluyeh),2025-05-11,77,1,25.41,198.9,198.9,198.9,0,0,0,0,0.57143,0.42857,198.9,Savaş öncesi
İran (Asaluyeh),2025-05-12,77,1,8.68,128.29,128.29,128.24,0,0,0,0,0.61039,0.38961,128.24,Savaş öncesi
İran (Asaluyeh),2025-05-13,77,0.98701,38.885,278.55,278.55,278.56,0,0,0,0.012987,0.63636,0.35065,298,Savaş öncesi
İran (Asaluyeh),2025-05-14,77,1,57.8,252.73,357.02,371.78,0,0,0,0,0.64935,0.35065,371.78,Savaş öncesi
İran (Asaluyeh),2025-05-15,77,0.96104,54.905,572.71,584.37,593.51,0,0.012987,0,0.025974,0.53247,0.42857,593.51,Savaş öncesi
İran (Asaluyeh),2025-05-16,77,0.98701,34.82,303.39,378.26,378.26,0,0.012987,0,0,0.63636,0.35065,378.26,Savaş öncesi
İran (Asaluyeh),2025-05-17,77,1,3.38,144.55,144.55,144.56,0,0,0,0,0.57143,0.42857,144.56,Savaş öncesi
İran (Asaluyeh),2025-05-18,77,0.96104,29.91,144.4,144.4,144.4,0,0.038961,0,0,0.62338,0.33766,144.4,Savaş öncesi
İran (Asaluyeh),2025-05-19,77,0.84416,52.52,154.21,194.43,188.9,0,0.1039,0,0.051948,0.58442,0.25974,216.05,Savaş öncesi
İran (Asaluyeh),2025-05-20,77,0.88312,59.795,225.08,280.39,326.9,0,0.012987,0,0.1039,0.54545,0.33766,377.01,Savaş öncesi
İran (Asaluyeh),2025-05-21,77,0.98701,42.83,298.26,298.26,298.21,0,0,0,0.012987,0.61039,0.37662,298.21,Savaş öncesi
İran (Asaluyeh),2025-05-22,77,1,15.14,143.87,143.87,143.84,0,0,0,0,0.5974,0.4026,143.84,Savaş öncesi
İran (Asaluyeh),2025-05-23,77,1,19.64,141.71,141.71,141.72,0,0,0,0,0.63636,0.36364,141.72,Savaş öncesi
İran (Asaluyeh),2025-05-24,77,0.94805,46.13,160.33,160.33,160.34,0,0.038961,0,0.012987,0.61039,0.33766,172.64,Savaş öncesi
İran (Asaluyeh),2025-05-25,77,0.97403,62.56,327.35,391.57,555.37,0,0,0,0.025974,0.62338,0.35065,559.84,Savaş öncesi
İran (Asaluyeh),2025-05-26,77,0.97403,49.51,276.3,317.81,317.79,0,0.012987,0,0.012987,0.66234,0.31169,317.79,Savaş öncesi
İran (Asaluyeh),2025-05-27,77,1,25.89,231.2,231.2,231.21,0,0,0,0,0.7013,0.2987,231.21,Savaş öncesi
İran (Asaluyeh),2025-05-28,77,1,8.19,142.28,142.28,142.28,0,0,0,0,0.58442,0.41558,142.28,Savaş öncesi
İran (Asaluyeh),2025-05-29,77,0.97403,38.58,131.44,131.44,131.47,0,0.012987,0,0.012987,0.53247,0.44156,131.47,Savaş öncesi
İran (Asaluyeh),2025-05-30,77,1,58.5,340.72,471.23,482.94,0,0,0,0,0.63636,0.36364,482.94,Savaş öncesi
İran (Asaluyeh),2025-05-31,77,0.96104,55.145,258.5,278.99,303.53,0,0,0,0.038961,0.53247,0.42857,322.92,Savaş öncesi
İran (Asaluyeh),2025-06-01,77,0.96104,35.16,144.02,180.79,180.75,0,0.038961,0,0,0.62338,0.33766,180.75,Savaş öncesi
İran (Asaluyeh),2025-06-02,77,1,3.86,120.26,120.26,120.22,0,0,0,0,0.62338,0.37662,120.22,Savaş öncesi
İran (Asaluyeh),2025-06-03,77,0.94805,29.51,194.36,194.36,194.37,0,0.051948,0,0,0.5974,0.35065,222.61,Savaş öncesi
İran (Asaluyeh),2025-06-04,77,0.88312,52.23,212.26,241.11,241.1,0,0.064935,0,0.051948,0.61039,0.27273,264.45,Savaş öncesi
İran (Asaluyeh),2025-06-05,77,0.97403,59.92,513.99,740.22,973,0,0,0,0.025974,0.53247,0.44156,980.88,Savaş öncesi
İran (Asaluyeh),2025-06-06,77,0.98701,43.13,189.15,189.15,189.14,0,0,0,0.012987,0.64935,0.33766,193.38,Savaş öncesi
İran (Asaluyeh),2025-06-07,77,1,15.56,180.05,180.05,180.02,0,0,0,0,0.5974,0.4026,180.02,Savaş öncesi
İran (Asaluyeh),2025-06-08,77,1,19.29,225.54,225.54,225.52,0,0,0,0,0.54545,0.45455,225.52,Savaş öncesi
İran (Asaluyeh),2025-06-09,77,0.93506,45.86,253.05,282.84,282.8,0,0.025974,0,0.038961,0.61039,0.32468,292.37,Savaş öncesi
İran (Asaluyeh),2025-06-10,77,0.94805,62.7,480.82,601.32,702.88,0,0.012987,0,0.038961,0.63636,0.31169,702.88,Savaş öncesi
İran (Asaluyeh),2025-06-11,77,0.90909,49.7,231.21,268.77,268.79,0,0.077922,0,0.012987,0.58442,0.32468,285.49,Savaş öncesi
İran (Asaluyeh),2025-06-12,77,1,26.2,165.75,165.75,165.75,0,0,0,0,0.66234,0.33766,165.75,Savaş öncesi
İran (Asaluyeh),2025-06-13,77,1,7.79,107.97,107.97,107.99,0,0,0,0,0.54545,0.45455,107.99,Savaş öncesi
İran (Asaluyeh),2025-06-14,77,1,38.32,181.04,181.04,181.08,0,0,0,0,0.62338,0.37662,181.08,Savaş öncesi
İran (Asaluyeh),2025-06-15,77,0.96104,57.485,366.09,424.74,623.43,0,0.012987,0,0.025974,0.55844,0.4026,647.41,Savaş öncesi
İran (Asaluyeh),2025-06-16,77,0.94805,55.34,211.26,220.53,276.77,0,0.012987,0,0.038961,0.54545,0.4026,276.77,Savaş öncesi
İran (Asaluyeh),2025-06-17,77,0.96104,35.48,159.71,168.5,168.48,0,0.025974,0,0.012987,0.62338,0.33766,179.55,Savaş öncesi
İran (Asaluyeh),2025-06-18,77,1,4.21,97.347,97.347,97.35,0,0,0,0,0.64935,0.35065,97.35,Savaş öncesi
İran (Asaluyeh),2025-06-19,77,0.96104,29.35,140.4,140.4,140.42,0,0.038961,0,0,0.62338,0.33766,147.17,Savaş öncesi
İran (Asaluyeh),2025-06-20,77,0.87013,52.14,206.54,235.5,0,0,0.1039,0,0.025974,0.61039,0.25974,0,Savaş öncesi
İran (Asaluyeh),2025-06-21,77,0.94805,60.01,205.03,226.14,247.55,0,0,0,0.051948,0.64935,0.2987,274.61,Savaş öncesi
İran (Asaluyeh),2025-06-22,77,0.98701,43.28,156.22,156.22,156.22,0,0,0,0.012987,0.66234,0.32468,156.22,Savaş öncesi
İran (Asaluyeh),2025-06-23,77,1,15.84,133.21,133.21,133.17,0,0,0,0,0.62338,0.37662,133.17,Savaş öncesi
İran (Asaluyeh),2025-06-24,77,1,19.05,136.08,136.08,136.08,0,0,0,0,0.64935,0.35065,136.08,Savaş öncesi
İran (Asaluyeh),2025-06-25,77,0.87013,45.64,207.05,218.71,218.69,0,0.12987,0,0,0.57143,0.2987,294.21,Savaş öncesi
İran (Asaluyeh),2025-06-26,77,0.97403,62.56,209.99,223.24,366.78,0,0.012987,0,0.012987,0.71429,0.25974,384.92,Savaş öncesi
İran (Asaluyeh),2025-06-27,77,0.93506,49.85,241.05,250.64,250.67,0,0.051948,0,0.012987,0.58442,0.35065,251.88,Savaş öncesi
İran (Asaluyeh),2025-06-28,77,1,26.38,126.62,126.62,126.62,0,0,0,0,0.62338,0.37662,126.62,Savaş öncesi
İran (Asaluyeh),2025-06-29,77,1,7.54,140.72,140.72,140.7,0,0,0,0,0.54545,0.45455,140.7,Savaş öncesi
İran (Asaluyeh),2025-06-30,77,1,38.14,171.31,171.31,171.34,0,0,0,0,0.57143,0.42857,171.34,Savaş öncesi
İran (Asaluyeh),2025-07-01,77,0.98701,57.35,254.21,392.17,477.51,0,0,0,0.012987,0.63636,0.35065,477.51,Savaş öncesi
İran (Asaluyeh),2025-07-02,77,0.97403,55.39,267.14,269.84,394.24,0,0,0,0.025974,0.5974,0.37662,395.05,Savaş öncesi
İran (Asaluyeh),2025-07-03,77,0.94805,35.58,160.66,164.05,164.06,0,0.051948,0,0,0.58442,0.36364,170.33,Savaş öncesi
İran (Asaluyeh),2025-07-04,77,1,4.46,130.74,130.74,130.77,0,0,0,0,0.64935,0.35065,130.77,Savaş öncesi
İran (Asaluyeh),2025-07-05,77,0.97403,29.16,304.35,305.26,305.23,0,0.025974,0,0,0.61039,0.36364,318.82,Savaş öncesi
İran (Asaluyeh),2025-07-06,77,0.87013,51.96,208.26,236.73,236.75,0,0.077922,0,0.051948,0.54545,0.32468,263.76,Savaş öncesi
İran (Asaluyeh),2025-07-07,77,0.93506,60.025,278.63,458.53,630.91,0,0,0,0.064935,0.57143,0.36364,636.06,Savaş öncesi
İran (Asaluyeh),2025-07-08,77,0.96104,43.39,179.91,179.91,179.9,0,0,0,0.038961,0.63636,0.32468,179.9,Savaş öncesi
İran (Asaluyeh),2025-07-09,77,1,15.98,159.86,159.86,159.9,0,0,0,0,0.55844,0.44156,159.9,Savaş öncesi
İran (Asaluyeh),2025-07-10,77,1,18.8,182.84,182.84,182.87,0,0,0,0,0.57143,0.42857,182.87,Savaş öncesi
İran (Asaluyeh),2025-07-11,77,0.92208,45.59,169.9,190.07,190.04,0,0.038961,0,0.038961,0.54545,0.37662,193,Savaş öncesi
İran (Asaluyeh),2025-07-12,77,0.98701,62.34,229.08,296.75,432.86,0,0,0,0.012987,0.72727,0.25974,432.86,Savaş öncesi
İran (Asaluyeh),2025-07-13,77,0.90909,49.955,296.02,364.85,364.88,0,0.064935,0,0.025974,0.62338,0.28571,386.09,Savaş öncesi
İran (Asaluyeh),2025-07-14,77,0.96104,26.51,177.95,177.95,177.93,0,0,0.038961,0,0.64935,0.31169,177.93,Savaş öncesi
İran (Asaluyeh),2025-07-15,77,1,7.36,151.51,151.51,151.53,0,0,0,0,0.55844,0.44156,151.53,Savaş öncesi
İran (Asaluyeh),2025-07-16,77,0.96104,37.93,243.9,243.9,243.94,0,0,0,0.038961,0.54545,0.41558,246.98,Savaş öncesi
İran (Asaluyeh),2025-07-17,77,1,57.27,173.57,221.39,352.23,0,0,0,0,0.68831,0.31169,352.23,Savaş öncesi
İran (Asaluyeh),2025-07-18,77,0.90909,55.455,188.01,203.12,235.35,0,0,0.012987,0.077922,0.55844,0.35065,235.92,Savaş öncesi
İran (Asaluyeh),2025-07-19,77,0.8961,35.64,200.98,253.13,253.11,0,0.064935,0,0.038961,0.62338,0.27273,292.98,Savaş öncesi
İran (Asaluyeh),2025-07-20,77,1,4.57,131.52,131.52,131.52,0,0,0,0,0.68831,0.31169,131.52,Savaş öncesi
İran (Asaluyeh),2025-07-21,77,0.97403,29.01,108.26,108.26,108.27,0,0.025974,0,0,0.67532,0.2987,108.27,Savaş öncesi
İran (Asaluyeh),2025-07-22,77,0.77922,51.835,124.82,124.82,124.81,0,0.090909,0.051948,0.077922,0.62338,0.15584,196.52,Savaş öncesi
İran (Asaluyeh),2025-07-23,77,0.98701,60.16,264.13,336.59,430.56,0,0.012987,0,0,0.66234,0.32468,430.56,Savaş öncesi
İran (Asaluyeh),2025-07-24,77,0.98701,43.445,206.06,212.74,212.74,0,0,0,0.012987,0.66234,0.32468,217.57,Savaş öncesi
İran (Asaluyeh),2025-07-25,77,1,16.11,105.74,105.74,105.75,0,0,0,0,0.68831,0.31169,105.75,Savaş öncesi
İran (Asaluyeh),2025-07-26,77,1,18.68,154.77,154.77,154.81,0,0,0,0,0.57143,0.42857,154.81,Savaş öncesi
İran (Asaluyeh),2025-07-27,77,0.96104,45.43,151.03,182.89,182.84,0,0.038961,0,0,0.68831,0.27273,211.35,Savaş öncesi
İran (Asaluyeh),2025-07-28,77,0.94805,62.58,284.43,303.71,354.51,0,0,0,0.051948,0.67532,0.27273,363.24,Savaş öncesi
İran (Asaluyeh),2025-07-29,77,0.92208,49.95,344.22,344.22,344.25,0,0.077922,0,0,0.58442,0.33766,387.84,Savaş öncesi
İran (Asaluyeh),2025-07-30,77,0.87013,26.52,75.849,75.849,75.84,0,0,0.12987,0,0.77922,0.090909,75.84,Savaş öncesi
İran (Asaluyeh),2025-07-31,77,0.80519,6.975,30.405,30.405,30.4,0,0,0.19481,0,0.72727,0.077922,30.4,Savaş öncesi
İran (Asaluyeh),2025-08-01,77,0.96104,37.885,155.83,155.83,155.8,0,0.012987,0,0.025974,0.62338,0.33766,155.8,Savaş öncesi
İran (Asaluyeh),2025-08-02,77,0.98701,57.195,147.6,167.28,223.34,0,0,0,0.012987,0.68831,0.2987,223.34,Savaş öncesi
İran (Asaluyeh),2025-08-03,77,0.92208,55.49,315.34,364.78,418.63,0,0.025974,0,0.051948,0.54545,0.37662,433.45,Savaş öncesi
İran (Asaluyeh),2025-08-04,77,0.97403,35.78,219.6,238.74,238.72,0,0.025974,0,0,0.64935,0.32468,241.31,Savaş öncesi
İran (Asaluyeh),2025-08-05,77,1,4.63,99.334,99.334,99.31,0,0,0,0,0.64935,0.35065,99.31,Savaş öncesi
İran (Asaluyeh),2025-08-06,77,0.97403,28.95,102.52,102.52,102.52,0,0,0.025974,0,0.92208,0.051948,102.52,Savaş öncesi
İran (Asaluyeh),2025-08-07,77,0.85714,51.85,124.66,144.61,144.62,0,0.077922,0.012987,0.051948,0.67532,0.18182,214.13,Savaş öncesi
İran (Asaluyeh),2025-08-08,77,0.93506,60.1,343.51,406.6,566.41,0,0.012987,0,0.051948,0.49351,0.44156,587.89,Savaş öncesi
İran (Asaluyeh),2025-08-09,77,0.97403,43.45,164.17,164.17,164.2,0,0,0,0.025974,0.68831,0.28571,192.4,Savaş öncesi
İran (Asaluyeh),2025-08-10,77,1,16.16,185.87,185.87,185.85,0,0,0,0,0.63636,0.36364,185.85,Savaş öncesi
İran (Asaluyeh),2025-08-11,77,1,18.63,206.02,206.02,206.03,0,0,0,0,0.62338,0.37662,206.03,Savaş öncesi
İran (Asaluyeh),2025-08-12,77,0.96104,45.39,188.14,235.41,235.38,0,0.038961,0,0,0.66234,0.2987,249.15,Savaş öncesi
İran (Asaluyeh),2025-08-13,77,0.94805,62.52,265.57,317.96,371.44,0,0.012987,0,0.038961,0.62338,0.32468,410,Savaş öncesi
İran (Asaluyeh),2025-08-14,77,0.97403,49.98,282.6,350.54,350.55,0,0.012987,0,0.012987,0.66234,0.31169,350.55,Savaş öncesi
İran (Asaluyeh),2025-08-15,77,1,26.62,166.77,166.77,166.78,0,0,0,0,0.66234,0.33766,166.78,Savaş öncesi
İran (Asaluyeh),2025-08-16,77,1,7.23,107.57,107.57,107.53,0,0,0,0,0.61039,0.38961,107.53,Savaş öncesi
İran (Asaluyeh),2025-08-17,77,1,37.9,187.26,187.26,187.27,0,0,0,0,0.84416,0.15584,187.27,Savaş öncesi
İran (Asaluyeh),2025-08-18,77,0.8961,57.16,50.805,54.894,94.77,0,0,0.025974,0.077922,0.80519,0.090909,94.77,Savaş öncesi
İran (Asaluyeh),2025-08-19,77,0.96104,55.42,340.73,340.73,359.24,0,0.012987,0,0.025974,0.55844,0.4026,359.24,Savaş öncesi
İran (Asaluyeh),2025-08-20,77,0.97403,35.72,163.5,170.56,170.58,0,0.025974,0,0,0.66234,0.31169,176.24,Savaş öncesi
İran (Asaluyeh),2025-08-21,77,1,4.57,137.22,137.22,137.26,0,0,0,0,0.63636,0.36364,137.26,Savaş öncesi
İran (Asaluyeh),2025-08-22,77,0.96104,28.92,173.59,173.59,173.6,0,0.038961,0,0,0.61039,0.35065,193.84,Savaş öncesi
İran (Asaluyeh),2025-08-23,77,0.85714,51.855,267.43,289.8,289.78,0,0.051948,0,0.090909,0.55844,0.2987,331.67,Savaş öncesi
İran (Asaluyeh),2025-08-24,77,0.93506,60.06,339.7,351.87,492.64,0,0.012987,0,0.051948,0.5974,0.33766,606.91,Savaş öncesi
İran (Asaluyeh),2025-08-25,77,0.8961,43.5,114.86,114.86,114.87,0,0.012987,0.051948,0.038961,0.72727,0.16883,114.87,Savaş öncesi
İran (Asaluyeh),2025-08-26,77,1,16.05,125.47,125.47,125.44,0,0,0,0,0.67532,0.32468,125.44,Savaş öncesi
İran (Asaluyeh),2025-08-27,77,1,18.71,164.41,164.41,164.4,0,0,0,0,0.66234,0.33766,164.4,Savaş öncesi
İran (Asaluyeh),2025-08-28,77,0.96104,45.49,134.96,199.19,199.22,0,0.038961,0,0,0.75325,0.20779,199.22,Savaş öncesi
İran (Asaluyeh),2025-08-29,77,0.98701,61.78,361.81,431.25,509.5,0,0,0,0.012987,0.63636,0.35065,512.49,Savaş öncesi
İran (Asaluyeh),2025-08-30,77,0.93506,49.935,219.61,219.61,219.59,0,0.051948,0,0.012987,0.63636,0.2987,225.84,Savaş öncesi
İran (Asaluyeh),2025-08-31,77,1,26.58,180.38,180.38,180.41,0,0,0,0,0.64935,0.35065,180.41,Savaş öncesi
İran (Asaluyeh),2025-09-01,77,1,7.35,238.36,238.36,238.38,0,0,0,0,0.5974,0.4026,238.38,Savaş öncesi
İran (Asaluyeh),2025-09-02,77,0.98701,38.005,328.76,333.11,333.09,0,0,0,0.012987,0.61039,0.37662,333.09,Savaş öncesi
İran (Asaluyeh),2025-09-03,77,0.97403,58.14,201.83,286.39,480.79,0,0,0,0.025974,0.66234,0.31169,526.34,Savaş öncesi
İran (Asaluyeh),2025-09-04,77,0.94805,55.34,268.87,298.48,372.11,0,0.012987,0,0.038961,0.54545,0.4026,438.52,Savaş öncesi
İran (Asaluyeh),2025-09-05,77,0.97403,35.66,220.73,239.32,239.28,0,0.025974,0,0,0.66234,0.31169,241.73,Savaş öncesi
İran (Asaluyeh),2025-09-06,77,1,4.44,144.13,144.13,144.14,0,0,0,0,0.7013,0.2987,144.14,Savaş öncesi
İran (Asaluyeh),2025-09-07,77,0.96104,29.13,229.71,229.71,229.74,0,0.038961,0,0,0.62338,0.33766,235.31,Savaş öncesi
İran (Asaluyeh),2025-09-08,77,0.88312,51.9,336.2,392.75,392.78,0,0.051948,0,0.064935,0.55844,0.32468,404.36,Savaş öncesi
İran (Asaluyeh),2025-09-09,77,0.97403,60.09,366.3,498.71,674.77,0,0,0,0.025974,0.61039,0.36364,678.69,Savaş öncesi
İran (Asaluyeh),2025-09-10,77,0.98701,43.32,386.4,386.4,386.39,0,0,0,0.012987,0.66234,0.32468,386.39,Savaş öncesi
İran (Asaluyeh),2025-09-11,77,1,15.87,166.99,166.99,166.99,0,0,0,0,0.71429,0.28571,166.99,Savaş öncesi
İran (Asaluyeh),2025-09-12,77,1,18.92,149.61,149.61,149.62,0,0,0,0,0.75325,0.24675,149.62,Savaş öncesi
İran (Asaluyeh),2025-09-13,77,0.93506,45.65,150.59,150.59,150.59,0,0.038961,0,0.025974,0.66234,0.27273,159.79,Savaş öncesi
İran (Asaluyeh),2025-09-14,77,0.97403,61.91,232,267.67,406.33,0,0.012987,0,0.012987,0.71429,0.25974,418.11,Savaş öncesi
İran (Asaluyeh),2025-09-15,77,0.94805,49.81,385.08,564.97,565,0,0.025974,0,0.025974,0.66234,0.28571,576.81,Savaş öncesi
İran (Asaluyeh),2025-09-16,77,1,26.33,279.55,279.55,279.54,0,0,0,0,0.62338,0.37662,279.54,Savaş öncesi
İran (Asaluyeh),2025-09-17,77,1,7.65,188.62,188.62,188.62,0,0,0,0,0.62338,0.37662,188.62,Savaş öncesi
İran (Asaluyeh),2025-09-18,77,0.98701,38.21,177.49,177.49,177.52,0,0,0,0.012987,0.62338,0.36364,177.52,Savaş öncesi
İran (Asaluyeh),2025-09-19,77,0.94805,57.45,209.49,303.71,497.38,0,0,0,0.051948,0.68831,0.25974,507.9,Savaş öncesi
İran (Asaluyeh),2025-09-20,77,0.92208,55.26,269.08,269.08,321.78,0,0,0,0.077922,0.51948,0.4026,337.89,Savaş öncesi
İran (Asaluyeh),2025-09-21,77,0.92208,35.52,324.48,324.48,324.47,0,0.077922,0,0,0.58442,0.33766,340.61,Savaş öncesi
İran (Asaluyeh),2025-09-22,77,1,4.06,219.6,219.6,219.58,0,0,0,0,0.53247,0.46753,219.58,Savaş öncesi
İran (Asaluyeh),2025-09-23,77,0.96104,29.44,429.89,443.18,443.21,0,0.038961,0,0,0.58442,0.37662,443.21,Savaş öncesi
İran (Asaluyeh),2025-09-24,77,0.84416,52.14,400.12,411.85,411.88,0,0.064935,0,0.090909,0.50649,0.33766,473.83,Savaş öncesi
İran (Asaluyeh),2025-09-25,77,0.92208,59.97,268.31,354.76,569.42,0,0.025974,0,0.051948,0.58442,0.33766,647.51,Savaş öncesi
İran (Asaluyeh),2025-09-26,77,0.98701,43.115,243.92,246.09,246.08,0,0,0,0.012987,0.61039,0.37662,252.77,Savaş öncesi
İran (Asaluyeh),2025-09-27,77,1,15.5,187.33,187.33,187.25,0,0,0,0,0.58442,0.41558,187.25,Savaş öncesi
İran (Asaluyeh),2025-09-28,77,1,19.35,257.07,257.07,257.09,0,0,0,0,0.62338,0.37662,257.09,Savaş öncesi
İran (Asaluyeh),2025-09-29,77,0.97403,45.99,321.25,339.51,339.48,0,0.012987,0,0.012987,0.64935,0.32468,342.88,Savaş öncesi
İran (Asaluyeh),2025-09-30,77,0.98701,62.655,377.75,485.07,578.24,0,0,0,0.012987,0.58442,0.4026,578.24,Savaş öncesi
İran (Asaluyeh),2025-10-01,77,0.96104,49.59,220.32,236.8,236.83,0,0.012987,0,0.025974,0.72727,0.23377,242.41,Savaş öncesi
İran (Asaluyeh),2025-10-02,77,1,25.9,220.61,220.61,220.58,0,0,0,0,0.62338,0.37662,220.58,Savaş öncesi
İran (Asaluyeh),2025-10-03,77,1,8.19,206.72,206.72,206.71,0,0,0,0,0.53247,0.46753,206.71,Savaş öncesi
İran (Asaluyeh),2025-10-04,77,0.97403,38.62,195.87,195.87,195.87,0,0,0,0.025974,0.64935,0.32468,219.26,Savaş öncesi
İran (Asaluyeh),2025-10-05,77,0.97403,57.69,279.3,402.9,490.2,0,0.012987,0,0.012987,0.61039,0.36364,505.02,Savaş öncesi
İran (Asaluyeh),2025-10-06,77,0.94805,55.08,335.67,386.61,479.81,0,0,0,0.051948,0.54545,0.4026,479.81,Savaş öncesi
İran (Asaluyeh),2025-10-07,77,0.98701,34.975,218.21,273.56,273.59,0,0.012987,0,0,0.64935,0.33766,273.59,Savaş öncesi
İran (Asaluyeh),2025-10-08,77,1,3.49,144.65,144.65,144.63,0,0,0,0,0.62338,0.37662,144.63,Savaş öncesi
İran (Asaluyeh),2025-10-09,77,0.97403,29.99,223.83,244.67,244.67,0,0.025974,0,0,0.64935,0.32468,254.97,Savaş öncesi
İran (Asaluyeh),2025-10-10,77,0.85714,52.485,183.39,228.7,246.56,0,0.090909,0,0.051948,0.62338,0.23377,288.08,Savaş öncesi
İran (Asaluyeh),2025-10-11,77,0.97403,59.73,195.79,248.42,307.76,0,0,0,0.025974,0.62338,0.35065,307.76,Savaş öncesi
İran (Asaluyeh),2025-10-12,77,0.97403,42.69,228.51,228.51,228.53,0,0,0,0.025974,0.5974,0.37662,238.14,Savaş öncesi
İran (Asaluyeh),2025-10-13,77,1,14.87,212.46,212.46,212.46,0,0,0,0,0.5974,0.4026,212.46,Savaş öncesi
İran (Asaluyeh),2025-10-14,77,1,20.02,194.4,194.4,194.4,0,0,0,0,0.64935,0.35065,194.4,Savaş öncesi
İran (Asaluyeh),2025-10-15,77,0.93506,46.405,234.38,267.42,267.4,0,0.038961,0,0.025974,0.5974,0.33766,276.91,Savaş öncesi
İran (Asaluyeh),2025-10-16,77,0.96104,62.395,361.98,380.97,457.72,0,0,0,0.038961,0.68831,0.27273,488.79,Savaş öncesi
İran (Asaluyeh),2025-10-17,77,0.98701,49.21,248.67,258.29,258.29,0,0,0,0.012987,0.71429,0.27273,258.29,Savaş öncesi
İran (Asaluyeh),2025-10-18,77,1,25.28,290.72,290.72,288.64,0,0,0,0,0.5974,0.4026,288.64,Savaş öncesi
İran (Asaluyeh),2025-10-19,77,1,8.93,186.57,186.57,186.6,0,0,0,0,0.58442,0.41558,186.6,Savaş öncesi
İran (Asaluyeh),2025-10-20,77,0.98701,39.185,244.95,244.95,244.94,0,0,0,0.012987,0.67532,0.31169,260.66,Savaş öncesi
İran (Asaluyeh),2025-10-21,77,0.97403,58.04,410.11,447.54,490.88,0,0,0,0.025974,0.53247,0.44156,490.88,Savaş öncesi
İran (Asaluyeh),2025-10-22,77,0.92208,54.68,311.76,334.89,358.33,0,0.012987,0,0.064935,0.54545,0.37662,388.21,Savaş öncesi
İran (Asaluyeh),2025-10-23,77,1,34.38,201,232.25,232.24,0,0,0,0,0.5974,0.4026,232.24,Savaş öncesi
İran (Asaluyeh),2025-10-24,77,1,2.72,161.4,161.4,161.41,0,0,0,0,0.63636,0.36364,161.41,Savaş öncesi
İran (Asaluyeh),2025-10-25,77,0.96104,30.65,261.92,277.65,277.63,0,0.038961,0,0,0.63636,0.32468,277.63,Savaş öncesi
İran (Asaluyeh),2025-10-26,77,0.92208,52.93,304.36,322.72,446.15,0,0.038961,0,0.038961,0.5974,0.32468,495.61,Savaş öncesi
İran (Asaluyeh),2025-10-27,77,0.96104,59.375,267.9,337.58,476.12,0,0,0,0.038961,0.62338,0.33766,487.68,Savaş öncesi
İran (Asaluyeh),2025-10-28,77,0.97403,42.18,215.66,215.66,215.65,0,0,0,0.025974,0.55844,0.41558,234.57,Savaş öncesi
İran (Asaluyeh),2025-10-29,77,1,13.99,189.53,189.53,189.53,0,0,0,0,0.53247,0.46753,189.53,Savaş öncesi
İran (Asaluyeh),2025-10-30,77,1,20.87,206.3,206.3,206.34,0,0,0,0,0.62338,0.37662,206.34,Savaş öncesi
İran (Asaluyeh),2025-10-31,77,0.94805,46.97,243.45,246.51,246.53,0,0.051948,0,0,0.67532,0.27273,253.75,Savaş öncesi
İran (Asaluyeh),2025-11-01,77,0.98701,62.41,355.38,421.49,526.63,0,0.012987,0,0,0.62338,0.36364,592.63,Savaş öncesi
İran (Asaluyeh),2025-11-02,77,0.98701,48.68,274.03,339.81,339.82,0,0.012987,0,0,0.62338,0.36364,341.42,Savaş öncesi
İran (Asaluyeh),2025-11-03,77,1,24.42,205.43,205.43,205.46,0,0,0,0,0.63636,0.36364,205.46,Savaş öncesi
İran (Asaluyeh),2025-11-04,77,1,10.01,102.52,102.52,102.51,0,0,0,0,0.64935,0.35065,102.51,Savaş öncesi
İran (Asaluyeh),2025-11-05,77,0.97403,39.87,180.01,180.01,179.99,0,0,0,0.025974,0.7013,0.27273,189.5,Savaş öncesi
İran (Asaluyeh),2025-11-06,77,0.96104,58.35,407.1,485.07,690.04,0,0,0,0.038961,0.57143,0.38961,778.35,Savaş öncesi
İran (Asaluyeh),2025-11-07,77,0.92208,54.34,195.31,197.54,197.54,0,0.025974,0,0.051948,0.54545,0.37662,241.97,Savaş öncesi
İran (Asaluyeh),2025-11-08,77,0.90909,33.845,176.47,179.52,179.52,0,0.077922,0,0.012987,0.57143,0.33766,229.92,Savaş öncesi
İran (Asaluyeh),2025-11-09,77,0.72727,2.475,28.176,28.176,28.15,0,0,0.27273,0,0.46753,0.25974,34.42,Savaş öncesi
İran (Asaluyeh),2025-11-10,77,0.96104,30.98,126.22,130.8,130.79,0,0.038961,0,0,0.62338,0.33766,135.81,Savaş öncesi
İran (Asaluyeh),2025-11-11,77,0.94805,53.02,244.81,244.81,340.72,0,0,0,0.051948,0.57143,0.37662,340.72,Savaş öncesi
İran (Asaluyeh),2025-11-12,77,0.94805,59.27,211.12,261.91,368.5,0,0.012987,0,0.038961,0.57143,0.37662,379.36,Savaş öncesi
İran (Asaluyeh),2025-11-13,77,0.97403,42.13,166.32,166.32,166.32,0,0,0,0.025974,0.55844,0.41558,166.32,Savaş öncesi
İran (Asaluyeh),2025-11-14,77,1,14.05,148.78,148.78,148.75,0,0,0,0,0.61039,0.38961,148.75,Savaş öncesi
İran (Asaluyeh),2025-11-15,77,0.98701,20.695,97.185,97.185,97.18,0,0,0.012987,0,0.71429,0.27273,97.18,Savaş öncesi
İran (Asaluyeh),2025-11-16,77,0.025974,49.25,0,0,0,0,0.012987,0.94805,0.012987,0.025974,0,0,Savaş öncesi
İran (Asaluyeh),2025-11-17,77,0.97403,62.36,196.65,266.91,360.3,0,0,0,0.025974,0.66234,0.31169,360.3,Savaş öncesi
İran (Asaluyeh),2025-11-18,77,0.97403,48.94,158.15,254.54,254.51,0,0.025974,0,0,0.7013,0.27273,255.66,Savaş öncesi
İran (Asaluyeh),2025-11-19,77,1,24.97,150.49,150.49,150.52,0,0,0,0,0.63636,0.36364,150.52,Savaş öncesi
İran (Asaluyeh),2025-11-20,77,1,9.14,126.57,126.57,126.56,0,0,0,0,0.55844,0.44156,126.56,Savaş öncesi
İran (Asaluyeh),2025-11-21,77,0.97403,39.18,190.63,190.63,190.64,0,0,0,0.025974,0.63636,0.33766,190.64,Savaş öncesi
İran (Asaluyeh),2025-11-22,77,0.97403,58,405.08,481.54,458.4,0,0,0,0.025974,0.64935,0.32468,474.59,Savaş öncesi
İran (Asaluyeh),2025-11-23,77,0.94805,54.71,250.64,250.64,293.2,0,0,0,0.051948,0.53247,0.41558,341.53,Savaş öncesi
İran (Asaluyeh),2025-11-24,77,1,34.51,191.76,215.04,215.02,0,0,0,0,0.61039,0.38961,215.02,Savaş öncesi
İran (Asaluyeh),2025-11-25,77,1,3.04,110.28,110.28,110.26,0,0,0,0,0.49351,0.50649,110.26,Savaş öncesi
İran (Asaluyeh),2025-11-26,77,0.97403,30.25,207.31,238.88,238.86,0,0.025974,0,0,0.61039,0.36364,238.86,Savaş öncesi
İran (Asaluyeh),2025-11-27,77,0.87013,52.62,231.15,234.01,283.94,0,0.077922,0,0.051948,0.55844,0.31169,367.3,Savaş öncesi
İran (Asaluyeh),2025-11-28,77,0.94805,59.57,358.37,372.52,484.01,0,0,0,0.051948,0.57143,0.37662,518.95,Savaş öncesi
İran (Asaluyeh),2025-11-29,77,0.97403,42.6,200.28,202.77,202.76,0,0,0,0.025974,0.61039,0.36364,206.78,Savaş öncesi
İran (Asaluyeh),2025-11-30,77,1,14.78,149.93,149.93,149.9,0,0,0,0,0.57143,0.42857,149.9,Savaş öncesi
İran (Asaluyeh),2025-12-01,77,1,19.96,170.38,170.38,170.39,0,0,0,0,0.5974,0.4026,170.39,Savaş öncesi
İran (Asaluyeh),2025-12-02,77,0.27273,47.84,29.045,29.045,29.04,0,0.038961,0.64935,0.038961,0.23377,0.038961,40.21,Savaş öncesi
İran (Asaluyeh),2025-12-03,77,1,62.25,365.35,377.69,433.18,0,0,0,0,0.58442,0.41558,433.18,Savaş öncesi
İran (Asaluyeh),2025-12-04,77,0.7013,47.91,120.01,153.75,153.76,0,0.051948,0.23377,0.012987,0.53247,0.16883,162.55,Savaş öncesi
İran (Asaluyeh),2025-12-05,77,1,25.59,132.82,132.82,132.82,0,0,0,0,0.61039,0.38961,132.82,Savaş öncesi
İran (Asaluyeh),2025-12-06,77,1,8.44,143.64,143.64,143.69,0,0,0,0,0.54545,0.45455,143.69,Savaş öncesi
İran (Asaluyeh),2025-12-07,77,1,38.7,167.85,167.85,167.89,0,0,0,0,0.55844,0.44156,167.89,Savaş öncesi
İran (Asaluyeh),2025-12-08,77,0.66234,67.11,75.92,115.72,149.31,0,0,0.16883,0.16883,0.48052,0.18182,221.37,Savaş öncesi
İran (Asaluyeh),2025-12-09,77,0.92208,54.96,115.13,115.61,115.59,0,0,0.025974,0.051948,0.49351,0.42857,122.3,Savaş öncesi
İran (Asaluyeh),2025-12-10,77,0.96104,34.95,123.4,130.14,130.16,0,0.025974,0,0.012987,0.62338,0.33766,140.45,Savaş öncesi
İran (Asaluyeh),2025-12-11,77,0.98701,3.585,72.388,72.388,72.4,0,0,0.012987,0,0.68831,0.2987,72.4,Savaş öncesi
İran (Asaluyeh),2025-12-12,77,0.76623,29.76,79.187,79.187,79.21,0,0.038961,0.19481,0,0.61039,0.15584,79.21,Savaş öncesi
İran (Asaluyeh),2025-12-13,77,0.2987,51.88,160.5,181.65,181.65,0,0.064935,0.50649,0.12987,0.23377,0.064935,517.4,Savaş öncesi
İran (Asaluyeh),2025-12-14,77,0.93506,59.78,188.2,242.12,444.73,0,0,0,0.064935,0.55844,0.37662,483.5,Savaş öncesi
İran (Asaluyeh),2025-12-15,77,0.55844,43.24,36.479,36.479,36.48,0,0,0.41558,0.025974,0.45455,0.1039,36.48,Savaş öncesi
İran (Asaluyeh),2025-12-16,77,0.2987,15.6,0,0,0,0,0,0.7013,0,0.2987,0,0,Savaş öncesi
İran (Asaluyeh),2025-12-17,77,1,19.41,118.8,118.8,118.81,0,0,0,0,0.63636,0.36364,118.81,Savaş öncesi
İran (Asaluyeh),2025-12-18,77,0.50649,47.53,52.355,52.355,52.38,0,0.051948,0.42857,0.012987,0.46753,0.038961,52.38,Savaş öncesi
İran (Asaluyeh),2025-12-19,77,0.87013,62.76,98.193,127.98,127.98,0,0,0.051948,0.077922,0.72727,0.14286,127.98,Savaş öncesi
İran (Asaluyeh),2025-12-20,77,0.92208,49.54,146.92,151.13,151.1,0,0.077922,0,0,0.67532,0.24675,163.29,Savaş öncesi
İran (Asaluyeh),2025-12-21,77,1,25.97,240.72,240.72,240.73,0,0,0,0,0.54545,0.45455,240.73,Savaş öncesi
İran (Asaluyeh),2025-12-22,77,1,7.97,161.99,161.99,161.97,0,0,0,0,0.53247,0.46753,161.97,Savaş öncesi
İran (Asaluyeh),2025-12-23,77,0.98701,38.335,169.69,169.69,169.67,0,0,0,0.012987,0.57143,0.41558,169.67,Savaş öncesi
İran (Asaluyeh),2025-12-24,77,0.93506,58.35,251.66,292.4,357.45,0,0.025974,0,0.038961,0.5974,0.33766,389.63,Savaş öncesi
İran (Asaluyeh),2025-12-25,77,0.93506,55.16,212.79,214.33,222.76,0,0.025974,0,0.038961,0.51948,0.41558,228.17,Savaş öncesi
İran (Asaluyeh),2025-12-26,77,0.53247,35.72,13.972,13.972,13.98,0,0.051948,0.41558,0,0.44156,0.090909,13.98,Savaş öncesi
İran (Asaluyeh),2025-12-27,77,1,4.05,49.973,49.973,50,0,0,0,0,0.84416,0.15584,50,Savaş öncesi
İran (Asaluyeh),2025-12-28,77,0.94805,29.32,98.871,110.58,110.58,0,0.012987,0.038961,0,0.74026,0.20779,110.58,Savaş öncesi
İran (Asaluyeh),2025-12-29,77,0.87013,52.07,436.01,459.38,459.37,0,0.090909,0,0.038961,0.55844,0.31169,471.3,Savaş öncesi
İran (Asaluyeh),2025-12-30,77,0.93506,59.93,287.88,377.2,472.31,0,0.025974,0,0.038961,0.5974,0.33766,495.7,Savaş öncesi
İran (Asaluyeh),2025-12-31,77,1,43.15,264.63,264.63,264.69,0,0,0,0,0.57143,0.42857,264.69,Savaş öncesi
İran (Asaluyeh),2026-01-01,77,1,15.66,151.75,151.75,151.67,0,0,0,0,0.53247,0.46753,151.67,Savaş öncesi
İran (Asaluyeh),2026-01-02,77,1,19.05,160.34,160.34,160.33,0,0,0,0,0.5974,0.4026,160.33,Savaş öncesi
İran (Asaluyeh),2026-01-03,77,0.98701,45.69,216.96,242.77,242.79,0,0.012987,0,0,0.61039,0.37662,242.79,Savaş öncesi
İran (Asaluyeh),2026-01-04,77,0.93506,61.935,326.32,393.05,508.08,0,0,0,0.064935,0.55844,0.37662,574.1,Savaş öncesi
İran (Asaluyeh),2026-01-05,77,0.98701,49.74,210.65,262.94,262.9,0,0.012987,0,0,0.5974,0.38961,264.32,Savaş öncesi
İran (Asaluyeh),2026-01-06,77,1,26.27,146.63,146.63,146.64,0,0,0,0,0.55844,0.44156,146.64,Savaş öncesi
İran (Asaluyeh),2026-01-07,77,1,7.66,111.4,111.4,0,0,0,0,0,0.50649,0.49351,,Savaş öncesi
İran (Asaluyeh),2026-01-08,77,1,38.16,188.59,190.62,190.61,0,0,0,0,0.62338,0.37662,190.61,Savaş öncesi
İran (Asaluyeh),2026-01-09,77,0.88312,57.37,142.37,202.95,307.4,0,0.012987,0.038961,0.064935,0.64935,0.23377,313.04,Savaş öncesi
İran (Asaluyeh),2026-01-10,77,0,,,,,1,0,0,0,0,0,207.9,Savaş öncesi
İran (Asaluyeh),2026-01-11,77,0,,,,,1,0,0,0,0,0,102.58,Savaş öncesi
İran (Asaluyeh),2026-01-12,77,0,,,,,1,0,0,0,0,0,75.52,Savaş öncesi
İran (Asaluyeh),2026-01-13,77,0,,,,,1,0,0,0,0,0,1.47,Savaş öncesi
İran (Asaluyeh),2026-01-14,77,0,,,,,1,0,0,0,0,0,92.78,Savaş öncesi
İran (Asaluyeh),2026-01-15,77,0.97403,60.06,265.82,325.71,416.96,0,0,0,0.025974,0.57143,0.4026,422.54,Savaş öncesi
İran (Asaluyeh),2026-01-16,77,0.98701,43.32,248.99,248.99,249,0,0.012987,0,0,0.58442,0.4026,249,Savaş öncesi
İran (Asaluyeh),2026-01-17,77,1,15.88,205.2,205.2,205.14,0,0,0,0,0.57143,0.42857,205.14,Savaş öncesi
İran (Asaluyeh),2026-01-18,77,1,18.92,162.83,162.83,162.81,0,0,0,0,0.61039,0.38961,162.81,Savaş öncesi
İran (Asaluyeh),2026-01-19,77,0.97403,45.67,166.84,172.88,172.89,0,0.025974,0,0,0.63636,0.33766,172.89,Savaş öncesi
İran (Asaluyeh),2026-01-20,77,1,61.89,262.63,300.41,348.83,0,0,0,0,0.62338,0.37662,348.83,Savaş öncesi
İran (Asaluyeh),2026-01-21,77,0.8961,49.81,206.81,238.5,238.52,0,0.090909,0,0.012987,0.61039,0.28571,240.6,Savaş öncesi
İran (Asaluyeh),2026-01-22,77,1,26.4,264.35,264.35,264.35,0,0,0,0,0.54545,0.45455,264.35,Savaş öncesi
İran (Asaluyeh),2026-01-23,77,0.012987,5.36,0,0,0,0,0,0.98701,0,0.012987,0,0,Savaş öncesi
İran (Asaluyeh),2026-01-24,77,0.012987,36.62,0,0,0,0,0.012987,0.97403,0,0.012987,0,0,Savaş öncesi
İran (Asaluyeh),2026-01-25,77,1,58.22,398.73,416.26,563.89,0,0,0,0,0.64935,0.35065,563.89,Savaş öncesi
İran (Asaluyeh),2026-01-26,77,0.90909,55.36,168.1,169.93,189.78,0,0.012987,0,0.077922,0.46753,0.44156,214.07,Savaş öncesi
İran (Asaluyeh),2026-01-27,77,0.7013,35.78,38.443,38.443,38.44,0,0.064935,0.23377,0,0.55844,0.14286,60.93,Savaş öncesi
İran (Asaluyeh),2026-01-28,77,0.83117,4.6,62.605,62.605,62.62,0,0,0.16883,0,0.49351,0.33766,63.72,Savaş öncesi
İran (Asaluyeh),2026-01-29,77,0.98701,29.19,80.165,80.165,80.18,0,0.012987,0,0,0.80519,0.18182,80.18,Savaş öncesi
İran (Asaluyeh),2026-01-30,77,0.88312,52.02,181.07,181.07,181.06,0,0.077922,0,0.038961,0.58442,0.2987,199.63,Savaş öncesi
İran (Asaluyeh),2026-01-31,77,0.96104,60.075,188.62,244.34,277.64,0,0.012987,0,0.025974,0.62338,0.33766,283.69,Savaş öncesi
İran (Asaluyeh),2026-02-01,77,0.97403,43.3,188.35,190.32,190.23,0,0,0,0.025974,0.53247,0.44156,191.68,Savaş öncesi
İran (Asaluyeh),2026-02-02,77,1,15.87,121.43,121.43,121.4,0,0,0,0,0.46753,0.53247,121.4,Savaş öncesi
İran (Asaluyeh),2026-02-03,77,0.88312,18.89,26.558,26.558,26.56,0,0,0.11688,0,0.77922,0.1039,26.56,Savaş öncesi
İran (Asaluyeh),2026-02-04,77,0.92208,45.7,106.03,106.82,106.84,0,0.051948,0,0.025974,0.67532,0.24675,130.07,Savaş öncesi
İran (Asaluyeh),2026-02-05,77,0,,,,,0,0,0.77922,0.22078,0,0,0,Savaş öncesi
İran (Asaluyeh),2026-02-06,77,0.55844,50.1,26.754,45.026,45.05,0,0.025974,0.37662,0.038961,0.44156,0.11688,52.7,Savaş öncesi
İran (Asaluyeh),2026-02-07,77,0.93506,26.36,2.7625,2.7625,2.76,0,0,0.064935,0,0.90909,0.025974,2.76,Savaş öncesi
İran (Asaluyeh),2026-02-08,77,1,7.59,90.181,90.181,90.18,0,0,0,0,0.51948,0.48052,90.18,Savaş öncesi
İran (Asaluyeh),2026-02-09,77,0.97403,38.19,175.52,175.52,175.52,0,0.012987,0,0.012987,0.53247,0.44156,177.29,Savaş öncesi
İran (Asaluyeh),2026-02-10,77,0.93506,57.385,118.46,128.11,129.61,0,0.025974,0.012987,0.025974,0.64935,0.28571,130.85,Savaş öncesi
İran (Asaluyeh),2026-02-11,77,0.93506,55.38,106.9,108.95,117.46,0,0,0,0.064935,0.54545,0.38961,119.46,Savaş öncesi
İran (Asaluyeh),2026-02-12,77,0.93506,35.51,115.63,140.68,140.71,0,0.012987,0.051948,0,0.55844,0.37662,140.71,Savaş öncesi
İran (Asaluyeh),2026-02-13,77,1,4.21,104.87,104.87,104.88,0,0,0,0,0.46753,0.53247,104.88,Savaş öncesi
İran (Asaluyeh),2026-02-14,77,0.98701,29.34,162.84,162.84,162.83,0,0.012987,0,0,0.57143,0.41558,166.39,Savaş öncesi
İran (Asaluyeh),2026-02-15,77,0.87013,52.09,201.21,203.2,203.19,0,0.090909,0,0.038961,0.49351,0.37662,234.4,Savaş öncesi
İran (Asaluyeh),2026-02-16,77,0.97403,60.02,205.93,304.49,326.08,0,0,0,0.025974,0.50649,0.46753,327.12,Savaş öncesi
İran (Asaluyeh),2026-02-17,77,0.98701,43.2,150.69,150.69,150.69,0,0,0,0.012987,0.48052,0.50649,153.12,Savaş öncesi
İran (Asaluyeh),2026-02-18,77,1,15.69,108.44,108.44,108.45,0,0,0,0,0.54545,0.45455,108.45,Savaş öncesi
İran (Asaluyeh),2026-02-19,77,1,19.16,126.47,126.47,126.47,0,0,0,0,0.57143,0.42857,126.47,Savaş öncesi
İran (Asaluyeh),2026-02-20,77,0.97403,45.85,155.8,185.34,185.35,0,0.012987,0,0.012987,0.62338,0.35065,197.17,Savaş öncesi
İran (Asaluyeh),2026-02-21,77,0.97403,61.97,287.82,361.49,351.41,0,0,0,0.025974,0.58442,0.38961,358.77,Savaş öncesi
İran (Asaluyeh),2026-02-22,77,0.94805,49.74,263.13,328.83,328.85,0,0.038961,0,0.012987,0.5974,0.35065,344.09,Savaş öncesi
İran (Asaluyeh),2026-02-23,77,1,26.14,149.85,149.85,149.86,0,0,0,0,0.57143,0.42857,149.86,Savaş öncesi
İran (Asaluyeh),2026-02-24,77,1,7.84,155.06,155.06,155.07,0,0,0,0,0.53247,0.46753,155.07,Savaş öncesi
İran (Asaluyeh),2026-02-25,77,0.98701,38.4,155.58,157.45,157.44,0,0,0,0.012987,0.5974,0.38961,160.15,Savaş öncesi
İran (Asaluyeh),2026-02-26,77,0.97403,57.53,219.47,277.55,317.08,0,0.012987,0,0.012987,0.54545,0.42857,328.22,Savaş öncesi
İran (Asaluyeh),2026-02-27,77,0.64935,55.48,58.595,59.968,69.73,0,0,0.22078,0.12987,0.48052,0.16883,72.95,Savaş öncesi
İran (Asaluyeh),2026-02-28,77,0.85714,35.45,18.842,25.32,25.33,0,0.012987,0.12987,0,0.75325,0.1039,25.33,geçiş
İran (Asaluyeh),2026-03-01,77,0.79221,4.18,25.795,25.795,25.8,0,0,0.20779,0,0.58442,0.20779,27.86,geçiş
İran (Asaluyeh),2026-03-02,77,0.038961,32,0,0,0,0,0.025974,0.93506,0,0.038961,0,0,1. kapanma
İran (Asaluyeh),2026-03-03,77,0,,,,,0,0.051948,0.8961,0.051948,0,0,0,1. kapanma
İran (Asaluyeh),2026-03-04,77,0.42857,66.77,99.508,111.67,100.57,0,0.012987,0.4026,0.15584,0.31169,0.11688,139.26,1. kapanma
İran (Asaluyeh),2026-03-05,77,0.76623,43.13,172.24,172.24,172.25,0,0,0.20779,0.025974,0.45455,0.31169,183.61,1. kapanma
İran (Asaluyeh),2026-03-06,77,1,15.32,99.148,99.148,99.17,0,0,0,0,0.61039,0.38961,99.17,1. kapanma
İran (Asaluyeh),2026-03-07,77,1,19.53,88.388,88.388,88.39,0,0,0,0,0.75325,0.24675,88.39,1. kapanma
İran (Asaluyeh),2026-03-08,77,0.96104,46.055,158.97,201.74,201.72,0,0.038961,0,0,0.63636,0.32468,208.36,1. kapanma
İran (Asaluyeh),2026-03-09,77,0.012987,62.37,0,0,0,0,0,0.83117,0.15584,0.012987,0,0,1. kapanma
İran (Asaluyeh),2026-03-10,77,0,,,,,0,0.038961,0.94805,0.012987,0,0,0,1. kapanma
İran (Asaluyeh),2026-03-11,77,1,25.84,89.523,89.523,89.55,0,0,0,0,0.64935,0.35065,89.55,1. kapanma
İran (Asaluyeh),2026-03-12,77,0.38961,11.27,3.1642,3.1642,3.16,0,0,0.61039,0,0.37662,0.012987,3.16,1. kapanma
İran (Asaluyeh),2026-03-13,77,1,38.66,234.54,234.54,234.56,0,0,0,0,0.50649,0.49351,234.56,1. kapanma
İran (Asaluyeh),2026-03-14,77,0.81818,57.66,141.57,224.09,239.67,0,0.012987,0.051948,0.11688,0.49351,0.32468,267.62,1. kapanma
İran (Asaluyeh),2026-03-15,77,0.93506,54.98,134.23,134.23,140.79,0,0,0,0.064935,0.67532,0.25974,140.79,1. kapanma
İran (Asaluyeh),2026-03-16,77,0,,,,,0,0.077922,0.92208,0,0,0,0,1. kapanma
İran (Asaluyeh),2026-03-17,77,1,3.46,118.3,118.3,118.3,0,0,0,0,0.58442,0.41558,118.3,1. kapanma
İran (Asaluyeh),2026-03-18,77,0.96104,30.03,257.21,292.76,292.73,0,0.038961,0,0,0.55844,0.4026,292.73,1. kapanma
İran (Asaluyeh),2026-03-19,77,0,,,,,0,0.025974,0.88312,0.090909,0,0,0,1. kapanma
İran (Asaluyeh),2026-03-20,77,0.93506,59.74,268.3,344.72,479.32,0,0,0,0.064935,0.57143,0.36364,498.12,1. kapanma
İran (Asaluyeh),2026-03-21,77,0.90909,42.81,139.59,139.59,139.61,0,0,0.090909,0,0.67532,0.23377,139.61,1. kapanma
İran (Asaluyeh),2026-03-22,77,0.012987,11.63,1.3175,1.3175,1.32,0,0,0.98701,0,0,0.012987,5.94,1. kapanma
İran (Asaluyeh),2026-03-23,77,1,19.96,169.18,169.18,169.2,0,0,0,0,0.61039,0.38961,169.2,1. kapanma
İran (Asaluyeh),2026-03-24,77,0.051948,44.375,0,0,0,0,0.025974,0.87013,0.051948,0.051948,0,0,1. kapanma
İran (Asaluyeh),2026-03-25,77,0.93506,62.42,253.36,318.13,340.37,0,0.012987,0,0.051948,0.55844,0.37662,342.56,1. kapanma
İran (Asaluyeh),2026-03-26,77,0.44156,49.415,0,0,0,0,0.051948,0.48052,0.025974,0.44156,0,0,1. kapanma
İran (Asaluyeh),2026-03-27,77,1,25.35,259.77,259.77,259.74,0,0,0,0,0.55844,0.44156,259.74,1. kapanma
İran (Asaluyeh),2026-03-28,77,1,8.86,184.74,184.74,184.73,0,0,0,0,0.5974,0.4026,184.73,1. kapanma
İran (Asaluyeh),2026-03-29,77,0.98701,39.05,150.55,150.55,0,0,0,0,0.012987,0.58442,0.4026,,1. kapanma
İran (Asaluyeh),2026-03-30,77,0.22078,57.81,5.6227,8.4141,8.42,0,0,0.55844,0.22078,0.18182,0.038961,8.42,1. kapanma
İran (Asaluyeh),2026-03-31,77,0.94805,54.7,204.56,204.56,205.98,0,0,0,0.051948,0.48052,0.46753,211.86,1. kapanma
İran (Asaluyeh),2026-04-01,77,0.97403,34.42,251.08,297.48,297.48,0,0.025974,0,0,0.54545,0.42857,297.48,1. kapanma
İran (Asaluyeh),2026-04-02,77,1,2.79,95.067,95.067,95.11,0,0,0,0,0.61039,0.38961,95.11,1. kapanma
İran (Asaluyeh),2026-04-03,77,0.55844,30.07,205.49,205.49,205.42,0,0.077922,0.36364,0,0.36364,0.19481,205.42,1. kapanma
İran (Asaluyeh),2026-04-04,77,0,,,,,0,0.051948,0.81818,0.12987,0,0,0,1. kapanma
İran (Asaluyeh),2026-04-05,77,0.97403,59.47,263.62,396.86,314.14,0,0,0,0.025974,0.58442,0.38961,322.84,1. kapanma
İran (Asaluyeh),2026-04-06,77,1,42.27,275.71,275.71,275.71,0,0,0,0,0.51948,0.48052,275.71,1. kapanma
İran (Asaluyeh),2026-04-07,77,1,14.24,106.31,106.31,106.37,0,0,0,0,0.58442,0.41558,106.37,1. kapanma
İran (Asaluyeh),2026-04-08,77,1,20.57,175.99,175.99,175.95,0,0,0,0,0.62338,0.37662,175.95,1. kapanma
İran (Asaluyeh),2026-04-09,77,0.94805,46.69,143.59,145.19,145.2,0,0.025974,0,0.025974,0.57143,0.37662,161.78,1. kapanma
İran (Asaluyeh),2026-04-10,77,0.90909,62.34,218.34,253.69,334.5,0,0.012987,0,0.077922,0.5974,0.31169,337.75,1. kapanma
İran (Asaluyeh),2026-04-11,77,0,,,,,0,0.051948,0.93506,0.012987,0,0,0,1. kapanma
İran (Asaluyeh),2026-04-12,77,1,24.7,76.405,76.405,76.43,0,0,0,0,0.64935,0.35065,76.43,1. kapanma
İran (Asaluyeh),2026-04-13,77,0.87013,9.47,60.069,60.069,60.07,0,0,0.12987,0,0.53247,0.33766,65.17,1. kapanma
İran (Asaluyeh),2026-04-14,77,0.51948,41.4,91.758,91.758,91.77,0,0,0.48052,0,0.27273,0.24675,91.77,1. kapanma
İran (Asaluyeh),2026-04-15,77,0.97403,58.09,190.6,257.73,297.39,0,0.012987,0,0.012987,0.54545,0.42857,301.6,1. kapanma
İran (Asaluyeh),2026-04-16,77,0.92208,54.54,231.59,231.59,243.82,0,0,0.038961,0.038961,0.45455,0.46753,266,1. kapanma
İran (Asaluyeh),2026-04-17,77,0.92208,34.08,166.73,173.16,173.15,0,0.077922,0,0,0.50649,0.41558,185.35,1. kapanma
İran (Asaluyeh),2026-04-18,77,1,2.46,93.971,93.971,93.95,0,0,0,0,0.53247,0.46753,93.95,1. kapanma
İran (Asaluyeh),2026-04-19,77,0.64935,30.38,38.239,42.495,42.5,0,0.077922,0.27273,0,0.38961,0.25974,64.22,1. kapanma
İran (Asaluyeh),2026-04-20,77,0,,,,,0,0.025974,0.90909,0.064935,0,0,0,1. kapanma
İran (Asaluyeh),2026-04-21,77,0.012987,59.68,0,0,0,0,0,0.72727,0.25974,0.012987,0,0,1. kapanma
İran (Asaluyeh),2026-04-22,77,0,,,,,0,0,0.97403,0.025974,0,0,0,1. kapanma
İran (Asaluyeh),2026-04-23,77,0.63636,14.6,47.711,47.711,47.69,0,0,0.36364,0,0.38961,0.24675,47.69,1. kapanma
İran (Asaluyeh),2026-04-24,77,0.35065,23.21,45.214,45.214,45.18,0,0,0.64935,0,0.20779,0.14286,45.18,1. kapanma
İran (Asaluyeh),2026-04-25,77,0.92208,46.58,66.221,87.405,87.38,0,0.077922,0,0,0.71429,0.20779,87.38,1. kapanma
İran (Asaluyeh),2026-04-26,77,0.97403,62.32,349.18,489.36,534.25,0,0.012987,0,0.012987,0.53247,0.44156,537.44,1. kapanma
İran (Asaluyeh),2026-04-27,77,0.45455,49.04,27.662,27.662,27.66,0,0.038961,0.42857,0.077922,0.42857,0.025974,27.66,1. kapanma
İran (Asaluyeh),2026-04-28,77,0.93506,24.82,192.16,192.16,192.18,0,0,0.064935,0,0.57143,0.36364,192.18,1. kapanma
İran (Asaluyeh),2026-04-29,77,0.49351,12.2,84.542,84.542,84.55,0,0,0.50649,0,0.32468,0.16883,84.55,1. kapanma
İran (Asaluyeh),2026-04-30,77,0.96104,39.27,144.89,144.89,144.87,0,0,0,0.038961,0.55844,0.4026,144.87,1. kapanma
İran (Asaluyeh),2026-05-01,77,0.96104,58.045,213.24,301.63,325.66,0,0,0,0.038961,0.66234,0.2987,347.92,1. kapanma
İran (Asaluyeh),2026-05-02,77,0.96104,54.555,233.59,235.95,245.93,0,0.012987,0,0.025974,0.54545,0.41558,274.34,1. kapanma
İran (Asaluyeh),2026-05-03,77,0.96104,34.26,195.83,243.14,243.2,0,0.038961,0,0,0.64935,0.31169,256.45,1. kapanma
İran (Asaluyeh),2026-05-04,77,1,2.68,183.44,183.44,183.46,0,0,0,0,0.57143,0.42857,183.46,1. kapanma
İran (Asaluyeh),2026-05-05,77,0.94805,30.63,164.66,175.75,175.7,0,0.051948,0,0,0.63636,0.31169,190.43,1. kapanma
İran (Asaluyeh),2026-05-06,77,0.93506,52.815,280.94,312.8,367.92,0,0.038961,0,0.025974,0.57143,0.36364,370.93,1. kapanma
İran (Asaluyeh),2026-05-07,77,0.96104,59.39,247.19,266.11,278.1,0,0.012987,0,0.025974,0.5974,0.36364,293.14,1. kapanma
İran (Asaluyeh),2026-05-08,77,0.96104,42.27,250.13,255.79,255.75,0,0,0,0.038961,0.5974,0.36364,269.29,1. kapanma
İran (Asaluyeh),2026-05-09,77,1,14.3,329.61,329.61,329.61,0,0,0,0,0.57143,0.42857,329.61,1. kapanma
İran (Asaluyeh),2026-05-10,77,0.98701,20.435,150.9,150.9,150.91,0,0,0.012987,0,0.55844,0.42857,150.91,1. kapanma
İran (Asaluyeh),2026-05-11,77,0.85714,46.52,166.4,208.02,208,0,0.11688,0,0.025974,0.5974,0.25974,261.62,1. kapanma
İran (Asaluyeh),2026-05-12,77,0.96104,62.34,379.73,395.51,480.16,0,0,0,0.038961,0.5974,0.36364,496.44,1. kapanma
İran (Asaluyeh),2026-05-13,77,0.92208,48.92,324.52,324.52,324.51,0,0.064935,0,0.012987,0.5974,0.32468,337.72,1. kapanma
İran (Asaluyeh),2026-05-14,77,1,24.97,242.59,242.59,242.59,0,0,0,0,0.57143,0.42857,242.59,1. kapanma
İran (Asaluyeh),2026-05-15,77,1,9.19,188.51,188.51,188.53,0,0,0,0,0.5974,0.4026,188.53,1. kapanma
İran (Asaluyeh),2026-05-16,77,0.98701,39.275,279.63,279.63,279.68,0,0,0,0.012987,0.63636,0.35065,279.68,1. kapanma
İran (Asaluyeh),2026-05-17,77,0.98701,58.47,263.29,342.07,467.31,0,0,0,0.012987,0.64935,0.33766,534.47,1. kapanma
İran (Asaluyeh),2026-05-18,77,0.93506,54.59,263.12,267.17,289.99,0,0,0,0.064935,0.53247,0.4026,308.51,1. kapanma
İran (Asaluyeh),2026-05-19,77,0.96104,34.32,144.76,144.76,144.77,0,0.038961,0,0,0.66234,0.2987,179.37,1. kapanma
İran (Asaluyeh),2026-05-20,77,1,2.66,135.83,135.83,135.8,0,0,0,0,0.54545,0.45455,135.8,1. kapanma
İran (Asaluyeh),2026-05-21,77,0.96104,30.51,198.2,203.92,203.94,0,0.038961,0,0,0.57143,0.38961,212.04,1. kapanma
İran (Asaluyeh),2026-05-22,77,0.90909,52.84,591.39,602.01,636.85,0,0.064935,0,0.025974,0.54545,0.36364,644.45,1. kapanma
İran (Asaluyeh),2026-05-23,77,0.96104,59.42,386.17,477.5,591.8,0,0,0,0.038961,0.61039,0.35065,630.52,1. kapanma
İran (Asaluyeh),2026-05-24,77,1,42.31,318.33,318.33,318.32,0,0,0,0,0.62338,0.37662,318.32,1. kapanma
İran (Asaluyeh),2026-05-25,77,1,14.29,148.24,148.24,148.23,0,0,0,0,0.5974,0.4026,148.23,1. kapanma
İran (Asaluyeh),2026-05-26,77,1,20.46,123.55,123.55,123.51,0,0,0,0,0.5974,0.4026,123.51,1. kapanma
İran (Asaluyeh),2026-05-27,77,0.92208,46.67,438.47,509.01,509.01,0,0.077922,0,0,0.54545,0.37662,530.95,1. kapanma
İran (Asaluyeh),2026-05-28,77,0.98701,62.34,298.96,339.48,416.53,0,0,0,0.012987,0.63636,0.35065,416.53,1. kapanma
İran (Asaluyeh),2026-05-29,77,1,48.97,187.28,187.28,187.27,0,0,0,0,0.66234,0.33766,187.27,1. kapanma
İran (Asaluyeh),2026-05-30,77,1,24.97,279.77,279.77,279.75,0,0,0,0,0.58442,0.41558,279.75,1. kapanma
İran (Asaluyeh),2026-05-31,77,1,9.23,230.86,230.86,230.88,0,0,0,0,0.63636,0.36364,230.88,1. kapanma
İran (Asaluyeh),2026-06-01,77,0.98701,39.31,234.7,234.7,234.74,0,0,0,0.012987,0.61039,0.37662,236.73,1. kapanma
İran (Asaluyeh),2026-06-02,77,0.96104,58.055,224.89,266.58,442.76,0,0,0,0.038961,0.61039,0.35065,496.61,1. kapanma
İran (Asaluyeh),2026-06-03,77,0.94805,54.57,318.99,318.99,348.53,0,0.012987,0,0.038961,0.58442,0.36364,366.83,1. kapanma
İran (Asaluyeh),2026-06-04,77,0.97403,34.25,274.62,364.57,364.54,0,0.025974,0,0,0.58442,0.38961,364.54,1. kapanma
İran (Asaluyeh),2026-06-05,77,1,2.7,270.9,270.9,270.9,0,0,0,0,0.61039,0.38961,270.9,1. kapanma
İran (Asaluyeh),2026-06-06,77,0.94805,30.69,277.63,280.1,280.09,0,0.051948,0,0,0.5974,0.35065,286.36,1. kapanma
İran (Asaluyeh),2026-06-07,77,0.93506,52.895,331.63,347.56,422.98,0,0.038961,0,0.025974,0.55844,0.37662,429.87,1. kapanma
İran (Asaluyeh),2026-06-08,77,0.92208,59.4,428.31,450,573.79,0,0,0,0.077922,0.51948,0.4026,595.84,1. kapanma
İran (Asaluyeh),2026-06-09,77,0.96104,42.27,275.48,279.81,279.78,0,0,0,0.038961,0.53247,0.42857,287.22,1. kapanma
İran (Asaluyeh),2026-06-10,77,1,14.17,204.59,204.59,204.59,0,0,0,0,0.57143,0.42857,204.59,1. kapanma
İran (Asaluyeh),2026-06-11,77,1,20.57,218.23,218.23,218.29,0,0,0,0,0.58442,0.41558,218.29,1. kapanma
İran (Asaluyeh),2026-06-12,77,0.87013,46.67,184.84,201.4,201.4,0,0.090909,0,0.038961,0.55844,0.31169,210.69,1. kapanma
İran (Asaluyeh),2026-06-13,77,0.98701,62.36,234.09,349.95,465.77,0,0,0,0.012987,0.64935,0.33766,466.5,1. kapanma
İran (Asaluyeh),2026-06-14,77,0.94805,48.9,225,278.28,278.29,0,0.051948,0,0,0.58442,0.36364,286.44,geçiş
İran (Asaluyeh),2026-06-15,77,1,24.87,279.04,279.04,279.07,0,0,0,0,0.58442,0.41558,279.07,geçiş
İran (Asaluyeh),2026-06-16,77,1,9.38,157.05,157.05,157.07,0,0,0,0,0.63636,0.36364,157.07,geçiş
İran (Asaluyeh),2026-06-17,77,0.98701,39.42,185.7,185.7,185.69,0,0,0,0.012987,0.67532,0.31169,208.65,geçiş
İran (Asaluyeh),2026-06-18,77,0.94805,58.18,296.38,372.12,471.3,0,0,0,0.051948,0.58442,0.36364,508.37,Açılış
İran (Asaluyeh),2026-06-19,77,0.90909,54.515,362.08,362.08,371.62,0,0,0,0.090909,0.48052,0.42857,404.3,Açılış
İran (Asaluyeh),2026-06-20,77,0.97403,34.24,170.67,178.76,178.77,0,0.025974,0,0,0.61039,0.36364,178.77,Açılış
İran (Asaluyeh),2026-06-21,77,1,2.5,114.15,114.15,114.14,0,0,0,0,0.63636,0.36364,114.14,Açılış
İran (Asaluyeh),2026-06-22,77,0.92208,30.69,137.89,146.2,146.22,0,0.077922,0,0,0.62338,0.2987,179.9,Açılış
İran (Asaluyeh),2026-06-23,77,0.93506,52.995,208.11,213.07,266.64,0,0.038961,0,0.025974,0.57143,0.36364,278.29,Açılış
İran (Asaluyeh),2026-06-24,77,0.94805,59.37,303.69,380.33,412.03,0,0.012987,0,0.038961,0.53247,0.41558,412.49,Açılış
İran (Asaluyeh),2026-06-25,77,0.96104,42.155,219.9,219.9,219.91,0,0.012987,0,0.025974,0.57143,0.38961,226.09,Açılış
İran (Asaluyeh),2026-06-26,77,1,14.1,122.17,122.17,122.21,0,0,0,0,0.64935,0.35065,122.21,Açılış
İran (Asaluyeh),2026-06-27,77,1,20.64,159.34,159.34,159.35,0,0,0,0,0.7013,0.2987,159.35,Açılış
İran (Asaluyeh),2026-06-28,77,0.92208,46.71,180.48,226.15,226.17,0,0.064935,0,0.012987,0.5974,0.32468,242.67,Açılış
İran (Asaluyeh),2026-06-29,77,0.94805,62.39,422.34,453.59,543.79,0,0,0,0.051948,0.64935,0.2987,549.44,Açılış
İran (Asaluyeh),2026-06-30,77,0.93506,48.985,264.22,338.96,339,0,0.051948,0,0.012987,0.58442,0.35065,339,Açılış
İran (Asaluyeh),2026-07-01,77,1,25.03,146,146,146.03,0,0,0,0,0.67532,0.32468,146.03,Açılış
İran (Asaluyeh),2026-07-02,77,1,9.17,187.11,187.11,187.14,0,0,0,0,0.5974,0.4026,187.14,Açılış
İran (Asaluyeh),2026-07-03,77,0.98701,39.27,235.29,235.29,235.28,0,0,0,0.012987,0.63636,0.35065,235.28,Açılış
İran (Asaluyeh),2026-07-04,77,0.92208,58.03,347.88,375.65,425.21,0,0,0,0.077922,0.55844,0.36364,447.79,Açılış
İran (Asaluyeh),2026-07-05,77,0.94805,54.73,359.71,359.71,420.08,0,0.012987,0,0.038961,0.50649,0.44156,437.92,Açılış
İran (Asaluyeh),2026-07-06,77,0.98701,34.56,228.89,303.8,303.75,0,0.012987,0,0,0.61039,0.37662,303.75,Açılış
İran (Asaluyeh),2026-07-07,77,1,2.88,147.62,147.62,147.6,0,0,0,0,0.66234,0.33766,147.6,Açılış
İran (Asaluyeh),2026-07-08,77,0.97403,30.43,179,203.55,203.55,0,0.025974,0,0,0.68831,0.28571,212.31,Açılış
İran (Asaluyeh),2026-07-09,77,0.8961,52.76,339.49,363.85,440.93,0,0.090909,0,0.012987,0.54545,0.35065,463.01,Açılış
İran (Asaluyeh),2026-07-10,77,0.93506,59.55,324.13,521.5,642.25,0,0.025974,0,0.038961,0.62338,0.31169,678.27,Açılış
İran (Asaluyeh),2026-07-11,77,0.98701,42.54,220.82,220.82,220.8,0,0,0,0.012987,0.62338,0.36364,220.8,geçiş
İran (Asaluyeh),2026-07-12,77,1,14.68,163.88,163.88,163.92,0,0,0,0,0.63636,0.36364,163.92,geçiş
İran (Asaluyeh),2026-07-13,77,1,20.14,136.88,136.88,136.9,0,0,0,0,0.62338,0.37662,136.9,2. kapanma
İran (Asaluyeh),2026-07-14,77,0.96104,46.38,186.83,197.17,197.17,0,0.025974,0,0.012987,0.62338,0.33766,204.62,2. kapanma
İran (Asaluyeh),2026-07-15,77,0.97403,62.38,247.23,325.22,361.2,0,0,0,0.025974,0.62338,0.35065,366.05,2. kapanma
İran (Asaluyeh),2026-07-16,77,0.90909,49.3,142.25,186.25,186.22,0,0.090909,0,0,0.58442,0.32468,189.38,2. kapanma
İran (Asaluyeh),2026-07-17,77,0.93506,25.605,137.4,137.4,137.38,0,0,0.064935,0,0.71429,0.22078,137.38,2. kapanma
İran (Asaluyeh),2026-07-18,77,1,8.62,104.39,104.39,104.43,0,0,0,0,0.66234,0.33766,104.43,2. kapanma
İran (Asaluyeh),2026-07-19,77,0.97403,38.88,155.13,155.13,155.1,0,0,0,0.025974,0.66234,0.31169,174.22,2. kapanma
İran (Asaluyeh),2026-07-20,77,0.97403,57.8,150.91,220.25,345.34,0,0,0,0.025974,0.66234,0.31169,359.29,2. kapanma
İran (Asaluyeh),2026-07-21,77,0.87013,54.94,166.04,166.04,181.78,0,0,0,0.12987,0.55844,0.31169,216.77,2. kapanma
İran (Asaluyeh),2026-07-22,77,0.97403,34.88,201.32,255.9,255.91,0,0.025974,0,0,0.62338,0.35065,257.33,2. kapanma
İran (Asaluyeh),2026-07-23,77,1,3.42,114.08,114.08,114.07,0,0,0,0,0.64935,0.35065,114.07,2. kapanma
İran (Asaluyeh),2026-07-24,77,1,29.94,187.04,203.84,203.84,0,0,0,0,0.61039,0.38961,203.84,2. kapanma
İran (Asaluyeh),2026-07-25,77,0.85714,52.48,147.46,147.46,147.48,0,0.1039,0,0.038961,0.68831,0.16883,164.59,2. kapanma
İran (Asaluyeh),2026-07-26,77,0.92208,59.66,94.107,94.107,257.08,0,0.025974,0,0.051948,0.76623,0.15584,327.67,2. kapanma
İran (Asaluyeh),2026-07-27,77,0.62338,41.02,120.74,120.74,120.75,0,0,0.35065,0.025974,0.49351,0.12987,120.75,2. kapanma
İran (Asaluyeh),2026-07-28,77,1,15.2,155.58,155.58,155.58,0,0,0,0,0.63636,0.36364,155.58,2. kapanma
İran (Asaluyeh),2026-07-29,77,0.94805,19.66,148.32,148.32,148.33,0,0,0.051948,0,0.74026,0.20779,148.33,2. kapanma
İran (Asaluyeh),2026-07-30,77,0.92208,46.06,123.44,153.03,153.02,0,0.077922,0,0,0.63636,0.28571,155.03,2. kapanma
İran (Asaluyeh),2026-07-31,77,0.97403,62.6,220.36,296.37,378.23,0,0,0,0.025974,0.75325,0.22078,390.98,2. kapanma
İran (Asaluyeh),2026-08-01,77,0.94805,49.55,183.54,195.41,195.41,0,0.038961,0,0.012987,0.67532,0.27273,214.11,2. kapanma
İran (Asaluyeh),2026-08-02,77,0.96104,25.9,0,0,0,0,0,0.038961,0,0.96104,0,0,2. kapanma
İran (Asaluyeh),2026-08-03,77,0.12987,7.9,0,0,0,0,0,0.87013,0,0.12987,0,0,2. kapanma
İran (Asaluyeh),2026-08-04,77,0.98701,38.51,167.76,167.76,167.78,0,0.012987,0,0,0.66234,0.32468,167.78,2. kapanma
İran (Asaluyeh),2026-08-05,77,0.97403,57.58,206.06,272.34,313.57,0,0,0,0.025974,0.63636,0.33766,318.68,2. kapanma
İran (Asaluyeh),2026-08-06,77,0.87013,55.22,86.514,89.498,271.42,0,0,0.038961,0.090909,0.79221,0.077922,284.18,2. kapanma
İran (Asaluyeh),2026-08-07,77,0.94805,35.25,239.79,327.45,327.47,0,0.038961,0,0.012987,0.63636,0.31169,327.47,2. kapanma
İran (Asaluyeh),2026-08-08,77,0.74026,4.27,86.335,86.335,86.33,0,0,0.25974,0,0.53247,0.20779,86.33,2. kapanma
İran (Asaluyeh),2026-08-09,77,0.77922,29.32,192.43,203.78,203.8,0,0.025974,0.19481,0,0.54545,0.23377,203.8,2. kapanma
İran (Asaluyeh),2026-08-10,77,0.76623,53.24,107.45,143.28,143.27,0,0.077922,0.090909,0.064935,0.61039,0.15584,143.27,2. kapanma
İran (Asaluyeh),2026-08-11,77,0.94805,59.92,284.54,349.98,513.5,0,0.012987,0,0.038961,0.63636,0.31169,534.86,2. kapanma
İran (Asaluyeh),2026-08-12,77,0.97403,43.1,273.09,273.09,273.05,0,0.012987,0,0.012987,0.63636,0.33766,273.05,2. kapanma
İran (Asaluyeh),2026-08-13,77,1,15.57,130.44,130.44,130.42,0,0,0,0,0.63636,0.36364,130.42,2. kapanma
İran (Asaluyeh),2026-08-14,77,1,19.17,150.35,150.35,150.38,0,0,0,0,0.64935,0.35065,150.38,2. kapanma
İran (Asaluyeh),2026-08-15,77,0.90909,45.78,183.98,233.41,233.45,0,0.064935,0,0.025974,0.64935,0.25974,266.31,2. kapanma
İran (Asaluyeh),2026-08-16,77,0.46753,61.93,0,0,32.14,0,0,0.28571,0.24675,0.46753,0,32.14,2. kapanma
İran (Asaluyeh),2026-08-17,77,0.8961,49.72,132.05,156.43,156.41,0,0.090909,0,0.012987,0.64935,0.24675,182.07,2. kapanma
İran (Asaluyeh),2026-08-18,77,1,26.27,149.86,149.86,149.89,0,0,0,0,0.7013,0.2987,149.89,2. kapanma
İran (Asaluyeh),2026-08-19,77,1,7.72,164.29,164.29,164.32,0,0,0,0,0.54545,0.45455,164.32,2. kapanma
İran (Asaluyeh),2026-08-20,77,0.98701,38.185,56.966,56.966,56.98,0,0.012987,0,0,0.88312,0.1039,56.98,2. kapanma
İran (Asaluyeh),2026-08-21,77,0.92208,58.45,82.881,117.24,180.95,0,0,0.012987,0.064935,0.83117,0.090909,225.54,2. kapanma
İran (Asaluyeh),2026-08-22,77,0.79221,55.35,126.66,141.35,150.92,0,0.012987,0.15584,0.038961,0.62338,0.16883,161.54,2. kapanma
İran (Asaluyeh),2026-08-23,77,0.96104,35.495,143.86,150.79,150.76,0,0.038961,0,0,0.67532,0.28571,153.62,2. kapanma
İran (Asaluyeh),2026-08-24,77,1,4.32,93.303,93.303,93.33,0,0,0,0,0.61039,0.38961,93.33,2. kapanma
İran (Asaluyeh),2026-08-25,77,0.94805,29.19,129.09,153.79,153.75,0,0.051948,0,0,0.67532,0.27273,159.61,2. kapanma
İran (Asaluyeh),2026-08-26,77,0.81818,52.02,183.1,201.85,201.88,0,0.1039,0,0.077922,0.5974,0.22078,249.66,2. kapanma
İran (Asaluyeh),2026-08-27,77,0.93506,59.955,198.56,262.22,374.63,0,0.025974,0,0.038961,0.62338,0.31169,396.1,2. kapanma
İran (Asaluyeh),2026-08-28,77,0,,,,,0,1,0,0,0,0,,2. kapanma
İran (Asaluyeh),2026-08-29,77,1,15.9,118.55,118.55,118.52,0,0,0,0,0.58442,0.41558,118.52,2. kapanma
İran (Asaluyeh),2026-08-30,77,1,18.81,115.1,115.1,115.09,0,0,0,0,0.67532,0.32468,115.09,2. kapanma
İran (Asaluyeh),2026-08-31,77,0.98701,45.57,191.2,206.74,206.72,0,0.012987,0,0,0.71429,0.27273,207.7,2. kapanma
İran (Asaluyeh),2026-09-01,77,0.94805,61.81,273.77,314.69,465.26,0,0.012987,0,0.038961,0.66234,0.28571,508.27,2. kapanma
İran (Asaluyeh),2026-09-02,77,0.96104,49.9,205.05,205.05,205.05,0,0.038961,0,0,0.66234,0.2987,205.05,2. kapanma
İran (Asaluyeh),2026-09-03,77,1,26.52,189.06,189.06,189.07,0,0,0,0,0.7013,0.2987,189.07,2. kapanma
İran (Asaluyeh),2026-09-04,77,1,7.32,200.23,200.23,200.24,0,0,0,0,0.5974,0.4026,200.24,2. kapanma
İran (Asaluyeh),2026-09-05,77,0.97403,37.95,271.7,271.7,271.69,0,0.012987,0,0.012987,0.5974,0.37662,272.69,2. kapanma
İran (Asaluyeh),2026-09-06,77,0.96104,57.23,464.8,515.87,550.07,0,0,0,0.038961,0.61039,0.35065,562.06,2. kapanma
İran (Asaluyeh),2026-09-07,77,0.98701,55.4,231.32,238.49,231.1,0,0,0,0.012987,0.57143,0.41558,232.71,2. kapanma
İran (Asaluyeh),2026-09-08,77,0.98701,35.72,190.52,239.28,239.29,0,0.012987,0,0,0.64935,0.33766,243.06,2. kapanma
İran (Asaluyeh),2026-09-09,77,1,4.57,132.76,132.76,132.71,0,0,0,0,0.62338,0.37662,132.71,2. kapanma
İran (Asaluyeh),2026-09-10,77,0.97403,28.94,230.81,230.81,230.81,0,0.025974,0,0,0.58442,0.38961,230.81,2. kapanma
İran (Asaluyeh),2026-09-11,77,0.87013,51.86,225.34,225.34,225.34,0,0.077922,0,0.051948,0.62338,0.24675,258.15,2. kapanma
İran (Asaluyeh),2026-09-12,77,0.94805,60.05,252.21,347.34,389.57,0,0,0,0.051948,0.57143,0.37662,398.78,2. kapanma
İran (Asaluyeh),2026-09-13,77,0.98701,43.5,317.26,317.26,317.25,0,0,0,0.012987,0.5974,0.38961,317.25,2. kapanma
İran (Asaluyeh),2026-09-14,77,1,16.24,123.74,123.74,123.7,0,0,0,0,0.63636,0.36364,123.7,2. kapanma
İran (Asaluyeh),2026-09-15,77,1,18.56,127.83,127.83,127.83,0,0,0,0,0.68831,0.31169,127.83,2. kapanma
İran (Asaluyeh),2026-09-16,77,0.97403,45.43,187.23,187.23,187.23,0,0.025974,0,0,0.63636,0.33766,187.23,2. kapanma
İran (Asaluyeh),2026-09-17,77,0.96104,62.48,480.02,568.47,645.56,0,0.025974,0,0.012987,0.63636,0.32468,677.28,2. kapanma
İran (Asaluyeh),2026-09-18,77,0.90909,50.03,224.74,258.68,258.64,0,0.064935,0,0.025974,0.62338,0.28571,289.65,2. kapanma
İran (Asaluyeh),2026-09-19,77,1,26.74,182.48,182.48,182.48,0,0,0,0,0.63636,0.36364,182.48,2. kapanma
İran (Asaluyeh),2026-09-20,77,1,7.12,102.7,102.7,102.7,0,0,0,0,0.68831,0.31169,102.7,2. kapanma
İran (Asaluyeh),2026-09-21,77,0.96104,37.79,175.46,175.46,175.46,0,0.025974,0,0.012987,0.58442,0.37662,177.45,2. kapanma
İran (Asaluyeh),2026-09-22,77,0.97403,57.15,169.24,185.16,256.36,0,0.012987,0,0.012987,0.68831,0.28571,264.55,2. kapanma
İran (Asaluyeh),2026-09-23,77,0.94805,55.51,291.79,339.77,420.86,0,0,0,0.051948,0.58442,0.36364,424.02,geçiş
İran (Asaluyeh),2026-09-24,77,0.96104,35.94,145.73,145.73,145.72,0,0.038961,0,0,0.61039,0.35065,155.28,geçiş
