anahtar,utc_baslangic,sensor,ates_dosya,ates_uretim,ates_pge,ates_bayt,ates_sha256,bulut_dosya,bulut_uretim,bulut_bayt,bulut_md5_saglayici
A2024245.2106,2024-09-01T21:06Z,NOAA-21 VIIRS,VJ214IMG.A2024245.2106.002.2025285144749.nc,2025-10-12T14:47:49.000Z,2.0.14,1136579,2268ca5c95752b2b05a4a166f6d11c9d796aa976f026969bf61063af7a406523,CLDMSK_L2_VIIRS_NOAA21.A2024245.2106.001.2024247120852.nc,2024-09-03T12:08:52.910Z,53580274,c0b25cf449fbedddc5da7da7e7c3f58d
A2024245.2112,2024-09-01T21:12Z,NOAA-21 VIIRS,VJ214IMG.A2024245.2112.002.2025285144752.nc,2025-10-12T14:47:52.000Z,2.0.14,1272133,e0911ca5a464e9e627e46d9a902841f803f841c229bf5064874b0473eeb003af,CLDMSK_L2_VIIRS_NOAA21.A2024245.2112.001.2024247120855.nc,2024-09-03T12:08:55.010Z,53098358,58be874177f06acac605cd8193fee086
A2024245.2248,2024-09-01T22:48Z,NOAA-21 VIIRS,VJ214IMG.A2024245.2248.002.2025285144751.nc,2025-10-12T14:47:51.000Z,2.0.14,734926,edda772dedf784e8a8c3305a1bcf7ec06a057284f86c4803b9faaaf85c295bd9,CLDMSK_L2_VIIRS_NOAA21.A2024245.2248.001.2024247120853.nc,2024-09-03T12:08:53.410Z,49470603,51a66292a8b3e8265de12298be9c70a1
A2024245.2254,2024-09-01T22:54Z,NOAA-21 VIIRS,VJ214IMG.A2024245.2254.002.2025285144751.nc,2025-10-12T14:47:51.000Z,2.0.14,1270391,c04cf1acde2379c8046c8dd169015f7b05b6c757d68aeb35a4d1719a346775ab,CLDMSK_L2_VIIRS_NOAA21.A2024245.2254.001.2024247120908.nc,2024-09-03T12:09:08.390Z,52941838,cf53be69214cf2b42aed53e8423aea62
A2024246.2048,2024-09-02T20:48Z,NOAA-21 VIIRS,VJ214IMG.A2024246.2048.002.2025285150019.nc,2025-10-12T15:00:19.000Z,2.0.14,1677533,99563f0c530b20275dd7e212900bb1a6183a3072c4ed8a5a6d574504c9bff37c,CLDMSK_L2_VIIRS_NOAA21.A2024246.2048.001.2024247121832.nc,2024-09-03T12:18:32.700Z,53739960,4fd910388d9db76f38a3a9c628fa4ee3
A2024246.2054,2024-09-02T20:54Z,NOAA-21 VIIRS,VJ214IMG.A2024246.2054.002.2025285150021.nc,2025-10-12T15:00:21.000Z,2.0.14,2016147,ffb400aac7ed77d5733cafb1ed9d065843deedd7e65b318ba3e78a655c7c30bc,CLDMSK_L2_VIIRS_NOAA21.A2024246.2054.001.2024247121837.nc,2024-09-03T12:18:37.740Z,53758146,0b04fad2420a0bd23c6bd055e1ad8107
A2024246.2230,2024-09-02T22:30Z,NOAA-21 VIIRS,VJ214IMG.A2024246.2230.002.2025285150021.nc,2025-10-12T15:00:21.000Z,2.0.14,631364,fb64ddf25c2e6e113af1bd90529eadda972f36442af4d86afb1233dc54f4a902,CLDMSK_L2_VIIRS_NOAA21.A2024246.2230.001.2024247121838.nc,2024-09-03T12:18:38.590Z,48273899,1afbbf63c18365155af66f08bbfa7761
A2024246.2236,2024-09-02T22:36Z,NOAA-21 VIIRS,VJ214IMG.A2024246.2236.002.2025285150021.nc,2025-10-12T15:00:21.000Z,2.0.14,1057165,40525e519234f8b557108bce2ea7a127cc387a2079ad3048eaa213bcdab5352f,CLDMSK_L2_VIIRS_NOAA21.A2024246.2236.001.2024247121835.nc,2024-09-03T12:18:35.180Z,57499757,72cae10f0dcf765973ac310d261455db
A2024247.2206,2024-09-03T22:06Z,NOAA-21 VIIRS,VJ214IMG.A2024247.2206.002.2025285151219.nc,2025-10-12T15:12:19.000Z,2.0.14,1025960,ccbfe1e982f4cfebaca72bd053b6a619f2278db9bbe5a0a5778a36c4fd6789a2,CLDMSK_L2_VIIRS_NOAA21.A2024247.2206.001.2024248074027.nc,2024-09-04T07:40:27.170Z,52402391,3ee5eacd72f548e70cf3496b68e5269d
A2024247.2212,2024-09-03T22:12Z,NOAA-21 VIIRS,VJ214IMG.A2024247.2212.002.2025285151218.nc,2025-10-12T15:12:18.000Z,2.0.14,552249,1cb9bee1e4f32e9b780ea482f15943173695756fda15bcc9863d537f43d8d627,CLDMSK_L2_VIIRS_NOAA21.A2024247.2212.001.2024248074026.nc,2024-09-04T07:40:26.390Z,48799326,63c709f4c56c85fe4c07c91dcfb8c24b
A2024247.2218,2024-09-03T22:18Z,NOAA-21 VIIRS,VJ214IMG.A2024247.2218.002.2025285151218.nc,2025-10-12T15:12:18.000Z,2.0.14,1160445,4d76e2f7c5084a8a30849b67b504656cb40687c18e223bf511b982f021e7af87,CLDMSK_L2_VIIRS_NOAA21.A2024247.2218.001.2024248074026.nc,2024-09-04T07:40:26.280Z,59461894,45fa5e41ca7e60c534e6da460e5d223a
A2024247.2348,2024-09-03T23:48Z,NOAA-21 VIIRS,VJ214IMG.A2024247.2348.002.2025285151218.nc,2025-10-12T15:12:18.000Z,2.0.14,1070501,a606078198ce3d9ea9548bb9083a677a3cf8fd5100d49d2e32f02245fa34421f,CLDMSK_L2_VIIRS_NOAA21.A2024247.2348.001.2024248074018.nc,2024-09-04T07:40:18.330Z,55651932,f95a0900787a1cbf750fcc978ca0b1b1
A2024247.2354,2024-09-03T23:54Z,NOAA-21 VIIRS,VJ214IMG.A2024247.2354.002.2025285151218.nc,2025-10-12T15:12:18.000Z,2.0.14,746791,7198f63b3e681bdc37e1fbfedf975dc4dd29adf3aff857ab0b53f2b2c4a1a1e3,CLDMSK_L2_VIIRS_NOAA21.A2024247.2354.001.2024248074016.nc,2024-09-04T07:40:16.710Z,53431562,29a6fb0fde7b1bf682cfa1754238a07b
A2024248.2148,2024-09-04T21:48Z,NOAA-21 VIIRS,VJ214IMG.A2024248.2148.002.2025285152953.nc,2025-10-12T15:29:53.000Z,2.0.14,1032444,615db68fb1c22fe4981aa7c0db69406e3a65fd5228f1a57a322853c5a771af57,CLDMSK_L2_VIIRS_NOAA21.A2024248.2148.001.2024249074637.nc,2024-09-05T07:46:37.250Z,55040552,693cc6172d112a19fd9fd0ebb93c40bf
A2024248.2154,2024-09-04T21:54Z,NOAA-21 VIIRS,VJ214IMG.A2024248.2154.002.2025285152955.nc,2025-10-12T15:29:55.000Z,2.0.14,552398,16f4d31bd64b6ce2007c5a3b9d6191c9a543663220b02613997ee1b027cb6ea6,CLDMSK_L2_VIIRS_NOAA21.A2024248.2154.001.2024249074629.nc,2024-09-05T07:46:29.790Z,50214225,c3ba332bd8a4b5f270cb6a7a1fb6f81d
A2024248.2330,2024-09-04T23:30Z,NOAA-21 VIIRS,VJ214IMG.A2024248.2330.002.2025285152956.nc,2025-10-12T15:29:56.000Z,2.0.14,965496,ab7ae2568e968390763ee6bd4f84bf211c914082971d336a12cb678902c968ee,CLDMSK_L2_VIIRS_NOAA21.A2024248.2330.001.2024249075039.nc,2024-09-05T07:50:39.950Z,53566006,fd3ee74d241c0637a6078b9e1eaa582a
A2024248.2336,2024-09-04T23:36Z,NOAA-21 VIIRS,VJ214IMG.A2024248.2336.002.2025285152952.nc,2025-10-12T15:29:52.000Z,2.0.14,1409210,ef99c0f2391e6a0a2602cbe47fba706cda478c2953817ca89b44a1183c8d1728,CLDMSK_L2_VIIRS_NOAA21.A2024248.2336.001.2024249075055.nc,2024-09-05T07:50:55.310Z,53334830,bd28576fd9292379935597fbcdfc6bfa
A2024249.2130,2024-09-05T21:30Z,NOAA-21 VIIRS,VJ214IMG.A2024249.2130.002.2025285154149.nc,2025-10-12T15:41:49.000Z,2.0.14,995387,84308788610e8daf3af03cc465eef34a8ade4b5538ed60e9d9710a7ae86ea73e,CLDMSK_L2_VIIRS_NOAA21.A2024249.2130.001.2024250071946.nc,2024-09-06T07:19:46.810Z,53828911,7ffcf4e13a20e450acd2f8871eb55b17
A2024249.2136,2024-09-05T21:36Z,NOAA-21 VIIRS,VJ214IMG.A2024249.2136.002.2025285154152.nc,2025-10-12T15:41:52.000Z,2.0.14,545372,73ed96eccb3956326ddf47ea147517fa8e6127fe1202894de051c9573c60e5a8,CLDMSK_L2_VIIRS_NOAA21.A2024249.2136.001.2024250071946.nc,2024-09-06T07:19:46.110Z,52843437,28f489034dfcd523e4eb3de29ff40156
A2024249.2312,2024-09-05T23:12Z,NOAA-21 VIIRS,VJ214IMG.A2024249.2312.002.2025285154153.nc,2025-10-12T15:41:53.000Z,2.0.14,889805,3b62ceafb704774fbbc642cb87154e82aca4f72bb6e5612bf9ffc1016ee7f71d,CLDMSK_L2_VIIRS_NOAA21.A2024249.2312.001.2024250071958.nc,2024-09-06T07:19:58.900Z,52039586,84c250a3f0bbcfb2a21b265ddfcfd99e
A2024249.2318,2024-09-05T23:18Z,NOAA-21 VIIRS,VJ214IMG.A2024249.2318.002.2025285154151.nc,2025-10-12T15:41:51.000Z,2.0.14,1120102,e4d95b780d1118704b4241db9c21f05e8da772d35c4e3c2aff8116d3ceb3e2c4,CLDMSK_L2_VIIRS_NOAA21.A2024249.2318.001.2024250071955.nc,2024-09-06T07:19:55.420Z,52635205,43efc1c75986ce8fe4ae85033055e876
A2024250.2112,2024-09-06T21:12Z,NOAA-21 VIIRS,VJ214IMG.A2024250.2112.002.2025285155458.nc,2025-10-12T15:54:58.000Z,2.0.14,997597,e93466b4535cdd0fb3efcff242167a02fb7db7259e116eaeb5a3a2a90bf1c643,CLDMSK_L2_VIIRS_NOAA21.A2024250.2112.001.2024251073015.nc,2024-09-07T07:30:15.410Z,53021809,96b415a9f3991ee5d25bb0872eb5711d
A2024250.2118,2024-09-06T21:18Z,NOAA-21 VIIRS,VJ214IMG.A2024250.2118.002.2025285155454.nc,2025-10-12T15:54:54.000Z,2.0.14,705976,0443c525beb3649ddf1505760a383e8d61685ff90620195e018d584b3dc655c6,CLDMSK_L2_VIIRS_NOAA21.A2024250.2118.001.2024251073015.nc,2024-09-07T07:30:15.580Z,55473688,8370f70e3282b1f4bb3fedf61c5b1d20
A2024250.2254,2024-09-06T22:54Z,NOAA-21 VIIRS,VJ214IMG.A2024250.2254.002.2025285155455.nc,2025-10-12T15:54:55.000Z,2.0.14,782554,0f3533da8f55d142ccffa507fbacd5263881b0a15a45c155d54e60b43cef17c1,CLDMSK_L2_VIIRS_NOAA21.A2024250.2254.001.2024251073030.nc,2024-09-07T07:30:30.560Z,50274420,7c598ebf3e1802894014422b94af2816
A2024250.2300,2024-09-06T23:00Z,NOAA-21 VIIRS,VJ214IMG.A2024250.2300.002.2025285155453.nc,2025-10-12T15:54:53.000Z,2.0.14,850888,3e2361c6894f0fb3448c01aa7f79afc0c4a9d5326939991da28cb0bd37415622,CLDMSK_L2_VIIRS_NOAA21.A2024250.2300.001.2024251073027.nc,2024-09-07T07:30:27.640Z,55326388,f07ce9431bc329c14ba71c449c7109c5
A2024251.2054,2024-09-07T20:54Z,NOAA-21 VIIRS,VJ214IMG.A2024251.2054.002.2025285160650.nc,2025-10-12T16:06:50.000Z,2.0.14,1176482,b3944f9a57ca27f45356e3accf03bf046277835f91cfb0cdcb6e888d422d295f,CLDMSK_L2_VIIRS_NOAA21.A2024251.2054.001.2024252073111.nc,2024-09-08T07:31:11.730Z,53530158,7387571fa49970c7002050faa53f6e9b
A2024251.2100,2024-09-07T21:00Z,NOAA-21 VIIRS,VJ214IMG.A2024251.2100.002.2025285160655.nc,2025-10-12T16:06:55.000Z,2.0.14,1077821,32b3fd14baaa22c1d93f4b9c2d2883eb59b996bd26b67de30c543dca3f6f3e95,CLDMSK_L2_VIIRS_NOAA21.A2024251.2100.001.2024252073109.nc,2024-09-08T07:31:09.860Z,53127944,2035b572e8a7efea9e47e234da1a9ba5
A2024251.2236,2024-09-07T22:36Z,NOAA-21 VIIRS,VJ214IMG.A2024251.2236.002.2025285160652.nc,2025-10-12T16:06:52.000Z,2.0.14,719915,4e22dc1185ccb27f1054e3b2d454b985c3e6c25915085f413ecd8dfc585b3362,CLDMSK_L2_VIIRS_NOAA21.A2024251.2236.001.2024252073124.nc,2024-09-08T07:31:24.160Z,49695013,134ac7153a1a99ec21beac26b322480f
A2024251.2242,2024-09-07T22:42Z,NOAA-21 VIIRS,VJ214IMG.A2024251.2242.002.2025285160654.nc,2025-10-12T16:06:54.000Z,2.0.14,1039413,159609ee9b326ad55c76123dce297a31ad332758c3bb2c1201e5174cc45be665,CLDMSK_L2_VIIRS_NOAA21.A2024251.2242.001.2024252073122.nc,2024-09-08T07:31:22.720Z,55445360,5baf5d4c7f30ce4df0d9f258ef1deb9d
A2024252.2042,2024-09-08T20:42Z,NOAA-21 VIIRS,VJ214IMG.A2024252.2042.002.2025285162053.nc,2025-10-12T16:20:53.000Z,2.0.14,1628833,310012094a6376222f620c6c5c6ba4b26a185df61bf038e679d5399b43739629,CLDMSK_L2_VIIRS_NOAA21.A2024252.2042.001.2024253073133.nc,2024-09-09T07:31:33.190Z,52944889,2c08cb1d4d081f4e0056cc748d0a1517
A2024252.2218,2024-09-08T22:18Z,NOAA-21 VIIRS,VJ214IMG.A2024252.2218.002.2025285162053.nc,2025-10-12T16:20:53.000Z,2.0.14,713414,92acc88bef550a9bf3b2dc531918d01f288328e5647a554e0d37cce7f2c67cd1,CLDMSK_L2_VIIRS_NOAA21.A2024252.2218.001.2024253073134.nc,2024-09-09T07:31:34.350Z,49680128,e7457c3a946ff0bca76d9fd9408403c8
A2024252.2224,2024-09-08T22:24Z,NOAA-21 VIIRS,VJ214IMG.A2024252.2224.002.2025285162052.nc,2025-10-12T16:20:52.000Z,2.0.14,923630,16b279f55538fa6b66593693dad18a5284638671811ff2b4411ce3f3de9b3b89,CLDMSK_L2_VIIRS_NOAA21.A2024252.2224.001.2024253073132.nc,2024-09-09T07:31:32.100Z,56837565,519a6acb8688c8c73f258da65c602777
A2024252.2354,2024-09-08T23:54Z,NOAA-21 VIIRS,VJ214IMG.A2024252.2354.002.2025285162053.nc,2025-10-12T16:20:53.000Z,2.0.14,1234003,74863d956094b5f63be7e27f4864a62120f9da09ff85a2719a93adcfc8eae796,CLDMSK_L2_VIIRS_NOAA21.A2024252.2354.001.2024253073123.nc,2024-09-09T07:31:23.850Z,54642220,d6724047c0af73917d0d0fbc6446fd7b
A2024253.0000,2024-09-09T00:00Z,NOAA-21 VIIRS,VJ214IMG.A2024253.0000.002.2025285163550.nc,2025-10-12T16:35:50.000Z,2.0.14,547679,d66fc43efd947565a8fb0ee78d69a1afca8490425af5380afa72da9ebf8ea2d5,CLDMSK_L2_VIIRS_NOAA21.A2024253.0000.001.2024253131144.nc,2024-09-09T13:11:44.070Z,52752031,5388f6014be05e774f0de1e77d954c4a
A2024253.2154,2024-09-09T21:54Z,NOAA-21 VIIRS,VJ214IMG.A2024253.2154.002.2025285163552.nc,2025-10-12T16:35:52.000Z,2.0.14,898243,8770b569f2ad5efb6009ee068ebb38b3222e2cc8b63eca653b5ae00403b8455f,CLDMSK_L2_VIIRS_NOAA21.A2024253.2154.001.2024254072549.nc,2024-09-10T07:25:49.230Z,52449608,91df5b332437f391b3943807a4bf36af
A2024253.2200,2024-09-09T22:00Z,NOAA-21 VIIRS,VJ214IMG.A2024253.2200.002.2025285163551.nc,2025-10-12T16:35:51.000Z,2.0.14,692324,f91194ce273bafbf149f1089e33a71ff6f36f313412653c5a5ce106b43ecc0e1,CLDMSK_L2_VIIRS_NOAA21.A2024253.2200.001.2024254072548.nc,2024-09-10T07:25:48.800Z,51137606,d47789c648de282eceeb5f1d3e8bf670
A2024253.2336,2024-09-09T23:36Z,NOAA-21 VIIRS,VJ214IMG.A2024253.2336.002.2025285163550.nc,2025-10-12T16:35:50.000Z,2.0.14,1073213,89d560549ff593a53bf5fba0758b25c7e35c69459ba2ba9e6ad75180dba31c09,CLDMSK_L2_VIIRS_NOAA21.A2024253.2336.001.2024254072541.nc,2024-09-10T07:25:41.430Z,54108040,d04951f8a2478d3427b7810ed50e6961
A2024253.2342,2024-09-09T23:42Z,NOAA-21 VIIRS,VJ214IMG.A2024253.2342.002.2025285163554.nc,2025-10-12T16:35:54.000Z,2.0.14,913613,a9bb3258fc580c6c7bbb6e59ddbe31a55a9e6f9911c375aaa1a4f3ff8c58dd12,CLDMSK_L2_VIIRS_NOAA21.A2024253.2342.001.2024254072541.nc,2024-09-10T07:25:41.740Z,55201477,26296b2bad2364b6f5fc0e3d9ac13831
A2024254.2136,2024-09-10T21:36Z,NOAA-21 VIIRS,VJ214IMG.A2024254.2136.002.2025285164949.nc,2025-10-12T16:49:49.000Z,2.0.14,963560,4b02567f4a5619cd4490d2d3f5cf33b211bb0b770e32baee53f06fe05cb9a656,CLDMSK_L2_VIIRS_NOAA21.A2024254.2136.001.2024255072727.nc,2024-09-11T07:27:27.830Z,53719928,ac0984fc99daca993453c3ccc938600f
A2024254.2142,2024-09-10T21:42Z,NOAA-21 VIIRS,VJ214IMG.A2024254.2142.002.2025285164945.nc,2025-10-12T16:49:45.000Z,2.0.14,653666,0d83180e09f97b455ed68909d3d4757e7159a13f48c858b1d190a9e5e5f56f70,CLDMSK_L2_VIIRS_NOAA21.A2024254.2142.001.2024255072727.nc,2024-09-11T07:27:27.170Z,53216802,74c6c6c57196192b1070d86d43e1a91f
A2024254.2318,2024-09-10T23:18Z,NOAA-21 VIIRS,VJ214IMG.A2024254.2318.002.2025285164947.nc,2025-10-12T16:49:47.000Z,2.0.14,1040721,a60d1355e080bde9294862d9ea74351d3ffd22db975b9df9957c7f9646379eac,CLDMSK_L2_VIIRS_NOAA21.A2024254.2318.001.2024255072721.nc,2024-09-11T07:27:21.710Z,53356248,007b6b261474246ad983c36a56e1c8e7
A2024254.2324,2024-09-10T23:24Z,NOAA-21 VIIRS,VJ214IMG.A2024254.2324.002.2025285164947.nc,2025-10-12T16:49:47.000Z,2.0.14,995596,1c752e796c5cb6eceece34dbab06251da674f3882cf314ff73fcdded45de418e,CLDMSK_L2_VIIRS_NOAA21.A2024254.2324.001.2024255072722.nc,2024-09-11T07:27:22.480Z,54916908,447be52e00e390ab684ae62ed0b3c487
A2024255.2118,2024-09-11T21:18Z,NOAA-21 VIIRS,VJ214IMG.A2024255.2118.002.2025285170217.nc,2025-10-12T17:02:17.000Z,2.0.14,1226205,467d8ab46f3f8d5784fb2288953ae0c2421acf05147a905380627af6c8626e94,CLDMSK_L2_VIIRS_NOAA21.A2024255.2118.001.2024256072817.nc,2024-09-12T07:28:17.520Z,52436088,8de9c4767b16680b195c1abdd7a10d7c
A2024255.2124,2024-09-11T21:24Z,NOAA-21 VIIRS,VJ214IMG.A2024255.2124.002.2025285170217.nc,2025-10-12T17:02:17.000Z,2.0.14,606667,3faf919c86461bab2e8e1fea3c4fd0db1be3e1ab29a29119de7f94e71b537f08,CLDMSK_L2_VIIRS_NOAA21.A2024255.2124.001.2024256072814.nc,2024-09-12T07:28:14.950Z,55435404,cf054ec77e01ab5b67e8d700612a471a
A2024255.2300,2024-09-11T23:00Z,NOAA-21 VIIRS,VJ214IMG.A2024255.2300.002.2025285170215.nc,2025-10-12T17:02:15.000Z,2.0.14,796943,ebf6d4b2428d4be059660cdd1a3419840d61033934f051355444c42bbeda9ab1,CLDMSK_L2_VIIRS_NOAA21.A2024255.2300.001.2024256072835.nc,2024-09-12T07:28:35.400Z,50651378,0fbc550d4f359a090d42c0653975a342
A2024255.2306,2024-09-11T23:06Z,NOAA-21 VIIRS,VJ214IMG.A2024255.2306.002.2025285170217.nc,2025-10-12T17:02:17.000Z,2.0.14,942857,eb0cc48ddc85f1c74a8d7c053a4d5319b28363ebb3ccea333fd9f513d08f5ad9,CLDMSK_L2_VIIRS_NOAA21.A2024255.2306.001.2024256072825.nc,2024-09-12T07:28:25.880Z,55263111,35131cf6152a7efe1f088fc428071d65
A2024256.2100,2024-09-12T21:00Z,NOAA-21 VIIRS,VJ214IMG.A2024256.2100.002.2025285171449.nc,2025-10-12T17:14:49.000Z,2.0.14,981597,6a008b83b0f10951145e075c0c19680128e96c4732ef1d0f16b995b5667bd1b6,CLDMSK_L2_VIIRS_NOAA21.A2024256.2100.001.2024257072905.nc,2024-09-13T07:29:05.680Z,51055219,85187d47914b611a99faa3d5e1a11de7
A2024256.2106,2024-09-12T21:06Z,NOAA-21 VIIRS,VJ214IMG.A2024256.2106.002.2025285171449.nc,2025-10-12T17:14:49.000Z,2.0.14,714946,a9f5481bdb8adb3582583c072ee5a8fed1fe7fbebc4819bf11a19891ceb4061f,CLDMSK_L2_VIIRS_NOAA21.A2024256.2106.001.2024257072906.nc,2024-09-13T07:29:06.730Z,56519372,d6ba7436c9772977cd5329a6479f5bac
A2024256.2242,2024-09-12T22:42Z,NOAA-21 VIIRS,VJ214IMG.A2024256.2242.002.2025285171451.nc,2025-10-12T17:14:51.000Z,2.0.14,743774,61ba1750fbcd6c9ef943fb06a9a0d618e35a551b6805d0fa78ca5aa68cdc695e,CLDMSK_L2_VIIRS_NOAA21.A2024256.2242.001.2024257072901.nc,2024-09-13T07:29:01.100Z,49079171,6927a63e31ce890f8c3c902f6e9d7cff
A2024256.2248,2024-09-12T22:48Z,NOAA-21 VIIRS,VJ214IMG.A2024256.2248.002.2025285171451.nc,2025-10-12T17:14:51.000Z,2.0.14,1242056,454f8eb405a1a42b325c5cc6943da0b776c4a04e96abb2e2a0a25ff76d1b7f19,CLDMSK_L2_VIIRS_NOAA21.A2024256.2248.001.2024257072859.nc,2024-09-13T07:28:59.190Z,55469324,2ee7bcf0e8abe4533f1e1e30a2cd12ee
A2024257.2042,2024-09-13T20:42Z,NOAA-21 VIIRS,VJ214IMG.A2024257.2042.002.2025285172644.nc,2025-10-12T17:26:44.000Z,2.0.14,1570518,bda74772ce3cc09174713576aaa4822c232d0b57974d6c452eabe98d59dba754,CLDMSK_L2_VIIRS_NOAA21.A2024257.2042.001.2024258074037.nc,2024-09-14T07:40:37.740Z,54027299,c209f72505372a5fc457b88a2c7d83cb
A2024257.2048,2024-09-13T20:48Z,NOAA-21 VIIRS,VJ214IMG.A2024257.2048.002.2025285172645.nc,2025-10-12T17:26:45.000Z,2.0.14,888155,3bd81526544de46bcee24f969019d75960402b687271d5e6316411a2b4e23f24,CLDMSK_L2_VIIRS_NOAA21.A2024257.2048.001.2024258074039.nc,2024-09-14T07:40:39.990Z,56602522,0ff7e1dcff964d521b593e1f4aa15222
A2024257.2224,2024-09-13T22:24Z,NOAA-21 VIIRS,VJ214IMG.A2024257.2224.002.2025285172647.nc,2025-10-12T17:26:47.000Z,2.0.14,755423,9e1537b3d62cc57700668f20f9c0b3e0ea6630d00f84c8a46b1bea40a9c186b7,CLDMSK_L2_VIIRS_NOAA21.A2024257.2224.001.2024258074053.nc,2024-09-14T07:40:53.730Z,48748479,bd427a7810a122b52714c0ba7f55c4ea
A2024257.2230,2024-09-13T22:30Z,NOAA-21 VIIRS,VJ214IMG.A2024257.2230.002.2025285172648.nc,2025-10-12T17:26:48.000Z,2.0.14,1239578,623af4eaceeb3e81530798aa5bc9e2a96041c1e197224348a1c1c3c903522c99,CLDMSK_L2_VIIRS_NOAA21.A2024257.2230.001.2024258074054.nc,2024-09-14T07:40:54.770Z,58241539,1a93d03cb41552ef818fc9bba7a57849
A2024258.0000,2024-09-14T00:00Z,NOAA-21 VIIRS,VJ214IMG.A2024258.0000.002.2025285173923.nc,2025-10-12T17:39:23.000Z,2.0.14,1131660,1d927f3d83f345792466c07d94608bbee18c4a011eec5a5102e1cc95f9ba41f4,CLDMSK_L2_VIIRS_NOAA21.A2024258.0000.001.2024258131053.nc,2024-09-14T13:10:53.410Z,55400242,527f51602ebd5b894056bff15203b245
A2024258.2200,2024-09-14T22:00Z,NOAA-21 VIIRS,VJ214IMG.A2024258.2200.002.2025285173918.nc,2025-10-12T17:39:18.000Z,2.0.14,890134,5a5efca5573192d98f59cb7cf9f47499015440d27625e21750ed0e7a2d2f835c,CLDMSK_L2_VIIRS_NOAA21.A2024258.2200.001.2024259073130.nc,2024-09-15T07:31:30.990Z,53790396,e7d93581c6f0592d8b6703ca02e0dfc7
A2024258.2206,2024-09-14T22:06Z,NOAA-21 VIIRS,VJ214IMG.A2024258.2206.002.2025285173922.nc,2025-10-12T17:39:22.000Z,2.0.14,792221,55dd92126350cbfab6cdaceaaff55c33c90a29d32a53b54443254f7c7e0855fe,CLDMSK_L2_VIIRS_NOAA21.A2024258.2206.001.2024259073138.nc,2024-09-15T07:31:38.320Z,50824547,397211d0b15ed665825f0ac654a39b14
A2024258.2212,2024-09-14T22:12Z,NOAA-21 VIIRS,VJ214IMG.A2024258.2212.002.2025285173918.nc,2025-10-12T17:39:18.000Z,2.0.14,891114,f04ce1df80b0a1f8305e0294c8ba7222fa7b26df5c0f607c798a72800e7ea302,CLDMSK_L2_VIIRS_NOAA21.A2024258.2212.001.2024259073136.nc,2024-09-15T07:31:36.290Z,59170530,0820f9c3708816905cbb13f3191a25bc
A2024258.2342,2024-09-14T23:42Z,NOAA-21 VIIRS,VJ214IMG.A2024258.2342.002.2025285173919.nc,2025-10-12T17:39:19.000Z,2.0.14,1065730,35a7e2f1b8791f794049ddaeb232205d0e21e2bd05574b6bf1677c8289d46d9b,CLDMSK_L2_VIIRS_NOAA21.A2024258.2342.001.2024259073114.nc,2024-09-15T07:31:14.050Z,54119619,804bdc20d0eb3b976a3e6696b12b828a
A2024258.2348,2024-09-14T23:48Z,NOAA-21 VIIRS,VJ214IMG.A2024258.2348.002.2025285173918.nc,2025-10-12T17:39:18.000Z,2.0.14,663677,2ff798922c6d410550f44bbf43e694662cf9b18e51b27ba5c65b7ef724c476a4,CLDMSK_L2_VIIRS_NOAA21.A2024258.2348.001.2024259073113.nc,2024-09-15T07:31:13.250Z,53565905,0c0b72a154c2175ad7330d70ac551c7d
A2024259.2142,2024-09-15T21:42Z,NOAA-21 VIIRS,VJ214IMG.A2024259.2142.002.2025285175123.nc,2025-10-12T17:51:23.000Z,2.0.14,1206798,2b4088b5fc4773a89877920b2c543dfdc13c1c89bd6b544fbeae14d2dc9b8d00,CLDMSK_L2_VIIRS_NOAA21.A2024259.2142.001.2024260073233.nc,2024-09-16T07:32:33.910Z,56996662,732cf0c5294a995346a029438de01848
A2024259.2148,2024-09-15T21:48Z,NOAA-21 VIIRS,VJ214IMG.A2024259.2148.002.2025285175123.nc,2025-10-12T17:51:23.000Z,2.0.14,617652,60013a0030c005d00a0d2d51f9fbf9b9d411180d4ddb357beba3bf2ab0b0f3fa,CLDMSK_L2_VIIRS_NOAA21.A2024259.2148.001.2024260073234.nc,2024-09-16T07:32:34.260Z,51901848,bb90aaab4f209a11078104efb50029ee
A2024259.2324,2024-09-15T23:24Z,NOAA-21 VIIRS,VJ214IMG.A2024259.2324.002.2025285175124.nc,2025-10-12T17:51:24.000Z,2.0.14,1043365,00dfc76e0e0b7905f926e5cbd8a5f202aa5c4de6ef4aa127e8d1aaa7f7650ef8,CLDMSK_L2_VIIRS_NOAA21.A2024259.2324.001.2024260073221.nc,2024-09-16T07:32:21.190Z,52853039,3f27e51baaf6da0011eba84a447a0b75
A2024259.2330,2024-09-15T23:30Z,NOAA-21 VIIRS,VJ214IMG.A2024259.2330.002.2025285175119.nc,2025-10-12T17:51:19.000Z,2.0.14,810595,edafb1b6c35c2e6a74dbf0da773b6591ee693dbe0502445f0b39e61038962064,CLDMSK_L2_VIIRS_NOAA21.A2024259.2330.001.2024260073208.nc,2024-09-16T07:32:08.120Z,53185548,4a4231bc2bb1f7273c0e5b0a9f24a9dd
A2024260.2124,2024-09-16T21:24Z,NOAA-21 VIIRS,VJ214IMG.A2024260.2124.002.2025285180322.nc,2025-10-12T18:03:22.000Z,2.0.14,1069649,289db062e85135456259507f47daad81a622f6701d72d4c99c145cc4c0648cbd,CLDMSK_L2_VIIRS_NOAA21.A2024260.2124.001.2024261072250.nc,2024-09-17T07:22:50.930Z,54863346,72d764af842490dc6a863eab7450b5c9
A2024260.2130,2024-09-16T21:30Z,NOAA-21 VIIRS,VJ214IMG.A2024260.2130.002.2025285180323.nc,2025-10-12T18:03:23.000Z,2.0.14,474192,9cb666d0970f72232e7e4f82497a8358121ba774b9e352b81215b1cb47ff59d7,CLDMSK_L2_VIIRS_NOAA21.A2024260.2130.001.2024261072250.nc,2024-09-17T07:22:50.160Z,52826081,2acda4166d34b6fc86346a6e10e7c35e
A2024260.2306,2024-09-16T23:06Z,NOAA-21 VIIRS,VJ214IMG.A2024260.2306.002.2025285180325.nc,2025-10-12T18:03:25.000Z,2.0.14,865402,8fe3ec90765c096c2664dca03678549caadc2883bc4add9f8ab944d639fa7184,CLDMSK_L2_VIIRS_NOAA21.A2024260.2306.001.2024261072243.nc,2024-09-17T07:22:43.720Z,52078143,52e2c5632be48bd85b941b7ce4604bca
A2024260.2312,2024-09-16T23:12Z,NOAA-21 VIIRS,VJ214IMG.A2024260.2312.002.2025285180336.nc,2025-10-12T18:03:36.000Z,2.0.14,1326567,5bea37522d77933b8fb2941bfecebecf176c68cef3c02b113d34da8022a5fd94,CLDMSK_L2_VIIRS_NOAA21.A2024260.2312.001.2024261072243.nc,2024-09-17T07:22:43.950Z,52343958,833f139126eeb3f6e077ede447c11a61
A2024261.2106,2024-09-17T21:06Z,NOAA-21 VIIRS,VJ214IMG.A2024261.2106.002.2025285181519.nc,2025-10-12T18:15:19.000Z,2.0.14,1259340,2628b11ae419346edc661d980b4fa1712a26235c0c8dba29643fbb30847331fe,CLDMSK_L2_VIIRS_NOAA21.A2024261.2106.001.2024262072339.nc,2024-09-18T07:23:39.030Z,54273140,db7c5ac6b57d11341e6dbf0faea01b08
A2024261.2112,2024-09-17T21:12Z,NOAA-21 VIIRS,VJ214IMG.A2024261.2112.002.2025285181521.nc,2025-10-12T18:15:21.000Z,2.0.14,513141,f04ee0db79c69a83bb0f796286423f036136ccd274f31d86449c00ba83b3c2dd,CLDMSK_L2_VIIRS_NOAA21.A2024261.2112.001.2024262072338.nc,2024-09-18T07:23:38.780Z,55398515,64c4404835f006f69eeb9b220200ab70
A2024261.2248,2024-09-17T22:48Z,NOAA-21 VIIRS,VJ214IMG.A2024261.2248.002.2025285181520.nc,2025-10-12T18:15:20.000Z,2.0.14,826111,3cbd2bfd8d96dcd27fa00da5f1fa2e3c7fb15b4be7fcc9348c230d9ce96ba922,CLDMSK_L2_VIIRS_NOAA21.A2024261.2248.001.2024262072331.nc,2024-09-18T07:23:31.510Z,51130330,3582304bbbe76f9a6d60861b6c9e6702
A2024261.2254,2024-09-17T22:54Z,NOAA-21 VIIRS,VJ214IMG.A2024261.2254.002.2025285181521.nc,2025-10-12T18:15:21.000Z,2.0.14,1069855,d17a3489ccfe662f2b1d62f5b27a0f152ac2f856a7320ed5f1b15a9d2af56dcb,CLDMSK_L2_VIIRS_NOAA21.A2024261.2254.001.2024262072332.nc,2024-09-18T07:23:32.880Z,53531452,74ec9b37f4faa16bce274186a3cf76b8
A2024262.2048,2024-09-18T20:48Z,NOAA-21 VIIRS,VJ214IMG.A2024262.2048.002.2025285182725.nc,2025-10-12T18:27:25.000Z,2.0.14,1038814,bebddc7aefb3a42eac2e9b86d0344aa6568f2dd7109a787aebb11f9cda17d382,CLDMSK_L2_VIIRS_NOAA21.A2024262.2048.001.2024263072455.nc,2024-09-19T07:24:55.580Z,54430559,df9966b3a28b6712d2320bc3d50e0d18
A2024262.2054,2024-09-18T20:54Z,NOAA-21 VIIRS,VJ214IMG.A2024262.2054.002.2025285182723.nc,2025-10-12T18:27:23.000Z,2.0.14,731562,966bbf1e1bed860a40c11b772e5857a10400c2e429dce64aae1dda4aa4263e36,CLDMSK_L2_VIIRS_NOAA21.A2024262.2054.001.2024263072454.nc,2024-09-19T07:24:54.810Z,57561146,5b032c9bc9b5118d260cff963a1e3b26
A2024262.2230,2024-09-18T22:30Z,NOAA-21 VIIRS,VJ214IMG.A2024262.2230.002.2025285182721.nc,2025-10-12T18:27:21.000Z,2.0.14,823779,cfc410a77d5b582f740967851af75cafe861cc677d1c268bdacf1981103a7baf,CLDMSK_L2_VIIRS_NOAA21.A2024262.2230.001.2024263072509.nc,2024-09-19T07:25:09.580Z,50182692,f4129916405e8fae11a1ad679802abac
A2024262.2236,2024-09-18T22:36Z,NOAA-21 VIIRS,VJ214IMG.A2024262.2236.002.2025285182723.nc,2025-10-12T18:27:23.000Z,2.0.14,678730,bf19586d178b678216df49cbe38fb3d1e424683c825a6a13d26640d0328b221f,CLDMSK_L2_VIIRS_NOAA21.A2024262.2236.001.2024263072446.nc,2024-09-19T07:24:46.970Z,55059264,8237872a8b10cf29a0a3f94da65a6c91
A2024263.2212,2024-09-19T22:12Z,NOAA-21 VIIRS,VJ214IMG.A2024263.2212.002.2025285183921.nc,2025-10-12T18:39:21.000Z,2.0.14,632108,c01e2249c4d38a13bb30e83bf6b7eeb11dfe99677085e98b071d85b068e96fc2,CLDMSK_L2_VIIRS_NOAA21.A2024263.2212.001.2024264072611.nc,2024-09-20T07:26:11.010Z,49861684,807d2a0bbcdd4a63e4b6849919069acf
A2024263.2218,2024-09-19T22:18Z,NOAA-21 VIIRS,VJ214IMG.A2024263.2218.002.2025285183924.nc,2025-10-12T18:39:24.000Z,2.0.14,603942,bffb0fd377c62892aa1adcb7df53846bcb40eec2fca0a94c571259a1fdf2812b,CLDMSK_L2_VIIRS_NOAA21.A2024263.2218.001.2024264072611.nc,2024-09-20T07:26:11.640Z,57496504,5a36365d866f6d663cd58e7f6671b21f
A2024263.2348,2024-09-19T23:48Z,NOAA-21 VIIRS,VJ214IMG.A2024263.2348.002.2025285183923.nc,2025-10-12T18:39:23.000Z,2.0.14,1183022,d689db439efe30fd061f73fa74f50f1e8c2cd6d8c6f39bc62ac194e731fb83d4,CLDMSK_L2_VIIRS_NOAA21.A2024263.2348.001.2024264072551.nc,2024-09-20T07:25:51.240Z,56858801,58a46be48b19bc971cc7878045710ae2
A2024263.2354,2024-09-19T23:54Z,NOAA-21 VIIRS,VJ214IMG.A2024263.2354.002.2025285183922.nc,2025-10-12T18:39:22.000Z,2.0.14,632677,cad0ddecb8f8e393976fbb42261ba6ab7a76057b3019cc0d446d664419425af7,CLDMSK_L2_VIIRS_NOAA21.A2024263.2354.001.2024264072547.nc,2024-09-20T07:25:47.650Z,50099220,e533648b83c709f1f10e9e7195f2e81a
A2024264.2148,2024-09-20T21:48Z,NOAA-21 VIIRS,VJ214IMG.A2024264.2148.002.2025285185123.nc,2025-10-12T18:51:23.000Z,2.0.14,1173897,5289179e0ab17b712344e131a8d6f7355eca8e8709d0b3511b73d126f2662c75,CLDMSK_L2_VIIRS_NOAA21.A2024264.2148.001.2024265073648.nc,2024-09-21T07:36:48.020Z,54873009,72f17324450cde8ca6531b9f0d815a25
A2024264.2154,2024-09-20T21:54Z,NOAA-21 VIIRS,VJ214IMG.A2024264.2154.002.2025285185123.nc,2025-10-12T18:51:23.000Z,2.0.14,499027,a2ba70ebb8fb3d12a6c5365c9f54e467e2935c21ea9054171a96049a8889f310,CLDMSK_L2_VIIRS_NOAA21.A2024264.2154.001.2024265073648.nc,2024-09-21T07:36:48.780Z,49876734,5c1cfcc790373f67c32b981809d35a39
A2024264.2330,2024-09-20T23:30Z,NOAA-21 VIIRS,VJ214IMG.A2024264.2330.002.2025285185123.nc,2025-10-12T18:51:23.000Z,2.0.14,1074055,087d2e262b185d18a936e999229dbf84eb17d49969d6b8ea5e62f397824aea49,CLDMSK_L2_VIIRS_NOAA21.A2024264.2330.001.2024265073621.nc,2024-09-21T07:36:21.850Z,56326492,57089e2e90a9cd07d32a1f4aedd57bb7
A2024264.2336,2024-09-20T23:36Z,NOAA-21 VIIRS,VJ214IMG.A2024264.2336.002.2025285185122.nc,2025-10-12T18:51:22.000Z,2.0.14,805597,9b5f9d2e99f08e2c66aad7a7fc23d1b8e2f13328f251219871aa74d20cbcdcea,CLDMSK_L2_VIIRS_NOAA21.A2024264.2336.001.2024265073620.nc,2024-09-21T07:36:20.530Z,52084457,c7b4c9cf11f7cb3c3fd0dddcd9bcdc92
A2024265.2130,2024-09-21T21:30Z,NOAA-21 VIIRS,VJ214IMG.A2024265.2130.002.2025285190321.nc,2025-10-12T19:03:21.000Z,2.0.14,1003966,bfeee80b85313c52b2fe2278c1b1ea8680dd956656a7cc59666e1dc2f8fe307b,CLDMSK_L2_VIIRS_NOAA21.A2024265.2130.001.2024266072733.nc,2024-09-22T07:27:33.400Z,54738797,27d77343717f77e2a3045975dbb376a6
A2024265.2136,2024-09-21T21:36Z,NOAA-21 VIIRS,VJ214IMG.A2024265.2136.002.2025285190323.nc,2025-10-12T19:03:23.000Z,2.0.14,482125,015282f90469f7c283d046c63627d484835d2d7ff7f4342a09041f56dadacbb9,CLDMSK_L2_VIIRS_NOAA21.A2024265.2136.001.2024266072745.nc,2024-09-22T07:27:45.860Z,52534984,ea4c0f1bda163a1b4e021bc7f10282e9
A2024265.2312,2024-09-21T23:12Z,NOAA-21 VIIRS,VJ214IMG.A2024265.2312.002.2025285190319.nc,2025-10-12T19:03:19.000Z,2.0.14,926299,a4915650d4c831980892497217bb5b7d72854ebea480e9f095865ac308a1c3ca,CLDMSK_L2_VIIRS_NOAA21.A2024265.2312.001.2024266072727.nc,2024-09-22T07:27:27.330Z,55170317,2ab1113c1774045f6a04acce0662d32d
A2024265.2318,2024-09-21T23:18Z,NOAA-21 VIIRS,VJ214IMG.A2024265.2318.002.2025285190320.nc,2025-10-12T19:03:20.000Z,2.0.14,699272,5bc5fb1c1e8b04ed8ea0bd65af4b4e6e84ed822e8c0d5f0fcb31e11598840a6a,CLDMSK_L2_VIIRS_NOAA21.A2024265.2318.001.2024266072724.nc,2024-09-22T07:27:24.780Z,52324702,845f3919509474c048fc36b12e6b3aae
A2024266.2112,2024-09-22T21:12Z,NOAA-21 VIIRS,VJ214IMG.A2024266.2112.002.2025285191519.nc,2025-10-12T19:15:19.000Z,2.0.14,939141,a21f9bee908bd4a042a31f392d9acb4471bf541bf6c734b21d2f77bfabffde85,CLDMSK_L2_VIIRS_NOAA21.A2024266.2112.001.2024267072814.nc,2024-09-23T07:28:14.140Z,51043743,316a4eea752305602c646e5d0bd9a4d9
A2024266.2118,2024-09-22T21:18Z,NOAA-21 VIIRS,VJ214IMG.A2024266.2118.002.2025285191517.nc,2025-10-12T19:15:17.000Z,2.0.14,748503,23bc9e8c2bef0cd21b8bc859f54a181413f9cf7c65e67270da2593685232f32d,CLDMSK_L2_VIIRS_NOAA21.A2024266.2118.001.2024267072813.nc,2024-09-23T07:28:13.890Z,54957326,22d4916343861cb4f2cf44046dfe2d1b
A2024266.2254,2024-09-22T22:54Z,NOAA-21 VIIRS,VJ214IMG.A2024266.2254.002.2025285191515.nc,2025-10-12T19:15:15.000Z,2.0.14,961208,ba2a15368f7f2278a60c01222d374883644dcc38679469b4bbb446c31bf5201f,CLDMSK_L2_VIIRS_NOAA21.A2024266.2254.001.2024267072808.nc,2024-09-23T07:28:08.000Z,52903383,92198899995ec33cfb1e620a63e4a38e
A2024266.2300,2024-09-22T23:00Z,NOAA-21 VIIRS,VJ214IMG.A2024266.2300.002.2025285191520.nc,2025-10-12T19:15:20.000Z,2.0.14,696827,c3ed255145d30f369c0a99b552bf18bdee6dd2f10864851e7f993a21f4659f77,CLDMSK_L2_VIIRS_NOAA21.A2024266.2300.001.2024267072805.nc,2024-09-23T07:28:05.050Z,52706352,202e1eba7a5436aee5238f690b39ae87
A2024267.2054,2024-09-23T20:54Z,NOAA-21 VIIRS,VJ214IMG.A2024267.2054.002.2025285192720.nc,2025-10-12T19:27:20.000Z,2.0.14,983135,e89eb3922e8660cd218b8924728d8c36d991d006d785caba2785fc0164a34fb6,CLDMSK_L2_VIIRS_NOAA21.A2024267.2054.001.2024268072909.nc,2024-09-24T07:29:09.580Z,51327748,6eed7b5827e11fbb4397ed74abd568fd
A2024267.2100,2024-09-23T21:00Z,NOAA-21 VIIRS,VJ214IMG.A2024267.2100.002.2025285192723.nc,2025-10-12T19:27:23.000Z,2.0.14,1567242,da32762242644d2502de58cb8cbf2a84a61b77e9b729406bcfb1fd7d4c15dec4,CLDMSK_L2_VIIRS_NOAA21.A2024267.2100.001.2024268072908.nc,2024-09-24T07:29:08.080Z,54013889,fff0e1b772edc41444fc7de00ab57fda
A2024267.2236,2024-09-23T22:36Z,NOAA-21 VIIRS,VJ214IMG.A2024267.2236.002.2025285192720.nc,2025-10-12T19:27:20.000Z,2.0.14,749534,82fd8883c9fb09aa8f46462e734008fe561fd09a188dc520dec4acbaece835e0,CLDMSK_L2_VIIRS_NOAA21.A2024267.2236.001.2024268072900.nc,2024-09-24T07:29:00.270Z,48918823,8a178c400792ca13b5ea3325402d4b6e
A2024267.2242,2024-09-23T22:42Z,NOAA-21 VIIRS,VJ214IMG.A2024267.2242.002.2025285192721.nc,2025-10-12T19:27:21.000Z,2.0.14,827183,bf50e82b468121140dbc1da1ea2f508d8f68068abf0dfa24f4528b34e0fda1ac,CLDMSK_L2_VIIRS_NOAA21.A2024267.2242.001.2024268072859.nc,2024-09-24T07:28:59.790Z,54509937,f757661b20e918e8a0b453f862004942
A2024268.2042,2024-09-24T20:42Z,NOAA-21 VIIRS,VJ214IMG.A2024268.2042.002.2025285193851.nc,2025-10-12T19:38:51.000Z,2.0.14,1774796,e90e26d5af04f81a33bba66910707d7f34ad11fdc37772355f3d98f2c102f00d,CLDMSK_L2_VIIRS_NOAA21.A2024268.2042.001.2024269072951.nc,2024-09-25T07:29:51.810Z,55055071,7e18e1c6e8350c937954da4b160d0c4d
A2024268.2218,2024-09-24T22:18Z,NOAA-21 VIIRS,VJ214IMG.A2024268.2218.002.2025285193852.nc,2025-10-12T19:38:52.000Z,2.0.14,525490,a994932a3de8f55616c06febe77ce1a9fdcd7d54e3dd3d7623492399f49aece9,CLDMSK_L2_VIIRS_NOAA21.A2024268.2218.001.2024269073007.nc,2024-09-25T07:30:07.590Z,47675145,49fb82d29f7a84413e998a36be77cbce
A2024268.2224,2024-09-24T22:24Z,NOAA-21 VIIRS,VJ214IMG.A2024268.2224.002.2025285193850.nc,2025-10-12T19:38:50.000Z,2.0.14,677994,560a3cb7e37599d167549837ecb7e7d388edbd2ba5819d41f28f01e540484ccf,CLDMSK_L2_VIIRS_NOAA21.A2024268.2224.001.2024269073005.nc,2024-09-25T07:30:05.900Z,59098667,ab4775301b178e8ec1cb4ecff264aca1
A2024268.2354,2024-09-24T23:54Z,NOAA-21 VIIRS,VJ214IMG.A2024268.2354.002.2025285193854.nc,2025-10-12T19:38:54.000Z,2.0.14,1188254,3c7ca217a1b944e5cba33435629a28d33bd121558ec93a321c9d3c94f0d27034,CLDMSK_L2_VIIRS_NOAA21.A2024268.2354.001.2024269072944.nc,2024-09-25T07:29:44.400Z,56785202,35317bb6dcb012b4f009f474c4907d4c
A2024269.0000,2024-09-25T00:00Z,NOAA-21 VIIRS,VJ214IMG.A2024269.0000.002.2025285195023.nc,2025-10-12T19:50:23.000Z,2.0.14,511802,19d35f3ba49a29d8dc07cd98bccf85ee3abb141f8150c71f74ee3b81dfec1358,CLDMSK_L2_VIIRS_NOAA21.A2024269.0000.001.2024269131935.nc,2024-09-25T13:19:35.220Z,49347597,efb739f3bdb542ad6197bd342e051c03
A2024269.2154,2024-09-25T21:54Z,NOAA-21 VIIRS,VJ214IMG.A2024269.2154.002.2025285195022.nc,2025-10-12T19:50:22.000Z,2.0.14,1175001,9d9c2d23724c21aab1b8fc164aa6016a0ead6844d09dc6d40e67346cb89df8f0,CLDMSK_L2_VIIRS_NOAA21.A2024269.2154.001.2024270073059.nc,2024-09-26T07:30:59.690Z,58140900,891347cd4abcbcf9cac97eced0ddba71
A2024269.2200,2024-09-25T22:00Z,NOAA-21 VIIRS,VJ214IMG.A2024269.2200.002.2025285195024.nc,2025-10-12T19:50:24.000Z,2.0.14,492902,e860ac9d041bbc728c4963b97745af7de7e5c999b82a74e6661b811267d8e81c,CLDMSK_L2_VIIRS_NOAA21.A2024269.2200.001.2024270073046.nc,2024-09-26T07:30:46.530Z,48110163,aaeac960ee050b364eccadcffd9ab301
A2024269.2206,2024-09-25T22:06Z,NOAA-21 VIIRS,VJ214IMG.A2024269.2206.002.2025285195023.nc,2025-10-12T19:50:23.000Z,2.0.14,611677,8f16a8f608b07bd7f9569ca064fce5ac94c1f9f51823403bd1347f38c0220a6e,CLDMSK_L2_VIIRS_NOAA21.A2024269.2206.001.2024270073055.nc,2024-09-26T07:30:55.220Z,58509136,c2488bf00f3f8979bf48431dcd868b7b
A2024269.2336,2024-09-25T23:36Z,NOAA-21 VIIRS,VJ214IMG.A2024269.2336.002.2025285195021.nc,2025-10-12T19:50:21.000Z,2.0.14,1010204,eb33c4b5dd4c766400ae227c88e8e805185389510feb2015012f856c98871331,CLDMSK_L2_VIIRS_NOAA21.A2024269.2336.001.2024270073029.nc,2024-09-26T07:30:29.830Z,54610820,86db88350781589d478d3ea5b3d540c8
A2024269.2342,2024-09-25T23:42Z,NOAA-21 VIIRS,VJ214IMG.A2024269.2342.002.2025285195021.nc,2025-10-12T19:50:21.000Z,2.0.14,478534,29ffb3b0da34032a3faec172f5736b892d6e4b4bdc529ae0944b1b3f4eb6e7e2,CLDMSK_L2_VIIRS_NOAA21.A2024269.2342.001.2024270073028.nc,2024-09-26T07:30:28.070Z,48025726,45e4b6558f141d3769322b4d8471cde3
A2024270.2136,2024-09-26T21:36Z,NOAA-21 VIIRS,VJ214IMG.A2024270.2136.002.2025285200147.nc,2025-10-12T20:01:47.000Z,2.0.14,1115654,32c9389fab5a51607ca2b74bfecbdf821c18c835e64e8269e89080c578490fff,CLDMSK_L2_VIIRS_NOAA21.A2024270.2136.001.2024271072125.nc,2024-09-27T07:21:25.210Z,56015187,9b69674bbd8a6046d10e1dc6b69a9df0
A2024270.2142,2024-09-26T21:42Z,NOAA-21 VIIRS,VJ214IMG.A2024270.2142.002.2025285200146.nc,2025-10-12T20:01:46.000Z,2.0.14,790786,5de208c3240e12259161cd438654b8aed65f70845ca66d85c63af536c71146fd,CLDMSK_L2_VIIRS_NOAA21.A2024270.2142.001.2024271072130.nc,2024-09-27T07:21:30.470Z,50930443,9118cc7216272c80d192a8ba91acfed5
A2024270.2318,2024-09-26T23:18Z,NOAA-21 VIIRS,VJ214IMG.A2024270.2318.002.2025285200147.nc,2025-10-12T20:01:47.000Z,2.0.14,923109,ad7b0ebc2dda454c8a20d28f98a3e9fa4b5a98881560bbf944a119c23f87ba15,CLDMSK_L2_VIIRS_NOAA21.A2024270.2318.001.2024271072106.nc,2024-09-27T07:21:06.270Z,51041923,2aec02c011c467f63de27080799b7945
A2024270.2324,2024-09-26T23:24Z,NOAA-21 VIIRS,VJ214IMG.A2024270.2324.002.2025285200145.nc,2025-10-12T20:01:45.000Z,2.0.14,607308,7a1f38ae6a8ec7f30666b9493010cf9fcb014123f96533f38c37806e3006eeca,CLDMSK_L2_VIIRS_NOAA21.A2024270.2324.001.2024271072105.nc,2024-09-27T07:21:05.970Z,48877252,431a54d3940cc981921e33907551e3fc
A2024271.2118,2024-09-27T21:18Z,NOAA-21 VIIRS,VJ214IMG.A2024271.2118.002.2025285201323.nc,2025-10-12T20:13:23.000Z,2.0.14,1072415,905900344cbb45ed2ded84649d99f821833e36d238c7302fb705c74f834d38d1,CLDMSK_L2_VIIRS_NOAA21.A2024271.2118.001.2024272073157.nc,2024-09-28T07:31:57.390Z,55129861,f3c684d4bf2de5774f5ea58de02b40a8
A2024271.2124,2024-09-27T21:24Z,NOAA-21 VIIRS,VJ214IMG.A2024271.2124.002.2025285201324.nc,2025-10-12T20:13:24.000Z,2.0.14,968748,0d98122666d8a97fca72be0c9eb58dc33d85c281e737278632435c1434b42270,CLDMSK_L2_VIIRS_NOAA21.A2024271.2124.001.2024272073156.nc,2024-09-28T07:31:56.340Z,53330483,e8d52bf4796ef9095912587526ba8d76
A2024271.2300,2024-09-27T23:00Z,NOAA-21 VIIRS,VJ214IMG.A2024271.2300.002.2025285201324.nc,2025-10-12T20:13:24.000Z,2.0.14,785547,7cf066e3e8ce9d20b7165f92d3028efa269939bbf28c22dea8cbb89a010a4855,CLDMSK_L2_VIIRS_NOAA21.A2024271.2300.001.2024272073146.nc,2024-09-28T07:31:46.640Z,49483979,97c2452a2407664a5bfea165598014ac
A2024271.2306,2024-09-27T23:06Z,NOAA-21 VIIRS,VJ214IMG.A2024271.2306.002.2025285201322.nc,2025-10-12T20:13:22.000Z,2.0.14,679988,b1f64cc617dd6c73b097016617290dbdbc026f7cff1b0b61a7f21f5f7e725e50,CLDMSK_L2_VIIRS_NOAA21.A2024271.2306.001.2024272073145.nc,2024-09-28T07:31:45.900Z,50887885,c908887e7762ca63a068fca5035e74b3
A2024272.2100,2024-09-28T21:00Z,NOAA-21 VIIRS,VJ214IMG.A2024272.2100.002.2025285202520.nc,2025-10-12T20:25:20.000Z,2.0.14,1316113,1556805bd574dda2f838aed226315ebe767d3a92cb3f2762e085bf9074392a02,CLDMSK_L2_VIIRS_NOAA21.A2024272.2100.001.2024273073245.nc,2024-09-29T07:32:45.660Z,56777513,71dc63a0b22ec2f2426372e41eb842c3
A2024272.2106,2024-09-28T21:06Z,NOAA-21 VIIRS,VJ214IMG.A2024272.2106.002.2025285202516.nc,2025-10-12T20:25:16.000Z,2.0.14,925486,6e4206c176121e5b604c84265aa52c63c4e5e9acb8f438392c6139396d7ff9d8,CLDMSK_L2_VIIRS_NOAA21.A2024272.2106.001.2024273073238.nc,2024-09-29T07:32:38.360Z,53997603,da067e91e42a3cec2f69c7a4197a98eb
A2024272.2242,2024-09-28T22:42Z,NOAA-21 VIIRS,VJ214IMG.A2024272.2242.002.2025285202518.nc,2025-10-12T20:25:18.000Z,2.0.14,745058,5ecd80fe63f1e6aa6cfd324384f684968b101ee0d218b34fa28686e9eaaac7e6,CLDMSK_L2_VIIRS_NOAA21.A2024272.2242.001.2024273073231.nc,2024-09-29T07:32:31.880Z,48986450,30a0534e46e76eec50bace803af72de9
A2024272.2248,2024-09-28T22:48Z,NOAA-21 VIIRS,VJ214IMG.A2024272.2248.002.2025285202516.nc,2025-10-12T20:25:16.000Z,2.0.14,816095,15189ebba2187b78204c446e4c49814079840524e2797d951372bf49fdd5bf9b,CLDMSK_L2_VIIRS_NOAA21.A2024272.2248.001.2024273073238.nc,2024-09-29T07:32:38.620Z,53171954,137128afc59f3fd4276fbf66a6c96968
A2024273.2042,2024-09-29T20:42Z,NOAA-21 VIIRS,VJ214IMG.A2024273.2042.002.2025285203617.nc,2025-10-12T20:36:17.000Z,2.0.14,1373385,b689d26b96f335335b33fb985a6e0bed90165624074c2aa831ffb00817c68b6e,CLDMSK_L2_VIIRS_NOAA21.A2024273.2042.001.2024274073323.nc,2024-09-30T07:33:23.840Z,56177759,9f860c1ba22f68ad5fbf655b76cd6632
A2024273.2048,2024-09-29T20:48Z,NOAA-21 VIIRS,VJ214IMG.A2024273.2048.002.2025285203618.nc,2025-10-12T20:36:18.000Z,2.0.14,1439055,c43b0d5fd870398ad218dc342fbe82ef5a4aae68c6ea4c18489db4c7ec08a245,CLDMSK_L2_VIIRS_NOAA21.A2024273.2048.001.2024274073324.nc,2024-09-30T07:33:24.390Z,55072495,902dd4798a1e27f67ee5c5f547109244
A2024273.2224,2024-09-29T22:24Z,NOAA-21 VIIRS,VJ214IMG.A2024273.2224.002.2025285203618.nc,2025-10-12T20:36:18.000Z,2.0.14,698452,d1f4503678b2729212d39c8176c4d7498d9df6b7cf4318f9fb545590560e84c2,CLDMSK_L2_VIIRS_NOAA21.A2024273.2224.001.2024274073340.nc,2024-09-30T07:33:40.160Z,49620720,c6799bff400eb4fa83046c91bb60b708
A2024273.2230,2024-09-29T22:30Z,NOAA-21 VIIRS,VJ214IMG.A2024273.2230.002.2025285203618.nc,2025-10-12T20:36:18.000Z,2.0.14,825339,e93efb1d07fb88aa92209ec14f006a8e2b97f2f39438af76d0c7d5dfafc51b9e,CLDMSK_L2_VIIRS_NOAA21.A2024273.2230.001.2024274073337.nc,2024-09-30T07:33:37.620Z,54265839,2966c5e560c01e3c454fcd1785c5a925
A2024274.0000,2024-09-30T00:00Z,NOAA-21 VIIRS,VJ214IMG.A2024274.0000.002.2025285204718.nc,2025-10-12T20:47:18.000Z,2.0.14,1332460,2985f0afd82f7a550f6dc3542a79edd9abc934815f831689b4ca23712632158b,CLDMSK_L2_VIIRS_NOAA21.A2024274.0000.001.2024274131314.nc,2024-09-30T13:13:14.730Z,56486532,6133a69b7df3bbcf5bfbcd95ed821f94
A2024274.0006,2024-09-30T00:06Z,NOAA-21 VIIRS,VJ214IMG.A2024274.0006.002.2025285204716.nc,2025-10-12T20:47:16.000Z,2.0.14,506517,820285b6c9e67e5b776f0d41537a01821eeb2844cea42c884aa7b93483f45098,CLDMSK_L2_VIIRS_NOAA21.A2024274.0006.001.2024274131313.nc,2024-09-30T13:13:13.260Z,49472557,e14f661e9004c2a3dd50c07ee1208683
A2024274.2206,2024-09-30T22:06Z,NOAA-21 VIIRS,VJ214IMG.A2024274.2206.002.2025285204716.nc,2025-10-12T20:47:16.000Z,2.0.14,673742,9bd71d4197c55ee77c48d310de126f47a3be684e78c018e9a788d77ebd652966,CLDMSK_L2_VIIRS_NOAA21.A2024274.2206.001.2024275073431.nc,2024-10-01T07:34:31.480Z,50849009,875d932007a2b9a6384bcaab35c9f971
A2024274.2212,2024-09-30T22:12Z,NOAA-21 VIIRS,VJ214IMG.A2024274.2212.002.2025285204719.nc,2025-10-12T20:47:19.000Z,2.0.14,679673,79e7638d83a86c99e9447bd29659080002e7db06a7cd44380405eabd0a2702bf,CLDMSK_L2_VIIRS_NOAA21.A2024274.2212.001.2024275073438.nc,2024-10-01T07:34:38.910Z,56820839,e885fde7b1409ccda19c89c634f47d68
A2024274.2342,2024-09-30T23:42Z,NOAA-21 VIIRS,VJ214IMG.A2024274.2342.002.2025285204719.nc,2025-10-12T20:47:19.000Z,2.0.14,1123054,46accfd0aa7270c2427f0489fbbb7e62c8a61a9a15b15e011d49063e11c6db93,CLDMSK_L2_VIIRS_NOAA21.A2024274.2342.001.2024275073407.nc,2024-10-01T07:34:07.650Z,53679801,98af50f967d57af7ee506470caa09b4e
A2024274.2348,2024-09-30T23:48Z,NOAA-21 VIIRS,VJ214IMG.A2024274.2348.002.2025285204719.nc,2025-10-12T20:47:19.000Z,2.0.14,542826,a336ceef7706f2ef184137a59e3675fa756435072a30be1fc64453650a5cd122,CLDMSK_L2_VIIRS_NOAA21.A2024274.2348.001.2024275073404.nc,2024-10-01T07:34:04.930Z,49766918,bb18c5377262cac25037a1c8ad968f41
A2024275.2142,2024-10-01T21:42Z,NOAA-21 VIIRS,VJ214IMG.A2024275.2142.002.2025285205819.nc,2025-10-12T20:58:19.000Z,2.0.14,1266765,72fcb048312834ab4ccf0760dbfdba700bc9ca571332ed9595db86b73252387f,CLDMSK_L2_VIIRS_NOAA21.A2024275.2142.001.2024276220534.nc,2024-10-02T22:05:34.810Z,57598999,1653b1099d33b4dacb3a4758e789e870
A2024275.2148,2024-10-01T21:48Z,NOAA-21 VIIRS,VJ214IMG.A2024275.2148.002.2025285205821.nc,2025-10-12T20:58:21.000Z,2.0.14,561970,2a860f00e36a1afa94cc060436fb4a5f07b092d422b74a623083c954bd40e1eb,CLDMSK_L2_VIIRS_NOAA21.A2024275.2148.001.2024276220528.nc,2024-10-02T22:05:28.230Z,50591595,02cac184bb009628820d1e189fbe9ed9
A2024275.2324,2024-10-01T23:24Z,NOAA-21 VIIRS,VJ214IMG.A2024275.2324.002.2025285205822.nc,2025-10-12T20:58:22.000Z,2.0.14,1167211,e15af027060445e1083fee1c0387353ee566b29589e25a47db0756bb5f9e4090,CLDMSK_L2_VIIRS_NOAA21.A2024275.2324.001.2024276220534.nc,2024-10-02T22:05:34.350Z,54246654,1b0c0c848ffc4ac9cf43e43d32acfb2f
A2024275.2330,2024-10-01T23:30Z,NOAA-21 VIIRS,VJ214IMG.A2024275.2330.002.2025285205822.nc,2025-10-12T20:58:22.000Z,2.0.14,740381,c5888887ee93a4dba402523d34373137484b86ea65413dffe2ee8e8a18c376fb,CLDMSK_L2_VIIRS_NOAA21.A2024275.2330.001.2024276220535.nc,2024-10-02T22:05:35.120Z,51432133,f9acf6d2bce111483aebc05f247ee1c7
A2024276.2124,2024-10-02T21:24Z,NOAA-21 VIIRS,VJ214IMG.A2024276.2124.002.2025286144112.nc,2025-10-13T14:41:12.000Z,2.0.14,1187605,c21a5d2f3173ea0ad313497142cd718c58d00e75f529c3c72d9b27a2d76acba6,CLDMSK_L2_VIIRS_NOAA21.A2024276.2124.001.2024278181624.nc,2024-10-04T18:16:24.360Z,54348188,17724e7a3612bea8e224b230889e1ae8
A2024276.2130,2024-10-02T21:30Z,NOAA-21 VIIRS,VJ214IMG.A2024276.2130.002.2025286144115.nc,2025-10-13T14:41:15.000Z,2.0.14,668170,c4dd19987790125738333ab1f618c6f79e34ff6f1f11cb53609fd0912f9995a4,CLDMSK_L2_VIIRS_NOAA21.A2024276.2130.001.2024278181622.nc,2024-10-04T18:16:22.310Z,51628212,8e789a4de52f82b16d32d22d4117e92f
A2024276.2306,2024-10-02T23:06Z,NOAA-21 VIIRS,VJ214IMG.A2024276.2306.002.2025286144115.nc,2025-10-13T14:41:15.000Z,2.0.14,936931,239b9bc97296f4ed7a7ecfe7ba44afe317eac07fcefa164f9d56c4fce863f347,CLDMSK_L2_VIIRS_NOAA21.A2024276.2306.001.2024277221552.nc,2024-10-03T22:15:52.350Z,52748560,ca2da166bfc0113a8437705dab9d4343
A2024276.2312,2024-10-02T23:12Z,NOAA-21 VIIRS,VJ214IMG.A2024276.2312.002.2025286144117.nc,2025-10-13T14:41:17.000Z,2.0.14,813963,364214855878157230da21770dd0b795b6d68c265a43516ee0ee9b58e80d6dda,CLDMSK_L2_VIIRS_NOAA21.A2024276.2312.001.2024277221557.nc,2024-10-03T22:15:57.750Z,50931363,a6a6f88b6c80cd67e2ff2b81e0466698
A2024277.2106,2024-10-03T21:06Z,NOAA-21 VIIRS,VJ214IMG.A2024277.2106.002.2025286145316.nc,2025-10-13T14:53:16.000Z,2.0.14,1096195,46049c301aa07416cd4bbd77f5b2b79f00d3ffd9cf8e6562ceca8351b50a7609,CLDMSK_L2_VIIRS_NOAA21.A2024277.2106.001.2024278072628.nc,2024-10-04T07:26:28.980Z,53728532,d8b102728ed9757cdc50f93f88ebb342
A2024277.2112,2024-10-03T21:12Z,NOAA-21 VIIRS,VJ214IMG.A2024277.2112.002.2025286145314.nc,2025-10-13T14:53:14.000Z,2.0.14,795820,9cf2788b20ef26e760a4341eb78f55928de94a88fac17045d3a4da02cf06b064,CLDMSK_L2_VIIRS_NOAA21.A2024277.2112.001.2024278072629.nc,2024-10-04T07:26:29.980Z,53639649,5e142f0b34d8d985c1995f01bf3e277d
A2024277.2248,2024-10-03T22:48Z,NOAA-21 VIIRS,VJ214IMG.A2024277.2248.002.2025286145318.nc,2025-10-13T14:53:18.000Z,2.0.14,844424,27b85da580f58b24c28f1caa6d3a46a68d49d65e1fea22bf72ffb4bb82aec98a,CLDMSK_L2_VIIRS_NOAA21.A2024277.2248.001.2024278072638.nc,2024-10-04T07:26:38.710Z,51203022,eb8a39dfc952c417a77d84ff1837e16d
A2024277.2254,2024-10-03T22:54Z,NOAA-21 VIIRS,VJ214IMG.A2024277.2254.002.2025286145314.nc,2025-10-13T14:53:14.000Z,2.0.14,952576,a1eba62f180fb1d15ac85563a020d8ef593a66481ae0816e4f16fae5e8ec4653,CLDMSK_L2_VIIRS_NOAA21.A2024277.2254.001.2024278072638.nc,2024-10-04T07:26:38.190Z,51463938,e2c7f00f70972e18afe7d166a3338e8c
A2024278.2048,2024-10-04T20:48Z,NOAA-21 VIIRS,VJ214IMG.A2024278.2048.002.2025286150446.nc,2025-10-13T15:04:46.000Z,2.0.14,1337545,72a18cd7e8f12b8f82721232f83cae02e24deb36c7d4fec94af6437f4f3c6061,CLDMSK_L2_VIIRS_NOAA21.A2024278.2048.001.2024279072640.nc,2024-10-05T07:26:40.820Z,55870579,e548e3833d64f224164870e9f7ac8930
A2024278.2054,2024-10-04T20:54Z,NOAA-21 VIIRS,VJ214IMG.A2024278.2054.002.2025286150442.nc,2025-10-13T15:04:42.000Z,2.0.14,1259267,178bdd7826c4c5828074ee8f38c8c9894d71b63ae41684c51a252d5f261df43d,CLDMSK_L2_VIIRS_NOAA21.A2024278.2054.001.2024279072640.nc,2024-10-05T07:26:40.450Z,56334313,bc82669bbaac48b3e5a3e3aeb2be5d65
A2024278.2230,2024-10-04T22:30Z,NOAA-21 VIIRS,VJ214IMG.A2024278.2230.002.2025286150446.nc,2025-10-13T15:04:46.000Z,2.0.14,673395,0fcb0d72f73b87de365a348ea5d3ef36750ee4695aa36e048769f6a0c41ab846,CLDMSK_L2_VIIRS_NOAA21.A2024278.2230.001.2024279072652.nc,2024-10-05T07:26:52.970Z,49466018,ff564bbf76e6d7fac2549a2499dad7e2
A2024278.2236,2024-10-04T22:36Z,NOAA-21 VIIRS,VJ214IMG.A2024278.2236.002.2025286150442.nc,2025-10-13T15:04:42.000Z,2.0.14,764639,34c379d3d1614ed3abf5a3f3d82494978a6ea6a804af2e4b06f703bdde4a0f93,CLDMSK_L2_VIIRS_NOAA21.A2024278.2236.001.2024279072652.nc,2024-10-05T07:26:52.860Z,54964203,95f12a89d31bd0e6156a50534d10730b
A2024279.2212,2024-10-05T22:12Z,NOAA-21 VIIRS,VJ214IMG.A2024279.2212.002.2025286151615.nc,2025-10-13T15:16:15.000Z,2.0.14,640162,be2d8693c002a2115fe6c003521db428bb9efb6d5aae98cba4ba436537eeac82,CLDMSK_L2_VIIRS_NOAA21.A2024279.2212.001.2024280073746.nc,2024-10-06T07:37:46.830Z,50298201,e3412153d67935661fd8e0e5e1f55000
A2024279.2218,2024-10-05T22:18Z,NOAA-21 VIIRS,VJ214IMG.A2024279.2218.002.2025286151617.nc,2025-10-13T15:16:17.000Z,2.0.14,888452,2072a25e886a3bc429d1a33995ceb869d0049e737e32472ffb5e0ba93487b0c0,CLDMSK_L2_VIIRS_NOAA21.A2024279.2218.001.2024280073742.nc,2024-10-06T07:37:42.150Z,57504978,a8f0ba5bf28bcf4e9844ee9a383bf6be
A2024279.2348,2024-10-05T23:48Z,NOAA-21 VIIRS,VJ214IMG.A2024279.2348.002.2025286151617.nc,2025-10-13T15:16:17.000Z,2.0.14,1264104,473947f1070c99883e241490d2238a4a4873e7172ad97b3bf4366177c214e99a,CLDMSK_L2_VIIRS_NOAA21.A2024279.2348.001.2024280073736.nc,2024-10-06T07:37:36.520Z,56527737,1f378107753920824cc037c3f452e404
A2024279.2354,2024-10-05T23:54Z,NOAA-21 VIIRS,VJ214IMG.A2024279.2354.002.2025286151616.nc,2025-10-13T15:16:16.000Z,2.0.14,695502,0033b8408ae83f19961d8eb0ba7cf7b99f7ab41facdb1b2026e0e9cfb7407fa6,CLDMSK_L2_VIIRS_NOAA21.A2024279.2354.001.2024280073744.nc,2024-10-06T07:37:44.050Z,49800673,4fa72d0ff45911efe107c0f4463ae50f
A2024280.2148,2024-10-06T21:48Z,NOAA-21 VIIRS,VJ214IMG.A2024280.2148.002.2025286152819.nc,2025-10-13T15:28:19.000Z,2.0.14,1057266,8b2da9c0323e87f42a1e70bb54e890a49752a68f265f3cb550586780f61fe2b9,CLDMSK_L2_VIIRS_NOAA21.A2024280.2148.001.2024281073829.nc,2024-10-07T07:38:29.370Z,56802691,4fa264d674a80e9968ba60c97ba79302
A2024280.2154,2024-10-06T21:54Z,NOAA-21 VIIRS,VJ214IMG.A2024280.2154.002.2025286152819.nc,2025-10-13T15:28:19.000Z,2.0.14,702729,83a3b5676d09dfc772960ef51303a0efa1805a649f1406ee162c76cc40a7644e,CLDMSK_L2_VIIRS_NOAA21.A2024280.2154.001.2024281073831.nc,2024-10-07T07:38:31.570Z,50743327,fbc1669a58f6759bf0bf54f4fb90bbcb
A2024280.2200,2024-10-06T22:00Z,NOAA-21 VIIRS,VJ214IMG.A2024280.2200.002.2025286152818.nc,2025-10-13T15:28:18.000Z,2.0.14,893257,9f140c370c41389ddf6c4ef5d9ced7d158ead6b2a1e9d9ddd380e8c05b9dc20c,CLDMSK_L2_VIIRS_NOAA21.A2024280.2200.001.2024281073828.nc,2024-10-07T07:38:28.160Z,57194909,32bc2a8c6771b20c20668a0d5f9d6bcd
A2024280.2330,2024-10-06T23:30Z,NOAA-21 VIIRS,VJ214IMG.A2024280.2330.002.2025286152814.nc,2025-10-13T15:28:14.000Z,2.0.14,1125870,15848f8ed9198045d0109f1cd40c630a38646355dbae15e7491d7e7d1c65a9bc,CLDMSK_L2_VIIRS_NOAA21.A2024280.2330.001.2024281073820.nc,2024-10-07T07:38:20.630Z,54390978,4582a1e57c57f640b281951856807fdb
A2024280.2336,2024-10-06T23:36Z,NOAA-21 VIIRS,VJ214IMG.A2024280.2336.002.2025286152816.nc,2025-10-13T15:28:16.000Z,2.0.14,526206,aed7e0f28d7a4284efe7e0d74ee320978c25aa5470ea5d0eb2dbcd39a71e9aca,CLDMSK_L2_VIIRS_NOAA21.A2024280.2336.001.2024281073819.nc,2024-10-07T07:38:19.470Z,48366794,4bebf15e47df1bb87d3d93ca6cfc00b8
A2024281.2130,2024-10-07T21:30Z,NOAA-21 VIIRS,VJ214IMG.A2024281.2130.002.2025286154241.nc,2025-10-13T15:42:41.000Z,2.0.14,1024681,e7a47600e64fd3df8de41eb3d4633556ee909527ed64e03b591a682a8d635a1c,CLDMSK_L2_VIIRS_NOAA21.A2024281.2130.001.2024282072849.nc,2024-10-08T07:28:49.180Z,53919765,ffda102a3cc05a2e984ba55ca41bf982
A2024281.2136,2024-10-07T21:36Z,NOAA-21 VIIRS,VJ214IMG.A2024281.2136.002.2025286154244.nc,2025-10-13T15:42:44.000Z,2.0.14,876907,9bd089df54bd47c6cfd19085a831f6c9738fd87ba887b2476b3a8aa5e885d56c,CLDMSK_L2_VIIRS_NOAA21.A2024281.2136.001.2024282072849.nc,2024-10-08T07:28:49.680Z,51114943,fabae9e005fe8d09d5d26e65e523a584
A2024281.2312,2024-10-07T23:12Z,NOAA-21 VIIRS,VJ214IMG.A2024281.2312.002.2025286154243.nc,2025-10-13T15:42:43.000Z,2.0.14,1020638,ad0576a29cbb6e2fee75d5e56e85f9da8b43fd321cff3d4ab3bd0d738c87c4af,CLDMSK_L2_VIIRS_NOAA21.A2024281.2312.001.2024282072844.nc,2024-10-08T07:28:44.580Z,52642905,5c0169ea2887168cb7dd07fd1453bc44
A2024281.2318,2024-10-07T23:18Z,NOAA-21 VIIRS,VJ214IMG.A2024281.2318.002.2025286154243.nc,2025-10-13T15:42:43.000Z,2.0.14,670863,95a1aae4924061b7e739cc722446154d10d8492b5ffc8afbad9ec4aa22ea9533,CLDMSK_L2_VIIRS_NOAA21.A2024281.2318.001.2024282072845.nc,2024-10-08T07:28:45.080Z,48873870,a43cdaade90c0592a3bc4b92460de38e
A2024282.2112,2024-10-08T21:12Z,NOAA-21 VIIRS,VJ214IMG.A2024282.2112.002.2025286155016.nc,2025-10-13T15:50:16.000Z,2.0.14,965371,cc6d9e6d807dc2c9f99e99f74389ceeb5c7908a2bf36ebf309f5343c00d94bb1,CLDMSK_L2_VIIRS_NOAA21.A2024282.2112.001.2024283072949.nc,2024-10-09T07:29:49.540Z,53793847,d4832742d33981eee84e328d4e3f7380
A2024282.2118,2024-10-08T21:18Z,NOAA-21 VIIRS,VJ214IMG.A2024282.2118.002.2025286155014.nc,2025-10-13T15:50:14.000Z,2.0.14,1461093,e8da0ca3d44f66ce52722c309f8be08f9deb3d26e6cefe88b679928675e2077b,CLDMSK_L2_VIIRS_NOAA21.A2024282.2118.001.2024283072948.nc,2024-10-09T07:29:48.830Z,51078181,891aab0bc63b167df1e6e787c0c6b93f
A2024282.2254,2024-10-08T22:54Z,NOAA-21 VIIRS,VJ214IMG.A2024282.2254.002.2025286155018.nc,2025-10-13T15:50:18.000Z,2.0.14,794107,3c43b108d6b640491f38f10b70c6d2d0302bd27e2e296488bb10b3286cb00858,CLDMSK_L2_VIIRS_NOAA21.A2024282.2254.001.2024283072949.nc,2024-10-09T07:29:49.710Z,50788025,2394e6258b5337e78202177bb7287085
A2024282.2300,2024-10-08T23:00Z,NOAA-21 VIIRS,VJ214IMG.A2024282.2300.002.2025286155016.nc,2025-10-13T15:50:16.000Z,2.0.14,689712,f471b1f011ff751009b658048ae66dc2958df9fedd374eb4726340c3088ceeac,CLDMSK_L2_VIIRS_NOAA21.A2024282.2300.001.2024283072950.nc,2024-10-09T07:29:50.320Z,52235078,aa62f3ae41f6b65ddd4c995e8546a81e
A2024283.2054,2024-10-09T20:54Z,NOAA-21 VIIRS,VJ214IMG.A2024283.2054.002.2025286160617.nc,2025-10-13T16:06:17.000Z,2.0.14,1123591,1c2d7caa0e9de4cd4682e1084f6fd46289f417bf47bc8e1d0db95695d1695741,CLDMSK_L2_VIIRS_NOAA21.A2024283.2054.001.2024284073028.nc,2024-10-10T07:30:28.130Z,54032165,15333f677acec53fa37e9ca311220192
A2024283.2100,2024-10-09T21:00Z,NOAA-21 VIIRS,VJ214IMG.A2024283.2100.002.2025286160617.nc,2025-10-13T16:06:17.000Z,2.0.14,1467445,dd71cd73c468aba893360662d630b015271e0db036699e5317f27dd538145271,CLDMSK_L2_VIIRS_NOAA21.A2024283.2100.001.2024284073026.nc,2024-10-10T07:30:26.090Z,52041931,93d5465022b37dc50e3a7466f5c18d9e
A2024283.2236,2024-10-09T22:36Z,NOAA-21 VIIRS,VJ214IMG.A2024283.2236.002.2025286160620.nc,2025-10-13T16:06:20.000Z,2.0.14,713012,1e9c0620a156c1bc0addfe37f01ab43a9576d89bdf886812180ccf6ab5fb92e7,CLDMSK_L2_VIIRS_NOAA21.A2024283.2236.001.2024284073023.nc,2024-10-10T07:30:23.880Z,48930466,915aad32612a3e2f85550c49b49768f7
A2024283.2242,2024-10-09T22:42Z,NOAA-21 VIIRS,VJ214IMG.A2024283.2242.002.2025286160617.nc,2025-10-13T16:06:17.000Z,2.0.14,849178,f4c5e7c5a866adeec7ebf3dc6eb57bfbe971fa45cfe89e177e2760291e26b615,CLDMSK_L2_VIIRS_NOAA21.A2024283.2242.001.2024284073027.nc,2024-10-10T07:30:27.440Z,54937600,a99ca0c376fb39956804f07ca22f7cb6
A2024284.2042,2024-10-10T20:42Z,NOAA-21 VIIRS,VJ214IMG.A2024284.2042.002.2025286162415.nc,2025-10-13T16:24:15.000Z,2.0.14,2476621,9751b8bb9c5657228b427b760a14362c585dfece96a2f546a8e4ab654bce29f0,CLDMSK_L2_VIIRS_NOAA21.A2024284.2042.001.2024285073102.nc,2024-10-11T07:31:02.910Z,51180708,6d04632a937b84ac2f9e4ac68865bfd6
A2024284.2218,2024-10-10T22:18Z,NOAA-21 VIIRS,VJ214IMG.A2024284.2218.002.2025286162419.nc,2025-10-13T16:24:19.000Z,2.0.14,618750,d8580c8226550869bfd24d9b250f384e58efc053717bb96927065ad881c09b5b,CLDMSK_L2_VIIRS_NOAA21.A2024284.2218.001.2024285073102.nc,2024-10-11T07:31:02.350Z,48036129,3869ea58b3b6386893d7fdcfbcc5263e
A2024284.2224,2024-10-10T22:24Z,NOAA-21 VIIRS,VJ214IMG.A2024284.2224.002.2025286162418.nc,2025-10-13T16:24:18.000Z,2.0.14,822554,01daac028f0389d69b007ee53ced82476a03835af30234c0460bc50b9a107780,CLDMSK_L2_VIIRS_NOAA21.A2024284.2224.001.2024285073103.nc,2024-10-11T07:31:03.150Z,57872611,aedd76aa4ad995db587fda18b78f753d
A2024284.2354,2024-10-10T23:54Z,NOAA-21 VIIRS,VJ214IMG.A2024284.2354.002.2025286162417.nc,2025-10-13T16:24:17.000Z,2.0.14,1298053,115324568b1cc015d1fbab00a15f8c275c05d788fa922ddc52a6d70cea58b648,CLDMSK_L2_VIIRS_NOAA21.A2024284.2354.001.2024285073105.nc,2024-10-11T07:31:05.150Z,59416589,07c866560b8c1ec68f70d56cd6022a50
A2024285.0000,2024-10-11T00:00Z,NOAA-21 VIIRS,VJ214IMG.A2024285.0000.002.2025286163945.nc,2025-10-13T16:39:45.000Z,2.0.14,670631,41586a5a992b2d098d215bcfeed47fc5a0843418ee650b215fc6691d0890fd75,CLDMSK_L2_VIIRS_NOAA21.A2024285.0000.001.2024285131054.nc,2024-10-11T13:10:54.070Z,50855370,853da1fb76282a9d802460cff9228978
A2024285.2200,2024-10-11T22:00Z,NOAA-21 VIIRS,VJ214IMG.A2024285.2200.002.2025286163943.nc,2025-10-13T16:39:43.000Z,2.0.14,904270,39a43721a71f107964c387f495cb39e7458a8184c58c6d2d8c1b3e29d4cd474e,CLDMSK_L2_VIIRS_NOAA21.A2024285.2200.001.2024286073150.nc,2024-10-12T07:31:50.820Z,50827949,8982f598bc4e6bcf5afec66edc68af46
A2024285.2206,2024-10-11T22:06Z,NOAA-21 VIIRS,VJ214IMG.A2024285.2206.002.2025286163945.nc,2025-10-13T16:39:45.000Z,2.0.14,906223,23253ad6710d39904b667abff72ba725b7797b2998407f698ea87bb64418e3a6,CLDMSK_L2_VIIRS_NOAA21.A2024285.2206.001.2024286073150.nc,2024-10-12T07:31:50.900Z,59033683,4ef3b210b755f8551fc35e729d9eef9d
A2024285.2336,2024-10-11T23:36Z,NOAA-21 VIIRS,VJ214IMG.A2024285.2336.002.2025286163944.nc,2025-10-13T16:39:44.000Z,2.0.14,1461564,f4524709d655c281fbbe69cc1dffdc3460fcdcd51216f6c493353db089dc1ed1,CLDMSK_L2_VIIRS_NOAA21.A2024285.2336.001.2024286073152.nc,2024-10-12T07:31:52.310Z,59833729,b9bd5ec7c58f3a9fbdd9851a47140a93
A2024285.2342,2024-10-11T23:42Z,NOAA-21 VIIRS,VJ214IMG.A2024285.2342.002.2025286163944.nc,2025-10-13T16:39:44.000Z,2.0.14,592149,d2d0c027c48b3aeeabed5573ec0dd413c693f63187a439385723374a5a2a8fb7,CLDMSK_L2_VIIRS_NOAA21.A2024285.2342.001.2024286073148.nc,2024-10-12T07:31:48.800Z,49395229,417925c1bde03b296ad8710a4a150f15
A2024286.2136,2024-10-12T21:36Z,NOAA-21 VIIRS,VJ214IMG.A2024286.2136.002.2025286164815.nc,2025-10-13T16:48:15.000Z,2.0.14,1478692,4bbb84ede565ed301686c8c8f5a7e2d0e66b33b8fc3e805e91a15a817b474b3a,CLDMSK_L2_VIIRS_NOAA21.A2024286.2136.001.2024287073224.nc,2024-10-13T07:32:24.920Z,59426043,60d00f5c40e5547c366733a4f8816563
A2024286.2142,2024-10-12T21:42Z,NOAA-21 VIIRS,VJ214IMG.A2024286.2142.002.2025286164817.nc,2025-10-13T16:48:17.000Z,2.0.14,1027173,e3545a73aea886af7d5ff0acb5b1d2dec7c7ecda3dbe955d4190dfc1b65b7f68,CLDMSK_L2_VIIRS_NOAA21.A2024286.2142.001.2024287073216.nc,2024-10-13T07:32:16.940Z,51680881,fe1fe9115f334c2f207ec772775987a3
A2024286.2318,2024-10-12T23:18Z,NOAA-21 VIIRS,VJ214IMG.A2024286.2318.002.2025286164815.nc,2025-10-13T16:48:15.000Z,2.0.14,1069144,ee3bfeb0657ce158b680835726950e0cab7b4a59a3eb19b937c7b2015e993212,CLDMSK_L2_VIIRS_NOAA21.A2024286.2318.001.2024287073225.nc,2024-10-13T07:32:25.070Z,57132159,86e5e1b645547e2d778582b2babd3e60
A2024286.2324,2024-10-12T23:24Z,NOAA-21 VIIRS,VJ214IMG.A2024286.2324.002.2025286164814.nc,2025-10-13T16:48:14.000Z,2.0.14,734105,d4b2fd0dcd3fc77831f59b69a9e174f0e0098c1d3e53e1d3510f64203aead8b0,CLDMSK_L2_VIIRS_NOAA21.A2024286.2324.001.2024287073221.nc,2024-10-13T07:32:21.430Z,51987269,594673f74110c578550523e456a83d1f
A2024287.2118,2024-10-13T21:18Z,NOAA-21 VIIRS,VJ214IMG.A2024287.2118.002.2025286165444.nc,2025-10-13T16:54:44.000Z,2.0.14,1374360,c780a68fb341cdb32525d867a5343d87f7b7273548f46894ce1b103cc8d002b1,CLDMSK_L2_VIIRS_NOAA21.A2024287.2118.001.2024288072318.nc,2024-10-14T07:23:18.180Z,59463230,8da94aa76bb1515dbd54b5a255a36f5d
A2024287.2124,2024-10-13T21:24Z,NOAA-21 VIIRS,VJ214IMG.A2024287.2124.002.2025286165444.nc,2025-10-13T16:54:44.000Z,2.0.14,1362736,05c5b3ea6a84235eacc0ca1db0af875ba49d1c8f5ee32c8cc260eb1a12c7a498,CLDMSK_L2_VIIRS_NOAA21.A2024287.2124.001.2024288072314.nc,2024-10-14T07:23:14.890Z,51232136,5493d9a560174f731756db322e02dff6
A2024287.2300,2024-10-13T23:00Z,NOAA-21 VIIRS,VJ214IMG.A2024287.2300.002.2025286165444.nc,2025-10-13T16:54:44.000Z,2.0.14,1167577,daaf435f11bc0f7942ba77543ca897957d3ddec2dbe2c2a03ce151b2c6193db6,CLDMSK_L2_VIIRS_NOAA21.A2024287.2300.001.2024288072316.nc,2024-10-14T07:23:16.230Z,55549484,4b6d2c2648ffdd2be606c0719619f507
A2024287.2306,2024-10-13T23:06Z,NOAA-21 VIIRS,VJ214IMG.A2024287.2306.002.2025286165444.nc,2025-10-13T16:54:44.000Z,2.0.14,828409,2682d2cdea633205ce495c16c1172956febf8e4118fd1b4f053aed7651af3bdf,CLDMSK_L2_VIIRS_NOAA21.A2024287.2306.001.2024288072312.nc,2024-10-14T07:23:12.580Z,50728108,ef5ef0028b9f720e9d7cedaef20579cb
A2024288.2100,2024-10-14T21:00Z,NOAA-21 VIIRS,VJ214IMG.A2024288.2100.002.2025286171241.nc,2025-10-13T17:12:41.000Z,2.0.14,1166204,b708e9fb0fe1e873d78bfae8c17d62b2162d400aa9ee249f685917f63e757635,CLDMSK_L2_VIIRS_NOAA21.A2024288.2100.001.2024289123351.nc,2024-10-15T12:33:51.670Z,56505882,d78c3445bfbf99fb351d70d2d9f24c22
A2024288.2106,2024-10-14T21:06Z,NOAA-21 VIIRS,VJ214IMG.A2024288.2106.002.2025286171243.nc,2025-10-13T17:12:43.000Z,2.0.14,1840816,6eabe60355f4eca115c058ab55513d3a69c7f4c80b921ecab52fd79dd905006c,CLDMSK_L2_VIIRS_NOAA21.A2024288.2106.001.2024289123344.nc,2024-10-15T12:33:44.010Z,54217683,fb214c30509d63bd294bf5e0e8b5c032
A2024288.2242,2024-10-14T22:42Z,NOAA-21 VIIRS,VJ214IMG.A2024288.2242.002.2025286171243.nc,2025-10-13T17:12:43.000Z,2.0.14,1131953,309af813e84fc6a2c15f199219602cee451d2d68a0524537a9cb38d225f9d21a,CLDMSK_L2_VIIRS_NOAA21.A2024288.2242.001.2024289123348.nc,2024-10-15T12:33:48.830Z,55218178,fb4d83bd4230160a5f82ae0a73455ee4
A2024288.2248,2024-10-14T22:48Z,NOAA-21 VIIRS,VJ214IMG.A2024288.2248.002.2025286171240.nc,2025-10-13T17:12:40.000Z,2.0.14,722621,f331be01aca031f87884ad87247f06ff6618629e22b6cb51057575874ded0c23,CLDMSK_L2_VIIRS_NOAA21.A2024288.2248.001.2024289123346.nc,2024-10-15T12:33:46.460Z,53105989,071380819469c1d12adfea89d2be51b5
A2024289.2042,2024-10-15T20:42Z,NOAA-21 VIIRS,VJ214IMG.A2024289.2042.002.2025286172513.nc,2025-10-13T17:25:13.000Z,2.0.14,1222586,f8fd6814caf63be00c60374f6251e97b988d7e17508133e999911a54bf893992,CLDMSK_L2_VIIRS_NOAA21.A2024289.2042.001.2024290073411.nc,2024-10-16T07:34:11.150Z,57293344,cfd11d360f34e5c118a429f0a93c0790
A2024289.2048,2024-10-15T20:48Z,NOAA-21 VIIRS,VJ214IMG.A2024289.2048.002.2025286172513.nc,2025-10-13T17:25:13.000Z,2.0.14,1922504,1749b79f5976389989f9b58a633a7dbb14fc1923e2b6d7722f971bbd22e07ab3,CLDMSK_L2_VIIRS_NOAA21.A2024289.2048.001.2024290073413.nc,2024-10-16T07:34:13.900Z,53932633,512e8f092fad1d4cf806905cdcb66c7f
A2024289.2224,2024-10-15T22:24Z,NOAA-21 VIIRS,VJ214IMG.A2024289.2224.002.2025286172511.nc,2025-10-13T17:25:11.000Z,2.0.14,961522,b08a3979cc1e8924b2ef786afb9262b700d580ba2d4785d31d12ea09756bbe96,CLDMSK_L2_VIIRS_NOAA21.A2024289.2224.001.2024290073411.nc,2024-10-16T07:34:11.500Z,51455188,00fed03d261b21d211ad3881fb346529
A2024289.2230,2024-10-15T22:30Z,NOAA-21 VIIRS,VJ214IMG.A2024289.2230.002.2025286172512.nc,2025-10-13T17:25:12.000Z,2.0.14,675253,eff3b3fcf926366f46f50765f9582a230897289ba643eb36684b82e83ff925c7,CLDMSK_L2_VIIRS_NOAA21.A2024289.2230.001.2024290073412.nc,2024-10-16T07:34:12.790Z,53492687,73cd9cb754902252770cb33753a0c8df
A2024290.0006,2024-10-16T00:06Z,NOAA-21 VIIRS,VJ214IMG.A2024290.0006.002.2025286173250.nc,2025-10-13T17:32:50.000Z,2.0.14,545998,078c45d9cfdb2c09fe1386df17a28c651f6cdbc9f1bcab7d330a7fd04b42d76b,CLDMSK_L2_VIIRS_NOAA21.A2024290.0006.001.2024290130422.nc,2024-10-16T13:04:22.040Z,49905419,ac438555c0d8f9677890bb9b20599cc3
A2024290.2206,2024-10-16T22:06Z,NOAA-21 VIIRS,VJ214IMG.A2024290.2206.002.2025286173246.nc,2025-10-13T17:32:46.000Z,2.0.14,835013,7c6fe2da379bf47c9105d47f8a7e5e298338208ff7ed712f4a8799cfcc94bec1,CLDMSK_L2_VIIRS_NOAA21.A2024290.2206.001.2024292183859.nc,2024-10-18T18:38:59.910Z,52628899,d2e797330c30c700eadf8a5ee9caca88
A2024290.2212,2024-10-16T22:12Z,NOAA-21 VIIRS,VJ214IMG.A2024290.2212.002.2025286173250.nc,2025-10-13T17:32:50.000Z,2.0.14,806192,ffe468b3b86ae3366e5fa160fa47d3bad79e61faa7fc07384312842571c64078,CLDMSK_L2_VIIRS_NOAA21.A2024290.2212.001.2024292183900.nc,2024-10-18T18:39:00.140Z,58993647,85b668e0c5f1c3254a679ca6703879ff
A2024290.2342,2024-10-16T23:42Z,NOAA-21 VIIRS,VJ214IMG.A2024290.2342.002.2025286173248.nc,2025-10-13T17:32:48.000Z,2.0.14,1269133,b652a3bc79535ef62f61b73115041a80b2057b8e09f202a50361322541eaccf9,CLDMSK_L2_VIIRS_NOAA21.A2024290.2342.001.2024291073506.nc,2024-10-17T07:35:06.660Z,59806995,13b3ac4255fa07439a88c0c35fc803d3
A2024290.2348,2024-10-16T23:48Z,NOAA-21 VIIRS,VJ214IMG.A2024290.2348.002.2025286173250.nc,2025-10-13T17:32:50.000Z,2.0.14,520984,8fd9d55f0ae071eb11fc23f332a56d07acafbf9462c8315758a46bf9850757f8,CLDMSK_L2_VIIRS_NOAA21.A2024290.2348.001.2024291073503.nc,2024-10-17T07:35:03.050Z,49546537,8391f0315cb7135563f366d8269776e2
A2024291.2142,2024-10-17T21:42Z,NOAA-21 VIIRS,VJ214IMG.A2024291.2142.002.2025286174746.nc,2025-10-13T17:47:46.000Z,2.0.14,1511806,96139cf4b624fc5a4c68905d9b6249520d2e21a248c9cdbff8e939a0e175ee1e,CLDMSK_L2_VIIRS_NOAA21.A2024291.2142.001.2024292073526.nc,2024-10-18T07:35:26.380Z,59491923,681f96b5fafccced7f66b79214423e66
A2024291.2148,2024-10-17T21:48Z,NOAA-21 VIIRS,VJ214IMG.A2024291.2148.002.2025286174750.nc,2025-10-13T17:47:50.000Z,2.0.14,848053,f69a30f2ce605ae6c63a972f07160c21cd52959ca6b1c9652fab92217498fecb,CLDMSK_L2_VIIRS_NOAA21.A2024291.2148.001.2024292073524.nc,2024-10-18T07:35:24.510Z,50910910,dc58e92a494ccefccb6cf1da5dc91cdd
A2024291.2324,2024-10-17T23:24Z,NOAA-21 VIIRS,VJ214IMG.A2024291.2324.002.2025286174750.nc,2025-10-13T17:47:50.000Z,2.0.14,1335908,43e4f780c56fa9415cc371310cc63143b1caed7338a09461babe03c5b468f0fc,CLDMSK_L2_VIIRS_NOAA21.A2024291.2324.001.2024292073525.nc,2024-10-18T07:35:25.770Z,58906664,e9df3ec8cea9beb4847f516bd8b72f9f
A2024291.2330,2024-10-17T23:30Z,NOAA-21 VIIRS,VJ214IMG.A2024291.2330.002.2025286174748.nc,2025-10-13T17:47:48.000Z,2.0.14,505451,6983aa3b1c8315a4ee6bd309316f1620ade40ba6658c753c9faa15330d55b236,CLDMSK_L2_VIIRS_NOAA21.A2024291.2330.001.2024292073522.nc,2024-10-18T07:35:22.850Z,49743385,6565833ecdab84fe027c40c6834420ad
A2024292.2124,2024-10-18T21:24Z,NOAA-21 VIIRS,VJ214IMG.A2024292.2124.002.2025286175942.nc,2025-10-13T17:59:42.000Z,2.0.14,1115469,9e362e4e0f1f305a5c41483591b03b5942bfc2875599dc5b921e456170c1fe29,CLDMSK_L2_VIIRS_NOAA21.A2024292.2124.001.2024293073035.nc,2024-10-19T07:30:35.310Z,56917199,6ee9ecadc6dc68db876d86270ca021e0
A2024292.2130,2024-10-18T21:30Z,NOAA-21 VIIRS,VJ214IMG.A2024292.2130.002.2025286175946.nc,2025-10-13T17:59:46.000Z,2.0.14,1206657,dc65e445d0703ada1060bb9206e873180201fb213364601d448bf3efa9544cc1,CLDMSK_L2_VIIRS_NOAA21.A2024292.2130.001.2024293073033.nc,2024-10-19T07:30:33.590Z,52379721,6eb76ee2e8fcf1cdedd4a39db9926970
A2024292.2306,2024-10-18T23:06Z,NOAA-21 VIIRS,VJ214IMG.A2024292.2306.002.2025286175943.nc,2025-10-13T17:59:43.000Z,2.0.14,1097280,b9dba30f9f2c5bc5692e67e34cd71c9f225a1b1d2f4ff0fa6609941f3909cdbc,CLDMSK_L2_VIIRS_NOAA21.A2024292.2306.001.2024293073035.nc,2024-10-19T07:30:35.040Z,56029385,130a8b4f1bc18e27f60425e607986570
A2024292.2312,2024-10-18T23:12Z,NOAA-21 VIIRS,VJ214IMG.A2024292.2312.002.2025286175943.nc,2025-10-13T17:59:43.000Z,2.0.14,571876,13ad95f79f2552149b9868c4abb3b37d39ba3ff962eabd67bef4ec7a43e5665e,CLDMSK_L2_VIIRS_NOAA21.A2024292.2312.001.2024293073032.nc,2024-10-19T07:30:32.620Z,49205369,e57a7f40624d9c38e8117f0b5f63efd5
A2024293.2106,2024-10-19T21:06Z,NOAA-21 VIIRS,VJ214IMG.A2024293.2106.002.2025286181144.nc,2025-10-13T18:11:44.000Z,2.0.14,1117127,190502971cf2fb2ba155267f09635c3ccf888cdd3cae5fa0f2d7163ebb7ffa35,CLDMSK_L2_VIIRS_NOAA21.A2024293.2106.001.2024294072142.nc,2024-10-20T07:21:42.130Z,55806486,474174be41dbe279c8beb456995e3774
A2024293.2112,2024-10-19T21:12Z,NOAA-21 VIIRS,VJ214IMG.A2024293.2112.002.2025286181143.nc,2025-10-13T18:11:43.000Z,2.0.14,1093484,94e36f5d19d8bdc97cda852113905c364237f0aa44be18be63ed35371bd1b7a6,CLDMSK_L2_VIIRS_NOAA21.A2024293.2112.001.2024294072139.nc,2024-10-20T07:21:39.880Z,53881970,b5c6ba417d033d3f57f33ccc9f41bf30
A2024293.2248,2024-10-19T22:48Z,NOAA-21 VIIRS,VJ214IMG.A2024293.2248.002.2025286181141.nc,2025-10-13T18:11:41.000Z,2.0.14,1047264,9f84ff8102890142d4a5e5ce0d38a388ebbeae5a71a50011030667f7a3e245e3,CLDMSK_L2_VIIRS_NOAA21.A2024293.2248.001.2024294072141.nc,2024-10-20T07:21:41.750Z,54536725,37505a64c9826589ec6f0ea2bb6dcda8
A2024293.2254,2024-10-19T22:54Z,NOAA-21 VIIRS,VJ214IMG.A2024293.2254.002.2025286181144.nc,2025-10-13T18:11:44.000Z,2.0.14,566675,01eb3f3d5688db60849ac35a830a822a4115c9381a1105369d12eaaba8061a90,CLDMSK_L2_VIIRS_NOAA21.A2024293.2254.001.2024294072138.nc,2024-10-20T07:21:38.400Z,52033607,ea19414dbcb3797b95d2ba39b44fa7f2
A2024294.2048,2024-10-20T20:48Z,NOAA-21 VIIRS,VJ214IMG.A2024294.2048.002.2025286182346.nc,2025-10-13T18:23:46.000Z,2.0.14,1194584,f424c7503c92e66a16e91a833eb40322832e4436cd826883615f81796b164b55,CLDMSK_L2_VIIRS_NOAA21.A2024294.2048.001.2024295072217.nc,2024-10-21T07:22:17.430Z,57529595,9ced9b36b23458ddb5bc6a0cda362b7e
A2024294.2054,2024-10-20T20:54Z,NOAA-21 VIIRS,VJ214IMG.A2024294.2054.002.2025286182346.nc,2025-10-13T18:23:46.000Z,2.0.14,1086561,489349bbae71e7092e7f58c4dde920b2d16a6c87998dee5008af9f18cd45686e,CLDMSK_L2_VIIRS_NOAA21.A2024294.2054.001.2024295072218.nc,2024-10-21T07:22:18.030Z,52926433,a8bac7160a08deb10e1aa5d77e0aa443
A2024294.2230,2024-10-20T22:30Z,NOAA-21 VIIRS,VJ214IMG.A2024294.2230.002.2025286182344.nc,2025-10-13T18:23:44.000Z,2.0.14,984586,a0dbc060d36a663b108941c50217f1d583bd6f95997b93748e1b1e6f540383d2,CLDMSK_L2_VIIRS_NOAA21.A2024294.2230.001.2024295072218.nc,2024-10-21T07:22:18.110Z,53351986,5db7c90c2d9dc618a51f1ad168fee87d
A2024294.2236,2024-10-20T22:36Z,NOAA-21 VIIRS,VJ214IMG.A2024294.2236.002.2025286182344.nc,2025-10-13T18:23:44.000Z,2.0.14,871231,802bbaa52e543d873620be1f98b19b32d15006c1564a91e0713f0b725ef764b3,CLDMSK_L2_VIIRS_NOAA21.A2024294.2236.001.2024295072217.nc,2024-10-21T07:22:17.520Z,54040736,556403059d486868cb686f61623c58d2
A2024295.2212,2024-10-21T22:12Z,NOAA-21 VIIRS,VJ214IMG.A2024295.2212.002.2025286183612.nc,2025-10-13T18:36:12.000Z,2.0.14,999648,fe90dfe64c0e52830395f26d30c55ef094df9d8fcf56c072c233a8c4a6cf88f4,CLDMSK_L2_VIIRS_NOAA21.A2024295.2212.001.2024297011636.nc,2024-10-23T01:16:36.800Z,53969231,f909404838be16dc646d943e555e3914
A2024295.2218,2024-10-21T22:18Z,NOAA-21 VIIRS,VJ214IMG.A2024295.2218.002.2025286183619.nc,2025-10-13T18:36:19.000Z,2.0.14,877780,14aa60b0a2e2c021bffb39394036b655dd1a048f68e537decafb73ad304fe5ad,CLDMSK_L2_VIIRS_NOAA21.A2024295.2218.001.2024297011654.nc,2024-10-23T01:16:54.910Z,56182301,ec4c77c7918b3df1b1a6a87b29eadbd4
A2024295.2348,2024-10-21T23:48Z,NOAA-21 VIIRS,VJ214IMG.A2024295.2348.002.2025286183612.nc,2025-10-13T18:36:12.000Z,2.0.14,1187021,31a82696dff34ac1ef085e6bdf58d2116db244a1bb36b91442d05a5d2ffaf413,CLDMSK_L2_VIIRS_NOAA21.A2024295.2348.001.2024297011639.nc,2024-10-23T01:16:39.650Z,59092593,c1ca9beecbb1241ffc42bf0e8545f8e3
A2024295.2354,2024-10-21T23:54Z,NOAA-21 VIIRS,VJ214IMG.A2024295.2354.002.2025286183616.nc,2025-10-13T18:36:16.000Z,2.0.14,622689,f8b9b2cef10379d4c8fb21cf79eed44ad5227d93f78528b65c6927a076729795,CLDMSK_L2_VIIRS_NOAA21.A2024295.2354.001.2024297011650.nc,2024-10-23T01:16:50.650Z,48788627,0d693adab1d624d814694a0ebee74ff1
A2024296.2154,2024-10-22T21:54Z,NOAA-21 VIIRS,VJ214IMG.A2024296.2154.002.2025286184715.nc,2025-10-13T18:47:15.000Z,2.0.14,829016,013cd5863fbab2bedce15a6b00afeb523265843f4b6194c04a43dd58cf49cd62,CLDMSK_L2_VIIRS_NOAA21.A2024296.2154.001.2024297074500.nc,2024-10-23T07:45:00.410Z,53937883,8111fef9995523e1c105b0423477477d
A2024296.2200,2024-10-22T22:00Z,NOAA-21 VIIRS,VJ214IMG.A2024296.2200.002.2025286184713.nc,2025-10-13T18:47:13.000Z,2.0.14,530534,ac5d0091a609fdae3e19837f85a9a9415418a5f6c24675f0dba9714680247a7a,CLDMSK_L2_VIIRS_NOAA21.A2024296.2200.001.2024297074448.nc,2024-10-23T07:44:48.790Z,57738898,4fb2133241f626766d10e1d91d7338ef
A2024296.2330,2024-10-22T23:30Z,NOAA-21 VIIRS,VJ214IMG.A2024296.2330.002.2025286184716.nc,2025-10-13T18:47:16.000Z,2.0.14,1136144,02200331670104c0f9f5ff9d335fed9a42834c6f747b904c42cce8d5a8850d9e,CLDMSK_L2_VIIRS_NOAA21.A2024296.2330.001.2024297074504.nc,2024-10-23T07:45:04.710Z,57112655,929907d39cff03b682431f8b78461b15
A2024296.2336,2024-10-22T23:36Z,NOAA-21 VIIRS,VJ214IMG.A2024296.2336.002.2025286184714.nc,2025-10-13T18:47:14.000Z,2.0.14,618237,d1113e9d5eeee243406a47d29fa8a3ba8d2c81c8a5ccbfc1b4eaf18609f365d4,CLDMSK_L2_VIIRS_NOAA21.A2024296.2336.001.2024297074500.nc,2024-10-23T07:45:00.910Z,48972054,b4587856a6db07825b3a773dfc70fa71
A2024297.2130,2024-10-23T21:30Z,NOAA-21 VIIRS,VJ214IMG.A2024297.2130.002.2025286185844.nc,2025-10-13T18:58:44.000Z,2.0.14,1347165,6ed5a2f9cf433b6b57921b3f202aca82f690e254ce7f9911e6f8868d8e57381c,CLDMSK_L2_VIIRS_NOAA21.A2024297.2130.001.2024298165418.nc,2024-10-24T16:54:18.770Z,60226153,880071d8a1b19723a6f6f607b02e5e56
A2024297.2136,2024-10-23T21:36Z,NOAA-21 VIIRS,VJ214IMG.A2024297.2136.002.2025286185845.nc,2025-10-13T18:58:45.000Z,2.0.14,756062,68e9afada23f22f7adca2005cce437a6fde4cac0d6f39cb9deb1556f51382b5f,CLDMSK_L2_VIIRS_NOAA21.A2024297.2136.001.2024298165413.nc,2024-10-24T16:54:13.580Z,51650599,6c0133201b0cafefb50722c8b6dfd42d
A2024297.2312,2024-10-23T23:12Z,NOAA-21 VIIRS,VJ214IMG.A2024297.2312.002.2025286185846.nc,2025-10-13T18:58:46.000Z,2.0.14,1047300,44e93e96c7577f38fb7754f729fed0512422a9dbb759969c93c2c8e5920da510,CLDMSK_L2_VIIRS_NOAA21.A2024297.2312.001.2024298165411.nc,2024-10-24T16:54:11.820Z,57706528,812d3d6f564a25681a0c2f4008b3794b
A2024297.2318,2024-10-23T23:18Z,NOAA-21 VIIRS,VJ214IMG.A2024297.2318.002.2025286185844.nc,2025-10-13T18:58:44.000Z,2.0.14,757667,18d8500108c64afd9a83ce1e9adc0a28d4554f6c18ddb7194a892ec052646dc0,CLDMSK_L2_VIIRS_NOAA21.A2024297.2318.001.2024298165419.nc,2024-10-24T16:54:19.220Z,51865249,a230924e9dd6fa55fe30e1552b3b6c01
A2024298.2112,2024-10-24T21:12Z,NOAA-21 VIIRS,VJ214IMG.A2024298.2112.002.2025286191111.nc,2025-10-13T19:11:11.000Z,2.0.14,1179059,87a2b700c5b912ee875633db982782b0f4f350a24aa5ae6a44d9f66d90db0fe7,CLDMSK_L2_VIIRS_NOAA21.A2024298.2112.001.2024299073736.nc,2024-10-25T07:37:36.290Z,58411225,1feeedbf9006d8fec45d7301e6946ad1
A2024298.2118,2024-10-24T21:18Z,NOAA-21 VIIRS,VJ214IMG.A2024298.2118.002.2025286191113.nc,2025-10-13T19:11:13.000Z,2.0.14,803997,51da1283b2dc0104de877043f3f797f6c36fcb5fc6225a84880d8eb97673caf5,CLDMSK_L2_VIIRS_NOAA21.A2024298.2118.001.2024299073741.nc,2024-10-25T07:37:41.290Z,51599430,cd37725aced7e5992c39ffa16e7dcd9a
A2024298.2254,2024-10-24T22:54Z,NOAA-21 VIIRS,VJ214IMG.A2024298.2254.002.2025286191113.nc,2025-10-13T19:11:13.000Z,2.0.14,1199544,b64acdadccee943c5a06cfe3862ae845fe15308cd3f8977eb6a09bec9a7e39ae,CLDMSK_L2_VIIRS_NOAA21.A2024298.2254.001.2024299073845.nc,2024-10-25T07:38:45.420Z,56649058,03cf483b90eddb39f24d114d5c25f733
A2024298.2300,2024-10-24T23:00Z,NOAA-21 VIIRS,VJ214IMG.A2024298.2300.002.2025286191114.nc,2025-10-13T19:11:14.000Z,2.0.14,816950,1971ec1e80292641942c01601da0f3cb071913be4ddc87009342f83aa0304883,CLDMSK_L2_VIIRS_NOAA21.A2024298.2300.001.2024299073755.nc,2024-10-25T07:37:55.660Z,54430689,1af014c2b89f71c4a8397a628b865dde
A2024299.2054,2024-10-25T20:54Z,NOAA-21 VIIRS,VJ214IMG.A2024299.2054.002.2025286192321.nc,2025-10-13T19:23:21.000Z,2.0.14,930194,15411092847e73a5a60562062645e8bbaf0f058e748a2ae9d70a34574e80c4b3,CLDMSK_L2_VIIRS_NOAA21.A2024299.2054.001.2024300073829.nc,2024-10-26T07:38:29.940Z,56008296,1f6510d2fcee137e70fc16a84d89ce09
A2024299.2100,2024-10-25T21:00Z,NOAA-21 VIIRS,VJ214IMG.A2024299.2100.002.2025286192319.nc,2025-10-13T19:23:19.000Z,2.0.14,810118,1eb3b02d8c051bb81d11d3f41b17af29752f5e28a061bfd6063da3ddc9a3c250,CLDMSK_L2_VIIRS_NOAA21.A2024299.2100.001.2024300073829.nc,2024-10-26T07:38:29.320Z,52145063,a19ae69a614aab33fe536cd0f836643c
A2024299.2236,2024-10-25T22:36Z,NOAA-21 VIIRS,VJ214IMG.A2024299.2236.002.2025286192319.nc,2025-10-13T19:23:19.000Z,2.0.14,1015578,8e331f5b389fc9c16384055e9b4685decce35965c31e0e2631d4d522d14273e0,CLDMSK_L2_VIIRS_NOAA21.A2024299.2236.001.2024300073849.nc,2024-10-26T07:38:49.550Z,54895297,629b4789ed6a2a63e871d5cf58769a44
A2024299.2242,2024-10-25T22:42Z,NOAA-21 VIIRS,VJ214IMG.A2024299.2242.002.2025286192321.nc,2025-10-13T19:23:21.000Z,2.0.14,1159706,853c5410836062f291f95ee28406cc33e52fcf074d20194389ed01187742cb75,CLDMSK_L2_VIIRS_NOAA21.A2024299.2242.001.2024300073853.nc,2024-10-26T07:38:53.820Z,54743412,675afd2ac56bcb360ea02564a7e0fc3d
A2024300.2042,2024-10-26T20:42Z,NOAA-21 VIIRS,VJ214IMG.A2024300.2042.002.2025286193745.nc,2025-10-13T19:37:45.000Z,2.0.14,718579,8dd7ee88d08558cdbd96235a381fa6aa303451bdf0973be2c6a77620e7d96363,CLDMSK_L2_VIIRS_NOAA21.A2024300.2042.001.2024301072643.nc,2024-10-27T07:26:43.140Z,52951277,3acc7490fdce7eb1cd4b15c4c4a463d0
A2024300.2218,2024-10-26T22:18Z,NOAA-21 VIIRS,VJ214IMG.A2024300.2218.002.2025286193747.nc,2025-10-13T19:37:47.000Z,2.0.14,1121559,9e181777c0c85b4592cdc2b2276270c35641ffe6150b79fa183e26b17bdb4280,CLDMSK_L2_VIIRS_NOAA21.A2024300.2218.001.2024301072700.nc,2024-10-27T07:27:00.450Z,56002311,7f3e0c8f1a3c5e4086d1b48d2d7ebb48
A2024300.2224,2024-10-26T22:24Z,NOAA-21 VIIRS,VJ214IMG.A2024300.2224.002.2025286193746.nc,2025-10-13T19:37:46.000Z,2.0.14,771269,12903f2d0c4acc4931fa6476ab7b5163a331d20eb19669e2f4fc5ea3a246266d,CLDMSK_L2_VIIRS_NOAA21.A2024300.2224.001.2024301072746.nc,2024-10-27T07:27:46.790Z,56658286,d20a73e6ad1abc63829db94a21994a81
A2024300.2354,2024-10-26T23:54Z,NOAA-21 VIIRS,VJ214IMG.A2024300.2354.002.2025286193748.nc,2025-10-13T19:37:48.000Z,2.0.14,1299298,ec01e679211abf2779e3c5a6196636429d34aeaf4f9ab9844271611c01dd1847,CLDMSK_L2_VIIRS_NOAA21.A2024300.2354.001.2024301072628.nc,2024-10-27T07:26:28.980Z,62584188,4f9d59a38a18f4291a5554b43cf272e9
A2024301.0000,2024-10-27T00:00Z,NOAA-21 VIIRS,VJ214IMG.A2024301.0000.002.2025286195044.nc,2025-10-13T19:50:44.000Z,2.0.14,522991,72b62a9e52429d6450022eccecc2b70d1ca34df72354d9127537045b056896a8,CLDMSK_L2_VIIRS_NOAA21.A2024301.0000.001.2024301131620.nc,2024-10-27T13:16:20.220Z,49347126,7f01688d8f4db6648b0cb5cdaf8070e8
A2024301.2200,2024-10-27T22:00Z,NOAA-21 VIIRS,VJ214IMG.A2024301.2200.002.2025286195116.nc,2025-10-13T19:51:16.000Z,2.0.14,695167,f422409a19d013650e629234943aa5d8ff9bb31e3bab2482e0faab75a31993a3,CLDMSK_L2_VIIRS_NOAA21.A2024301.2200.001.2024302072713.nc,2024-10-28T07:27:13.490Z,52458388,d64a474eab83d2f06a6e586ca0792b65
A2024301.2206,2024-10-27T22:06Z,NOAA-21 VIIRS,VJ214IMG.A2024301.2206.002.2025286195111.nc,2025-10-13T19:51:11.000Z,2.0.14,556873,18de83dd01e271439b8e4882ed86e2024e7b33dd2b4dbb98a0a527389cef2678,CLDMSK_L2_VIIRS_NOAA21.A2024301.2206.001.2024302072713.nc,2024-10-28T07:27:13.640Z,58003849,ac41b6131ce31335c37e764ca67a2c55
A2024301.2336,2024-10-27T23:36Z,NOAA-21 VIIRS,VJ214IMG.A2024301.2336.002.2025286195113.nc,2025-10-13T19:51:13.000Z,2.0.14,1227471,1c73fa4b39404b05a12ce3f880a7929995df0514856a748c0c9faa1ceb47052b,CLDMSK_L2_VIIRS_NOAA21.A2024301.2336.001.2024302072727.nc,2024-10-28T07:27:27.090Z,61027148,76ed40935bfbd0942a13fcbcd2ab6846
A2024301.2342,2024-10-27T23:42Z,NOAA-21 VIIRS,VJ214IMG.A2024301.2342.002.2025286195115.nc,2025-10-13T19:51:15.000Z,2.0.14,528801,8942c73613f575f0b6b6511e2e072d539ff5677bbf64baff657dbfc03cdfe77d,CLDMSK_L2_VIIRS_NOAA21.A2024301.2342.001.2024302072723.nc,2024-10-28T07:27:23.550Z,47873744,f418f38e91f5c94cf3b0e7e29fc1710b
A2024302.2136,2024-10-28T21:36Z,NOAA-21 VIIRS,VJ214IMG.A2024302.2136.002.2025286200245.nc,2025-10-13T20:02:45.000Z,2.0.14,1171462,2cfb63e95b8989d67d8b1f084c9c2f389013848661510001efa53d6eb83d3fd8,CLDMSK_L2_VIIRS_NOAA21.A2024302.2136.001.2024303072754.nc,2024-10-29T07:27:54.550Z,62117025,980024cbacef0ce117097a26defdef21
A2024302.2142,2024-10-28T21:42Z,NOAA-21 VIIRS,VJ214IMG.A2024302.2142.002.2025286200242.nc,2025-10-13T20:02:42.000Z,2.0.14,534540,94ba65276cef4e9d269e9afd1af40f00ceef25262bc2822a379876e9972fb193,CLDMSK_L2_VIIRS_NOAA21.A2024302.2142.001.2024303072750.nc,2024-10-29T07:27:50.220Z,48185104,5fbf9f9783cf5f603808dc35211ada66
A2024302.2318,2024-10-28T23:18Z,NOAA-21 VIIRS,VJ214IMG.A2024302.2318.002.2025286200241.nc,2025-10-13T20:02:41.000Z,2.0.14,1171241,164a7cff32a78c8b91f6cf1ae8c981efe051b14d9e6bd2b8cccec315c88ae313,CLDMSK_L2_VIIRS_NOAA21.A2024302.2318.001.2024303072802.nc,2024-10-29T07:28:02.850Z,59315923,da47fd5382efee287a3affc31e3417c7
A2024302.2324,2024-10-28T23:24Z,NOAA-21 VIIRS,VJ214IMG.A2024302.2324.002.2025286200241.nc,2025-10-13T20:02:41.000Z,2.0.14,590803,57a93d7697c43ce332926a70d71522a7962d33e0f2a9c21257b0068a5f3eb74d,CLDMSK_L2_VIIRS_NOAA21.A2024302.2324.001.2024303072800.nc,2024-10-29T07:28:00.950Z,50711326,03f1ab858b8bb4699ff257ab1a7d045a
A2024303.2118,2024-10-29T21:18Z,NOAA-21 VIIRS,VJ214IMG.A2024303.2118.002.2025286201443.nc,2025-10-13T20:14:43.000Z,2.0.14,1199342,0cfb1fffc9737d49477f55ea558ce258ec46444ac75b2c6e0a4a7dd43880d8c3,CLDMSK_L2_VIIRS_NOAA21.A2024303.2118.001.2024304072835.nc,2024-10-30T07:28:35.170Z,60753472,773cdd7ec3ec9617b8f6a48a84e4f74d
A2024303.2124,2024-10-29T21:24Z,NOAA-21 VIIRS,VJ214IMG.A2024303.2124.002.2025286201445.nc,2025-10-13T20:14:45.000Z,2.0.14,466883,80fab3d38c8f23e7c64294062958a3edf2607738162d166e8b37b6150e0d1bef,CLDMSK_L2_VIIRS_NOAA21.A2024303.2124.001.2024304072835.nc,2024-10-30T07:28:35.410Z,47970864,7149d1739f1aef629f6466a213bafaef
A2024303.2300,2024-10-29T23:00Z,NOAA-21 VIIRS,VJ214IMG.A2024303.2300.002.2025286201441.nc,2025-10-13T20:14:41.000Z,2.0.14,1045397,74796491b5e16873bab295c1ab4796c4831988dd5c006a89c79374c8be199f0b,CLDMSK_L2_VIIRS_NOAA21.A2024303.2300.001.2024304072852.nc,2024-10-30T07:28:52.510Z,57842266,8d5d9b5c8e187addac51729bce131691
A2024303.2306,2024-10-29T23:06Z,NOAA-21 VIIRS,VJ214IMG.A2024303.2306.002.2025286201441.nc,2025-10-13T20:14:41.000Z,2.0.14,788929,6e41584479847e3c2a2d6caad7681705668b0ee514ca13376466c9654b970beb,CLDMSK_L2_VIIRS_NOAA21.A2024303.2306.001.2024304072850.nc,2024-10-30T07:28:50.550Z,52011406,78bbb07fffc5817f304c8b45be6ff7e5
A2024304.2100,2024-10-30T21:00Z,NOAA-21 VIIRS,VJ214IMG.A2024304.2100.002.2025286202613.nc,2025-10-13T20:26:13.000Z,2.0.14,1044046,29f3a316a8025519effa0f926b458d1533cdb65684802d71f418228bb3e604dc,CLDMSK_L2_VIIRS_NOAA21.A2024304.2100.001.2024306152002.nc,2024-11-01T15:20:02.230Z,55178280,519b1cbef2a8a28e266c195ca8315340
A2024304.2106,2024-10-30T21:06Z,NOAA-21 VIIRS,VJ214IMG.A2024304.2106.002.2025286202613.nc,2025-10-13T20:26:13.000Z,2.0.14,456527,1fb8125679eaa9f3aeeac4725ad3c2edac16f9b0c81490af18d19350681db2f7,CLDMSK_L2_VIIRS_NOAA21.A2024304.2106.001.2024306151946.nc,2024-11-01T15:19:46.060Z,50357313,de62505ded67329d26312ff794053c01
A2024304.2242,2024-10-30T22:42Z,NOAA-21 VIIRS,VJ214IMG.A2024304.2242.002.2025286202613.nc,2025-10-13T20:26:13.000Z,2.0.14,976543,87f39d0147ebc755ef2130d72861a1507a231e8375de25ea13fb4a5a55c0a451,CLDMSK_L2_VIIRS_NOAA21.A2024304.2242.001.2024306152003.nc,2024-11-01T15:20:03.470Z,55753018,350f2ef29eed571950b2fbf4da43a822
A2024304.2248,2024-10-30T22:48Z,NOAA-21 VIIRS,VJ214IMG.A2024304.2248.002.2025286202616.nc,2025-10-13T20:26:16.000Z,2.0.14,1050664,860ac3b1cbc3aa8c3f62e4b52b9df3f2891a017af2cb3004c397d7bd9d932c64,CLDMSK_L2_VIIRS_NOAA21.A2024304.2248.001.2024306152004.nc,2024-11-01T15:20:04.240Z,52619111,72ca1c17d0e1b839578159cc0a3ecdcd
A2024305.2042,2024-10-31T20:42Z,NOAA-21 VIIRS,VJ214IMG.A2024305.2042.002.2025286204414.nc,2025-10-13T20:44:14.000Z,2.0.14,1104811,48d9882198dcadf1dd38f768ac111f4597bd86ffaa2e20c9928f5f36598b41ca,CLDMSK_L2_VIIRS_NOAA21.A2024305.2042.001.2024306074013.nc,2024-11-01T07:40:13.420Z,56988968,6437ca59f40edf47b923e7e525d2b3fd
A2024305.2048,2024-10-31T20:48Z,NOAA-21 VIIRS,VJ214IMG.A2024305.2048.002.2025286204417.nc,2025-10-13T20:44:17.000Z,2.0.14,801479,bdd1b3542bcfdbb6bdb7e5f252f3e8e3032d978cc6254c1f22e6c8caf3e6018b,CLDMSK_L2_VIIRS_NOAA21.A2024305.2048.001.2024306074007.nc,2024-11-01T07:40:07.490Z,52520698,e7d975d069190095e2858dd2fef2ff45
A2024305.2224,2024-10-31T22:24Z,NOAA-21 VIIRS,VJ214IMG.A2024305.2224.002.2025286204447.nc,2025-10-13T20:44:47.000Z,2.0.14,1105312,d791bbc18850dfd654b6910bacf59700fe36e6e686cd6b4fbbe2fa9a3ea45dcb,CLDMSK_L2_VIIRS_NOAA21.A2024305.2224.001.2024306074015.nc,2024-11-01T07:40:15.610Z,55762982,0c09dd787c424d89a55a98c3eeaf3650
A2024305.2230,2024-10-31T22:30Z,NOAA-21 VIIRS,VJ214IMG.A2024305.2230.002.2025286204447.nc,2025-10-13T20:44:47.000Z,2.0.14,844716,4942d858361e64b8b995194bc5ef5a54da584896ff3a9b5ef3ed844cf6523c67,CLDMSK_L2_VIIRS_NOAA21.A2024305.2230.001.2024306073958.nc,2024-11-01T07:39:58.720Z,51859025,258fae8c5f8f1714eba553f31d16ca00
A2024306.0006,2024-11-01T00:06Z,NOAA-21 VIIRS,VJ214IMG.A2024306.0006.002.2025286210148.nc,2025-10-13T21:01:48.000Z,2.0.14,628312,e2b426dfe1e1369852e9d09eb23876ffbb795b35484e8d43a5a3cf33c2f510e3,CLDMSK_L2_VIIRS_NOAA21.A2024306.0006.001.2024306132012.nc,2024-11-01T13:20:12.570Z,52257951,b692ef9460fbafbae4c2a1479d5782e4
A2024306.2206,2024-11-01T22:06Z,NOAA-21 VIIRS,VJ214IMG.A2024306.2206.002.2025286210145.nc,2025-10-13T21:01:45.000Z,2.0.14,1018460,a92732ecc109460cd478c7cb1dad04362ae782095f846121db2e6200fada8449,CLDMSK_L2_VIIRS_NOAA21.A2024306.2206.001.2024307073107.nc,2024-11-02T07:31:07.700Z,54850420,fb97119ba2d82552ee0943f70be085fb
A2024306.2212,2024-11-01T22:12Z,NOAA-21 VIIRS,VJ214IMG.A2024306.2212.002.2025286210149.nc,2025-10-13T21:01:49.000Z,2.0.14,610675,0f759050a9e1efe60be1d24fb271431c97a0d1554d67989163d2bad01bc964bd,CLDMSK_L2_VIIRS_NOAA21.A2024306.2212.001.2024307073155.nc,2024-11-02T07:31:55.050Z,54058543,91b238dd076ea42def0714325dd32b91
A2024306.2342,2024-11-01T23:42Z,NOAA-21 VIIRS,VJ214IMG.A2024306.2342.002.2025286210148.nc,2025-10-13T21:01:48.000Z,2.0.14,1142577,558bff92718dcff5e8117645263312063967b1396269e6504159e1a12783c069,CLDMSK_L2_VIIRS_NOAA21.A2024306.2342.001.2024307073153.nc,2024-11-02T07:31:53.930Z,58795210,2689f03df33d48e32f530421dadb7ec0
A2024306.2348,2024-11-01T23:48Z,NOAA-21 VIIRS,VJ214IMG.A2024306.2348.002.2025286210146.nc,2025-10-13T21:01:46.000Z,2.0.14,624886,0af1e705f9c9be4bac0f75ebbb73bc4cc8ee25b4b37635d001fad39ebe3d4a15,CLDMSK_L2_VIIRS_NOAA21.A2024306.2348.001.2024307073108.nc,2024-11-02T07:31:08.970Z,50976472,30ad029e3a546ecf499c697ed1178111
A2024307.2142,2024-11-02T21:42Z,NOAA-21 VIIRS,VJ214IMG.A2024307.2142.002.2025286211244.nc,2025-10-13T21:12:44.000Z,2.0.14,1185866,ff6e5617b21d43e608581eb9d282308e79a2710674018c3e2c78debd4c16a541,CLDMSK_L2_VIIRS_NOAA21.A2024307.2142.001.2024308073125.nc,2024-11-03T07:31:25.050Z,57816096,399a4880f2fbdd1d45836ef1cf9158f4
A2024307.2148,2024-11-02T21:48Z,NOAA-21 VIIRS,VJ214IMG.A2024307.2148.002.2025286211248.nc,2025-10-13T21:12:48.000Z,2.0.14,654710,dfdfcc81d1040746b1cf0b85cde6af459c900c03622e9d2071f3ad2c4d871607,CLDMSK_L2_VIIRS_NOAA21.A2024307.2148.001.2024308073128.nc,2024-11-03T07:31:28.590Z,47777136,95cb863d065065027f628f280f1bd5d3
A2024307.2154,2024-11-02T21:54Z,NOAA-21 VIIRS,VJ214IMG.A2024307.2154.002.2025286211244.nc,2025-10-13T21:12:44.000Z,2.0.14,625538,c5d35193eb9c38929395251b290ef8757e9ca045d4b579d9284a5b88535de397,CLDMSK_L2_VIIRS_NOAA21.A2024307.2154.001.2024308073121.nc,2024-11-03T07:31:21.500Z,54717757,38ae42d0e2911422a7f9050d9cbfdd3a
A2024307.2324,2024-11-02T23:24Z,NOAA-21 VIIRS,VJ214IMG.A2024307.2324.002.2025286211246.nc,2025-10-13T21:12:46.000Z,2.0.14,1388219,e500abd9228d8f847a2339c3b4e96cead68e92c804c9f7c2c99195ebb8394549,CLDMSK_L2_VIIRS_NOAA21.A2024307.2324.001.2024308073134.nc,2024-11-03T07:31:34.880Z,61126481,0ac715b8ae5e3d8c931522c68763a053
A2024307.2330,2024-11-02T23:30Z,NOAA-21 VIIRS,VJ214IMG.A2024307.2330.002.2025286211246.nc,2025-10-13T21:12:46.000Z,2.0.14,582407,9c8e80d192ae2fb2152fb1e8b179bbf4d034b79ac42080de91cd04a102821519,CLDMSK_L2_VIIRS_NOAA21.A2024307.2330.001.2024308073134.nc,2024-11-03T07:31:34.270Z,49683397,b488453ea80ac0a58719c674aec03eb5
A2024308.2124,2024-11-03T21:24Z,NOAA-21 VIIRS,VJ214IMG.A2024308.2124.002.2025286212415.nc,2025-10-13T21:24:15.000Z,2.0.14,1457221,1becac6bb88007025f4cd85118f767d023d06072ae812b2f3d844b961942b152,CLDMSK_L2_VIIRS_NOAA21.A2024308.2124.001.2024309073205.nc,2024-11-04T07:32:05.210Z,59295487,a5053fb1fbe7928cfb843e96d1b0f6e4
A2024308.2130,2024-11-03T21:30Z,NOAA-21 VIIRS,VJ214IMG.A2024308.2130.002.2025286212417.nc,2025-10-13T21:24:17.000Z,2.0.14,517139,1858c4b005f32187d390aad13ef61f5ccecfba64752ebb4947f27083cf3828a3,CLDMSK_L2_VIIRS_NOAA21.A2024308.2130.001.2024309073205.nc,2024-11-04T07:32:05.660Z,47648758,17e2c558bd8b235b33796c1ac9fcb1fc
A2024308.2306,2024-11-03T23:06Z,NOAA-21 VIIRS,VJ214IMG.A2024308.2306.002.2025286212414.nc,2025-10-13T21:24:14.000Z,2.0.14,1210379,8117f6213e16756929c5e4acfc2c88a567be99b28f7dcb6991995428e3e2d86d,CLDMSK_L2_VIIRS_NOAA21.A2024308.2306.001.2024309073224.nc,2024-11-04T07:32:24.280Z,60642001,da7d9c7b16e22fdc68ed688e29f826d4
A2024308.2312,2024-11-03T23:12Z,NOAA-21 VIIRS,VJ214IMG.A2024308.2312.002.2025286212417.nc,2025-10-13T21:24:17.000Z,2.0.14,488300,0f5ed37441d25d7e004274ba820c9b206a752de9d9f135e58a3471c380228fef,CLDMSK_L2_VIIRS_NOAA21.A2024308.2312.001.2024309073244.nc,2024-11-04T07:32:44.260Z,48623935,dd0f6818c6631cdb872c543db2915bdf
A2024309.2106,2024-11-04T21:06Z,NOAA-21 VIIRS,VJ214IMG.A2024309.2106.002.2025286213645.nc,2025-10-13T21:36:45.000Z,2.0.14,1208966,92165e077af92792e9ad4466c7406fed26ce2b4f0d8c839b5bab47adf6b598e3,CLDMSK_L2_VIIRS_NOAA21.A2024309.2106.001.2024310073241.nc,2024-11-05T07:32:41.710Z,57422937,8dcdb030abbeb25644c94a50e5d3f7ff
A2024309.2112,2024-11-04T21:12Z,NOAA-21 VIIRS,VJ214IMG.A2024309.2112.002.2025286213646.nc,2025-10-13T21:36:46.000Z,2.0.14,700441,507e7ee8666c22b70a69ff4741bbff9e33fb0e726cd802207611a646c6bab478,CLDMSK_L2_VIIRS_NOAA21.A2024309.2112.001.2024310073240.nc,2024-11-05T07:32:40.140Z,48669802,437109cc3deeb448e70c726f2705d740
A2024309.2248,2024-11-04T22:48Z,NOAA-21 VIIRS,VJ214IMG.A2024309.2248.002.2025286213644.nc,2025-10-13T21:36:44.000Z,2.0.14,1156892,fa737ecf866cd05c4d82fabcc1ead8fdfec787d85e92862c794e16a6ca0446b5,CLDMSK_L2_VIIRS_NOAA21.A2024309.2248.001.2024310073258.nc,2024-11-05T07:32:58.740Z,57846404,94b54ef7263c4f748802b0a8e34ab473
A2024309.2254,2024-11-04T22:54Z,NOAA-21 VIIRS,VJ214IMG.A2024309.2254.002.2025286213647.nc,2025-10-13T21:36:47.000Z,2.0.14,486987,72176dc2bf00162bf85bb2dae951a0850f6f9702f8f24ebe84b8ff933f0aac29,CLDMSK_L2_VIIRS_NOAA21.A2024309.2254.001.2024310073254.nc,2024-11-05T07:32:54.520Z,50331574,f5a618cfd0cf260e781819717c351d5a
A2024310.2048,2024-11-05T20:48Z,NOAA-21 VIIRS,VJ214IMG.A2024310.2048.002.2025286214844.nc,2025-10-13T21:48:44.000Z,2.0.14,1194553,977df6d0c789323df25eef8f9193c137b6aa2e58e47d5dce5433df8f64635d50,CLDMSK_L2_VIIRS_NOAA21.A2024310.2048.001.2024311073320.nc,2024-11-06T07:33:20.900Z,56968318,fbec98179b3d9fb1eba583ba11b3852d
A2024310.2054,2024-11-05T20:54Z,NOAA-21 VIIRS,VJ214IMG.A2024310.2054.002.2025286214844.nc,2025-10-13T21:48:44.000Z,2.0.14,724329,ee7cd45b074cfc0960cff6189fc37db0d36b60953012b287ce89415e99213c15,CLDMSK_L2_VIIRS_NOAA21.A2024310.2054.001.2024311073327.nc,2024-11-06T07:33:27.650Z,51353541,4078a5ff498803c7920b62991911ad55
A2024310.2230,2024-11-05T22:30Z,NOAA-21 VIIRS,VJ214IMG.A2024310.2230.002.2025286214843.nc,2025-10-13T21:48:43.000Z,2.0.14,1218641,63969b2ba07195037af84f85ef2f20c7dbddf60effc34a6023355932b0adb666,CLDMSK_L2_VIIRS_NOAA21.A2024310.2230.001.2024311073339.nc,2024-11-06T07:33:39.400Z,55065793,f3fbf014414eaf86988a553642ded232
A2024310.2236,2024-11-05T22:36Z,NOAA-21 VIIRS,VJ214IMG.A2024310.2236.002.2025286214847.nc,2025-10-13T21:48:47.000Z,2.0.14,454096,466d8d0fd84aa1b8a7395be02cb1596518261898fc6e619fff177d462e734ba4,CLDMSK_L2_VIIRS_NOAA21.A2024310.2236.001.2024311073338.nc,2024-11-06T07:33:38.160Z,51874008,4974cc67834bcf3af426db10fb5628b3
A2024311.2212,2024-11-06T22:12Z,NOAA-21 VIIRS,VJ214IMG.A2024311.2212.002.2025286215947.nc,2025-10-13T21:59:47.000Z,2.0.14,933710,4e7d7bbe4c34de417a356ee6e740860370c5bca44696f54515e44dfc8f2afb3b,CLDMSK_L2_VIIRS_NOAA21.A2024311.2212.001.2024312072420.nc,2024-11-07T07:24:20.270Z,56093982,f05ad087a9a27a290a2e3f8c1140d208
A2024311.2218,2024-11-06T22:18Z,NOAA-21 VIIRS,VJ214IMG.A2024311.2218.002.2025286215947.nc,2025-10-13T21:59:47.000Z,2.0.14,436800,505833d8032871dd30152baeb0dcd4c246bcc794cda3073faa0683ef3e0de489,CLDMSK_L2_VIIRS_NOAA21.A2024311.2218.001.2024312072351.nc,2024-11-07T07:23:51.210Z,55398438,109bd20b012f7c680a959296da7a496f
A2024311.2348,2024-11-06T23:48Z,NOAA-21 VIIRS,VJ214IMG.A2024311.2348.002.2025286215943.nc,2025-10-13T21:59:43.000Z,2.0.14,1190384,e3cdc7189e68c3d6025a92a6b525620b4b1b6922916d34f47ea98a0229ea22ed,CLDMSK_L2_VIIRS_NOAA21.A2024311.2348.001.2024312072403.nc,2024-11-07T07:24:03.830Z,64218767,0ac54bc41fbc699595c1014a6a601ff9
A2024311.2354,2024-11-06T23:54Z,NOAA-21 VIIRS,VJ214IMG.A2024311.2354.002.2025286215945.nc,2025-10-13T21:59:45.000Z,2.0.14,628264,5453b16d2e268e4eb857194ba8a7e187e7a6ecf6259b5706f110f03963cdc67a,CLDMSK_L2_VIIRS_NOAA21.A2024311.2354.001.2024312072406.nc,2024-11-07T07:24:06.330Z,53246798,a3f95011a6a2bf0ec213d049b5b9ac8d
A2024312.2154,2024-11-07T21:54Z,NOAA-21 VIIRS,VJ214IMG.A2024312.2154.002.2025286221043.nc,2025-10-13T22:10:43.000Z,2.0.14,761134,2366fad971b720712e10318ca107218b6202411800b3b3c670bc5c6b4f47c692,CLDMSK_L2_VIIRS_NOAA21.A2024312.2154.001.2024313073448.nc,2024-11-08T07:34:48.080Z,51912420,ee3e0413c3e255c6594b481aef9f6a5d
A2024312.2200,2024-11-07T22:00Z,NOAA-21 VIIRS,VJ214IMG.A2024312.2200.002.2025286221045.nc,2025-10-13T22:10:45.000Z,2.0.14,678939,8eea4d29bd69ea75344d7236317bcc86375073aef9ba4fb9b6745b1d1def1f5d,CLDMSK_L2_VIIRS_NOAA21.A2024312.2200.001.2024313073546.nc,2024-11-08T07:35:46.220Z,56011815,761d5194081e675bcd98584ce5f4c788
A2024312.2330,2024-11-07T23:30Z,NOAA-21 VIIRS,VJ214IMG.A2024312.2330.002.2025286221046.nc,2025-10-13T22:10:46.000Z,2.0.14,1066367,ef49362050ccd682ce38c67191cda5730370d6c4f3030769f7a132798bd80e3d,CLDMSK_L2_VIIRS_NOAA21.A2024312.2330.001.2024313073602.nc,2024-11-08T07:36:02.630Z,63484735,bbd06419488b634e97a8b69cb3a425e8
A2024312.2336,2024-11-07T23:36Z,NOAA-21 VIIRS,VJ214IMG.A2024312.2336.002.2025286221047.nc,2025-10-13T22:10:47.000Z,2.0.14,567348,a6f4171d3e2884cfc3369945df4812a7b4c1b451d93814ddaa8b32f71c97baa7,CLDMSK_L2_VIIRS_NOAA21.A2024312.2336.001.2024313073558.nc,2024-11-08T07:35:58.340Z,50611694,700ddad5015c3efa152fdcecfe1b6120
A2024313.2130,2024-11-08T21:30Z,NOAA-21 VIIRS,VJ214IMG.A2024313.2130.002.2025286221815.nc,2025-10-13T22:18:15.000Z,2.0.14,900252,55d0c68a30fdcae66d5bd5c8c890ae4c1f689dd4dbce11c94e367d8f8cbc9d1b,CLDMSK_L2_VIIRS_NOAA21.A2024313.2130.001.2024314072541.nc,2024-11-09T07:25:41.240Z,62760724,d3280e7e3549371f4046c8dc4a329a2f
A2024313.2136,2024-11-08T21:36Z,NOAA-21 VIIRS,VJ214IMG.A2024313.2136.002.2025286221816.nc,2025-10-13T22:18:16.000Z,2.0.14,676916,417a009f7b3f55c03a7b6a7d7d28a5a4cb8e576edf548707538844247dc4377e,CLDMSK_L2_VIIRS_NOAA21.A2024313.2136.001.2024314072601.nc,2024-11-09T07:26:01.030Z,48378654,7f24237be9b8dab150e5052e82e0dfdd
A2024313.2142,2024-11-08T21:42Z,NOAA-21 VIIRS,VJ214IMG.A2024313.2142.002.2025286221816.nc,2025-10-13T22:18:16.000Z,2.0.14,725292,15d6451b30cc2b87003c4a53f7f9a544011542847e704664878b7d1719f0886d,CLDMSK_L2_VIIRS_NOAA21.A2024313.2142.001.2024314072557.nc,2024-11-09T07:25:57.160Z,57655612,9a37b4855352728a6024d2b80c52cc50
A2024313.2312,2024-11-08T23:12Z,NOAA-21 VIIRS,VJ214IMG.A2024313.2312.002.2025286221818.nc,2025-10-13T22:18:18.000Z,2.0.14,1086133,d3a19125e26a3f08af6f15d3badf8f81dc3a1eefbf30c71f8174a9443ef1b7c0,CLDMSK_L2_VIIRS_NOAA21.A2024313.2312.001.2024314072501.nc,2024-11-09T07:25:01.580Z,65388135,301a106dd3251b5e55cf98a2cc10f7af
A2024313.2318,2024-11-08T23:18Z,NOAA-21 VIIRS,VJ214IMG.A2024313.2318.002.2025286221815.nc,2025-10-13T22:18:15.000Z,2.0.14,680956,41a3b617439d2c836697c6b39c76785e6ccb618329b1aeeb269d5a7b41ee5f41,CLDMSK_L2_VIIRS_NOAA21.A2024313.2318.001.2024314072505.nc,2024-11-09T07:25:05.590Z,51569187,8c0ef8683e02a12aaf99d03d07358f4e
A2024315.2054,2024-11-10T20:54Z,NOAA-21 VIIRS,VJ214IMG.A2024315.2054.002.2025286224143.nc,2025-10-13T22:41:43.000Z,2.0.14,1025611,64844cf21f0b4618766532768b33a42dc59728b5412630e5a3f0455c3c625b9b,CLDMSK_L2_VIIRS_NOAA21.A2024315.2054.001.2024316173655.nc,2024-11-11T17:36:55.630Z,60216188,da99fac2317531cb124145f447b670b0
A2024315.2100,2024-11-10T21:00Z,NOAA-21 VIIRS,VJ214IMG.A2024315.2100.002.2025286224143.nc,2025-10-13T22:41:43.000Z,2.0.14,489734,8ba3da36b8e5dbec511979c23399fe15e0508983a1d858a9a810560afc38d74e,CLDMSK_L2_VIIRS_NOAA21.A2024315.2100.001.2024316173709.nc,2024-11-11T17:37:09.340Z,48770432,2c1fc68ca67d01b04130f7680892b61a
A2024315.2236,2024-11-10T22:36Z,NOAA-21 VIIRS,VJ214IMG.A2024315.2236.002.2025286224145.nc,2025-10-13T22:41:45.000Z,2.0.14,994665,23af753babad7b74a0a541746c76f370369da91f9e1f53e34bd064da289e098e,CLDMSK_L2_VIIRS_NOAA21.A2024315.2236.001.2024318122756.nc,2024-11-13T12:27:56.750Z,58040080,7a391b50cca4e75efa1128b0556c125c
A2024315.2242,2024-11-10T22:42Z,NOAA-21 VIIRS,VJ214IMG.A2024315.2242.002.2025286224146.nc,2025-10-13T22:41:46.000Z,2.0.14,618033,e3809ce79ff01543eb0e656f154caaec734e1d30ff6b555bcf6cac7e494e7aa3,CLDMSK_L2_VIIRS_NOAA21.A2024315.2242.001.2024318122802.nc,2024-11-13T12:28:02.420Z,51171556,2feba22e4a9c66077726974df9e95927
A2024316.2042,2024-11-11T20:42Z,NOAA-21 VIIRS,VJ214IMG.A2024316.2042.002.2025286225844.nc,2025-10-13T22:58:44.000Z,2.0.14,1035872,e40497188416ddf4233bd2e0f63907253bec6782620aa1cfbd18569026cbd8c6,CLDMSK_L2_VIIRS_NOAA21.A2024316.2042.001.2024317073731.nc,2024-11-12T07:37:31.430Z,50239949,3eb49674b8bc57f576bcf7e2e049967f
A2024316.2218,2024-11-11T22:18Z,NOAA-21 VIIRS,VJ214IMG.A2024316.2218.002.2025286225846.nc,2025-10-13T22:58:46.000Z,2.0.14,1139585,41ef5cdd6ae5a5b341abd688e6f37ba57c1437977776bd24266f5215d9237c77,CLDMSK_L2_VIIRS_NOAA21.A2024316.2218.001.2024317073749.nc,2024-11-12T07:37:49.480Z,54801620,9b0284b0202646f63bf9cb1694133412
A2024316.2224,2024-11-11T22:24Z,NOAA-21 VIIRS,VJ214IMG.A2024316.2224.002.2025286225842.nc,2025-10-13T22:58:42.000Z,2.0.14,693856,8aedda3a1dc87d13e4c3e7cc783a6974a8a4c85ba6e46cda7640924fa6c8628f,CLDMSK_L2_VIIRS_NOAA21.A2024316.2224.001.2024317073745.nc,2024-11-12T07:37:45.880Z,52969418,a6622af7171227e63c3795e8defa46d1
A2024317.0000,2024-11-12T00:00Z,NOAA-21 VIIRS,VJ214IMG.A2024317.0000.002.2025286231714.nc,2025-10-13T23:17:14.000Z,2.0.14,947252,262ac299e41210fab386ebad6a303e31e37af763808ab5c8fc98ed5699018cec,CLDMSK_L2_VIIRS_NOAA21.A2024317.0000.001.2024317130706.nc,2024-11-12T13:07:06.120Z,54109702,9f04413088be07abe4de9e40e8717fc6
A2024317.2200,2024-11-12T22:00Z,NOAA-21 VIIRS,VJ214IMG.A2024317.2200.002.2025286231748.nc,2025-10-13T23:17:48.000Z,2.0.14,967862,c785dae3cd2fbd3a01f34066eee4718505394181fc180947dbbc6b2601e2c1ae,CLDMSK_L2_VIIRS_NOAA21.A2024317.2200.001.2024318073804.nc,2024-11-13T07:38:04.930Z,52322473,68b8e6c9460f29469dbc635351b4a0ab
A2024317.2206,2024-11-12T22:06Z,NOAA-21 VIIRS,VJ214IMG.A2024317.2206.002.2025286231746.nc,2025-10-13T23:17:46.000Z,2.0.14,543418,fa2ac76a3a72693d4ea6c20de559ab6a3733111b45c12a0aceefe5261e8cf6b3,CLDMSK_L2_VIIRS_NOAA21.A2024317.2206.001.2024318073916.nc,2024-11-13T07:39:16.650Z,54802156,2ddc7f98cf424ff6bbae5469bef8ac98
A2024317.2336,2024-11-12T23:36Z,NOAA-21 VIIRS,VJ214IMG.A2024317.2336.002.2025286231745.nc,2025-10-13T23:17:45.000Z,2.0.14,1390693,0b1332fa437d38ca5fc5045b5177e4b778c22878fcdff1cbbe957e9371923d1f,CLDMSK_L2_VIIRS_NOAA21.A2024317.2336.001.2024318073810.nc,2024-11-13T07:38:10.460Z,63292140,fe0a058f146655de8e985330e232a250
A2024317.2342,2024-11-12T23:42Z,NOAA-21 VIIRS,VJ214IMG.A2024317.2342.002.2025286231748.nc,2025-10-13T23:17:48.000Z,2.0.14,666022,54fd1bc4f365cc90f64b243dbc10ce19d8d9c2abd412c5b657b7d87fa6c57ec8,CLDMSK_L2_VIIRS_NOAA21.A2024317.2342.001.2024318073805.nc,2024-11-13T07:38:05.380Z,49500355,a548f2452880196465248468130d2901
A2024318.2142,2024-11-13T21:42Z,NOAA-21 VIIRS,VJ214IMG.A2024318.2142.002.2025286233017.nc,2025-10-13T23:30:17.000Z,2.0.14,739338,db763e102cc6a99d77baf7aed48c16c0cf088cd0eef7480001d858bd118b7cdf,CLDMSK_L2_VIIRS_NOAA21.A2024318.2142.001.2024319073837.nc,2024-11-14T07:38:37.500Z,50911269,6425e4984b521b6ba3a4e4d91166619b
A2024318.2148,2024-11-13T21:48Z,NOAA-21 VIIRS,VJ214IMG.A2024318.2148.002.2025286233017.nc,2025-10-13T23:30:17.000Z,2.0.14,685228,f21b4681b8a3ba85642cf92d77b8e5707fb74fa79ef84bdca655d2a6f037186a,CLDMSK_L2_VIIRS_NOAA21.A2024318.2148.001.2024319073838.nc,2024-11-14T07:38:38.330Z,54572653,7c3691821ddab70f7b330d67781ee52d
A2024318.2318,2024-11-13T23:18Z,NOAA-21 VIIRS,VJ214IMG.A2024318.2318.002.2025286233015.nc,2025-10-13T23:30:15.000Z,2.0.14,1205039,2bf80150d74e073fc4cdc65b5e750c3347d096f7cf31d7cc8f460d8e7bd2ffca,CLDMSK_L2_VIIRS_NOAA21.A2024318.2318.001.2024319073844.nc,2024-11-14T07:38:44.300Z,62706052,ee3e6772a84787320ff9732d1f6ec44d
A2024318.2324,2024-11-13T23:24Z,NOAA-21 VIIRS,VJ214IMG.A2024318.2324.002.2025286233014.nc,2025-10-13T23:30:14.000Z,2.0.14,596261,497aad436e8acdcee69336818e3e772d2acc80e510868bdf71f66fcb8895f7bf,CLDMSK_L2_VIIRS_NOAA21.A2024318.2324.001.2024319073845.nc,2024-11-14T07:38:45.420Z,49150439,892f48c685c67e43c04e8c25d9753227
A2024319.2118,2024-11-14T21:18Z,NOAA-21 VIIRS,VJ214IMG.A2024319.2118.002.2025286234815.nc,2025-10-13T23:48:15.000Z,2.0.14,1046063,5c3f9a200f1b406c27fa4f7e37c1497a32128679ea5b13d5d0c2c2490bacf7ca,CLDMSK_L2_VIIRS_NOAA21.A2024319.2118.001.2024320072917.nc,2024-11-15T07:29:17.010Z,62074032,2b2dd5414d844074857330cb494430f4
A2024319.2124,2024-11-14T21:24Z,NOAA-21 VIIRS,VJ214IMG.A2024319.2124.002.2025286234816.nc,2025-10-13T23:48:16.000Z,2.0.14,905855,81607e2793afb3dee7a0ea0ac54848a64ffeb05c18001e646b67ce6691632592,CLDMSK_L2_VIIRS_NOAA21.A2024319.2124.001.2024320072915.nc,2024-11-15T07:29:15.850Z,50772240,dd2b1365e0ee74e19a83530d29810375
A2024319.2300,2024-11-14T23:00Z,NOAA-21 VIIRS,VJ214IMG.A2024319.2300.002.2025286234819.nc,2025-10-13T23:48:19.000Z,2.0.14,1251596,f63631bc66b36c8e049fb674f84114cc05d30d472010cdbe8ea57c9034702e15,CLDMSK_L2_VIIRS_NOAA21.A2024319.2300.001.2024320072925.nc,2024-11-15T07:29:25.390Z,60185598,92653699070092ed0a5f9732a7c5febb
A2024319.2306,2024-11-14T23:06Z,NOAA-21 VIIRS,VJ214IMG.A2024319.2306.002.2025286234817.nc,2025-10-13T23:48:17.000Z,2.0.14,458696,9e32b84c745f0283f938836168bb4444e70178727a0f18875cc598e28d63963a,CLDMSK_L2_VIIRS_NOAA21.A2024319.2306.001.2024320072946.nc,2024-11-15T07:29:46.180Z,44906418,ea5e743083d98a3ff20c6403630bfcec
A2024320.2100,2024-11-15T21:00Z,NOAA-21 VIIRS,VJ214IMG.A2024320.2100.002.2025287000739.nc,2025-10-14T00:07:39.000Z,2.0.14,1115390,19697bf7fbf05c24d27f40586cd2a2e216bbbed648a7637174a56d8abea01ac3,CLDMSK_L2_VIIRS_NOAA21.A2024320.2100.001.2024321073002.nc,2024-11-16T07:30:02.620Z,62126003,b4d034b0e5ffa466ea42722885d75a80
A2024320.2106,2024-11-15T21:06Z,NOAA-21 VIIRS,VJ214IMG.A2024320.2106.002.2025287000739.nc,2025-10-14T00:07:39.000Z,2.0.14,778454,b59d04829d8e2e1a1fc94e0903dce66ce46caca5bf6d8452c0bfcbfc92360093,CLDMSK_L2_VIIRS_NOAA21.A2024320.2106.001.2024321073001.nc,2024-11-16T07:30:01.360Z,49460475,ea8ac19cf081d8b8257b77ab34ff99fd
A2024320.2242,2024-11-15T22:42Z,NOAA-21 VIIRS,VJ214IMG.A2024320.2242.002.2025287000740.nc,2025-10-14T00:07:40.000Z,2.0.14,1050010,baf5b6676c97bbe0ad82d236385bbe9c744d0ff96d3038b25fe9b9423c7ef75c,CLDMSK_L2_VIIRS_NOAA21.A2024320.2242.001.2024321073013.nc,2024-11-16T07:30:13.170Z,56746413,211ec40d1b146162e5065b0f8885c800
A2024320.2248,2024-11-15T22:48Z,NOAA-21 VIIRS,VJ214IMG.A2024320.2248.002.2025287000742.nc,2025-10-14T00:07:42.000Z,2.0.14,445327,6d5a335008cf441e35792c2314627aea503100b9b0b20daeafea68a1e0293812,CLDMSK_L2_VIIRS_NOAA21.A2024320.2248.001.2024321073011.nc,2024-11-16T07:30:11.580Z,46891701,0ea3918cc9d3e72f71b11821ff8321fa
A2024321.2042,2024-11-16T20:42Z,NOAA-21 VIIRS,VJ214IMG.A2024321.2042.002.2025287002146.nc,2025-10-14T00:21:46.000Z,2.0.14,1104608,14b82d7ff601c7fc4ce3bb2c0924c7ad2bd6753bcbb36ad9c2df991bbfb32ea0,CLDMSK_L2_VIIRS_NOAA21.A2024321.2042.001.2024322073047.nc,2024-11-17T07:30:47.810Z,59399445,1810575076091711ed55e24301709f4c
A2024321.2048,2024-11-16T20:48Z,NOAA-21 VIIRS,VJ214IMG.A2024321.2048.002.2025287002145.nc,2025-10-14T00:21:45.000Z,2.0.14,1138913,f7883db1f8aafa111d877454c2d02a596a73d2f08286f3e23aa728e086670037,CLDMSK_L2_VIIRS_NOAA21.A2024321.2048.001.2024322073047.nc,2024-11-17T07:30:47.670Z,51479570,fe141cc2cb236db70e22a63a8ab252cc
A2024321.2224,2024-11-16T22:24Z,NOAA-21 VIIRS,VJ214IMG.A2024321.2224.002.2025287002148.nc,2025-10-14T00:21:48.000Z,2.0.14,1057368,e5eb11dcc461075793f31c8dfd17da5106c29fee11e9bc84006f7966bb520a37,CLDMSK_L2_VIIRS_NOAA21.A2024321.2224.001.2024322073059.nc,2024-11-17T07:30:59.150Z,56034439,f5351ba4ce14b98201af8bdd107dd06e
A2024321.2230,2024-11-16T22:30Z,NOAA-21 VIIRS,VJ214IMG.A2024321.2230.002.2025287002144.nc,2025-10-14T00:21:44.000Z,2.0.14,453648,940da645acc8ef3ed7a087bdf1438ca435a9d8b25f89dad94cd314d2417e5a46,CLDMSK_L2_VIIRS_NOAA21.A2024321.2230.001.2024322073057.nc,2024-11-17T07:30:57.050Z,50163106,ac3acef4f0b561f75980806ef0abca00
A2024322.0006,2024-11-17T00:06Z,NOAA-21 VIIRS,VJ214IMG.A2024322.0006.002.2025287003847.nc,2025-10-14T00:38:47.000Z,2.0.14,783154,d62f2438e634423c1009b2ccac477eb695a6c752d09d5bb08974e95ab26160ec,CLDMSK_L2_VIIRS_NOAA21.A2024322.0006.001.2024322131045.nc,2024-11-17T13:10:45.180Z,56839317,e371d353ca1481f1bf2c496952b62fb3
A2024322.2206,2024-11-17T22:06Z,NOAA-21 VIIRS,VJ214IMG.A2024322.2206.002.2025287003847.nc,2025-10-14T00:38:47.000Z,2.0.14,1098165,8b2035eec58dabf4081213bc510f45a7b7550da6f5f5e69e41ce8e91bfa1155a,CLDMSK_L2_VIIRS_NOAA21.A2024322.2206.001.2024323073133.nc,2024-11-18T07:31:33.490Z,55796694,b667994a6261e1cb3955453d557208fc
A2024322.2212,2024-11-17T22:12Z,NOAA-21 VIIRS,VJ214IMG.A2024322.2212.002.2025287003845.nc,2025-10-14T00:38:45.000Z,2.0.14,667892,4e8481f1dc2910c057b3052d1759c38e762c6b7c7d88819b9311c1f926149304,CLDMSK_L2_VIIRS_NOAA21.A2024322.2212.001.2024323073132.nc,2024-11-18T07:31:32.970Z,53065873,ef53bb1d6f4ad7f704c2f7dc0c91a79c
A2024322.2348,2024-11-17T23:48Z,NOAA-21 VIIRS,VJ214IMG.A2024322.2348.002.2025287003846.nc,2025-10-14T00:38:46.000Z,2.0.14,778119,ee6fc54c13cad95556fdb48d401a5cfe9ee3fbec328a2a7b9ae1eb1e31d2aa73,CLDMSK_L2_VIIRS_NOAA21.A2024322.2348.001.2024323073131.nc,2024-11-18T07:31:31.960Z,53128136,8fac85272562fc3411e4a500e433fde6
A2024323.2148,2024-11-18T21:48Z,NOAA-21 VIIRS,VJ214IMG.A2024323.2148.002.2025287005144.nc,2025-10-14T00:51:44.000Z,2.0.14,943128,c5100bdf51648a0f84d210bd129ab42972e2852b4c38bda07de0832cb6f99269,CLDMSK_L2_VIIRS_NOAA21.A2024323.2148.001.2024324073213.nc,2024-11-19T07:32:13.100Z,52009341,4be17a426dec6ef276462e80d5b2f603
A2024323.2154,2024-11-18T21:54Z,NOAA-21 VIIRS,VJ214IMG.A2024323.2154.002.2025287005147.nc,2025-10-14T00:51:47.000Z,2.0.14,1126270,6585c0e7f81ecaa29bc323bbbb423176e1dc5f947b37829ceedffededd685c24,CLDMSK_L2_VIIRS_NOAA21.A2024323.2154.001.2024324073220.nc,2024-11-19T07:32:20.950Z,55504807,473c8f8c531f7372de2fb489f202129a
A2024323.2324,2024-11-18T23:24Z,NOAA-21 VIIRS,VJ214IMG.A2024323.2324.002.2025287005144.nc,2025-10-14T00:51:44.000Z,2.0.14,1492191,3444e3c3175d8b6d90467259b50b98f5b8ffe629926f5a13653d02f11297fc18,CLDMSK_L2_VIIRS_NOAA21.A2024323.2324.001.2024324073201.nc,2024-11-19T07:32:01.090Z,63758667,6b360b14bec31fbdd05d0506ce9059ee
A2024323.2330,2024-11-18T23:30Z,NOAA-21 VIIRS,VJ214IMG.A2024323.2330.002.2025287005148.nc,2025-10-14T00:51:48.000Z,2.0.14,588917,315bf6bb8f29574f9bcab3f27b5a73a27b89e1acf99b0132a622747de1a3c169,CLDMSK_L2_VIIRS_NOAA21.A2024323.2330.001.2024324073159.nc,2024-11-19T07:31:59.920Z,50067583,39b20c3812e74f3c3c1dfd90fe202df5
A2024324.2124,2024-11-19T21:24Z,NOAA-21 VIIRS,VJ214IMG.A2024324.2124.002.2025287010444.nc,2025-10-14T01:04:44.000Z,2.0.14,1508791,37c20dffc9c3ae4c5da24ec821118f21345094ae2739d89b02fcbec37c554b20,CLDMSK_L2_VIIRS_NOAA21.A2024324.2124.001.2024325072246.nc,2024-11-20T07:22:46.080Z,60087493,983e18d450b2db2ff5d4c4f506e3476b
A2024324.2130,2024-11-19T21:30Z,NOAA-21 VIIRS,VJ214IMG.A2024324.2130.002.2025287010443.nc,2025-10-14T01:04:43.000Z,2.0.14,720335,16777f290e61f95ea6c9dff5a4aab6714ac9e09ea13fa6732ff36c520d0947ba,CLDMSK_L2_VIIRS_NOAA21.A2024324.2130.001.2024325072255.nc,2024-11-20T07:22:55.260Z,49834155,be6f0d423ca65c2faa50ce1c7b7fe5fa
A2024324.2306,2024-11-19T23:06Z,NOAA-21 VIIRS,VJ214IMG.A2024324.2306.002.2025287010440.nc,2025-10-14T01:04:40.000Z,2.0.14,1343438,34bfcab594778a80efb0c2dbad6ca758760e976f22068fe9ad1758e3d940b13e,CLDMSK_L2_VIIRS_NOAA21.A2024324.2306.001.2024325072241.nc,2024-11-20T07:22:41.810Z,61200487,c4ef6b16a0b33aa5f20d86981f757f24
A2024324.2312,2024-11-19T23:12Z,NOAA-21 VIIRS,VJ214IMG.A2024324.2312.002.2025287010440.nc,2025-10-14T01:04:40.000Z,2.0.14,510236,b3b30f8952fd79d5ef46cd1f70cf64f3e7ff3181356939a64f7327793a1ce3e3,CLDMSK_L2_VIIRS_NOAA21.A2024324.2312.001.2024325072242.nc,2024-11-20T07:22:42.130Z,47509992,d7f7429f590208ff326b1fa8a48a6024
A2024325.2106,2024-11-20T21:06Z,NOAA-21 VIIRS,VJ214IMG.A2024325.2106.002.2025287011613.nc,2025-10-14T01:16:13.000Z,2.0.14,1145189,f9a5c7068089d2fcd5e19464978c721a6c3a7c92c2dd54c991e4449de1bef4c4,CLDMSK_L2_VIIRS_NOAA21.A2024325.2106.001.2024326072320.nc,2024-11-21T07:23:20.480Z,60595101,37bd4b49cd17b86506488c13e921a498
A2024325.2112,2024-11-20T21:12Z,NOAA-21 VIIRS,VJ214IMG.A2024325.2112.002.2025287011612.nc,2025-10-14T01:16:12.000Z,2.0.14,606207,17518a85a4bf734cb34866e1e09b3cce32c580fec1d7a0b42ef431c22a940f35,CLDMSK_L2_VIIRS_NOAA21.A2024325.2112.001.2024326072320.nc,2024-11-21T07:23:20.410Z,49256580,6afd098301d395b35ae760642622b841
A2024325.2248,2024-11-20T22:48Z,NOAA-21 VIIRS,VJ214IMG.A2024325.2248.002.2025287011612.nc,2025-10-14T01:16:12.000Z,2.0.14,1076724,23b85cb3c476bdc1ac632d96dc1a8c7059265165bbd15f28b7f8f3320f4bb3e9,CLDMSK_L2_VIIRS_NOAA21.A2024325.2248.001.2024326072331.nc,2024-11-21T07:23:31.040Z,59287499,67bc29763f383c57bd9a48e82874d1dc
A2024325.2254,2024-11-20T22:54Z,NOAA-21 VIIRS,VJ214IMG.A2024325.2254.002.2025287011610.nc,2025-10-14T01:16:10.000Z,2.0.14,689591,81f1dc5a08c0d4d35ab447c1311e23987c340cab1fc0bb63199b1ba01a849f39,CLDMSK_L2_VIIRS_NOAA21.A2024325.2254.001.2024326072330.nc,2024-11-21T07:23:30.470Z,50344635,db352643d6dc8c3c31d61740437fac16
A2024326.2048,2024-11-21T20:48Z,NOAA-21 VIIRS,VJ214IMG.A2024326.2048.002.2025287012717.nc,2025-10-14T01:27:17.000Z,2.0.14,1097957,d8481041da83236564e95e0c0e13bb9d7903db341e4c43fe5816e94a31665b82,CLDMSK_L2_VIIRS_NOAA21.A2024326.2048.001.2024327073409.nc,2024-11-22T07:34:09.750Z,59370993,eaebbf471488f935b1b6cabb64b55493
A2024326.2054,2024-11-21T20:54Z,NOAA-21 VIIRS,VJ214IMG.A2024326.2054.002.2025287012717.nc,2025-10-14T01:27:17.000Z,2.0.14,851434,00e229ec0f11b9e3e0deac21050fe116f25f22ef20f65225b0132f15e004ac40,CLDMSK_L2_VIIRS_NOAA21.A2024326.2054.001.2024327073411.nc,2024-11-22T07:34:11.590Z,49993769,99639f557f4e1962f538d49d0c446675
A2024326.2230,2024-11-21T22:30Z,NOAA-21 VIIRS,VJ214IMG.A2024326.2230.002.2025287012717.nc,2025-10-14T01:27:17.000Z,2.0.14,1110804,138fd5dc48742be7d18c4169c4de420399520d333160499b3dd26e9486281c2e,CLDMSK_L2_VIIRS_NOAA21.A2024326.2230.001.2024327073419.nc,2024-11-22T07:34:19.800Z,56052574,f70b399be65edecc85c2c3068aff6410
A2024326.2236,2024-11-21T22:36Z,NOAA-21 VIIRS,VJ214IMG.A2024326.2236.002.2025287012717.nc,2025-10-14T01:27:17.000Z,2.0.14,710873,dc77d62d21f7593268d88efbca00c743602f4814f06aa91586429ab479820218,CLDMSK_L2_VIIRS_NOAA21.A2024326.2236.001.2024327073418.nc,2024-11-22T07:34:18.950Z,54957672,f8f79eaeddb27c8dc4f95f4dab8d1d40
A2024327.2212,2024-11-22T22:12Z,NOAA-21 VIIRS,VJ214IMG.A2024327.2212.002.2025287014510.nc,2025-10-14T01:45:10.000Z,2.0.14,929922,3f2aa23a669d1d4a79cfa7ff36efa9f3cc1ff5ba7ad25cf7fb0203e605d3bd24,CLDMSK_L2_VIIRS_NOAA21.A2024327.2212.001.2024328073514.nc,2024-11-23T07:35:14.010Z,55669068,9c65669c00f9a9267e9a46d34469f810
A2024327.2218,2024-11-22T22:18Z,NOAA-21 VIIRS,VJ214IMG.A2024327.2218.002.2025287014510.nc,2025-10-14T01:45:10.000Z,2.0.14,1048290,3b76eaac10fd617ae44d1e6b0deacc2c0c5a4ddaac975d46c879a7d52aa66fed,CLDMSK_L2_VIIRS_NOAA21.A2024327.2218.001.2024328073513.nc,2024-11-23T07:35:13.330Z,56563321,1411f538ac750645ab1993f06315a38e
A2024327.2354,2024-11-22T23:54Z,NOAA-21 VIIRS,VJ214IMG.A2024327.2354.002.2025287014512.nc,2025-10-14T01:45:12.000Z,2.0.14,752820,238dc5de5814d760c52efd70ae876c5d94689fded5e087c3be7d00836f62e4c0,CLDMSK_L2_VIIRS_NOAA21.A2024327.2354.001.2024328073517.nc,2024-11-23T07:35:17.420Z,52614916,0990ca967c70f6a56f83c2fd5d44a067
A2024328.2154,2024-11-23T21:54Z,NOAA-21 VIIRS,VJ214IMG.A2024328.2154.002.2025287020246.nc,2025-10-14T02:02:46.000Z,2.0.14,814078,c262f5651da0ca9fd5edb8e5d4d485595d0c7b2c1718844239dc71562288886f,CLDMSK_L2_VIIRS_NOAA21.A2024328.2154.001.2024329072602.nc,2024-11-24T07:26:02.840Z,54564088,cb56de47a5ea605a6d6e47c692d650cb
A2024328.2200,2024-11-23T22:00Z,NOAA-21 VIIRS,VJ214IMG.A2024328.2200.002.2025287020242.nc,2025-10-14T02:02:42.000Z,2.0.14,632034,ae905ebc21b4fb01ad740e7c6afd42e402afbce6817f7e0d145535dc1d5387b3,CLDMSK_L2_VIIRS_NOAA21.A2024328.2200.001.2024329072558.nc,2024-11-24T07:25:58.310Z,54764459,5b78e110922e03aeb7a84bb03d42b055
A2024328.2330,2024-11-23T23:30Z,NOAA-21 VIIRS,VJ214IMG.A2024328.2330.002.2025287020245.nc,2025-10-14T02:02:45.000Z,2.0.14,1407469,e4eb644b9146450c51031b988940077c45f73c0b50b8f84db03cb7af94845516,CLDMSK_L2_VIIRS_NOAA21.A2024328.2330.001.2024329072614.nc,2024-11-24T07:26:14.720Z,59241310,2b462244f65d52b5efbe736cb5f15faa
A2024328.2336,2024-11-23T23:36Z,NOAA-21 VIIRS,VJ214IMG.A2024328.2336.002.2025287020247.nc,2025-10-14T02:02:47.000Z,2.0.14,680942,42837d9147499b06873c1f550e36ae937bc5df08dd284dff99b0224bf1bd25c8,CLDMSK_L2_VIIRS_NOAA21.A2024328.2336.001.2024329072619.nc,2024-11-24T07:26:19.200Z,51671210,1980d11f8957e2d4e9b6d1557f933084
A2024329.2136,2024-11-24T21:36Z,NOAA-21 VIIRS,VJ214IMG.A2024329.2136.002.2025287021412.nc,2025-10-14T02:14:12.000Z,2.0.14,801756,8feb631d4c5bb9e9e607e8c50706fa6793839974366c4683ec9e21951431cacd,CLDMSK_L2_VIIRS_NOAA21.A2024329.2136.001.2024330072626.nc,2024-11-25T07:26:26.820Z,52518831,7f6605c472afbbff45bbc64f4dbb61cb
A2024329.2142,2024-11-24T21:42Z,NOAA-21 VIIRS,VJ214IMG.A2024329.2142.002.2025287021415.nc,2025-10-14T02:14:15.000Z,2.0.14,630336,e93d9885c01eb4459c31293974d79e1289267c44347f9a9be1a33e3433a143f0,CLDMSK_L2_VIIRS_NOAA21.A2024329.2142.001.2024330072628.nc,2024-11-25T07:26:28.480Z,56517947,5e044ca3af1d90c302d151c4d06c12d0
A2024329.2312,2024-11-24T23:12Z,NOAA-21 VIIRS,VJ214IMG.A2024329.2312.002.2025287021411.nc,2025-10-14T02:14:11.000Z,2.0.14,1537225,5fda61c0cad5bcef2e6336831246d442b4b48eac2b8b51fe50ca8942b97f0128,CLDMSK_L2_VIIRS_NOAA21.A2024329.2312.001.2024330072646.nc,2024-11-25T07:26:46.860Z,61913569,06e2b8850c76968c4a8703ca4712871e
A2024329.2318,2024-11-24T23:18Z,NOAA-21 VIIRS,VJ214IMG.A2024329.2318.002.2025287021414.nc,2025-10-14T02:14:14.000Z,2.0.14,638581,d4ca5c9d6d39f8fd5600a431be7a60c9e72fa324af8a73aa0f48dd99a679f43d,CLDMSK_L2_VIIRS_NOAA21.A2024329.2318.001.2024330072647.nc,2024-11-25T07:26:47.740Z,51836821,10b8355550b3635841de05ab421a0654
A2024330.2112,2024-11-25T21:12Z,NOAA-21 VIIRS,VJ214IMG.A2024330.2112.002.2025287022541.nc,2025-10-14T02:25:41.000Z,2.0.14,1383563,2b4402ae2ff7862c41a46e8867591be62956e84e562a07f62c77f1a37dabb0b1,CLDMSK_L2_VIIRS_NOAA21.A2024330.2112.001.2024331072730.nc,2024-11-26T07:27:30.150Z,55462975,1bff421e279b63bce4b16e794762b401
A2024330.2118,2024-11-25T21:18Z,NOAA-21 VIIRS,VJ214IMG.A2024330.2118.002.2025287022541.nc,2025-10-14T02:25:41.000Z,2.0.14,740742,500fe5a2d667e9f70a413db5383681aacce6df5799b6fee5964f18513c32a2c3,CLDMSK_L2_VIIRS_NOAA21.A2024330.2118.001.2024331072835.nc,2024-11-26T07:28:35.700Z,51376589,b95d1310570d1a8e45e7ede99630fa58
A2024330.2254,2024-11-25T22:54Z,NOAA-21 VIIRS,VJ214IMG.A2024330.2254.002.2025287022543.nc,2025-10-14T02:25:43.000Z,2.0.14,1629673,4ba65ce437fe1d047e792b213961bb3d3b278e6fa4258807ebbb2ce4876cc06e,CLDMSK_L2_VIIRS_NOAA21.A2024330.2254.001.2024331072742.nc,2024-11-26T07:27:42.700Z,60077935,e2ffe9b4d8ac45583e3901472423d01f
A2024330.2300,2024-11-25T23:00Z,NOAA-21 VIIRS,VJ214IMG.A2024330.2300.002.2025287022544.nc,2025-10-14T02:25:44.000Z,2.0.14,595610,690b63f456648a24b34ab004faacf3f54973a766cdd7bd20d4492d78e4687bef,CLDMSK_L2_VIIRS_NOAA21.A2024330.2300.001.2024331072740.nc,2024-11-26T07:27:40.230Z,51369073,bf979cddd4a56e84d7409f2692c48c43
A2024331.2054,2024-11-26T20:54Z,NOAA-21 VIIRS,VJ214IMG.A2024331.2054.002.2025287024242.nc,2025-10-14T02:42:42.000Z,2.0.14,1027479,7edff637912801dfc23d56f854f9d726f6795eff24fdde12181556fb2afedbbf,CLDMSK_L2_VIIRS_NOAA21.A2024331.2054.001.2024332072746.nc,2024-11-27T07:27:46.060Z,54605184,f55fbedd9cccd4e913bdf9d063cbd664
A2024331.2100,2024-11-26T21:00Z,NOAA-21 VIIRS,VJ214IMG.A2024331.2100.002.2025287024244.nc,2025-10-14T02:42:44.000Z,2.0.14,921637,7868f5394dd49b9ce162644b9ecbfb1cfcebb26408851cd6b78372c7f382ce09,CLDMSK_L2_VIIRS_NOAA21.A2024331.2100.001.2024332072745.nc,2024-11-27T07:27:45.410Z,48816666,7f22e66be99ee6cdc949cb2d5a2081a2
A2024331.2236,2024-11-26T22:36Z,NOAA-21 VIIRS,VJ214IMG.A2024331.2236.002.2025287024245.nc,2025-10-14T02:42:45.000Z,2.0.14,1296731,dbaef2341bfc25594d215ec66ae8d854d456be577b18496d1c0aa05de0bc213f,CLDMSK_L2_VIIRS_NOAA21.A2024331.2236.001.2024332072754.nc,2024-11-27T07:27:54.870Z,55982674,e8dfc484fcdde3daa5b685d4d343b960
A2024331.2242,2024-11-26T22:42Z,NOAA-21 VIIRS,VJ214IMG.A2024331.2242.002.2025287024241.nc,2025-10-14T02:42:41.000Z,2.0.14,578991,764033321f9669facecde9848e0cd73be8b7fe0399112567c6a7ad15bea3c115,CLDMSK_L2_VIIRS_NOAA21.A2024331.2242.001.2024332072755.nc,2024-11-27T07:27:55.260Z,50883025,0431214030c4bf724db5d7671e266d2b
A2024332.2042,2024-11-27T20:42Z,NOAA-21 VIIRS,VJ214IMG.A2024332.2042.002.2025287030043.nc,2025-10-14T03:00:43.000Z,2.0.14,1632556,91beedb25dd24c103d4e6e8973cca32fae6b5f6513248da0f41c10f4c359137f,CLDMSK_L2_VIIRS_NOAA21.A2024332.2042.001.2024333133847.nc,2024-11-28T13:38:47.410Z,49428771,25b35f8f5ccce526b49a90ee4f4efd17
A2024332.2218,2024-11-27T22:18Z,NOAA-21 VIIRS,VJ214IMG.A2024332.2218.002.2025287030041.nc,2025-10-14T03:00:41.000Z,2.0.14,1030481,dc24488cbdb2ed5b36dbd206bff64d7c7d4b8a4e0f57645e20778b87ede42366,CLDMSK_L2_VIIRS_NOAA21.A2024332.2218.001.2024333133858.nc,2024-11-28T13:38:58.660Z,55155432,7c37e300421077823fbb0ecd7f0efb83
A2024332.2224,2024-11-27T22:24Z,NOAA-21 VIIRS,VJ214IMG.A2024332.2224.002.2025287030041.nc,2025-10-14T03:00:41.000Z,2.0.14,754093,29a696952e8a758678171826f5d3078edc63c24ddff192ca73d3798b1a958401,CLDMSK_L2_VIIRS_NOAA21.A2024332.2224.001.2024333133853.nc,2024-11-28T13:38:53.730Z,52751803,d316c66ee5fe6537e2eacd623f945fde
A2024333.0000,2024-11-28T00:00Z,NOAA-21 VIIRS,VJ214IMG.A2024333.0000.002.2025287031242.nc,2025-10-14T03:12:42.000Z,2.0.14,734841,5ba94d5f6b21cc4fadf9c5699d09198e4564d40ce7dd328920239d7a7cec04c6,CLDMSK_L2_VIIRS_NOAA21.A2024333.0000.001.2024333133901.nc,2024-11-28T13:39:01.660Z,56601876,c4c05f70b5ac558a8f03d2e44e17808d
A2024333.2200,2024-11-28T22:00Z,NOAA-21 VIIRS,VJ214IMG.A2024333.2200.002.2025287031245.nc,2025-10-14T03:12:45.000Z,2.0.14,1023964,82082c86d9b916832c36e6c19718919209ccbc76d73f2f23bac65be91aadbc55,CLDMSK_L2_VIIRS_NOAA21.A2024333.2200.001.2024334072931.nc,2024-11-29T07:29:31.770Z,56532324,9e7f92483ba57a065953a4d8f699d899
A2024333.2206,2024-11-28T22:06Z,NOAA-21 VIIRS,VJ214IMG.A2024333.2206.002.2025287031241.nc,2025-10-14T03:12:41.000Z,2.0.14,764647,6ca9aeaf142bce5af4a2afd7756ad9445e81c8508197d0957e6afd5dc4ef6f92,CLDMSK_L2_VIIRS_NOAA21.A2024333.2206.001.2024334072931.nc,2024-11-29T07:29:31.060Z,55097030,5155e170fb9764989d706fd4e8247f6f
A2024333.2336,2024-11-28T23:36Z,NOAA-21 VIIRS,VJ214IMG.A2024333.2336.002.2025287031242.nc,2025-10-14T03:12:42.000Z,2.0.14,1179502,bef74788d656db439a0783a82d44d1bce0571a3d4e079f36ef998c511b9a9c48,CLDMSK_L2_VIIRS_NOAA21.A2024333.2336.001.2024334072917.nc,2024-11-29T07:29:17.030Z,59751317,22f8497cc5fac70b5558eb14facfca71
A2024333.2342,2024-11-28T23:42Z,NOAA-21 VIIRS,VJ214IMG.A2024333.2342.002.2025287031242.nc,2025-10-14T03:12:42.000Z,2.0.14,621560,f730823fcfb293957a0d752fe52d9e65e7a62720dfd5ea11a8cbfeb6a9c5e966,CLDMSK_L2_VIIRS_NOAA21.A2024333.2342.001.2024334072916.nc,2024-11-29T07:29:16.270Z,53005227,d3fec96a8db83aed2177f054b9fc530f
A2024334.2142,2024-11-29T21:42Z,NOAA-21 VIIRS,VJ214IMG.A2024334.2142.002.2025287032445.nc,2025-10-14T03:24:45.000Z,2.0.14,781091,2fef60798c718f9abfc91efbd161c16905617b6ff6af45ef27003cad53fa237a,CLDMSK_L2_VIIRS_NOAA21.A2024334.2142.001.2024335073003.nc,2024-11-30T07:30:03.260Z,53163431,ca0dea27c75af3e4965e76ed229570a1
A2024334.2148,2024-11-29T21:48Z,NOAA-21 VIIRS,VJ214IMG.A2024334.2148.002.2025287032444.nc,2025-10-14T03:24:44.000Z,2.0.14,566097,e1fb65d97718d4020e7464864cb52959f3bac12cde032f9a7d2231428c101ce9,CLDMSK_L2_VIIRS_NOAA21.A2024334.2148.001.2024335073004.nc,2024-11-30T07:30:04.800Z,56294296,955189e30d7d9306faf1f2f8e7ef75ac
A2024334.2318,2024-11-29T23:18Z,NOAA-21 VIIRS,VJ214IMG.A2024334.2318.002.2025287032441.nc,2025-10-14T03:24:41.000Z,2.0.14,1202101,4778ca038a70df890b8f0c7ff9c64774882ccd182bf9f838a49439d10faa898d,CLDMSK_L2_VIIRS_NOAA21.A2024334.2318.001.2024335072953.nc,2024-11-30T07:29:53.930Z,64032206,6167c9a74c4290b16bb14383a6bf90c5
A2024334.2324,2024-11-29T23:24Z,NOAA-21 VIIRS,VJ214IMG.A2024334.2324.002.2025287032444.nc,2025-10-14T03:24:44.000Z,2.0.14,549089,8e2c444aa3f5264c38a2e0d00ae62f06461e4dd92162b4f9bce84eae7789bdca,CLDMSK_L2_VIIRS_NOAA21.A2024334.2324.001.2024335072953.nc,2024-11-30T07:29:53.050Z,49851399,0cb5dccdb39290c11c8e715cfc1e6896
A2024335.2118,2024-11-30T21:18Z,NOAA-21 VIIRS,VJ214IMG.A2024335.2118.002.2025287033615.nc,2025-10-14T03:36:15.000Z,2.0.14,1035406,074abcd35143b9e306091afc5f7f53f396c8504e706007b90bdf73cce3ef9799,CLDMSK_L2_VIIRS_NOAA21.A2024335.2118.001.2024336073040.nc,2024-12-01T07:30:40.740Z,62645109,0b6b218c685c194e40d4eb5eeac23afc
A2024335.2124,2024-11-30T21:24Z,NOAA-21 VIIRS,VJ214IMG.A2024335.2124.002.2025287033614.nc,2025-10-14T03:36:14.000Z,2.0.14,707291,e0e89d5cb3f43fd3e407448b09f86e08c88b0f345f6e90f96517398a54716575,CLDMSK_L2_VIIRS_NOAA21.A2024335.2124.001.2024336073050.nc,2024-12-01T07:30:50.660Z,49740181,ca8f0b0c4cb6caf189ae77f6930b4a89
A2024335.2300,2024-11-30T23:00Z,NOAA-21 VIIRS,VJ214IMG.A2024335.2300.002.2025287033614.nc,2025-10-14T03:36:14.000Z,2.0.14,1300536,824fe14dcb6726409ff4e65fe058faa63c02cab0675d67a6d2f231749708ec2f,CLDMSK_L2_VIIRS_NOAA21.A2024335.2300.001.2024336073036.nc,2024-12-01T07:30:36.680Z,65769716,3bc67191b4d12b43f7358dbc14c73a88
A2024335.2306,2024-11-30T23:06Z,NOAA-21 VIIRS,VJ214IMG.A2024335.2306.002.2025287033615.nc,2025-10-14T03:36:15.000Z,2.0.14,454833,63da472c22ba638947d4a01d506fe421f29e2f41163225f4c6ada66d76c0d2df,CLDMSK_L2_VIIRS_NOAA21.A2024335.2306.001.2024336073035.nc,2024-12-01T07:30:35.740Z,46418080,432bbf12fbff16e1fc2dac1c195cc7a6
A2024336.2100,2024-12-01T21:00Z,NOAA-21 VIIRS,VJ214IMG.A2024336.2100.002.2025287035313.nc,2025-10-14T03:53:13.000Z,2.0.14,998205,20d569c45a93baca50211b4f60566c04621ea12a580cda67b81990a3b0839668,CLDMSK_L2_VIIRS_NOAA21.A2024336.2100.001.2024337073129.nc,2024-12-02T07:31:29.840Z,62942800,bc94fff14ae397f0c7c2f0fb9cdc7132
A2024336.2106,2024-12-01T21:06Z,NOAA-21 VIIRS,VJ214IMG.A2024336.2106.002.2025287035314.nc,2025-10-14T03:53:14.000Z,2.0.14,880220,f49eaaf24fd913e1579ba48b1c625de0bafcec77684c7656b73aaa2f3dcaf09c,CLDMSK_L2_VIIRS_NOAA21.A2024336.2106.001.2024337073129.nc,2024-12-02T07:31:29.850Z,51661104,9568e889fcb75883693f497ec3ddaae4
A2024336.2242,2024-12-01T22:42Z,NOAA-21 VIIRS,VJ214IMG.A2024336.2242.002.2025287035321.nc,2025-10-14T03:53:21.000Z,2.0.14,1369939,bbde030517ac7d0e3ad013f1fa542a478536f597d4a3859b7bb657fdb6db8c23,CLDMSK_L2_VIIRS_NOAA21.A2024336.2242.001.2024337073143.nc,2024-12-02T07:31:43.110Z,63403725,597a65b723d5f00aa756eac5c750c8c2
A2024336.2248,2024-12-01T22:48Z,NOAA-21 VIIRS,VJ214IMG.A2024336.2248.002.2025287035315.nc,2025-10-14T03:53:15.000Z,2.0.14,486831,af7dbedc3bf436840e83bfd29f6bb49a93debe57cd428ed80e642927f039c815,CLDMSK_L2_VIIRS_NOAA21.A2024336.2248.001.2024337073138.nc,2024-12-02T07:31:38.730Z,47878850,461d987eab293feecc5f07a09faf77c6
A2024337.2042,2024-12-02T20:42Z,NOAA-21 VIIRS,VJ214IMG.A2024337.2042.002.2025287041612.nc,2025-10-14T04:16:12.000Z,2.0.14,1009838,4f0a92e40fe0b4df3905da41a4da4fd958a338732917fc0e4004cb54ed7d1241,CLDMSK_L2_VIIRS_NOAA21.A2024337.2042.001.2024338074208.nc,2024-12-03T07:42:08.580Z,62847879,88a64adab8af458fbd2a28409225ab4a
A2024337.2048,2024-12-02T20:48Z,NOAA-21 VIIRS,VJ214IMG.A2024337.2048.002.2025287041612.nc,2025-10-14T04:16:12.000Z,2.0.14,1170291,aeac2504f10bff23c7e071b8ac43f1f5a81a6532e7cbe9b31d118123d23fca58,CLDMSK_L2_VIIRS_NOAA21.A2024337.2048.001.2024338074207.nc,2024-12-03T07:42:07.140Z,53786672,00454284f1d219426971a24349d33875
A2024337.2224,2024-12-02T22:24Z,NOAA-21 VIIRS,VJ214IMG.A2024337.2224.002.2025287041614.nc,2025-10-14T04:16:14.000Z,2.0.14,1286538,c0eb8d9a32f5c31a13dd3372d3be00a1b0532e1ae257139ebf956b7745bed888,CLDMSK_L2_VIIRS_NOAA21.A2024337.2224.001.2024338074215.nc,2024-12-03T07:42:15.730Z,60486875,663f95bd64a83f3ed701a6d96f1f5080
A2024337.2230,2024-12-02T22:30Z,NOAA-21 VIIRS,VJ214IMG.A2024337.2230.002.2025287041613.nc,2025-10-14T04:16:13.000Z,2.0.14,406403,4de2a40101c7a4bf40b5aadcc6873e60319a40fbce7cd657accbbfdb96596219,CLDMSK_L2_VIIRS_NOAA21.A2024337.2230.001.2024338074215.nc,2024-12-03T07:42:15.880Z,49938140,c7fe1ad5b5bd7cee216294ef9ea138d2
A2024338.0006,2024-12-03T00:06Z,NOAA-21 VIIRS,VJ214IMG.A2024338.0006.002.2025287043342.nc,2025-10-14T04:33:42.000Z,2.0.14,895444,e8f6ab335ecf57d1211fc3bb5a9c9f69c559a0f7a6ad2e9101e3b3cd0503fe3a,CLDMSK_L2_VIIRS_NOAA21.A2024338.0006.001.2024338131206.nc,2024-12-03T13:12:06.230Z,56907114,c440fc7f9d34ab9001e34c5d620de067
A2024338.2206,2024-12-03T22:06Z,NOAA-21 VIIRS,VJ214IMG.A2024338.2206.002.2025287043341.nc,2025-10-14T04:33:41.000Z,2.0.14,1101171,00a701698584650e1ec94a8f89bf54320ab7e981d8a0c7d2f0ae8484e435f556,CLDMSK_L2_VIIRS_NOAA21.A2024338.2206.001.2024339072302.nc,2024-12-04T07:23:02.910Z,58250900,6fb7bf92e9c7051760549ebc14fe8058
A2024338.2212,2024-12-03T22:12Z,NOAA-21 VIIRS,VJ214IMG.A2024338.2212.002.2025287043343.nc,2025-10-14T04:33:43.000Z,2.0.14,402078,cd3f33ae448f8dfc9b234090de8b1379f4eb7e6933df50c76d18930c6422cbb4,CLDMSK_L2_VIIRS_NOAA21.A2024338.2212.001.2024339072306.nc,2024-12-04T07:23:06.880Z,51556773,2e70522c8dad2dcd5c56469579500a19
A2024338.2342,2024-12-03T23:42Z,NOAA-21 VIIRS,VJ214IMG.A2024338.2342.002.2025287043343.nc,2025-10-14T04:33:43.000Z,2.0.14,1465377,4f4961e285c48aa1119734a5661d279d0f249a1c9f149533adbb08d13faee138,CLDMSK_L2_VIIRS_NOAA21.A2024338.2342.001.2024339072416.nc,2024-12-04T07:24:16.170Z,68245295,2eeadb4123701bc7129966bc0447d8ee
A2024338.2348,2024-12-03T23:48Z,NOAA-21 VIIRS,VJ214IMG.A2024338.2348.002.2025287043346.nc,2025-10-14T04:33:46.000Z,2.0.14,894581,d7fad799072fab01c2e8c0d74a9b2c34b2d2def956b902ebe4562679b4931746,CLDMSK_L2_VIIRS_NOAA21.A2024338.2348.001.2024339072416.nc,2024-12-04T07:24:16.990Z,54551377,ce5c15243d915539cb4bc29c4243fa77
A2024339.2148,2024-12-04T21:48Z,NOAA-21 VIIRS,VJ214IMG.A2024339.2148.002.2025287044922.nc,2025-10-14T04:49:22.000Z,2.0.14,880684,768dadb3107df49287d403e25576ec476a8564aab5a07d43f52c46279e2aea63,CLDMSK_L2_VIIRS_NOAA21.A2024339.2148.001.2024340073339.nc,2024-12-05T07:33:39.230Z,53574377,d795c8c51c7d6c1df35defa937c5f3c4
A2024339.2154,2024-12-04T21:54Z,NOAA-21 VIIRS,VJ214IMG.A2024339.2154.002.2025287044916.nc,2025-10-14T04:49:16.000Z,2.0.14,687795,078dd5c93d15df10bf73b0d3375b2a5309b66fc0f2a461c7d4a29a1806ff5839,CLDMSK_L2_VIIRS_NOAA21.A2024339.2154.001.2024340073338.nc,2024-12-05T07:33:38.510Z,53860967,1c11a2d27181fc48b2c6a18d10115c87
A2024339.2324,2024-12-04T23:24Z,NOAA-21 VIIRS,VJ214IMG.A2024339.2324.002.2025287044916.nc,2025-10-14T04:49:16.000Z,2.0.14,1240360,690dc5fd384858a1c72553fa96a843865012e6632ad68c9ab1a7bd38e3fa30c5,CLDMSK_L2_VIIRS_NOAA21.A2024339.2324.001.2024340073357.nc,2024-12-05T07:33:57.530Z,67089281,dc514610a8c3fd0353eb3e27b567c818
A2024339.2330,2024-12-04T23:30Z,NOAA-21 VIIRS,VJ214IMG.A2024339.2330.002.2025287044920.nc,2025-10-14T04:49:20.000Z,2.0.14,929221,0bbd068ae7ad68c112b02e88eb4372318aebce4d6c63f22111208d4297c41089,CLDMSK_L2_VIIRS_NOAA21.A2024339.2330.001.2024340073359.nc,2024-12-05T07:33:59.250Z,52569354,1ee05d0ac4f2d36c763cc9b40cb12d99
A2024340.2124,2024-12-05T21:24Z,NOAA-21 VIIRS,VJ214IMG.A2024340.2124.002.2025287050511.nc,2025-10-14T05:05:11.000Z,2.0.14,836193,932d89a457bd726b4dcdf5414f7a5d52e6e79d367442cd56a564bb62e5ea2fe4,CLDMSK_L2_VIIRS_NOAA21.A2024340.2124.001.2024341181437.nc,2024-12-06T18:14:37.740Z,64095002,462ed77a5691473d1f36ad9d234f761a
A2024340.2130,2024-12-05T21:30Z,NOAA-21 VIIRS,VJ214IMG.A2024340.2130.002.2025287050513.nc,2025-10-14T05:05:13.000Z,2.0.14,906509,4d4dfb378103a5310308256372853d4c6f8662a16a629d97347357b6a4624ca9,CLDMSK_L2_VIIRS_NOAA21.A2024340.2130.001.2024341181453.nc,2024-12-06T18:14:53.590Z,53504581,c8cd14d8cfbb0c321d8cae5b9593795c
A2024340.2306,2024-12-05T23:06Z,NOAA-21 VIIRS,VJ214IMG.A2024340.2306.002.2025287050515.nc,2025-10-14T05:05:15.000Z,2.0.14,1021792,8a35c29ce7e77cb72fc87826e5e9f0b48eb1832ca5dd139c8d4fff3141a02a55,CLDMSK_L2_VIIRS_NOAA21.A2024340.2306.001.2024341182443.nc,2024-12-06T18:24:43.700Z,64108517,3341bc1df850ca5df79bc93c1d2b7889
A2024340.2312,2024-12-05T23:12Z,NOAA-21 VIIRS,VJ214IMG.A2024340.2312.002.2025287050513.nc,2025-10-14T05:05:13.000Z,2.0.14,830450,2d428456448d08443ecc42d70862bc670d8e6cb32873bbe44ab3fdb3d60a4440,CLDMSK_L2_VIIRS_NOAA21.A2024340.2312.001.2024341182442.nc,2024-12-06T18:24:42.680Z,50515372,5d5030fae43cb2a94ec0c4a3940a5609
A2024341.2106,2024-12-06T21:06Z,NOAA-21 VIIRS,VJ214IMG.A2024341.2106.002.2025287052042.nc,2025-10-14T05:20:42.000Z,2.0.14,881899,013146dfcdbcfb6a7341b391cdd3e163b0c0bfceff1614799eb86d5813451177,CLDMSK_L2_VIIRS_NOAA21.A2024341.2106.001.2024342073448.nc,2024-12-07T07:34:48.520Z,63981002,549cb4981067f60324f7fa4f4060da24
A2024341.2112,2024-12-06T21:12Z,NOAA-21 VIIRS,VJ214IMG.A2024341.2112.002.2025287052042.nc,2025-10-14T05:20:42.000Z,2.0.14,648876,e5a5217eb7d35756a99cd6c4d38479cbae033f7216c8ed9edbcfc119ae09fafe,CLDMSK_L2_VIIRS_NOAA21.A2024341.2112.001.2024342073449.nc,2024-12-07T07:34:49.360Z,52320959,1d5e531daac1e01b35b145d52203cefc
A2024341.2248,2024-12-06T22:48Z,NOAA-21 VIIRS,VJ214IMG.A2024341.2248.002.2025287052044.nc,2025-10-14T05:20:44.000Z,2.0.14,1244643,5b6066311e4559aa58fd855f2c4583ed796a134fdbac22e986c0184e6bdb87f7,CLDMSK_L2_VIIRS_NOAA21.A2024341.2248.001.2024342073458.nc,2024-12-07T07:34:58.910Z,62589271,14a8349baa194c14f744997ecc2205ac
A2024341.2254,2024-12-06T22:54Z,NOAA-21 VIIRS,VJ214IMG.A2024341.2254.002.2025287052041.nc,2025-10-14T05:20:41.000Z,2.0.14,562904,7c3949c52a87fc248722072b2bb0e5b9c46e0347701cee4431e2f95609f515e9,CLDMSK_L2_VIIRS_NOAA21.A2024341.2254.001.2024342073457.nc,2024-12-07T07:34:57.630Z,46835813,1a8d62b895bfb2f0853f379d291e99a1
A2024342.2048,2024-12-07T20:48Z,NOAA-21 VIIRS,VJ214IMG.A2024342.2048.002.2025287054214.nc,2025-10-14T05:42:14.000Z,2.0.14,649857,85a382727bda0aa810016a7433e30bc4a8ddbdbfbdabe06c42dff3881e91a6a2,CLDMSK_L2_VIIRS_NOAA21.A2024342.2048.001.2024343073537.nc,2024-12-08T07:35:37.540Z,60896969,f0f76ddcd3fc9719aa10b077be00da82
A2024342.2054,2024-12-07T20:54Z,NOAA-21 VIIRS,VJ214IMG.A2024342.2054.002.2025287054217.nc,2025-10-14T05:42:17.000Z,2.0.14,738927,66e1716837420c20bbc8cec07f2bce63cc7712f3d441578d53a4dcf572938324,CLDMSK_L2_VIIRS_NOAA21.A2024342.2054.001.2024343073537.nc,2024-12-08T07:35:37.890Z,52948356,0edab07041c6f5347c78cd1e6ad6aae3
A2024342.2230,2024-12-07T22:30Z,NOAA-21 VIIRS,VJ214IMG.A2024342.2230.002.2025287054220.nc,2025-10-14T05:42:20.000Z,2.0.14,1233612,3425a0e32076e443db4f5c7998dc7078b33cb91116c0c1c05c2b78804524b150,CLDMSK_L2_VIIRS_NOAA21.A2024342.2230.001.2024343073547.nc,2024-12-08T07:35:47.230Z,60708494,6eb193b196f9cb8fe43b22d507047bea
A2024342.2236,2024-12-07T22:36Z,NOAA-21 VIIRS,VJ214IMG.A2024342.2236.002.2025287054215.nc,2025-10-14T05:42:15.000Z,2.0.14,676802,e7d6e3d6751524d7eb78c8d559a1a590448add068f67473f439347d531875ad8,CLDMSK_L2_VIIRS_NOAA21.A2024342.2236.001.2024343073547.nc,2024-12-08T07:35:47.460Z,50298040,8a42bcb19871ae4e7d5daf82078a0d58
A2024343.2212,2024-12-08T22:12Z,NOAA-21 VIIRS,VJ214IMG.A2024343.2212.002.2025287060847.nc,2025-10-14T06:08:47.000Z,2.0.14,1172380,43ba405e4baf8e68c676522d551b0ec834e96f0e96f416f8ec47a0c72dca900f,CLDMSK_L2_VIIRS_NOAA21.A2024343.2212.001.2024344073628.nc,2024-12-09T07:36:28.370Z,58396667,af42d32227a9168b653e366505c94d4e
A2024343.2218,2024-12-08T22:18Z,NOAA-21 VIIRS,VJ214IMG.A2024343.2218.002.2025287060847.nc,2025-10-14T06:08:47.000Z,2.0.14,592998,c2c5ca4d29d74c27e40a23fc4335204270078cf47e487cb8914b21897c30bee4,CLDMSK_L2_VIIRS_NOAA21.A2024343.2218.001.2024344073627.nc,2024-12-09T07:36:27.690Z,53327430,5bda3beaed5d8f761718808103b71afd
A2024343.2354,2024-12-08T23:54Z,NOAA-21 VIIRS,VJ214IMG.A2024343.2354.002.2025287060844.nc,2025-10-14T06:08:44.000Z,2.0.14,891078,b3a4bd8b9ad785d3adb418195fc4a59e1f169ac989e99b40eba4d322ed981f5e,CLDMSK_L2_VIIRS_NOAA21.A2024343.2354.001.2024344073630.nc,2024-12-09T07:36:30.390Z,53017062,67f1d9d04c97fcbd857088cbeda90307
A2024344.2154,2024-12-09T21:54Z,NOAA-21 VIIRS,VJ214IMG.A2024344.2154.002.2025287063316.nc,2025-10-14T06:33:16.000Z,2.0.14,1066996,25a056ac9d0bfc9ed9c27741da39420b4549a308e7ed5fd554e459b997d95b30,CLDMSK_L2_VIIRS_NOAA21.A2024344.2154.001.2024345073717.nc,2024-12-10T07:37:17.950Z,55451725,3511ac4177b4bf6a8a3f0c32acee38b7
A2024344.2200,2024-12-09T22:00Z,NOAA-21 VIIRS,VJ214IMG.A2024344.2200.002.2025287063317.nc,2025-10-14T06:33:17.000Z,2.0.14,564115,dd3d5e08ffc60b1be5b30df5bc1205f1afd4fa38c3c10925ea4f62d1068d3982,CLDMSK_L2_VIIRS_NOAA21.A2024344.2200.001.2024345073717.nc,2024-12-10T07:37:17.870Z,56600792,9d7cc3d66c6e5fba8057edbfa08f6a46
A2024344.2330,2024-12-09T23:30Z,NOAA-21 VIIRS,VJ214IMG.A2024344.2330.002.2025287063314.nc,2025-10-14T06:33:14.000Z,2.0.14,1074017,59389fb23b7edf5096bdf2d6e52d55fd4e4cf40dad31cdb953e9383b99c0ba54,CLDMSK_L2_VIIRS_NOAA21.A2024344.2330.001.2024345073703.nc,2024-12-10T07:37:03.620Z,63135395,1f5f5b1a90af74ff9c099847b8467469
A2024344.2336,2024-12-09T23:36Z,NOAA-21 VIIRS,VJ214IMG.A2024344.2336.002.2025287063314.nc,2025-10-14T06:33:14.000Z,2.0.14,844554,84427bdd05beb5a481ea2792f64a81707179dfdfb1aaa149e54ad65181e5b351,CLDMSK_L2_VIIRS_NOAA21.A2024344.2336.001.2024345073705.nc,2024-12-10T07:37:05.070Z,50126011,3051241e9dbc8faa518c250333995fd4
A2024345.2130,2024-12-10T21:30Z,NOAA-21 VIIRS,VJ214IMG.A2024345.2130.002.2025287064944.nc,2025-10-14T06:49:44.000Z,2.0.14,548923,6f44e8498daa23d154a426490e3c18091dbce74a2c527eba2a45dd99b1bed706,CLDMSK_L2_VIIRS_NOAA21.A2024345.2130.001.2024346073751.nc,2024-12-11T07:37:51.320Z,61147641,ff6caaca2e2dbbab10f0a9951923047c
A2024345.2136,2024-12-10T21:36Z,NOAA-21 VIIRS,VJ214IMG.A2024345.2136.002.2025287064943.nc,2025-10-14T06:49:43.000Z,2.0.14,747919,e9390f3454821659cdf2cada45b5b8328715d004d880e917448c38e64f6b9297,CLDMSK_L2_VIIRS_NOAA21.A2024345.2136.001.2024346073751.nc,2024-12-11T07:37:51.640Z,52658057,66603380ca5d8d2241a570c8a2ba9be9
A2024345.2142,2024-12-10T21:42Z,NOAA-21 VIIRS,VJ214IMG.A2024345.2142.002.2025287064943.nc,2025-10-14T06:49:43.000Z,2.0.14,567012,732eed503bf6698a43b58a39a1215f081085c2e9d69af658366c43eca3b856fc,CLDMSK_L2_VIIRS_NOAA21.A2024345.2142.001.2024346073752.nc,2024-12-11T07:37:52.890Z,58680365,25f4891852148dfc13ff37254308d88f
A2024345.2312,2024-12-10T23:12Z,NOAA-21 VIIRS,VJ214IMG.A2024345.2312.002.2025287064945.nc,2025-10-14T06:49:45.000Z,2.0.14,1215190,398f2161311650887d1a61a8f61f12875263687897070975496e756dc8113a6d,CLDMSK_L2_VIIRS_NOAA21.A2024345.2312.001.2024346073737.nc,2024-12-11T07:37:37.800Z,61362501,f70f94b0e570defbe0cf1c905e92e316
A2024345.2318,2024-12-10T23:18Z,NOAA-21 VIIRS,VJ214IMG.A2024345.2318.002.2025287064944.nc,2025-10-14T06:49:44.000Z,2.0.14,651146,3a1f328bf63db0d1f6954fbc6ac946b0f1ea12208162a6be642dcff3a83f8e4d,CLDMSK_L2_VIIRS_NOAA21.A2024345.2318.001.2024346073738.nc,2024-12-11T07:37:38.580Z,47082396,31f48c6558b498b76a5291c5904ad8af
A2024346.2112,2024-12-11T21:12Z,NOAA-21 VIIRS,VJ214IMG.A2024346.2112.002.2025287070616.nc,2025-10-14T07:06:16.000Z,2.0.14,775191,e2c6c24ea5b68a1ba52575351249d43cc1800626bc6ee1703cd3a708dd1f2717,CLDMSK_L2_VIIRS_NOAA21.A2024346.2112.001.2024347072827.nc,2024-12-12T07:28:27.350Z,64175939,64e1c2d0f941d4e8f019feb61d2c7111
A2024346.2118,2024-12-11T21:18Z,NOAA-21 VIIRS,VJ214IMG.A2024346.2118.002.2025287070612.nc,2025-10-14T07:06:12.000Z,2.0.14,621564,65e86be54dc89421e2cd112fdeb5a0363b7d5740ef562d8e03b9d9852372d177,CLDMSK_L2_VIIRS_NOAA21.A2024346.2118.001.2024347072826.nc,2024-12-12T07:28:26.220Z,49777787,7b45c194e56bfcb901287e092c2220d0
A2024346.2254,2024-12-11T22:54Z,NOAA-21 VIIRS,VJ214IMG.A2024346.2254.002.2025287070612.nc,2025-10-14T07:06:12.000Z,2.0.14,1296945,f4355d88ef2909c7632e84f13dd42b1524307bbf7a388445e3747d66a962b5e4,CLDMSK_L2_VIIRS_NOAA21.A2024346.2254.001.2024347072853.nc,2024-12-12T07:28:53.240Z,60177519,0b0a47100ff41e38b57e91500721df23
A2024346.2300,2024-12-11T23:00Z,NOAA-21 VIIRS,VJ214IMG.A2024346.2300.002.2025287070615.nc,2025-10-14T07:06:15.000Z,2.0.14,633209,196d93746c47a9ab5ddcb540d44bf8dec903f721a8878bb6c34c6478d5613310,CLDMSK_L2_VIIRS_NOAA21.A2024346.2300.001.2024347072822.nc,2024-12-12T07:28:22.010Z,47388854,b9a3ac87c75041ddd03fcb7fe12aa49b
A2024347.2054,2024-12-12T20:54Z,NOAA-21 VIIRS,VJ214IMG.A2024347.2054.002.2025301142437.nc,2025-10-28T14:24:37.000Z,2.0.14,776168,3875b87e25c9bfc1a523304d6686772bae110f1f18422f0fd7279c3a35447830,CLDMSK_L2_VIIRS_NOAA21.A2024347.2054.001.2024348072922.nc,2024-12-13T07:29:22.890Z,58771054,7cc9f09f910302d1ac2778ef0448e1e5
A2024347.2100,2024-12-12T21:00Z,NOAA-21 VIIRS,VJ214IMG.A2024347.2100.002.2025301142438.nc,2025-10-28T14:24:38.000Z,2.0.14,957497,446c291959c458799a2e3498071bdd60efc9bbd17d0fa2040fa986fc54bd2b0f,CLDMSK_L2_VIIRS_NOAA21.A2024347.2100.001.2024348072922.nc,2024-12-13T07:29:22.700Z,54398546,d97f0224f2e1576e86db8ae46dd5d384
A2024347.2236,2024-12-12T22:36Z,NOAA-21 VIIRS,VJ214IMG.A2024347.2236.002.2025301142434.nc,2025-10-28T14:24:34.000Z,2.0.14,1263376,aa19298c81660311ae2f5d43ccbbfb434ddf851fe14dd18025f44ef5879873af,CLDMSK_L2_VIIRS_NOAA21.A2024347.2236.001.2024348072934.nc,2024-12-13T07:29:34.050Z,57279860,ee342ce48dd038c7f86e7299becd13b4
A2024347.2242,2024-12-12T22:42Z,NOAA-21 VIIRS,VJ214IMG.A2024347.2242.002.2025301142437.nc,2025-10-28T14:24:37.000Z,2.0.14,595416,fa0d5b6b3b7a0fbd5005d160fac7aec0c4f9dfecefd32b07574f449bdfca2e48,CLDMSK_L2_VIIRS_NOAA21.A2024347.2242.001.2024348072936.nc,2024-12-13T07:29:36.820Z,48470472,b76ab1e16e1c63a4b94dec12221e1c70
A2024348.2042,2024-12-13T20:42Z,NOAA-21 VIIRS,VJ214IMG.A2024348.2042.002.2025301143813.nc,2025-10-28T14:38:13.000Z,2.0.14,1005961,c40165f39b5b8dbf06960309066c53db15c73d20d02a97d51815328360eddcb4,CLDMSK_L2_VIIRS_NOAA21.A2024348.2042.001.2024349073005.nc,2024-12-14T07:30:05.090Z,53923971,3144f87d5068b621346bede621758e0d
A2024348.2218,2024-12-13T22:18Z,NOAA-21 VIIRS,VJ214IMG.A2024348.2218.002.2025301143812.nc,2025-10-28T14:38:12.000Z,2.0.14,1172083,ca7ac2ef8c0562cd916993237ef70816f07609407e723028493e174ee4bd5d51,CLDMSK_L2_VIIRS_NOAA21.A2024348.2218.001.2024349073012.nc,2024-12-14T07:30:12.420Z,56247524,db489716edc9b5bd7929c052e587c371
A2024348.2224,2024-12-13T22:24Z,NOAA-21 VIIRS,VJ214IMG.A2024348.2224.002.2025301143811.nc,2025-10-28T14:38:11.000Z,2.0.14,496240,2efb989893125cc169ddf4595a75816429b4f85be86add1a1a78dee4aa5f9501,CLDMSK_L2_VIIRS_NOAA21.A2024348.2224.001.2024349073013.nc,2024-12-14T07:30:13.520Z,50093964,f859423bd1e5b88538c158a958160bdb
A2024349.0000,2024-12-14T00:00Z,NOAA-21 VIIRS,VJ214IMG.A2024349.0000.002.2025301145106.nc,2025-10-28T14:51:06.000Z,2.0.14,813894,f65b075b5a1d25659ed93c3aa574ccebba8aed66fca41104e5f7ca047c554d13,CLDMSK_L2_VIIRS_NOAA21.A2024349.0000.001.2024349131015.nc,2024-12-14T13:10:15.840Z,55570354,459335cbafa261d59b9e962e9daff4b5
A2024349.2200,2024-12-14T22:00Z,NOAA-21 VIIRS,VJ214IMG.A2024349.2200.002.2025301145107.nc,2025-10-28T14:51:07.000Z,2.0.14,967812,fd2fce7b2fef7e04e3a54cd5abb20ffc869b5a4c5cb59bda63dbfeeb45dff0f8,CLDMSK_L2_VIIRS_NOAA21.A2024349.2200.001.2024350073109.nc,2024-12-15T07:31:09.980Z,56879744,cb0bcbe0d3e00a49976de8b6a925eb7b
A2024349.2206,2024-12-14T22:06Z,NOAA-21 VIIRS,VJ214IMG.A2024349.2206.002.2025301145109.nc,2025-10-28T14:51:09.000Z,2.0.14,622305,7ef16649b0e82716e8aa6eabeebc489556d28b6bb5d4f4659a1765ec31070300,CLDMSK_L2_VIIRS_NOAA21.A2024349.2206.001.2024350073109.nc,2024-12-15T07:31:09.590Z,55957686,74f8c793f28ebbf8272953a5c25d8f5d
A2024349.2336,2024-12-14T23:36Z,NOAA-21 VIIRS,VJ214IMG.A2024349.2336.002.2025301145107.nc,2025-10-28T14:51:07.000Z,2.0.14,795792,fe1a553b59cf13bca35b5b58757541f951f74c0c5a17dae6a108aa31d540f77f,CLDMSK_L2_VIIRS_NOAA21.A2024349.2336.001.2024350073055.nc,2024-12-15T07:30:55.450Z,58675686,3d56c8330bb92777d76778b1bcdea420
A2024349.2342,2024-12-14T23:42Z,NOAA-21 VIIRS,VJ214IMG.A2024349.2342.002.2025301145107.nc,2025-10-28T14:51:07.000Z,2.0.14,727736,16537e48bca5e2a04ef3594adb924743263f7259e5a32b0e7834e3bac1f3c4ff,CLDMSK_L2_VIIRS_NOAA21.A2024349.2342.001.2024350073111.nc,2024-12-15T07:31:11.270Z,52823505,0ea783119d182577c0d8430a9eb584ca
A2024350.2142,2024-12-15T21:42Z,NOAA-21 VIIRS,VJ214IMG.A2024350.2142.002.2025301150412.nc,2025-10-28T15:04:12.000Z,2.0.14,896352,9c557f3666f1c246acc82da61040f7422d05354985b9b6e04828bec9e3263f15,CLDMSK_L2_VIIRS_NOAA21.A2024350.2142.001.2024351072145.nc,2024-12-16T07:21:45.070Z,54832822,cf7d4c0dca7984b31c80d6fb8fd523cf
A2024350.2148,2024-12-15T21:48Z,NOAA-21 VIIRS,VJ214IMG.A2024350.2148.002.2025301150413.nc,2025-10-28T15:04:13.000Z,2.0.14,631405,7f71e7ef5a509f845c67463e9ecfff775475608e0ed9a54761be7db3124491a9,CLDMSK_L2_VIIRS_NOAA21.A2024350.2148.001.2024351072147.nc,2024-12-16T07:21:47.560Z,56946337,074e8822aa800aaf2e86a9515c7b84ed
A2024350.2318,2024-12-15T23:18Z,NOAA-21 VIIRS,VJ214IMG.A2024350.2318.002.2025301150414.nc,2025-10-28T15:04:14.000Z,2.0.14,1110040,b24355e79e4c975dac2d04c8e7d14b31b092c5d304dd74ff76975f22076ddbe4,CLDMSK_L2_VIIRS_NOAA21.A2024350.2318.001.2024351072131.nc,2024-12-16T07:21:31.350Z,59233345,0e67e4e26942444cbda380403ad4a2bc
A2024350.2324,2024-12-15T23:24Z,NOAA-21 VIIRS,VJ214IMG.A2024350.2324.002.2025301150412.nc,2025-10-28T15:04:12.000Z,2.0.14,696057,9c77658262dd2b34c31ac75e68a65a10413bce61607593f1878ffb3967d6fc45,CLDMSK_L2_VIIRS_NOAA21.A2024350.2324.001.2024351072131.nc,2024-12-16T07:21:31.580Z,49517172,1cea85c2395629d527ec5e8cbd213db1
A2024351.2118,2024-12-16T21:18Z,NOAA-21 VIIRS,VJ214IMG.A2024351.2118.002.2025301151737.nc,2025-10-28T15:17:37.000Z,2.0.14,704738,7aba0c32fe61ce8945b3d9e60aff07684577045b59b46a47b9e5c8e10f98ac7b,CLDMSK_L2_VIIRS_NOAA21.A2024351.2118.001.2024352073214.nc,2024-12-17T07:32:14.270Z,60246060,c641634dd20f548f2e12cf33061aa195
A2024351.2124,2024-12-16T21:24Z,NOAA-21 VIIRS,VJ214IMG.A2024351.2124.002.2025301151738.nc,2025-10-28T15:17:38.000Z,2.0.14,774642,c0eefa16704fb186194fa6b84d514232ee0dc19db617bd631e478dd28f7c04a7,CLDMSK_L2_VIIRS_NOAA21.A2024351.2124.001.2024352073223.nc,2024-12-17T07:32:23.560Z,51205067,c11db23f24c0966101ab7cc8c9887975
A2024351.2300,2024-12-16T23:00Z,NOAA-21 VIIRS,VJ214IMG.A2024351.2300.002.2025301151735.nc,2025-10-28T15:17:35.000Z,2.0.14,1118690,dab930b8aa164f3bc9ddf4318221c9c515b3b00765768e555d295e942e873f77,CLDMSK_L2_VIIRS_NOAA21.A2024351.2300.001.2024352073241.nc,2024-12-17T07:32:41.570Z,59398367,13ece990779a49f3916b0059ea2e0787
A2024351.2306,2024-12-16T23:06Z,NOAA-21 VIIRS,VJ214IMG.A2024351.2306.002.2025301151737.nc,2025-10-28T15:17:37.000Z,2.0.14,618351,73ccd500b88982a462b9dc01fb583956beec973b00b1cdccee5125cfe1afa768,CLDMSK_L2_VIIRS_NOAA21.A2024351.2306.001.2024352073242.nc,2024-12-17T07:32:42.350Z,50647738,9b30602f3dddc181b4493f725a43e118
A2024352.2100,2024-12-17T21:00Z,NOAA-21 VIIRS,VJ214IMG.A2024352.2100.002.2025301153035.nc,2025-10-28T15:30:35.000Z,2.0.14,708656,9946746a4084aba4bd7d887f36d21d74a21adcf2a2309fd1564c6b59e03e4dee,CLDMSK_L2_VIIRS_NOAA21.A2024352.2100.001.2024353073313.nc,2024-12-18T07:33:13.590Z,58161102,68ea6ec1ce2b69cdff372ff354d0b3b3
A2024352.2106,2024-12-17T21:06Z,NOAA-21 VIIRS,VJ214IMG.A2024352.2106.002.2025301153038.nc,2025-10-28T15:30:38.000Z,2.0.14,863224,52c2836aaf2fc7a63c5571d889383b66db3b61ad9714d88f08c6c44315bb8761,CLDMSK_L2_VIIRS_NOAA21.A2024352.2106.001.2024353073313.nc,2024-12-18T07:33:13.950Z,54764656,ed53ef04ce54be5fb9dec6d88cb9feb3
A2024352.2242,2024-12-17T22:42Z,NOAA-21 VIIRS,VJ214IMG.A2024352.2242.002.2025301153037.nc,2025-10-28T15:30:37.000Z,2.0.14,1336482,3e14551a5545e435d806aec54e59d4db17dade4e18b4a5a99eec13dabbb3cc4d,CLDMSK_L2_VIIRS_NOAA21.A2024352.2242.001.2024353073324.nc,2024-12-18T07:33:24.860Z,60950958,60464e3f0b803bf3b15fc8542434d8c9
A2024352.2248,2024-12-17T22:48Z,NOAA-21 VIIRS,VJ214IMG.A2024352.2248.002.2025301153035.nc,2025-10-28T15:30:35.000Z,2.0.14,725502,7e6b4dd1e37d0ce942c18cc4bf2812399c4d69853f6cb3b66e2734d5b2057364,CLDMSK_L2_VIIRS_NOAA21.A2024352.2248.001.2024353073328.nc,2024-12-18T07:33:28.810Z,51427031,c3640bfd5ef08054e89170daeaff8dc2
A2024353.2042,2024-12-18T20:42Z,NOAA-21 VIIRS,VJ214IMG.A2024353.2042.002.2025301154336.nc,2025-10-28T15:43:36.000Z,2.0.14,789380,7988a68ce77ce028cb8ab90f1fd5cc1b1732b1fd771deb90121dbc251ab82bb1,CLDMSK_L2_VIIRS_NOAA21.A2024353.2042.001.2024354073344.nc,2024-12-19T07:33:44.010Z,57555707,dca495ab8932945232ec08b24cf734a7
A2024353.2048,2024-12-18T20:48Z,NOAA-21 VIIRS,VJ214IMG.A2024353.2048.002.2025301154336.nc,2025-10-28T15:43:36.000Z,2.0.14,1122506,b1c7fbebbb6263b6fbdfc77f1ea8f74f631553d3d20d0fce52a8005935d807c7,CLDMSK_L2_VIIRS_NOAA21.A2024353.2048.001.2024354073344.nc,2024-12-19T07:33:44.500Z,52907059,2016b5984d8cb4c03ac447630c2bbd11
A2024353.2224,2024-12-18T22:24Z,NOAA-21 VIIRS,VJ214IMG.A2024353.2224.002.2025301154336.nc,2025-10-28T15:43:36.000Z,2.0.14,1580539,8e8aa1df6471f3a1633fdece0dfff7842dedd63c2fcc290b07eafa73d430779f,CLDMSK_L2_VIIRS_NOAA21.A2024353.2224.001.2024354073352.nc,2024-12-19T07:33:52.590Z,62317735,52c2028bb6dd7855f53a49b72db14b80
A2024353.2230,2024-12-18T22:30Z,NOAA-21 VIIRS,VJ214IMG.A2024353.2230.002.2025301154337.nc,2025-10-28T15:43:37.000Z,2.0.14,511578,0277c6fb67ae584589531bd4752d8876e730da50674506c12b68ae65d5c57966,CLDMSK_L2_VIIRS_NOAA21.A2024353.2230.001.2024354073353.nc,2024-12-19T07:33:53.280Z,49247925,8a6667266a5915ac993614bb8475d1b0
A2024354.0006,2024-12-19T00:06Z,NOAA-21 VIIRS,VJ214IMG.A2024354.0006.002.2025301155735.nc,2025-10-28T15:57:35.000Z,2.0.14,862410,5a7f88000da9274d57e25464ba09584d48c004f310f4a95bb64b236476c6e044,CLDMSK_L2_VIIRS_NOAA21.A2024354.0006.001.2024354131353.nc,2024-12-19T13:13:53.480Z,57142255,24b5e6b101a9adba365566ea281201ec
A2024354.2206,2024-12-19T22:06Z,NOAA-21 VIIRS,VJ214IMG.A2024354.2206.002.2025301155738.nc,2025-10-28T15:57:38.000Z,2.0.14,1425672,69e317c50c0fd8185b5b8ddb1ac03f11254cca54f46c7ce9f265383cfe4f9dc9,CLDMSK_L2_VIIRS_NOAA21.A2024354.2206.001.2024355072428.nc,2024-12-20T07:24:28.140Z,61094113,a01ed8381d6266a0c2424421c376789b
A2024354.2212,2024-12-19T22:12Z,NOAA-21 VIIRS,VJ214IMG.A2024354.2212.002.2025301155735.nc,2025-10-28T15:57:35.000Z,2.0.14,461681,1967d92f3100bf382ed471433048d0bdb2e799140ecb6723d93247e4d31b4f97,CLDMSK_L2_VIIRS_NOAA21.A2024354.2212.001.2024355072427.nc,2024-12-20T07:24:27.920Z,52771002,5f6b500c4be2e93ac34943955fa50d9b
A2024354.2342,2024-12-19T23:42Z,NOAA-21 VIIRS,VJ214IMG.A2024354.2342.002.2025301155737.nc,2025-10-28T15:57:37.000Z,2.0.14,996659,2852bc6b393859dcfca9a1afd8e41f03c222374a9206e7d379afa504aead2f3a,CLDMSK_L2_VIIRS_NOAA21.A2024354.2342.001.2024355072413.nc,2024-12-20T07:24:13.450Z,59711823,fedb7d29a54f053d3c0a6b45bf9ad6a4
A2024354.2348,2024-12-19T23:48Z,NOAA-21 VIIRS,VJ214IMG.A2024354.2348.002.2025301155735.nc,2025-10-28T15:57:35.000Z,2.0.14,814338,6f3f5843d51cdbd873aeb1de0222f7f6644426d75189e0dd1dab7cff03f6b1fb,CLDMSK_L2_VIIRS_NOAA21.A2024354.2348.001.2024355072412.nc,2024-12-20T07:24:12.090Z,54035269,0a69570ccfc41ac04f77cab46f02984b
A2024355.2148,2024-12-20T21:48Z,NOAA-21 VIIRS,VJ214IMG.A2024355.2148.002.2025301161140.nc,2025-10-28T16:11:40.000Z,2.0.14,1037136,83933679c15179c735b09a4860c4d7ec2d1cf7b5ecca3a5152a062d6edcdcb11,CLDMSK_L2_VIIRS_NOAA21.A2024355.2148.001.2024356072523.nc,2024-12-21T07:25:23.360Z,55889432,82d9f18b9b35b958bf13c38e28be8f1b
A2024355.2154,2024-12-20T21:54Z,NOAA-21 VIIRS,VJ214IMG.A2024355.2154.002.2025301161143.nc,2025-10-28T16:11:43.000Z,2.0.14,446968,c487f052c7922d93f40b09820c06309c63e7ab82718d1c7715bae5a4fe193e7d,CLDMSK_L2_VIIRS_NOAA21.A2024355.2154.001.2024356072521.nc,2024-12-21T07:25:21.370Z,54691288,5b705a46cf4ce59fdec2dca4ae8118e6
A2024355.2324,2024-12-20T23:24Z,NOAA-21 VIIRS,VJ214IMG.A2024355.2324.002.2025301161142.nc,2025-10-28T16:11:42.000Z,2.0.14,1164432,be8251e9e03e6ed4166f903c2ab248f246f2cf73af4eec66053c9660cbb7cfb5,CLDMSK_L2_VIIRS_NOAA21.A2024355.2324.001.2024356072508.nc,2024-12-21T07:25:08.180Z,62664489,0ae3cc9e49d81395b5364e91595bbafd
A2024355.2330,2024-12-20T23:30Z,NOAA-21 VIIRS,VJ214IMG.A2024355.2330.002.2025301161143.nc,2025-10-28T16:11:43.000Z,2.0.14,525450,0f33d5140006d12935a54eefd176c7c17d7dc3761a37b2b01e0900307c6589af,CLDMSK_L2_VIIRS_NOAA21.A2024355.2330.001.2024356072509.nc,2024-12-21T07:25:09.770Z,49307983,534121d7668857fc5a4decafeeb04bea
A2024356.2124,2024-12-21T21:24Z,NOAA-21 VIIRS,VJ214IMG.A2024356.2124.002.2025301162510.nc,2025-10-28T16:25:10.000Z,2.0.14,649836,cbbbd7bc9696f12be414f1194c5a37aab993067a69f2f27b81de0bc3bb7e15d7,CLDMSK_L2_VIIRS_NOAA21.A2024356.2124.001.2024357072608.nc,2024-12-22T07:26:08.760Z,61822007,dfde1b580990d0f32fcdd3c54540bd2c
A2024356.2130,2024-12-21T21:30Z,NOAA-21 VIIRS,VJ214IMG.A2024356.2130.002.2025301162511.nc,2025-10-28T16:25:11.000Z,2.0.14,752107,6b8e232ed30d736b3d0b5740b91ea991dd7874b326a0758da7fd308bea980a04,CLDMSK_L2_VIIRS_NOAA21.A2024356.2130.001.2024357072609.nc,2024-12-22T07:26:09.010Z,52647803,b84e7b52af67e9a4f0bc665163680065
A2024356.2306,2024-12-21T23:06Z,NOAA-21 VIIRS,VJ214IMG.A2024356.2306.002.2025301162513.nc,2025-10-28T16:25:13.000Z,2.0.14,1295321,19566161e93ee0c3e62149e8a12623f7141576c6effc08da18d7e0448eab63da,CLDMSK_L2_VIIRS_NOAA21.A2024356.2306.001.2024357072554.nc,2024-12-22T07:25:54.230Z,62348905,3e3f7467fe211e8721a39f86124b1da7
A2024356.2312,2024-12-21T23:12Z,NOAA-21 VIIRS,VJ214IMG.A2024356.2312.002.2025301162511.nc,2025-10-28T16:25:11.000Z,2.0.14,449107,9d6a11c41fe57a9e20ad2d8614691d0ba8f21c898ac92b7ade45d57719ea3de4,CLDMSK_L2_VIIRS_NOAA21.A2024356.2312.001.2024357072553.nc,2024-12-22T07:25:53.810Z,46122690,4baab9bd9c9415dc7050319569b0d1b3
A2024357.2106,2024-12-22T21:06Z,NOAA-21 VIIRS,VJ214IMG.A2024357.2106.002.2025301163440.nc,2025-10-28T16:34:40.000Z,2.0.14,817267,3f508a4451d9475f1378569467a71d40163054579da74c76ed6ac8cf7adc6bb1,CLDMSK_L2_VIIRS_NOAA21.A2024357.2106.001.2024358072632.nc,2024-12-23T07:26:32.780Z,61715590,6fe36e3c4082c97e79c0732416cee215
A2024357.2112,2024-12-22T21:12Z,NOAA-21 VIIRS,VJ214IMG.A2024357.2112.002.2025301163441.nc,2025-10-28T16:34:41.000Z,2.0.14,526223,44a7c308a102c487f9bc90b63c254779b4064228b3203b4ea6c04beb7e2e4429,CLDMSK_L2_VIIRS_NOAA21.A2024357.2112.001.2024358072633.nc,2024-12-23T07:26:33.650Z,52962481,ac062425d6c53abeae7f6595d649e725
A2024357.2248,2024-12-22T22:48Z,NOAA-21 VIIRS,VJ214IMG.A2024357.2248.002.2025301163443.nc,2025-10-28T16:34:43.000Z,2.0.14,1479961,6e74128591d38cd570ad3f227572399b3907a5dadf19750f5637aefa9a0a18e5,CLDMSK_L2_VIIRS_NOAA21.A2024357.2248.001.2024358072645.nc,2024-12-23T07:26:45.920Z,60932293,d3f5c4be21b7d153fc35e719aa54cf4c
A2024357.2254,2024-12-22T22:54Z,NOAA-21 VIIRS,VJ214IMG.A2024357.2254.002.2025301163439.nc,2025-10-28T16:34:39.000Z,2.0.14,550336,9e0836c72149bb2eb70b3fddc0fdbb6b3c29fea6b2074535ae22484d8b114364,CLDMSK_L2_VIIRS_NOAA21.A2024357.2254.001.2024358072643.nc,2024-12-23T07:26:43.870Z,47179379,898573fe45506466e4e9de6d23aaa0e6
A2024358.2048,2024-12-23T20:48Z,NOAA-21 VIIRS,VJ214IMG.A2024358.2048.002.2025301164835.nc,2025-10-28T16:48:35.000Z,2.0.14,822252,e08852b7dc443d37b3b9aaba0986898a3f06022aa4eaeaa5acce048b58c3bbf9,CLDMSK_L2_VIIRS_NOAA21.A2024358.2048.001.2024359072706.nc,2024-12-24T07:27:06.720Z,60566235,f7b87b4b04d772559f8ab5fd78231636
A2024358.2054,2024-12-23T20:54Z,NOAA-21 VIIRS,VJ214IMG.A2024358.2054.002.2025301164839.nc,2025-10-28T16:48:39.000Z,2.0.14,487944,a9993ccb5412071ba6216017d4e4af4805cfeb43aed77d113c8bf292a50eaa49,CLDMSK_L2_VIIRS_NOAA21.A2024358.2054.001.2024359072707.nc,2024-12-24T07:27:07.080Z,53781495,1d450e587eca476074e129663942f78e
A2024358.2230,2024-12-23T22:30Z,NOAA-21 VIIRS,VJ214IMG.A2024358.2230.002.2025301164838.nc,2025-10-28T16:48:38.000Z,2.0.14,1344143,a7196487d747b74f33b04c25d74662c575f77d0060b7e857c58fc9ef64ae5349,CLDMSK_L2_VIIRS_NOAA21.A2024358.2230.001.2024359072719.nc,2024-12-24T07:27:19.910Z,60399246,dad07b3de26b2c77c97dcd1f74586e3c
A2024358.2236,2024-12-23T22:36Z,NOAA-21 VIIRS,VJ214IMG.A2024358.2236.002.2025301164835.nc,2025-10-28T16:48:35.000Z,2.0.14,483724,39632466f648c70303a0474d40e4b6d65b0b0cc348d0e00794181fb8cc5d1ddf,CLDMSK_L2_VIIRS_NOAA21.A2024358.2236.001.2024359072719.nc,2024-12-24T07:27:19.660Z,49264576,575a555768e5afe2019c4ebfda6c891e
A2024359.2212,2024-12-24T22:12Z,NOAA-21 VIIRS,VJ214IMG.A2024359.2212.002.2025301170141.nc,2025-10-28T17:01:41.000Z,2.0.14,1118053,da4cb11f92c92a1cf4408b064c770f931beabc6ad14203f9d4f8a32fedcbb3aa,CLDMSK_L2_VIIRS_NOAA21.A2024359.2212.001.2024360073758.nc,2024-12-25T07:37:58.920Z,58416681,de4e7ac189c120252f21c4f4a26d8c3c
A2024359.2218,2024-12-24T22:18Z,NOAA-21 VIIRS,VJ214IMG.A2024359.2218.002.2025301170141.nc,2025-10-28T17:01:41.000Z,2.0.14,385962,bf5e4797e5f82ec07a2c50fd159c00c8e61bc0e5bcf1db4b44bfd4962d7db1b6,CLDMSK_L2_VIIRS_NOAA21.A2024359.2218.001.2024360073757.nc,2024-12-25T07:37:57.250Z,52915503,0c711b65462edd5e710937107ef046d9
A2024359.2348,2024-12-24T23:48Z,NOAA-21 VIIRS,VJ214IMG.A2024359.2348.002.2025301170148.nc,2025-10-28T17:01:48.000Z,2.0.14,1180889,47cd066f9dc294be7186ab6a4bd5decc5176b95ade483f49e90975d8611d5e9c,CLDMSK_L2_VIIRS_NOAA21.A2024359.2348.001.2024360073743.nc,2024-12-25T07:37:43.260Z,61130001,6e3e59535843f807d783a48c96bb1d47
A2024359.2354,2024-12-24T23:54Z,NOAA-21 VIIRS,VJ214IMG.A2024359.2354.002.2025301170142.nc,2025-10-28T17:01:42.000Z,2.0.14,852092,5ca0faaa24b573189a637c8a7b2a2fa81c10c899c3e3cdc8cd0e29b154a612b2,CLDMSK_L2_VIIRS_NOAA21.A2024359.2354.001.2024360073756.nc,2024-12-25T07:37:56.220Z,50121500,38b6d581c48fae1e51dfa78bdff573bf
A2024360.2154,2024-12-25T21:54Z,NOAA-21 VIIRS,VJ214IMG.A2024360.2154.002.2025301171541.nc,2025-10-28T17:15:41.000Z,2.0.14,937805,55ecfc20c2dac8f3ba04af15f10b6f5108daabe84b987c602d6a026c672c7d4f,CLDMSK_L2_VIIRS_NOAA21.A2024360.2154.001.2024361073849.nc,2024-12-26T07:38:49.470Z,55410505,3ec4a2275855b476cabaf69a5dcd2555
A2024360.2200,2024-12-25T22:00Z,NOAA-21 VIIRS,VJ214IMG.A2024360.2200.002.2025301171540.nc,2025-10-28T17:15:40.000Z,2.0.14,377503,c631648dd551e0e08919fb00ffd945d0e075e54ae14ce867c516a6ad64173792,CLDMSK_L2_VIIRS_NOAA21.A2024360.2200.001.2024361073819.nc,2024-12-26T07:38:19.030Z,54815997,bc235a16a939b4b32a9e7760d134aa3b
A2024360.2330,2024-12-25T23:30Z,NOAA-21 VIIRS,VJ214IMG.A2024360.2330.002.2025301171537.nc,2025-10-28T17:15:37.000Z,2.0.14,1351915,52fd2c2ea508342a9e664d91b069eb4b136d3ac77b587c312e22f5b372d369e5,CLDMSK_L2_VIIRS_NOAA21.A2024360.2330.001.2024361073838.nc,2024-12-26T07:38:38.090Z,61010185,46ecbb9ac1581960319b0b155174e2e8
A2024360.2336,2024-12-25T23:36Z,NOAA-21 VIIRS,VJ214IMG.A2024360.2336.002.2025301171540.nc,2025-10-28T17:15:40.000Z,2.0.14,767017,222cd8d16b72fb8f9f9989a06fc6f2318a87783e56abfb6d01136a5983bab60a,CLDMSK_L2_VIIRS_NOAA21.A2024360.2336.001.2024361073837.nc,2024-12-26T07:38:37.510Z,49929246,22559cd38b0bf000764f688cfb42299a
A2024361.2130,2024-12-26T21:30Z,NOAA-21 VIIRS,VJ214IMG.A2024361.2130.002.2025301173011.nc,2025-10-28T17:30:11.000Z,2.0.14,827675,3044a3d9a7dc9f3973f9c12c052bd5a60b49d73b5899e2219265907b944d2c02,CLDMSK_L2_VIIRS_NOAA21.A2024361.2130.001.2024362072915.nc,2024-12-27T07:29:15.350Z,60208747,85c69b50d1859d72633239e13a70e3ff
A2024361.2136,2024-12-26T21:36Z,NOAA-21 VIIRS,VJ214IMG.A2024361.2136.002.2025301173010.nc,2025-10-28T17:30:10.000Z,2.0.14,758886,bc0390322acf4f6318aac5f698b9f42af0ac192f4f452e7a1b9c300cdffc78fb,CLDMSK_L2_VIIRS_NOAA21.A2024361.2136.001.2024362072913.nc,2024-12-27T07:29:13.590Z,53270090,e8d9d779cda94be74267c4852d387657
A2024361.2312,2024-12-26T23:12Z,NOAA-21 VIIRS,VJ214IMG.A2024361.2312.002.2025301173010.nc,2025-10-28T17:30:10.000Z,2.0.14,1442835,e93793395745703d2a87d7400c403f87e72666c2cbc48906c4d3c395698bb127,CLDMSK_L2_VIIRS_NOAA21.A2024361.2312.001.2024362072859.nc,2024-12-27T07:28:59.700Z,62247540,67908cd02a2358ec7588f0094860cf57
A2024361.2318,2024-12-26T23:18Z,NOAA-21 VIIRS,VJ214IMG.A2024361.2318.002.2025301173007.nc,2025-10-28T17:30:07.000Z,2.0.14,979719,1d721916fb5c6c3365aac1a8a512cbc20047c43366dc7411e96e3c0de457d582,CLDMSK_L2_VIIRS_NOAA21.A2024361.2318.001.2024362072900.nc,2024-12-27T07:29:00.110Z,51847129,289660b34e5b029be61fd8e1f0af1054
A2024362.2112,2024-12-27T21:12Z,NOAA-21 VIIRS,VJ214IMG.A2024362.2112.002.2025301174338.nc,2025-10-28T17:43:38.000Z,2.0.14,955630,5dc879810ed1e75145459ec12a4b0abb0d4c544d94c7f8c643c97d5ea7eb4b2f,CLDMSK_L2_VIIRS_NOAA21.A2024362.2112.001.2024363072951.nc,2024-12-28T07:29:51.820Z,60173753,f5bccacea9f2731133cb4ac02bc0338a
A2024362.2118,2024-12-27T21:18Z,NOAA-21 VIIRS,VJ214IMG.A2024362.2118.002.2025301174339.nc,2025-10-28T17:43:39.000Z,2.0.14,593455,6c7d6427844768a220da3bc57b540e72cb88173fafb97041fc4baa95fd3542fa,CLDMSK_L2_VIIRS_NOAA21.A2024362.2118.001.2024363072951.nc,2024-12-28T07:29:51.440Z,52326577,bce9059eadd0e79abdb49d3009b07861
A2024362.2254,2024-12-27T22:54Z,NOAA-21 VIIRS,VJ214IMG.A2024362.2254.002.2025301174340.nc,2025-10-28T17:43:40.000Z,2.0.14,1245299,6144a9673a216f3775fc5aa32105f1cbbf39c124e09db208c8986efd3ff30d47,CLDMSK_L2_VIIRS_NOAA21.A2024362.2254.001.2024363072948.nc,2024-12-28T07:29:48.020Z,59571642,b71d748ea93d1f9dc26c44fc30ad08ed
A2024362.2300,2024-12-27T23:00Z,NOAA-21 VIIRS,VJ214IMG.A2024362.2300.002.2025301174338.nc,2025-10-28T17:43:38.000Z,2.0.14,830649,8b541d400f5909ba36510f30cfff4e594bf3a0e82e973ccdcfdaabcc0cb7c6cf,CLDMSK_L2_VIIRS_NOAA21.A2024362.2300.001.2024363072948.nc,2024-12-28T07:29:48.970Z,51560380,68b043679b31d869cc09c5e8c8459a3c
A2024363.2054,2024-12-28T20:54Z,NOAA-21 VIIRS,VJ214IMG.A2024363.2054.002.2025301180308.nc,2025-10-28T18:03:08.000Z,2.0.14,998705,9ef65dd16855433c0c3c9052e601e382f6ccd4e2ccab2dac365b1937617c2909,CLDMSK_L2_VIIRS_NOAA21.A2024363.2054.001.2024364215117.nc,2024-12-29T21:51:17.270Z,59540853,91776bc0f665cf9d8ed4cd1bd2fc4981
A2024363.2100,2024-12-28T21:00Z,NOAA-21 VIIRS,VJ214IMG.A2024363.2100.002.2025301180307.nc,2025-10-28T18:03:07.000Z,2.0.14,559768,8cd775596a055846b829f238f8e10e6c481d7c6b218583d817afed9e78cc2f24,CLDMSK_L2_VIIRS_NOAA21.A2024363.2100.001.2024364215116.nc,2024-12-29T21:51:16.980Z,53005632,290bfb1a778a336216063a1f04443675
A2024363.2236,2024-12-28T22:36Z,NOAA-21 VIIRS,VJ214IMG.A2024363.2236.002.2025301180310.nc,2025-10-28T18:03:10.000Z,2.0.14,1255517,95b0818b32a754794391a8ae592347d73a1583fba0199860fafa2b12b63dadda,CLDMSK_L2_VIIRS_NOAA21.A2024363.2236.001.2024364215155.nc,2024-12-29T21:51:55.350Z,57481020,d1b6194fabf81c2d9ad34aa1f55521d3
A2024363.2242,2024-12-28T22:42Z,NOAA-21 VIIRS,VJ214IMG.A2024363.2242.002.2025301180306.nc,2025-10-28T18:03:06.000Z,2.0.14,590333,3cf8a76d97688a7f1050666944176a4acb2f714a1a27094dfe0d6dac468fdf05,CLDMSK_L2_VIIRS_NOAA21.A2024363.2242.001.2024364215221.nc,2024-12-29T21:52:21.960Z,49831108,fdeeb8547189ee8b80adc4fc0ba988c0
A2024364.2042,2024-12-29T20:42Z,NOAA-21 VIIRS,VJ214IMG.A2024364.2042.002.2025301181806.nc,2025-10-28T18:18:06.000Z,2.0.14,666513,342bbedffd08e558589fd8eb2d2ce57d231fe696773bddb8da32f678238098c1,CLDMSK_L2_VIIRS_NOAA21.A2024364.2042.001.2024365072126.nc,2024-12-30T07:21:26.410Z,51691348,a0845fe2d9f831129f7e03dae4afb08f
A2024364.2218,2024-12-29T22:18Z,NOAA-21 VIIRS,VJ214IMG.A2024364.2218.002.2025301181809.nc,2025-10-28T18:18:09.000Z,2.0.14,1348288,5f9aca249b425da58764bcefcf7e4d6ff01664f246825fd3adc151a3c6f42b68,CLDMSK_L2_VIIRS_NOAA21.A2024364.2218.001.2024365072137.nc,2024-12-30T07:21:37.300Z,58662432,76ed5a7ca0ec61fcfff616fc66782c8b
A2024364.2224,2024-12-29T22:24Z,NOAA-21 VIIRS,VJ214IMG.A2024364.2224.002.2025301181806.nc,2025-10-28T18:18:06.000Z,2.0.14,457867,d4ba93be95559770f788718f508581e58626e5ce79a9d79d862ab7d4dfaaa1ef,CLDMSK_L2_VIIRS_NOAA21.A2024364.2224.001.2024365072135.nc,2024-12-30T07:21:35.930Z,50722941,ee99afad8e49b8b252ddff481adc466e
A2024365.0000,2024-12-30T00:00Z,NOAA-21 VIIRS,VJ214IMG.A2024365.0000.002.2025301183110.nc,2025-10-28T18:31:10.000Z,2.0.14,965268,7fa9969e4c5bbf5b0230027d6d5a1480813bec5b8c7dfdf5db99166158cc02b0,CLDMSK_L2_VIIRS_NOAA21.A2024365.0000.001.2024365131123.nc,2024-12-30T13:11:23.240Z,56930755,d402e042aec322fdc3431336843d4537
A2024365.2200,2024-12-30T22:00Z,NOAA-21 VIIRS,VJ214IMG.A2024365.2200.002.2025301183111.nc,2025-10-28T18:31:11.000Z,2.0.14,1290395,872cc777e9ef4d4bfe0f6107730083194c6afde99829d9c67276daa0046a87fb,CLDMSK_L2_VIIRS_NOAA21.A2024365.2200.001.2024366072222.nc,2024-12-31T07:22:22.820Z,57383921,1f479d65a60b6f55bfe5a37d3f886872
A2024365.2206,2024-12-30T22:06Z,NOAA-21 VIIRS,VJ214IMG.A2024365.2206.002.2025301183110.nc,2025-10-28T18:31:10.000Z,2.0.14,378343,7e54fb9fef5968655b6b2258cd6263606d7050517c93965957f5115de1ed345d,CLDMSK_L2_VIIRS_NOAA21.A2024365.2206.001.2024366072221.nc,2024-12-31T07:22:21.390Z,55313427,c24bb1bec977e4c93a086c13c7bb54d6
A2024365.2336,2024-12-30T23:36Z,NOAA-21 VIIRS,VJ214IMG.A2024365.2336.002.2025301183109.nc,2025-10-28T18:31:09.000Z,2.0.14,1196433,1a9eacd383680aec259e11587d6b01fcc43de8dba1a56e29c363f957da11edc7,CLDMSK_L2_VIIRS_NOAA21.A2024365.2336.001.2024366072207.nc,2024-12-31T07:22:07.450Z,63808176,942aa63cac1f67f9c8aa05ad491c2aa2
A2024365.2342,2024-12-30T23:42Z,NOAA-21 VIIRS,VJ214IMG.A2024365.2342.002.2025301183110.nc,2025-10-28T18:31:10.000Z,2.0.14,915695,aac507c2e3ead9d638c66abc8556c4be8ae6e44b3ec7ef2a2e97361c62700bb8,CLDMSK_L2_VIIRS_NOAA21.A2024365.2342.001.2024366072220.nc,2024-12-31T07:22:20.730Z,53764304,a2b1005decd2cd59221082f668bd0566
A2024366.2136,2024-12-31T21:36Z,NOAA-21 VIIRS,VJ214IMG.A2024366.2136.002.2025301184441.nc,2025-10-28T18:44:41.000Z,2.0.14,818219,dc848fc651fb1d28cc636783a513a3dd55da4e7a333e43d60f156787299bb134,CLDMSK_L2_VIIRS_NOAA21.A2024366.2136.001.2025001072320.nc,2025-01-01T07:23:20.940Z,59384866,9aa424b6901c210fd04dd2039301838b
A2024366.2142,2024-12-31T21:42Z,NOAA-21 VIIRS,VJ214IMG.A2024366.2142.002.2025301184443.nc,2025-10-28T18:44:43.000Z,2.0.14,1114061,4ddf477751315351ac4213faf25962c289bd3bb7e33f057cf47aae14795349fc,CLDMSK_L2_VIIRS_NOAA21.A2024366.2142.001.2025001072321.nc,2025-01-01T07:23:21.590Z,54871749,ae30629906b4760bb8d9928ff758be87
A2024366.2318,2024-12-31T23:18Z,NOAA-21 VIIRS,VJ214IMG.A2024366.2318.002.2025301184439.nc,2025-10-28T18:44:39.000Z,2.0.14,1247891,51b1ef0065ab674495253506fe112a04fdda1eeefc30461a6d5df00cef20a290,CLDMSK_L2_VIIRS_NOAA21.A2024366.2318.001.2025001072309.nc,2025-01-01T07:23:09.360Z,62666959,7b57f96942c29cfc3da5de5c5406ddba
A2024366.2324,2024-12-31T23:24Z,NOAA-21 VIIRS,VJ214IMG.A2024366.2324.002.2025301184439.nc,2025-10-28T18:44:39.000Z,2.0.14,667600,996bd6ef23987f97383c47a8179fb867048cb2051c68b5d772f0fa15a701038f,CLDMSK_L2_VIIRS_NOAA21.A2024366.2324.001.2025001072305.nc,2025-01-01T07:23:05.970Z,50082591,3bfb68238a481d831db0cd2a6e1c3a58
A2025001.2118,2025-01-01T21:18Z,NOAA-21 VIIRS,VJ214IMG.A2025001.2118.002.2025318202951.nc,2025-11-14T20:29:51.000Z,2.0.14,894315,0c069dcb497a5be6164a00b26baf14a82f8c30e0c337f7ede29f9a584010fab8,CLDMSK_L2_VIIRS_NOAA21.A2025001.2118.001.2025002072350.nc,2025-01-02T07:23:50.440Z,61841943,e78dcd6c3012de551255b668c23c40b4
A2025001.2124,2025-01-01T21:24Z,NOAA-21 VIIRS,VJ214IMG.A2025001.2124.002.2025318202956.nc,2025-11-14T20:29:56.000Z,2.0.14,1071348,6aea6eb0ec4f2e70bb6f30c58d9fe874557594c8e67137dc56ab900dffa8c270,CLDMSK_L2_VIIRS_NOAA21.A2025001.2124.001.2025002072406.nc,2025-01-02T07:24:06.600Z,55026630,5a9e5340edd3417c1392536d8d079217
A2025001.2300,2025-01-01T23:00Z,NOAA-21 VIIRS,VJ214IMG.A2025001.2300.002.2025318203015.nc,2025-11-14T20:30:15.000Z,2.0.14,1104104,e0fc0e79a513285fcdddcfe35107bf0806f547aebf5f15ffe0b50e055e0fde23,CLDMSK_L2_VIIRS_NOAA21.A2025001.2300.001.2025002072344.nc,2025-01-02T07:23:44.470Z,59149948,b80d4cbeb60c628570746c7f0bc0a739
A2025001.2306,2025-01-01T23:06Z,NOAA-21 VIIRS,VJ214IMG.A2025001.2306.002.2025318203041.nc,2025-11-14T20:30:41.000Z,2.0.14,543927,cca2369d18af6a9b7b7aca28932fd2e46f3a084a931840938f429ea0423b178b,CLDMSK_L2_VIIRS_NOAA21.A2025001.2306.001.2025002072344.nc,2025-01-02T07:23:44.420Z,46532357,d1d67b47e33c0c792db25d6442e74504
A2025002.2100,2025-01-02T21:00Z,NOAA-21 VIIRS,VJ214IMG.A2025002.2100.002.2025318211649.nc,2025-11-14T21:16:49.000Z,2.0.14,965279,83a45f124f081a7b37ff9787512819884c75580d6d18d39069f113c9289a117c,CLDMSK_L2_VIIRS_NOAA21.A2025002.2100.001.2025003073433.nc,2025-01-03T07:34:33.890Z,62042555,60dd3046782787ac79b877635bcfed93
A2025002.2106,2025-01-02T21:06Z,NOAA-21 VIIRS,VJ214IMG.A2025002.2106.002.2025318211653.nc,2025-11-14T21:16:53.000Z,2.0.14,799974,5287a6ae3d5e62146e146431e3b5bc336576b5e9fbbe38eb4a1ef74040190f5f,CLDMSK_L2_VIIRS_NOAA21.A2025002.2106.001.2025003073433.nc,2025-01-03T07:34:33.930Z,54908004,d3938549c8d8259b94a3a421e69e3705
A2025002.2242,2025-01-02T22:42Z,NOAA-21 VIIRS,VJ214IMG.A2025002.2242.002.2025318211651.nc,2025-11-14T21:16:51.000Z,2.0.14,1102540,b07ddd7e462895a462a4c7566b8c583e20ea8dee8a1bce908b3df52520d9811f,CLDMSK_L2_VIIRS_NOAA21.A2025002.2242.001.2025003073446.nc,2025-01-03T07:34:46.960Z,60792931,9ae069a0083806bc9544d4e485502626
A2025002.2248,2025-01-02T22:48Z,NOAA-21 VIIRS,VJ214IMG.A2025002.2248.002.2025318211648.nc,2025-11-14T21:16:48.000Z,2.0.14,482082,ee8c2c6824910f3aa3267bde81f6a0dfe3d46a2e17ae59a21a69373adb7ad553,CLDMSK_L2_VIIRS_NOAA21.A2025002.2248.001.2025003073443.nc,2025-01-03T07:34:43.330Z,47486586,2e97742aef3b69400b96d69d61b19074
A2025003.2042,2025-01-03T20:42Z,NOAA-21 VIIRS,VJ214IMG.A2025003.2042.002.2025318215033.nc,2025-11-14T21:50:33.000Z,2.0.14,778619,85dcef32f8f3df607869cb99490b2fd1668fd20427f702be26c4598b2239d7be,CLDMSK_L2_VIIRS_NOAA21.A2025003.2042.001.2025004073523.nc,2025-01-04T07:35:23.640Z,60228132,480723f90e081cf8910bf2590859da6a
A2025003.2048,2025-01-03T20:48Z,NOAA-21 VIIRS,VJ214IMG.A2025003.2048.002.2025318215016.nc,2025-11-14T21:50:16.000Z,2.0.14,872302,66af5b52e11543763daf62fedf58b778415e1f935e2a5cdfe9f33c8fa1b9c81b,CLDMSK_L2_VIIRS_NOAA21.A2025003.2048.001.2025004073524.nc,2025-01-04T07:35:24.050Z,51915431,810887e4f8b055a310ea804ef9d792e2
A2025003.2224,2025-01-03T22:24Z,NOAA-21 VIIRS,VJ214IMG.A2025003.2224.002.2025318215018.nc,2025-11-14T21:50:18.000Z,2.0.14,1150847,94b8ef772e5e2d290c2dc55580cb8f5f488efe3c44a2fb0d008c1843e324cf7e,CLDMSK_L2_VIIRS_NOAA21.A2025003.2224.001.2025004073533.nc,2025-01-04T07:35:33.010Z,59053847,fda2028b8a7a6646ecd984e1e7a27515
A2025003.2230,2025-01-03T22:30Z,NOAA-21 VIIRS,VJ214IMG.A2025003.2230.002.2025318215016.nc,2025-11-14T21:50:16.000Z,2.0.14,503327,4bdd9f7d36cf0718700f51b787f0b1fcd42cbb6922ce792b5a7649429291ea47,CLDMSK_L2_VIIRS_NOAA21.A2025003.2230.001.2025004073532.nc,2025-01-04T07:35:32.550Z,49198838,43d7e17bfb9cf0dbd124c3997af9cd4e
A2025004.0006,2025-01-04T00:06Z,NOAA-21 VIIRS,VJ214IMG.A2025004.0006.002.2025318221358.nc,2025-11-14T22:13:58.000Z,2.0.14,1271794,3a34b87b9ae5e957e914c6a5ef4806397607ef69adb40e516e10b25e3329a237,CLDMSK_L2_VIIRS_NOAA21.A2025004.0006.001.2025004130511.nc,2025-01-04T13:05:11.930Z,55827371,431d1bcdb1d05c88adea1c4f7121825f
A2025004.2206,2025-01-04T22:06Z,NOAA-21 VIIRS,VJ214IMG.A2025004.2206.002.2025318221354.nc,2025-11-14T22:13:54.000Z,2.0.14,1057100,682b73dd42d8709804c1708944129a2e6de8cc0db12b68f0b318e3c2f0c20089,CLDMSK_L2_VIIRS_NOAA21.A2025004.2206.001.2025005073607.nc,2025-01-05T07:36:07.570Z,56323752,f65763163d24125851a096d40fd545c0
A2025004.2212,2025-01-04T22:12Z,NOAA-21 VIIRS,VJ214IMG.A2025004.2212.002.2025318221358.nc,2025-11-14T22:13:58.000Z,2.0.14,510180,e213a612f763639c82635cd91fb70fd62f8eadf9a570f1abc30e9027f853815e,CLDMSK_L2_VIIRS_NOAA21.A2025004.2212.001.2025005073607.nc,2025-01-05T07:36:07.870Z,53468325,1e15cae000f205782167d5b47d721f22
A2025004.2342,2025-01-04T23:42Z,NOAA-21 VIIRS,VJ214IMG.A2025004.2342.002.2025318221356.nc,2025-11-14T22:13:56.000Z,2.0.14,1423875,0fc88815ccc857a2d7eba47d4e29c0867673d560e35f339043790b9514eb6dac,CLDMSK_L2_VIIRS_NOAA21.A2025004.2342.001.2025005073553.nc,2025-01-05T07:35:53.990Z,62750288,248b547f1ec5796c32b5a5aae68a5140
A2025004.2348,2025-01-04T23:48Z,NOAA-21 VIIRS,VJ214IMG.A2025004.2348.002.2025318221355.nc,2025-11-14T22:13:55.000Z,2.0.14,769848,4ef1b0e04d665e3c9a1e51b12404f2c31804786dc4401ade3354df20e79dc084,CLDMSK_L2_VIIRS_NOAA21.A2025004.2348.001.2025005073553.nc,2025-01-05T07:35:53.710Z,49590144,82aebdf047e40d6ed6081bf11f876d7f
A2025005.2142,2025-01-05T21:42Z,NOAA-21 VIIRS,VJ214IMG.A2025005.2142.002.2025318223657.nc,2025-11-14T22:36:57.000Z,2.0.14,802487,931ae2e546dfc19cd5e41586ab7a585ed2133991dbc750aa14d2a7ace1b929dd,CLDMSK_L2_VIIRS_NOAA21.A2025005.2142.001.2025006073638.nc,2025-01-06T07:36:38.630Z,59518083,807d2278ba8e15fe0d2ba695b5db01a6
A2025005.2148,2025-01-05T21:48Z,NOAA-21 VIIRS,VJ214IMG.A2025005.2148.002.2025318223653.nc,2025-11-14T22:36:53.000Z,2.0.14,791788,6283a41cb3da9941200a4fd2e3ccd3769df1750c958c8df01fcf9f20530dbb89,CLDMSK_L2_VIIRS_NOAA21.A2025005.2148.001.2025006073639.nc,2025-01-06T07:36:39.000Z,51869780,4faea0ddefebfbce1f5d7a5587e8b4c4
A2025005.2154,2025-01-05T21:54Z,NOAA-21 VIIRS,VJ214IMG.A2025005.2154.002.2025318223657.nc,2025-11-14T22:36:57.000Z,2.0.14,819223,c1b3db766c2c661aa2170eefa0f6302b5c12c54ef3fcb4f39be19901159cfe78,CLDMSK_L2_VIIRS_NOAA21.A2025005.2154.001.2025006073638.nc,2025-01-06T07:36:38.000Z,55765409,02cf6cb4abd52d4dac0cdf555de64528
A2025005.2324,2025-01-05T23:24Z,NOAA-21 VIIRS,VJ214IMG.A2025005.2324.002.2025318223657.nc,2025-11-14T22:36:57.000Z,2.0.14,1067980,906c766650ca52b3665bc4ca32c0440bc6413b7d8951741cccca8d9c5a7b5aa4,CLDMSK_L2_VIIRS_NOAA21.A2025005.2324.001.2025006073629.nc,2025-01-06T07:36:29.930Z,60425529,80b68fcb0c9c1a39284e73c7e5fe29fa
A2025005.2330,2025-01-05T23:30Z,NOAA-21 VIIRS,VJ214IMG.A2025005.2330.002.2025318223654.nc,2025-11-14T22:36:54.000Z,2.0.14,593040,5a7ca29ded58b3cec443f9fcfc0cd18bf977212701be9163887f8e454dcd383b,CLDMSK_L2_VIIRS_NOAA21.A2025005.2330.001.2025006073632.nc,2025-01-06T07:36:32.380Z,48878536,f62d89fdd0edb863f17c875bb0df6c12
A2025006.2124,2025-01-06T21:24Z,NOAA-21 VIIRS,VJ214IMG.A2025006.2124.002.2025318225630.nc,2025-11-14T22:56:30.000Z,2.0.14,742098,4dc964bdd14bb70009677116683a0926d611683429063cbd5d37471419c660e7,CLDMSK_L2_VIIRS_NOAA21.A2025006.2124.001.2025007073727.nc,2025-01-07T07:37:27.610Z,57615849,73de23a51669a0d363eb0f215560cf79
A2025006.2130,2025-01-06T21:30Z,NOAA-21 VIIRS,VJ214IMG.A2025006.2130.002.2025318225637.nc,2025-11-14T22:56:37.000Z,2.0.14,532712,e92cee054bcf3d148cbfaec1c215882b77064e237f1a09f5d69006dff1c8e111,CLDMSK_L2_VIIRS_NOAA21.A2025006.2130.001.2025007073737.nc,2025-01-07T07:37:37.330Z,50901107,199f935c7a528a0bfde5cf3488234594
A2025006.2306,2025-01-06T23:06Z,NOAA-21 VIIRS,VJ214IMG.A2025006.2306.002.2025318225632.nc,2025-11-14T22:56:32.000Z,2.0.14,1241203,31112a673541b04ad8638540e06d299e39968e8055343e4e6506c4968df1ad17,CLDMSK_L2_VIIRS_NOAA21.A2025006.2306.001.2025007073753.nc,2025-01-07T07:37:53.200Z,59804833,c8ac8222b7884ca84d2ebf905c940d62
A2025006.2312,2025-01-06T23:12Z,NOAA-21 VIIRS,VJ214IMG.A2025006.2312.002.2025318225653.nc,2025-11-14T22:56:53.000Z,2.0.14,624010,242a31b88173cb101f6e2b71c642fd7660946f6712385a1a99c2ac6616af6455,CLDMSK_L2_VIIRS_NOAA21.A2025006.2312.001.2025007073751.nc,2025-01-07T07:37:51.940Z,48755042,28227643797cd5312b2c5b7d841bbcd7
A2025007.2106,2025-01-07T21:06Z,NOAA-21 VIIRS,VJ214IMG.A2025007.2106.002.2025318232500.nc,2025-11-14T23:25:00.000Z,2.0.14,796781,a6e25be2db81bc0ae7976fad457bdebb2eb510001defcccd25ec145444d2eed9,CLDMSK_L2_VIIRS_NOAA21.A2025007.2106.001.2025008073801.nc,2025-01-08T07:38:01.120Z,61631154,8c448e6276f062de93af2fcad6721212
A2025007.2112,2025-01-07T21:12Z,NOAA-21 VIIRS,VJ214IMG.A2025007.2112.002.2025318232457.nc,2025-11-14T23:24:57.000Z,2.0.14,746860,f5ce3d4ca972f2fe407b34c73b03bc191afd566db727d3c44935dc8bc1b4a55d,CLDMSK_L2_VIIRS_NOAA21.A2025007.2112.001.2025008073800.nc,2025-01-08T07:38:00.930Z,51760927,4ae752725ded095f23849cc3cf1595e2
A2025007.2248,2025-01-07T22:48Z,NOAA-21 VIIRS,VJ214IMG.A2025007.2248.002.2025318232457.nc,2025-11-14T23:24:57.000Z,2.0.14,1249349,99f503e5c70b65aa557dd7ee608c077374af0502c6882aaad099230aed3164aa,CLDMSK_L2_VIIRS_NOAA21.A2025007.2248.001.2025008073810.nc,2025-01-08T07:38:10.910Z,61527136,87113c70ee1cf2e7e180ed2027553135
A2025007.2254,2025-01-07T22:54Z,NOAA-21 VIIRS,VJ214IMG.A2025007.2254.002.2025318232459.nc,2025-11-14T23:24:59.000Z,2.0.14,681219,890df41353fd19f8f3114bb0602f2e89b2295a069425169a1facb12d986c15b9,CLDMSK_L2_VIIRS_NOAA21.A2025007.2254.001.2025008073810.nc,2025-01-08T07:38:10.770Z,50438933,5ccfed3460e0b468253b804b4a56a606
A2025008.2048,2025-01-08T20:48Z,NOAA-21 VIIRS,VJ214IMG.A2025008.2048.002.2025318234831.nc,2025-11-14T23:48:31.000Z,2.0.14,825250,c36dc9e584f1cd94af5324f01054046724db3399ecbed870e5354e3310e3ba5f,CLDMSK_L2_VIIRS_NOAA21.A2025008.2048.001.2025009072848.nc,2025-01-09T07:28:48.640Z,58883239,35aa0f2257f891152bcbdaf533f87357
A2025008.2054,2025-01-08T20:54Z,NOAA-21 VIIRS,VJ214IMG.A2025008.2054.002.2025318234827.nc,2025-11-14T23:48:27.000Z,2.0.14,720437,82ae5b089a61c7c6ac2c75028be75b902eab56c10f4ee669699eb6085d9580cc,CLDMSK_L2_VIIRS_NOAA21.A2025008.2054.001.2025009072848.nc,2025-01-09T07:28:48.580Z,53122462,7fb7208d496f06ed5bd992464160b67a
A2025008.2230,2025-01-08T22:30Z,NOAA-21 VIIRS,VJ214IMG.A2025008.2230.002.2025318234827.nc,2025-11-14T23:48:27.000Z,2.0.14,1253193,86902a43833018be61ae26581864e9b3662497ed186e20e15ffe0b1a57b251b1,CLDMSK_L2_VIIRS_NOAA21.A2025008.2230.001.2025009072856.nc,2025-01-09T07:28:56.300Z,58206265,fb40d00ae8d83a5086aa9c1a7d16bd5a
A2025008.2236,2025-01-08T22:36Z,NOAA-21 VIIRS,VJ214IMG.A2025008.2236.002.2025318234825.nc,2025-11-14T23:48:25.000Z,2.0.14,550083,ac1e47b1ce6369edee59e2e20b9f8438eb0af7ebef09bd90f49d25690ba8de7a,CLDMSK_L2_VIIRS_NOAA21.A2025008.2236.001.2025009072857.nc,2025-01-09T07:28:57.570Z,51018094,539776dcac9fed121397b5c07f071b9a
A2025009.2212,2025-01-09T22:12Z,NOAA-21 VIIRS,VJ214IMG.A2025009.2212.002.2025319001829.nc,2025-11-15T00:18:29.000Z,2.0.14,1082641,f7cdfdaa55b1c27c977f29263bbae21cf78809fd29e29bc9b3c3650243b08910,CLDMSK_L2_VIIRS_NOAA21.A2025009.2212.001.2025010072924.nc,2025-01-10T07:29:24.700Z,56002421,bc6656253063e12298a69067d9f3800f
A2025009.2218,2025-01-09T22:18Z,NOAA-21 VIIRS,VJ214IMG.A2025009.2218.002.2025319001825.nc,2025-11-15T00:18:25.000Z,2.0.14,460466,b32748dcb1ae9a9feff5caae01f9862ce5b2ce762640726708e930ddf1adeb1a,CLDMSK_L2_VIIRS_NOAA21.A2025009.2218.001.2025010072922.nc,2025-01-10T07:29:22.890Z,55843446,2a19665d4a0d948ff6f5f604b4cd8801
A2025009.2348,2025-01-09T23:48Z,NOAA-21 VIIRS,VJ214IMG.A2025009.2348.002.2025319001824.nc,2025-11-15T00:18:24.000Z,2.0.14,1069027,8eb34027863d88a0a92d138f68388edfa3c1c1210b6b99f02c0ee1ede680ca09,CLDMSK_L2_VIIRS_NOAA21.A2025009.2348.001.2025010072922.nc,2025-01-10T07:29:22.720Z,58713981,c009c911610aaabb1e0f9a5a3a22db5c
A2025009.2354,2025-01-09T23:54Z,NOAA-21 VIIRS,VJ214IMG.A2025009.2354.002.2025319001824.nc,2025-11-15T00:18:24.000Z,2.0.14,693209,55adbc5b1d2cb3d5501a3572a550b55b3dc31e8bf21a6724faf8bb976ff508f7,CLDMSK_L2_VIIRS_NOAA21.A2025009.2354.001.2025010072923.nc,2025-01-10T07:29:23.490Z,50563455,6f53b7c208e821f9dc046ecb10b1b398
A2025010.2148,2025-01-10T21:48Z,NOAA-21 VIIRS,VJ214IMG.A2025010.2148.002.2025319005056.nc,2025-11-15T00:50:56.000Z,2.0.14,1040612,b2c8e8aa8fd38dc1d829c9fd8bd736865c4126cf8e5fc9c6cdfe4be5ac0a0325,CLDMSK_L2_VIIRS_NOAA21.A2025010.2148.001.2025011073021.nc,2025-01-11T07:30:21.870Z,57173007,cd3de0b60df7ec80078ab0eb3a131534
A2025010.2154,2025-01-10T21:54Z,NOAA-21 VIIRS,VJ214IMG.A2025010.2154.002.2025319005058.nc,2025-11-15T00:50:58.000Z,2.0.14,848764,59ac988869cf9bc3f2efe1f99e15a9de4e84aba9952210e9d9960c4f9d024936,CLDMSK_L2_VIIRS_NOAA21.A2025010.2154.001.2025011073020.nc,2025-01-11T07:30:20.650Z,52883215,4e981d61f547cf0b7385195e656da8d2
A2025010.2200,2025-01-10T22:00Z,NOAA-21 VIIRS,VJ214IMG.A2025010.2200.002.2025319005058.nc,2025-11-15T00:50:58.000Z,2.0.14,444749,15f5f2020356f4b2f20dc8198b97864a9317030f231cefa6258459bfd0259a6f,CLDMSK_L2_VIIRS_NOAA21.A2025010.2200.001.2025011073021.nc,2025-01-11T07:30:21.380Z,58555696,c8cebf38b5c2a2cac1a9138ec43ef9a1
A2025010.2330,2025-01-10T23:30Z,NOAA-21 VIIRS,VJ214IMG.A2025010.2330.002.2025319005056.nc,2025-11-15T00:50:56.000Z,2.0.14,1289791,e778f9b6949e73c136598978304d6c89e3b764c234412d491f0f0e2433a8895e,CLDMSK_L2_VIIRS_NOAA21.A2025010.2330.001.2025011073007.nc,2025-01-11T07:30:07.860Z,62937891,60237187846880c1a6008a536dfa398d
A2025010.2336,2025-01-10T23:36Z,NOAA-21 VIIRS,VJ214IMG.A2025010.2336.002.2025319005059.nc,2025-11-15T00:50:59.000Z,2.0.14,608059,44e9eefefe109ada6cdcf30ed033f121586d78e0ad29170e9ecce362358ab5e0,CLDMSK_L2_VIIRS_NOAA21.A2025010.2336.001.2025011073005.nc,2025-01-11T07:30:05.580Z,50035151,649e85c174f801c88535d143b73d7577
A2025011.2130,2025-01-11T21:30Z,NOAA-21 VIIRS,VJ214IMG.A2025011.2130.002.2025319012615.nc,2025-11-15T01:26:15.000Z,2.0.14,1178606,b7fce5e02897e5b6bc2e1ac4fcc9ceba397fe745f333f25253d9fafca3f82784,CLDMSK_L2_VIIRS_NOAA21.A2025011.2130.001.2025012073045.nc,2025-01-12T07:30:45.180Z,57762064,78e8af53ba0f05c039a499c6028b8e0b
A2025011.2136,2025-01-11T21:36Z,NOAA-21 VIIRS,VJ214IMG.A2025011.2136.002.2025319012617.nc,2025-11-15T01:26:17.000Z,2.0.14,670859,340865f293ddda47dd9daab9112093864791c3c896dec922ee3ede1b2e0acf51,CLDMSK_L2_VIIRS_NOAA21.A2025011.2136.001.2025012073043.nc,2025-01-12T07:30:43.290Z,52288793,657e67941bee4eca33f0322c00d30a29
A2025011.2312,2025-01-11T23:12Z,NOAA-21 VIIRS,VJ214IMG.A2025011.2312.002.2025319012611.nc,2025-11-15T01:26:11.000Z,2.0.14,1405271,daebfa0232d9a772986f75bae7b9320fc5c31240abae097f892f2eb2c27cc451,CLDMSK_L2_VIIRS_NOAA21.A2025011.2312.001.2025012073029.nc,2025-01-12T07:30:29.140Z,61191709,08bdfc0a928f3ccbcf99347e7b2eee38
A2025011.2318,2025-01-11T23:18Z,NOAA-21 VIIRS,VJ214IMG.A2025011.2318.002.2025319012616.nc,2025-11-15T01:26:16.000Z,2.0.14,563498,29ce4dec23c24a3db6e290f57d630661eb89b796f22575b9e6c629b8f31af2ff,CLDMSK_L2_VIIRS_NOAA21.A2025011.2318.001.2025012073029.nc,2025-01-12T07:30:29.800Z,48782215,f802a176d72919e4928bab9dca4e7aff
A2025012.2112,2025-01-12T21:12Z,NOAA-21 VIIRS,VJ214IMG.A2025012.2112.002.2025319020845.nc,2025-11-15T02:08:45.000Z,2.0.14,1022534,3a854536e22ab99274e17f6cabb3ec917f549a566f4e0aeb3c40125bd22f08a2,CLDMSK_L2_VIIRS_NOAA21.A2025012.2112.001.2025013073132.nc,2025-01-13T07:31:32.990Z,57413694,bc7e798ad6e5586cb4c3c2197cf79ad8
A2025012.2118,2025-01-12T21:18Z,NOAA-21 VIIRS,VJ214IMG.A2025012.2118.002.2025319020840.nc,2025-11-15T02:08:40.000Z,2.0.14,655840,2d1057aa347fd20309f1236aed35ed653ede347c1ce8a6f57ac7313de9756256,CLDMSK_L2_VIIRS_NOAA21.A2025012.2118.001.2025013073133.nc,2025-01-13T07:31:33.470Z,51904720,e1d37423834090859821c2319fff803f
A2025012.2254,2025-01-12T22:54Z,NOAA-21 VIIRS,VJ214IMG.A2025012.2254.002.2025319020842.nc,2025-11-15T02:08:42.000Z,2.0.14,1213292,33ceababe94ccfc1637b6cabbf6b0a2d90392db122bc547eaceafb17e5dab5f4,CLDMSK_L2_VIIRS_NOAA21.A2025012.2254.001.2025013073127.nc,2025-01-13T07:31:27.940Z,58020055,01867b0ede46d8c727d65f2babf0d5c1
A2025012.2300,2025-01-12T23:00Z,NOAA-21 VIIRS,VJ214IMG.A2025012.2300.002.2025319020842.nc,2025-11-15T02:08:42.000Z,2.0.14,561224,58eb03fc3923a0f57a6278b66f1b82d17748ee57d7473a5d9ed8ffa6f97b9411,CLDMSK_L2_VIIRS_NOAA21.A2025012.2300.001.2025013073129.nc,2025-01-13T07:31:29.950Z,48127741,7a3ee56c0f6c0ea60636b2eb7b464c0d
A2025013.2054,2025-01-13T20:54Z,NOAA-21 VIIRS,VJ214IMG.A2025013.2054.002.2025319024912.nc,2025-11-15T02:49:12.000Z,2.0.14,954708,1a054fae810c6f6d901cc51f6a08c878872c1b4e63fa95ff1c092ed2ccbdaa22,CLDMSK_L2_VIIRS_NOAA21.A2025013.2054.001.2025014073225.nc,2025-01-14T07:32:25.040Z,58055302,d29c9136f009f4cd1d7da314848c7b8a
A2025013.2100,2025-01-13T21:00Z,NOAA-21 VIIRS,VJ214IMG.A2025013.2100.002.2025319024915.nc,2025-11-15T02:49:15.000Z,2.0.14,1027838,78a385c8e6fa0580c651cc41c40409101735377373f7936b50cfc8388e03c4ff,CLDMSK_L2_VIIRS_NOAA21.A2025013.2100.001.2025014073225.nc,2025-01-14T07:32:25.010Z,51648126,c8db77a8fc3d38e5a1d50927f3b656ea
A2025013.2236,2025-01-13T22:36Z,NOAA-21 VIIRS,VJ214IMG.A2025013.2236.002.2025319024915.nc,2025-11-15T02:49:15.000Z,2.0.14,993614,d822f4d9f2df7e765c14b38ce850c74a904f335f59661190e6976f2b226695f5,CLDMSK_L2_VIIRS_NOAA21.A2025013.2236.001.2025014073237.nc,2025-01-14T07:32:37.660Z,55197099,4ff07bb8c0dbfc399b3b36ab717d2a6c
A2025013.2242,2025-01-13T22:42Z,NOAA-21 VIIRS,VJ214IMG.A2025013.2242.002.2025319024914.nc,2025-11-15T02:49:14.000Z,2.0.14,526686,d6a12d9b7c31bbdb28181e4de36434ecf86b1d2fc0d8959c2221f1b1ed970cf5,CLDMSK_L2_VIIRS_NOAA21.A2025013.2242.001.2025014073234.nc,2025-01-14T07:32:34.040Z,49792402,2815484ebd985c415addd6ea9ef6aeef
A2025014.2042,2025-01-14T20:42Z,NOAA-21 VIIRS,VJ214IMG.A2025014.2042.002.2025319033014.nc,2025-11-15T03:30:14.000Z,2.0.14,1311080,9d7b2979d8c24d9f39e2e21688f2b892425ebe43433b071b5a3b555a45a2df91,CLDMSK_L2_VIIRS_NOAA21.A2025014.2042.001.2025015073728.nc,2025-01-15T07:37:28.170Z,55350826,165d2f88b77328051083d604b72b1111
A2025014.2218,2025-01-14T22:18Z,NOAA-21 VIIRS,VJ214IMG.A2025014.2218.002.2025319033016.nc,2025-11-15T03:30:16.000Z,2.0.14,1010883,b720dc3fc2736bd2e8bcf23f0106406ee422c5a8a7d516ff3b52882e5fe92c1b,CLDMSK_L2_VIIRS_NOAA21.A2025014.2218.001.2025015073739.nc,2025-01-15T07:37:39.420Z,54642945,59a3567ef8cc3b17a216b5886ac37fdd
A2025014.2224,2025-01-14T22:24Z,NOAA-21 VIIRS,VJ214IMG.A2025014.2224.002.2025319033011.nc,2025-11-15T03:30:11.000Z,2.0.14,492848,058d84c4c703df617e936283aa025739186cfbbeb635f3e2b1b3ab5b7cfa14f5,CLDMSK_L2_VIIRS_NOAA21.A2025014.2224.001.2025015073737.nc,2025-01-15T07:37:37.620Z,52669278,3eafce2ff5f6733ed59794ffba69dd0c
A2025014.2354,2025-01-14T23:54Z,NOAA-21 VIIRS,VJ214IMG.A2025014.2354.002.2025319033014.nc,2025-11-15T03:30:14.000Z,2.0.14,1402284,2f7d68c7c591203838c2cb19468fde61429c0ec8f756910b5e7288b30bb7a4f8,CLDMSK_L2_VIIRS_NOAA21.A2025014.2354.001.2025015073736.nc,2025-01-15T07:37:36.820Z,62787875,d5b90b147771ffc7e0638b855fbdc035
A2025015.0000,2025-01-15T00:00Z,NOAA-21 VIIRS,VJ214IMG.A2025015.0000.002.2025319041515.nc,2025-11-15T04:15:15.000Z,2.0.14,1234666,6054d48f1ab4041cdcc0e646595b82b82297f55412fbc271238585f4b33774bd,CLDMSK_L2_VIIRS_NOAA21.A2025015.0000.001.2025015130737.nc,2025-01-15T13:07:37.510Z,55319131,0309e892c484a9705ddbd014d9af6e1d
A2025015.2154,2025-01-15T21:54Z,NOAA-21 VIIRS,VJ214IMG.A2025015.2154.002.2025319041514.nc,2025-11-15T04:15:14.000Z,2.0.14,770980,8f3f2c0842ee10a072d0165ab0c3fe7e3ef39b0bed9beecd3b54ded8c3648dcf,CLDMSK_L2_VIIRS_NOAA21.A2025015.2154.001.2025016074045.nc,2025-01-16T07:40:45.860Z,59713631,cecd69f7a0da68ee7d1ab17bc6eb8d1c
A2025015.2200,2025-01-15T22:00Z,NOAA-21 VIIRS,VJ214IMG.A2025015.2200.002.2025319041514.nc,2025-11-15T04:15:14.000Z,2.0.14,899806,568fe7560f697a2cfd63c9dd213cc2c00803185454cbc58c8af7dd65e507c6ed,CLDMSK_L2_VIIRS_NOAA21.A2025015.2200.001.2025016074042.nc,2025-01-16T07:40:42.000Z,52581716,6ca38aeb2328639e01e02f5de1fa4ff8
A2025015.2206,2025-01-15T22:06Z,NOAA-21 VIIRS,VJ214IMG.A2025015.2206.002.2025319041514.nc,2025-11-15T04:15:14.000Z,2.0.14,473968,fab99593d64a4822847ac07944d332123b172c13af5c7b908877f3f01b012dab,CLDMSK_L2_VIIRS_NOAA21.A2025015.2206.001.2025016074041.nc,2025-01-16T07:40:41.790Z,56176143,15c088472c93dd451a7c83d3009ddb2a
A2025015.2336,2025-01-15T23:36Z,NOAA-21 VIIRS,VJ214IMG.A2025015.2336.002.2025319041512.nc,2025-11-15T04:15:12.000Z,2.0.14,1359448,068ae7345d6c8b91194676d4b5bf747025aafc4dbc70eeb085d79472531b44b2,CLDMSK_L2_VIIRS_NOAA21.A2025015.2336.001.2025016074029.nc,2025-01-16T07:40:29.540Z,64243535,f7bf92d85a944cd23ecb63c6c5ed2190
A2025015.2342,2025-01-15T23:42Z,NOAA-21 VIIRS,VJ214IMG.A2025015.2342.002.2025319041514.nc,2025-11-15T04:15:14.000Z,2.0.14,1128495,097c0b875f29b29c05d7c3bdc271a58b3a61dcbf2285c55edd65ff8f34da2f7e,CLDMSK_L2_VIIRS_NOAA21.A2025015.2342.001.2025016074028.nc,2025-01-16T07:40:28.570Z,52530455,b1d128564dd7b4c7764f6cfc5a2886c7
A2025016.2136,2025-01-16T21:36Z,NOAA-21 VIIRS,VJ214IMG.A2025016.2136.002.2025319044617.nc,2025-11-15T04:46:17.000Z,2.0.14,789853,2154139eb7cb91a838f21504b49f94adab5c66d004bbb82358bc04d4a4441e92,CLDMSK_L2_VIIRS_NOAA21.A2025016.2136.001.2025017073210.nc,2025-01-17T07:32:10.470Z,59288730,854462b3e96d27d0cf81c535baf237c2
A2025016.2142,2025-01-16T21:42Z,NOAA-21 VIIRS,VJ214IMG.A2025016.2142.002.2025319044620.nc,2025-11-15T04:46:20.000Z,2.0.14,781528,800696bb302ff1dcef65d9e452b3ea7f2c399eefa4649442a615f3045b082f9a,CLDMSK_L2_VIIRS_NOAA21.A2025016.2142.001.2025017073208.nc,2025-01-17T07:32:08.940Z,51310291,fb6b0673c6f8af2d47ad372968da045f
A2025016.2318,2025-01-16T23:18Z,NOAA-21 VIIRS,VJ214IMG.A2025016.2318.002.2025319044615.nc,2025-11-15T04:46:15.000Z,2.0.14,1253655,6b1d47ad2988d2bff7aa7b9efa98bf8a3588a5cf459b4836c0b140852db28e52,CLDMSK_L2_VIIRS_NOAA21.A2025016.2318.001.2025017073154.nc,2025-01-17T07:31:54.960Z,62299147,61d56be4b13aad3dc56989dfa7f617c9
A2025016.2324,2025-01-16T23:24Z,NOAA-21 VIIRS,VJ214IMG.A2025016.2324.002.2025319044616.nc,2025-11-15T04:46:16.000Z,2.0.14,812279,30f8925a909b07ca3a609c3d0ebc25339b5aef452484c45268ab32fe62cdbc0f,CLDMSK_L2_VIIRS_NOAA21.A2025016.2324.001.2025017073154.nc,2025-01-17T07:31:54.880Z,51014967,37bec3dbcd600ba2f3e33e07008ddfae
A2025017.2118,2025-01-17T21:18Z,NOAA-21 VIIRS,VJ214IMG.A2025017.2118.002.2025319051419.nc,2025-11-15T05:14:19.000Z,2.0.14,840334,fae42e86048b81bebaa701d521b36d87e5144dfa9a0081b7092c7da281b93a6e,CLDMSK_L2_VIIRS_NOAA21.A2025017.2118.001.2025018073236.nc,2025-01-18T07:32:36.540Z,61151028,e6e79d338641a6d25bfd868e517fa283
A2025017.2124,2025-01-17T21:24Z,NOAA-21 VIIRS,VJ214IMG.A2025017.2124.002.2025319051416.nc,2025-11-15T05:14:16.000Z,2.0.14,649254,b9d25b231d27392674affa6c7549c3858285ef2f0ef9f2ea7659e0f4635b1e95,CLDMSK_L2_VIIRS_NOAA21.A2025017.2124.001.2025018073250.nc,2025-01-18T07:32:50.760Z,52726764,086ed545369c2184242de72274c358fd
A2025017.2300,2025-01-17T23:00Z,NOAA-21 VIIRS,VJ214IMG.A2025017.2300.002.2025319051417.nc,2025-11-15T05:14:17.000Z,2.0.14,1216800,b35cdefb8896049e20fcd54781104b616ee87069dffa9e27cd8a752fa63e6652,CLDMSK_L2_VIIRS_NOAA21.A2025017.2300.001.2025018073232.nc,2025-01-18T07:32:32.040Z,61220740,a9890d132c580ddf8e5ac1afd450e7f0
A2025017.2306,2025-01-17T23:06Z,NOAA-21 VIIRS,VJ214IMG.A2025017.2306.002.2025319051418.nc,2025-11-15T05:14:18.000Z,2.0.14,565418,6a5626ad4253cb2e035aa1e476673a4a15557544bf80badcb4d375b03487732f,CLDMSK_L2_VIIRS_NOAA21.A2025017.2306.001.2025018073237.nc,2025-01-18T07:32:37.500Z,47852223,92dbeeb9aeeaf6f2c66f34d86f2fae46
A2025018.2100,2025-01-18T21:00Z,NOAA-21 VIIRS,VJ214IMG.A2025018.2100.002.2025319055220.nc,2025-11-15T05:52:20.000Z,2.0.14,757189,6b301bcb44e7f5e5d33a7904695ad7c520bec3d19cd740256ba410ba1ef03bd9,CLDMSK_L2_VIIRS_NOAA21.A2025018.2100.001.2025019073340.nc,2025-01-19T07:33:40.810Z,61336525,a6822c3397901e216b6e3f87c4ec681b
A2025018.2106,2025-01-18T21:06Z,NOAA-21 VIIRS,VJ214IMG.A2025018.2106.002.2025319055221.nc,2025-11-15T05:52:21.000Z,2.0.14,780058,7197a78db8b429f6650d12ba0844761537600d1b86d36e9b111d2bf5497a9205,CLDMSK_L2_VIIRS_NOAA21.A2025018.2106.001.2025019073339.nc,2025-01-19T07:33:39.500Z,52258292,51e8c8e794e0aca037a53e0c7aa9aa30
A2025018.2242,2025-01-18T22:42Z,NOAA-21 VIIRS,VJ214IMG.A2025018.2242.002.2025319055223.nc,2025-11-15T05:52:23.000Z,2.0.14,1176113,e8a7cedcb9db45e0eb31d25f35ca80178cc53357d23213b1a3711652ffeb19fc,CLDMSK_L2_VIIRS_NOAA21.A2025018.2242.001.2025019073349.nc,2025-01-19T07:33:49.980Z,57699869,8825f4755760e274cb51940a4090ca38
A2025018.2248,2025-01-18T22:48Z,NOAA-21 VIIRS,VJ214IMG.A2025018.2248.002.2025319055221.nc,2025-11-15T05:52:21.000Z,2.0.14,568031,273d754d8ee22159941cf944aed82ae55db9b41bdc838096fda71fdbbf0cc1db,CLDMSK_L2_VIIRS_NOAA21.A2025018.2248.001.2025019073348.nc,2025-01-19T07:33:48.680Z,49513878,70aae218254d7cfef2b42df1263ba01e
A2025019.2042,2025-01-19T20:42Z,NOAA-21 VIIRS,VJ214IMG.A2025019.2042.002.2025319064152.nc,2025-11-15T06:41:52.000Z,2.0.14,943381,c9e159c0c1a671eaaf8000d92bdb569874d86346c6b6cec8a8f60d1bace79e29,CLDMSK_L2_VIIRS_NOAA21.A2025019.2042.001.2025020072440.nc,2025-01-20T07:24:40.640Z,58951509,69229e2fda96d0e64e90055527851a2f
A2025019.2048,2025-01-19T20:48Z,NOAA-21 VIIRS,VJ214IMG.A2025019.2048.002.2025319064153.nc,2025-11-15T06:41:53.000Z,2.0.14,1210782,81e3480b85f17b8ee0f088a64d42936f08827f2cf3ce73e3753b3e1d33296db5,CLDMSK_L2_VIIRS_NOAA21.A2025019.2048.001.2025020072440.nc,2025-01-20T07:24:40.450Z,53504956,0d65f3af82b23bfe724192c884627af8
A2025019.2224,2025-01-19T22:24Z,NOAA-21 VIIRS,VJ214IMG.A2025019.2224.002.2025319064156.nc,2025-11-15T06:41:56.000Z,2.0.14,1084798,c15558d59dac545e3cb644813e3b9f6970632a3c9789f0e6988a7413aa39fe8f,CLDMSK_L2_VIIRS_NOAA21.A2025019.2224.001.2025020072446.nc,2025-01-20T07:24:46.330Z,55490317,df63daee22f75215ab2f9460c7d55db6
A2025019.2230,2025-01-19T22:30Z,NOAA-21 VIIRS,VJ214IMG.A2025019.2230.002.2025319064153.nc,2025-11-15T06:41:53.000Z,2.0.14,801501,50bf45e85f3f6549fa965ffb5336bebc6c5803478ac64227d05de9e9d0e9b49b,CLDMSK_L2_VIIRS_NOAA21.A2025019.2230.001.2025020072448.nc,2025-01-20T07:24:48.980Z,53494617,ffe3612958a8054898acec6fd7018cd1
A2025020.0000,2025-01-20T00:00Z,NOAA-21 VIIRS,VJ214IMG.A2025020.0000.002.2025319070348.nc,2025-11-15T07:03:48.000Z,2.0.14,1157038,1972db43930f3194f37aeda34fc5618c62cacd264a600d06d6956f82a2d314aa,CLDMSK_L2_VIIRS_NOAA21.A2025020.0000.001.2025020130437.nc,2025-01-20T13:04:37.100Z,69933210,41fd46f5af582fc1f8f09de2bd14cbe5
A2025020.0006,2025-01-20T00:06Z,NOAA-21 VIIRS,VJ214IMG.A2025020.0006.002.2025319070348.nc,2025-11-15T07:03:48.000Z,2.0.14,999757,e0ca7c3440051bc54fdc83d494616ae553312308aad17ce5c4eaf77c1fe72aab,CLDMSK_L2_VIIRS_NOAA21.A2025020.0006.001.2025020130439.nc,2025-01-20T13:04:39.350Z,53971191,fe832b9ad36052a197e31acfba5c2afc
A2025020.2206,2025-01-20T22:06Z,NOAA-21 VIIRS,VJ214IMG.A2025020.2206.002.2025319070351.nc,2025-11-15T07:03:51.000Z,2.0.14,942816,a42fdc6f980db16ce1ffcd4b6149a999ecf2f108711ab9d104ff3b673bc7535d,CLDMSK_L2_VIIRS_NOAA21.A2025020.2206.001.2025021072535.nc,2025-01-21T07:25:35.670Z,52850517,a0d6d218e47f7ad77e66fef715904411
A2025020.2212,2025-01-20T22:12Z,NOAA-21 VIIRS,VJ214IMG.A2025020.2212.002.2025319070350.nc,2025-11-15T07:03:50.000Z,2.0.14,791413,ad177ba1eb636ee78b7abcadefa13b668bb6079563e1d8b3fe679e126fccc74a,CLDMSK_L2_VIIRS_NOAA21.A2025020.2212.001.2025021072536.nc,2025-01-21T07:25:36.790Z,56815172,027d6b8eb74078f044e24123e9823838
A2025020.2342,2025-01-20T23:42Z,NOAA-21 VIIRS,VJ214IMG.A2025020.2342.002.2025319070349.nc,2025-11-15T07:03:49.000Z,2.0.14,1178707,a6f67344b4b64077d990b3bf1c98f961780cde29606d64cbcc5d2c85f1b78e14,CLDMSK_L2_VIIRS_NOAA21.A2025020.2342.001.2025021072522.nc,2025-01-21T07:25:22.640Z,63954857,a4e7fc543275d05c9a5a99048cfd706b
A2025020.2348,2025-01-20T23:48Z,NOAA-21 VIIRS,VJ214IMG.A2025020.2348.002.2025319070351.nc,2025-11-15T07:03:51.000Z,2.0.14,1014719,4700e68c70854ca3a53a2683816c284cd6ba628328e20143e23ca82b8e6e1c44,CLDMSK_L2_VIIRS_NOAA21.A2025020.2348.001.2025021072521.nc,2025-01-21T07:25:21.190Z,53202657,8fbb569cd256980f5809e6113330321c
A2025021.2142,2025-01-21T21:42Z,NOAA-21 VIIRS,VJ214IMG.A2025021.2142.002.2025319072249.nc,2025-11-15T07:22:49.000Z,2.0.14,1021635,b4f00550910ba9028bc9e6168bfdb9d0757a71f3c77069c79d9c064558dfb06e,CLDMSK_L2_VIIRS_NOAA21.A2025021.2142.001.2025022225852.nc,2025-01-22T22:58:52.050Z,65018845,6be06254c40f2b9adcc94d7105cfb223
A2025021.2148,2025-01-21T21:48Z,NOAA-21 VIIRS,VJ214IMG.A2025021.2148.002.2025319072249.nc,2025-11-15T07:22:49.000Z,2.0.14,714407,d254eeb1ef091b252a93529a5c883b1e201d16a532a9c72f47289d04fe2b80ed,CLDMSK_L2_VIIRS_NOAA21.A2025021.2148.001.2025022225755.nc,2025-01-22T22:57:55.850Z,51300982,ad69ddd0743e344f7e1f1a5e3f09d990
A2025021.2324,2025-01-21T23:24Z,NOAA-21 VIIRS,VJ214IMG.A2025021.2324.002.2025319072250.nc,2025-11-15T07:22:50.000Z,2.0.14,1255151,98689cb2c02b3c5ed9ac07455c747a4102b04126dac07fc8229898c3795ca78f,CLDMSK_L2_VIIRS_NOAA21.A2025021.2324.001.2025022225747.nc,2025-01-22T22:57:47.260Z,60857173,5674f771832f21da674842a835c930bb
A2025021.2330,2025-01-21T23:30Z,NOAA-21 VIIRS,VJ214IMG.A2025021.2330.002.2025319072251.nc,2025-11-15T07:22:51.000Z,2.0.14,803041,f47c60e5b31039dcf8ed3e69b98b5a194c8df757bfa701e6b7e6c72ddeefe9c4,CLDMSK_L2_VIIRS_NOAA21.A2025021.2330.001.2025022225750.nc,2025-01-22T22:57:50.390Z,48416053,0de1f948ae886dcc8dced2c07432e7f6
A2025022.2124,2025-01-22T21:24Z,NOAA-21 VIIRS,VJ214IMG.A2025022.2124.002.2025319074120.nc,2025-11-15T07:41:20.000Z,2.0.14,851629,1e0b1bccf34ced51e93761ad070052dbc5349d636a13ce0bb93f6a2d0714797d,CLDMSK_L2_VIIRS_NOAA21.A2025022.2124.001.2025023072714.nc,2025-01-23T07:27:14.790Z,61807279,11ec92df0fa9aaffa6aed92bdb180f74
A2025022.2130,2025-01-22T21:30Z,NOAA-21 VIIRS,VJ214IMG.A2025022.2130.002.2025319074120.nc,2025-11-15T07:41:20.000Z,2.0.14,546707,fe4c77b5f260e3cba141fde3b51c25d4dca5f2c158394dbe87c62bd3469dcf3c,CLDMSK_L2_VIIRS_NOAA21.A2025022.2130.001.2025023072724.nc,2025-01-23T07:27:24.800Z,51424891,20f336c0c1d2c346d5410a24a236079d
A2025022.2306,2025-01-22T23:06Z,NOAA-21 VIIRS,VJ214IMG.A2025022.2306.002.2025319074121.nc,2025-11-15T07:41:21.000Z,2.0.14,1065729,b7c9320cbc8ccd0681210e4eb15fe59051cd17d0248cd9dc6ffb9b150b1cf627,CLDMSK_L2_VIIRS_NOAA21.A2025022.2306.001.2025023072737.nc,2025-01-23T07:27:37.210Z,59447373,76a488581eebc35c99f678e77e653311
A2025022.2312,2025-01-22T23:12Z,NOAA-21 VIIRS,VJ214IMG.A2025022.2312.002.2025319074117.nc,2025-11-15T07:41:17.000Z,2.0.14,641153,9fe934fee6680ea8671eff618a28cad68bb176383721983d542954076ad6cf96,CLDMSK_L2_VIIRS_NOAA21.A2025022.2312.001.2025023072709.nc,2025-01-23T07:27:09.070Z,47929518,4decd240979d2bd6b3725bb32cbbc19c
A2025023.2106,2025-01-23T21:06Z,NOAA-21 VIIRS,VJ214IMG.A2025023.2106.002.2025319080716.nc,2025-11-15T08:07:16.000Z,2.0.14,791881,e4948366e411a5110e6d9cd12f3bac1cb96b9b9d9eccbbd4ce3f098b0fce3dc7,CLDMSK_L2_VIIRS_NOAA21.A2025023.2106.001.2025024072753.nc,2025-01-24T07:27:53.920Z,58810511,51a67c0758706e44f8cd0ae6f5a66b96
A2025023.2112,2025-01-23T21:12Z,NOAA-21 VIIRS,VJ214IMG.A2025023.2112.002.2025319080716.nc,2025-11-15T08:07:16.000Z,2.0.14,792193,1dd45c0147a3798057b1e8775e8c2d2099e268035cc8cc19a091772f43c457ec,CLDMSK_L2_VIIRS_NOAA21.A2025023.2112.001.2025024072755.nc,2025-01-24T07:27:55.370Z,51424000,9fe317e9984ce78a2fe4a1da7d5a87b5
A2025023.2248,2025-01-23T22:48Z,NOAA-21 VIIRS,VJ214IMG.A2025023.2248.002.2025319080717.nc,2025-11-15T08:07:17.000Z,2.0.14,1440021,f6005ad892cc8cbe53d96b3376409ca7808354a3303760f5af012bb3271c535d,CLDMSK_L2_VIIRS_NOAA21.A2025023.2248.001.2025024072749.nc,2025-01-24T07:27:49.470Z,58254370,c81d5a31d9a7d70b35a4a3496ffe8a90
A2025023.2254,2025-01-23T22:54Z,NOAA-21 VIIRS,VJ214IMG.A2025023.2254.002.2025319080718.nc,2025-11-15T08:07:18.000Z,2.0.14,625027,a9903efa72ee7fec862a2ab3f81794a575c83f10a888b84a858ed8d62fd5e8a3,CLDMSK_L2_VIIRS_NOAA21.A2025023.2254.001.2025024072750.nc,2025-01-24T07:27:50.210Z,49977778,c4709e29979787b4fea0caae23e29665
A2025024.2048,2025-01-24T20:48Z,NOAA-21 VIIRS,VJ214IMG.A2025024.2048.002.2025319084321.nc,2025-11-15T08:43:21.000Z,2.0.14,758131,31cc06f63ffff022d5b84b09ced7ab0703a79390d67d3150f1e5b732bceb316d,CLDMSK_L2_VIIRS_NOAA21.A2025024.2048.001.2025025073845.nc,2025-01-25T07:38:45.830Z,57645102,40c98cad159f89221812186e3611dd23
A2025024.2054,2025-01-24T20:54Z,NOAA-21 VIIRS,VJ214IMG.A2025024.2054.002.2025319084322.nc,2025-11-15T08:43:22.000Z,2.0.14,1348287,0c2424edcf4d9b7d007ecb8d198abcf9c3e163fb904c7c6a4818ce77f9abfcd1,CLDMSK_L2_VIIRS_NOAA21.A2025024.2054.001.2025025073845.nc,2025-01-25T07:38:45.980Z,52737363,a007b55a801b57257fe82106b21e923f
A2025024.2230,2025-01-24T22:30Z,NOAA-21 VIIRS,VJ214IMG.A2025024.2230.002.2025319084350.nc,2025-11-15T08:43:50.000Z,2.0.14,1297954,14dadee2f89df88ced32401f2a5aa03e82d09ee1de1945f25309254629c6477d,CLDMSK_L2_VIIRS_NOAA21.A2025024.2230.001.2025025073853.nc,2025-01-25T07:38:53.960Z,56920802,4632a124950858164fc706ca4717803e
A2025024.2236,2025-01-24T22:36Z,NOAA-21 VIIRS,VJ214IMG.A2025024.2236.002.2025319084346.nc,2025-11-15T08:43:46.000Z,2.0.14,642632,6dbf6ecfbbdad0842fe78f87b27585dc03f0a297f5866d57fdc6bc001a54b759,CLDMSK_L2_VIIRS_NOAA21.A2025024.2236.001.2025025073855.nc,2025-01-25T07:38:55.950Z,53146617,b5aa54f2f86b37b26e1d45e6e9372d1d
A2025025.2212,2025-01-25T22:12Z,NOAA-21 VIIRS,VJ214IMG.A2025025.2212.002.2025319090619.nc,2025-11-15T09:06:19.000Z,2.0.14,1145136,c15de221e9ecffc3d2b262c163472697a5cb04d04f9518dc6e92519a96194d1c,CLDMSK_L2_VIIRS_NOAA21.A2025025.2212.001.2025026073936.nc,2025-01-26T07:39:36.830Z,55709137,3837df6ba4436ccf865936571b58beb5
A2025025.2218,2025-01-25T22:18Z,NOAA-21 VIIRS,VJ214IMG.A2025025.2218.002.2025319090621.nc,2025-11-15T09:06:21.000Z,2.0.14,700252,f196a7821084a3d15f106029479228da27aac7c10d45cf13f403e855def2a73e,CLDMSK_L2_VIIRS_NOAA21.A2025025.2218.001.2025026073938.nc,2025-01-26T07:39:38.370Z,57889168,2d585672542c4341e39d00dc8f9d9f59
A2025025.2348,2025-01-25T23:48Z,NOAA-21 VIIRS,VJ214IMG.A2025025.2348.002.2025319090623.nc,2025-11-15T09:06:23.000Z,2.0.14,1118715,b8d12fcda55c0eb910921572e548a96f54fb19dff6d152a4b4f23209fa568001,CLDMSK_L2_VIIRS_NOAA21.A2025025.2348.001.2025026073943.nc,2025-01-26T07:39:43.450Z,60592808,b6ff2c5a11b9cfa409e12ee412ecd6f9
A2025025.2354,2025-01-25T23:54Z,NOAA-21 VIIRS,VJ214IMG.A2025025.2354.002.2025319090616.nc,2025-11-15T09:06:16.000Z,2.0.14,797040,902dc8b5e1119c4b52a33fd0dbea3e313c7fdddbbfe5a9733e51ae105fff3b09,CLDMSK_L2_VIIRS_NOAA21.A2025025.2354.001.2025026073938.nc,2025-01-26T07:39:38.660Z,49516625,537a6c8b9d044522df0b8312bc3b9cb7
A2025026.2148,2025-01-26T21:48Z,NOAA-21 VIIRS,VJ214IMG.A2025026.2148.002.2025319092918.nc,2025-11-15T09:29:18.000Z,2.0.14,949690,ad9a628aa4f0c54ed22879c81f35f39ce8e486c921e8883070804af35dce3748,CLDMSK_L2_VIIRS_NOAA21.A2025026.2148.001.2025027073024.nc,2025-01-27T07:30:24.400Z,61569232,ee926d09c38804c13fe00ea409b49812
A2025026.2154,2025-01-26T21:54Z,NOAA-21 VIIRS,VJ214IMG.A2025026.2154.002.2025319092918.nc,2025-11-15T09:29:18.000Z,2.0.14,843174,0d9655803a2dc42eb7f44f31ba39c4e5dc64ff1f9727bc9dabd705822f182c21,CLDMSK_L2_VIIRS_NOAA21.A2025026.2154.001.2025027073025.nc,2025-01-27T07:30:25.340Z,53160569,7c71865165743151025db07c4152aa0a
A2025026.2330,2025-01-26T23:30Z,NOAA-21 VIIRS,VJ214IMG.A2025026.2330.002.2025319092919.nc,2025-11-15T09:29:19.000Z,2.0.14,1174826,d6fd062b93d187e327d7b732de33f07a6fc888c296a93cb4e90a89ce7b675f6d,CLDMSK_L2_VIIRS_NOAA21.A2025026.2330.001.2025027073010.nc,2025-01-27T07:30:10.550Z,61347520,9474e4d0035e13772a700abebbea12c9
A2025026.2336,2025-01-26T23:36Z,NOAA-21 VIIRS,VJ214IMG.A2025026.2336.002.2025319092920.nc,2025-11-15T09:29:20.000Z,2.0.14,489626,66fe0ca8c47e4d94fda04a668e34d18ab2f71b1a55fb88bef6ed4b73d3bfa0e6,CLDMSK_L2_VIIRS_NOAA21.A2025026.2336.001.2025027073010.nc,2025-01-27T07:30:10.790Z,47489548,675ecc1dbe3d9fa00956edbd3a647e67
A2025027.2130,2025-01-27T21:30Z,NOAA-21 VIIRS,VJ214IMG.A2025027.2130.002.2025319095323.nc,2025-11-15T09:53:23.000Z,2.0.14,881970,8d74fafeb195098889115af9ffbfa612d71fc8c954ed6d37208ea11fa6a38e4e,CLDMSK_L2_VIIRS_NOAA21.A2025027.2130.001.2025028073152.nc,2025-01-28T07:31:52.270Z,59304109,acb766038b495ac186490f95d48d153c
A2025027.2136,2025-01-27T21:36Z,NOAA-21 VIIRS,VJ214IMG.A2025027.2136.002.2025319095322.nc,2025-11-15T09:53:22.000Z,2.0.14,908754,1b00645870a5cdf26919217ad7f26f1dd2400d5896affa9012f165268899a775,CLDMSK_L2_VIIRS_NOAA21.A2025027.2136.001.2025028073144.nc,2025-01-28T07:31:44.810Z,52929571,6b2240c664e7d82e89d0a9109419afba
A2025027.2312,2025-01-27T23:12Z,NOAA-21 VIIRS,VJ214IMG.A2025027.2312.002.2025319095322.nc,2025-11-15T09:53:22.000Z,2.0.14,1261791,29bdd5776aec193fbdecf58228c07332c6ded7e62079ad4083d0e78b74f625bd,CLDMSK_L2_VIIRS_NOAA21.A2025027.2312.001.2025028073106.nc,2025-01-28T07:31:06.890Z,61739561,387ef3f5ffa17d8106abc285765f94df
A2025027.2318,2025-01-27T23:18Z,NOAA-21 VIIRS,VJ214IMG.A2025027.2318.002.2025319095318.nc,2025-11-15T09:53:18.000Z,2.0.14,547861,81863920f96bc5624ccbc84351150ca2f0ab99e325524dd3ddd32cf8bc8ce711,CLDMSK_L2_VIIRS_NOAA21.A2025027.2318.001.2025028073105.nc,2025-01-28T07:31:05.040Z,46868863,320f7dafe9419652d600961f2164a49a
A2025028.2112,2025-01-28T21:12Z,NOAA-21 VIIRS,VJ214IMG.A2025028.2112.002.2025319101520.nc,2025-11-15T10:15:20.000Z,2.0.14,951843,3619ff26f6aaddb2206fb9581adef35077533c03b7e8fafc65e8b4ce73b7852a,CLDMSK_L2_VIIRS_NOAA21.A2025028.2112.001.2025029073140.nc,2025-01-29T07:31:40.130Z,60528384,b7c056e98ae89da55960852c29d6177b
A2025028.2118,2025-01-28T21:18Z,NOAA-21 VIIRS,VJ214IMG.A2025028.2118.002.2025319101513.nc,2025-11-15T10:15:13.000Z,2.0.14,774313,541025ccffcfae0d37ab3a9a16693df5db079609869dd5de0dccaf320833ecfb,CLDMSK_L2_VIIRS_NOAA21.A2025028.2118.001.2025029073140.nc,2025-01-29T07:31:40.500Z,52008088,228ca4c9665d8aca329700b827c6def7
A2025028.2254,2025-01-28T22:54Z,NOAA-21 VIIRS,VJ214IMG.A2025028.2254.002.2025319101515.nc,2025-11-15T10:15:15.000Z,2.0.14,1211283,6aa1ebcd40d0a59a9ee05b8860a768e3ea83acfde8f7751bde4c8978a9e87f64,CLDMSK_L2_VIIRS_NOAA21.A2025028.2254.001.2025029073147.nc,2025-01-29T07:31:47.780Z,58952515,5a211efa1d820658c98f6183be0abd64
A2025028.2300,2025-01-28T23:00Z,NOAA-21 VIIRS,VJ214IMG.A2025028.2300.002.2025319101517.nc,2025-11-15T10:15:17.000Z,2.0.14,687940,3a9a9af1c266eef2dcf4cf7e55c7cb19da15a32cbb9a3f35d2d7000ee6f13a74,CLDMSK_L2_VIIRS_NOAA21.A2025028.2300.001.2025029073147.nc,2025-01-29T07:31:47.750Z,50595985,d2a432a7b934e059e49bf8e7083fe10b
A2025029.2054,2025-01-29T20:54Z,NOAA-21 VIIRS,VJ214IMG.A2025029.2054.002.2025319104946.nc,2025-11-15T10:49:46.000Z,2.0.14,833410,049dbf0b3002d358f3043e69669a1c61d91ee83bc57ef4f5edf5f4a2077cdae8,CLDMSK_L2_VIIRS_NOAA21.A2025029.2054.001.2025030073220.nc,2025-01-30T07:32:20.760Z,56597973,4499ab75e7103fd5e284d65e63194cf5
A2025029.2100,2025-01-29T21:00Z,NOAA-21 VIIRS,VJ214IMG.A2025029.2100.002.2025319104947.nc,2025-11-15T10:49:47.000Z,2.0.14,690305,34230d69347792bfc53e44fe5092c742b87e2d2b2d890587fb917517c9ce23f0,CLDMSK_L2_VIIRS_NOAA21.A2025029.2100.001.2025030073221.nc,2025-01-30T07:32:21.260Z,50929819,41e0d685ba743694ee17908fc1fd9b53
A2025029.2236,2025-01-29T22:36Z,NOAA-21 VIIRS,VJ214IMG.A2025029.2236.002.2025319104946.nc,2025-11-15T10:49:46.000Z,2.0.14,1198584,17d0aab275e5b5cb623321ae95425a382f353d35dcdae8fd5da4861338571948,CLDMSK_L2_VIIRS_NOAA21.A2025029.2236.001.2025030073229.nc,2025-01-30T07:32:29.590Z,55910731,2499d931453a2d27d0c5d4add70168da
A2025029.2242,2025-01-29T22:42Z,NOAA-21 VIIRS,VJ214IMG.A2025029.2242.002.2025319104947.nc,2025-11-15T10:49:47.000Z,2.0.14,653645,c2bd56ad3e85cd645e0407733177686fdac135497d8205fdf0187bb11d01cb32,CLDMSK_L2_VIIRS_NOAA21.A2025029.2242.001.2025030073230.nc,2025-01-30T07:32:30.510Z,53106307,57881190355d159a429e8d5c47c3cf9b
A2025030.2042,2025-01-30T20:42Z,NOAA-21 VIIRS,VJ214IMG.A2025030.2042.002.2025319111158.nc,2025-11-15T11:11:58.000Z,2.0.14,755007,0189de817d565c6fe82c26dba94e16b820c30b883a7ad0169410db02b81a2e3a,CLDMSK_L2_VIIRS_NOAA21.A2025030.2042.001.2025031073256.nc,2025-01-31T07:32:56.370Z,55076911,c4ff46cf9e018fb0bd938e8ee91e25c0
A2025030.2218,2025-01-30T22:18Z,NOAA-21 VIIRS,VJ214IMG.A2025030.2218.002.2025319111157.nc,2025-11-15T11:11:57.000Z,2.0.14,945621,cf0ae477c5f81e70225c98607c4c1ada4384884fa160dcce8148a8232b007ce0,CLDMSK_L2_VIIRS_NOAA21.A2025030.2218.001.2025031073309.nc,2025-01-31T07:33:09.180Z,52915946,9d0aff6f53692061882e3a42d836a5fe
A2025030.2224,2025-01-30T22:24Z,NOAA-21 VIIRS,VJ214IMG.A2025030.2224.002.2025319111157.nc,2025-11-15T11:11:57.000Z,2.0.14,574162,ebec88255500af67d1479725663cd3442d6fbf05d7af97dd6b61822ca31d7d38,CLDMSK_L2_VIIRS_NOAA21.A2025030.2224.001.2025031073334.nc,2025-01-31T07:33:34.220Z,56112806,e511a281775e5645c1e24dca58a51bb2
A2025030.2354,2025-01-30T23:54Z,NOAA-21 VIIRS,VJ214IMG.A2025030.2354.002.2025319111156.nc,2025-11-15T11:11:56.000Z,2.0.14,1304464,87e496f50a9b68d7a7d28335ee66e42418bfced13e24356c66833cf6074b5067,CLDMSK_L2_VIIRS_NOAA21.A2025030.2354.001.2025031073354.nc,2025-01-31T07:33:54.630Z,63197336,8c71e046658b29f1512db2577abd9386
A2025031.0000,2025-01-31T00:00Z,NOAA-21 VIIRS,VJ214IMG.A2025031.0000.002.2025319113331.nc,2025-11-15T11:33:31.000Z,2.0.14,540194,e5ad5c84b67789f54747e73bb61d1dfb8beaa069ace5705254c0f96e46d711eb,CLDMSK_L2_VIIRS_NOAA21.A2025031.0000.001.2025031131310.nc,2025-01-31T13:13:10.040Z,48170281,415b0a15aa9be22f142554d5450eeeb4
A2025031.2154,2025-01-31T21:54Z,NOAA-21 VIIRS,VJ214IMG.A2025031.2154.002.2025319113333.nc,2025-11-15T11:33:33.000Z,2.0.14,1190289,875ffb45742a950beede81824056df0101723be9502a08099f058e12334d05e9,CLDMSK_L2_VIIRS_NOAA21.A2025031.2154.001.2025032073343.nc,2025-02-01T07:33:43.360Z,61257494,e6524863e00d2105221c8483bcc3900d
A2025031.2200,2025-01-31T22:00Z,NOAA-21 VIIRS,VJ214IMG.A2025031.2200.002.2025319113331.nc,2025-11-15T11:33:31.000Z,2.0.14,763468,4805eb126033904edfc25670d3d26b61075de34077b4fea8382477ece492bb6b,CLDMSK_L2_VIIRS_NOAA21.A2025031.2200.001.2025032073347.nc,2025-02-01T07:33:47.820Z,52240174,7f3b92be921815c43e35b134c2aeed41
A2025031.2336,2025-01-31T23:36Z,NOAA-21 VIIRS,VJ214IMG.A2025031.2336.002.2025319113333.nc,2025-11-15T11:33:33.000Z,2.0.14,1427037,6d70aa9c61a8c58f7d72e8fd9c359fcf1d22d3770605571ac3acb8d5eb91af4d,CLDMSK_L2_VIIRS_NOAA21.A2025031.2336.001.2025032073344.nc,2025-02-01T07:33:44.070Z,61994137,3566cad4d232832f464f15261e2645b6
A2025031.2342,2025-01-31T23:42Z,NOAA-21 VIIRS,VJ214IMG.A2025031.2342.002.2025319113331.nc,2025-11-15T11:33:31.000Z,2.0.14,630833,0cf3a8e2031a0d2e0cb3e951247a208e96321e3277896d1ff30af52a0d518bb1,CLDMSK_L2_VIIRS_NOAA21.A2025031.2342.001.2025032073348.nc,2025-02-01T07:33:48.840Z,50253628,a223bc8d7850bb35d27666ef0ba07156
A2025032.2136,2025-02-01T21:36Z,NOAA-21 VIIRS,VJ214IMG.A2025032.2136.002.2025319115507.nc,2025-11-15T11:55:07.000Z,2.0.14,1037687,d586f1aaf790ed21b34296306edaf338df4a666c9c2157bf8330cfe2706cd1b0,CLDMSK_L2_VIIRS_NOAA21.A2025032.2136.001.2025033073435.nc,2025-02-02T07:34:35.240Z,59468789,0746b80860c14ca2b186cc9c610c5c55
A2025032.2142,2025-02-01T21:42Z,NOAA-21 VIIRS,VJ214IMG.A2025032.2142.002.2025319115503.nc,2025-11-15T11:55:03.000Z,2.0.14,617644,861b0fb7729324f13718d048c97df47debb8db8f6d959fe6322dff815cdc474f,CLDMSK_L2_VIIRS_NOAA21.A2025032.2142.001.2025033073444.nc,2025-02-02T07:34:44.580Z,50771625,e33aa6a862be6a74b8e50a03242eef36
A2025032.2318,2025-02-01T23:18Z,NOAA-21 VIIRS,VJ214IMG.A2025032.2318.002.2025319115504.nc,2025-11-15T11:55:04.000Z,2.0.14,1245374,38cd6c125ea21e79f91c16a2df25e38d4e54fcf11699ab545425ad3457c97bff,CLDMSK_L2_VIIRS_NOAA21.A2025032.2318.001.2025033073428.nc,2025-02-02T07:34:28.120Z,59232702,f6b3b2ebd6a48cf5b5b40dc07a42d957
A2025032.2324,2025-02-01T23:24Z,NOAA-21 VIIRS,VJ214IMG.A2025032.2324.002.2025319115503.nc,2025-11-15T11:55:03.000Z,2.0.14,728839,7d270d6ce3450394fff79681c495b68d5a73626da8a7b6fa14a34978dfc3f775,CLDMSK_L2_VIIRS_NOAA21.A2025032.2324.001.2025033073428.nc,2025-02-02T07:34:28.310Z,50611693,0c58467f4a7d2959a6f741832f35976b
A2025033.2118,2025-02-02T21:18Z,NOAA-21 VIIRS,VJ214IMG.A2025033.2118.002.2025319121505.nc,2025-11-15T12:15:05.000Z,2.0.14,1152811,f64f87a6d71da6ee52f564ad7d8d8198dda2c774b638687aeb8991a7e7cf1df2,CLDMSK_L2_VIIRS_NOAA21.A2025033.2118.001.2025034073514.nc,2025-02-03T07:35:14.460Z,58329923,098a872722aa1c5ea8afbd4ff55cf1f3
A2025033.2124,2025-02-02T21:24Z,NOAA-21 VIIRS,VJ214IMG.A2025033.2124.002.2025319121501.nc,2025-11-15T12:15:01.000Z,2.0.14,549098,e86db60499e39ff43a69a62ac1847a4b56f321a1d23ebb8c7ff70c3d2ac3956b,CLDMSK_L2_VIIRS_NOAA21.A2025033.2124.001.2025034073512.nc,2025-02-03T07:35:12.380Z,53684531,02536839debd0dd86f2ace9cae613ea0
A2025033.2300,2025-02-02T23:00Z,NOAA-21 VIIRS,VJ214IMG.A2025033.2300.002.2025319121506.nc,2025-11-15T12:15:06.000Z,2.0.14,1402635,09581b98d44524754a2104943978ca410aa2ca6e5084c3a412cc24b3298f1fc1,CLDMSK_L2_VIIRS_NOAA21.A2025033.2300.001.2025034073506.nc,2025-02-03T07:35:06.820Z,57719723,2f1425ef4e9410a658c63eb4ba82e0f3
A2025033.2306,2025-02-02T23:06Z,NOAA-21 VIIRS,VJ214IMG.A2025033.2306.002.2025319121503.nc,2025-11-15T12:15:03.000Z,2.0.14,756493,cd78af358ff0d7bb57d1ca00d84b3b9eb4562a90c87f4fe4fa3b5d8ea6511ce8,CLDMSK_L2_VIIRS_NOAA21.A2025033.2306.001.2025034073507.nc,2025-02-03T07:35:07.760Z,50710616,8d9639394c3a6ca228e681c27652da0f
A2025034.2100,2025-02-03T21:00Z,NOAA-21 VIIRS,VJ214IMG.A2025034.2100.002.2025319123538.nc,2025-11-15T12:35:38.000Z,2.0.14,1031308,6551b4799a0358e951fedd25736dc3fa335844df2d124b166eb53ceab81620ac,CLDMSK_L2_VIIRS_NOAA21.A2025034.2100.001.2025035072552.nc,2025-02-04T07:25:52.330Z,59316447,8f7f9b35651c6ab253e2a20983a8631a
A2025034.2106,2025-02-03T21:06Z,NOAA-21 VIIRS,VJ214IMG.A2025034.2106.002.2025319123537.nc,2025-11-15T12:35:37.000Z,2.0.14,487488,4a763ff35fd1a24d9725f29482336c5b3bb265f6a965f04098d960d0efea320c,CLDMSK_L2_VIIRS_NOAA21.A2025034.2106.001.2025035072552.nc,2025-02-04T07:25:52.060Z,55069378,1eb2771ed6d9ae11e00038c3856805bd
A2025034.2242,2025-02-03T22:42Z,NOAA-21 VIIRS,VJ214IMG.A2025034.2242.002.2025319123536.nc,2025-11-15T12:35:36.000Z,2.0.14,1417597,876820f73cfddfbf5cc9a7b7f8af384c1fae01bafb73a6cd0b28512869c55a7c,CLDMSK_L2_VIIRS_NOAA21.A2025034.2242.001.2025035072600.nc,2025-02-04T07:26:00.250Z,57625364,605a6e23ad21293227dce4962c0dea1e
A2025034.2248,2025-02-03T22:48Z,NOAA-21 VIIRS,VJ214IMG.A2025034.2248.002.2025319123538.nc,2025-11-15T12:35:38.000Z,2.0.14,666978,080c7ccc62301250d4539f232f331a3c7c6bd3120cf1ef9c756d891ab0d91bcb,CLDMSK_L2_VIIRS_NOAA21.A2025034.2248.001.2025035072602.nc,2025-02-04T07:26:02.020Z,51132865,3f5492e3af69996579567c5c24c516b9
A2025035.2042,2025-02-04T20:42Z,NOAA-21 VIIRS,VJ214IMG.A2025035.2042.002.2025319125506.nc,2025-11-15T12:55:06.000Z,2.0.14,798725,6d414dbbaa91d7407b98939f113fd70c116558f5063b22cb2a38eff7b29e3115,CLDMSK_L2_VIIRS_NOAA21.A2025035.2042.001.2025036073627.nc,2025-02-05T07:36:27.510Z,56078050,870d4695734f8230e70a349a906a7c17
A2025035.2048,2025-02-04T20:48Z,NOAA-21 VIIRS,VJ214IMG.A2025035.2048.002.2025319125508.nc,2025-11-15T12:55:08.000Z,2.0.14,424052,582d6cb4edf0dfe08765cb3ea7bc34e0daacfe6756a0a46a6f81ce09f6e6c658,CLDMSK_L2_VIIRS_NOAA21.A2025035.2048.001.2025036073626.nc,2025-02-05T07:36:26.980Z,53986111,a6b1a2ba0bf6a56bd92b24e0f793a0fe
A2025035.2224,2025-02-04T22:24Z,NOAA-21 VIIRS,VJ214IMG.A2025035.2224.002.2025319125508.nc,2025-11-15T12:55:08.000Z,2.0.14,1044010,bd51884f270fcd02f49eccd657581520d8a0a20f32c7da72339a6f507a714866,CLDMSK_L2_VIIRS_NOAA21.A2025035.2224.001.2025036073637.nc,2025-02-05T07:36:37.290Z,54332067,bced40b854899ce00bb0696d11b63f10
A2025035.2230,2025-02-04T22:30Z,NOAA-21 VIIRS,VJ214IMG.A2025035.2230.002.2025319125510.nc,2025-11-15T12:55:10.000Z,2.0.14,519556,6ab9818d3ed204c99af39f188708dd8e27f5a62d9b0920402abb50c3ee6970b7,CLDMSK_L2_VIIRS_NOAA21.A2025035.2230.001.2025036073636.nc,2025-02-05T07:36:36.820Z,52033794,b0de5aa73fff44015bdcf44520a2aae9
A2025036.0000,2025-02-05T00:00Z,NOAA-21 VIIRS,VJ214IMG.A2025036.0000.002.2025319131438.nc,2025-11-15T13:14:38.000Z,2.0.14,1340339,3dd57ad76092e9167aa98283214f4dad8b484a42822fc9a7c3c73f7dad74147d,CLDMSK_L2_VIIRS_NOAA21.A2025036.0000.001.2025036131642.nc,2025-02-05T13:16:42.540Z,63561258,f30268d6c5c8847ac2d59cf7bc113bf2
A2025036.2200,2025-02-05T22:00Z,NOAA-21 VIIRS,VJ214IMG.A2025036.2200.002.2025319131438.nc,2025-11-15T13:14:38.000Z,2.0.14,771466,be50e3fcd9c8e835d45c11f55e9881deb55a202c97b7adfa3bc6daf16434536d,CLDMSK_L2_VIIRS_NOAA21.A2025036.2200.001.2025037072713.nc,2025-02-06T07:27:13.390Z,57006299,03f90253cb1e4e596dc3bfaf6b3002c2
A2025036.2206,2025-02-05T22:06Z,NOAA-21 VIIRS,VJ214IMG.A2025036.2206.002.2025319131439.nc,2025-11-15T13:14:39.000Z,2.0.14,924620,fd0e6b643e68a58e56e004c6c596b3210386e00f45d93efaa071b76405c288cc,CLDMSK_L2_VIIRS_NOAA21.A2025036.2206.001.2025037072712.nc,2025-02-06T07:27:12.830Z,53957187,bae9e6e78cec29ef2adc28f42fd45262
A2025036.2212,2025-02-05T22:12Z,NOAA-21 VIIRS,VJ214IMG.A2025036.2212.002.2025319131436.nc,2025-11-15T13:14:36.000Z,2.0.14,537654,25c67b117f379b0a0c847711c648256ec6b1a41a4fe606a7cacd37147fd584f9,CLDMSK_L2_VIIRS_NOAA21.A2025036.2212.001.2025037072721.nc,2025-02-06T07:27:21.530Z,55939633,722a8fda693b3896dd177ab2e7c7c03d
A2025036.2342,2025-02-05T23:42Z,NOAA-21 VIIRS,VJ214IMG.A2025036.2342.002.2025319131436.nc,2025-11-15T13:14:36.000Z,2.0.14,1357556,386a4a2aeb2f2d88268ce1d603c0b94a61ed6b90a4278a6e69610cb41292e6cf,CLDMSK_L2_VIIRS_NOAA21.A2025036.2342.001.2025037072714.nc,2025-02-06T07:27:14.670Z,63482354,cb3424f578d734678c8049e2d3957499
A2025036.2348,2025-02-05T23:48Z,NOAA-21 VIIRS,VJ214IMG.A2025036.2348.002.2025319131438.nc,2025-11-15T13:14:38.000Z,2.0.14,904166,c67a5b17784965ce6a6c2ac2073a7a18c9077294f47ca3e32b456cc8acf72d80,CLDMSK_L2_VIIRS_NOAA21.A2025036.2348.001.2025037072714.nc,2025-02-06T07:27:14.430Z,53859272,19fa58e9fe37bb0d0c9f9ee2ce34418f
A2025037.2142,2025-02-06T21:42Z,NOAA-21 VIIRS,VJ214IMG.A2025037.2142.002.2025319133307.nc,2025-11-15T13:33:07.000Z,2.0.14,874722,9ca5753a0389d9630fba1b0e6437459f10b29f94a51f4c84f18c708b75fc6348,CLDMSK_L2_VIIRS_NOAA21.A2025037.2142.001.2025038072759.nc,2025-02-07T07:27:59.200Z,57124188,76afb09748cc2f9e19aa8f83d04b523e
A2025037.2148,2025-02-06T21:48Z,NOAA-21 VIIRS,VJ214IMG.A2025037.2148.002.2025319133306.nc,2025-11-15T13:33:06.000Z,2.0.14,823750,471164b7ff59dd52d30c697487d6e14d161a2fa3e0bd721654bdcf8ee399ecc1,CLDMSK_L2_VIIRS_NOAA21.A2025037.2148.001.2025038072811.nc,2025-02-07T07:28:11.440Z,53334273,36368009c22783261008b89c72a46619
A2025037.2324,2025-02-06T23:24Z,NOAA-21 VIIRS,VJ214IMG.A2025037.2324.002.2025319133310.nc,2025-11-15T13:33:10.000Z,2.0.14,1198827,f89c473c87831bf0bae42148bf9736aab592c6e0cd291cd63026b053fa8cabaf,CLDMSK_L2_VIIRS_NOAA21.A2025037.2324.001.2025038072757.nc,2025-02-07T07:27:57.030Z,61396688,cb26c7e3d74eb2cf1511d3e22c6fee07
A2025037.2330,2025-02-06T23:30Z,NOAA-21 VIIRS,VJ214IMG.A2025037.2330.002.2025319133309.nc,2025-11-15T13:33:09.000Z,2.0.14,564973,b2df09908d61550e6e1b8af9a153bf259194541b74245714f2bc90249ff685ac,CLDMSK_L2_VIIRS_NOAA21.A2025037.2330.001.2025038072753.nc,2025-02-07T07:27:53.690Z,49419803,31987363b78a87c2e03369efd780aec3
A2025038.2124,2025-02-07T21:24Z,NOAA-21 VIIRS,VJ214IMG.A2025038.2124.002.2025319135137.nc,2025-11-15T13:51:37.000Z,2.0.14,899262,aa102e732e76f9c148be20acd6f4de489794455c83ec928284d515fbc0082b76,CLDMSK_L2_VIIRS_NOAA21.A2025038.2124.001.2025039073306.nc,2025-02-08T07:33:06.830Z,58733904,b85528c0b8e290a2264a40af01c42ec7
A2025038.2130,2025-02-07T21:30Z,NOAA-21 VIIRS,VJ214IMG.A2025038.2130.002.2025319135136.nc,2025-11-15T13:51:36.000Z,2.0.14,792318,0e0899d85ba66091b1a432096e524fefaf31c10b9954121f5500fa2adbf33172,CLDMSK_L2_VIIRS_NOAA21.A2025038.2130.001.2025039073304.nc,2025-02-08T07:33:04.800Z,55340093,7ed2e9723beb9568bfe816639fe46895
A2025038.2306,2025-02-07T23:06Z,NOAA-21 VIIRS,VJ214IMG.A2025038.2306.002.2025319135137.nc,2025-11-15T13:51:37.000Z,2.0.14,1255654,8979e7648a9543b3907c9ac8aec52e9d707d6d0ca86fc119f73a0c5289445d5b,CLDMSK_L2_VIIRS_NOAA21.A2025038.2306.001.2025039073314.nc,2025-02-08T07:33:14.150Z,60993879,790fd1cfdf243584a760205e061acdb2
A2025038.2312,2025-02-07T23:12Z,NOAA-21 VIIRS,VJ214IMG.A2025038.2312.002.2025319135140.nc,2025-11-15T13:51:40.000Z,2.0.14,586590,84b01f877dba6aecc9115d8a8917df8c6b97bf2f2541f0547acb6fb98e99254d,CLDMSK_L2_VIIRS_NOAA21.A2025038.2312.001.2025039073316.nc,2025-02-08T07:33:16.390Z,47892602,9d16ff298456811a7ad505b3b52f9ed6
A2025039.2106,2025-02-08T21:06Z,NOAA-21 VIIRS,VJ214IMG.A2025039.2106.002.2025319141033.nc,2025-11-15T14:10:33.000Z,2.0.14,919204,1ca38c46d26f14c8c3dd779dbd91067b0b67a2f1aaa8544f947ecbad89ee61c8,CLDMSK_L2_VIIRS_NOAA21.A2025039.2106.001.2025040072350.nc,2025-02-09T07:23:50.780Z,59711290,e9edb0428ad16e0c4a4004e3a4b51d56
A2025039.2112,2025-02-08T21:12Z,NOAA-21 VIIRS,VJ214IMG.A2025039.2112.002.2025319141036.nc,2025-11-15T14:10:36.000Z,2.0.14,553882,89cd7e1485f6b629e5267635431c365626454d9b4a16638ce9937f09100dfd5e,CLDMSK_L2_VIIRS_NOAA21.A2025039.2112.001.2025040072349.nc,2025-02-09T07:23:49.880Z,52746008,c89e5e0b1f7972467e1822c7f02c48fc
A2025039.2248,2025-02-08T22:48Z,NOAA-21 VIIRS,VJ214IMG.A2025039.2248.002.2025319141032.nc,2025-11-15T14:10:32.000Z,2.0.14,1144381,e046beba503fef3fb16608ce64a2c0e0df863f89a51d7733c9eaa186dabf8f47,CLDMSK_L2_VIIRS_NOAA21.A2025039.2248.001.2025040072359.nc,2025-02-09T07:23:59.250Z,59988736,5c37a57aac58ab9cf26784d63fc940d1
A2025039.2254,2025-02-08T22:54Z,NOAA-21 VIIRS,VJ214IMG.A2025039.2254.002.2025319141037.nc,2025-11-15T14:10:37.000Z,2.0.14,708559,f3dd6f42e1e89ccf97f82a6f26f044565850d0cb5567ba24f119c8b406296534,CLDMSK_L2_VIIRS_NOAA21.A2025039.2254.001.2025040072400.nc,2025-02-09T07:24:00.660Z,50612103,c9ef6ea78817dc8ebcb0b65e9c0bb7c2
A2025040.2048,2025-02-09T20:48Z,NOAA-21 VIIRS,VJ214IMG.A2025040.2048.002.2025319142934.nc,2025-11-15T14:29:34.000Z,2.0.14,929881,b78942c9ec522865ab11f2165510957ee475769cb898d0fa95da1af1ac40f741,CLDMSK_L2_VIIRS_NOAA21.A2025040.2048.001.2025041072436.nc,2025-02-10T07:24:36.050Z,59349605,e08d73c41220545efff681dbdfa90e4b
A2025040.2054,2025-02-09T20:54Z,NOAA-21 VIIRS,VJ214IMG.A2025040.2054.002.2025319142931.nc,2025-11-15T14:29:31.000Z,2.0.14,556342,07b6696bba33f4132ae1ceb909f049a84ab20949051f56001d1fecf5f416666d,CLDMSK_L2_VIIRS_NOAA21.A2025040.2054.001.2025041072435.nc,2025-02-10T07:24:35.940Z,55427937,321c0665c72697a3dcf595ebc9c807a8
A2025040.2230,2025-02-09T22:30Z,NOAA-21 VIIRS,VJ214IMG.A2025040.2230.002.2025319142934.nc,2025-11-15T14:29:34.000Z,2.0.14,1117333,55eb06396b71cd7ee3b54e426bb2c0978266fa29158a3d7935c9884fbf1078b0,CLDMSK_L2_VIIRS_NOAA21.A2025040.2230.001.2025041072444.nc,2025-02-10T07:24:44.540Z,57230961,f75a11cf75eb2c1cdea5a0b904c7780e
A2025040.2236,2025-02-09T22:36Z,NOAA-21 VIIRS,VJ214IMG.A2025040.2236.002.2025319142931.nc,2025-11-15T14:29:31.000Z,2.0.14,829650,81637e3ed803772c1d965172c3bd2762ef8191b8a5075df0e0cbd43feb90d169,CLDMSK_L2_VIIRS_NOAA21.A2025040.2236.001.2025041072447.nc,2025-02-10T07:24:47.540Z,55076490,8932e90f163406f305a994857c25cdaf
A2025041.2212,2025-02-10T22:12Z,NOAA-21 VIIRS,VJ214IMG.A2025041.2212.002.2025319144841.nc,2025-11-15T14:48:41.000Z,2.0.14,1160920,eb64ef79356050fbece9c8f70a18e2b36b05ef789c9491a349034fc13456aee7,CLDMSK_L2_VIIRS_NOAA21.A2025041.2212.001.2025042073456.nc,2025-02-11T07:34:56.950Z,56504017,166afe2a348f2c66ca7158e5449614c2
A2025041.2218,2025-02-10T22:18Z,NOAA-21 VIIRS,VJ214IMG.A2025041.2218.002.2025319144839.nc,2025-11-15T14:48:39.000Z,2.0.14,522339,ad848e13c3e7c89d640c3a2bb13d3ea9c04b130b37cc5e9381a424ac5e1b53f2,CLDMSK_L2_VIIRS_NOAA21.A2025041.2218.001.2025042073458.nc,2025-02-11T07:34:58.310Z,58657536,75c461c85852fe6c6c4158e168e1b8b3
A2025041.2348,2025-02-10T23:48Z,NOAA-21 VIIRS,VJ214IMG.A2025041.2348.002.2025319144840.nc,2025-11-15T14:48:40.000Z,2.0.14,1326040,e82a4aae8daa33f6224a5b23092996b8d69b3d521696230e37ccc506789758e2,CLDMSK_L2_VIIRS_NOAA21.A2025041.2348.001.2025042073456.nc,2025-02-11T07:34:56.690Z,63972776,a0d69547dd0514b50333d3570e1c9a4c
A2025041.2354,2025-02-10T23:54Z,NOAA-21 VIIRS,VJ214IMG.A2025041.2354.002.2025319144840.nc,2025-11-15T14:48:40.000Z,2.0.14,753046,2e94f0252017fcc131f2d0cabdca0206f0d3013160142902b804d8d7cc5c798b,CLDMSK_L2_VIIRS_NOAA21.A2025041.2354.001.2025042073459.nc,2025-02-11T07:34:59.240Z,51467327,319ea3eb7fb9fc94ea9d82898fa7039c
A2025042.2148,2025-02-11T21:48Z,NOAA-21 VIIRS,VJ214IMG.A2025042.2148.002.2025319151708.nc,2025-11-15T15:17:08.000Z,2.0.14,859243,7dfc7d22d219191baeeaed85e555be370fbebfa835370773bfaea5dd1043e8c6,CLDMSK_L2_VIIRS_NOAA21.A2025042.2148.001.2025043073535.nc,2025-02-12T07:35:35.420Z,59104636,38b971f85363944e34a26ba1bd53cabc
A2025042.2154,2025-02-11T21:54Z,NOAA-21 VIIRS,VJ214IMG.A2025042.2154.002.2025319151708.nc,2025-11-15T15:17:08.000Z,2.0.14,1011065,2e1dad2bcc2688a3408e169eafb6d395ecd93724d08c49b071e8ebe0ec47effb,CLDMSK_L2_VIIRS_NOAA21.A2025042.2154.001.2025043073543.nc,2025-02-12T07:35:43.810Z,54647660,997e65a79d1831a4f0aad2b9e0f3b538
A2025042.2330,2025-02-11T23:30Z,NOAA-21 VIIRS,VJ214IMG.A2025042.2330.002.2025319151707.nc,2025-11-15T15:17:07.000Z,2.0.14,1299346,e2010006771af92a556050ef40ccf7ee4d2db17a169b1a2481a7e1b0aaad3154,CLDMSK_L2_VIIRS_NOAA21.A2025042.2330.001.2025043073526.nc,2025-02-12T07:35:26.470Z,63696750,500758b9fa257712a1c3ebf71d72b985
A2025042.2336,2025-02-11T23:36Z,NOAA-21 VIIRS,VJ214IMG.A2025042.2336.002.2025319151709.nc,2025-11-15T15:17:09.000Z,2.0.14,1065568,d6a7c357030975398f248e4e097015d79ee1f10ed2f8500eff7cc44d46d3058d,CLDMSK_L2_VIIRS_NOAA21.A2025042.2336.001.2025043073524.nc,2025-02-12T07:35:24.790Z,53231327,8f7aa51cffb5577b060e27f65561b383
A2025043.2130,2025-02-12T21:30Z,NOAA-21 VIIRS,VJ214IMG.A2025043.2130.002.2025319153602.nc,2025-11-15T15:36:02.000Z,2.0.14,897350,d3723bfb798fb18cb18ae6da0a841385d382d270c9b3fb710a9cac191be482e8,CLDMSK_L2_VIIRS_NOAA21.A2025043.2130.001.2025044073559.nc,2025-02-13T07:35:59.020Z,58782969,a464fdd20b09dc017494fcc4c4d8554c
A2025043.2136,2025-02-12T21:36Z,NOAA-21 VIIRS,VJ214IMG.A2025043.2136.002.2025319153604.nc,2025-11-15T15:36:04.000Z,2.0.14,688821,05fa60135c3bf2f993e458e49cc4614c67604a1e9553a9cb12d290bfed95f76d,CLDMSK_L2_VIIRS_NOAA21.A2025043.2136.001.2025044073555.nc,2025-02-13T07:35:55.610Z,52986377,3cfb41d7c4ecbc1e65190b4b56416d43
A2025043.2312,2025-02-12T23:12Z,NOAA-21 VIIRS,VJ214IMG.A2025043.2312.002.2025319153605.nc,2025-11-15T15:36:05.000Z,2.0.14,1226470,61a11e5f4fb01af9757bad515660cad44fe6571bed6fc985d16e16c24417b254,CLDMSK_L2_VIIRS_NOAA21.A2025043.2312.001.2025044073602.nc,2025-02-13T07:36:02.650Z,62601299,b8a7f3bf2f89315be6ca9acf887ab713
A2025043.2318,2025-02-12T23:18Z,NOAA-21 VIIRS,VJ214IMG.A2025043.2318.002.2025319153602.nc,2025-11-15T15:36:02.000Z,2.0.14,1238762,2bde82f621b783b9214b1164ae47ca54e6eeabe9211a8407fd6a8dcdb9b1e0bf,CLDMSK_L2_VIIRS_NOAA21.A2025043.2318.001.2025044073602.nc,2025-02-13T07:36:02.850Z,52786430,b71567a1c9375ea547361e09d66015b6
A2025044.2112,2025-02-13T21:12Z,NOAA-21 VIIRS,VJ214IMG.A2025044.2112.002.2025319155506.nc,2025-11-15T15:55:06.000Z,2.0.14,947056,b4094ff9f81fc4e0e95ae9b29df001f1f1536ad08791f43930ed7ad16d53e03b,CLDMSK_L2_VIIRS_NOAA21.A2025044.2112.001.2025045072736.nc,2025-02-14T07:27:36.850Z,59339264,3c01eb2e3c2db74bd69d6568937c2c3a
A2025044.2118,2025-02-13T21:18Z,NOAA-21 VIIRS,VJ214IMG.A2025044.2118.002.2025319155506.nc,2025-11-15T15:55:06.000Z,2.0.14,534683,1994eabbc31f9c874eb66ceb5901d9ca0ffcfe02d225f9db635876a3af4adfcb,CLDMSK_L2_VIIRS_NOAA21.A2025044.2118.001.2025045072658.nc,2025-02-14T07:26:58.980Z,52791461,9fbe8710b28ca4b945dd799acb931a5d
A2025044.2254,2025-02-13T22:54Z,NOAA-21 VIIRS,VJ214IMG.A2025044.2254.002.2025319155505.nc,2025-11-15T15:55:05.000Z,2.0.14,1237015,a187d9428fda16501b78770d3c7f3992ba891be4cb50aac232d6b77d802eb8ae,CLDMSK_L2_VIIRS_NOAA21.A2025044.2254.001.2025045072654.nc,2025-02-14T07:26:54.480Z,59665116,45778f7b95aea7d89fa464afd341aa03
A2025044.2300,2025-02-13T23:00Z,NOAA-21 VIIRS,VJ214IMG.A2025044.2300.002.2025319155501.nc,2025-11-15T15:55:01.000Z,2.0.14,1033116,bb08150c18aea6b5105f19a8ddbd3240aaeb60b13186df766f7392a5455f7bdd,CLDMSK_L2_VIIRS_NOAA21.A2025044.2300.001.2025045072701.nc,2025-02-14T07:27:01.000Z,54301801,77b6a7614eec4e7bf8ed2a811225dbc6
A2025045.2054,2025-02-14T20:54Z,NOAA-21 VIIRS,VJ214IMG.A2025045.2054.002.2025319161333.nc,2025-11-15T16:13:33.000Z,2.0.14,982928,93837bc63ef71dd86be4f4749c27800a52fe6d2619715b5436e79adb164d4b7e,CLDMSK_L2_VIIRS_NOAA21.A2025045.2054.001.2025046072705.nc,2025-02-15T07:27:05.180Z,58601353,dc84f4b461bf5bff7e41d231e04cf0ff
A2025045.2100,2025-02-14T21:00Z,NOAA-21 VIIRS,VJ214IMG.A2025045.2100.002.2025319161334.nc,2025-11-15T16:13:34.000Z,2.0.14,479320,769212d8a26d413704cbb26af001b9730d57b6ffbc6a2bcb3ec442fe52ec3456,CLDMSK_L2_VIIRS_NOAA21.A2025045.2100.001.2025046072724.nc,2025-02-15T07:27:24.090Z,54170767,ca5301b68a29bd9aa3fc1487d260c3ed
A2025045.2236,2025-02-14T22:36Z,NOAA-21 VIIRS,VJ214IMG.A2025045.2236.002.2025319161335.nc,2025-11-15T16:13:35.000Z,2.0.14,1397015,870d25a7a1d290b1f9b7cbe43f0a2f2fadc5e3f2762a0818ec8160d8b4289ba6,CLDMSK_L2_VIIRS_NOAA21.A2025045.2236.001.2025046072710.nc,2025-02-15T07:27:10.300Z,58378547,b55eeb9e10684676fecf0e25aa246f70
A2025045.2242,2025-02-14T22:42Z,NOAA-21 VIIRS,VJ214IMG.A2025045.2242.002.2025319161335.nc,2025-11-15T16:13:35.000Z,2.0.14,916191,4679edadf71a36503b83cbe47e49523cb4018e23cd66f0ccdd3950eeea7ec1d3,CLDMSK_L2_VIIRS_NOAA21.A2025045.2242.001.2025046072735.nc,2025-02-15T07:27:35.260Z,56722449,48db02613fa559014aac0ba801069f5f
A2025046.2042,2025-02-15T20:42Z,NOAA-21 VIIRS,VJ214IMG.A2025046.2042.002.2025319163135.nc,2025-11-15T16:31:35.000Z,2.0.14,482950,70eb3d78e8b9de9825d9ccf1a30f5b4a4f1ee7c8bf601b64bdd0f0b6e6a5de1d,CLDMSK_L2_VIIRS_NOAA21.A2025046.2042.001.2025047072808.nc,2025-02-16T07:28:08.870Z,54623818,101140dc8f118f312083370fe3153efb
A2025046.2218,2025-02-15T22:18Z,NOAA-21 VIIRS,VJ214IMG.A2025046.2218.002.2025319163138.nc,2025-11-15T16:31:38.000Z,2.0.14,1350881,92e4a98c6692e32ab7deb678b56ffd745a5fdb3ad493db7c797ebb5b954cfc0c,CLDMSK_L2_VIIRS_NOAA21.A2025046.2218.001.2025047072838.nc,2025-02-16T07:28:38.010Z,58049936,c36770ee550498b6ff31d125c833727a
A2025046.2224,2025-02-15T22:24Z,NOAA-21 VIIRS,VJ214IMG.A2025046.2224.002.2025319163137.nc,2025-11-15T16:31:37.000Z,2.0.14,926890,d077f780f9106b14a28d42d6d1a94030f89a62e5797d3467aa24b9a4ab1af6ef,CLDMSK_L2_VIIRS_NOAA21.A2025046.2224.001.2025047072810.nc,2025-02-16T07:28:10.120Z,58187097,3a098b112d14430c447bbb3dd4939596
A2025046.2354,2025-02-15T23:54Z,NOAA-21 VIIRS,VJ214IMG.A2025046.2354.002.2025319163203.nc,2025-11-15T16:32:03.000Z,2.0.14,1014455,02ca744e851a256a1f1e1ac09bcac393b04e08b5eb0c2eabd3da03e1e0fab696,CLDMSK_L2_VIIRS_NOAA21.A2025046.2354.001.2025047072811.nc,2025-02-16T07:28:11.590Z,62696431,45b93f8bc36378ce246bf4eeff0190ca
A2025047.0000,2025-02-16T00:00Z,NOAA-21 VIIRS,VJ214IMG.A2025047.0000.002.2025319165034.nc,2025-11-15T16:50:34.000Z,2.0.14,686325,3f0a2566364efa6eb0270650bf4a86b7a6198209a2b7ef8283d00ba9228fd635,CLDMSK_L2_VIIRS_NOAA21.A2025047.0000.001.2025047130752.nc,2025-02-16T13:07:52.340Z,49723508,8ee02b98995955cd13bc3b37ec8cfd12
A2025047.2154,2025-02-16T21:54Z,NOAA-21 VIIRS,VJ214IMG.A2025047.2154.002.2025319165033.nc,2025-11-15T16:50:33.000Z,2.0.14,754871,df28c772ad88b58513c2eec9d128b9753d0a25f63ad0698bf4b628905437f246,CLDMSK_L2_VIIRS_NOAA21.A2025047.2154.001.2025048072844.nc,2025-02-17T07:28:44.210Z,57726609,d76f463a29fc7452ed2a3166f63de6ab
A2025047.2200,2025-02-16T22:00Z,NOAA-21 VIIRS,VJ214IMG.A2025047.2200.002.2025319165034.nc,2025-11-15T16:50:34.000Z,2.0.14,1055100,24f7e75f7f379a3c317cb54e966aec2e11a5c585c00e51da387d14e5a87f4a55,CLDMSK_L2_VIIRS_NOAA21.A2025047.2200.001.2025048072844.nc,2025-02-17T07:28:44.910Z,54001009,6d62382b224f3009e599be2af04534fe
A2025047.2336,2025-02-16T23:36Z,NOAA-21 VIIRS,VJ214IMG.A2025047.2336.002.2025319165103.nc,2025-11-15T16:51:03.000Z,2.0.14,902150,0eb43198b98fa1b3a3632460c6b73f95b53c5be209883ddd10bbdff9543d2160,CLDMSK_L2_VIIRS_NOAA21.A2025047.2336.001.2025048072832.nc,2025-02-17T07:28:32.380Z,61866248,8efd40fdb894b4187701fbf581213e59
A2025047.2342,2025-02-16T23:42Z,NOAA-21 VIIRS,VJ214IMG.A2025047.2342.002.2025319165104.nc,2025-11-15T16:51:04.000Z,2.0.14,621779,4b8ee995bc635438a992ed9362d888408239d965269ab9188b93bf5fe0124d84,CLDMSK_L2_VIIRS_NOAA21.A2025047.2342.001.2025048072829.nc,2025-02-17T07:28:29.190Z,49491840,495d2c0db6174b6418bdf0866ac459d9
A2025048.2136,2025-02-17T21:36Z,NOAA-21 VIIRS,VJ214IMG.A2025048.2136.002.2025319171236.nc,2025-11-15T17:12:36.000Z,2.0.14,879034,2d049fbb0330dfaad41fcba45052ce6f10fbb824f924b39b90d18bc032c9984c,CLDMSK_L2_VIIRS_NOAA21.A2025048.2136.001.2025049073928.nc,2025-02-18T07:39:28.570Z,57642357,09377519174177b3901e14d57346fce4
A2025048.2142,2025-02-17T21:42Z,NOAA-21 VIIRS,VJ214IMG.A2025048.2142.002.2025319171235.nc,2025-11-15T17:12:35.000Z,2.0.14,1138553,1984899c7ef2959639f6f1705eeaf230e9bbcd607bf0f4b0e818448960b2666f,CLDMSK_L2_VIIRS_NOAA21.A2025048.2142.001.2025049073938.nc,2025-02-18T07:39:38.990Z,55159194,fbb51c5da0741e60b74ec4078c2fca98
A2025048.2318,2025-02-17T23:18Z,NOAA-21 VIIRS,VJ214IMG.A2025048.2318.002.2025319171233.nc,2025-11-15T17:12:33.000Z,2.0.14,1024470,1519e162eb5bb9ae5bd8043d486346643668615605dd60b40d2cdac9efe7766a,CLDMSK_L2_VIIRS_NOAA21.A2025048.2318.001.2025049073946.nc,2025-02-18T07:39:46.430Z,59388336,c95f1f362f47590f98d1daa3acdd66c8
A2025048.2324,2025-02-17T23:24Z,NOAA-21 VIIRS,VJ214IMG.A2025048.2324.002.2025319171235.nc,2025-11-15T17:12:35.000Z,2.0.14,707542,dc24150266bd2810c5776b20807c749e3afa548a7d6d61afb447b7dd5c863390,CLDMSK_L2_VIIRS_NOAA21.A2025048.2324.001.2025049073940.nc,2025-02-18T07:39:40.010Z,50201920,31e8ef1544562a1e3609d1825f1ff8d6
A2025049.2118,2025-02-18T21:18Z,NOAA-21 VIIRS,VJ214IMG.A2025049.2118.002.2025319173235.nc,2025-11-15T17:32:35.000Z,2.0.14,1000622,46504ccb5a27a81c3f10e7cdd33b177b504b4c7fd93ff57b65a82c4dbcaca792,CLDMSK_L2_VIIRS_NOAA21.A2025049.2118.001.2025050072945.nc,2025-02-19T07:29:45.940Z,58465786,dc10c0447aed31ea7a407afa90be898a
A2025049.2124,2025-02-18T21:24Z,NOAA-21 VIIRS,VJ214IMG.A2025049.2124.002.2025319173234.nc,2025-11-15T17:32:34.000Z,2.0.14,713301,94500bdbf320a61c47d348723a404bb02a2473273f9dca583ee82783c76491db,CLDMSK_L2_VIIRS_NOAA21.A2025049.2124.001.2025050072944.nc,2025-02-19T07:29:44.490Z,52897759,1bc103977b95a2ad4352721df075cbdc
A2025049.2300,2025-02-18T23:00Z,NOAA-21 VIIRS,VJ214IMG.A2025049.2300.002.2025319173238.nc,2025-11-15T17:32:38.000Z,2.0.14,1243727,4d614905380bbc6025fe51ba6a9d84ea2f1958f33c438240e80f385c3689d928,CLDMSK_L2_VIIRS_NOAA21.A2025049.2300.001.2025050072954.nc,2025-02-19T07:29:54.750Z,58271857,59340b292871e046940320e3d98ef675
A2025049.2306,2025-02-18T23:06Z,NOAA-21 VIIRS,VJ214IMG.A2025049.2306.002.2025319173237.nc,2025-11-15T17:32:37.000Z,2.0.14,822617,63eb8cece71a68ab33862753c201d2f2d17b6d9910327ed927585e9536064a78,CLDMSK_L2_VIIRS_NOAA21.A2025049.2306.001.2025050072957.nc,2025-02-19T07:29:57.280Z,52449656,d740664c072f38149c156e371f12a026
A2025050.2100,2025-02-19T21:00Z,NOAA-21 VIIRS,VJ214IMG.A2025050.2100.002.2025319175131.nc,2025-11-15T17:51:31.000Z,2.0.14,773044,76beba5ef2411eb1ed59537e8b27acd73a85a265b5e0faacaa83fbeb5b4940b2,CLDMSK_L2_VIIRS_NOAA21.A2025050.2100.001.2025051072424.nc,2025-02-20T07:24:24.780Z,56586181,dbb90fbe50cfee2b0a1834771a286a35
A2025050.2106,2025-02-19T21:06Z,NOAA-21 VIIRS,VJ214IMG.A2025050.2106.002.2025319175132.nc,2025-11-15T17:51:32.000Z,2.0.14,508180,30f0d8d3eb289542915e47e955a04f8b3e4b661b5e39b73b8fac90827e5ca1b1,CLDMSK_L2_VIIRS_NOAA21.A2025050.2106.001.2025051072418.nc,2025-02-20T07:24:18.810Z,53518254,c26a2e77edb0da522bfb31ee6ba36320
A2025050.2242,2025-02-19T22:42Z,NOAA-21 VIIRS,VJ214IMG.A2025050.2242.002.2025319175131.nc,2025-11-15T17:51:31.000Z,2.0.14,1104345,161dc582f1e7274f4a1aaa98513a47504a5e03e697f5231292c785b286ee13a4,CLDMSK_L2_VIIRS_NOAA21.A2025050.2242.001.2025051072431.nc,2025-02-20T07:24:31.680Z,56856438,1721be9b51dd6292617431be0796e4f4
A2025050.2248,2025-02-19T22:48Z,NOAA-21 VIIRS,VJ214IMG.A2025050.2248.002.2025319175134.nc,2025-11-15T17:51:34.000Z,2.0.14,756789,98cb7efc5e033ecff171ca38471f08b498e14b681760b9bea8320426a8214614,CLDMSK_L2_VIIRS_NOAA21.A2025050.2248.001.2025051072721.nc,2025-02-20T07:27:21.360Z,52767487,3db75acbf94aee3eef3e7d825c387b90
A2025051.2042,2025-02-20T20:42Z,NOAA-21 VIIRS,VJ214IMG.A2025051.2042.002.2025319181104.nc,2025-11-15T18:11:04.000Z,2.0.14,936304,106ba695632552da979413d16a76abba369cdfb35c029a50606e461645086745,CLDMSK_L2_VIIRS_NOAA21.A2025051.2042.001.2025052073629.nc,2025-02-21T07:36:29.440Z,56524611,55f68289606edc7a311446718b467482
A2025051.2048,2025-02-20T20:48Z,NOAA-21 VIIRS,VJ214IMG.A2025051.2048.002.2025319181104.nc,2025-11-15T18:11:04.000Z,2.0.14,461755,944c58ac946e532430ee35c30079fb4fd98a237a29af4544b7d12b21b5288b8e,CLDMSK_L2_VIIRS_NOAA21.A2025051.2048.001.2025052073542.nc,2025-02-21T07:35:42.540Z,53025327,f16fe9c124a50b96db104e84376f2862
A2025051.2224,2025-02-20T22:24Z,NOAA-21 VIIRS,VJ214IMG.A2025051.2224.002.2025319181104.nc,2025-11-15T18:11:04.000Z,2.0.14,1264939,b9e2bace963f405842f94263c067a7a4af17ad7b506ffa30abb44d653c05be93,CLDMSK_L2_VIIRS_NOAA21.A2025051.2224.001.2025052073606.nc,2025-02-21T07:36:06.440Z,56135487,21a2a8ea765e79336784f16c75b44206
A2025051.2230,2025-02-20T22:30Z,NOAA-21 VIIRS,VJ214IMG.A2025051.2230.002.2025319181102.nc,2025-11-15T18:11:02.000Z,2.0.14,587429,96f005bd4dd7ba4388913b671f579740f3d06013582ee8309538ff214503dca1,CLDMSK_L2_VIIRS_NOAA21.A2025051.2230.001.2025052073537.nc,2025-02-21T07:35:37.800Z,54122351,f6280a5167b421c8574d3b519a6b0d06
A2025052.0000,2025-02-21T00:00Z,NOAA-21 VIIRS,VJ214IMG.A2025052.0000.002.2025319183405.nc,2025-11-15T18:34:05.000Z,2.0.14,1195227,9b21f0bd742a65f905709ad4d56f29c407c6fe030f14c97f5ad4286318c76018,CLDMSK_L2_VIIRS_NOAA21.A2025052.0000.001.2025052130520.nc,2025-02-21T13:05:20.130Z,64432732,2fbb995bf30b602cf37ab01aa7aacfcb
A2025052.0006,2025-02-21T00:06Z,NOAA-21 VIIRS,VJ214IMG.A2025052.0006.002.2025319183405.nc,2025-11-15T18:34:05.000Z,2.0.14,961651,46d27be50b5dc4eeee50132e11dc1fd929c894918d2b01a67e7b838fc38bbd8a,CLDMSK_L2_VIIRS_NOAA21.A2025052.0006.001.2025052130625.nc,2025-02-21T13:06:25.260Z,54697929,c127f404fb1bd5fe2132cd94ba643295
A2025052.2200,2025-02-21T22:00Z,NOAA-21 VIIRS,VJ214IMG.A2025052.2200.002.2025319183404.nc,2025-11-15T18:34:04.000Z,2.0.14,688207,74802daaa6e5318f9639bea3e6680e9040052df6e65e7f9c560278d0cd967a75,CLDMSK_L2_VIIRS_NOAA21.A2025052.2200.001.2025053073619.nc,2025-02-22T07:36:19.720Z,56018375,36353685f31440c4b09a259417776b86
A2025052.2206,2025-02-21T22:06Z,NOAA-21 VIIRS,VJ214IMG.A2025052.2206.002.2025319183407.nc,2025-11-15T18:34:07.000Z,2.0.14,906002,2cce45673f72e291d875896b4e97ce88eba503c8b93ff0412ad81b17e25afc45,CLDMSK_L2_VIIRS_NOAA21.A2025052.2206.001.2025053073612.nc,2025-02-22T07:36:12.600Z,52979750,b79110a85cd1adfcc31bb92c5c1c22a3
A2025052.2212,2025-02-21T22:12Z,NOAA-21 VIIRS,VJ214IMG.A2025052.2212.002.2025319183403.nc,2025-11-15T18:34:03.000Z,2.0.14,417439,21d1493ec48adcf52e84c193eb325e883d05452d7b28247d79abf9d26e73ed26,CLDMSK_L2_VIIRS_NOAA21.A2025052.2212.001.2025053073615.nc,2025-02-22T07:36:15.620Z,56402891,7e2a38cc62144408e33e29c4250611d8
A2025052.2342,2025-02-21T23:42Z,NOAA-21 VIIRS,VJ214IMG.A2025052.2342.002.2025319183405.nc,2025-11-15T18:34:05.000Z,2.0.14,1239945,519b498790c08129744c2bba3ed62c9bf9257ce98d331bb80b603979efd564e7,CLDMSK_L2_VIIRS_NOAA21.A2025052.2342.001.2025053073600.nc,2025-02-22T07:36:00.130Z,65134416,a45beb3e22d9fabdb2283e9f2c04978f
A2025052.2348,2025-02-21T23:48Z,NOAA-21 VIIRS,VJ214IMG.A2025052.2348.002.2025319183406.nc,2025-11-15T18:34:06.000Z,2.0.14,1162766,da962acb4eaced0a587eb6c4ca55cc625ddfb0d44fcfdc23b6abc1abce6e7617,CLDMSK_L2_VIIRS_NOAA21.A2025052.2348.001.2025053073600.nc,2025-02-22T07:36:00.530Z,55152590,0807e5294fd2f92c4aca0ecff903c8e6
A2025053.2142,2025-02-22T21:42Z,NOAA-21 VIIRS,VJ214IMG.A2025053.2142.002.2025319184711.nc,2025-11-15T18:47:11.000Z,2.0.14,880431,ec832d668904bcf320c026152b30c288ede249c1c5feb4d6ff2132fce6f12162,CLDMSK_L2_VIIRS_NOAA21.A2025053.2142.001.2025054072659.nc,2025-02-23T07:26:59.340Z,58421487,d561b3dd19f20e2b41292eabd42fcd87
A2025053.2148,2025-02-22T21:48Z,NOAA-21 VIIRS,VJ214IMG.A2025053.2148.002.2025319184709.nc,2025-11-15T18:47:09.000Z,2.0.14,686902,966a115b14545724038679f85cb4e680f0da6017f953ee29b3ce51545491b02b,CLDMSK_L2_VIIRS_NOAA21.A2025053.2148.001.2025054072706.nc,2025-02-23T07:27:06.610Z,50904973,5c3b868bd237042579a4a910bf9af6d6
A2025053.2324,2025-02-22T23:24Z,NOAA-21 VIIRS,VJ214IMG.A2025053.2324.002.2025319184711.nc,2025-11-15T18:47:11.000Z,2.0.14,1262705,9f240512bcbf991a304f407d7e072744029ac0e226815e00392999d5d8b2a15d,CLDMSK_L2_VIIRS_NOAA21.A2025053.2324.001.2025054072709.nc,2025-02-23T07:27:09.640Z,63896235,d003273b016fb66edd203840199d7465
A2025053.2330,2025-02-22T23:30Z,NOAA-21 VIIRS,VJ214IMG.A2025053.2330.002.2025319184709.nc,2025-11-15T18:47:09.000Z,2.0.14,1116533,dd44a244d8c032d077b9b4b9dfd5f854419a61b323738eee034c221e04a005d0,CLDMSK_L2_VIIRS_NOAA21.A2025053.2330.001.2025054072726.nc,2025-02-23T07:27:26.930Z,56029628,5676037794f80a595db47007e8beb129
A2025054.2124,2025-02-23T21:24Z,NOAA-21 VIIRS,VJ214IMG.A2025054.2124.002.2025319190834.nc,2025-11-15T19:08:34.000Z,2.0.14,971708,23e847d5703e3aae4fc55bb8250963cd95ed7f04f1c00d137161ad1161bbe3c9,CLDMSK_L2_VIIRS_NOAA21.A2025054.2124.001.2025055072750.nc,2025-02-24T07:27:50.990Z,57875915,d413db9ef5593fe3bd6f3b22d1ce9704
A2025054.2130,2025-02-23T21:30Z,NOAA-21 VIIRS,VJ214IMG.A2025054.2130.002.2025319190833.nc,2025-11-15T19:08:33.000Z,2.0.14,651333,a90873f8e132be9dde62f6cd0a89fa25ed497f1ba6d1dc9064ff4f8bf9c7b669,CLDMSK_L2_VIIRS_NOAA21.A2025054.2130.001.2025055072747.nc,2025-02-24T07:27:47.760Z,52047491,3a3fa93f8f096c5c4a001ba4831e772a
A2025054.2306,2025-02-23T23:06Z,NOAA-21 VIIRS,VJ214IMG.A2025054.2306.002.2025319190835.nc,2025-11-15T19:08:35.000Z,2.0.14,1267491,996c95c644b55ed2c63f8eb79f176b4f3f50fa651baa0433a0a51281a47d0f64,CLDMSK_L2_VIIRS_NOAA21.A2025054.2306.001.2025055072808.nc,2025-02-24T07:28:08.040Z,63019164,15bfbaae05c52bbf1fdd0f07508ee22e
A2025054.2312,2025-02-23T23:12Z,NOAA-21 VIIRS,VJ214IMG.A2025054.2312.002.2025319190833.nc,2025-11-15T19:08:33.000Z,2.0.14,1128380,ee480f94050be589eccd07b3667dfa7b4bb20118f628717fe1e1f82a816d9746,CLDMSK_L2_VIIRS_NOAA21.A2025054.2312.001.2025055072810.nc,2025-02-24T07:28:10.760Z,54504383,f1a841e3e4edeb861eded469bdec2052
A2025055.2106,2025-02-24T21:06Z,NOAA-21 VIIRS,VJ214IMG.A2025055.2106.002.2025319192905.nc,2025-11-15T19:29:05.000Z,2.0.14,976451,0f25da48cbdec90a37174fff7751fe6722c9a5353dc45ae2e348605e84ad810b,CLDMSK_L2_VIIRS_NOAA21.A2025055.2106.001.2025056072837.nc,2025-02-25T07:28:37.050Z,59016472,6ecd894f9592fe5301922407723380bd
A2025055.2112,2025-02-24T21:12Z,NOAA-21 VIIRS,VJ214IMG.A2025055.2112.002.2025319192904.nc,2025-11-15T19:29:04.000Z,2.0.14,673452,4f388de0526d783604b365ab3f7191d767daad79efe687427cf6ff6c28f4a070,CLDMSK_L2_VIIRS_NOAA21.A2025055.2112.001.2025056072831.nc,2025-02-25T07:28:31.670Z,53474140,e910fc727de52745826aa5d6517a10f2
A2025055.2248,2025-02-24T22:48Z,NOAA-21 VIIRS,VJ214IMG.A2025055.2248.002.2025319192904.nc,2025-11-15T19:29:04.000Z,2.0.14,1263473,0e2dd01e2be9625ac2dfef0c2246819a3b68a296f44756326bd5697af27fa7cb,CLDMSK_L2_VIIRS_NOAA21.A2025055.2248.001.2025056072844.nc,2025-02-25T07:28:44.390Z,61407392,51f1b5282213ba95d9dfb154854d5212
A2025055.2254,2025-02-24T22:54Z,NOAA-21 VIIRS,VJ214IMG.A2025055.2254.002.2025319192902.nc,2025-11-15T19:29:02.000Z,2.0.14,843094,3d7274550c2de5186824228a3159ca5e422b0eaa0bf54b238344aad8d67281a0,CLDMSK_L2_VIIRS_NOAA21.A2025055.2254.001.2025056072844.nc,2025-02-25T07:28:44.260Z,53728358,a09382ed142815b347bfbd34d21227c8
A2025056.2048,2025-02-25T20:48Z,NOAA-21 VIIRS,VJ214IMG.A2025056.2048.002.2025319194908.nc,2025-11-15T19:49:08.000Z,2.0.14,1223372,12acf42dd6dedc80af8ba02c4e77799c0edf7ef64f39541e0ecb829edb0bae63,CLDMSK_L2_VIIRS_NOAA21.A2025056.2048.001.2025057072927.nc,2025-02-26T07:29:27.060Z,55981807,6e2d04223645924903879912c3effaa4
A2025056.2054,2025-02-25T20:54Z,NOAA-21 VIIRS,VJ214IMG.A2025056.2054.002.2025319194909.nc,2025-11-15T19:49:09.000Z,2.0.14,585036,1fd9ff114deb9f1ec3eddf17194ec310972209caab1d0773cdfc532844697f08,CLDMSK_L2_VIIRS_NOAA21.A2025056.2054.001.2025057072932.nc,2025-02-26T07:29:32.430Z,53421589,3dcb8e815592972ed4185b32382f14f4
A2025056.2230,2025-02-25T22:30Z,NOAA-21 VIIRS,VJ214IMG.A2025056.2230.002.2025319194909.nc,2025-11-15T19:49:09.000Z,2.0.14,1135531,752398249d2e00716089daa57c9fea8e2525b0459db707feb0de32e99b303752,CLDMSK_L2_VIIRS_NOAA21.A2025056.2230.001.2025057072949.nc,2025-02-26T07:29:49.090Z,60175642,2350ec51e8dd63280cc96627485e52e7
A2025056.2236,2025-02-25T22:36Z,NOAA-21 VIIRS,VJ214IMG.A2025056.2236.002.2025319194906.nc,2025-11-15T19:49:06.000Z,2.0.14,558956,9db1494d441460e464ebe6a6a9051cbddcfa8e54affc6c051a302195e1a66610,CLDMSK_L2_VIIRS_NOAA21.A2025056.2236.001.2025057072936.nc,2025-02-26T07:29:36.800Z,52285959,8b63ef4e5d39c108ca503c44e95859cd
A2025057.2212,2025-02-26T22:12Z,NOAA-21 VIIRS,VJ214IMG.A2025057.2212.002.2025319201006.nc,2025-11-15T20:10:06.000Z,2.0.14,1140166,f6547c310f7791d18a32876610250c8f261ae5646b0cd4b266b57906d3b7e226,CLDMSK_L2_VIIRS_NOAA21.A2025057.2212.001.2025058073033.nc,2025-02-27T07:30:33.130Z,55765557,6342aa87a326df4a3d13121a85dd707d
A2025057.2218,2025-02-26T22:18Z,NOAA-21 VIIRS,VJ214IMG.A2025057.2218.002.2025319201007.nc,2025-11-15T20:10:07.000Z,2.0.14,508887,dc53eb6d80e46d3365ccfe4ed0178d58d2b7e5eda074b292324340850d62cd95,CLDMSK_L2_VIIRS_NOAA21.A2025057.2218.001.2025058073019.nc,2025-02-27T07:30:19.190Z,54544133,0b18209a6bc3facd4baf1a34fe57d1a7
A2025057.2348,2025-02-26T23:48Z,NOAA-21 VIIRS,VJ214IMG.A2025057.2348.002.2025319201004.nc,2025-11-15T20:10:04.000Z,2.0.14,1262570,05800d8f90b24332213cc8f3a72776435438d917d9c02f795f750faf8623b69a,CLDMSK_L2_VIIRS_NOAA21.A2025057.2348.001.2025058073010.nc,2025-02-27T07:30:10.310Z,60867212,25438e2b185b65e6c39421e2bbae06d7
A2025057.2354,2025-02-26T23:54Z,NOAA-21 VIIRS,VJ214IMG.A2025057.2354.002.2025319201003.nc,2025-11-15T20:10:03.000Z,2.0.14,970144,f1ae434f53a74b12aa8a06d98ef7b6e909fffb5c2e800178bc7f65a8ffa2bd1a,CLDMSK_L2_VIIRS_NOAA21.A2025057.2354.001.2025058073025.nc,2025-02-27T07:30:25.760Z,53047653,ade362a7601aa67e460790fa0a587360
A2025058.2148,2025-02-27T21:48Z,NOAA-21 VIIRS,VJ214IMG.A2025058.2148.002.2025319202905.nc,2025-11-15T20:29:05.000Z,2.0.14,747947,a3310171a7b6a5a38acc8371e1fee25c50d7099984a5a24c56eaa35dac1f4faf,CLDMSK_L2_VIIRS_NOAA21.A2025058.2148.001.2025059073103.nc,2025-02-28T07:31:03.190Z,59235187,a4545d73ee2fe3a3a0f24944e13fafc7
A2025058.2154,2025-02-27T21:54Z,NOAA-21 VIIRS,VJ214IMG.A2025058.2154.002.2025319202906.nc,2025-11-15T20:29:06.000Z,2.0.14,1013872,b7a0957273dc66280f93dc650af985b199debe8db50beb9d89944bf28eccec30,CLDMSK_L2_VIIRS_NOAA21.A2025058.2154.001.2025059073103.nc,2025-02-28T07:31:03.320Z,57012935,fc35655ea6b15df499863149d776228f
A2025058.2330,2025-02-27T23:30Z,NOAA-21 VIIRS,VJ214IMG.A2025058.2330.002.2025319202907.nc,2025-11-15T20:29:07.000Z,2.0.14,1028242,18960a6bfb0eee98f51c696f4b8d3ab1fcdbd970349ee1fee0f299d8e6e48407,CLDMSK_L2_VIIRS_NOAA21.A2025058.2330.001.2025059073112.nc,2025-02-28T07:31:12.840Z,58766936,a6278b8031e23cc6ab42111b393932fe
A2025058.2336,2025-02-27T23:36Z,NOAA-21 VIIRS,VJ214IMG.A2025058.2336.002.2025319202903.nc,2025-11-15T20:29:03.000Z,2.0.14,823542,2191a256a597eab4c9798dcf156562b316327b1c1de6424855367462a456f45b,CLDMSK_L2_VIIRS_NOAA21.A2025058.2336.001.2025059073111.nc,2025-02-28T07:31:11.570Z,53678866,6e858aab1c3556eaadd930288e06c483
A2025059.2130,2025-02-28T21:30Z,NOAA-21 VIIRS,VJ214IMG.A2025059.2130.002.2025319204734.nc,2025-11-15T20:47:34.000Z,2.0.14,946306,62662c9235586b87c59b2e3626dd79700f8ca8357575f3604192e8cea1d4e766,CLDMSK_L2_VIIRS_NOAA21.A2025059.2130.001.2025060073148.nc,2025-03-01T07:31:48.140Z,57774881,513f0cc73bad38564549b496b328ba47
A2025059.2136,2025-02-28T21:36Z,NOAA-21 VIIRS,VJ214IMG.A2025059.2136.002.2025319204736.nc,2025-11-15T20:47:36.000Z,2.0.14,671758,d0c2ed8239487ce1a540870b9d06ccbf5cebc7a2c4676a3e8dd35a7d7e3a84b6,CLDMSK_L2_VIIRS_NOAA21.A2025059.2136.001.2025060073144.nc,2025-03-01T07:31:44.040Z,52779926,7e9facd9aa06630f1e769a88c33c523f
A2025059.2312,2025-02-28T23:12Z,NOAA-21 VIIRS,VJ214IMG.A2025059.2312.002.2025319204735.nc,2025-11-15T20:47:35.000Z,2.0.14,1051683,3f127b442abfade463fe5241f88182d9c0ced7d400f2355bf3a8e683575291e4,CLDMSK_L2_VIIRS_NOAA21.A2025059.2312.001.2025060073157.nc,2025-03-01T07:31:57.430Z,59419642,e85975fd62ed07df31b4b27486e4a698
A2025059.2318,2025-02-28T23:18Z,NOAA-21 VIIRS,VJ214IMG.A2025059.2318.002.2025319204734.nc,2025-11-15T20:47:34.000Z,2.0.14,592686,83cf321b83ddad61cbe9913c04f3123756324d3119e0d7549dc9dbb4c1a38df5,CLDMSK_L2_VIIRS_NOAA21.A2025059.2318.001.2025060073154.nc,2025-03-01T07:31:54.270Z,48792901,27f0d71a679c286a2055ba86a1aa0476
A2025060.2112,2025-03-01T21:12Z,NOAA-21 VIIRS,VJ214IMG.A2025060.2112.002.2025319210627.nc,2025-11-15T21:06:27.000Z,2.0.14,844868,5b556250af7d598250e06411a74000e54b50aafaa2e578f87ab36f7b077158af,CLDMSK_L2_VIIRS_NOAA21.A2025060.2112.001.2025061073231.nc,2025-03-02T07:32:31.750Z,57309654,3eedd3491241873e9d02c051764d572c
A2025060.2118,2025-03-01T21:18Z,NOAA-21 VIIRS,VJ214IMG.A2025060.2118.002.2025319210631.nc,2025-11-15T21:06:31.000Z,2.0.14,1146466,a502674e5f462c04d4fb70e02448e3d90ab0b5092c357cc0010243992c7a5040,CLDMSK_L2_VIIRS_NOAA21.A2025060.2118.001.2025061073243.nc,2025-03-02T07:32:43.260Z,53900046,0a1fb36bb3f4ee2df9d2697e07303686
A2025060.2254,2025-03-01T22:54Z,NOAA-21 VIIRS,VJ214IMG.A2025060.2254.002.2025319210629.nc,2025-11-15T21:06:29.000Z,2.0.14,1042304,1a2b6e2fea7bc1e899612567ffd4031f746adca75f414b37058efb7836f869b5,CLDMSK_L2_VIIRS_NOAA21.A2025060.2254.001.2025061073337.nc,2025-03-02T07:33:37.970Z,57819350,3a7133aabd0befbe158f384605f27962
A2025060.2300,2025-03-01T23:00Z,NOAA-21 VIIRS,VJ214IMG.A2025060.2300.002.2025319210630.nc,2025-11-15T21:06:30.000Z,2.0.14,634382,3c955758fe2bf406b66df2b59512d52d307c5fcd4eb505b904cfe6dc79ba56ff,CLDMSK_L2_VIIRS_NOAA21.A2025060.2300.001.2025061073337.nc,2025-03-02T07:33:37.600Z,49342216,8ab800190cc4cc55267c46af2734dbaf
A2025061.2054,2025-03-02T20:54Z,NOAA-21 VIIRS,VJ214IMG.A2025061.2054.002.2025319212505.nc,2025-11-15T21:25:05.000Z,2.0.14,986857,13780bca59f666d73b4235bd7c1dd1645fbec7a4210c79837b63869bbe97b220,CLDMSK_L2_VIIRS_NOAA21.A2025061.2054.001.2025062073334.nc,2025-03-03T07:33:34.010Z,56826016,8e4b826644471f44aa2eaed12c6e2ff0
A2025061.2100,2025-03-02T21:00Z,NOAA-21 VIIRS,VJ214IMG.A2025061.2100.002.2025319212504.nc,2025-11-15T21:25:04.000Z,2.0.14,1443660,dd9fbaddb31d0644dfd2f23ce88c77c41011168fdec3f79e82516909ead64fe4,CLDMSK_L2_VIIRS_NOAA21.A2025061.2100.001.2025062073327.nc,2025-03-03T07:33:27.770Z,54456490,432c327c86d5cd130d590132270215d9
A2025061.2236,2025-03-02T22:36Z,NOAA-21 VIIRS,VJ214IMG.A2025061.2236.002.2025319212505.nc,2025-11-15T21:25:05.000Z,2.0.14,1078981,4e0af374a32d1038521803da91ead7bbd31742d9ec5aaeddb1ff1f4f5a1f44f8,CLDMSK_L2_VIIRS_NOAA21.A2025061.2236.001.2025062073338.nc,2025-03-03T07:33:38.940Z,54879784,f9ef528fe44ed6f3fbd486ce2825bb62
A2025061.2242,2025-03-02T22:42Z,NOAA-21 VIIRS,VJ214IMG.A2025061.2242.002.2025319212506.nc,2025-11-15T21:25:06.000Z,2.0.14,653464,4b863f347725c6b41c798b7b4e4879e46e293d9b068543635a9e4cffd40f6709,CLDMSK_L2_VIIRS_NOAA21.A2025061.2242.001.2025062073333.nc,2025-03-03T07:33:33.070Z,52428780,47542079692c5586b99807b1cb8d28a2
A2025062.2042,2025-03-03T20:42Z,NOAA-21 VIIRS,VJ214IMG.A2025062.2042.002.2025319214304.nc,2025-11-15T21:43:04.000Z,2.0.14,1457527,9819414b57a3209dc5716f8543a041b25d84dfda55fdbcf05fc4bb86ac78afb6,CLDMSK_L2_VIIRS_NOAA21.A2025062.2042.001.2025063073415.nc,2025-03-04T07:34:15.390Z,54296221,8b2bc9fa04b4a20f87ab0b2b895a1354
A2025062.2218,2025-03-03T22:18Z,NOAA-21 VIIRS,VJ214IMG.A2025062.2218.002.2025319214304.nc,2025-11-15T21:43:04.000Z,2.0.14,1186662,37c2f46a35d0afef4bf3f2ef61913f63a6ec1f0adbe487276d2140c39ecf7260,CLDMSK_L2_VIIRS_NOAA21.A2025062.2218.001.2025063073428.nc,2025-03-04T07:34:28.280Z,56150248,2b433fc7b0e3141cba567a197c9b1b73
A2025062.2224,2025-03-03T22:24Z,NOAA-21 VIIRS,VJ214IMG.A2025062.2224.002.2025319214304.nc,2025-11-15T21:43:04.000Z,2.0.14,755749,78257a60b5fef9534111365f19d608696b95e48fb095073a7fc46926e8d61de5,CLDMSK_L2_VIIRS_NOAA21.A2025062.2224.001.2025063073421.nc,2025-03-04T07:34:21.230Z,55907190,29592c5865606f57fe0cc5870c2dbdc3
A2025062.2354,2025-03-03T23:54Z,NOAA-21 VIIRS,VJ214IMG.A2025062.2354.002.2025319214302.nc,2025-11-15T21:43:02.000Z,2.0.14,1117229,f4a06a25e616938ef593c78f723af0b3c3d5a1575bd6dbf4c44ff74159b11550,CLDMSK_L2_VIIRS_NOAA21.A2025062.2354.001.2025063073419.nc,2025-03-04T07:34:19.470Z,60101171,1a43b380681dc7a3fa7841ffe5925b60
A2025063.0000,2025-03-04T00:00Z,NOAA-21 VIIRS,VJ214IMG.A2025063.0000.002.2025319220132.nc,2025-11-15T22:01:32.000Z,2.0.14,864548,fa96e519f70694245c7d127ae4f88de4a720af9c951735635b54fb12a2429d50,CLDMSK_L2_VIIRS_NOAA21.A2025063.0000.001.2025063131403.nc,2025-03-04T13:14:03.100Z,52682501,635e6f480538023761828f6a63081f7a
A2025063.2154,2025-03-04T21:54Z,NOAA-21 VIIRS,VJ214IMG.A2025063.2154.002.2025319220133.nc,2025-11-15T22:01:33.000Z,2.0.14,681546,25eeda83bbde46d65898a6963c7c8cb956840dbe12b7bb8f5aeb5023f93c53d7,CLDMSK_L2_VIIRS_NOAA21.A2025063.2154.001.2025064073454.nc,2025-03-05T07:34:54.120Z,60445393,cce39c8829062777921da71d6570c393
A2025063.2200,2025-03-04T22:00Z,NOAA-21 VIIRS,VJ214IMG.A2025063.2200.002.2025319220136.nc,2025-11-15T22:01:36.000Z,2.0.14,809313,f44bdacbefd95ed43a6535c48e2d4132fb3b49a1f7c1ce9e5029bbe1c7990987,CLDMSK_L2_VIIRS_NOAA21.A2025063.2200.001.2025064073451.nc,2025-03-05T07:34:51.780Z,53352907,cf221d73ea42658b66419400a608131b
A2025063.2336,2025-03-04T23:36Z,NOAA-21 VIIRS,VJ214IMG.A2025063.2336.002.2025319220135.nc,2025-11-15T22:01:35.000Z,2.0.14,1059659,f51d8edc61738048e54491282ec3702f1aa50e92d39fc41278444ff3903e28ef,CLDMSK_L2_VIIRS_NOAA21.A2025063.2336.001.2025064073514.nc,2025-03-05T07:35:14.030Z,57825142,55e6427dd2b3ff40f078cc46223651bf
A2025063.2342,2025-03-04T23:42Z,NOAA-21 VIIRS,VJ214IMG.A2025063.2342.002.2025319220132.nc,2025-11-15T22:01:32.000Z,2.0.14,797319,ca2a1510f896111dcf49d614ad482138dd57cbd7a1269c2168f402b1af9602d1,CLDMSK_L2_VIIRS_NOAA21.A2025063.2342.001.2025064073522.nc,2025-03-05T07:35:22.410Z,52591169,5462f47f2e352a6401fb977f58a0f9da
A2025064.2136,2025-03-05T21:36Z,NOAA-21 VIIRS,VJ214IMG.A2025064.2136.002.2025319222006.nc,2025-11-15T22:20:06.000Z,2.0.14,873052,8c95374e46307a37e072135465e1c8bd31ad90ba662ae1d584d77fec015f5b6b,CLDMSK_L2_VIIRS_NOAA21.A2025064.2136.001.2025065073539.nc,2025-03-06T07:35:39.070Z,57410326,30d49f44b25d29b300fcf70acc24bc4f
A2025064.2142,2025-03-05T21:42Z,NOAA-21 VIIRS,VJ214IMG.A2025064.2142.002.2025319222004.nc,2025-11-15T22:20:04.000Z,2.0.14,624427,dae454ea3907b4fe99af19305b9badfc77d8335468a859bbd890e0a03a7fb84b,CLDMSK_L2_VIIRS_NOAA21.A2025064.2142.001.2025065073533.nc,2025-03-06T07:35:33.280Z,51484682,d00adff96351324931b2b952066bc6e3
A2025064.2318,2025-03-05T23:18Z,NOAA-21 VIIRS,VJ214IMG.A2025064.2318.002.2025319222006.nc,2025-11-15T22:20:06.000Z,2.0.14,1119727,2aa17840e77e94b32c06d477a088d94668ad6b7b5af7d4edd5abba29c840ec7e,CLDMSK_L2_VIIRS_NOAA21.A2025064.2318.001.2025065073619.nc,2025-03-06T07:36:19.030Z,56601999,d42553acc6bf66ff085487844997b533
A2025064.2324,2025-03-05T23:24Z,NOAA-21 VIIRS,VJ214IMG.A2025064.2324.002.2025319222005.nc,2025-11-15T22:20:05.000Z,2.0.14,936765,0aace601c1e82ce202ca6ebc488df70c02be5e49fe7d41f693873c91496a3b04,CLDMSK_L2_VIIRS_NOAA21.A2025064.2324.001.2025065073604.nc,2025-03-06T07:36:04.130Z,50814124,368565affc126a123f8b9a707d798ab4
A2025065.2118,2025-03-06T21:18Z,NOAA-21 VIIRS,VJ214IMG.A2025065.2118.002.2025319223903.nc,2025-11-15T22:39:03.000Z,2.0.14,937068,0e5cf14446b421775da5dccb9745515b79fbdd3aec8255f1d549d7f66be06b38,CLDMSK_L2_VIIRS_NOAA21.A2025065.2118.001.2025066073616.nc,2025-03-07T07:36:16.000Z,55862543,039d09025f45ce93c468038391010731
A2025065.2124,2025-03-06T21:24Z,NOAA-21 VIIRS,VJ214IMG.A2025065.2124.002.2025319223901.nc,2025-11-15T22:39:01.000Z,2.0.14,504165,39f75bab4acf533c21adc9a2e38769fc0645f820046dfeb4ac991c9bf202f683,CLDMSK_L2_VIIRS_NOAA21.A2025065.2124.001.2025066073611.nc,2025-03-07T07:36:11.920Z,50417584,99a4106c720c884270257e65250d64a2
A2025065.2300,2025-03-06T23:00Z,NOAA-21 VIIRS,VJ214IMG.A2025065.2300.002.2025319223906.nc,2025-11-15T22:39:06.000Z,2.0.14,1139346,1d236db193885964338c60c6069886b169c7e487a4c6f09b481a538826f00abb,CLDMSK_L2_VIIRS_NOAA21.A2025065.2300.001.2025066073620.nc,2025-03-07T07:36:20.030Z,56203452,fa7fb509cad30627fdb61bdd2d79c6a5
A2025065.2306,2025-03-06T23:06Z,NOAA-21 VIIRS,VJ214IMG.A2025065.2306.002.2025319223901.nc,2025-11-15T22:39:01.000Z,2.0.14,754811,cd1c9c0b142dc831f67627f9e0d8e9a746037ad08ad48a0613b9bb7661721ae3,CLDMSK_L2_VIIRS_NOAA21.A2025065.2306.001.2025066073653.nc,2025-03-07T07:36:53.090Z,51034406,63647d23e1e44a5ac01ceea5a9c5aa99
A2025066.2100,2025-03-07T21:00Z,NOAA-21 VIIRS,VJ214IMG.A2025066.2100.002.2025319225732.nc,2025-11-15T22:57:32.000Z,2.0.14,894247,fec2c0a545d26d9c7256f42f9f885d00a71b0b8ae7a16b8f674a974b14ccb478,CLDMSK_L2_VIIRS_NOAA21.A2025066.2100.001.2025067072648.nc,2025-03-08T07:26:48.760Z,56027109,99f1ba8c13c14fa8caec1a81d92af95d
A2025066.2106,2025-03-07T21:06Z,NOAA-21 VIIRS,VJ214IMG.A2025066.2106.002.2025319225730.nc,2025-11-15T22:57:30.000Z,2.0.14,477209,f2a837c53573985d9d2818c21d6aeb1d8c5bbdf4ef3f472e9518ef04b34210c2,CLDMSK_L2_VIIRS_NOAA21.A2025066.2106.001.2025067072650.nc,2025-03-08T07:26:50.770Z,50257205,e482960439acd41b5afe8ae953c241e6
A2025066.2242,2025-03-07T22:42Z,NOAA-21 VIIRS,VJ214IMG.A2025066.2242.002.2025319225735.nc,2025-11-15T22:57:35.000Z,2.0.14,1020916,e230d34c1fbb69c2fd41719345de4e2ab3569101de1beeeb4081fbf461277767,CLDMSK_L2_VIIRS_NOAA21.A2025066.2242.001.2025067072657.nc,2025-03-08T07:26:57.530Z,53312013,9ef0d01555bafa69d26f446d08cf44c9
A2025066.2248,2025-03-07T22:48Z,NOAA-21 VIIRS,VJ214IMG.A2025066.2248.002.2025319225732.nc,2025-11-15T22:57:32.000Z,2.0.14,829206,016ee8dec8051a61669bdedb4c4b2f4ecb4ead9015fd34279449e651a5006b21,CLDMSK_L2_VIIRS_NOAA21.A2025066.2248.001.2025067072659.nc,2025-03-08T07:26:59.080Z,53803085,36b06961c06882889b4c8ba5f1b7442a
A2025067.2042,2025-03-08T20:42Z,NOAA-21 VIIRS,VJ214IMG.A2025067.2042.002.2025319231538.nc,2025-11-15T23:15:38.000Z,2.0.14,996917,81b34d8be9e5c1c10f63b224e05d3e0bb5141a53afca9e0747d387909be5e6c7,CLDMSK_L2_VIIRS_NOAA21.A2025067.2042.001.2025068072723.nc,2025-03-09T07:27:23.880Z,56618335,a5370f44dcbacfac832d2a6216f50dd2
A2025067.2048,2025-03-08T20:48Z,NOAA-21 VIIRS,VJ214IMG.A2025067.2048.002.2025319231539.nc,2025-11-15T23:15:39.000Z,2.0.14,464357,582a33a95c9cfcc80214692989267be84e4f0ce6475dc50238fedfa037c6dc05,CLDMSK_L2_VIIRS_NOAA21.A2025067.2048.001.2025068072723.nc,2025-03-09T07:27:23.690Z,52231356,85bf6d6cb96db70d8750fdd04b57f045
A2025067.2224,2025-03-08T22:24Z,NOAA-21 VIIRS,VJ214IMG.A2025067.2224.002.2025319231537.nc,2025-11-15T23:15:37.000Z,2.0.14,1154484,aed5169ed59a5ef1fc7473c4a92035dd5b0132553ba41aca883ba600c48f844b,CLDMSK_L2_VIIRS_NOAA21.A2025067.2224.001.2025068072732.nc,2025-03-09T07:27:32.070Z,52620714,8d402433c706baebdc71b0ff2111b3d8
A2025067.2230,2025-03-08T22:30Z,NOAA-21 VIIRS,VJ214IMG.A2025067.2230.002.2025319231536.nc,2025-11-15T23:15:36.000Z,2.0.14,635931,71bc32e9fb58f8fbc4abb461dfec988d468860140f8e4e8655324b9cf8f31882,CLDMSK_L2_VIIRS_NOAA21.A2025067.2230.001.2025068072731.nc,2025-03-09T07:27:31.310Z,56406806,1d6369baf82ba6affe68fc859d6261ce
A2025068.0000,2025-03-09T00:00Z,NOAA-21 VIIRS,VJ214IMG.A2025068.0000.002.2025319233406.nc,2025-11-15T23:34:06.000Z,2.0.14,1395577,8041a77db94bf51f1e3979c97d06ea6a36bd38aa25e4962a582df7c4d0e88265,CLDMSK_L2_VIIRS_NOAA21.A2025068.0000.001.2025068131725.nc,2025-03-09T13:17:25.830Z,64578448,d1ee9f064e2a1d7395905b3080d0b8b5
A2025068.0006,2025-03-09T00:06Z,NOAA-21 VIIRS,VJ214IMG.A2025068.0006.002.2025319233410.nc,2025-11-15T23:34:10.000Z,2.0.14,720328,de003643feea648a87c9f3b3235c30809cf828ed7ea61a208911c86a06f88662,CLDMSK_L2_VIIRS_NOAA21.A2025068.0006.001.2025068131725.nc,2025-03-09T13:17:25.560Z,50347565,be255e00c4d021b0d0676ae0aee507ca
A2025068.2200,2025-03-09T22:00Z,NOAA-21 VIIRS,VJ214IMG.A2025068.2200.002.2025319233407.nc,2025-11-15T23:34:07.000Z,2.0.14,975364,3babb8b3f39baf447bfe3e61720d463169792321ef0585e954e0f4dbcb37706b,CLDMSK_L2_VIIRS_NOAA21.A2025068.2200.001.2025069072824.nc,2025-03-10T07:28:24.580Z,60505496,8579e12ab853b89286427400b1e64754
A2025068.2206,2025-03-09T22:06Z,NOAA-21 VIIRS,VJ214IMG.A2025068.2206.002.2025319233406.nc,2025-11-15T23:34:06.000Z,2.0.14,1140257,f279223a037608bc5792d64cf197b7f4e2d3e24535411e00accc5b47e5fb237a,CLDMSK_L2_VIIRS_NOAA21.A2025068.2206.001.2025069072823.nc,2025-03-10T07:28:23.670Z,54408319,8126efad02f690fc325a67407d1ae70f
A2025068.2212,2025-03-09T22:12Z,NOAA-21 VIIRS,VJ214IMG.A2025068.2212.002.2025319233407.nc,2025-11-15T23:34:07.000Z,2.0.14,602991,bb369945e4253e4e53f22843b5b876dff74eab8797cea7933f1543c7058f5081,CLDMSK_L2_VIIRS_NOAA21.A2025068.2212.001.2025069072823.nc,2025-03-10T07:28:23.290Z,57284029,c95f6951c07423cff4adef80a1e525a7
A2025068.2342,2025-03-09T23:42Z,NOAA-21 VIIRS,VJ214IMG.A2025068.2342.002.2025319233409.nc,2025-11-15T23:34:09.000Z,2.0.14,1422430,eae741d21ffcd64f8e2075622c910a1b9a952899dd0e1ed2b1e29475e681419b,CLDMSK_L2_VIIRS_NOAA21.A2025068.2342.001.2025069072809.nc,2025-03-10T07:28:09.700Z,61739798,a72546fbdf93a4c90873f2d4959d5ed5
A2025068.2348,2025-03-09T23:48Z,NOAA-21 VIIRS,VJ214IMG.A2025068.2348.002.2025319233406.nc,2025-11-15T23:34:06.000Z,2.0.14,590272,13990e3416df71ea8c00d1ed967584fa0cbda4dcdd615efc7c8903dc7db23024,CLDMSK_L2_VIIRS_NOAA21.A2025068.2348.001.2025069072826.nc,2025-03-10T07:28:26.250Z,48381925,1492b663bf7252a661a7f3897299c36a
A2025069.2142,2025-03-10T21:42Z,NOAA-21 VIIRS,VJ214IMG.A2025069.2142.002.2025319235235.nc,2025-11-15T23:52:35.000Z,2.0.14,1088099,4be696ebb6bcfa7472799b0f87dfa70085f1fae4003598b00920ec331aa7df33,CLDMSK_L2_VIIRS_NOAA21.A2025069.2142.001.2025070072912.nc,2025-03-11T07:29:12.300Z,57832600,42c4cf8d61d76607411686ecd0d1d60d
A2025069.2148,2025-03-10T21:48Z,NOAA-21 VIIRS,VJ214IMG.A2025069.2148.002.2025319235238.nc,2025-11-15T23:52:38.000Z,2.0.14,890291,040e5b6f6dbbe0fd2b4b4e9a0019c801630df39c2442986797c478ad7bd6bdb7,CLDMSK_L2_VIIRS_NOAA21.A2025069.2148.001.2025070072910.nc,2025-03-11T07:29:10.590Z,52358525,a8d20ab5b403c1a8bffe2a09e974e9fe
A2025069.2324,2025-03-10T23:24Z,NOAA-21 VIIRS,VJ214IMG.A2025069.2324.002.2025319235239.nc,2025-11-15T23:52:39.000Z,2.0.14,1276340,d2a3b91442f389cdd683fc79766232da02f927b8e5cd033fc8b923b449ce520b,CLDMSK_L2_VIIRS_NOAA21.A2025069.2324.001.2025070072858.nc,2025-03-11T07:28:58.640Z,58266121,290872f1ca078984b94085f1c37aadf0
A2025069.2330,2025-03-10T23:30Z,NOAA-21 VIIRS,VJ214IMG.A2025069.2330.002.2025319235240.nc,2025-11-15T23:52:40.000Z,2.0.14,514522,e39055073c51983645b285d74da386689f33935722868602ee253e6442e4c67c,CLDMSK_L2_VIIRS_NOAA21.A2025069.2330.001.2025070072858.nc,2025-03-11T07:28:58.610Z,48141098,aae5fdf2e9d77b6a644ed72134f21a38
A2025070.2124,2025-03-11T21:24Z,NOAA-21 VIIRS,VJ214IMG.A2025070.2124.002.2025320001030.nc,2025-11-16T00:10:30.000Z,2.0.14,1100705,cf92aafb8b5b76e586f9cab67caf2c6e5214aca2e6f05373225174530e0ba462,CLDMSK_L2_VIIRS_NOAA21.A2025070.2124.001.2025071072942.nc,2025-03-12T07:29:42.640Z,57552276,813fe7a7f31ae8dc703bfa981870b69e
A2025070.2130,2025-03-11T21:30Z,NOAA-21 VIIRS,VJ214IMG.A2025070.2130.002.2025320001034.nc,2025-11-16T00:10:34.000Z,2.0.14,766134,8dd7892d6359eb05980fda79dc556b9d08f728911994aa9b769dabddfb04f15a,CLDMSK_L2_VIIRS_NOAA21.A2025070.2130.001.2025071072940.nc,2025-03-12T07:29:40.740Z,52007271,7ee69427e6d7139df326344d1455aedd
A2025070.2306,2025-03-11T23:06Z,NOAA-21 VIIRS,VJ214IMG.A2025070.2306.002.2025320001032.nc,2025-11-16T00:10:32.000Z,2.0.14,1031375,a61477725df69c4993fd9d0b53f334e140e31c7429f01aef009116234e1232b3,CLDMSK_L2_VIIRS_NOAA21.A2025070.2306.001.2025071072927.nc,2025-03-12T07:29:27.630Z,54715812,5cfe01e6c1c8752845b764c988d574e0
A2025070.2312,2025-03-11T23:12Z,NOAA-21 VIIRS,VJ214IMG.A2025070.2312.002.2025320001033.nc,2025-11-16T00:10:33.000Z,2.0.14,574189,e87ffd09226af5aabde501848416e1fc3c1631b17ca65168f9856856d99e0021,CLDMSK_L2_VIIRS_NOAA21.A2025070.2312.001.2025071072926.nc,2025-03-12T07:29:26.800Z,50514176,2c7b44b7f5ad8663752f55d27984568b
A2025071.2106,2025-03-12T21:06Z,NOAA-21 VIIRS,VJ214IMG.A2025071.2106.002.2025320002833.nc,2025-11-16T00:28:33.000Z,2.0.14,1139721,9a77dabac9b97f6e6d7741e45b3d9bf7b53e20d48a71584a6c5e4e45ceb2332b,CLDMSK_L2_VIIRS_NOAA21.A2025071.2106.001.2025072072034.nc,2025-03-13T07:20:34.150Z,56448303,d30e6d155b78d2b560587a484190cdee
A2025071.2112,2025-03-12T21:12Z,NOAA-21 VIIRS,VJ214IMG.A2025071.2112.002.2025320002835.nc,2025-11-16T00:28:35.000Z,2.0.14,810633,cb69788d91179cef6a0d8b6e53f4e2dc13186c1ea199d256cb28df5f1d00d434,CLDMSK_L2_VIIRS_NOAA21.A2025071.2112.001.2025072072038.nc,2025-03-13T07:20:38.010Z,52028116,2e3154db77f760a7acbc830bf945d4b9
A2025071.2248,2025-03-12T22:48Z,NOAA-21 VIIRS,VJ214IMG.A2025071.2248.002.2025320002833.nc,2025-11-16T00:28:33.000Z,2.0.14,1021187,71e167ca0f4a1ffc11aab7308db79086cd29c1a0138c6d2af85d39a528ee6ef0,CLDMSK_L2_VIIRS_NOAA21.A2025071.2248.001.2025072072045.nc,2025-03-13T07:20:45.410Z,52703397,ae16e6a7ca5bd34e0f8123b1122ebb78
A2025071.2254,2025-03-12T22:54Z,NOAA-21 VIIRS,VJ214IMG.A2025071.2254.002.2025320002835.nc,2025-11-16T00:28:35.000Z,2.0.14,823893,d630bb220fc6ef5736d7ef08a42b4c7bfa6e64b19bd1375d34ec652d2728d47d,CLDMSK_L2_VIIRS_NOAA21.A2025071.2254.001.2025072072058.nc,2025-03-13T07:20:58.860Z,53091693,9066e1b737fe5c8138ed46e4d83b1b62
A2025072.2048,2025-03-13T20:48Z,NOAA-21 VIIRS,VJ214IMG.A2025072.2048.002.2025320004703.nc,2025-11-16T00:47:03.000Z,2.0.14,1066405,8bb64571db2980191d3ee8604f1f4cedf466f38b972f57ec60ba5a68055357e5,CLDMSK_L2_VIIRS_NOAA21.A2025072.2048.001.2025073073141.nc,2025-03-14T07:31:41.730Z,56411238,824e11fec2f67ad28520ae2418aaa408
A2025072.2054,2025-03-13T20:54Z,NOAA-21 VIIRS,VJ214IMG.A2025072.2054.002.2025320004706.nc,2025-11-16T00:47:06.000Z,2.0.14,743244,d1b688ee2668807b4e594bc84501f809571cd2e7f2f863c4d0345d16d607167c,CLDMSK_L2_VIIRS_NOAA21.A2025072.2054.001.2025073073124.nc,2025-03-14T07:31:24.100Z,53730665,b6893c94dee3f381c988c88bd05d6e5e
A2025072.2230,2025-03-13T22:30Z,NOAA-21 VIIRS,VJ214IMG.A2025072.2230.002.2025320004702.nc,2025-11-16T00:47:02.000Z,2.0.14,825687,c902d1ef20240875010d0b1490ce5271e1fcb02cd52fdca5bc7d6768f353c8ab,CLDMSK_L2_VIIRS_NOAA21.A2025072.2230.001.2025073073129.nc,2025-03-14T07:31:29.370Z,49739617,d16e60b1f2a5eee3a569c855f6e41dae
A2025072.2236,2025-03-13T22:36Z,NOAA-21 VIIRS,VJ214IMG.A2025072.2236.002.2025320004704.nc,2025-11-16T00:47:04.000Z,2.0.14,754435,a3698bf0214987c95a484762ff65f0718df0b4b7ddaf44b4c21625be51ce996e,CLDMSK_L2_VIIRS_NOAA21.A2025072.2236.001.2025073073131.nc,2025-03-14T07:31:31.020Z,54350699,9528994e8cfc3cc79677534145201d98
A2025073.2212,2025-03-14T22:12Z,NOAA-21 VIIRS,VJ214IMG.A2025073.2212.002.2025320010635.nc,2025-11-16T01:06:35.000Z,2.0.14,744941,28949363df4d67390ef95cd9a84e6d8457e4b2ca4c5bb93b8df7355acdc93222,CLDMSK_L2_VIIRS_NOAA21.A2025073.2212.001.2025074072412.nc,2025-03-15T07:24:12.790Z,48929518,ec48842e97a3c7e5597b727390f28816
A2025073.2218,2025-03-14T22:18Z,NOAA-21 VIIRS,VJ214IMG.A2025073.2218.002.2025320010633.nc,2025-11-16T01:06:33.000Z,2.0.14,531918,86d9493ac6b544055a8afc887627d76a53fee12d5363ca2675e549ba1c1da472,CLDMSK_L2_VIIRS_NOAA21.A2025073.2218.001.2025074072245.nc,2025-03-15T07:22:45.640Z,55269508,fc6d0e92cca6f6995f6a30b4fa85f7ae
A2025073.2348,2025-03-14T23:48Z,NOAA-21 VIIRS,VJ214IMG.A2025073.2348.002.2025320010638.nc,2025-11-16T01:06:38.000Z,2.0.14,1330834,94e506d6abb8586aae3b71d9f4623ae35727488595486c15647d788fb08d357d,CLDMSK_L2_VIIRS_NOAA21.A2025073.2348.001.2025074072202.nc,2025-03-15T07:22:02.710Z,56402339,49b0cff675f62544a8f4bd20ae4e43c0
A2025073.2354,2025-03-14T23:54Z,NOAA-21 VIIRS,VJ214IMG.A2025073.2354.002.2025320010635.nc,2025-11-16T01:06:35.000Z,2.0.14,491416,61dff11c6497a5527993820f688ab46ae9741be459c6b3063e2be0d1aa6560ae,CLDMSK_L2_VIIRS_NOAA21.A2025073.2354.001.2025074072216.nc,2025-03-15T07:22:16.330Z,46036299,013c4626e14e2bf1dd17c4e75d7e975d
A2025074.2148,2025-03-15T21:48Z,NOAA-21 VIIRS,VJ214IMG.A2025074.2148.002.2025320012705.nc,2025-11-16T01:27:05.000Z,2.0.14,1139462,1bb34dd4cfd451ee5841ec13be833fe61b580d4b4bb1d82219e1752c2d159c9d,CLDMSK_L2_VIIRS_NOAA21.A2025074.2148.001.2025075072250.nc,2025-03-16T07:22:50.400Z,55450685,53501dc35a55fb99842a73bf159ab6ca
A2025074.2154,2025-03-15T21:54Z,NOAA-21 VIIRS,VJ214IMG.A2025074.2154.002.2025320012705.nc,2025-11-16T01:27:05.000Z,2.0.14,774534,30644e684fc7d4e824c0dbb33204ac84267c9ddb6bb908e1a042217629d9379e,CLDMSK_L2_VIIRS_NOAA21.A2025074.2154.001.2025075072256.nc,2025-03-16T07:22:56.990Z,49330295,197bfa46a88524e23e87729903f45abf
A2025074.2330,2025-03-15T23:30Z,NOAA-21 VIIRS,VJ214IMG.A2025074.2330.002.2025320012707.nc,2025-11-16T01:27:07.000Z,2.0.14,1300426,205a4ebbfb440203fb432a067868a5160c9b4c5de71fd65b0f9ad2dc80857242,CLDMSK_L2_VIIRS_NOAA21.A2025074.2330.001.2025075072252.nc,2025-03-16T07:22:52.660Z,55977250,123404712ea02548dabd35380ffd21ce
A2025074.2336,2025-03-15T23:36Z,NOAA-21 VIIRS,VJ214IMG.A2025074.2336.002.2025320012708.nc,2025-11-16T01:27:08.000Z,2.0.14,591409,b423d6d3f3b2666b1f33c7a6e7e7dfb36a5163a710eb1f5f6e4c6edd0fba1f86,CLDMSK_L2_VIIRS_NOAA21.A2025074.2336.001.2025075072251.nc,2025-03-16T07:22:51.380Z,47560887,5af9e8eee1e5a0f256f24a4f0086d2e2
A2025075.2130,2025-03-16T21:30Z,NOAA-21 VIIRS,VJ214IMG.A2025075.2130.002.2025320014606.nc,2025-11-16T01:46:06.000Z,2.0.14,1167772,e5b593cfcda77fd69de68bd9588d9ef26c1dfb6e80c63b26ab5b869179484893,CLDMSK_L2_VIIRS_NOAA21.A2025075.2130.001.2025076124321.nc,2025-03-17T12:43:21.410Z,54168928,0f99a58de17ed609a5110f7a8d98557b
A2025075.2136,2025-03-16T21:36Z,NOAA-21 VIIRS,VJ214IMG.A2025075.2136.002.2025320014604.nc,2025-11-16T01:46:04.000Z,2.0.14,1045434,b93dcb0d8c6bcb8892998899941dd838dd9dd54e0dc49698388628cad2930afd,CLDMSK_L2_VIIRS_NOAA21.A2025075.2136.001.2025076072353.nc,2025-03-17T07:23:53.330Z,54347612,cc73675eab7fbbfb46d6dbf9f87ed130
A2025075.2312,2025-03-16T23:12Z,NOAA-21 VIIRS,VJ214IMG.A2025075.2312.002.2025320014600.nc,2025-11-16T01:46:00.000Z,2.0.14,1360666,23cb39b6697f2df95eaae4dbede9000b31fa564def78d996a2e0df2a0da278cc,CLDMSK_L2_VIIRS_NOAA21.A2025075.2312.001.2025076072638.nc,2025-03-17T07:26:38.010Z,54227339,c0f95faedc0a61fba8f32c618a16c183
A2025075.2318,2025-03-16T23:18Z,NOAA-21 VIIRS,VJ214IMG.A2025075.2318.002.2025320014602.nc,2025-11-16T01:46:02.000Z,2.0.14,771533,4c8d4caed3b43a53a114d0841a0f98328e46cd2258a6770424815e488f96308f,CLDMSK_L2_VIIRS_NOAA21.A2025075.2318.001.2025076072405.nc,2025-03-17T07:24:05.320Z,49671779,9dc27bf8f763e504cbe2255c0c493ae6
A2025076.2112,2025-03-17T21:12Z,NOAA-21 VIIRS,VJ214IMG.A2025076.2112.002.2025320020433.nc,2025-11-16T02:04:33.000Z,2.0.14,1122778,f7b74f40cebd3b7b41f1aaf925b01ef9adbd0e8a32e2421115c69d00c40145e4,CLDMSK_L2_VIIRS_NOAA21.A2025076.2112.001.2025077072427.nc,2025-03-18T07:24:27.590Z,52882233,4bca1a87aca03e4626805c279d4767cd
A2025076.2118,2025-03-17T21:18Z,NOAA-21 VIIRS,VJ214IMG.A2025076.2118.002.2025320020432.nc,2025-11-16T02:04:32.000Z,2.0.14,787143,96cf4f1aeb73f01dc61124368f7bba72d442e6af3b4f128e983f8f48ee69fe99,CLDMSK_L2_VIIRS_NOAA21.A2025076.2118.001.2025077072427.nc,2025-03-18T07:24:27.550Z,52773464,23518a640c7b4489f6cea4b676581adc
A2025076.2254,2025-03-17T22:54Z,NOAA-21 VIIRS,VJ214IMG.A2025076.2254.002.2025320020434.nc,2025-11-16T02:04:34.000Z,2.0.14,1073994,f0ca78c3c585b9a8eca66f395190a566e164aca484e921059611bfd4a371bb9a,CLDMSK_L2_VIIRS_NOAA21.A2025076.2254.001.2025077072410.nc,2025-03-18T07:24:10.580Z,51864230,9ec572867463aa14b3f51e39e4f3ad1a
A2025076.2300,2025-03-17T23:00Z,NOAA-21 VIIRS,VJ214IMG.A2025076.2300.002.2025320020431.nc,2025-11-16T02:04:31.000Z,2.0.14,863815,061fb15ae8724bce69028f0fad0d808bfcfa7445b9ef100152f7dfb51ee8b1ed,CLDMSK_L2_VIIRS_NOAA21.A2025076.2300.001.2025077072428.nc,2025-03-18T07:24:28.330Z,52724625,3638e617f90addff88e20dfb8b69bdf5
A2025077.2054,2025-03-18T20:54Z,NOAA-21 VIIRS,VJ214IMG.A2025077.2054.002.2025320022733.nc,2025-11-16T02:27:33.000Z,2.0.14,1106139,b99c1c2c58893a50a77df9620ba7ac44ef72779ce47196cb3ae6412ebe30ba37,CLDMSK_L2_VIIRS_NOAA21.A2025077.2054.001.2025078073116.nc,2025-03-19T07:31:16.660Z,52648468,2b59dd31930b40b7c58d4454ac794349
A2025077.2100,2025-03-18T21:00Z,NOAA-21 VIIRS,VJ214IMG.A2025077.2100.002.2025320022733.nc,2025-11-16T02:27:33.000Z,2.0.14,750273,30b058df648bc3e3797079fb19d899bd72c70f0a0067631ef0919487ddf9e5f3,CLDMSK_L2_VIIRS_NOAA21.A2025077.2100.001.2025078073115.nc,2025-03-19T07:31:15.310Z,51825926,b50ae81d07ba715b3f97312ad7f718e0
A2025077.2236,2025-03-18T22:36Z,NOAA-21 VIIRS,VJ214IMG.A2025077.2236.002.2025320022734.nc,2025-11-16T02:27:34.000Z,2.0.14,902338,00b549477fc1110c4ee389342a761e9dea189e0c0bbf66ac1c7d622d6bdf6b1c,CLDMSK_L2_VIIRS_NOAA21.A2025077.2236.001.2025078073122.nc,2025-03-19T07:31:22.220Z,50798458,54b3300c5d87205b37a5379bf690ed8f
A2025077.2242,2025-03-18T22:42Z,NOAA-21 VIIRS,VJ214IMG.A2025077.2242.002.2025320022731.nc,2025-11-16T02:27:31.000Z,2.0.14,1090580,e0cd83d9a95a96c51af972c42b5de291bf86d7d716f313c99d3e5603be7e8b00,CLDMSK_L2_VIIRS_NOAA21.A2025077.2242.001.2025078073122.nc,2025-03-19T07:31:22.070Z,54528362,f3e0c01e218a93d129d36ec9b6b0225d
A2025078.2042,2025-03-19T20:42Z,NOAA-21 VIIRS,VJ214IMG.A2025078.2042.002.2025320025201.nc,2025-11-16T02:52:01.000Z,2.0.14,684930,4cd22d01314b8764800ba5dbaaa82145f6b359b04fe865130486ad242e90867f,CLDMSK_L2_VIIRS_NOAA21.A2025078.2042.001.2025079074057.nc,2025-03-20T07:40:57.780Z,54298651,dfbe1fe75abe0844dc46c1486ca6cf32
A2025078.2218,2025-03-19T22:18Z,NOAA-21 VIIRS,VJ214IMG.A2025078.2218.002.2025320025204.nc,2025-11-16T02:52:04.000Z,2.0.14,924605,50e5c982fc39064db53be2f36b6129d89128985973e83a369adcf63ac058b288,CLDMSK_L2_VIIRS_NOAA21.A2025078.2218.001.2025079074106.nc,2025-03-20T07:41:06.030Z,50625877,a3bcc3cb0057d849dccc0eea253703dd
A2025078.2224,2025-03-19T22:24Z,NOAA-21 VIIRS,VJ214IMG.A2025078.2224.002.2025320025204.nc,2025-11-16T02:52:04.000Z,2.0.14,883401,e04baf89cb273ffb8d94ca0f41db60f41036db9fd6fc37ea7c4450d8a012b47b,CLDMSK_L2_VIIRS_NOAA21.A2025078.2224.001.2025079074106.nc,2025-03-20T07:41:06.420Z,54184253,b087f0a7dd317e0d9d783e358870ffb2
A2025078.2354,2025-03-19T23:54Z,NOAA-21 VIIRS,VJ214IMG.A2025078.2354.002.2025320025200.nc,2025-11-16T02:52:00.000Z,2.0.14,1447287,77983e5f4ee0190a0cfe8fc5a9352b959f2ea1409a1f4376528766ff94c869fc,CLDMSK_L2_VIIRS_NOAA21.A2025078.2354.001.2025079171558.nc,2025-03-20T17:15:58.810Z,63890609,f76f76b60fe9d0824594d123cd26091d
A2025079.0000,2025-03-20T00:00Z,NOAA-21 VIIRS,VJ214IMG.A2025079.0000.002.2025320031330.nc,2025-11-16T03:13:30.000Z,2.0.14,556453,1c26e52f8ecde1eec3627ad55b5407d529d5d69241af20d55c28fee387defe8d,CLDMSK_L2_VIIRS_NOAA21.A2025079.0000.001.2025079171600.nc,2025-03-20T17:16:00.500Z,49977377,162d43c2b7baff862cb9bc967a956c6c
A2025079.2154,2025-03-20T21:54Z,NOAA-21 VIIRS,VJ214IMG.A2025079.2154.002.2025320031403.nc,2025-11-16T03:14:03.000Z,2.0.14,1461793,f0be702f06e0e8b29b657e0149907be01f8dc0e9c59017ecacef82f0cc5bf30f,CLDMSK_L2_VIIRS_NOAA21.A2025079.2154.001.2025080073145.nc,2025-03-21T07:31:45.140Z,59442495,09dac18a6c4681dfea74b6c0ed1ca88b
A2025079.2200,2025-03-20T22:00Z,NOAA-21 VIIRS,VJ214IMG.A2025079.2200.002.2025320031402.nc,2025-11-16T03:14:02.000Z,2.0.14,852836,ff19729a46de4cf910cb6eab31ca0460229a4b980337a1a7df5586c6806d0b1e,CLDMSK_L2_VIIRS_NOAA21.A2025079.2200.001.2025080073142.nc,2025-03-21T07:31:42.560Z,50908562,b2bbeaf6aa2a1a7dc5fa55876f207625
A2025079.2336,2025-03-20T23:36Z,NOAA-21 VIIRS,VJ214IMG.A2025079.2336.002.2025320031404.nc,2025-11-16T03:14:04.000Z,2.0.14,1380802,2e8ba0b5b4a1780a07a5141fd522df2d3cb211ed2356adde64eac9a137adb3f2,CLDMSK_L2_VIIRS_NOAA21.A2025079.2336.001.2025080073156.nc,2025-03-21T07:31:56.670Z,62168358,17e10c9b7fd94478fe0a1632b630e616
A2025079.2342,2025-03-20T23:42Z,NOAA-21 VIIRS,VJ214IMG.A2025079.2342.002.2025320031400.nc,2025-11-16T03:14:00.000Z,2.0.14,607126,66d6ef5a6ed232e727a46430cbab119dcb3ed1fc2e5a8d3e91e0e6ad81982f48,CLDMSK_L2_VIIRS_NOAA21.A2025079.2342.001.2025080073149.nc,2025-03-21T07:31:49.530Z,48991664,701e486b0e957987955f83ebc4ad73e4
A2025080.2136,2025-03-21T21:36Z,NOAA-21 VIIRS,VJ214IMG.A2025080.2136.002.2025320033306.nc,2025-11-16T03:33:06.000Z,2.0.14,1439188,b42e7a34961875873996ea71c883d9802d941c7b8916445939a4dd837cd1327b,CLDMSK_L2_VIIRS_NOAA21.A2025080.2136.001.2025081074102.nc,2025-03-22T07:41:02.410Z,58842913,e77903ec8854a4ecdda0e39f0c0a1472
A2025080.2142,2025-03-21T21:42Z,NOAA-21 VIIRS,VJ214IMG.A2025080.2142.002.2025320033305.nc,2025-11-16T03:33:05.000Z,2.0.14,724536,db90db0d749da43c6f803a77956196a5f370b649ed67d73ef7bba01e886189f9,CLDMSK_L2_VIIRS_NOAA21.A2025080.2142.001.2025081074118.nc,2025-03-22T07:41:18.510Z,51099846,c20e6a683d9ecdf3c922a452277fe3de
A2025080.2318,2025-03-21T23:18Z,NOAA-21 VIIRS,VJ214IMG.A2025080.2318.002.2025320033306.nc,2025-11-16T03:33:06.000Z,2.0.14,1233533,c440b73e0c4c99c41a4d4806c03905a3a6914f3e376d884f404027d4c52450c6,CLDMSK_L2_VIIRS_NOAA21.A2025080.2318.001.2025081074131.nc,2025-03-22T07:41:31.870Z,58250793,71c4b05b13deebdc6e7688db0d3bb63e
A2025080.2324,2025-03-21T23:24Z,NOAA-21 VIIRS,VJ214IMG.A2025080.2324.002.2025320033305.nc,2025-11-16T03:33:05.000Z,2.0.14,668214,7cf297a1edd04505a38ad890c81fa5e96136fc31efd3656d220729a7a1040bec,CLDMSK_L2_VIIRS_NOAA21.A2025080.2324.001.2025081074123.nc,2025-03-22T07:41:23.500Z,50331610,b9462f071b5dcf400b80bd8ff0d0bb72
A2025081.2118,2025-03-22T21:18Z,NOAA-21 VIIRS,VJ214IMG.A2025081.2118.002.2025320035435.nc,2025-11-16T03:54:35.000Z,2.0.14,1367249,ba202f7fb7e61fc25c7dfcc2b945d9b5d9d23645cf4c8a3732d1461d472907c9,CLDMSK_L2_VIIRS_NOAA21.A2025081.2118.001.2025082073141.nc,2025-03-23T07:31:41.690Z,57540378,8b599c6ad6bf523a59b2d4c196e6b5bd
A2025081.2124,2025-03-22T21:24Z,NOAA-21 VIIRS,VJ214IMG.A2025081.2124.002.2025320035431.nc,2025-11-16T03:54:31.000Z,2.0.14,576969,fd2704d62087d8dd31d064eb1a0d89a38a5b561e8b8cff9552b55331838163ca,CLDMSK_L2_VIIRS_NOAA21.A2025081.2124.001.2025082073138.nc,2025-03-23T07:31:38.410Z,50602175,34585025c8720968ddb50f7bad8535fc
A2025081.2300,2025-03-22T23:00Z,NOAA-21 VIIRS,VJ214IMG.A2025081.2300.002.2025320035433.nc,2025-11-16T03:54:33.000Z,2.0.14,1209380,f10323c2be200df818a83e0981a82667f962d100f445f49184a46c3a1658e444,CLDMSK_L2_VIIRS_NOAA21.A2025081.2300.001.2025082073146.nc,2025-03-23T07:31:46.380Z,56042174,2b33f5e814215302639dcf390a5eca69
A2025081.2306,2025-03-22T23:06Z,NOAA-21 VIIRS,VJ214IMG.A2025081.2306.002.2025320035433.nc,2025-11-16T03:54:33.000Z,2.0.14,783365,722424f93553e4accb421e89a6098e0ece893ce295f688280e63d28d1ce19aaf,CLDMSK_L2_VIIRS_NOAA21.A2025081.2306.001.2025082073146.nc,2025-03-23T07:31:46.790Z,52743782,c51124c55eb8d938468678623188cfe2
A2025082.2100,2025-03-23T21:00Z,NOAA-21 VIIRS,VJ214IMG.A2025082.2100.002.2025320042136.nc,2025-11-16T04:21:36.000Z,2.0.14,966537,8b06af5bad6b3154d442cad45aba929fade0612b29d3626e59fd7db59009d6f5,CLDMSK_L2_VIIRS_NOAA21.A2025082.2100.001.2025083074129.nc,2025-03-24T07:41:29.340Z,54110269,4b88c9b93be6cd8ce9ce0154fb798987
A2025082.2106,2025-03-23T21:06Z,NOAA-21 VIIRS,VJ214IMG.A2025082.2106.002.2025320042135.nc,2025-11-16T04:21:35.000Z,2.0.14,663997,1937e609f0040fa355a876c361a3d99f41a53991b722bed93b75f174a1991a6e,CLDMSK_L2_VIIRS_NOAA21.A2025082.2106.001.2025083074134.nc,2025-03-24T07:41:34.450Z,51849449,e9aee4c4124e76f7321e6fefab678964
A2025082.2242,2025-03-23T22:42Z,NOAA-21 VIIRS,VJ214IMG.A2025082.2242.002.2025320042134.nc,2025-11-16T04:21:34.000Z,2.0.14,1128016,b7242ff4b712b2cc1b8d50fedd67da6e0d9786051c8f8d7aff4434a37dfc1ed3,CLDMSK_L2_VIIRS_NOAA21.A2025082.2242.001.2025083074120.nc,2025-03-24T07:41:20.550Z,54225510,c461700d79e3a581cbf1c1969ec90872
A2025082.2248,2025-03-23T22:48Z,NOAA-21 VIIRS,VJ214IMG.A2025082.2248.002.2025320042132.nc,2025-11-16T04:21:32.000Z,2.0.14,890350,70d2be91ef12d3033cf78570897d8b52ea168fa33e2407c36064f737b3844343,CLDMSK_L2_VIIRS_NOAA21.A2025082.2248.001.2025083074120.nc,2025-03-24T07:41:20.690Z,54504275,352163336647e001427f082bdcd8c419
A2025083.2042,2025-03-24T20:42Z,NOAA-21 VIIRS,VJ214IMG.A2025083.2042.002.2025320044107.nc,2025-11-16T04:41:07.000Z,2.0.14,978240,d033e991a82bf98e20cfdbb6a25fb8104cad05981d1aeaa1ad2ed7df970afed7,CLDMSK_L2_VIIRS_NOAA21.A2025083.2042.001.2025084073118.nc,2025-03-25T07:31:18.690Z,54426702,23f1b7fd910e1decb6b7d52aa5e204ba
A2025083.2048,2025-03-24T20:48Z,NOAA-21 VIIRS,VJ214IMG.A2025083.2048.002.2025320044107.nc,2025-11-16T04:41:07.000Z,2.0.14,865170,29c2996984dae1905daa8a862055267eeb1ef5f77587eccbef7a09a6d3934c70,CLDMSK_L2_VIIRS_NOAA21.A2025083.2048.001.2025084073123.nc,2025-03-25T07:31:23.060Z,52983782,5539ebe3d8820d02ac484030e4e3945e
A2025083.2224,2025-03-24T22:24Z,NOAA-21 VIIRS,VJ214IMG.A2025083.2224.002.2025320044107.nc,2025-11-16T04:41:07.000Z,2.0.14,986161,77651312190fdace8061d8e4937f7fa27625589adb0a807ac85b1e202c556275,CLDMSK_L2_VIIRS_NOAA21.A2025083.2224.001.2025084073124.nc,2025-03-25T07:31:24.460Z,52298918,0b646e5bb01ad3465fba008b0dc6c465
A2025083.2230,2025-03-24T22:30Z,NOAA-21 VIIRS,VJ214IMG.A2025083.2230.002.2025320044104.nc,2025-11-16T04:41:04.000Z,2.0.14,1147962,3543227163815ac6624ee5b2ac21cffa79aed559bfcb83a2be3b9a4635db0d39,CLDMSK_L2_VIIRS_NOAA21.A2025083.2230.001.2025084073122.nc,2025-03-25T07:31:22.450Z,55783755,d995945bd26572a65b39c35f774691d6
A2025084.0000,2025-03-25T00:00Z,NOAA-21 VIIRS,VJ214IMG.A2025084.0000.002.2025326154322.nc,2025-11-22T15:43:22.000Z,2.0.14,1522798,ce4650836074705e19f97ddab68f0cf806759c6a33ff36947b0fcd8b3a30136f,CLDMSK_L2_VIIRS_NOAA21.A2025084.0000.001.2025084130147.nc,2025-03-25T13:01:47.680Z,58299411,579297727e11c485b8b8244ba1781177
A2025084.2200,2025-03-25T22:00Z,NOAA-21 VIIRS,VJ214IMG.A2025084.2200.002.2025326154323.nc,2025-11-22T15:43:23.000Z,2.0.14,1499525,c84b4aaf3670488bf618ff3fdf2b48d826eda41477dbb54dcb5702f8a161f7d0,CLDMSK_L2_VIIRS_NOAA21.A2025084.2200.001.2025085073130.nc,2025-03-26T07:31:30.020Z,59338784,0fcf3d6c4e78d845c2e97328ffaed3e4
A2025084.2206,2025-03-25T22:06Z,NOAA-21 VIIRS,VJ214IMG.A2025084.2206.002.2025326154326.nc,2025-11-22T15:43:26.000Z,2.0.14,842822,c4b8d46fcd6a46e61485eff6f7689e49d50576a8a731b69b733269b2a107b32a,CLDMSK_L2_VIIRS_NOAA21.A2025084.2206.001.2025085073129.nc,2025-03-26T07:31:29.540Z,52711401,f22aa60c2a820660f75af34403135f7a
A2025084.2212,2025-03-25T22:12Z,NOAA-21 VIIRS,VJ214IMG.A2025084.2212.002.2025326154324.nc,2025-11-22T15:43:24.000Z,2.0.14,1433616,f6e008ef891bfd916efb80e2f199a8c76e7a174503cf26bba4607fd31d2b025d,CLDMSK_L2_VIIRS_NOAA21.A2025084.2212.001.2025085073131.nc,2025-03-26T07:31:31.340Z,56528316,5880008bbef8444fff6defacf072f54f
A2025084.2342,2025-03-25T23:42Z,NOAA-21 VIIRS,VJ214IMG.A2025084.2342.002.2025326154326.nc,2025-11-22T15:43:26.000Z,2.0.14,1273030,ebd09099e705711b533191ba09190ae314ab81a88a7572a8475d714ee0749be8,CLDMSK_L2_VIIRS_NOAA21.A2025084.2342.001.2025085073122.nc,2025-03-26T07:31:22.760Z,55782597,b770ca93617b31e51424527055d53f40
A2025084.2348,2025-03-25T23:48Z,NOAA-21 VIIRS,VJ214IMG.A2025084.2348.002.2025326154326.nc,2025-11-22T15:43:26.000Z,2.0.14,801948,7c9293cbaca049662508695ce59ca7aed1e0656d535040b783ce2b7dcb3a46f2,CLDMSK_L2_VIIRS_NOAA21.A2025084.2348.001.2025085073121.nc,2025-03-26T07:31:21.720Z,47885071,585e595b1b705f2c9884042bfc814523
A2025085.2142,2025-03-26T21:42Z,NOAA-21 VIIRS,VJ214IMG.A2025085.2142.002.2025326155421.nc,2025-11-22T15:54:21.000Z,2.0.14,1303137,001f1f276bced52f0f1f03bf26fb1333f181d20055c5240bbb5b2834b70796db,CLDMSK_L2_VIIRS_NOAA21.A2025085.2142.001.2025086073116.nc,2025-03-27T07:31:16.580Z,60911255,a3e9392235a1ec7b12fb9982e693af68
A2025085.2148,2025-03-26T21:48Z,NOAA-21 VIIRS,VJ214IMG.A2025085.2148.002.2025326155417.nc,2025-11-22T15:54:17.000Z,2.0.14,835306,c1f468fbc61b4e0a5a53036123b96151f0f887bb66fca0d3096acb6aec80f5cc,CLDMSK_L2_VIIRS_NOAA21.A2025085.2148.001.2025086073117.nc,2025-03-27T07:31:17.590Z,51342593,2d80ee8b39bae550a694968c4da6c9cb
A2025085.2324,2025-03-26T23:24Z,NOAA-21 VIIRS,VJ214IMG.A2025085.2324.002.2025326155418.nc,2025-11-22T15:54:18.000Z,2.0.14,1383005,abed48b100c1814b437470a78995cf554943382375e644e3288af6931169f33f,CLDMSK_L2_VIIRS_NOAA21.A2025085.2324.001.2025086073128.nc,2025-03-27T07:31:28.190Z,57086457,721ae28b6946d1b2deeb5bc89becde8b
A2025085.2330,2025-03-26T23:30Z,NOAA-21 VIIRS,VJ214IMG.A2025085.2330.002.2025326155421.nc,2025-11-22T15:54:21.000Z,2.0.14,753427,53b4358b651c14690452f732147a2f25131364001627acd77f6d96d8df08d3ba,CLDMSK_L2_VIIRS_NOAA21.A2025085.2330.001.2025086074037.nc,2025-03-27T07:40:37.760Z,49124071,49d56d4fc018d53db70f16ff6fdddc66
A2025086.2124,2025-03-27T21:24Z,NOAA-21 VIIRS,VJ214IMG.A2025086.2124.002.2025326161252.nc,2025-11-22T16:12:52.000Z,2.0.14,1076365,95655f415c03da8190e4c8601a460c51fdff4bb5b961fc46f40d1c4d1956a51b,CLDMSK_L2_VIIRS_NOAA21.A2025086.2124.001.2025087074109.nc,2025-03-28T07:41:09.690Z,57560025,ea117e063b48df90f7c854492eb4c045
A2025086.2130,2025-03-27T21:30Z,NOAA-21 VIIRS,VJ214IMG.A2025086.2130.002.2025326161256.nc,2025-11-22T16:12:56.000Z,2.0.14,813786,74a4b978a223a86683321af12a39cea765affab24cd10c420526cb73b9c3a205,CLDMSK_L2_VIIRS_NOAA21.A2025086.2130.001.2025087074108.nc,2025-03-28T07:41:08.810Z,53988700,7f45b3a6abbd92272bd8e1f986b8a5ee
A2025086.2306,2025-03-27T23:06Z,NOAA-21 VIIRS,VJ214IMG.A2025086.2306.002.2025326161256.nc,2025-11-22T16:12:56.000Z,2.0.14,1367279,acd333dd6efc00207aca60dc2910be0ba40a388cd6f2ee6b4ee4c7491ba94d70,CLDMSK_L2_VIIRS_NOAA21.A2025086.2306.001.2025087074125.nc,2025-03-28T07:41:25.430Z,57065603,430502e52ae43eee932979581458252f
A2025086.2312,2025-03-27T23:12Z,NOAA-21 VIIRS,VJ214IMG.A2025086.2312.002.2025326161255.nc,2025-11-22T16:12:55.000Z,2.0.14,872064,88f0ce0d9c9a97d5dc595ae32ed759b7a603e14a20004e0c0fdca049fe48cfc6,CLDMSK_L2_VIIRS_NOAA21.A2025086.2312.001.2025087074116.nc,2025-03-28T07:41:16.830Z,50584017,9717ae41f453d807f863ce523e824963
A2025087.2106,2025-03-28T21:06Z,NOAA-21 VIIRS,VJ214IMG.A2025087.2106.002.2025326163457.nc,2025-11-22T16:34:57.000Z,2.0.14,928513,031205e73c35df2d14525fc15542a6733c681237c3e52d3476c2a404ded9fe02,CLDMSK_L2_VIIRS_NOAA21.A2025087.2106.001.2025088075102.nc,2025-03-29T07:51:02.340Z,55947531,cde728b9f7914fe83aa0db1ca809761c
A2025087.2112,2025-03-28T21:12Z,NOAA-21 VIIRS,VJ214IMG.A2025087.2112.002.2025326163456.nc,2025-11-22T16:34:56.000Z,2.0.14,809129,9c75eaa3dbc360c1027c3f68074cc6da9e6ff4ca0a4d66b901f7433d521b2397,CLDMSK_L2_VIIRS_NOAA21.A2025087.2112.001.2025088075102.nc,2025-03-29T07:51:02.430Z,54510511,c23924affe86626ca017190d4521d94b
A2025087.2248,2025-03-28T22:48Z,NOAA-21 VIIRS,VJ214IMG.A2025087.2248.002.2025326163454.nc,2025-11-22T16:34:54.000Z,2.0.14,1163004,8c77076d4ecdced58ebae6753aac34ffd9fbdca426901862b98624699935f575,CLDMSK_L2_VIIRS_NOAA21.A2025087.2248.001.2025088075112.nc,2025-03-29T07:51:12.390Z,55718113,fa0664e466a5e47196c8b7ce4f0b5ce0
A2025087.2254,2025-03-28T22:54Z,NOAA-21 VIIRS,VJ214IMG.A2025087.2254.002.2025326163453.nc,2025-11-22T16:34:53.000Z,2.0.14,746127,2b42441e2cb69b1103a53f57881ce7b9c809945b808139f7d7515c4d61bb01f1,CLDMSK_L2_VIIRS_NOAA21.A2025087.2254.001.2025088075110.nc,2025-03-29T07:51:10.240Z,50280454,105f6716635041677927489d8af158b1
A2025088.2048,2025-03-29T20:48Z,NOAA-21 VIIRS,VJ214IMG.A2025088.2048.002.2025326165453.nc,2025-11-22T16:54:53.000Z,2.0.14,1097511,ee4fa4016b7559be156541b0267bcb27ec26272a394eaf2275f057f7f13d0684,CLDMSK_L2_VIIRS_NOAA21.A2025088.2048.001.2025089074106.nc,2025-03-30T07:41:06.380Z,54235361,0876a5c3ccf8615a3e00f23a389eb625
A2025088.2054,2025-03-29T20:54Z,NOAA-21 VIIRS,VJ214IMG.A2025088.2054.002.2025326165454.nc,2025-11-22T16:54:54.000Z,2.0.14,667526,5ced8e20004d6f68ea0a27b6ebaee7603cd2d8a88e0df44c351e91d67ac8e378,CLDMSK_L2_VIIRS_NOAA21.A2025088.2054.001.2025089074106.nc,2025-03-30T07:41:06.120Z,55366860,7f51e45bf4121c9962f65a16b0c4f90e
A2025088.2230,2025-03-29T22:30Z,NOAA-21 VIIRS,VJ214IMG.A2025088.2230.002.2025326165456.nc,2025-11-22T16:54:56.000Z,2.0.14,941308,434bd98c79f4d881a5aac4db43764807bd8ba70db53854a9971dcbcec5fd1959,CLDMSK_L2_VIIRS_NOAA21.A2025088.2230.001.2025089074121.nc,2025-03-30T07:41:21.120Z,51101111,4118cc4f49ee29ebe3fb4bf065cf93ed
A2025088.2236,2025-03-29T22:36Z,NOAA-21 VIIRS,VJ214IMG.A2025088.2236.002.2025326165454.nc,2025-11-22T16:54:54.000Z,2.0.14,530378,c4440dae883fa9c6f442d262347bfa3ebc8febd81abce4382122cb3c204b5147,CLDMSK_L2_VIIRS_NOAA21.A2025088.2236.001.2025089074114.nc,2025-03-30T07:41:14.820Z,55175627,4495fb4c99099741af4db086b9c6d197
A2025089.2212,2025-03-30T22:12Z,NOAA-21 VIIRS,VJ214IMG.A2025089.2212.002.2025326171053.nc,2025-11-22T17:10:53.000Z,2.0.14,781197,4aca40f2358b1a4fb3d0163d0928e58a0bce7fcfcf2bb9bbe076f3b1688cc893,CLDMSK_L2_VIIRS_NOAA21.A2025089.2212.001.2025090074110.nc,2025-03-31T07:41:10.610Z,49503280,34e69cdfba067f3397fd9b2035a75d8c
A2025089.2218,2025-03-30T22:18Z,NOAA-21 VIIRS,VJ214IMG.A2025089.2218.002.2025326171050.nc,2025-11-22T17:10:50.000Z,2.0.14,625334,53be7314d5b95b7a6f933d5c8d4bd0d225179d288333d8e52ba823839b839e09,CLDMSK_L2_VIIRS_NOAA21.A2025089.2218.001.2025090074111.nc,2025-03-31T07:41:11.540Z,55997172,b690bec1790863b8f3a57af8eb588c3d
A2025089.2348,2025-03-30T23:48Z,NOAA-21 VIIRS,VJ214IMG.A2025089.2348.002.2025326171052.nc,2025-11-22T17:10:52.000Z,2.0.14,1389742,834bd98dac669dbc56c7db114b735d6240836a63cd13846367c6bd709c1e31f5,CLDMSK_L2_VIIRS_NOAA21.A2025089.2348.001.2025090074120.nc,2025-03-31T07:41:20.710Z,58008669,915128430c7a0b12d50c674a78dc1b1c
A2025089.2354,2025-03-30T23:54Z,NOAA-21 VIIRS,VJ214IMG.A2025089.2354.002.2025326171052.nc,2025-11-22T17:10:52.000Z,2.0.14,1000427,83940dd8d3d52c76ae0f5dd66c0f799eafdb15e2eb91b92aaf1edc39c3b62fc8,CLDMSK_L2_VIIRS_NOAA21.A2025089.2354.001.2025090074120.nc,2025-03-31T07:41:20.720Z,50484973,e65db7a3cd90861721eea342ef1bb039
A2025090.2148,2025-03-31T21:48Z,NOAA-21 VIIRS,VJ214IMG.A2025090.2148.002.2025326172625.nc,2025-11-22T17:26:25.000Z,2.0.14,1252300,48a7e5064e4b9958a43cfc70736b2824ed8a93c88717f2bdd10997f7d5bc8bc2,CLDMSK_L2_VIIRS_NOAA21.A2025090.2148.001.2025092121137.nc,2025-04-02T12:11:37.170Z,55014186,0ded3fcdd2552d24099ebd509829234b
A2025090.2154,2025-03-31T21:54Z,NOAA-21 VIIRS,VJ214IMG.A2025090.2154.002.2025326172625.nc,2025-11-22T17:26:25.000Z,2.0.14,685843,cabe0644051f9e711ae3793056fcde94e53faf2630370f3d2e752815df8beedf,CLDMSK_L2_VIIRS_NOAA21.A2025090.2154.001.2025092121130.nc,2025-04-02T12:11:30.860Z,48480418,1a3b6a9a6c647e23e767d7ef0dd6117f
A2025090.2330,2025-03-31T23:30Z,NOAA-21 VIIRS,VJ214IMG.A2025090.2330.002.2025326172623.nc,2025-11-22T17:26:23.000Z,2.0.14,1208006,8c3544ca04bd8dd996f2642bd97d6f2d65b027374ab88d0f9cfdecc97c70c5b4,CLDMSK_L2_VIIRS_NOAA21.A2025090.2330.001.2025091075112.nc,2025-04-01T07:51:12.490Z,54529196,dfc8c1354046a05f7709df7453a12251
A2025090.2336,2025-03-31T23:36Z,NOAA-21 VIIRS,VJ214IMG.A2025090.2336.002.2025326172629.nc,2025-11-22T17:26:29.000Z,2.0.14,953724,a3198d2a6d7eb7375c0783ef8e595feda713e32256c5cf6350404962de6288e1,CLDMSK_L2_VIIRS_NOAA21.A2025090.2336.001.2025091075111.nc,2025-04-01T07:51:11.660Z,52767131,fb2acc8433f153af3d69bb9afea562de
A2025091.2130,2025-04-01T21:30Z,NOAA-21 VIIRS,VJ214IMG.A2025091.2130.002.2025326174652.nc,2025-11-22T17:46:52.000Z,2.0.14,1151361,da80475d8b1cb9a9737fbd9cd31599d2e59b3e000a9a2aa2488d5c444647992a,CLDMSK_L2_VIIRS_NOAA21.A2025091.2130.001.2025092074111.nc,2025-04-02T07:41:11.400Z,55351710,15da6177c4b3356aa2f453aaa231dc37
A2025091.2136,2025-04-01T21:36Z,NOAA-21 VIIRS,VJ214IMG.A2025091.2136.002.2025326174655.nc,2025-11-22T17:46:55.000Z,2.0.14,543179,4bd06d04120ea1ca56666085e39802bfdab9b26dbee632569c6e178bb97d89ac,CLDMSK_L2_VIIRS_NOAA21.A2025091.2136.001.2025092074111.nc,2025-04-02T07:41:11.070Z,48326072,1555cdb485ca3e12275d0e25988158fd
A2025091.2312,2025-04-01T23:12Z,NOAA-21 VIIRS,VJ214IMG.A2025091.2312.002.2025326174653.nc,2025-11-22T17:46:53.000Z,2.0.14,1226013,043954b66c961cb9c747ec72fd09e9ea6ac07145ec22f89089b00d4b2d8d0105,CLDMSK_L2_VIIRS_NOAA21.A2025091.2312.001.2025092074118.nc,2025-04-02T07:41:18.700Z,53979528,1efd671b9b1b4b30ecb7caf2f867c850
A2025091.2318,2025-04-01T23:18Z,NOAA-21 VIIRS,VJ214IMG.A2025091.2318.002.2025326174650.nc,2025-11-22T17:46:50.000Z,2.0.14,914521,f92ab6abaca5e446e9543662cd5731b8113b5cd4273d943a89df434c2c1fe731,CLDMSK_L2_VIIRS_NOAA21.A2025091.2318.001.2025092074134.nc,2025-04-02T07:41:34.960Z,51707094,451b21e24dedf6524b493fd458abe415
A2025092.2112,2025-04-02T21:12Z,NOAA-21 VIIRS,VJ214IMG.A2025092.2112.002.2025326175821.nc,2025-11-22T17:58:21.000Z,2.0.14,1032954,6df00d39f401cd7c7fa1988c945dc75f1a0d9a6f6f28012c024360447ac89862,CLDMSK_L2_VIIRS_NOAA21.A2025092.2112.001.2025093073130.nc,2025-04-03T07:31:30.220Z,53907043,e51fd92bd427f74b5a997dbe5b721143
A2025092.2118,2025-04-02T21:18Z,NOAA-21 VIIRS,VJ214IMG.A2025092.2118.002.2025326175822.nc,2025-11-22T17:58:22.000Z,2.0.14,487611,4e93d375b97a9f163b191561fdf782ef990ba42c79acbd30d51499a3cafc43f3,CLDMSK_L2_VIIRS_NOAA21.A2025092.2118.001.2025093073127.nc,2025-04-03T07:31:27.940Z,50355096,f561714e1f17387fd0f7b3ebe9b79ab3
A2025092.2254,2025-04-02T22:54Z,NOAA-21 VIIRS,VJ214IMG.A2025092.2254.002.2025326175824.nc,2025-11-22T17:58:24.000Z,2.0.14,1170538,ef03000ebe6dcda85b0e7bb9f59dea36e84c67f85abc551a2cd13419afd28742,CLDMSK_L2_VIIRS_NOAA21.A2025092.2254.001.2025093073206.nc,2025-04-03T07:32:06.480Z,53947156,672251df865257b472984fa5a8638475
A2025092.2300,2025-04-02T23:00Z,NOAA-21 VIIRS,VJ214IMG.A2025092.2300.002.2025326175823.nc,2025-11-22T17:58:23.000Z,2.0.14,563547,eb19a14a824d7b179b711904d3f9053a4bc94ce860fc33d967554a94d2ea1f4c,CLDMSK_L2_VIIRS_NOAA21.A2025092.2300.001.2025093073147.nc,2025-04-03T07:31:47.520Z,49886535,cc79fa298db62685a2a524bd916ce8e5
A2025093.2054,2025-04-03T20:54Z,NOAA-21 VIIRS,VJ214IMG.A2025093.2054.002.2025326180651.nc,2025-11-22T18:06:51.000Z,2.0.14,1120633,da25e9bcd708de5c10f11fd23334603500647c6f9ffebdbc23fdab21a65a9f86,CLDMSK_L2_VIIRS_NOAA21.A2025093.2054.001.2025094074245.nc,2025-04-04T07:42:45.160Z,54189228,b9d92c4aed0ccf439c63122245db99b3
A2025093.2100,2025-04-03T21:00Z,NOAA-21 VIIRS,VJ214IMG.A2025093.2100.002.2025326180650.nc,2025-11-22T18:06:50.000Z,2.0.14,928764,98e76628a2dff968f880eba641a43d20e57018a5a49ead93504b1dae957b2293,CLDMSK_L2_VIIRS_NOAA21.A2025093.2100.001.2025094074227.nc,2025-04-04T07:42:27.530Z,52134304,fcf6011b2e391d700bc5faf0acc1245e
A2025093.2236,2025-04-03T22:36Z,NOAA-21 VIIRS,VJ214IMG.A2025093.2236.002.2025326180650.nc,2025-11-22T18:06:50.000Z,2.0.14,1219788,fb26b833d30a10443df2da21e61709084da143a7542b97b763087f1abcdd177f,CLDMSK_L2_VIIRS_NOAA21.A2025093.2236.001.2025094074237.nc,2025-04-04T07:42:37.020Z,54371603,f3141e3230431e255507863fe7c0f693
A2025093.2242,2025-04-03T22:42Z,NOAA-21 VIIRS,VJ214IMG.A2025093.2242.002.2025326180650.nc,2025-11-22T18:06:50.000Z,2.0.14,674835,ec6a7fc7ccd016856a2bc808b47c1203abcd529b35853b3590804d044dbbc00c,CLDMSK_L2_VIIRS_NOAA21.A2025093.2242.001.2025094074114.nc,2025-04-04T07:41:14.570Z,52304371,b0b2bb825a9a7b02f3868fe492f56668
A2025094.2042,2025-04-04T20:42Z,NOAA-21 VIIRS,VJ214IMG.A2025094.2042.002.2025326182156.nc,2025-11-22T18:21:56.000Z,2.0.14,1395689,92f2e5f1c1b3b10700357133a1f4693515e4c02583909dbc05eaa261412139b6,CLDMSK_L2_VIIRS_NOAA21.A2025094.2042.001.2025095073135.nc,2025-04-05T07:31:35.150Z,55990870,89b35506fd8dd92dcfc8a13ac89d095e
A2025094.2218,2025-04-04T22:18Z,NOAA-21 VIIRS,VJ214IMG.A2025094.2218.002.2025326182154.nc,2025-11-22T18:21:54.000Z,2.0.14,964058,79038845f18543dc0b6aad83909e51822f81fa2c298b3fa2b454eff5367b8739,CLDMSK_L2_VIIRS_NOAA21.A2025094.2218.001.2025095073206.nc,2025-04-05T07:32:06.760Z,50798065,1737ad6c24e97671a160ee8f655533a8
A2025094.2224,2025-04-04T22:24Z,NOAA-21 VIIRS,VJ214IMG.A2025094.2224.002.2025326182152.nc,2025-11-22T18:21:52.000Z,2.0.14,904139,7d9734a69b553e161227e2a75814a528239a8c03a8a749bdbcd61c4d42310173,CLDMSK_L2_VIIRS_NOAA21.A2025094.2224.001.2025095073131.nc,2025-04-05T07:31:31.910Z,56588185,e42da8f49b7337062193632f67846179
A2025094.2354,2025-04-04T23:54Z,NOAA-21 VIIRS,VJ214IMG.A2025094.2354.002.2025326182150.nc,2025-11-22T18:21:50.000Z,2.0.14,1508211,0f871f7b0bc4e11a25b2f67be1ac58bdfb938af9f6857f7d7ed8b55dad8b7cb4,CLDMSK_L2_VIIRS_NOAA21.A2025094.2354.001.2025095073222.nc,2025-04-05T07:32:22.930Z,59277844,5837d218f989f06b51ee3c1078c0ea9c
A2025095.0000,2025-04-05T00:00Z,NOAA-21 VIIRS,VJ214IMG.A2025095.0000.002.2025326184057.nc,2025-11-22T18:40:57.000Z,2.0.14,640960,f3fe2eaa5bc92a5ac6d0b5f53060002b302d9fdadb5616d68dc237728eedea97,CLDMSK_L2_VIIRS_NOAA21.A2025095.0000.001.2025095131708.nc,2025-04-05T13:17:08.650Z,49375633,b21956b8489c10c83969c0266c2b3c84
A2025095.2154,2025-04-05T21:54Z,NOAA-21 VIIRS,VJ214IMG.A2025095.2154.002.2025326184120.nc,2025-11-22T18:41:20.000Z,2.0.14,1335852,02fac548e5fcf8491c3d8615aae99f10b89214fcea538dfdd1390cfa2e6bd28e,CLDMSK_L2_VIIRS_NOAA21.A2025095.2154.001.2025096140138.nc,2025-04-06T14:01:38.080Z,57638049,7c23f0815415e333f4d615d3dbcd927e
A2025095.2200,2025-04-05T22:00Z,NOAA-21 VIIRS,VJ214IMG.A2025095.2200.002.2025326184121.nc,2025-11-22T18:41:21.000Z,2.0.14,810687,5a1f3afbb12d462c37e6fea9ecffda38a2a1b275c9c05f4ea889c67c51567aac,CLDMSK_L2_VIIRS_NOAA21.A2025095.2200.001.2025096140135.nc,2025-04-06T14:01:35.830Z,50403726,5d49cc85bea491ef9313e3c0c47dca03
A2025095.2336,2025-04-05T23:36Z,NOAA-21 VIIRS,VJ214IMG.A2025095.2336.002.2025326184119.nc,2025-11-22T18:41:19.000Z,2.0.14,1325567,2f8c4a931d50b99851a653b066ae823451392c48df2085e72b1b3ecabef9f3ff,CLDMSK_L2_VIIRS_NOAA21.A2025095.2336.001.2025096140208.nc,2025-04-06T14:02:08.140Z,57519966,b9f19ee665cc96ac8a7824d0e26b5444
A2025095.2342,2025-04-05T23:42Z,NOAA-21 VIIRS,VJ214IMG.A2025095.2342.002.2025326184122.nc,2025-11-22T18:41:22.000Z,2.0.14,902075,e9b31fa9b120edc7b9bc3e9b45c0278006f8786e68557ce59365ea71dabcaeb3,CLDMSK_L2_VIIRS_NOAA21.A2025095.2342.001.2025096140149.nc,2025-04-06T14:01:49.640Z,50823897,7a1bbe696e6131ffe04c97e5bbb36517
A2025096.2136,2025-04-06T21:36Z,NOAA-21 VIIRS,VJ214IMG.A2025096.2136.002.2025326185725.nc,2025-11-22T18:57:25.000Z,2.0.14,1114695,fbcf8bde89a4ae2fbf20043a758747286fa7ef7545e7a69eb6b52dea8ec5e947,CLDMSK_L2_VIIRS_NOAA21.A2025096.2136.001.2025097073102.nc,2025-04-07T07:31:02.460Z,53676802,96635aa87f92fad1e8387b2077274578
A2025096.2142,2025-04-06T21:42Z,NOAA-21 VIIRS,VJ214IMG.A2025096.2142.002.2025326185724.nc,2025-11-22T18:57:24.000Z,2.0.14,620015,2b92886525eeddd6415b367124f54c8743e035c7a721673efde85a7e9813e5e3,CLDMSK_L2_VIIRS_NOAA21.A2025096.2142.001.2025097073102.nc,2025-04-07T07:31:02.490Z,48751357,6e274f197250974115ab51149a78a82f
A2025096.2318,2025-04-06T23:18Z,NOAA-21 VIIRS,VJ214IMG.A2025096.2318.002.2025326185726.nc,2025-11-22T18:57:26.000Z,2.0.14,1257071,a4ac5f95a0b40b694860cd10fb5ff094e2924522e3575e5c0312c14bec0f7eca,CLDMSK_L2_VIIRS_NOAA21.A2025096.2318.001.2025097073120.nc,2025-04-07T07:31:20.820Z,57111177,f90b4a382016e110038caeea8a936c16
A2025096.2324,2025-04-06T23:24Z,NOAA-21 VIIRS,VJ214IMG.A2025096.2324.002.2025326185725.nc,2025-11-22T18:57:25.000Z,2.0.14,1013635,fa3a3b7a6cf9d386c9d61dea4222e532f5dbd09a631d6d2790debbfcd606c311,CLDMSK_L2_VIIRS_NOAA21.A2025096.2324.001.2025097073120.nc,2025-04-07T07:31:20.290Z,51854510,fa78aa5352f2dddec47468be6d52b706
A2025097.2118,2025-04-07T21:18Z,NOAA-21 VIIRS,VJ214IMG.A2025097.2118.002.2025326191254.nc,2025-11-22T19:12:54.000Z,2.0.14,1284509,c3962757d16a162898dc70b4fc244120b6a3535370e3fbe680394ee6792e6a0e,CLDMSK_L2_VIIRS_NOAA21.A2025097.2118.001.2025098072813.nc,2025-04-08T07:28:13.180Z,54929289,7d6a1d409c81eb7bd48e3f59162cbb0a
A2025097.2124,2025-04-07T21:24Z,NOAA-21 VIIRS,VJ214IMG.A2025097.2124.002.2025326191253.nc,2025-11-22T19:12:53.000Z,2.0.14,738523,2a43c32b5700ac85e139b2a8b02667341303c41a9cf97d70a311049ee03eb831,CLDMSK_L2_VIIRS_NOAA21.A2025097.2124.001.2025098072812.nc,2025-04-08T07:28:12.930Z,51692983,801af5e7a7ca920df9123afb0fdc31a1
A2025097.2300,2025-04-07T23:00Z,NOAA-21 VIIRS,VJ214IMG.A2025097.2300.002.2025326191254.nc,2025-11-22T19:12:54.000Z,2.0.14,1452977,fee25041422bb454e096bc5fb0dc1dbb05aa1aae2735841fb00d9bd0ff1bc26a,CLDMSK_L2_VIIRS_NOAA21.A2025097.2300.001.2025098072759.nc,2025-04-08T07:27:59.830Z,54486642,5109cd3e63293caa1c1320c0440c1fa8
A2025097.2306,2025-04-07T23:06Z,NOAA-21 VIIRS,VJ214IMG.A2025097.2306.002.2025326191255.nc,2025-11-22T19:12:55.000Z,2.0.14,996142,8047f5b08447770f551dd7332dd9eee67d9dee6062c34f5f6d4fca797082450b,CLDMSK_L2_VIIRS_NOAA21.A2025097.2306.001.2025098072800.nc,2025-04-08T07:28:00.820Z,51430367,0a5590d7b1274c21288319af86f5ff44
A2025098.2100,2025-04-08T21:00Z,NOAA-21 VIIRS,VJ214IMG.A2025098.2100.002.2025326193022.nc,2025-11-22T19:30:22.000Z,2.0.14,1133425,8ddf45a3a16ee90f76252af9568eb71546b07b7a714c4f145ae7cd364fdcf616,CLDMSK_L2_VIIRS_NOAA21.A2025098.2100.001.2025099072835.nc,2025-04-09T07:28:35.580Z,53630714,5ca5cdf1613ebc0ea092361f33ab7bb0
A2025098.2106,2025-04-08T21:06Z,NOAA-21 VIIRS,VJ214IMG.A2025098.2106.002.2025326193021.nc,2025-11-22T19:30:21.000Z,2.0.14,899511,9659d711b2dbc3003b5d7ac406fe6eca9fc601cb5c40f5d8a8e35f0f76ead70c,CLDMSK_L2_VIIRS_NOAA21.A2025098.2106.001.2025099072833.nc,2025-04-09T07:28:33.690Z,52122943,c779652685d12bd40b397116bbd6e188
A2025098.2242,2025-04-08T22:42Z,NOAA-21 VIIRS,VJ214IMG.A2025098.2242.002.2025326193021.nc,2025-11-22T19:30:21.000Z,2.0.14,1008661,a350006e3524d16a84bc55f2e75432fa43b2f00f03157be7afaf8b106b1ca8dd,CLDMSK_L2_VIIRS_NOAA21.A2025098.2242.001.2025099072821.nc,2025-04-09T07:28:21.230Z,49587488,7c75cc0cb766cc554b57ec72b753e691
A2025098.2248,2025-04-08T22:48Z,NOAA-21 VIIRS,VJ214IMG.A2025098.2248.002.2025326193024.nc,2025-11-22T19:30:24.000Z,2.0.14,675924,326a5b6cf7c5987607302c090a7ee117348d70b9e158a721c34ff42cd61be84c,CLDMSK_L2_VIIRS_NOAA21.A2025098.2248.001.2025099072819.nc,2025-04-09T07:28:19.770Z,52620951,670cf1cc60ec42bd62e53201b637f51d
A2025099.2042,2025-04-09T20:42Z,NOAA-21 VIIRS,VJ214IMG.A2025099.2042.002.2025326194722.nc,2025-11-22T19:47:22.000Z,2.0.14,1319980,633fdf015a43d9ebd55c4f70729caf172161cecf9a8ac1bc6db7f2f1919ae000,CLDMSK_L2_VIIRS_NOAA21.A2025099.2042.001.2025100072914.nc,2025-04-10T07:29:14.910Z,53321128,d0ef66b2f230a16064e1f9f31ee2a579
A2025099.2048,2025-04-09T20:48Z,NOAA-21 VIIRS,VJ214IMG.A2025099.2048.002.2025326194721.nc,2025-11-22T19:47:21.000Z,2.0.14,1417836,a83e70b9b11092cb2da958a6c379d1cba2adb354973663a2f19fd06a0d790493,CLDMSK_L2_VIIRS_NOAA21.A2025099.2048.001.2025100072922.nc,2025-04-10T07:29:22.440Z,54063754,201208a12622939d7e90666076a28452
A2025099.2224,2025-04-09T22:24Z,NOAA-21 VIIRS,VJ214IMG.A2025099.2224.002.2025326194723.nc,2025-11-22T19:47:23.000Z,2.0.14,918387,aa05cc42784d1f5e67fba0992a065808f0755d497ca45e31fedd52ff64271dbf,CLDMSK_L2_VIIRS_NOAA21.A2025099.2224.001.2025100072924.nc,2025-04-10T07:29:24.420Z,49898590,6c6d7f34366828f4fbb52468539c6fec
A2025099.2230,2025-04-09T22:30Z,NOAA-21 VIIRS,VJ214IMG.A2025099.2230.002.2025326194724.nc,2025-11-22T19:47:24.000Z,2.0.14,828653,5752ee1f9b806684e996dde9f3f77c043c8e77fa29db885c8ac39f0fab2d383e,CLDMSK_L2_VIIRS_NOAA21.A2025099.2230.001.2025100072923.nc,2025-04-10T07:29:23.260Z,54177186,1bfa3315b3fcf5021e49734b74fbf839
A2025100.0000,2025-04-10T00:00Z,NOAA-21 VIIRS,VJ214IMG.A2025100.0000.002.2025326200854.nc,2025-11-22T20:08:54.000Z,2.0.14,1635995,fbcb5a403fc3e13da88ae848ecea009b1aea103face4a11def10e263d5393d9e,CLDMSK_L2_VIIRS_NOAA21.A2025100.0000.001.2025100175909.nc,2025-04-10T17:59:09.750Z,61617234,23a3da3a6f4d11284fc3b342ee95544b
A2025100.2200,2025-04-10T22:00Z,NOAA-21 VIIRS,VJ214IMG.A2025100.2200.002.2025326200854.nc,2025-11-22T20:08:54.000Z,2.0.14,1330601,deb89894cd17caf1506b9a54f849fc7bb1fc640ab6743ffed189ce043a32f99e,CLDMSK_L2_VIIRS_NOAA21.A2025100.2200.001.2025101072947.nc,2025-04-11T07:29:47.930Z,56524283,281aa3d2a68b2ad5856b999efeb7653a
A2025100.2206,2025-04-10T22:06Z,NOAA-21 VIIRS,VJ214IMG.A2025100.2206.002.2025326200855.nc,2025-11-22T20:08:55.000Z,2.0.14,698946,f9d8270529d64d1849c6d722e61c2e174166d8899dad7cd6709e02f0fa62fb11,CLDMSK_L2_VIIRS_NOAA21.A2025100.2206.001.2025101072956.nc,2025-04-11T07:29:56.270Z,48471375,a358231463235ae932cb135953e6b672
A2025100.2342,2025-04-10T23:42Z,NOAA-21 VIIRS,VJ214IMG.A2025100.2342.002.2025326200852.nc,2025-11-22T20:08:52.000Z,2.0.14,1451871,3848867757199080d79079cb43eda1e007a2f055c1b9e8b610e43090b5ba6f21,CLDMSK_L2_VIIRS_NOAA21.A2025100.2342.001.2025101073000.nc,2025-04-11T07:30:00.170Z,60305531,4994fce55a211abc30c58bf40234fa6a
A2025100.2348,2025-04-10T23:48Z,NOAA-21 VIIRS,VJ214IMG.A2025100.2348.002.2025326200855.nc,2025-11-22T20:08:55.000Z,2.0.14,565831,eaf08854d113f0f851a1a52ac89add3e326793cd454e4eb5449485a4c17d4854,CLDMSK_L2_VIIRS_NOAA21.A2025100.2348.001.2025101072954.nc,2025-04-11T07:29:54.630Z,48665232,13f7876195c4f3fecfa8082b87765ead
A2025101.2142,2025-04-11T21:42Z,NOAA-21 VIIRS,VJ214IMG.A2025101.2142.002.2025326202455.nc,2025-11-22T20:24:55.000Z,2.0.14,1354449,bd0e24ee007f556e6cd43f7ffe0394375545d69fa03808d1f44aa30df491f9f0,CLDMSK_L2_VIIRS_NOAA21.A2025101.2142.001.2025102073046.nc,2025-04-12T07:30:46.440Z,58597992,5e4c39c0661d295f9c3157f32890a5d3
A2025101.2148,2025-04-11T21:48Z,NOAA-21 VIIRS,VJ214IMG.A2025101.2148.002.2025326202454.nc,2025-11-22T20:24:54.000Z,2.0.14,667769,dbca8296babd786ac1fb373ceddccf7525f90ed0775acd0f5cfcd9956464d721,CLDMSK_L2_VIIRS_NOAA21.A2025101.2148.001.2025102073043.nc,2025-04-12T07:30:43.940Z,48902542,dcbbda14fd8fe8b5bdc5189cd262acee
A2025101.2324,2025-04-11T23:24Z,NOAA-21 VIIRS,VJ214IMG.A2025101.2324.002.2025326202451.nc,2025-11-22T20:24:51.000Z,2.0.14,1268866,9c8bdc1a5fec01f637b9902bc72f80c92f13daecc0d6988b3489bc7c75af4534,CLDMSK_L2_VIIRS_NOAA21.A2025101.2324.001.2025102073038.nc,2025-04-12T07:30:38.850Z,59430163,09e79fd95c8ace3da576d59d9b1fc4c3
A2025101.2330,2025-04-11T23:30Z,NOAA-21 VIIRS,VJ214IMG.A2025101.2330.002.2025326202450.nc,2025-11-22T20:24:50.000Z,2.0.14,615316,44941aba01b79479a67a742cca4342cb87857025054f39968e37b8ef9d500265,CLDMSK_L2_VIIRS_NOAA21.A2025101.2330.001.2025102073047.nc,2025-04-12T07:30:47.840Z,48580629,67d5bb3f5f317176d3a434a4c6c44d6b
A2025102.2124,2025-04-12T21:24Z,NOAA-21 VIIRS,VJ214IMG.A2025102.2124.002.2025326203553.nc,2025-11-22T20:35:53.000Z,2.0.14,1179181,6319b8bf806442a0b9aed23eff0543aeb73c8bebfc0ef65be9229a073797d5cd,CLDMSK_L2_VIIRS_NOAA21.A2025102.2124.001.2025103073106.nc,2025-04-13T07:31:06.340Z,53202319,84065ad188d22df7335b768d6e56f2e2
A2025102.2130,2025-04-12T21:30Z,NOAA-21 VIIRS,VJ214IMG.A2025102.2130.002.2025326203555.nc,2025-11-22T20:35:55.000Z,2.0.14,512679,0cc60520b15e82adb3c1cde0cd59d1fb13f4a353ccff68ea8af466c9ab7b464d,CLDMSK_L2_VIIRS_NOAA21.A2025102.2130.001.2025103073109.nc,2025-04-13T07:31:09.040Z,52123278,99b517d659c8cdb5f8194ff18b543b09
A2025102.2306,2025-04-12T23:06Z,NOAA-21 VIIRS,VJ214IMG.A2025102.2306.002.2025326203552.nc,2025-11-22T20:35:52.000Z,2.0.14,1283060,6b89c26a31c251c20389a27ffb1466b12d25ecd63e4228c8c2af3e506a062412,CLDMSK_L2_VIIRS_NOAA21.A2025102.2306.001.2025103073150.nc,2025-04-13T07:31:50.770Z,56169833,ccc794b63b629f765b611592fad72e6b
A2025102.2312,2025-04-12T23:12Z,NOAA-21 VIIRS,VJ214IMG.A2025102.2312.002.2025326203551.nc,2025-11-22T20:35:51.000Z,2.0.14,836425,387487fc765daa5f21ceb66a09e7f61c4675c9ed7ef5ed49fbc9d6e15a690b54,CLDMSK_L2_VIIRS_NOAA21.A2025102.2312.001.2025103073133.nc,2025-04-13T07:31:33.530Z,47981248,ef6ea85319050af94076ebf4cb78292c
A2025103.2106,2025-04-13T21:06Z,NOAA-21 VIIRS,VJ214IMG.A2025103.2106.002.2025326204646.nc,2025-11-22T20:46:46.000Z,2.0.14,952868,6fc583f40fd55e799ec1642715d06917aad53d4db59b8beef97decd9b05b4f69,CLDMSK_L2_VIIRS_NOAA21.A2025103.2106.001.2025104073204.nc,2025-04-14T07:32:04.250Z,51837304,38c16e428976cc1bb0fe1ddfedb5c6f3
A2025103.2112,2025-04-13T21:12Z,NOAA-21 VIIRS,VJ214IMG.A2025103.2112.002.2025326204647.nc,2025-11-22T20:46:47.000Z,2.0.14,485131,2ce35145551be0ba9f809764b197cf8da3919330f721308f52e2d5077b90de03,CLDMSK_L2_VIIRS_NOAA21.A2025103.2112.001.2025104073201.nc,2025-04-14T07:32:01.820Z,53635798,24c638937c72dea78d58f494815022d3
A2025103.2248,2025-04-13T22:48Z,NOAA-21 VIIRS,VJ214IMG.A2025103.2248.002.2025326204652.nc,2025-11-22T20:46:52.000Z,2.0.14,1120126,5de13990c5c0f6d299e31c71a1a2ae3b4af60e10b6e3b3c978996c03bf0b0f08,CLDMSK_L2_VIIRS_NOAA21.A2025103.2248.001.2025104073157.nc,2025-04-14T07:31:57.540Z,53698532,e43f4fcc8798f8ed2802a5bb6309ac05
A2025103.2254,2025-04-13T22:54Z,NOAA-21 VIIRS,VJ214IMG.A2025103.2254.002.2025326204647.nc,2025-11-22T20:46:47.000Z,2.0.14,1103560,f324e15fc951a67c7b15fbaf0630cd41e39e2e4fa457e6634e884863fbcd3d9f,CLDMSK_L2_VIIRS_NOAA21.A2025103.2254.001.2025104073156.nc,2025-04-14T07:31:56.250Z,50413801,de851268ee56d79551bd4c382dd6f420
A2025104.2048,2025-04-14T20:48Z,NOAA-21 VIIRS,VJ214IMG.A2025104.2048.002.2025326205724.nc,2025-11-22T20:57:24.000Z,2.0.14,1091332,101264cdc8577d7fc13b2cf932a12828b39ab1b5046c130e46c5967250f47a8f,CLDMSK_L2_VIIRS_NOAA21.A2025104.2048.001.2025105073246.nc,2025-04-15T07:32:46.920Z,53577420,277e06bd868b24f6538b19240d6c98e7
A2025104.2054,2025-04-14T20:54Z,NOAA-21 VIIRS,VJ214IMG.A2025104.2054.002.2025326205725.nc,2025-11-22T20:57:25.000Z,2.0.14,682999,6ff6e45a6292d971ff9534ff1757731d9e41100e34d30d74385a94f175d2adea,CLDMSK_L2_VIIRS_NOAA21.A2025104.2054.001.2025105073237.nc,2025-04-15T07:32:37.450Z,56733851,972dab56b44953028dc37bfa58772f3d
A2025104.2230,2025-04-14T22:30Z,NOAA-21 VIIRS,VJ214IMG.A2025104.2230.002.2025326205722.nc,2025-11-22T20:57:22.000Z,2.0.14,1047435,82969f3fce8df6358a13015a86ceb6ef19146a8c618b81926647585dd8e07ddd,CLDMSK_L2_VIIRS_NOAA21.A2025104.2230.001.2025105073248.nc,2025-04-15T07:32:48.180Z,51029619,4b68ee760b86c60bf0e459e07ace6742
A2025104.2236,2025-04-14T22:36Z,NOAA-21 VIIRS,VJ214IMG.A2025104.2236.002.2025326205721.nc,2025-11-22T20:57:21.000Z,2.0.14,1342456,083b0363831b0e2acbd53ce0f896366997a22ece21f3ab63a58ce58981809487,CLDMSK_L2_VIIRS_NOAA21.A2025104.2236.001.2025105073240.nc,2025-04-15T07:32:40.160Z,57123629,a196b4c7f3f2e41afdf139febd7c439e
A2025105.2206,2025-04-15T22:06Z,NOAA-21 VIIRS,VJ214IMG.A2025105.2206.002.2025326210815.nc,2025-11-22T21:08:15.000Z,2.0.14,1205771,67f50cc3511ba31b7b0ba1065aba4d0ef925381e53f26a26e43b63f2737f9bda,CLDMSK_L2_VIIRS_NOAA21.A2025105.2206.001.2025106073317.nc,2025-04-16T07:33:17.470Z,58965912,99e455ca943436399a6ae03627a804d2
A2025105.2212,2025-04-15T22:12Z,NOAA-21 VIIRS,VJ214IMG.A2025105.2212.002.2025326210818.nc,2025-11-22T21:08:18.000Z,2.0.14,627652,f46d85f1dbb6858bb7c6e8c8f233b20d1246f58b5a55287a428362a6440247f2,CLDMSK_L2_VIIRS_NOAA21.A2025105.2212.001.2025106073322.nc,2025-04-16T07:33:22.860Z,48675995,5eb6343612bbbaf516e10d87a05264be
A2025105.2348,2025-04-15T23:48Z,NOAA-21 VIIRS,VJ214IMG.A2025105.2348.002.2025326210818.nc,2025-11-22T21:08:18.000Z,2.0.14,1364180,2eebe792784fd484c9908d1813a88805c7fd021a3974f9912cc8429ee9e9a1b4,CLDMSK_L2_VIIRS_NOAA21.A2025105.2348.001.2025106073336.nc,2025-04-16T07:33:36.640Z,58449514,947921445c88c4836888d77915702d6c
A2025105.2354,2025-04-15T23:54Z,NOAA-21 VIIRS,VJ214IMG.A2025105.2354.002.2025326210820.nc,2025-11-22T21:08:20.000Z,2.0.14,609988,2c3f65d5e02f005196024b24f358fab58a7041428a432c5c0c87dba5a42dae39,CLDMSK_L2_VIIRS_NOAA21.A2025105.2354.001.2025106073325.nc,2025-04-16T07:33:25.660Z,47062240,5d303eb0faacff53f0a17150273d9e68
A2025106.2148,2025-04-16T21:48Z,NOAA-21 VIIRS,VJ214IMG.A2025106.2148.002.2025326212419.nc,2025-11-22T21:24:19.000Z,2.0.14,1202141,7d550cd776644cac2b42ed1884544dfeecffb9b214d625a2e9669ec92d061fd2,CLDMSK_L2_VIIRS_NOAA21.A2025106.2148.001.2025107163422.nc,2025-04-17T16:34:22.110Z,56922976,b392f80398ba70c2037af5251f4e0efb
A2025106.2154,2025-04-16T21:54Z,NOAA-21 VIIRS,VJ214IMG.A2025106.2154.002.2025326212421.nc,2025-11-22T21:24:21.000Z,2.0.14,504857,be1939e0efd78bb5f137aa0b8bd20448040fb7c22a9063dc6140438f861f9688,CLDMSK_L2_VIIRS_NOAA21.A2025106.2154.001.2025107163418.nc,2025-04-17T16:34:18.260Z,46460013,b5195881c570811bc6557c96f5383389
A2025106.2330,2025-04-16T23:30Z,NOAA-21 VIIRS,VJ214IMG.A2025106.2330.002.2025326212419.nc,2025-11-22T21:24:19.000Z,2.0.14,996838,1e917bf3372d6efdba4c82b51c2afe1fec08c67e2647aef0804475c90775f208,CLDMSK_L2_VIIRS_NOAA21.A2025106.2330.001.2025107163454.nc,2025-04-17T16:34:54.710Z,53185021,54d9080a913a7b429ef24240ec30201c
A2025106.2336,2025-04-16T23:36Z,NOAA-21 VIIRS,VJ214IMG.A2025106.2336.002.2025326212416.nc,2025-11-22T21:24:16.000Z,2.0.14,617781,c684cafcfa297d0492b08747865a14bc11376996d99a90063381a23070a5ebfa,CLDMSK_L2_VIIRS_NOAA21.A2025106.2336.001.2025107163459.nc,2025-04-17T16:34:59.080Z,47536341,e04016a7c3e83298c83ff12748252b50
A2025107.2130,2025-04-17T21:30Z,NOAA-21 VIIRS,VJ214IMG.A2025107.2130.002.2025326214051.nc,2025-11-22T21:40:51.000Z,2.0.14,1164674,781a96b22c2f916afb47fc6bccae16e0d6721eb8d030fb6d3f8bcb2c00cdabc1,CLDMSK_L2_VIIRS_NOAA21.A2025107.2130.001.2025108073457.nc,2025-04-18T07:34:57.940Z,56423597,22463f48d00a49b9b67ee0527fa6df93
A2025107.2136,2025-04-17T21:36Z,NOAA-21 VIIRS,VJ214IMG.A2025107.2136.002.2025326214058.nc,2025-11-22T21:40:58.000Z,2.0.14,419172,a7dbedd8359a4e2f22e4ae962da10b36bc929ee2ced29bd314c29a867e024ba7,CLDMSK_L2_VIIRS_NOAA21.A2025107.2136.001.2025108073459.nc,2025-04-18T07:34:59.380Z,46756797,e5ba6d270e31c5f8517c027d8ed73fa5
A2025107.2312,2025-04-17T23:12Z,NOAA-21 VIIRS,VJ214IMG.A2025107.2312.002.2025326214054.nc,2025-11-22T21:40:54.000Z,2.0.14,916445,3dc71c88675deee8901636bd44b8df5fa5efc41482f196ef4c0a31d377d1a01f,CLDMSK_L2_VIIRS_NOAA21.A2025107.2312.001.2025108073519.nc,2025-04-18T07:35:19.640Z,52661151,62a4ca3b099cf50256a2aac62572bb89
A2025107.2318,2025-04-17T23:18Z,NOAA-21 VIIRS,VJ214IMG.A2025107.2318.002.2025326214053.nc,2025-11-22T21:40:53.000Z,2.0.14,883851,7ec47fc13ec7740a8140be5ea4eed6c2cfe60c1f938caa3f329c6d6f90670b15,CLDMSK_L2_VIIRS_NOAA21.A2025107.2318.001.2025108073517.nc,2025-04-18T07:35:17.660Z,50797094,8a82e8eda83850b3cb998b1142f4881a
A2025108.2112,2025-04-18T21:12Z,NOAA-21 VIIRS,VJ214IMG.A2025108.2112.002.2025326215647.nc,2025-11-22T21:56:47.000Z,2.0.14,971400,2e8bdac53a90d71816b6bfbb6b36fed9f3b38a0ea027cad8b74010fb3d4bb23c,CLDMSK_L2_VIIRS_NOAA21.A2025108.2112.001.2025109072543.nc,2025-04-19T07:25:43.110Z,54148373,fa556f56f4ba7c3cf4f681945f70aa14
A2025108.2118,2025-04-18T21:18Z,NOAA-21 VIIRS,VJ214IMG.A2025108.2118.002.2025326215649.nc,2025-11-22T21:56:49.000Z,2.0.14,484744,d50bfd3108015ce3c764a2a4ea291586b4f6ca93eb41c35f3194607450b139e8,CLDMSK_L2_VIIRS_NOAA21.A2025108.2118.001.2025109072540.nc,2025-04-19T07:25:40.330Z,50978149,7d8c788ce71d34f62bb7c7b0c4ca35f1
A2025108.2254,2025-04-18T22:54Z,NOAA-21 VIIRS,VJ214IMG.A2025108.2254.002.2025326215650.nc,2025-11-22T21:56:50.000Z,2.0.14,838271,69e029d1a2cd3091f6ce181f8b781dd74d1e54c9073d23bfbe0a237b5e6b03df,CLDMSK_L2_VIIRS_NOAA21.A2025108.2254.001.2025109072556.nc,2025-04-19T07:25:56.760Z,51085812,37dad73e5d9e1607cbab5fa1e729ac0a
A2025108.2300,2025-04-18T23:00Z,NOAA-21 VIIRS,VJ214IMG.A2025108.2300.002.2025326215648.nc,2025-11-22T21:56:48.000Z,2.0.14,966742,71fc230a9301a5dfc731e47140bc054798b232292c1d3d116e22a881520ea7a8,CLDMSK_L2_VIIRS_NOAA21.A2025108.2300.001.2025109072557.nc,2025-04-19T07:25:57.230Z,50918243,f3f6aa2fe14e8a35ae349c7d64622ae2
A2025109.2054,2025-04-19T20:54Z,NOAA-21 VIIRS,VJ214IMG.A2025109.2054.002.2025326221326.nc,2025-11-22T22:13:26.000Z,2.0.14,895189,6bee0c1268c1179d61c1aaeab9972910c529d042c2fe090c57c85b672785ee8d,CLDMSK_L2_VIIRS_NOAA21.A2025109.2054.001.2025110072610.nc,2025-04-20T07:26:10.460Z,52245175,ab51e3247cd36317797d5773e22618b7
A2025109.2100,2025-04-19T21:00Z,NOAA-21 VIIRS,VJ214IMG.A2025109.2100.002.2025326221324.nc,2025-11-22T22:13:24.000Z,2.0.14,573166,142f80dcf5707c92dd8289eea7899215591424a552d3795dc0d64188ef09f841,CLDMSK_L2_VIIRS_NOAA21.A2025109.2100.001.2025110072610.nc,2025-04-20T07:26:10.690Z,54488952,06ed54f15f7986324f6100f3898c6b25
A2025109.2236,2025-04-19T22:36Z,NOAA-21 VIIRS,VJ214IMG.A2025109.2236.002.2025326221324.nc,2025-11-22T22:13:24.000Z,2.0.14,858849,29cd10c0c6c19a639e090234915af29c7210eac86ab2b53223f15a82ba0fbc6c,CLDMSK_L2_VIIRS_NOAA21.A2025109.2236.001.2025110072610.nc,2025-04-20T07:26:10.870Z,50392516,f20aab0835c75754dd88bec1d71ba40d
A2025109.2242,2025-04-19T22:42Z,NOAA-21 VIIRS,VJ214IMG.A2025109.2242.002.2025326221321.nc,2025-11-22T22:13:21.000Z,2.0.14,1270200,d7ff7ddf7a2e10208e210a9fa1eb6d35f4b1a107d5cf64b94c10216895316ba9,CLDMSK_L2_VIIRS_NOAA21.A2025109.2242.001.2025110072610.nc,2025-04-20T07:26:10.530Z,54356358,b214283b918c02bb0a5f873a2c0c0b84
A2025110.2036,2025-04-20T20:36Z,NOAA-21 VIIRS,VJ214IMG.A2025110.2036.002.2025326222953.nc,2025-11-22T22:29:53.000Z,2.0.14,1100568,fed882536a6fcbce5e020eb8b76a3bb53e226b2bb28f1291fde9f443f53bf566,CLDMSK_L2_VIIRS_NOAA21.A2025110.2036.001.2025111072657.nc,2025-04-21T07:26:57.710Z,53486950,ccf7150735c8a2749b25bd2f0985923f
A2025110.2042,2025-04-20T20:42Z,NOAA-21 VIIRS,VJ214IMG.A2025110.2042.002.2025326222954.nc,2025-11-22T22:29:54.000Z,2.0.14,584284,f67f6d035d4678ec61ccf8b4e469df120505fc15f1f43c6175fc5c1773c91ee0,CLDMSK_L2_VIIRS_NOAA21.A2025110.2042.001.2025111072651.nc,2025-04-21T07:26:51.050Z,56127752,a5f4dce90f115576703f2b59201aca06
A2025110.2212,2025-04-20T22:12Z,NOAA-21 VIIRS,VJ214IMG.A2025110.2212.002.2025326222955.nc,2025-11-22T22:29:55.000Z,2.0.14,1212888,7a4560de32fd1281510fb5ec2d20ac6ef8ddbe3bd962a8b9b47569ca53b1efc6,CLDMSK_L2_VIIRS_NOAA21.A2025110.2212.001.2025111072651.nc,2025-04-21T07:26:51.360Z,54596005,8f13e50ddfcc854e17654cb14be6f721
A2025110.2218,2025-04-20T22:18Z,NOAA-21 VIIRS,VJ214IMG.A2025110.2218.002.2025326222953.nc,2025-11-22T22:29:53.000Z,2.0.14,861174,d1e5416438e1314a43e575c825d8972068461710f7fb131ff550848e2214e0e6,CLDMSK_L2_VIIRS_NOAA21.A2025110.2218.001.2025111072651.nc,2025-04-21T07:26:51.730Z,49912978,e75836d5b9bdecc015ea576155e0b652
A2025110.2224,2025-04-20T22:24Z,NOAA-21 VIIRS,VJ214IMG.A2025110.2224.002.2025326222953.nc,2025-11-22T22:29:53.000Z,2.0.14,1080114,38ac9837e30e1b0c76ff158482c8970d8b63692ce810ac2def980d28fcc60ee0,CLDMSK_L2_VIIRS_NOAA21.A2025110.2224.001.2025111072653.nc,2025-04-21T07:26:53.490Z,55161514,705fde757907619870b11cb38a0d5017
A2025110.2354,2025-04-20T23:54Z,NOAA-21 VIIRS,VJ214IMG.A2025110.2354.002.2025326222954.nc,2025-11-22T22:29:54.000Z,2.0.14,1047240,5bb3a3f27cefae132ad44def5bc0aafb641225edbdf40462db41491bc4d08e4f,CLDMSK_L2_VIIRS_NOAA21.A2025110.2354.001.2025111072643.nc,2025-04-21T07:26:43.520Z,52978818,317814cbec87c6fde9a4759204e2ef04
A2025111.0000,2025-04-21T00:00Z,NOAA-21 VIIRS,VJ214IMG.A2025111.0000.002.2025326224049.nc,2025-11-22T22:40:49.000Z,2.0.14,653808,a72bd0a5d747879c2561be2e5c12c418eda197a7d8486f6e9f953cf39112ac54,CLDMSK_L2_VIIRS_NOAA21.A2025111.0000.001.2025111131650.nc,2025-04-21T13:16:50.090Z,48140787,2d392183d65576130aad91bef2584482
A2025111.2154,2025-04-21T21:54Z,NOAA-21 VIIRS,VJ214IMG.A2025111.2154.002.2025326224048.nc,2025-11-22T22:40:48.000Z,2.0.14,1246696,d5200b11075a9e2857715b917b3832a7255ce267e3e873343f63af2294fc8bfd,CLDMSK_L2_VIIRS_NOAA21.A2025111.2154.001.2025112072749.nc,2025-04-22T07:27:49.380Z,56151835,687c542dd854347345dae1cddd34752a
A2025111.2200,2025-04-21T22:00Z,NOAA-21 VIIRS,VJ214IMG.A2025111.2200.002.2025326224049.nc,2025-11-22T22:40:49.000Z,2.0.14,673298,c2b55e42555d8d39cd43fb6465034c00ef7aeeba3ff7f23c704102fdcdc1d81a,CLDMSK_L2_VIIRS_NOAA21.A2025111.2200.001.2025112072747.nc,2025-04-22T07:27:47.210Z,48625520,c26b8e7f649cc15ef971d21f82a26bce
A2025111.2336,2025-04-21T23:36Z,NOAA-21 VIIRS,VJ214IMG.A2025111.2336.002.2025326224048.nc,2025-11-22T22:40:48.000Z,2.0.14,1268758,2230f391557c22f170f6443c73b9477e749881ac896901e8a3d4b3374868d730,CLDMSK_L2_VIIRS_NOAA21.A2025111.2336.001.2025112072742.nc,2025-04-22T07:27:42.250Z,55030828,97bbf58a695174a23b0eb29538c1f3e2
A2025111.2342,2025-04-21T23:42Z,NOAA-21 VIIRS,VJ214IMG.A2025111.2342.002.2025326224047.nc,2025-11-22T22:40:47.000Z,2.0.14,720208,b866dcd60dd8be4dde69b9f494312606e0934203d526964a9dfb5d221c2a4329,CLDMSK_L2_VIIRS_NOAA21.A2025111.2342.001.2025112072739.nc,2025-04-22T07:27:39.960Z,49050871,06bc798134a0a5a608cd0061d859bfed
A2025112.2136,2025-04-22T21:36Z,NOAA-21 VIIRS,VJ214IMG.A2025112.2136.002.2025326225155.nc,2025-11-22T22:51:55.000Z,2.0.14,1199446,c579c376f60ce18d86ed5c801c69a741581dee679a2c332e852c4353afe2934e,CLDMSK_L2_VIIRS_NOAA21.A2025112.2136.001.2025113072841.nc,2025-04-23T07:28:41.940Z,55015785,4708107e1eb92de5edfed14ec54917be
A2025112.2142,2025-04-22T21:42Z,NOAA-21 VIIRS,VJ214IMG.A2025112.2142.002.2025326225155.nc,2025-11-22T22:51:55.000Z,2.0.14,466968,3d958f0cbb6a0484352c77044976cdb5517b3508a637951ed37e62bf6c925a54,CLDMSK_L2_VIIRS_NOAA21.A2025112.2142.001.2025113072840.nc,2025-04-23T07:28:40.870Z,47596501,6a523722493fba4f20d14f7c4340da39
A2025112.2318,2025-04-22T23:18Z,NOAA-21 VIIRS,VJ214IMG.A2025112.2318.002.2025326225152.nc,2025-11-22T22:51:52.000Z,2.0.14,1326219,3925495c963792962284674b3ff643566f2426f4042cb4aa7a14c52e4144efaa,CLDMSK_L2_VIIRS_NOAA21.A2025112.2318.001.2025113072827.nc,2025-04-23T07:28:27.430Z,55262111,fd185874f5cd89971ec278445010ce27
A2025112.2324,2025-04-22T23:24Z,NOAA-21 VIIRS,VJ214IMG.A2025112.2324.002.2025326225157.nc,2025-11-22T22:51:57.000Z,2.0.14,772681,ff91b18cfb4efac692dfa7e6f67187b04af425d8c950586f165a5ebd211c77c4,CLDMSK_L2_VIIRS_NOAA21.A2025112.2324.001.2025113072827.nc,2025-04-23T07:28:27.590Z,49934070,1805155b568a96be2f77da3c43c60804
A2025113.2118,2025-04-23T21:18Z,NOAA-21 VIIRS,VJ214IMG.A2025113.2118.002.2025326230758.nc,2025-11-22T23:07:58.000Z,2.0.14,933571,bf6a90991961d41f448ca3e5aae9ae91fd62111854d4b2be2aca03cc06dc93d2,CLDMSK_L2_VIIRS_NOAA21.A2025113.2118.001.2025114072901.nc,2025-04-24T07:29:01.420Z,52098365,1e2ab6d6f4262726c0ce8de9b58eaf50
A2025113.2124,2025-04-23T21:24Z,NOAA-21 VIIRS,VJ214IMG.A2025113.2124.002.2025326230756.nc,2025-11-22T23:07:56.000Z,2.0.14,491628,693ddf8e2451a63231e6b49b08e9ff2b051446a8be3cc86ebfb9a6f0aeb41b86,CLDMSK_L2_VIIRS_NOAA21.A2025113.2124.001.2025114072903.nc,2025-04-24T07:29:03.530Z,49822501,74de4df97442ac5202455d295c53368d
A2025113.2300,2025-04-23T23:00Z,NOAA-21 VIIRS,VJ214IMG.A2025113.2300.002.2025326230757.nc,2025-11-22T23:07:57.000Z,2.0.14,1053607,a678a0328754a0c5e3b366ad968020d6558233d21b90bbff064a4fe63291b955,CLDMSK_L2_VIIRS_NOAA21.A2025113.2300.001.2025114072849.nc,2025-04-24T07:28:49.490Z,51325218,faec520d6ee7969cf6c53f1cf4d266fa
A2025113.2306,2025-04-23T23:06Z,NOAA-21 VIIRS,VJ214IMG.A2025113.2306.002.2025326230755.nc,2025-11-22T23:07:55.000Z,2.0.14,895794,ca000306a55732cf74a29d54c789366166354cc951949cdab100b3a66840a33f,CLDMSK_L2_VIIRS_NOAA21.A2025113.2306.001.2025114072848.nc,2025-04-24T07:28:48.300Z,49143298,7ea7a4fd100f5edee64bc6d425b168bc
A2025114.2100,2025-04-24T21:00Z,NOAA-21 VIIRS,VJ214IMG.A2025114.2100.002.2025326232818.nc,2025-11-22T23:28:18.000Z,2.0.14,1013531,7f0163bfbcacf31c3ab929a16cd081bc1505dcc4113fcae6ccb89e480e34c451,CLDMSK_L2_VIIRS_NOAA21.A2025114.2100.001.2025115073009.nc,2025-04-25T07:30:09.600Z,51164942,acc4123020b101d4ce47c4c783191a2e
A2025114.2106,2025-04-24T21:06Z,NOAA-21 VIIRS,VJ214IMG.A2025114.2106.002.2025326232818.nc,2025-11-22T23:28:18.000Z,2.0.14,678844,62c08e4bcd45e6c9f3a73abb93c5fee12db30ebda7dda9ee0a8c0fe7d3c39710,CLDMSK_L2_VIIRS_NOAA21.A2025114.2106.001.2025115072959.nc,2025-04-25T07:29:59.500Z,52926741,e4eb629fe598249c399261daf93f3751
A2025114.2242,2025-04-24T22:42Z,NOAA-21 VIIRS,VJ214IMG.A2025114.2242.002.2025326232820.nc,2025-11-22T23:28:20.000Z,2.0.14,1167261,47d79dbdf7066082c49974c65c921f60a8f25eeb7c2dc4c14b1527f9bed315f4,CLDMSK_L2_VIIRS_NOAA21.A2025114.2242.001.2025115073014.nc,2025-04-25T07:30:14.320Z,52116781,5f57c53eee1cdce7961851eaecfaa7e7
A2025114.2248,2025-04-24T22:48Z,NOAA-21 VIIRS,VJ214IMG.A2025114.2248.002.2025326232819.nc,2025-11-22T23:28:19.000Z,2.0.14,1073056,9acc73101877ed70a6d2b9c512d7b0d2ac7840e1ac8eae5f4fd3550d4a7ca30c,CLDMSK_L2_VIIRS_NOAA21.A2025114.2248.001.2025115073021.nc,2025-04-25T07:30:21.950Z,54567316,48aa14a3968a3b548d4ad262cfdc31ee
A2025115.2042,2025-04-25T20:42Z,NOAA-21 VIIRS,VJ214IMG.A2025115.2042.002.2025326233856.nc,2025-11-22T23:38:56.000Z,2.0.14,1129310,98b2d465041f1de39c97af7c8ac5e36a7baff4df74cc6381ee64e6ceb5022405,CLDMSK_L2_VIIRS_NOAA21.A2025115.2042.001.2025116072055.nc,2025-04-26T07:20:55.640Z,53985786,4edf3cb8cfcd9465e017146766fff0b5
A2025115.2048,2025-04-25T20:48Z,NOAA-21 VIIRS,VJ214IMG.A2025115.2048.002.2025326233853.nc,2025-11-22T23:38:53.000Z,2.0.14,1061081,e3095f85285fbec376121b8821ec8a9d0c32e570a7f10557e0c3988e8f033dda,CLDMSK_L2_VIIRS_NOAA21.A2025115.2048.001.2025116072106.nc,2025-04-26T07:21:06.700Z,56571429,753df8edd81b12c4dab0c7a4cfe11931
A2025115.2218,2025-04-25T22:18Z,NOAA-21 VIIRS,VJ214IMG.A2025115.2218.002.2025326233854.nc,2025-11-22T23:38:54.000Z,2.0.14,1351674,b5b9d45c48a03f34db6a3a2af72b3fe89f0093a993e85b137c1acf6edc01213c,CLDMSK_L2_VIIRS_NOAA21.A2025115.2218.001.2025116072102.nc,2025-04-26T07:21:02.850Z,54364994,79e5b36889d5b1e672d88a25af9e2971
A2025115.2224,2025-04-25T22:24Z,NOAA-21 VIIRS,VJ214IMG.A2025115.2224.002.2025326233858.nc,2025-11-22T23:38:58.000Z,2.0.14,1002876,c5476225e0ce283846b6e203182169fb60dbcf6d773c21fd1bdfe1304f40450a,CLDMSK_L2_VIIRS_NOAA21.A2025115.2224.001.2025116072112.nc,2025-04-26T07:21:12.110Z,51000947,7ac5323d224414a8bb9c36169cb8629d
A2025115.2230,2025-04-25T22:30Z,NOAA-21 VIIRS,VJ214IMG.A2025115.2230.002.2025326233853.nc,2025-11-22T23:38:53.000Z,2.0.14,672180,ab01dccb060a7e1a016937a1714e2a823bbcc2d66f4781d519cd7ab551797ef9,CLDMSK_L2_VIIRS_NOAA21.A2025115.2230.001.2025116072105.nc,2025-04-26T07:21:05.710Z,55750023,e372c1fa2b1a5ef08f84af535540abb0
A2025116.0000,2025-04-26T00:00Z,NOAA-21 VIIRS,VJ214IMG.A2025116.0000.002.2025326235518.nc,2025-11-22T23:55:18.000Z,2.0.14,1369204,bfa10437162c37199391ae6252bc934523cee99daecacb929da3197a88198438,CLDMSK_L2_VIIRS_NOAA21.A2025116.0000.001.2025116131106.nc,2025-04-26T13:11:06.370Z,60681503,14a6e535b3a0164f92f00ce283171510
A2025116.2200,2025-04-26T22:00Z,NOAA-21 VIIRS,VJ214IMG.A2025116.2200.002.2025326235522.nc,2025-11-22T23:55:22.000Z,2.0.14,1252183,4908eafc584dd4f4a15d0e9fffe6cfff27ac7b74911317d0e22dff382e290bf6,CLDMSK_L2_VIIRS_NOAA21.A2025116.2200.001.2025117072128.nc,2025-04-27T07:21:28.200Z,54481905,fcd0b21e3179ddf3add3b0b497a449ca
A2025116.2206,2025-04-26T22:06Z,NOAA-21 VIIRS,VJ214IMG.A2025116.2206.002.2025326235519.nc,2025-11-22T23:55:19.000Z,2.0.14,994032,7e1ef8586f4e02cdf237e9be375036775bf281dedb31c98dd8fdf3579ea86635,CLDMSK_L2_VIIRS_NOAA21.A2025116.2206.001.2025117072119.nc,2025-04-27T07:21:19.240Z,50962159,d3e222bcd957fb2cc73b7a9291287cea
A2025116.2342,2025-04-26T23:42Z,NOAA-21 VIIRS,VJ214IMG.A2025116.2342.002.2025326235522.nc,2025-11-22T23:55:22.000Z,2.0.14,1273819,bd420cfcf2e82f04a55a49e1cc5c6b25538e97be2a970c206fc123ca7739e3ac,CLDMSK_L2_VIIRS_NOAA21.A2025116.2342.001.2025117072135.nc,2025-04-27T07:21:35.170Z,60805411,dc919666552b0a1a532cdda3b7290577
A2025116.2348,2025-04-26T23:48Z,NOAA-21 VIIRS,VJ214IMG.A2025116.2348.002.2025326235520.nc,2025-11-22T23:55:20.000Z,2.0.14,661764,35fe55bad9a126a371e01bc19ad9b9f0bf7c24e34dd6b2b0cec7f179058e9a41,CLDMSK_L2_VIIRS_NOAA21.A2025116.2348.001.2025117072134.nc,2025-04-27T07:21:34.400Z,49860783,f55ece2f2ed59b5a7458c290d5b2d950
A2025117.2142,2025-04-27T21:42Z,NOAA-21 VIIRS,VJ214IMG.A2025117.2142.002.2025327001317.nc,2025-11-23T00:13:17.000Z,2.0.14,1316660,f72a2e134f1cf8f1d9bbe70ba32a462f377ff891b2d7d273a2c0e27166e4fd04,CLDMSK_L2_VIIRS_NOAA21.A2025117.2142.001.2025118073153.nc,2025-04-28T07:31:53.370Z,54925354,7af568096d8ed9aace03029fa9a1895d
A2025117.2148,2025-04-27T21:48Z,NOAA-21 VIIRS,VJ214IMG.A2025117.2148.002.2025327001322.nc,2025-11-23T00:13:22.000Z,2.0.14,696368,ba593184a62347b59d44242a9ff488b47384801d415df61e6fc67f0af250fe07,CLDMSK_L2_VIIRS_NOAA21.A2025117.2148.001.2025118073154.nc,2025-04-28T07:31:54.110Z,49810317,7ee04785aad3eea9107cc5e69b9a1f3b
A2025117.2324,2025-04-27T23:24Z,NOAA-21 VIIRS,VJ214IMG.A2025117.2324.002.2025327001319.nc,2025-11-23T00:13:19.000Z,2.0.14,1281038,c19e494cc0b84feabea09f158f072679b48158951ceac6bab418cb46d1b0e9d3,CLDMSK_L2_VIIRS_NOAA21.A2025117.2324.001.2025118073147.nc,2025-04-28T07:31:47.870Z,59427982,59168135cf421dc9de07b863af1f97be
A2025117.2330,2025-04-27T23:30Z,NOAA-21 VIIRS,VJ214IMG.A2025117.2330.002.2025327001318.nc,2025-11-23T00:13:18.000Z,2.0.14,716435,5c507fffe2fc3e5bc211a914d4c1ba6649519ff629c8b74bf7173779fef768a3,CLDMSK_L2_VIIRS_NOAA21.A2025117.2330.001.2025118073145.nc,2025-04-28T07:31:45.400Z,49079866,dadd9234e662da667c48ec8f9928c561
A2025118.2124,2025-04-28T21:24Z,NOAA-21 VIIRS,VJ214IMG.A2025118.2124.002.2025327002620.nc,2025-11-23T00:26:20.000Z,2.0.14,1267271,6e83a41a1ff457ac035c12ca20b87c7e8d8430749a78eaf4610c2d8f6096879e,CLDMSK_L2_VIIRS_NOAA21.A2025118.2124.001.2025119073225.nc,2025-04-29T07:32:25.320Z,53700924,1db8009f2e5dd27a6f19ff44ff29dde8
A2025118.2130,2025-04-28T21:30Z,NOAA-21 VIIRS,VJ214IMG.A2025118.2130.002.2025327002620.nc,2025-11-23T00:26:20.000Z,2.0.14,536607,904d486461ea52e78c84ef88a407f188278c0039d532631f50c4b065d086d7c8,CLDMSK_L2_VIIRS_NOAA21.A2025118.2130.001.2025119073225.nc,2025-04-29T07:32:25.700Z,50659467,0058847e18a859d50cd8d421af8ef02f
A2025118.2306,2025-04-28T23:06Z,NOAA-21 VIIRS,VJ214IMG.A2025118.2306.002.2025327002619.nc,2025-11-23T00:26:19.000Z,2.0.14,1185932,18625d53a2493a87cbf01d1602401948bd48b349989eb0d7b9e528350e731bc1,CLDMSK_L2_VIIRS_NOAA21.A2025118.2306.001.2025119073243.nc,2025-04-29T07:32:43.330Z,55268053,04fafbebc1531b4df55f043c0fe9785d
A2025118.2312,2025-04-28T23:12Z,NOAA-21 VIIRS,VJ214IMG.A2025118.2312.002.2025327002620.nc,2025-11-23T00:26:20.000Z,2.0.14,755589,5b0e5a828efd78a21c32497d0082b95f01ea0f18d0935861e309431bbe5d179a,CLDMSK_L2_VIIRS_NOAA21.A2025118.2312.001.2025119073212.nc,2025-04-29T07:32:12.890Z,50232487,39ef889594ca169d10949bddb7d538fb
A2025119.2106,2025-04-29T21:06Z,NOAA-21 VIIRS,VJ214IMG.A2025119.2106.002.2025327003853.nc,2025-11-23T00:38:53.000Z,2.0.14,1211038,ade63b7bd2ee5a8aaf28e2121cfc31e4624ab8f271b2585b729f757b1813a007,CLDMSK_L2_VIIRS_NOAA21.A2025119.2106.001.2025120100441.nc,2025-04-30T10:04:41.560Z,52937981,e81ba83d514d5845a67726da3490dd0f
A2025119.2112,2025-04-29T21:12Z,NOAA-21 VIIRS,VJ214IMG.A2025119.2112.002.2025327003848.nc,2025-11-23T00:38:48.000Z,2.0.14,794829,2d02060bb0a157440649462d8fc7d46145c7c1c9d097421b6ed56e2b0d04ae73,CLDMSK_L2_VIIRS_NOAA21.A2025119.2112.001.2025120100440.nc,2025-04-30T10:04:40.860Z,51506892,27fc744532204bf7840c3890a16980bc
A2025119.2248,2025-04-29T22:48Z,NOAA-21 VIIRS,VJ214IMG.A2025119.2248.002.2025327003853.nc,2025-11-23T00:38:53.000Z,2.0.14,1330786,c5196d38cbd4378073fcaf606e60534c1913efa64a9c0a8f4104cd855b3faec9,CLDMSK_L2_VIIRS_NOAA21.A2025119.2248.001.2025120100449.nc,2025-04-30T10:04:49.850Z,52295206,930a74b9dbc731d8d841265dbcf7f846
A2025119.2254,2025-04-29T22:54Z,NOAA-21 VIIRS,VJ214IMG.A2025119.2254.002.2025327003853.nc,2025-11-23T00:38:53.000Z,2.0.14,1064212,372321a8e6792352b39245edf355d6e798a04d0d7412db7776af9a876584b538,CLDMSK_L2_VIIRS_NOAA21.A2025119.2254.001.2025120100449.nc,2025-04-30T10:04:49.010Z,51064789,be43ac00d75bc87cbc871e370dce9aa0
A2025120.2048,2025-04-30T20:48Z,NOAA-21 VIIRS,VJ214IMG.A2025120.2048.002.2025327005626.nc,2025-11-23T00:56:26.000Z,2.0.14,1077526,cbc42171bca6f511ef2beaa758f4a5611cd9ee91665dd362d4d9cce9290068e4,CLDMSK_L2_VIIRS_NOAA21.A2025120.2048.001.2025121072545.nc,2025-05-01T07:25:45.740Z,53672343,354d971977b57dfcfef543cec4130a46
A2025120.2054,2025-04-30T20:54Z,NOAA-21 VIIRS,VJ214IMG.A2025120.2054.002.2025327005626.nc,2025-11-23T00:56:26.000Z,2.0.14,1033648,721956f2f68766f310adc3389a34fe5f8dd539a2d3a64c8fb544f9bdcc4d75df,CLDMSK_L2_VIIRS_NOAA21.A2025120.2054.001.2025121072548.nc,2025-05-01T07:25:48.320Z,52767258,0ee5bd0dba7747ca94bf10f7934019ac
A2025120.2230,2025-04-30T22:30Z,NOAA-21 VIIRS,VJ214IMG.A2025120.2230.002.2025327005625.nc,2025-11-23T00:56:25.000Z,2.0.14,1157109,5e48fa2b4ba4a0cde62ee3cc739f6e0c6bef8562b6e7712c782f044ca560582d,CLDMSK_L2_VIIRS_NOAA21.A2025120.2230.001.2025121072553.nc,2025-05-01T07:25:53.190Z,51256694,3f56454d38367bf62386cd2e25281737
A2025120.2236,2025-04-30T22:36Z,NOAA-21 VIIRS,VJ214IMG.A2025120.2236.002.2025327005624.nc,2025-11-23T00:56:24.000Z,2.0.14,771731,2f264bc62e6d14e6722769166b72efa7e655ad973b2646b1fc1385cf0b3bc14f,CLDMSK_L2_VIIRS_NOAA21.A2025120.2236.001.2025121072557.nc,2025-05-01T07:25:57.890Z,54422766,a58f9ad4e5f6d9f8dfacac9dcf8db871
A2025121.2206,2025-05-01T22:06Z,NOAA-21 VIIRS,VJ214IMG.A2025121.2206.002.2025327010758.nc,2025-11-23T01:07:58.000Z,2.0.14,1186531,271560e76af8551a063d42d5d898e34ac8e7b31df79b3532eb616dc8286e9a87,CLDMSK_L2_VIIRS_NOAA21.A2025121.2206.001.2025122072646.nc,2025-05-02T07:26:46.300Z,55298598,b9567417cc2df2e2a7d84b359c828a2b
A2025121.2212,2025-05-01T22:12Z,NOAA-21 VIIRS,VJ214IMG.A2025121.2212.002.2025327010754.nc,2025-11-23T01:07:54.000Z,2.0.14,832452,be5b4115c5fb4346a08f5440c4e3aea361d03e428d2c707874f8ec3d5ed03b54,CLDMSK_L2_VIIRS_NOAA21.A2025121.2212.001.2025122072645.nc,2025-05-02T07:26:45.160Z,49488590,2223e9182b834c5b03d7c79ffe94d340
A2025121.2348,2025-05-01T23:48Z,NOAA-21 VIIRS,VJ214IMG.A2025121.2348.002.2025327010753.nc,2025-11-23T01:07:53.000Z,2.0.14,1308853,30958df0d54846eed0da5404088d9c50eddeb00a4237e9c1c13ac55fb9f0a6e7,CLDMSK_L2_VIIRS_NOAA21.A2025121.2348.001.2025122072638.nc,2025-05-02T07:26:38.130Z,57371103,0a4c10e7873f7ec0188433c3b89dbc07
A2025121.2354,2025-05-01T23:54Z,NOAA-21 VIIRS,VJ214IMG.A2025121.2354.002.2025327010753.nc,2025-11-23T01:07:53.000Z,2.0.14,500833,b9f3efd0726093138401f31f1040ecb8c2c2278b647873c041ea32e3c7b299ee,CLDMSK_L2_VIIRS_NOAA21.A2025121.2354.001.2025122072636.nc,2025-05-02T07:26:36.930Z,45795994,5ffdfd86d41e529b925cb5c9a03d8e1d
A2025122.2148,2025-05-02T21:48Z,NOAA-21 VIIRS,VJ214IMG.A2025122.2148.002.2025327012028.nc,2025-11-23T01:20:28.000Z,2.0.14,1069038,1986177aa4b23065bf7b8a760cc102a16e7901d664f9323c33493277f241a6c5,CLDMSK_L2_VIIRS_NOAA21.A2025122.2148.001.2025123073750.nc,2025-05-03T07:37:50.560Z,51567344,82c7bc797c20c6946dd5368ec0d3cc97
A2025122.2154,2025-05-02T21:54Z,NOAA-21 VIIRS,VJ214IMG.A2025122.2154.002.2025327012024.nc,2025-11-23T01:20:24.000Z,2.0.14,680805,4fb588600a61fd3cd6766f610c1e1884d94459d83799d9e29059e3bf59d8e7dd,CLDMSK_L2_VIIRS_NOAA21.A2025122.2154.001.2025123073748.nc,2025-05-03T07:37:48.600Z,49240198,a34d5953dbdc187b21457a45bcfdc3ff
A2025122.2330,2025-05-02T23:30Z,NOAA-21 VIIRS,VJ214IMG.A2025122.2330.002.2025327012027.nc,2025-11-23T01:20:27.000Z,2.0.14,1086978,e17303a50d03c5324b7de60263fd500af1c08420d770657ad01bdc01fb9f84fe,CLDMSK_L2_VIIRS_NOAA21.A2025122.2330.001.2025123073736.nc,2025-05-03T07:37:36.520Z,54815052,983fd5162ea05a3ccec2a2ba801bfb91
A2025122.2336,2025-05-02T23:36Z,NOAA-21 VIIRS,VJ214IMG.A2025122.2336.002.2025327012027.nc,2025-11-23T01:20:27.000Z,2.0.14,717203,786e73e1104bad21f51cd5549be49892d73434ac414d89429c825319365cdf92,CLDMSK_L2_VIIRS_NOAA21.A2025122.2336.001.2025123073733.nc,2025-05-03T07:37:33.620Z,48485485,d8cb53275024080a15a3733f5cbe00ed
A2025123.2130,2025-05-03T21:30Z,NOAA-21 VIIRS,VJ214IMG.A2025123.2130.002.2025327013932.nc,2025-11-23T01:39:32.000Z,2.0.14,1033071,7da7214882069a464ea0bc693948f4da1a29966f8b0a130efb386ea6465f25e7,CLDMSK_L2_VIIRS_NOAA21.A2025123.2130.001.2025124073830.nc,2025-05-04T07:38:30.000Z,51382365,7c6daa6fbe4e9cbbda7aa27cc08ffd89
A2025123.2136,2025-05-03T21:36Z,NOAA-21 VIIRS,VJ214IMG.A2025123.2136.002.2025327013932.nc,2025-11-23T01:39:32.000Z,2.0.14,789735,43e84df5e2a24358c07985040c48c2ac428b7115faa8446cdd52d171a7f87ab1,CLDMSK_L2_VIIRS_NOAA21.A2025123.2136.001.2025124073831.nc,2025-05-04T07:38:31.390Z,50788823,79aa2033176d7b6d02bc1f9f0faaab14
A2025123.2312,2025-05-03T23:12Z,NOAA-21 VIIRS,VJ214IMG.A2025123.2312.002.2025327013931.nc,2025-11-23T01:39:31.000Z,2.0.14,1019027,8d325ed22326db6b3748a8c83bd122fe6f3397734a1dba827a21ced10203cbc1,CLDMSK_L2_VIIRS_NOAA21.A2025123.2312.001.2025124073845.nc,2025-05-04T07:38:45.760Z,53464745,8fb62fe1c5282ac341de272774356ac0
A2025123.2318,2025-05-03T23:18Z,NOAA-21 VIIRS,VJ214IMG.A2025123.2318.002.2025327013933.nc,2025-11-23T01:39:33.000Z,2.0.14,1173468,c93c51c55a7ac91c5d92de72e34a6d27626aeaee12efeb1a75d7ade91dc87ee9,CLDMSK_L2_VIIRS_NOAA21.A2025123.2318.001.2025124073817.nc,2025-05-04T07:38:17.650Z,50011001,ad0eb6ddf137b3024dcadc1f4a026e28
A2025124.2112,2025-05-04T21:12Z,NOAA-21 VIIRS,VJ214IMG.A2025124.2112.002.2025327015120.nc,2025-11-23T01:51:20.000Z,2.0.14,969327,126e6efb62912e52b22bf6695d275b983ec09bd3142f4b158b2acb8d44c99974,CLDMSK_L2_VIIRS_NOAA21.A2025124.2112.001.2025125072926.nc,2025-05-05T07:29:26.400Z,51654346,5d4d936028fdf7837ecfac3d76cb590a
A2025124.2118,2025-05-04T21:18Z,NOAA-21 VIIRS,VJ214IMG.A2025124.2118.002.2025327015122.nc,2025-11-23T01:51:22.000Z,2.0.14,841381,30797b5f85769273e70922782d0f65a53d588b3c38fb0653f81dae423d2530df,CLDMSK_L2_VIIRS_NOAA21.A2025124.2118.001.2025125072926.nc,2025-05-05T07:29:26.340Z,53017682,cdc0cc087bc78d93624af85446e4c145
A2025124.2254,2025-05-04T22:54Z,NOAA-21 VIIRS,VJ214IMG.A2025124.2254.002.2025327015124.nc,2025-11-23T01:51:24.000Z,2.0.14,962837,f382909ba6f484292520f751572c08815f5c842a320d9c15c2ed46e28a9a2875,CLDMSK_L2_VIIRS_NOAA21.A2025124.2254.001.2025125072927.nc,2025-05-05T07:29:27.590Z,51547052,d2d72534b45c9f73b26c21a36cd42d88
A2025124.2300,2025-05-04T23:00Z,NOAA-21 VIIRS,VJ214IMG.A2025124.2300.002.2025327015122.nc,2025-11-23T01:51:22.000Z,2.0.14,1185216,87324ee93e4eb2ad70529268821638a852197deb730a6be5d75e4b5a23b4dd0b,CLDMSK_L2_VIIRS_NOAA21.A2025124.2300.001.2025125072924.nc,2025-05-05T07:29:24.170Z,49369480,2660d08dd44f343a9798a1ddd9bf0d2a
A2025125.2054,2025-05-05T20:54Z,NOAA-21 VIIRS,VJ214IMG.A2025125.2054.002.2025327020055.nc,2025-11-23T02:00:55.000Z,2.0.14,950351,5ead04bf9a1adf79b9e055816f4b0ecc2a30ca0e79f74eabb830e79f1680f79e,CLDMSK_L2_VIIRS_NOAA21.A2025125.2054.001.2025126073016.nc,2025-05-06T07:30:16.670Z,51728707,d237081969f982d36f02710a879465bd
A2025125.2100,2025-05-05T21:00Z,NOAA-21 VIIRS,VJ214IMG.A2025125.2100.002.2025327020059.nc,2025-11-23T02:00:59.000Z,2.0.14,1201878,1523b529627fe0f530927613bb4c93cfee5067c90db40b3567f944f96f4b7eb3,CLDMSK_L2_VIIRS_NOAA21.A2025125.2100.001.2025126073015.nc,2025-05-06T07:30:15.790Z,55287165,82a1c22be24234994d4cbd26e61b3d74
A2025125.2236,2025-05-05T22:36Z,NOAA-21 VIIRS,VJ214IMG.A2025125.2236.002.2025327020058.nc,2025-11-23T02:00:58.000Z,2.0.14,858546,d63f1eb34c86d273d9cd35b3a5cd339ab6cb1a7125815fb58ad916c184124ccd,CLDMSK_L2_VIIRS_NOAA21.A2025125.2236.001.2025126073016.nc,2025-05-06T07:30:16.620Z,48844797,e5ccfe6d7193f2b0c414376471e71253
A2025125.2242,2025-05-05T22:42Z,NOAA-21 VIIRS,VJ214IMG.A2025125.2242.002.2025327020057.nc,2025-11-23T02:00:57.000Z,2.0.14,1239374,c68f42a19cfe484bbeb8b0cf94de68a50b53fca490d1b74883f72ae2906a86c1,CLDMSK_L2_VIIRS_NOAA21.A2025125.2242.001.2025126073016.nc,2025-05-06T07:30:16.690Z,52424469,34d5dcbaa5cda6f8c77153bc79a45344
A2025126.2042,2025-05-06T20:42Z,NOAA-21 VIIRS,VJ214IMG.A2025126.2042.002.2025327021427.nc,2025-11-23T02:14:27.000Z,2.0.14,2091697,b2d6bfd184ec77cb643a0f76d9be4fd753a30c3875ae5784e91203a369aa091a,CLDMSK_L2_VIIRS_NOAA21.A2025126.2042.001.2025127074116.nc,2025-05-07T07:41:16.330Z,55217201,68f2e416e00fb1a1422553732ed83c34
A2025126.2212,2025-05-06T22:12Z,NOAA-21 VIIRS,VJ214IMG.A2025126.2212.002.2025327021424.nc,2025-11-23T02:14:24.000Z,2.0.14,1289739,5d7171c28620085def6487cab63eb29c2c42735e77b6de24629f58f79a09ba32,CLDMSK_L2_VIIRS_NOAA21.A2025126.2212.001.2025127074122.nc,2025-05-07T07:41:22.130Z,56316470,b8f6eb666b6bff649e03d15a9ba152fa
A2025126.2218,2025-05-06T22:18Z,NOAA-21 VIIRS,VJ214IMG.A2025126.2218.002.2025327021428.nc,2025-11-23T02:14:28.000Z,2.0.14,613358,3193ac042e8d4f762fac91891e7cca5b8f60796ce5f3aa70b529d951c5e701c3,CLDMSK_L2_VIIRS_NOAA21.A2025126.2218.001.2025127074116.nc,2025-05-07T07:41:16.510Z,47981325,4240ed05efcb4572387342a579a32946
A2025126.2224,2025-05-06T22:24Z,NOAA-21 VIIRS,VJ214IMG.A2025126.2224.002.2025327021423.nc,2025-11-23T02:14:23.000Z,2.0.14,1765006,9880f8c18a1dc5cc606a73bed90ad2c47235353c3ad5dacb4977bd36b586eb72,CLDMSK_L2_VIIRS_NOAA21.A2025126.2224.001.2025127074125.nc,2025-05-07T07:41:25.190Z,56219534,8df66cbeda4773e788218b03ec7c8aa6
A2025126.2354,2025-05-06T23:54Z,NOAA-21 VIIRS,VJ214IMG.A2025126.2354.002.2025327021424.nc,2025-11-23T02:14:24.000Z,2.0.14,1463941,f9e35d8fe32527356ca0d004055854693a436b02b82c7f667bc05981fc2bc42a,CLDMSK_L2_VIIRS_NOAA21.A2025126.2354.001.2025127074119.nc,2025-05-07T07:41:19.730Z,57473644,3ccce3d5c5e6279b0fb4c78c3727d122
A2025127.0000,2025-05-07T00:00Z,NOAA-21 VIIRS,VJ214IMG.A2025127.0000.002.2025327022958.nc,2025-11-23T02:29:58.000Z,2.0.14,541899,4a77a4d246aed3afcefa9331b89b7627c012dd6be805cf9f346bf7b9c2585e3a,CLDMSK_L2_VIIRS_NOAA21.A2025127.0000.001.2025127131117.nc,2025-05-07T13:11:17.050Z,46021377,3629beb6665d8a4be0509c2068523c26
A2025127.2154,2025-05-07T21:54Z,NOAA-21 VIIRS,VJ214IMG.A2025127.2154.002.2025327022954.nc,2025-11-23T02:29:54.000Z,2.0.14,1138864,566e3e6772da869cb39f87da0e762ab3e40d6e35227cf896a300c48427694d6e,CLDMSK_L2_VIIRS_NOAA21.A2025127.2154.001.2025128073531.nc,2025-05-08T07:35:31.570Z,54822498,60d2969e1609d97c0bb18e92111f6e3b
A2025127.2200,2025-05-07T22:00Z,NOAA-21 VIIRS,VJ214IMG.A2025127.2200.002.2025327022957.nc,2025-11-23T02:29:57.000Z,2.0.14,573463,e365aa730c8fe858afb8ee095c81953df9929739a8f2bcda7b0569287c171f35,CLDMSK_L2_VIIRS_NOAA21.A2025127.2200.001.2025128073530.nc,2025-05-08T07:35:30.650Z,49516797,bd9a5044644822ca6469721218add5e2
A2025127.2336,2025-05-07T23:36Z,NOAA-21 VIIRS,VJ214IMG.A2025127.2336.002.2025327022958.nc,2025-11-23T02:29:58.000Z,2.0.14,1339074,afddc7f176cdf6f078a93b052cc00f716c9dcb9af84f88812ff62cd0f18e8f8b,CLDMSK_L2_VIIRS_NOAA21.A2025127.2336.001.2025128073532.nc,2025-05-08T07:35:32.940Z,55748618,93d6132d68580c1da7f9b0b1384edd4c
A2025127.2342,2025-05-07T23:42Z,NOAA-21 VIIRS,VJ214IMG.A2025127.2342.002.2025327022955.nc,2025-11-23T02:29:55.000Z,2.0.14,607142,104196609aca305c535d2fb5485f6b1ca09fd0b518e83b97e4ac4b7e01e09163,CLDMSK_L2_VIIRS_NOAA21.A2025127.2342.001.2025128073526.nc,2025-05-08T07:35:26.440Z,46612638,4edebb6d3aca60030cac83efd9613eb0
A2025128.2136,2025-05-08T21:36Z,NOAA-21 VIIRS,VJ214IMG.A2025128.2136.002.2025327024828.nc,2025-11-23T02:48:28.000Z,2.0.14,1034611,7a178f861c356cb1ad33ce5787c25227c105e5987ce494a7d4680a323440fbfc,CLDMSK_L2_VIIRS_NOAA21.A2025128.2136.001.2025129072636.nc,2025-05-09T07:26:36.960Z,53390680,886a5f23ec9833c09ae461ea1bc9dff4
A2025128.2142,2025-05-08T21:42Z,NOAA-21 VIIRS,VJ214IMG.A2025128.2142.002.2025327024828.nc,2025-11-23T02:48:28.000Z,2.0.14,760647,adc2f0cfd994ffa40a51a6bbcc59fb70d55b29f65d36393ead949db3b0eb9e45,CLDMSK_L2_VIIRS_NOAA21.A2025128.2142.001.2025129072635.nc,2025-05-09T07:26:35.980Z,50714850,31c6a6117080d18c3f14c0b0495080ca
A2025128.2318,2025-05-08T23:18Z,NOAA-21 VIIRS,VJ214IMG.A2025128.2318.002.2025327024828.nc,2025-11-23T02:48:28.000Z,2.0.14,1147110,1b34349c3d17f0c57a3d9bf33430d69acf0b99289b0ebc138efec2f15a175b1a,CLDMSK_L2_VIIRS_NOAA21.A2025128.2318.001.2025129072622.nc,2025-05-09T07:26:22.990Z,55096976,6bd1f8f9992139a532186e0228058203
A2025128.2324,2025-05-08T23:24Z,NOAA-21 VIIRS,VJ214IMG.A2025128.2324.002.2025327024824.nc,2025-11-23T02:48:24.000Z,2.0.14,788911,631ca43543fb2a431c0487f121c697a9cb1d8520242c3e80745003072cba6f88,CLDMSK_L2_VIIRS_NOAA21.A2025128.2324.001.2025129072628.nc,2025-05-09T07:26:28.760Z,49802615,6a38e885a475c569025d4327b12eab23
A2025129.2118,2025-05-09T21:18Z,NOAA-21 VIIRS,VJ214IMG.A2025129.2118.002.2025327030427.nc,2025-11-23T03:04:27.000Z,2.0.14,926844,6711990e4e4c6eb4dd7f6302bd1c75d420f4a1f73ba044e83df365fe5ba477fc,CLDMSK_L2_VIIRS_NOAA21.A2025129.2118.001.2025130072736.nc,2025-05-10T07:27:36.530Z,52055249,ba508d449ab5f79f3be3b549e0b68807
A2025129.2124,2025-05-09T21:24Z,NOAA-21 VIIRS,VJ214IMG.A2025129.2124.002.2025327030428.nc,2025-11-23T03:04:28.000Z,2.0.14,693979,c9c7a6d7364444113ce85692ba12f697448b10de6bb77a932e387f9dcaeb39b2,CLDMSK_L2_VIIRS_NOAA21.A2025129.2124.001.2025130072736.nc,2025-05-10T07:27:36.640Z,53547025,4f7c92bfd707ae454774206932f049c3
A2025129.2300,2025-05-09T23:00Z,NOAA-21 VIIRS,VJ214IMG.A2025129.2300.002.2025327030430.nc,2025-11-23T03:04:30.000Z,2.0.14,1031595,09dbfe9400b5da3c089e9b9569a26a8b9c989a0f6452a35fb70dda84f1b5d9a0,CLDMSK_L2_VIIRS_NOAA21.A2025129.2300.001.2025130072722.nc,2025-05-10T07:27:22.790Z,50485435,083faa804d0b838355f747900879e821
A2025129.2306,2025-05-09T23:06Z,NOAA-21 VIIRS,VJ214IMG.A2025129.2306.002.2025327030428.nc,2025-11-23T03:04:28.000Z,2.0.14,804368,7466eb6942f8bae0ef018b24b7ba6b7050c97598ea3f4a80d4b7b173ecdd8100,CLDMSK_L2_VIIRS_NOAA21.A2025129.2306.001.2025130072730.nc,2025-05-10T07:27:30.690Z,50421734,2e21945fb31eba5ece49bbe289ee0e83
A2025130.2100,2025-05-10T21:00Z,NOAA-21 VIIRS,VJ214IMG.A2025130.2100.002.2025327031628.nc,2025-11-23T03:16:28.000Z,2.0.14,1049248,d3306f2cbf161b0bdc5bcbbad6520efb0100ccf738c1c4f22e7280317ea55715,CLDMSK_L2_VIIRS_NOAA21.A2025130.2100.001.2025131073818.nc,2025-05-11T07:38:18.840Z,51844462,4c08700af286a799b064441f5a4bb4ce
A2025130.2106,2025-05-10T21:06Z,NOAA-21 VIIRS,VJ214IMG.A2025130.2106.002.2025327031629.nc,2025-11-23T03:16:29.000Z,2.0.14,872005,12e99c3e76dd04619ea60ba3cefa720353793136b301a9f737d4d1993344d6a2,CLDMSK_L2_VIIRS_NOAA21.A2025130.2106.001.2025131073818.nc,2025-05-11T07:38:18.550Z,55950508,a48420562efd87d9ebae269f8d4e01c8
A2025130.2242,2025-05-10T22:42Z,NOAA-21 VIIRS,VJ214IMG.A2025130.2242.002.2025327031628.nc,2025-11-23T03:16:28.000Z,2.0.14,864801,06ab22775f28e15372c937aae68acf5ffafa5ebfff838cd714e53900bb303e6d,CLDMSK_L2_VIIRS_NOAA21.A2025130.2242.001.2025131073804.nc,2025-05-11T07:38:04.790Z,48458076,c9f609fb19bcc39f068f0c0efd4b7a0c
A2025130.2248,2025-05-10T22:48Z,NOAA-21 VIIRS,VJ214IMG.A2025130.2248.002.2025327031630.nc,2025-11-23T03:16:30.000Z,2.0.14,881293,bcc7ff4504f3e4b6f4427082d6f45f3f7aad772f3dc6fd300e1b428b6a1da4c2,CLDMSK_L2_VIIRS_NOAA21.A2025130.2248.001.2025131073805.nc,2025-05-11T07:38:05.500Z,52760148,aa56b79b20f4918b2b37eeccb4cb966e
A2025131.2042,2025-05-11T20:42Z,NOAA-21 VIIRS,VJ214IMG.A2025131.2042.002.2025327032400.nc,2025-11-23T03:24:00.000Z,2.0.14,1248364,c2549c2184ff06a2d8296591faf987b1a0e98569e8478fa32eda59a1beba0961,CLDMSK_L2_VIIRS_NOAA21.A2025131.2042.001.2025132172919.nc,2025-05-12T17:29:19.910Z,53040711,d23208a9414ef75a48b0c45471793c24
A2025131.2048,2025-05-11T20:48Z,NOAA-21 VIIRS,VJ214IMG.A2025131.2048.002.2025327032357.nc,2025-11-23T03:23:57.000Z,2.0.14,1607783,50bf548531c449b94cd56252d5c639cb7aa2652ac72886085eae0a926cf39bfd,CLDMSK_L2_VIIRS_NOAA21.A2025131.2048.001.2025132172919.nc,2025-05-12T17:29:19.200Z,56654119,b2e9d335ebce87c9aaea3c4313d7da09
A2025131.2224,2025-05-11T22:24Z,NOAA-21 VIIRS,VJ214IMG.A2025131.2224.002.2025327032400.nc,2025-11-23T03:24:00.000Z,2.0.14,871006,9cf5a0379aeb1a820e3d486a4a4e622c6aa1140cd8cb0fd3c0add27a4506783d,CLDMSK_L2_VIIRS_NOAA21.A2025131.2224.001.2025132172926.nc,2025-05-12T17:29:26.090Z,48002287,392342f6c8548ce7fbb30e464d9e46fd
A2025131.2230,2025-05-11T22:30Z,NOAA-21 VIIRS,VJ214IMG.A2025131.2230.002.2025327032400.nc,2025-11-23T03:24:00.000Z,2.0.14,884341,2aa9030942a64d0aa69bca507fd5c684ed97567f35b988cb8544b67895a805b6,CLDMSK_L2_VIIRS_NOAA21.A2025131.2230.001.2025132172927.nc,2025-05-12T17:29:27.960Z,55169622,748c163b9264314293ae4afc3d4112de
A2025132.0000,2025-05-12T00:00Z,NOAA-21 VIIRS,VJ214IMG.A2025132.0000.002.2025327033601.nc,2025-11-23T03:36:01.000Z,2.0.14,1441207,7429c55cc0055df4cd99b6f118ae09ad529d25b67a93db693e802a815f7f6dec,CLDMSK_L2_VIIRS_NOAA21.A2025132.0000.001.2025132172923.nc,2025-05-12T17:29:23.280Z,60036803,8e92e19616949667699a5f05da14399d
A2025132.2200,2025-05-12T22:00Z,NOAA-21 VIIRS,VJ214IMG.A2025132.2200.002.2025327033600.nc,2025-11-23T03:36:00.000Z,2.0.14,1159161,084869c560d65f3f922486cfabad5b6e93d7524fbac37a73ad093e1459e596a1,CLDMSK_L2_VIIRS_NOAA21.A2025132.2200.001.2025133073937.nc,2025-05-13T07:39:37.610Z,51466494,8dce63e2b87460e9d0be75531612b579
A2025132.2206,2025-05-12T22:06Z,NOAA-21 VIIRS,VJ214IMG.A2025132.2206.002.2025327033559.nc,2025-11-23T03:35:59.000Z,2.0.14,626796,76c173d886aadeedcb29e99f7e9ce13d113ddc700809fded9fd02a23282270c9,CLDMSK_L2_VIIRS_NOAA21.A2025132.2206.001.2025133073935.nc,2025-05-13T07:39:35.980Z,47683285,e2f6d19410909b7bf55a9bfcaaf6316d
A2025132.2342,2025-05-12T23:42Z,NOAA-21 VIIRS,VJ214IMG.A2025132.2342.002.2025327033556.nc,2025-11-23T03:35:56.000Z,2.0.14,1491917,e3a1157814876667563262914600645f16c176f1ad0229cb2d795640ec7abecc,CLDMSK_L2_VIIRS_NOAA21.A2025132.2342.001.2025133073927.nc,2025-05-13T07:39:27.390Z,58665242,7ac2f17ba940c51b53b2f586429e66bd
A2025132.2348,2025-05-12T23:48Z,NOAA-21 VIIRS,VJ214IMG.A2025132.2348.002.2025327033557.nc,2025-11-23T03:35:57.000Z,2.0.14,830078,27156427dfc893e35c36fbba6be24510b3c5e51424a78d6d19d7178f44b01993,CLDMSK_L2_VIIRS_NOAA21.A2025132.2348.001.2025133073928.nc,2025-05-13T07:39:28.670Z,49595714,0fd39b59b0118999656c79f8ffc80b87
A2025133.2142,2025-05-13T21:42Z,NOAA-21 VIIRS,VJ214IMG.A2025133.2142.002.2025327034922.nc,2025-11-23T03:49:22.000Z,2.0.14,1148275,7f19d8171a3b2ade14e0e73f51dcfb2c871d6c740647416ba63854ec7cbfa1d3,CLDMSK_L2_VIIRS_NOAA21.A2025133.2142.001.2025134072010.nc,2025-05-14T07:20:10.720Z,51013792,e779f2cdb65e710da499980a6cb672c6
A2025133.2148,2025-05-13T21:48Z,NOAA-21 VIIRS,VJ214IMG.A2025133.2148.002.2025327034927.nc,2025-11-23T03:49:27.000Z,2.0.14,518285,1f9f08b751c732531f3258a23393164e0399da3ca177acda5c7a675f66f55da7,CLDMSK_L2_VIIRS_NOAA21.A2025133.2148.001.2025134072011.nc,2025-05-14T07:20:11.360Z,48893962,16fb6c3741165431c387f170195deeb4
A2025133.2324,2025-05-13T23:24Z,NOAA-21 VIIRS,VJ214IMG.A2025133.2324.002.2025327034925.nc,2025-11-23T03:49:25.000Z,2.0.14,1305810,bf4cade7238b03165d3fc72dbd3c444d8033b33c996be3d14f6e5e4fb6a324d8,CLDMSK_L2_VIIRS_NOAA21.A2025133.2324.001.2025134072003.nc,2025-05-14T07:20:03.470Z,56903474,bb5d2f4e181168e38dd8cd1a5dac9a58
A2025133.2330,2025-05-13T23:30Z,NOAA-21 VIIRS,VJ214IMG.A2025133.2330.002.2025327034926.nc,2025-11-23T03:49:26.000Z,2.0.14,645392,d57aaecd567218b7dfaf1fdc5630f543dad604a47227d180b989ca901a8ef579,CLDMSK_L2_VIIRS_NOAA21.A2025133.2330.001.2025134072004.nc,2025-05-14T07:20:04.130Z,48062869,adebf58d8053e117f3f5cc0b9ca5f674
A2025134.2124,2025-05-14T21:24Z,NOAA-21 VIIRS,VJ214IMG.A2025134.2124.002.2025327040703.nc,2025-11-23T04:07:03.000Z,2.0.14,976723,5e924d4a2fd16a865b8a0e62bb08f98cf2e1fae5789948a0500085e9b145bcf0,CLDMSK_L2_VIIRS_NOAA21.A2025134.2124.001.2025135073106.nc,2025-05-15T07:31:06.080Z,50217506,7142340d8b5e043bd6b5f70c3ddbcab0
A2025134.2130,2025-05-14T21:30Z,NOAA-21 VIIRS,VJ214IMG.A2025134.2130.002.2025327040658.nc,2025-11-23T04:06:58.000Z,2.0.14,835107,b7eca2d3daf23900501d934794fe0c372a61f2f7b30267efa5ca61dd418bf7d4,CLDMSK_L2_VIIRS_NOAA21.A2025134.2130.001.2025135073105.nc,2025-05-15T07:31:05.050Z,50552535,4860734d9274d38c7d74b03522f27ad5
A2025134.2306,2025-05-14T23:06Z,NOAA-21 VIIRS,VJ214IMG.A2025134.2306.002.2025327040659.nc,2025-11-23T04:06:59.000Z,2.0.14,1253001,0a389e5175df40d70239017c46bea3b0f23132da4a9b25799b43910e0301c00f,CLDMSK_L2_VIIRS_NOAA21.A2025134.2306.001.2025135073055.nc,2025-05-15T07:30:55.900Z,54432416,053e920101fb46ffe6e6b831071eb28f
A2025134.2312,2025-05-14T23:12Z,NOAA-21 VIIRS,VJ214IMG.A2025134.2312.002.2025327040659.nc,2025-11-23T04:06:59.000Z,2.0.14,761421,76d6dcd0125206e8200b8e440f10f744b648707759aed6881402959b2491c125,CLDMSK_L2_VIIRS_NOAA21.A2025134.2312.001.2025135073052.nc,2025-05-15T07:30:52.650Z,48986760,2ae6ecd6a0d831726f3fec58f2685942
A2025135.2106,2025-05-15T21:06Z,NOAA-21 VIIRS,VJ214IMG.A2025135.2106.002.2025327041829.nc,2025-11-23T04:18:29.000Z,2.0.14,917015,820027cbda798e8276b6211f29323026b82b74208c42bcd96c74dbc5d3b1901e,CLDMSK_L2_VIIRS_NOAA21.A2025135.2106.001.2025136073142.nc,2025-05-16T07:31:42.740Z,49318595,530a337a27af379c1ad3c29e66e6942c
A2025135.2112,2025-05-15T21:12Z,NOAA-21 VIIRS,VJ214IMG.A2025135.2112.002.2025327041826.nc,2025-11-23T04:18:26.000Z,2.0.14,1362356,69f0a8f130bac37d828c6543e7db291600199062862df332fdce7d19bd059df1,CLDMSK_L2_VIIRS_NOAA21.A2025135.2112.001.2025136073137.nc,2025-05-16T07:31:37.280Z,52996100,7a9c2ebbc5310c0ed20a8b5dcb27a539
A2025135.2248,2025-05-15T22:48Z,NOAA-21 VIIRS,VJ214IMG.A2025135.2248.002.2025327041828.nc,2025-11-23T04:18:28.000Z,2.0.14,933966,57f50fc5920ec1bb0a4ba84da744b24ee3cde2885821cc5dad60b8dbb1df19d5,CLDMSK_L2_VIIRS_NOAA21.A2025135.2248.001.2025136073125.nc,2025-05-16T07:31:25.580Z,51481440,614a273c7efbbee3207cdad5e95339b2
A2025135.2254,2025-05-15T22:54Z,NOAA-21 VIIRS,VJ214IMG.A2025135.2254.002.2025327041830.nc,2025-11-23T04:18:30.000Z,2.0.14,588877,9ddd409d9ef296c3f50c7f8330549c126bb7a916ef5df71313028933e695c48e,CLDMSK_L2_VIIRS_NOAA21.A2025135.2254.001.2025136073123.nc,2025-05-16T07:31:23.800Z,49731706,bc1478da365fc6fe28cba0986df2b902
A2025136.2048,2025-05-16T20:48Z,NOAA-21 VIIRS,VJ214IMG.A2025136.2048.002.2025327043424.nc,2025-11-23T04:34:24.000Z,2.0.14,966645,283b3bb25bce3014ef87478aad140edbf3769eeddabfc3114320a67a645f083b,CLDMSK_L2_VIIRS_NOAA21.A2025136.2048.001.2025137072240.nc,2025-05-17T07:22:40.390Z,50312009,6c592e13b4bac24b78cfbf942ba60a54
A2025136.2054,2025-05-16T20:54Z,NOAA-21 VIIRS,VJ214IMG.A2025136.2054.002.2025327043425.nc,2025-11-23T04:34:25.000Z,2.0.14,1619236,0ca1170592594695c745cb730b51f33d3c2b1dfa8faecf53d8ef9c99d31d214a,CLDMSK_L2_VIIRS_NOAA21.A2025136.2054.001.2025137072251.nc,2025-05-17T07:22:51.890Z,54799955,24080c7bd679c0ee33d01c331c75a6bb
A2025136.2230,2025-05-16T22:30Z,NOAA-21 VIIRS,VJ214IMG.A2025136.2230.002.2025327043423.nc,2025-11-23T04:34:23.000Z,2.0.14,647285,0f7d0e5b25d4c876cd895e430959a8890cb25f4b17086189f49b5249d0dda0c2,CLDMSK_L2_VIIRS_NOAA21.A2025136.2230.001.2025137072242.nc,2025-05-17T07:22:42.300Z,47701687,0079a527175f46771d8338207f8f1954
A2025136.2236,2025-05-16T22:36Z,NOAA-21 VIIRS,VJ214IMG.A2025136.2236.002.2025327043420.nc,2025-11-23T04:34:20.000Z,2.0.14,863982,2c6197b51402e926cff2bc8cebb39d7f25d4b92f8c70b74728b544d3a0b9704b,CLDMSK_L2_VIIRS_NOAA21.A2025136.2236.001.2025137072243.nc,2025-05-17T07:22:43.730Z,53933251,5a73a84907d3b76043e92b1574296c06
A2025137.2206,2025-05-17T22:06Z,NOAA-21 VIIRS,VJ214IMG.A2025137.2206.002.2025327045056.nc,2025-11-23T04:50:56.000Z,2.0.14,1101081,d8613a06777bbc1fb5730b6e4a08916c8de77d8ad7f262b320949d88396926b2,CLDMSK_L2_VIIRS_NOAA21.A2025137.2206.001.2025138072314.nc,2025-05-18T07:23:14.450Z,52961620,cf251eec5c48fb179046731478213d5d
A2025137.2212,2025-05-17T22:12Z,NOAA-21 VIIRS,VJ214IMG.A2025137.2212.002.2025327045058.nc,2025-11-23T04:50:58.000Z,2.0.14,504549,a28620990f3f49b0865716506418b9c3993256e75ad626dbf0a3cec1990d1daa,CLDMSK_L2_VIIRS_NOAA21.A2025137.2212.001.2025138072314.nc,2025-05-18T07:23:14.750Z,45619229,1d5ee9be223ec9269945db9ec2a81587
A2025137.2218,2025-05-17T22:18Z,NOAA-21 VIIRS,VJ214IMG.A2025137.2218.002.2025327045100.nc,2025-11-23T04:51:00.000Z,2.0.14,774885,b38a7bea5206934128b1cc93e7bce0d0007dd7de0e68c2a9e10a62df6c07111b,CLDMSK_L2_VIIRS_NOAA21.A2025137.2218.001.2025138072313.nc,2025-05-18T07:23:13.830Z,58202296,b351726d6a44c09a9eb7120c2280b352
A2025137.2348,2025-05-17T23:48Z,NOAA-21 VIIRS,VJ214IMG.A2025137.2348.002.2025327045059.nc,2025-11-23T04:50:59.000Z,2.0.14,1329509,e905b8131eef8dd66885557e6cabd5a7134c9064be188d62f8a8531e47242e60,CLDMSK_L2_VIIRS_NOAA21.A2025137.2348.001.2025138072306.nc,2025-05-18T07:23:06.870Z,55518330,16b4e8c5ad2e9e40350820e50492be0a
A2025137.2354,2025-05-17T23:54Z,NOAA-21 VIIRS,VJ214IMG.A2025137.2354.002.2025327045057.nc,2025-11-23T04:50:57.000Z,2.0.14,842923,63e644d76fdcd0c3864b36ee0e51873c7448182e79df49b3f7729ca901b08136,CLDMSK_L2_VIIRS_NOAA21.A2025137.2354.001.2025138072307.nc,2025-05-18T07:23:07.560Z,50014692,441abc773a6171f92205c12087d34374
A2025138.2148,2025-05-18T21:48Z,NOAA-21 VIIRS,VJ214IMG.A2025138.2148.002.2025327051231.nc,2025-11-23T05:12:31.000Z,2.0.14,998930,0e0810ce851d83affe887cb7a45653be861ef95fe58b5b3d3aa86b0f66f94167,CLDMSK_L2_VIIRS_NOAA21.A2025138.2148.001.2025139073404.nc,2025-05-19T07:34:04.450Z,52071887,f0e07906212c4a1b49fa546badc17eca
A2025138.2154,2025-05-18T21:54Z,NOAA-21 VIIRS,VJ214IMG.A2025138.2154.002.2025327051227.nc,2025-11-23T05:12:27.000Z,2.0.14,455453,9c3263bf8d058914f2eb0bb97aacc38bca27a87edf5419476d2f31475d8854d8,CLDMSK_L2_VIIRS_NOAA21.A2025138.2154.001.2025139073404.nc,2025-05-19T07:34:04.290Z,47612943,83c4ea9e46b23540e14095366a980955
A2025138.2330,2025-05-18T23:30Z,NOAA-21 VIIRS,VJ214IMG.A2025138.2330.002.2025327051229.nc,2025-11-23T05:12:29.000Z,2.0.14,1077332,4c0fcee5558ed5befd14ddfbdfbf2145c1c79ebfcbd61e3eb4b6a0b59b66fa73,CLDMSK_L2_VIIRS_NOAA21.A2025138.2330.001.2025139073351.nc,2025-05-19T07:33:51.950Z,53589513,784f48308c205c4aee75598c8abe6396
A2025138.2336,2025-05-18T23:36Z,NOAA-21 VIIRS,VJ214IMG.A2025138.2336.002.2025327051231.nc,2025-11-23T05:12:31.000Z,2.0.14,630816,a7fa63731906450c9010e402637f23330a26519e9f32cbd6ef79152faef3497d,CLDMSK_L2_VIIRS_NOAA21.A2025138.2336.001.2025139073351.nc,2025-05-19T07:33:51.220Z,48792875,87aff76bda6a3646473499a47e7743ef
A2025139.2130,2025-05-19T21:30Z,NOAA-21 VIIRS,VJ214IMG.A2025139.2130.002.2025327053325.nc,2025-11-23T05:33:25.000Z,2.0.14,952639,6f404e6b1f4218e1a54636d11461cba32ddfea5b1de16cc320d8deaef02dd606,CLDMSK_L2_VIIRS_NOAA21.A2025139.2130.001.2025140073443.nc,2025-05-20T07:34:43.020Z,50639760,ceab22eb9e757b5adf2b5d77c66080be
A2025139.2136,2025-05-19T21:36Z,NOAA-21 VIIRS,VJ214IMG.A2025139.2136.002.2025327053325.nc,2025-11-23T05:33:25.000Z,2.0.14,916346,a86452908f172608431ca6903d285d533feb9994a3082fcc868b271516f982a4,CLDMSK_L2_VIIRS_NOAA21.A2025139.2136.001.2025140073441.nc,2025-05-20T07:34:41.960Z,49228958,3ab7c7b6ee91fbe3ef1e57a5f95a65d0
A2025139.2312,2025-05-19T23:12Z,NOAA-21 VIIRS,VJ214IMG.A2025139.2312.002.2025327053324.nc,2025-11-23T05:33:24.000Z,2.0.14,967169,1898590a41feb9a9434c6509561bb9c7fb5e9cc19903e5a5f431ba658a306bbd,CLDMSK_L2_VIIRS_NOAA21.A2025139.2312.001.2025140073428.nc,2025-05-20T07:34:28.770Z,52589115,88a376ed5bb2e2aa6a229d985eed354c
A2025139.2318,2025-05-19T23:18Z,NOAA-21 VIIRS,VJ214IMG.A2025139.2318.002.2025327053321.nc,2025-11-23T05:33:21.000Z,2.0.14,776467,18db9ee6a657a02e2dffe64070dc8e0dc86fd91eace65ae3ad3e3482ae8fb680,CLDMSK_L2_VIIRS_NOAA21.A2025139.2318.001.2025140073429.nc,2025-05-20T07:34:29.740Z,48135652,b3c870f307b0941702d712211970575d
A2025140.2112,2025-05-20T21:12Z,NOAA-21 VIIRS,VJ214IMG.A2025140.2112.002.2025327054500.nc,2025-11-23T05:45:00.000Z,2.0.14,889998,4a33693d5a1fd3dabcf7a1ae44327558f1cf1f9de88677920f99249a242b68f8,CLDMSK_L2_VIIRS_NOAA21.A2025140.2112.001.2025141072532.nc,2025-05-21T07:25:32.500Z,49519173,5660fa490196f85b5612f16e4e8d3cd1
A2025140.2118,2025-05-20T21:18Z,NOAA-21 VIIRS,VJ214IMG.A2025140.2118.002.2025327054459.nc,2025-11-23T05:44:59.000Z,2.0.14,1500624,c2138b72d13274e72e451216eb851d779abc30e24b9dec4c8fc2cef9c7cae3ee,CLDMSK_L2_VIIRS_NOAA21.A2025140.2118.001.2025141072531.nc,2025-05-21T07:25:31.880Z,51377974,7a03e5b40aa5f6a30ffdcd05f7974c27
A2025140.2254,2025-05-20T22:54Z,NOAA-21 VIIRS,VJ214IMG.A2025140.2254.002.2025327054457.nc,2025-11-23T05:44:57.000Z,2.0.14,844862,b7e9e23edc38e14f6a7d5e7f28d4410fd6f95a953aa8b92e64e8f3008991e435,CLDMSK_L2_VIIRS_NOAA21.A2025140.2254.001.2025141072520.nc,2025-05-21T07:25:20.320Z,51191747,01a1fdaec49b2ec65bd4bf609e831f1e
A2025140.2300,2025-05-20T23:00Z,NOAA-21 VIIRS,VJ214IMG.A2025140.2300.002.2025327054500.nc,2025-11-23T05:45:00.000Z,2.0.14,787961,d44d8ee2af777914381b65b57fe3a2223bbae718153f64fbe0c9c696e979a8d5,CLDMSK_L2_VIIRS_NOAA21.A2025140.2300.001.2025141072517.nc,2025-05-21T07:25:17.970Z,50822222,9f02a6ac158a7c5cce57e2f81b5516f9
A2025141.2054,2025-05-21T20:54Z,NOAA-21 VIIRS,VJ214IMG.A2025141.2054.002.2025327060333.nc,2025-11-23T06:03:33.000Z,2.0.14,1003413,d960a6328bf72218d11f1dd1552022422b8c982abdf143617addb2b3fede79a7,CLDMSK_L2_VIIRS_NOAA21.A2025141.2054.001.2025142073743.nc,2025-05-22T07:37:43.330Z,49339305,d9923679741c4edb3dbf2f5759657234
A2025141.2100,2025-05-21T21:00Z,NOAA-21 VIIRS,VJ214IMG.A2025141.2100.002.2025327060332.nc,2025-11-23T06:03:32.000Z,2.0.14,2120777,cc5079a31b7bf0151b629e48dbf4c6a8c1f2f6dd12dbb344cf497b50d84adca5,CLDMSK_L2_VIIRS_NOAA21.A2025141.2100.001.2025142073742.nc,2025-05-22T07:37:42.550Z,52304703,05b4adef83ad423329d377ede5f548a9
A2025141.2236,2025-05-21T22:36Z,NOAA-21 VIIRS,VJ214IMG.A2025141.2236.002.2025327060332.nc,2025-11-23T06:03:32.000Z,2.0.14,647260,50b6f0c9370684c9ea495a916dd5e83f5137019da3e575e62436de109086e639,CLDMSK_L2_VIIRS_NOAA21.A2025141.2236.001.2025142073730.nc,2025-05-22T07:37:30.370Z,47233228,7d4302ac9983de1507c3683c9c24edb2
A2025141.2242,2025-05-21T22:42Z,NOAA-21 VIIRS,VJ214IMG.A2025141.2242.002.2025327060336.nc,2025-11-23T06:03:36.000Z,2.0.14,845632,f72d87aaccf9221c0aa4cebd6794a9aad55f0d531f82c6db5476d34d3b98d650,CLDMSK_L2_VIIRS_NOAA21.A2025141.2242.001.2025142073730.nc,2025-05-22T07:37:30.160Z,53960122,0d4be5c809bcdd6ada3ad45cdea55b82
A2025142.2042,2025-05-22T20:42Z,NOAA-21 VIIRS,VJ214IMG.A2025142.2042.002.2025327062109.nc,2025-11-23T06:21:09.000Z,2.0.14,1999227,d644f3234f6f3dd82db6a174b60f996680f84d59f2bbf5e7be0dfd05bcd0228e,CLDMSK_L2_VIIRS_NOAA21.A2025142.2042.001.2025143072858.nc,2025-05-23T07:28:58.080Z,52692053,36f4ccaa2dbea45ffd04e9907377a99a
A2025142.2218,2025-05-22T22:18Z,NOAA-21 VIIRS,VJ214IMG.A2025142.2218.002.2025327062107.nc,2025-11-23T06:21:07.000Z,2.0.14,564028,dab7fb5a15db2302b37fec357467384c216975d8af7ed78dd5cb617bc3d60304,CLDMSK_L2_VIIRS_NOAA21.A2025142.2218.001.2025143072905.nc,2025-05-23T07:29:05.970Z,45447452,fd05e7684af29cde89a5d495214ed214
A2025142.2224,2025-05-22T22:24Z,NOAA-21 VIIRS,VJ214IMG.A2025142.2224.002.2025327062107.nc,2025-11-23T06:21:07.000Z,2.0.14,1319648,b2dd4bf3e35a3f1d05bb30eb168710624469c3507830af46c2e8a2650156b494,CLDMSK_L2_VIIRS_NOAA21.A2025142.2224.001.2025143072906.nc,2025-05-23T07:29:06.710Z,55734124,9aec31c0056d83198f081b97512dad27
A2025142.2354,2025-05-22T23:54Z,NOAA-21 VIIRS,VJ214IMG.A2025142.2354.002.2025327062107.nc,2025-11-23T06:21:07.000Z,2.0.14,1135943,f7e81b6ba09e1ee572b717570000ed577777ac88d7ca101ace5d51ca9d171ff9,CLDMSK_L2_VIIRS_NOAA21.A2025142.2354.001.2025143072859.nc,2025-05-23T07:28:59.750Z,55422136,b1136743df2123c3bfb19b4be599d040
A2025143.0000,2025-05-23T00:00Z,NOAA-21 VIIRS,VJ214IMG.A2025143.0000.002.2025327063939.nc,2025-11-23T06:39:39.000Z,2.0.14,561322,6d455f5759e750488cd896c70c8546a49eea1a15d8c6ea8ba452deefc93e4c53,CLDMSK_L2_VIIRS_NOAA21.A2025143.0000.001.2025143131858.nc,2025-05-23T13:18:58.030Z,45720105,ce0581edd2c07828d514a3bd375a3f5c
A2025143.2154,2025-05-23T21:54Z,NOAA-21 VIIRS,VJ214IMG.A2025143.2154.002.2025327064010.nc,2025-11-23T06:40:10.000Z,2.0.14,1134688,2ce785e571ec2183303c0d91f8c840cc7d3b2faebd21e04d1dca9f95c482c6b9,CLDMSK_L2_VIIRS_NOAA21.A2025143.2154.001.2025144073032.nc,2025-05-24T07:30:32.560Z,54428695,96a941db25d8c3a0d6d623370808cc69
A2025143.2200,2025-05-23T22:00Z,NOAA-21 VIIRS,VJ214IMG.A2025143.2200.002.2025327064008.nc,2025-11-23T06:40:08.000Z,2.0.14,717563,b9f71f22ae95f58327a12395d8df55b04d7023b7417ec1462e8b71c798c40e2a,CLDMSK_L2_VIIRS_NOAA21.A2025143.2200.001.2025144073012.nc,2025-05-24T07:30:12.870Z,48339666,c1e153a34f9d1db3d60d88bed6f46ae2
A2025143.2336,2025-05-23T23:36Z,NOAA-21 VIIRS,VJ214IMG.A2025143.2336.002.2025327064007.nc,2025-11-23T06:40:07.000Z,2.0.14,1161045,772b264f17101058bf9d4d5c92aa9c5a998a34caec79a81d0219f855613137c8,CLDMSK_L2_VIIRS_NOAA21.A2025143.2336.001.2025144073028.nc,2025-05-24T07:30:28.250Z,53450153,17b5378306081fdd19a1d2fba1ff6ca1
A2025143.2342,2025-05-23T23:42Z,NOAA-21 VIIRS,VJ214IMG.A2025143.2342.002.2025327064011.nc,2025-11-23T06:40:11.000Z,2.0.14,558061,288cb64ea5183e3af71822734b76b67c37a566cd1594dde33de68a0b99e42ba6,CLDMSK_L2_VIIRS_NOAA21.A2025143.2342.001.2025144073032.nc,2025-05-24T07:30:32.190Z,46023020,79255c5c2f8a1cb614f81633e5549510
A2025144.2136,2025-05-24T21:36Z,NOAA-21 VIIRS,VJ214IMG.A2025144.2136.002.2025327065541.nc,2025-11-23T06:55:41.000Z,2.0.14,1150749,df3f672c3b51cd92e4e0aa24f40c7c69f183af8d7d216eb1968069c42ad6e039,CLDMSK_L2_VIIRS_NOAA21.A2025144.2136.001.2025145073106.nc,2025-05-25T07:31:06.160Z,54274097,27ef3b578e9a7dab663f45e875d58078
A2025144.2142,2025-05-24T21:42Z,NOAA-21 VIIRS,VJ214IMG.A2025144.2142.002.2025327065539.nc,2025-11-23T06:55:39.000Z,2.0.14,962861,0adc7bd659e0a4f60efa761fba409c7105032cf4bb0e46c3e5c0a05fc814d9c9,CLDMSK_L2_VIIRS_NOAA21.A2025144.2142.001.2025145073101.nc,2025-05-25T07:31:01.360Z,49634226,5ff8a2d3e89e70cfd1b767b8d8d8fcf9
A2025144.2318,2025-05-24T23:18Z,NOAA-21 VIIRS,VJ214IMG.A2025144.2318.002.2025327065538.nc,2025-11-23T06:55:38.000Z,2.0.14,1088092,33cc98c12ffcf47cc6f0db1729f36790ea921cb81693cf150fda8cfc518c01ad,CLDMSK_L2_VIIRS_NOAA21.A2025144.2318.001.2025145073109.nc,2025-05-25T07:31:09.890Z,51694090,6eafd169a9368e769e887657fac029b2
A2025144.2324,2025-05-24T23:24Z,NOAA-21 VIIRS,VJ214IMG.A2025144.2324.002.2025327065540.nc,2025-11-23T06:55:40.000Z,2.0.14,588372,8a0f4d52cff835d20578354dd860e464790964270b943a69e0472f00ffdc9bce,CLDMSK_L2_VIIRS_NOAA21.A2025144.2324.001.2025145073109.nc,2025-05-25T07:31:09.690Z,47406239,3bfbcd2b80dfb84aba3e84e13e487cee
A2025145.2118,2025-05-25T21:18Z,NOAA-21 VIIRS,VJ214IMG.A2025145.2118.002.2025327070710.nc,2025-11-23T07:07:10.000Z,2.0.14,1211461,ae4a506330aa62236b959476fe119e44ae0f09f152a33136561373049850e579,CLDMSK_L2_VIIRS_NOAA21.A2025145.2118.001.2025146074205.nc,2025-05-26T07:42:05.560Z,52603949,34cafc5988d704912e1ae45b9674da8a
A2025145.2124,2025-05-25T21:24Z,NOAA-21 VIIRS,VJ214IMG.A2025145.2124.002.2025327070706.nc,2025-11-23T07:07:06.000Z,2.0.14,1583580,d7789b7dd2a2941cf28b7dc0844de1efc11cdf3928ccef3ff3115b411744b559,CLDMSK_L2_VIIRS_NOAA21.A2025145.2124.001.2025146074207.nc,2025-05-26T07:42:07.030Z,50896965,eebaf73e3c09f7862dbbd92155ca5efd
A2025145.2300,2025-05-25T23:00Z,NOAA-21 VIIRS,VJ214IMG.A2025145.2300.002.2025327070708.nc,2025-11-23T07:07:08.000Z,2.0.14,1213111,984fcbcbab772f8c9d38ccb1bf29b3afe33c5cd1f4c588aca643e509f6b7c6b6,CLDMSK_L2_VIIRS_NOAA21.A2025145.2300.001.2025146074153.nc,2025-05-26T07:41:53.270Z,49665305,3ef901d0f2371b693d0e152e10cac6d0
A2025145.2306,2025-05-25T23:06Z,NOAA-21 VIIRS,VJ214IMG.A2025145.2306.002.2025327070711.nc,2025-11-23T07:07:11.000Z,2.0.14,577104,5463694a1091bbfdfda1f8b5a53c7cfd0dca415d8779fae718b0d16d088ea43a,CLDMSK_L2_VIIRS_NOAA21.A2025145.2306.001.2025146074152.nc,2025-05-26T07:41:52.900Z,48446336,542852bf074d239258b1dd4a45c5ef3a
A2025146.2100,2025-05-26T21:00Z,NOAA-21 VIIRS,VJ214IMG.A2025146.2100.002.2025327071739.nc,2025-11-23T07:17:39.000Z,2.0.14,1250800,7e9b30fa0fd491b32732554f9246ba5b62ec32872f0d71e2e33d4ca8491902b6,CLDMSK_L2_VIIRS_NOAA21.A2025146.2100.001.2025147073246.nc,2025-05-27T07:32:46.960Z,53695946,68340036d682b352459be2e53c4418f5
A2025146.2106,2025-05-26T21:06Z,NOAA-21 VIIRS,VJ214IMG.A2025146.2106.002.2025327071738.nc,2025-11-23T07:17:38.000Z,2.0.14,1875947,68a09b7d0d982392958dcfba93c550b279bf68b2da78d89b6d2ca0afede4cd1a,CLDMSK_L2_VIIRS_NOAA21.A2025146.2106.001.2025147073246.nc,2025-05-27T07:32:46.150Z,51108858,8b2186e1199c27a2326ea0ea5ba3c318
A2025146.2242,2025-05-26T22:42Z,NOAA-21 VIIRS,VJ214IMG.A2025146.2242.002.2025327071740.nc,2025-11-23T07:17:40.000Z,2.0.14,962623,9f35243cfa7e20c6f59d4d81aa598b8dfb31ccafd45f25c7ca1dc0c0aefa566a,CLDMSK_L2_VIIRS_NOAA21.A2025146.2242.001.2025147073239.nc,2025-05-27T07:32:39.870Z,49310516,5497cddbe23739cd9a9deacb0cf8e155
A2025146.2248,2025-05-26T22:48Z,NOAA-21 VIIRS,VJ214IMG.A2025146.2248.002.2025327071741.nc,2025-11-23T07:17:41.000Z,2.0.14,944734,e8c4922f5a941308f4c069dcb9e26c0f1084828069ac30ed63b4c566f4b6ae5a,CLDMSK_L2_VIIRS_NOAA21.A2025146.2248.001.2025147073239.nc,2025-05-27T07:32:39.630Z,51442940,f2fb8b0cd6b76712c82effdc8405b82d
A2025147.2042,2025-05-27T20:42Z,NOAA-21 VIIRS,VJ214IMG.A2025147.2042.002.2025327073409.nc,2025-11-23T07:34:09.000Z,2.0.14,1432187,81f1aaa8c3da98b4444a66f8b824cfdc799a710f8eca91798c3e99687520af42,CLDMSK_L2_VIIRS_NOAA21.A2025147.2042.001.2025148144440.nc,2025-05-28T14:44:40.160Z,52814160,f66bbe3ec4e08c931998d66acc324d82
A2025147.2048,2025-05-27T20:48Z,NOAA-21 VIIRS,VJ214IMG.A2025147.2048.002.2025327073405.nc,2025-11-23T07:34:05.000Z,2.0.14,1557572,e50f8fc2c18f4b3667fe04f7559380f5f50d43b30b3aee35d330069b35ba9fa6,CLDMSK_L2_VIIRS_NOAA21.A2025147.2048.001.2025148144441.nc,2025-05-28T14:44:41.550Z,53197740,be4ab6f2ca5a6e0dc900db4cc323ed1e
A2025147.2224,2025-05-27T22:24Z,NOAA-21 VIIRS,VJ214IMG.A2025147.2224.002.2025327073407.nc,2025-11-23T07:34:07.000Z,2.0.14,733987,d3f1e5679dc5aebf1b9cc293d6bac2e4295fe94af0100613b0d7cd1195e1849d,CLDMSK_L2_VIIRS_NOAA21.A2025147.2224.001.2025148144445.nc,2025-05-28T14:44:45.440Z,47723092,ad917d115d1cc5c454d7192688c7bcbf
A2025147.2230,2025-05-27T22:30Z,NOAA-21 VIIRS,VJ214IMG.A2025147.2230.002.2025327073404.nc,2025-11-23T07:34:04.000Z,2.0.14,825624,9ba02fa336052254f0ae5e4f6d4af6f653a6ff6f7f84a5f15290d5e5dd5eb122,CLDMSK_L2_VIIRS_NOAA21.A2025147.2230.001.2025148144442.nc,2025-05-28T14:44:42.510Z,54688096,22fedb6c42b8a289002049070d963ff2
A2025148.2200,2025-05-28T22:00Z,NOAA-21 VIIRS,VJ214IMG.A2025148.2200.002.2025327074937.nc,2025-11-23T07:49:37.000Z,2.0.14,983600,ff5fa68a4dcedcbfcf09508014990f5f03135a9bba428505a2b99fb342cec60d,CLDMSK_L2_VIIRS_NOAA21.A2025148.2200.001.2025149073543.nc,2025-05-29T07:35:43.940Z,51871427,731f88d3c6a1bca0428ec6fe0eeaac97
A2025148.2206,2025-05-28T22:06Z,NOAA-21 VIIRS,VJ214IMG.A2025148.2206.002.2025327074935.nc,2025-11-23T07:49:35.000Z,2.0.14,658845,06bc9bafd7956ac0796569703e35713a6201e29cb522343270aa2847dfe56ec5,CLDMSK_L2_VIIRS_NOAA21.A2025148.2206.001.2025149073544.nc,2025-05-29T07:35:44.940Z,47202117,cd939e6a0bf73019f5fa536ea4635d2f
A2025148.2212,2025-05-28T22:12Z,NOAA-21 VIIRS,VJ214IMG.A2025148.2212.002.2025327074938.nc,2025-11-23T07:49:38.000Z,2.0.14,1046271,41b28372e3be219548dd80aed9317e366c938dd936b29d3e5322cbab43442c71,CLDMSK_L2_VIIRS_NOAA21.A2025148.2212.001.2025149073544.nc,2025-05-29T07:35:44.540Z,57823273,79c7d644ef8abe54e4764574ce0ad612
A2025148.2342,2025-05-28T23:42Z,NOAA-21 VIIRS,VJ214IMG.A2025148.2342.002.2025327074936.nc,2025-11-23T07:49:36.000Z,2.0.14,1263740,d13415cb7d1c795cf36f3c36e5a1a0ddd00589a8c9e8c240ec65ae84fed76c4b,CLDMSK_L2_VIIRS_NOAA21.A2025148.2342.001.2025149073535.nc,2025-05-29T07:35:35.590Z,55394324,4d9e6ff0b3bcd50314084f855b1752bd
A2025148.2348,2025-05-28T23:48Z,NOAA-21 VIIRS,VJ214IMG.A2025148.2348.002.2025327074933.nc,2025-11-23T07:49:33.000Z,2.0.14,395132,c848e040b40024b6ba90ef57ee0bc49b8d9a3beb16f63f124cd3f78dc98ef103,CLDMSK_L2_VIIRS_NOAA21.A2025148.2348.001.2025149073535.nc,2025-05-29T07:35:35.760Z,45103314,23aad5731f2dfa8eee4672cda6cc49a8
A2025149.2142,2025-05-29T21:42Z,NOAA-21 VIIRS,VJ214IMG.A2025149.2142.002.2025327080506.nc,2025-11-23T08:05:06.000Z,2.0.14,939676,8e04c73273dbcd5c7c410448ddd6fb2467d980549789d23fa6c8cbcf42ca23f2,CLDMSK_L2_VIIRS_NOAA21.A2025149.2142.001.2025150123640.nc,2025-05-30T12:36:40.170Z,50952291,241ca5a5490e942cd8cac6893537ec1f
A2025149.2148,2025-05-29T21:48Z,NOAA-21 VIIRS,VJ214IMG.A2025149.2148.002.2025327080506.nc,2025-11-23T08:05:06.000Z,2.0.14,674710,9912fcbdbe7047937be8f0b5ec2b2d2f483219f29e2017ac1045415f0067e42b,CLDMSK_L2_VIIRS_NOAA21.A2025149.2148.001.2025150123638.nc,2025-05-30T12:36:38.750Z,49303180,f3f30a32ef347eea9e7f2146e72af87d
A2025149.2324,2025-05-29T23:24Z,NOAA-21 VIIRS,VJ214IMG.A2025149.2324.002.2025327080506.nc,2025-11-23T08:05:06.000Z,2.0.14,1289839,d8c6884bc470302123b458ca7087fc36a7a0174fd1501ed20b28ac491d454e5f,CLDMSK_L2_VIIRS_NOAA21.A2025149.2324.001.2025150123632.nc,2025-05-30T12:36:32.710Z,53544322,0e131d7262355def77e2c337f86d11c2
A2025149.2330,2025-05-29T23:30Z,NOAA-21 VIIRS,VJ214IMG.A2025149.2330.002.2025327080505.nc,2025-11-23T08:05:05.000Z,2.0.14,552420,cc2a76f33a897d7b5a1058c7ad0a66f6cb19533b9b8081e403dcdab13cab623a,CLDMSK_L2_VIIRS_NOAA21.A2025149.2330.001.2025150123633.nc,2025-05-30T12:36:33.210Z,46618004,0e964861a6ec0076d6758a2f38ec1367
A2025150.2124,2025-05-30T21:24Z,NOAA-21 VIIRS,VJ214IMG.A2025150.2124.002.2025327081605.nc,2025-11-23T08:16:05.000Z,2.0.14,914368,b39aec8ac610f5c24abfb34766f3983d14c0ecf7a8fbb50746220cd316dbb13b,CLDMSK_L2_VIIRS_NOAA21.A2025150.2124.001.2025151073720.nc,2025-05-31T07:37:20.000Z,50118833,5150049fb9cba16e8306300e021173ca
A2025150.2130,2025-05-30T21:30Z,NOAA-21 VIIRS,VJ214IMG.A2025150.2130.002.2025327081608.nc,2025-11-23T08:16:08.000Z,2.0.14,615826,3fdef83c0eb0402b98b412ff9809b633c7f35e29647767e61cb36e705eccbb67,CLDMSK_L2_VIIRS_NOAA21.A2025150.2130.001.2025151073711.nc,2025-05-31T07:37:11.950Z,52604488,c7b6aca6bc545d6d88de940a393592b3
A2025150.2306,2025-05-30T23:06Z,NOAA-21 VIIRS,VJ214IMG.A2025150.2306.002.2025327081612.nc,2025-11-23T08:16:12.000Z,2.0.14,1075917,bdccdb399ec55f89585b44bc9a53644da7c0738fd5c67c46781843352be51c56,CLDMSK_L2_VIIRS_NOAA21.A2025150.2306.001.2025151073702.nc,2025-05-31T07:37:02.100Z,51820552,dfd045f513d5638b153b6a0fb907bbec
A2025150.2312,2025-05-30T23:12Z,NOAA-21 VIIRS,VJ214IMG.A2025150.2312.002.2025327081605.nc,2025-11-23T08:16:05.000Z,2.0.14,679961,73459d7779bbe942442c3bf0afca621e217a81ea3836574a788587d27fcd30eb,CLDMSK_L2_VIIRS_NOAA21.A2025150.2312.001.2025151073704.nc,2025-05-31T07:37:04.190Z,48333137,08eb8a4c486a6dc1bc1954f6ec672a75
A2025151.2106,2025-05-31T21:06Z,NOAA-21 VIIRS,VJ214IMG.A2025151.2106.002.2025327082205.nc,2025-11-23T08:22:05.000Z,2.0.14,860129,57e260af85d6e075fd0cfcf888adf84d8971d61f9b0b4c85fab487670e300d5c,CLDMSK_L2_VIIRS_NOAA21.A2025151.2106.001.2025152072742.nc,2025-06-01T07:27:42.400Z,49498660,563496905df297926959b30961194027
A2025151.2112,2025-05-31T21:12Z,NOAA-21 VIIRS,VJ214IMG.A2025151.2112.002.2025327082203.nc,2025-11-23T08:22:03.000Z,2.0.14,1192185,8adbbe2df43bb86b2541f7f9dd7931c57372a727eed94bc93ffecf0b2d83837c,CLDMSK_L2_VIIRS_NOAA21.A2025151.2112.001.2025152072741.nc,2025-06-01T07:27:41.230Z,56005028,f39ac67cae244251bb1fe9d95470d435
A2025151.2248,2025-05-31T22:48Z,NOAA-21 VIIRS,VJ214IMG.A2025151.2248.002.2025327082205.nc,2025-11-23T08:22:05.000Z,2.0.14,729189,6d87f642219fdb887014682106c3332dec1387c64f8656e15e7ed015e92f5139,CLDMSK_L2_VIIRS_NOAA21.A2025151.2248.001.2025152072728.nc,2025-06-01T07:27:28.570Z,47299005,6234bf15380d7167319ff1496d7c018b
A2025151.2254,2025-05-31T22:54Z,NOAA-21 VIIRS,VJ214IMG.A2025151.2254.002.2025327082205.nc,2025-11-23T08:22:05.000Z,2.0.14,847494,8d4491890317d2ee26820c06e2066e1a45ae7d8e3d7eb474614557265c58a343,CLDMSK_L2_VIIRS_NOAA21.A2025151.2254.001.2025152072727.nc,2025-06-01T07:27:27.740Z,50850218,41aaf267a622ce387647d9e85e72d2be
A2025152.2048,2025-06-01T20:48Z,NOAA-21 VIIRS,VJ214IMG.A2025152.2048.002.2025327083338.nc,2025-11-23T08:33:38.000Z,2.0.14,1058240,94b8c9508da312d2d04669dca9718d254626deb76ceacda392d6e1fa27860dfc,CLDMSK_L2_VIIRS_NOAA21.A2025152.2048.001.2025153072819.nc,2025-06-02T07:28:19.350Z,50996665,9c4516e732816dd4dce8a9a71558e6c4
A2025152.2054,2025-06-01T20:54Z,NOAA-21 VIIRS,VJ214IMG.A2025152.2054.002.2025327083333.nc,2025-11-23T08:33:33.000Z,2.0.14,1148290,3b9772938386d320d9f55405877130d4fc0f3aa2077c5369e6b90911b303e7b9,CLDMSK_L2_VIIRS_NOAA21.A2025152.2054.001.2025153072823.nc,2025-06-02T07:28:23.040Z,55194142,effba1d887207be2f9a08352fdcc9277
A2025152.2230,2025-06-01T22:30Z,NOAA-21 VIIRS,VJ214IMG.A2025152.2230.002.2025327083334.nc,2025-11-23T08:33:34.000Z,2.0.14,591603,6ecf42a5ad90c75da78d984325eedac463c172b9b2a230cc84d108ce6ed7bd37,CLDMSK_L2_VIIRS_NOAA21.A2025152.2230.001.2025153072819.nc,2025-06-02T07:28:19.180Z,45618247,a6cd6cafe831b8456ae585af54007749
A2025152.2236,2025-06-01T22:36Z,NOAA-21 VIIRS,VJ214IMG.A2025152.2236.002.2025327083335.nc,2025-11-23T08:33:35.000Z,2.0.14,835378,e44b029bd20efe15e6385813a832bba37a9766db539491ddc8163570d746ed55,CLDMSK_L2_VIIRS_NOAA21.A2025152.2236.001.2025153072819.nc,2025-06-02T07:28:19.290Z,54555211,5a286665d1c6c0f34d9838947b3e142f
A2025153.2212,2025-06-02T22:12Z,NOAA-21 VIIRS,VJ214IMG.A2025153.2212.002.2025327085233.nc,2025-11-23T08:52:33.000Z,2.0.14,501071,c0ee92a125b1e0bd765e279e1ff44ddfdb477db7de353847835f0bcd0ced27dc,CLDMSK_L2_VIIRS_NOAA21.A2025153.2212.001.2025154072922.nc,2025-06-03T07:29:22.580Z,44952290,5420b50ff25c1e0fe2d39c42d7cdd9db
A2025153.2218,2025-06-02T22:18Z,NOAA-21 VIIRS,VJ214IMG.A2025153.2218.002.2025327085234.nc,2025-11-23T08:52:34.000Z,2.0.14,772778,65f35807d05025b4d74dc2fa0957263b7cb9c6fbb943b3d1fda4157af9db1b6f,CLDMSK_L2_VIIRS_NOAA21.A2025153.2218.001.2025154072925.nc,2025-06-03T07:29:25.790Z,56330400,8a5cd06195898a2f3b91d0d5d989b9af
A2025153.2348,2025-06-02T23:48Z,NOAA-21 VIIRS,VJ214IMG.A2025153.2348.002.2025327085235.nc,2025-11-23T08:52:35.000Z,2.0.14,1192930,4996ab928c31e14afc446cd852a6f51e5f60350df6cb03d6ffe16369960f12e6,CLDMSK_L2_VIIRS_NOAA21.A2025153.2348.001.2025154072915.nc,2025-06-03T07:29:15.610Z,54322300,3667f36adde2fe739ae12409a91580ab
A2025153.2354,2025-06-02T23:54Z,NOAA-21 VIIRS,VJ214IMG.A2025153.2354.002.2025327085234.nc,2025-11-23T08:52:34.000Z,2.0.14,617130,15b0bd4ae3c7e546d7e1fd258da3305832a280e76561bc162e883f71e4810839,CLDMSK_L2_VIIRS_NOAA21.A2025153.2354.001.2025154072909.nc,2025-06-03T07:29:09.450Z,47316849,ec78366ddebc126d6d117166c4a6f87d
A2025154.2148,2025-06-03T21:48Z,NOAA-21 VIIRS,VJ214IMG.A2025154.2148.002.2025327090908.nc,2025-11-23T09:09:08.000Z,2.0.14,1273427,66e64976276e26b45f50acd28b1d9241b1e8518dea463755b7ed468b5d7400e1,CLDMSK_L2_VIIRS_NOAA21.A2025154.2148.001.2025155081047.nc,2025-06-04T08:10:47.290Z,53009471,00c2d9eb291efecfb5132115131f5a37
A2025154.2154,2025-06-03T21:54Z,NOAA-21 VIIRS,VJ214IMG.A2025154.2154.002.2025327090904.nc,2025-11-23T09:09:04.000Z,2.0.14,450831,fe6096910de4c380bc7ae55fa2592caadef6910912a0d962c4f7e9d90a5131e3,CLDMSK_L2_VIIRS_NOAA21.A2025154.2154.001.2025155081044.nc,2025-06-04T08:10:44.970Z,46669050,383633343b09056bef87729c51fa1d39
A2025154.2330,2025-06-03T23:30Z,NOAA-21 VIIRS,VJ214IMG.A2025154.2330.002.2025327090907.nc,2025-11-23T09:09:07.000Z,2.0.14,917196,b09811378460f560a23244abe9e822d3f8541949ad98cc6c48abcebe91fab140,CLDMSK_L2_VIIRS_NOAA21.A2025154.2330.001.2025155081054.nc,2025-06-04T08:10:54.490Z,51691768,786cbf007373ffe63a209fa8a9ef0203
A2025154.2336,2025-06-03T23:36Z,NOAA-21 VIIRS,VJ214IMG.A2025154.2336.002.2025327090903.nc,2025-11-23T09:09:03.000Z,2.0.14,461479,b90de0272eef8c9ae29738747ab6e5e00b624af43a71d38fd62a545d5db45562,CLDMSK_L2_VIIRS_NOAA21.A2025154.2336.001.2025155081055.nc,2025-06-04T08:10:55.060Z,45953549,86864f873195ddd1cc1eac6a80cdee93
A2025155.2130,2025-06-04T21:30Z,NOAA-21 VIIRS,VJ214IMG.A2025155.2130.002.2025327092005.nc,2025-11-23T09:20:05.000Z,2.0.14,1023133,b64805acc87095e670e6a6e2337cfffe4a894c8741d15bb636ff8e813491cedc,CLDMSK_L2_VIIRS_NOAA21.A2025155.2130.001.2025156074127.nc,2025-06-05T07:41:27.650Z,52634885,36b5b4cb3aa86769c5bcf536111ffb2b
A2025155.2136,2025-06-04T21:36Z,NOAA-21 VIIRS,VJ214IMG.A2025155.2136.002.2025327092008.nc,2025-11-23T09:20:08.000Z,2.0.14,449546,80d20d2acb6eb19bc4734135d24ef2c262cc966f3739eb522c8745b2064141c1,CLDMSK_L2_VIIRS_NOAA21.A2025155.2136.001.2025156074124.nc,2025-06-05T07:41:24.180Z,51107382,66675135ee6af07a4696cef739ca7228
A2025155.2312,2025-06-04T23:12Z,NOAA-21 VIIRS,VJ214IMG.A2025155.2312.002.2025327092007.nc,2025-11-23T09:20:07.000Z,2.0.14,843559,61e44399d2a2a51645ecc9bb1487eaf2fbcbf4e4ade5eb63ee3b241fdd57f2fb,CLDMSK_L2_VIIRS_NOAA21.A2025155.2312.001.2025156074136.nc,2025-06-05T07:41:36.650Z,50405741,8907241d6e4430cdb5267864253fef41
A2025155.2318,2025-06-04T23:18Z,NOAA-21 VIIRS,VJ214IMG.A2025155.2318.002.2025327092006.nc,2025-11-23T09:20:06.000Z,2.0.14,617179,b69179db4943fe3700ad1bf81d790fde4344b1894039b04dbe2e8c7de4c34d79,CLDMSK_L2_VIIRS_NOAA21.A2025155.2318.001.2025156074129.nc,2025-06-05T07:41:29.850Z,47111908,b89422b79f710c938003d5101df45c3f
A2025156.2112,2025-06-05T21:12Z,NOAA-21 VIIRS,VJ214IMG.A2025156.2112.002.2025327092605.nc,2025-11-23T09:26:05.000Z,2.0.14,1059136,a522c1d444dfe7f8250734e7d8088f017d0c44703d446ee47621ccfd6fe0b206,CLDMSK_L2_VIIRS_NOAA21.A2025156.2112.001.2025157073252.nc,2025-06-06T07:32:52.520Z,52893511,20fb6da2fc52b346ea30d0fa1f3eb7de
A2025156.2118,2025-06-05T21:18Z,NOAA-21 VIIRS,VJ214IMG.A2025156.2118.002.2025327092605.nc,2025-11-23T09:26:05.000Z,2.0.14,435690,d943744e6529040c735b650c0b0d9c26d1fee13627e335b7f4aa4ee546913a93,CLDMSK_L2_VIIRS_NOAA21.A2025156.2118.001.2025157073258.nc,2025-06-06T07:32:58.730Z,53704602,2bfb233db8b5a3d426e8c1475b4ed204
A2025156.2254,2025-06-05T22:54Z,NOAA-21 VIIRS,VJ214IMG.A2025156.2254.002.2025327092605.nc,2025-11-23T09:26:05.000Z,2.0.14,763953,ab209d2e9565820e9f351771876df5a0567cf17240da502e297e6f369a398537,CLDMSK_L2_VIIRS_NOAA21.A2025156.2254.001.2025157073209.nc,2025-06-06T07:32:09.780Z,49364966,693efafd64a442dcd34afa92f27194f1
A2025156.2300,2025-06-05T23:00Z,NOAA-21 VIIRS,VJ214IMG.A2025156.2300.002.2025327092606.nc,2025-11-23T09:26:06.000Z,2.0.14,818359,1d8d12fe38a0800bbbc4872832d9795a99f12df73514269a990a396942ee159c,CLDMSK_L2_VIIRS_NOAA21.A2025156.2300.001.2025157073223.nc,2025-06-06T07:32:23.660Z,49073925,f0c68f155f49031e695c8cc604f5658a
A2025157.2054,2025-06-06T20:54Z,NOAA-21 VIIRS,VJ214IMG.A2025157.2054.002.2025327093204.nc,2025-11-23T09:32:04.000Z,2.0.14,1134922,704bae8191c5a681ac03a727b28fb60cb45963a02af3b8d027bd9d14b39e432d,CLDMSK_L2_VIIRS_NOAA21.A2025157.2054.001.2025158072322.nc,2025-06-07T07:23:22.330Z,52925929,eefd7199fedc8a7e12a2b9828c0cff3a
A2025157.2100,2025-06-06T21:00Z,NOAA-21 VIIRS,VJ214IMG.A2025157.2100.002.2025327093205.nc,2025-11-23T09:32:05.000Z,2.0.14,704889,c641fd6ae251e4052a07ef1928d1c8ce5f32d09f7fef4e256a186a729646f43e,CLDMSK_L2_VIIRS_NOAA21.A2025157.2100.001.2025158072322.nc,2025-06-07T07:23:22.130Z,55900212,564dc14fae68f8f9dee881b0c460e60d
A2025157.2236,2025-06-06T22:36Z,NOAA-21 VIIRS,VJ214IMG.A2025157.2236.002.2025327093208.nc,2025-11-23T09:32:08.000Z,2.0.14,742381,e80ff6af3ae0792d314b8a6504974223d290fd9a148b40402f83f49fb0ae668a,CLDMSK_L2_VIIRS_NOAA21.A2025157.2236.001.2025158072317.nc,2025-06-07T07:23:17.440Z,47975524,db342eb863811e01d34f82449495e33e
A2025157.2242,2025-06-06T22:42Z,NOAA-21 VIIRS,VJ214IMG.A2025157.2242.002.2025327093204.nc,2025-11-23T09:32:04.000Z,2.0.14,679646,480134e4619e214e824c31e4aac76bdac3b875fe83c64cfad2a5854e8b0e7090,CLDMSK_L2_VIIRS_NOAA21.A2025157.2242.001.2025158072319.nc,2025-06-07T07:23:19.550Z,52118537,c209d6f2c10421ab13c953fc3a867e2d
A2025158.2042,2025-06-07T20:42Z,NOAA-21 VIIRS,VJ214IMG.A2025158.2042.002.2025327093805.nc,2025-11-23T09:38:05.000Z,2.0.14,1076980,58394bb92d4b8a153717c25d84dfb397612add809d94b20e529b8f51068ed973,CLDMSK_L2_VIIRS_NOAA21.A2025158.2042.001.2025161022047.nc,2025-06-10T02:20:47.240Z,55673768,4a3f4dca3fe67b4d125b8c6504b53356
A2025158.2218,2025-06-07T22:18Z,NOAA-21 VIIRS,VJ214IMG.A2025158.2218.002.2025327093809.nc,2025-11-23T09:38:09.000Z,2.0.14,728340,212a6afef267727bf326886a45da39f80a810ad4a6ded6adb0e9e8121d516dfc,CLDMSK_L2_VIIRS_NOAA21.A2025158.2218.001.2025161022124.nc,2025-06-10T02:21:24.120Z,47916223,a187c1c1dc1ea2c78023ea0ee4a54f71
A2025158.2224,2025-06-07T22:24Z,NOAA-21 VIIRS,VJ214IMG.A2025158.2224.002.2025327093805.nc,2025-11-23T09:38:05.000Z,2.0.14,634887,d93454fe24da7ea2abd9055b68ce58ca2b7de290ec44dc30e0729e5ca5bc6efd,CLDMSK_L2_VIIRS_NOAA21.A2025158.2224.001.2025161022125.nc,2025-06-10T02:21:25.380Z,56399870,a280d17c49da20f6217545f5120a4a01
A2025159.0000,2025-06-08T00:00Z,NOAA-21 VIIRS,VJ214IMG.A2025159.0000.002.2025327095007.nc,2025-11-23T09:50:07.000Z,2.0.14,481702,fa6663a9af3ec94d1270ae52c203f8aeb54b745b4231fb3b0d4d734a737c9112,CLDMSK_L2_VIIRS_NOAA21.A2025159.0000.001.2025161031707.nc,2025-06-10T03:17:07.450Z,45555161,79b9d079c7063e9f52ab2661af9b8cae
A2025159.2154,2025-06-08T21:54Z,NOAA-21 VIIRS,VJ214IMG.A2025159.2154.002.2025327095006.nc,2025-11-23T09:50:06.000Z,2.0.14,1067775,a175c57a8f067adf84dc19e1fdb255c6c6f0c8b4c95b567ea96e285f331940ed,CLDMSK_L2_VIIRS_NOAA21.A2025159.2154.001.2025161061416.nc,2025-06-10T06:14:16.880Z,53546473,771657d3d0f8ed9b2bb6a556b4b8d3dc
A2025159.2200,2025-06-08T22:00Z,NOAA-21 VIIRS,VJ214IMG.A2025159.2200.002.2025327095006.nc,2025-11-23T09:50:06.000Z,2.0.14,560603,f57b2548c52dda72b133a8ec036ff7439d0a158d7d88599994b71ac9cc774ac0,CLDMSK_L2_VIIRS_NOAA21.A2025159.2200.001.2025161061414.nc,2025-06-10T06:14:14.930Z,47934128,bb074554f49dc03dcee4379833b816f8
A2025159.2336,2025-06-08T23:36Z,NOAA-21 VIIRS,VJ214IMG.A2025159.2336.002.2025327095005.nc,2025-11-23T09:50:05.000Z,2.0.14,884138,b7055e98c54b62ea083493ba8e6fed86a2af12577b8872c92f97335a4d80ef0c,CLDMSK_L2_VIIRS_NOAA21.A2025159.2336.001.2025161061500.nc,2025-06-10T06:15:00.180Z,51440335,01eec91523c5a5e82973c7c2832a75b3
A2025159.2342,2025-06-08T23:42Z,NOAA-21 VIIRS,VJ214IMG.A2025159.2342.002.2025327095006.nc,2025-11-23T09:50:06.000Z,2.0.14,399226,ac51cc148cb9ff47918f8d09042db5ce25ba25b189cfd0fe15955fa3d0d0ac8a,CLDMSK_L2_VIIRS_NOAA21.A2025159.2342.001.2025161061517.nc,2025-06-10T06:15:17.180Z,44345662,c21be8172a4748ef88df6aa9d0b5582b
A2025160.2136,2025-06-09T21:36Z,NOAA-21 VIIRS,VJ214IMG.A2025160.2136.002.2025327100812.nc,2025-11-23T10:08:12.000Z,2.0.14,1035304,819e26cee596140eaf974ec2f49f4a1515b4360129fdd08040080bf959d6a5cb,CLDMSK_L2_VIIRS_NOAA21.A2025160.2136.001.2025161133802.nc,2025-06-10T13:38:02.500Z,52220325,f0580c5ffe4d058e85b58724e71ec8b5
A2025160.2142,2025-06-09T21:42Z,NOAA-21 VIIRS,VJ214IMG.A2025160.2142.002.2025327100810.nc,2025-11-23T10:08:10.000Z,2.0.14,580219,29ac8b4486b1a48b3f7619775debbd8b7678c269f4bda7879a7309c684f9bd3d,CLDMSK_L2_VIIRS_NOAA21.A2025160.2142.001.2025161133812.nc,2025-06-10T13:38:12.600Z,50290786,69592f344558e1fc028b74ec7bb183ae
A2025160.2318,2025-06-09T23:18Z,NOAA-21 VIIRS,VJ214IMG.A2025160.2318.002.2025327100812.nc,2025-11-23T10:08:12.000Z,2.0.14,916771,0f2989bb58a51b82544e34ebd6cfa5915a0ebce70b33b5a805b34c51d67abb42,CLDMSK_L2_VIIRS_NOAA21.A2025160.2318.001.2025161133924.nc,2025-06-10T13:39:24.910Z,52242614,938af45bff96a6b4e6c7b547f63985fc
A2025160.2324,2025-06-09T23:24Z,NOAA-21 VIIRS,VJ214IMG.A2025160.2324.002.2025327100812.nc,2025-11-23T10:08:12.000Z,2.0.14,611426,e5385eb255dbb6d98c8c3e7425d045b0bab21a6f84283ce8997e973913923f82,CLDMSK_L2_VIIRS_NOAA21.A2025160.2324.001.2025161133927.nc,2025-06-10T13:39:27.050Z,45650025,193940258b6d7a323d435f02b53df4e4
A2025161.2118,2025-06-10T21:18Z,NOAA-21 VIIRS,VJ214IMG.A2025161.2118.002.2025327102009.nc,2025-11-23T10:20:09.000Z,2.0.14,1137672,3599b6798d398f2fa199b260a21439a22c5e2442d589b6851806365e8e8e3e0a,CLDMSK_L2_VIIRS_NOAA21.A2025161.2118.001.2025162072927.nc,2025-06-11T07:29:27.700Z,54230727,0d2a99beecab735fbdf495889f12d5a3
A2025161.2124,2025-06-10T21:24Z,NOAA-21 VIIRS,VJ214IMG.A2025161.2124.002.2025327102007.nc,2025-11-23T10:20:07.000Z,2.0.14,798044,35c130b7621e0755b91279c3a1f899ee7412f5bd966e94836ff2726ea8e2d049,CLDMSK_L2_VIIRS_NOAA21.A2025161.2124.001.2025162072926.nc,2025-06-11T07:29:26.830Z,51939994,14d7499f9be8b6b08b75cf1588a1e07c
A2025161.2300,2025-06-10T23:00Z,NOAA-21 VIIRS,VJ214IMG.A2025161.2300.002.2025327102009.nc,2025-11-23T10:20:09.000Z,2.0.14,781365,0c34a53e15f8f1737da91661f56d8ad05d43d9e2ed06fbd187365ac850d41bc8,CLDMSK_L2_VIIRS_NOAA21.A2025161.2300.001.2025162072917.nc,2025-06-11T07:29:17.680Z,51512778,3f5a5ba14e0f1563f6deddbb7ccf4c97
A2025161.2306,2025-06-10T23:06Z,NOAA-21 VIIRS,VJ214IMG.A2025161.2306.002.2025327102008.nc,2025-11-23T10:20:08.000Z,2.0.14,682963,133756d385b4225d69f841a9d225c1fbda4983fdca909c88b71daebc641ff3b5,CLDMSK_L2_VIIRS_NOAA21.A2025161.2306.001.2025162072917.nc,2025-06-11T07:29:17.590Z,46828126,6880e9629c3a60190a839caf23c9635e
A2025162.2100,2025-06-11T21:00Z,NOAA-21 VIIRS,VJ214IMG.A2025162.2100.002.2025327103734.nc,2025-11-23T10:37:34.000Z,2.0.14,1031645,bf243c8c57636041dc8fe1bbd0af908e85873dc3c243377ba37997040bf24183,CLDMSK_L2_VIIRS_NOAA21.A2025162.2100.001.2025163074000.nc,2025-06-12T07:40:00.910Z,52780044,6338be9b55776b5e2ada3ec05b51fe48
A2025162.2106,2025-06-11T21:06Z,NOAA-21 VIIRS,VJ214IMG.A2025162.2106.002.2025327103736.nc,2025-11-23T10:37:36.000Z,2.0.14,1605935,ef0cc8e8a18f9f8cc98018a07ffb0cebeeb3d10e269d84ce10d4dc1eb950e9ea,CLDMSK_L2_VIIRS_NOAA21.A2025162.2106.001.2025163073959.nc,2025-06-12T07:39:59.850Z,52795576,c353a511ff288f24acb9d9dcdea1802c
A2025162.2242,2025-06-11T22:42Z,NOAA-21 VIIRS,VJ214IMG.A2025162.2242.002.2025327103734.nc,2025-11-23T10:37:34.000Z,2.0.14,714626,f5cd5a65220961c6d25253f1f16b78e5c920c00fec925d82646df70fa7b977c8,CLDMSK_L2_VIIRS_NOAA21.A2025162.2242.001.2025163074000.nc,2025-06-12T07:40:00.550Z,48767110,0562d5bdd3e150d19c6ee28d1978bc5b
A2025162.2248,2025-06-11T22:48Z,NOAA-21 VIIRS,VJ214IMG.A2025162.2248.002.2025327103735.nc,2025-11-23T10:37:35.000Z,2.0.14,613720,bb2cc561e6596d96f6d0856578f26685fe809f2d32e760dcdf549a15d7cb4e5d,CLDMSK_L2_VIIRS_NOAA21.A2025162.2248.001.2025163073942.nc,2025-06-12T07:39:42.160Z,48825583,41c44a0a39672c8d48df25320173151e
A2025163.2042,2025-06-12T20:42Z,NOAA-21 VIIRS,VJ214IMG.A2025163.2042.002.2025327105005.nc,2025-11-23T10:50:05.000Z,2.0.14,1234434,39f4aee6fda766a881785078f9405760f7ff19f9e1f32ba86fbbd89eedeef903,CLDMSK_L2_VIIRS_NOAA21.A2025163.2042.001.2025164073139.nc,2025-06-13T07:31:39.430Z,53424694,6e6687a465913613fcd93b68641ea284
A2025163.2048,2025-06-12T20:48Z,NOAA-21 VIIRS,VJ214IMG.A2025163.2048.002.2025327105006.nc,2025-11-23T10:50:06.000Z,2.0.14,2184663,9246c588166023e3991005dee99b12f74e3e8b1b78c48b2394cd910a6a7cd993,CLDMSK_L2_VIIRS_NOAA21.A2025163.2048.001.2025164073140.nc,2025-06-13T07:31:40.630Z,53189664,2a477252ddde35842e520c2083954527
A2025163.2224,2025-06-12T22:24Z,NOAA-21 VIIRS,VJ214IMG.A2025163.2224.002.2025327105008.nc,2025-11-23T10:50:08.000Z,2.0.14,583201,9104851ec4d6732d0fd0b86017c382f730ae6c16cfd25b8ce55dfa2fa28ab3d0,CLDMSK_L2_VIIRS_NOAA21.A2025163.2224.001.2025164073125.nc,2025-06-13T07:31:25.800Z,46427662,943c4da9ba7241354e56ed34853f1395
A2025163.2230,2025-06-12T22:30Z,NOAA-21 VIIRS,VJ214IMG.A2025163.2230.002.2025327105006.nc,2025-11-23T10:50:06.000Z,2.0.14,721089,eca550c0c47f5dd70ef97270248a7e7715877c2b1d2c08f4e3b50364cda50d49,CLDMSK_L2_VIIRS_NOAA21.A2025163.2230.001.2025164073155.nc,2025-06-13T07:31:55.630Z,55904065,f70ce7d25ff18de8a7ef3d643b9b123e
A2025164.0006,2025-06-13T00:06Z,NOAA-21 VIIRS,VJ214IMG.A2025164.0006.002.2025327110706.nc,2025-11-23T11:07:06.000Z,2.0.14,437313,f93d085fbcf29f46bcec4be3b0da29d6c90337328bc4fb219f99a19604de9976,CLDMSK_L2_VIIRS_NOAA21.A2025164.0006.001.2025164133146.nc,2025-06-13T13:31:46.150Z,45239674,75671c53f68b401ff74f9dd0f2f72dda
A2025164.2206,2025-06-13T22:06Z,NOAA-21 VIIRS,VJ214IMG.A2025164.2206.002.2025327110706.nc,2025-11-23T11:07:06.000Z,2.0.14,553012,667f10c5527e2a48fc4e58fc36707536bc9e2f94f0a03d5e5d078009cb2d3965,CLDMSK_L2_VIIRS_NOAA21.A2025164.2206.001.2025165072554.nc,2025-06-14T07:25:54.570Z,46929798,091260c7756c813ae98eb037f651df93
A2025164.2212,2025-06-13T22:12Z,NOAA-21 VIIRS,VJ214IMG.A2025164.2212.002.2025327110707.nc,2025-11-23T11:07:07.000Z,2.0.14,869924,852f09c70355ade096fde132a5b6b7dc58e1f3c7e91201232e5ffef189b0739e,CLDMSK_L2_VIIRS_NOAA21.A2025164.2212.001.2025165072628.nc,2025-06-14T07:26:28.320Z,59091278,07f52efd562f60216dc521cc7d92f84a
A2025164.2342,2025-06-13T23:42Z,NOAA-21 VIIRS,VJ214IMG.A2025164.2342.002.2025327110706.nc,2025-11-23T11:07:06.000Z,2.0.14,1016298,afaa8773e0390f25d364b38c1225e70aa19ca76a4ed932b7a4f148b1ea6a019f,CLDMSK_L2_VIIRS_NOAA21.A2025164.2342.001.2025165072626.nc,2025-06-14T07:26:26.310Z,55606157,924480c9a0968f85a996f4ee1e892a4b
A2025164.2348,2025-06-13T23:48Z,NOAA-21 VIIRS,VJ214IMG.A2025164.2348.002.2025327110707.nc,2025-11-23T11:07:07.000Z,2.0.14,406232,989f22dc1d722b2e700a8163697b04dcd7d711aafce2f893dbea4096d70565d3,CLDMSK_L2_VIIRS_NOAA21.A2025164.2348.001.2025165072554.nc,2025-06-14T07:25:54.480Z,44584913,967544548022860e137b59366dfad762
A2025165.2142,2025-06-14T21:42Z,NOAA-21 VIIRS,VJ214IMG.A2025165.2142.002.2025327113208.nc,2025-11-23T11:32:08.000Z,2.0.14,1038911,b29373e41e58368cdbcfd7b78a4fd1465a6566c663c89d1484d1ad6aa94ba4b8,CLDMSK_L2_VIIRS_NOAA21.A2025165.2142.001.2025166073827.nc,2025-06-15T07:38:27.250Z,52505769,07f0ef75ca2ac21cd6841582a3564cb3
A2025165.2148,2025-06-14T21:48Z,NOAA-21 VIIRS,VJ214IMG.A2025165.2148.002.2025327113208.nc,2025-11-23T11:32:08.000Z,2.0.14,930928,997a36f64e1bbcd3c57cc499f62739d43b69923232715477b2e3d01acc388250,CLDMSK_L2_VIIRS_NOAA21.A2025165.2148.001.2025166073825.nc,2025-06-15T07:38:25.410Z,47588732,359b2f67658d63ab4625b2b660367d2f
A2025165.2324,2025-06-14T23:24Z,NOAA-21 VIIRS,VJ214IMG.A2025165.2324.002.2025327113206.nc,2025-11-23T11:32:06.000Z,2.0.14,980619,650aeacc7d426d3d74f4ae557f2d3ba061e6bce1e77e9850867897249866d331,CLDMSK_L2_VIIRS_NOAA21.A2025165.2324.001.2025166073854.nc,2025-06-15T07:38:54.820Z,53797059,cca077f3f19424d90e9a6239476afc11
A2025165.2330,2025-06-14T23:30Z,NOAA-21 VIIRS,VJ214IMG.A2025165.2330.002.2025327113207.nc,2025-11-23T11:32:07.000Z,2.0.14,592864,db38dfde85ac20fd7b605397a903e2008dd739296d6ff12988baefa11d5b2a1f,CLDMSK_L2_VIIRS_NOAA21.A2025165.2330.001.2025166073855.nc,2025-06-15T07:38:55.530Z,46954102,6e9df0e647a4caddcc836efac508d3ff
A2025166.2124,2025-06-15T21:24Z,NOAA-21 VIIRS,VJ214IMG.A2025166.2124.002.2025327115338.nc,2025-11-23T11:53:38.000Z,2.0.14,1062494,f1bfe2e19cb38c15ff7594b24c5d202ad15d3577accab13b87c0103fd3f25ff0,CLDMSK_L2_VIIRS_NOAA21.A2025166.2124.001.2025167073017.nc,2025-06-16T07:30:17.310Z,51682436,eaf00dd1aacebfdd1c3347308a7dc2fc
A2025166.2130,2025-06-15T21:30Z,NOAA-21 VIIRS,VJ214IMG.A2025166.2130.002.2025327115336.nc,2025-11-23T11:53:36.000Z,2.0.14,1542799,a27368683589800803e213af0a5c48f47374ac3a33018373bc62a450a3ab80ee,CLDMSK_L2_VIIRS_NOAA21.A2025166.2130.001.2025167073013.nc,2025-06-16T07:30:13.820Z,48525377,9c0c631b578d6a8e3d68c278d41406ea
A2025166.2306,2025-06-15T23:06Z,NOAA-21 VIIRS,VJ214IMG.A2025166.2306.002.2025327115338.nc,2025-11-23T11:53:38.000Z,2.0.14,897367,698972c2b0cba3accc92b7db5676c405e5296cf499cf983bf88fba24553c3929,CLDMSK_L2_VIIRS_NOAA21.A2025166.2306.001.2025167072943.nc,2025-06-16T07:29:43.980Z,52273996,ec4f57d9c21f76f9d8afafb390df63ba
A2025166.2312,2025-06-15T23:12Z,NOAA-21 VIIRS,VJ214IMG.A2025166.2312.002.2025327115337.nc,2025-11-23T11:53:37.000Z,2.0.14,811817,ab3069e86c7da3ca52ae51299007256e452d99092b752e48ec2cf9f471bdf3c7,CLDMSK_L2_VIIRS_NOAA21.A2025166.2312.001.2025167072941.nc,2025-06-16T07:29:41.420Z,47659483,53a550795f9496c43fe5afc3220deea6
A2025167.2106,2025-06-16T21:06Z,NOAA-21 VIIRS,VJ214IMG.A2025167.2106.002.2025327120640.nc,2025-11-23T12:06:40.000Z,2.0.14,1057180,febd269f3e2a9c6cda102a77aa14bf14a263474c884714d9c1fe3a64bfce4e62,CLDMSK_L2_VIIRS_NOAA21.A2025167.2106.001.2025168145559.nc,2025-06-17T14:55:59.080Z,51092558,d4a63be3715f5243faaf95fc795e3cb9
A2025167.2112,2025-06-16T21:12Z,NOAA-21 VIIRS,VJ214IMG.A2025167.2112.002.2025327120645.nc,2025-11-23T12:06:45.000Z,2.0.14,1429273,f1eb87f2c037dfe890921fccf715dc830b6c6982b602d71e5fcbe794ab35f384,CLDMSK_L2_VIIRS_NOAA21.A2025167.2112.001.2025168145601.nc,2025-06-17T14:56:01.620Z,52745203,c406878c32a61b4925ef6c9f1040435b
A2025167.2248,2025-06-16T22:48Z,NOAA-21 VIIRS,VJ214IMG.A2025167.2248.002.2025327120637.nc,2025-11-23T12:06:37.000Z,2.0.14,749857,83999c0bea04ff5d45a04f608716e2aaeb3e2b7be635f45b0b67617aea8bbba0,CLDMSK_L2_VIIRS_NOAA21.A2025167.2248.001.2025168152432.nc,2025-06-17T15:24:32.520Z,49419631,85dead2580e434e85a96d217a12c925f
A2025167.2254,2025-06-16T22:54Z,NOAA-21 VIIRS,VJ214IMG.A2025167.2254.002.2025327120640.nc,2025-11-23T12:06:40.000Z,2.0.14,1024697,1bf598a49e699989ad1c0668406937f6af2be6cff091e16b1d24a6e0db667ad2,CLDMSK_L2_VIIRS_NOAA21.A2025167.2254.001.2025168152429.nc,2025-06-17T15:24:29.060Z,50268854,858527730aed154083f01d22492ef6b5
A2025168.2048,2025-06-17T20:48Z,NOAA-21 VIIRS,VJ214IMG.A2025168.2048.002.2025327122038.nc,2025-11-23T12:20:38.000Z,2.0.14,1324318,108211ce869ad8f432b5953f8ec247e69659313ab538456af0fe5ff15274e33c,CLDMSK_L2_VIIRS_NOAA21.A2025168.2048.001.2025169072150.nc,2025-06-18T07:21:50.480Z,52145708,de3241ec4c19c6e5bdf82341fdda1685
A2025168.2054,2025-06-17T20:54Z,NOAA-21 VIIRS,VJ214IMG.A2025168.2054.002.2025327122040.nc,2025-11-23T12:20:40.000Z,2.0.14,1251453,abdcb0ae3980848454155710a0f32241b140eb60ce29565c31125d9262a43c31,CLDMSK_L2_VIIRS_NOAA21.A2025168.2054.001.2025169072148.nc,2025-06-18T07:21:48.390Z,52994971,54c2677dd4623cc430b28f5eb1b5c462
A2025168.2230,2025-06-17T22:30Z,NOAA-21 VIIRS,VJ214IMG.A2025168.2230.002.2025327122036.nc,2025-11-23T12:20:36.000Z,2.0.14,612109,df4385869f8ebe187ce4053511fc07e7fdd4f5caf6c6ee75a4339ab3a6b129c0,CLDMSK_L2_VIIRS_NOAA21.A2025168.2230.001.2025169072148.nc,2025-06-18T07:21:48.200Z,47506566,8b21daf5189e6bfac3596540072d51a3
A2025168.2236,2025-06-17T22:36Z,NOAA-21 VIIRS,VJ214IMG.A2025168.2236.002.2025327122039.nc,2025-11-23T12:20:39.000Z,2.0.14,1001674,301040aa0279918f73ab973b72ea8e68129882047c81c511a5e2aef5bbc446be,CLDMSK_L2_VIIRS_NOAA21.A2025168.2236.001.2025169072203.nc,2025-06-18T07:22:03.640Z,53892978,97d4221907b325cca25bf87ba9b16c43
A2025169.2212,2025-06-18T22:12Z,NOAA-21 VIIRS,VJ214IMG.A2025169.2212.002.2025327123806.nc,2025-11-23T12:38:06.000Z,2.0.14,507055,e5e520568cbb988b2cfc2669ae010361c83ef1d92968b39a5ee127fa143e5ab9,CLDMSK_L2_VIIRS_NOAA21.A2025169.2212.001.2025170073232.nc,2025-06-19T07:32:32.850Z,46207777,13b361adc15da59e16fb795e9fe77412
A2025169.2218,2025-06-18T22:18Z,NOAA-21 VIIRS,VJ214IMG.A2025169.2218.002.2025327123804.nc,2025-11-23T12:38:04.000Z,2.0.14,1002102,8b5d0b8b39790ab58372dc6fe23dcca8643b1a5e8a994c9fae2b3fb03578a4b9,CLDMSK_L2_VIIRS_NOAA21.A2025169.2218.001.2025170073223.nc,2025-06-19T07:32:23.020Z,57286101,ec14f69d852cb54ca1b60691b5f2640e
A2025169.2354,2025-06-18T23:54Z,NOAA-21 VIIRS,VJ214IMG.A2025169.2354.002.2025327123804.nc,2025-11-23T12:38:04.000Z,2.0.14,439226,d6387a86a08a16ffbac493952539e8427a66e591afaf4696740c18848ec19721,CLDMSK_L2_VIIRS_NOAA21.A2025169.2354.001.2025170073234.nc,2025-06-19T07:32:34.560Z,45032121,2b5e845b975d98dc71d0e921d372ce74
A2025170.2148,2025-06-19T21:48Z,NOAA-21 VIIRS,VJ214IMG.A2025170.2148.002.2025327125435.nc,2025-11-23T12:54:35.000Z,2.0.14,1217743,a497ad7cffe0fd6a0274ef926d43e762e2e58246d387281d910dabd3fe929ccf,CLDMSK_L2_VIIRS_NOAA21.A2025170.2148.001.2025171123315.nc,2025-06-20T12:33:15.280Z,54479450,cf4d76b7aa299366bd798cb134670081
A2025170.2154,2025-06-19T21:54Z,NOAA-21 VIIRS,VJ214IMG.A2025170.2154.002.2025327125437.nc,2025-11-23T12:54:37.000Z,2.0.14,629230,957b0c1e542339053adc637fe851db33e1a522e162b6dd94e7c2abde7294dc49,CLDMSK_L2_VIIRS_NOAA21.A2025170.2154.001.2025171123310.nc,2025-06-20T12:33:10.250Z,47282468,f477bc8d2837aac4f29d3dd8bf240aa7
A2025170.2330,2025-06-19T23:30Z,NOAA-21 VIIRS,VJ214IMG.A2025170.2330.002.2025327125437.nc,2025-11-23T12:54:37.000Z,2.0.14,984898,d7e1ede8c8cb140177aedf836e536ebba18ddf4e828a0c66881b4d55fb6724b8,CLDMSK_L2_VIIRS_NOAA21.A2025170.2330.001.2025171123317.nc,2025-06-20T12:33:17.230Z,52953035,192981e2dd9a0635188b11080c867fa4
A2025170.2336,2025-06-19T23:36Z,NOAA-21 VIIRS,VJ214IMG.A2025170.2336.002.2025327125436.nc,2025-11-23T12:54:36.000Z,2.0.14,522667,3ac39d9f79df4fdd22ad610e28d68a7088aa3985ca3dd71e75eba90cff99c684,CLDMSK_L2_VIIRS_NOAA21.A2025170.2336.001.2025171123311.nc,2025-06-20T12:33:11.930Z,46127224,339cefd40acef378ec02ebace7327e53
A2025171.2130,2025-06-20T21:30Z,NOAA-21 VIIRS,VJ214IMG.A2025171.2130.002.2025327130529.nc,2025-11-23T13:05:29.000Z,2.0.14,1117585,c60bc8b466069b6ea295014cb1490977551da44841818be0e9266c83c8153249,CLDMSK_L2_VIIRS_NOAA21.A2025171.2130.001.2025175104556.nc,2025-06-24T10:45:56.520Z,51370874,b1b8d94c94ae30d7d2c6b54c82adfb72
A2025171.2136,2025-06-20T21:36Z,NOAA-21 VIIRS,VJ214IMG.A2025171.2136.002.2025327130534.nc,2025-11-23T13:05:34.000Z,2.0.14,882512,8b00742688aec88def2265d1f1a04b0b9bb5b17d4857188644e9f4e384e4c8dc,CLDMSK_L2_VIIRS_NOAA21.A2025171.2136.001.2025175104550.nc,2025-06-24T10:45:50.080Z,52584333,dd60eca0d449120fa2aecb061f9d80f1
A2025171.2312,2025-06-20T23:12Z,NOAA-21 VIIRS,VJ214IMG.A2025171.2312.002.2025327130531.nc,2025-11-23T13:05:31.000Z,2.0.14,922205,6fe517c7ee6f48381859cd9ec09d603e4686c6d926c97215c579c5fbe2657d24,CLDMSK_L2_VIIRS_NOAA21.A2025171.2312.001.2025172073345.nc,2025-06-21T07:33:45.520Z,52497458,22f066e7b268056d21f3d79db3152797
A2025171.2318,2025-06-20T23:18Z,NOAA-21 VIIRS,VJ214IMG.A2025171.2318.002.2025327130532.nc,2025-11-23T13:05:32.000Z,2.0.14,768402,58cfc42411b46ec612677569e9cb0016c165affe9747847f0ad1eba6a97c74ed,CLDMSK_L2_VIIRS_NOAA21.A2025171.2318.001.2025172073350.nc,2025-06-21T07:33:50.550Z,47339510,c352f89545b09ef1461510be25f3292a
A2025172.2112,2025-06-21T21:12Z,NOAA-21 VIIRS,VJ214IMG.A2025172.2112.002.2025327131732.nc,2025-11-23T13:17:32.000Z,2.0.14,1190775,80405f404a801acc5b76110af9eb793f51dbf2dcd733e38ffce9cce917cb0274,CLDMSK_L2_VIIRS_NOAA21.A2025172.2112.001.2025173073430.nc,2025-06-22T07:34:30.900Z,50987280,e88ed92803f916cf7c4e1161fad69f45
A2025172.2118,2025-06-21T21:18Z,NOAA-21 VIIRS,VJ214IMG.A2025172.2118.002.2025327131735.nc,2025-11-23T13:17:35.000Z,2.0.14,1132785,6abdf2967ef363be524cb52a0eaf0535ffcb9be035344335e014a2c7412c1722,CLDMSK_L2_VIIRS_NOAA21.A2025172.2118.001.2025173073437.nc,2025-06-22T07:34:37.120Z,52596586,134b1a0e2a4b1e8b80de47c468b0b74f
A2025172.2254,2025-06-21T22:54Z,NOAA-21 VIIRS,VJ214IMG.A2025172.2254.002.2025327131734.nc,2025-11-23T13:17:34.000Z,2.0.14,849098,6ce0cc16b236c424432f961fbd0783c5bef508938076a4200d3b344ede991f1c,CLDMSK_L2_VIIRS_NOAA21.A2025172.2254.001.2025173073433.nc,2025-06-22T07:34:33.150Z,50215186,b145622c190c06c91d6ec29afc37f7df
A2025172.2300,2025-06-21T23:00Z,NOAA-21 VIIRS,VJ214IMG.A2025172.2300.002.2025327131731.nc,2025-11-23T13:17:31.000Z,2.0.14,874190,7d4fea1bed11d11d2d4b583b7077857f6f637141ebaf72a3d671779bef4a3b5b,CLDMSK_L2_VIIRS_NOAA21.A2025172.2300.001.2025173073433.nc,2025-06-22T07:34:33.080Z,48175624,281f6ca7457b6b1135d0d9cfc0348268
A2025173.2054,2025-06-22T20:54Z,NOAA-21 VIIRS,VJ214IMG.A2025173.2054.002.2025327133503.nc,2025-11-23T13:35:03.000Z,2.0.14,1586451,15c52dbd08ec0c94cac80d1468b76a89e051aa4536df1fbce7cd9f8dab3c69c0,CLDMSK_L2_VIIRS_NOAA21.A2025173.2054.001.2025174072531.nc,2025-06-23T07:25:31.230Z,53845380,aafb772b7a85c7440a3ef176002e2e11
A2025173.2100,2025-06-22T21:00Z,NOAA-21 VIIRS,VJ214IMG.A2025173.2100.002.2025327133502.nc,2025-11-23T13:35:02.000Z,2.0.14,1458473,76327a0e6f21409cd39ce91592711e4be704156ca10f15734fd04710e149abff,CLDMSK_L2_VIIRS_NOAA21.A2025173.2100.001.2025174072622.nc,2025-06-23T07:26:22.010Z,50999448,de6bcd76b032a030776de9bf350bbb33
A2025173.2236,2025-06-22T22:36Z,NOAA-21 VIIRS,VJ214IMG.A2025173.2236.002.2025327133504.nc,2025-11-23T13:35:04.000Z,2.0.14,757959,5830e07bf3757c81ed863e9c26057b00b9a3d5cb0b4d1491ffde435a363a056d,CLDMSK_L2_VIIRS_NOAA21.A2025173.2236.001.2025174072501.nc,2025-06-23T07:25:01.240Z,48450178,4ab7f281bf6cf9c402b03de9efe63916
A2025173.2242,2025-06-22T22:42Z,NOAA-21 VIIRS,VJ214IMG.A2025173.2242.002.2025327133505.nc,2025-11-23T13:35:05.000Z,2.0.14,875263,fa40cf661a3ce350ecab653741e7992bf4d4c89d313994c5ace8b24e972e6e5a,CLDMSK_L2_VIIRS_NOAA21.A2025173.2242.001.2025174072503.nc,2025-06-23T07:25:03.870Z,52305903,020e5e8456db8e21a9d569ac54d77f30
A2025174.2042,2025-06-23T20:42Z,NOAA-21 VIIRS,VJ214IMG.A2025174.2042.002.2025327135306.nc,2025-11-23T13:53:06.000Z,2.0.14,1303198,9a5bba93adf32e3c924e7ff641b7a97155ec34aa5ae036fbdd5926621f20274e,CLDMSK_L2_VIIRS_NOAA21.A2025174.2042.001.2025175073637.nc,2025-06-24T07:36:37.880Z,52124052,9952589dc60168f6f595f9a3df87b06b
A2025174.2218,2025-06-23T22:18Z,NOAA-21 VIIRS,VJ214IMG.A2025174.2218.002.2025327135310.nc,2025-11-23T13:53:10.000Z,2.0.14,666419,87950a6d19cc9cfafd9b641aaeec342e679cbd87f24c79aca359677280489e59,CLDMSK_L2_VIIRS_NOAA21.A2025174.2218.001.2025175073635.nc,2025-06-24T07:36:35.450Z,46697169,4515ba2d2d0e39e25b63ff0f04c85e8b
A2025174.2224,2025-06-23T22:24Z,NOAA-21 VIIRS,VJ214IMG.A2025174.2224.002.2025327135306.nc,2025-11-23T13:53:06.000Z,2.0.14,888374,29f4caa9542a3b99d3b0e9dc4666c5e8b3b08966e0428c10692a7f1a3e5f5f65,CLDMSK_L2_VIIRS_NOAA21.A2025174.2224.001.2025175073606.nc,2025-06-24T07:36:06.320Z,54931292,4eb1254e4121e1390fb2e8c702486417
A2025175.0000,2025-06-24T00:00Z,NOAA-21 VIIRS,VJ214IMG.A2025175.0000.002.2025327140901.nc,2025-11-23T14:09:01.000Z,2.0.14,432475,e9b2ddb13095a534b8b3ee170eb3365af51a7ac77364c3e1510e743608bda527,CLDMSK_L2_VIIRS_NOAA21.A2025175.0000.001.2025175130555.nc,2025-06-24T13:05:55.950Z,44759978,1645d10577564cd6f2c7711d91a54eed
A2025175.2200,2025-06-24T22:00Z,NOAA-21 VIIRS,VJ214IMG.A2025175.2200.002.2025327140902.nc,2025-11-23T14:09:02.000Z,2.0.14,700232,eafd25b24bf1f1e840954f6001ad5bd9c8ad5141df2ca17ccf2d91cd580b495e,CLDMSK_L2_VIIRS_NOAA21.A2025175.2200.001.2025176072649.nc,2025-06-25T07:26:49.830Z,48111112,09fd2a92b3e52fddfda3529cd5df6062
A2025175.2206,2025-06-24T22:06Z,NOAA-21 VIIRS,VJ214IMG.A2025175.2206.002.2025327140903.nc,2025-11-23T14:09:03.000Z,2.0.14,988701,094922b02471c5dace4927dd081184b41d0c9377d0813289653968db0127af91,CLDMSK_L2_VIIRS_NOAA21.A2025175.2206.001.2025176072644.nc,2025-06-25T07:26:44.500Z,58082563,f87ad840528a6ade265c74c8d5282bec
A2025175.2336,2025-06-24T23:36Z,NOAA-21 VIIRS,VJ214IMG.A2025175.2336.002.2025327140903.nc,2025-11-23T14:09:03.000Z,2.0.14,994539,aa6c6b9bee5f659c4c2aa8f92c9d495c5e5b85ce546b8760233c26ce54a4127a,CLDMSK_L2_VIIRS_NOAA21.A2025175.2336.001.2025176072647.nc,2025-06-25T07:26:47.040Z,51809193,457bb694546ec4e3a6d1190fffd88091
A2025175.2342,2025-06-24T23:42Z,NOAA-21 VIIRS,VJ214IMG.A2025175.2342.002.2025327140907.nc,2025-11-23T14:09:07.000Z,2.0.14,442501,32ea9d7db4e3af8985fb78d82f5a12d51011288fdbbbc91b249eaa59469430fb,CLDMSK_L2_VIIRS_NOAA21.A2025175.2342.001.2025176072642.nc,2025-06-25T07:26:42.810Z,45100421,1652b54e6f1ed9c4825f7dd46f0dfcea
A2025176.2136,2025-06-25T21:36Z,NOAA-21 VIIRS,VJ214IMG.A2025176.2136.002.2025327142004.nc,2025-11-23T14:20:04.000Z,2.0.14,1099831,1093995710e503e077389496a5a29a778afd8a634001341b5b4139d9ac1ccff6,CLDMSK_L2_VIIRS_NOAA21.A2025176.2136.001.2025177072738.nc,2025-06-26T07:27:38.160Z,52393412,97d9df69a64710116840ca89a3dd6d36
A2025176.2142,2025-06-25T21:42Z,NOAA-21 VIIRS,VJ214IMG.A2025176.2142.002.2025327142003.nc,2025-11-23T14:20:03.000Z,2.0.14,940441,bdffa9484bb988a2fca694243dd311a3522601461872fba22a5c88b14f566b4b,CLDMSK_L2_VIIRS_NOAA21.A2025176.2142.001.2025177072744.nc,2025-06-26T07:27:44.390Z,49184889,a1d317e32aba3d61bff86e4de994d7bf
A2025176.2318,2025-06-25T23:18Z,NOAA-21 VIIRS,VJ214IMG.A2025176.2318.002.2025327142004.nc,2025-11-23T14:20:04.000Z,2.0.14,851852,d80102abaa1e81367f9f0efb3b3202e529b68d0687baf37a5594925dc4a627ee,CLDMSK_L2_VIIRS_NOAA21.A2025176.2318.001.2025177072734.nc,2025-06-26T07:27:34.620Z,50629031,cd5a0299251f806fb61ca27d990da4e8
A2025176.2324,2025-06-25T23:24Z,NOAA-21 VIIRS,VJ214IMG.A2025176.2324.002.2025327142003.nc,2025-11-23T14:20:03.000Z,2.0.14,546121,54b0a7d20cc18c97de2c3264adbd35db1e4afa0b09d50c7777c60b77854b4069,CLDMSK_L2_VIIRS_NOAA21.A2025176.2324.001.2025177072730.nc,2025-06-26T07:27:30.820Z,46572636,5de2ade822aae0aaa3f5d646d82ca3f8
A2025177.2118,2025-06-26T21:18Z,NOAA-21 VIIRS,VJ214IMG.A2025177.2118.002.2025327143206.nc,2025-11-23T14:32:06.000Z,2.0.14,859476,afc5fbd8bf2915fdb4f2f98ccf499df5c9c7d3575be26e962ab283a48f964b58,CLDMSK_L2_VIIRS_NOAA21.A2025177.2118.001.2025178071837.nc,2025-06-27T07:18:37.250Z,50914887,e95015d2113863380edc33f269bd5c3e
A2025177.2124,2025-06-26T21:24Z,NOAA-21 VIIRS,VJ214IMG.A2025177.2124.002.2025327143202.nc,2025-11-23T14:32:02.000Z,2.0.14,1300698,6d70b44ac7992fe0b7e1028e78ed193dae6ca9150a9517d555a72fa972501412,CLDMSK_L2_VIIRS_NOAA21.A2025177.2124.001.2025178071836.nc,2025-06-27T07:18:36.450Z,49630803,3b911ff163c0f5eac2c4c1b2c61dabb8
A2025177.2300,2025-06-26T23:00Z,NOAA-21 VIIRS,VJ214IMG.A2025177.2300.002.2025327143205.nc,2025-11-23T14:32:05.000Z,2.0.14,654149,2dbfbcf8006e2f384e7ce86cd134cd2a1ea0546c31230fa8e27ec16b6769e4da,CLDMSK_L2_VIIRS_NOAA21.A2025177.2300.001.2025178071837.nc,2025-06-27T07:18:37.050Z,46956627,8a67d89ac86a72bfa915fe7f6f62a113
A2025177.2306,2025-06-26T23:06Z,NOAA-21 VIIRS,VJ214IMG.A2025177.2306.002.2025327143202.nc,2025-11-23T14:32:02.000Z,2.0.14,826251,83583496d887a9fbf6d5127f71100345c64f44cf95d853c1d39fc275b3b318ae,CLDMSK_L2_VIIRS_NOAA21.A2025177.2306.001.2025178071841.nc,2025-06-27T07:18:41.020Z,48448856,a17fa4f3b453908964df6c1a4c8f8f9b
A2025178.2100,2025-06-27T21:00Z,NOAA-21 VIIRS,VJ214IMG.A2025178.2100.002.2025327144307.nc,2025-11-23T14:43:07.000Z,2.0.14,1069227,8fbf2643ab4faa77aad21bbb793abc65b623cea93c186d69f905d56541ba3704,CLDMSK_L2_VIIRS_NOAA21.A2025178.2100.001.2025181154414.nc,2025-06-30T15:44:14.840Z,51602936,4a325a7cc0224a8f6090d0cf9a3b3fef
A2025178.2106,2025-06-27T21:06Z,NOAA-21 VIIRS,VJ214IMG.A2025178.2106.002.2025327144308.nc,2025-11-23T14:43:08.000Z,2.0.14,1275116,1b3972002bab938baf31aaafa77f99d65d331b1c8860b04f703cd95da214b0c3,CLDMSK_L2_VIIRS_NOAA21.A2025178.2106.001.2025181154415.nc,2025-06-30T15:44:15.370Z,51594696,32b4cecb3db5a6b4abe49b13e0dd0428
A2025178.2242,2025-06-27T22:42Z,NOAA-21 VIIRS,VJ214IMG.A2025178.2242.002.2025327144306.nc,2025-11-23T14:43:06.000Z,2.0.14,621514,aef2f89b552b6372a90dd57eea80bb4ec7c3a906f2275d20eb9cd309acc82967,CLDMSK_L2_VIIRS_NOAA21.A2025178.2242.001.2025181154424.nc,2025-06-30T15:44:24.590Z,46197533,fd32eeae6dbfc56c5f108585eda80211
A2025178.2248,2025-06-27T22:48Z,NOAA-21 VIIRS,VJ214IMG.A2025178.2248.002.2025327144308.nc,2025-11-23T14:43:08.000Z,2.0.14,1086973,9ff360dcfe3e34476589d330b474082794b2f9b3705c43cc650f30ffd3ebe922,CLDMSK_L2_VIIRS_NOAA21.A2025178.2248.001.2025181154436.nc,2025-06-30T15:44:36.840Z,52421884,dd816367f678a0c1b67369a35dabc50b
A2025179.2042,2025-06-28T20:42Z,NOAA-21 VIIRS,VJ214IMG.A2025179.2042.002.2025327145433.nc,2025-11-23T14:54:33.000Z,2.0.14,1615400,4b93dd4fda05c9a29e5648299b6e4b000a426a900edcfd876839ec4600d8e51c,CLDMSK_L2_VIIRS_NOAA21.A2025179.2042.001.2025181154718.nc,2025-06-30T15:47:18.030Z,51754555,6ab5cc39d956db27f35f9daedbc367fd
A2025179.2048,2025-06-28T20:48Z,NOAA-21 VIIRS,VJ214IMG.A2025179.2048.002.2025327145433.nc,2025-11-23T14:54:33.000Z,2.0.14,1466405,56ebc514849e1ece146693638b3d01025efaa55c3423a942a74b5b81bab35f31,CLDMSK_L2_VIIRS_NOAA21.A2025179.2048.001.2025181154733.nc,2025-06-30T15:47:33.480Z,50569644,b073c5e7a617ea22ddeba074b3caf00d
A2025179.2224,2025-06-28T22:24Z,NOAA-21 VIIRS,VJ214IMG.A2025179.2224.002.2025327145434.nc,2025-11-23T14:54:34.000Z,2.0.14,899112,2022979329637684c31922066401b198dd3b0e90a0e9a350627527e2d74d680a,CLDMSK_L2_VIIRS_NOAA21.A2025179.2224.001.2025181154735.nc,2025-06-30T15:47:35.350Z,50224606,3e8b4e33f8a6ac3ae4b944028c38afe7
A2025179.2230,2025-06-28T22:30Z,NOAA-21 VIIRS,VJ214IMG.A2025179.2230.002.2025327145433.nc,2025-11-23T14:54:33.000Z,2.0.14,1163192,9a5437282381aea460dd6efe94261beb96cca5c8a2e0c03cd92983ab673224ba,CLDMSK_L2_VIIRS_NOAA21.A2025179.2230.001.2025181154736.nc,2025-06-30T15:47:36.330Z,55691366,8a509dcb9edaf0073612d98861082b24
A2025180.0006,2025-06-29T00:06Z,NOAA-21 VIIRS,VJ214IMG.A2025180.0006.002.2025327150636.nc,2025-11-23T15:06:36.000Z,2.0.14,443310,fbf5112504f53075f324c07da62ac6ce2224c18512dbaadaf433f50eedf8a3ed,CLDMSK_L2_VIIRS_NOAA21.A2025180.0006.001.2025181154757.nc,2025-06-30T15:47:57.560Z,46104758,76a8c17bb511e6df64fffb31d17ab036
A2025180.2206,2025-06-29T22:06Z,NOAA-21 VIIRS,VJ214IMG.A2025180.2206.002.2025327150634.nc,2025-11-23T15:06:34.000Z,2.0.14,795377,1ed3c15c4035d87b0fedaca951a2acb31c2b2a8b8fbf4e9c9dcff30816a1cd0a,CLDMSK_L2_VIIRS_NOAA21.A2025180.2206.001.2025181155028.nc,2025-06-30T15:50:28.510Z,48265729,ad0810b094d267c2fae8557d91c0aa54
A2025180.2212,2025-06-29T22:12Z,NOAA-21 VIIRS,VJ214IMG.A2025180.2212.002.2025327150631.nc,2025-11-23T15:06:31.000Z,2.0.14,818399,fa3cca3d8518a7baae9d2880176afa8292d27e7bca2dca5c3826fe0d297fbd8d,CLDMSK_L2_VIIRS_NOAA21.A2025180.2212.001.2025181155034.nc,2025-06-30T15:50:34.230Z,58609113,e440efe917e54af506a063a68f494086
A2025180.2342,2025-06-29T23:42Z,NOAA-21 VIIRS,VJ214IMG.A2025180.2342.002.2025327150639.nc,2025-11-23T15:06:39.000Z,2.0.14,1159282,30f43c6ff839464534b90e56f5759446ccd71a35946fcdd35c41c9378c60c658,CLDMSK_L2_VIIRS_NOAA21.A2025180.2342.001.2025181155101.nc,2025-06-30T15:51:01.310Z,56448143,b60c5411e1bf30142cabf17051da59d7
A2025180.2348,2025-06-29T23:48Z,NOAA-21 VIIRS,VJ214IMG.A2025180.2348.002.2025327150634.nc,2025-11-23T15:06:34.000Z,2.0.14,474047,e3299c5645be5d810d981608c9728548d48c1cab999dcaab0aa4d9d6b29ddf8f,CLDMSK_L2_VIIRS_NOAA21.A2025180.2348.001.2025181155039.nc,2025-06-30T15:50:39.440Z,47292420,91888f979656ea17bf1cecc65123ee07
A2025181.2142,2025-06-30T21:42Z,NOAA-21 VIIRS,VJ214IMG.A2025181.2142.002.2025327152210.nc,2025-11-23T15:22:10.000Z,2.0.14,1269785,d75f6a03b34665bc6f6512851cdb5d84f3c75d84a5b38643570d49777d138cc3,CLDMSK_L2_VIIRS_NOAA21.A2025181.2142.001.2025182073114.nc,2025-07-01T07:31:14.510Z,53802518,9ebecc2ca66bbfa4ca2c40f091120091
A2025181.2148,2025-06-30T21:48Z,NOAA-21 VIIRS,VJ214IMG.A2025181.2148.002.2025327152210.nc,2025-11-23T15:22:10.000Z,2.0.14,1147417,89131031b3117885b8ee328133ca6f3621d67c902d0c3ae38805d18af97b545d,CLDMSK_L2_VIIRS_NOAA21.A2025181.2148.001.2025182073123.nc,2025-07-01T07:31:23.240Z,52029223,3c7595b8be075f2b1537e1e16aeb46f9
A2025181.2324,2025-06-30T23:24Z,NOAA-21 VIIRS,VJ214IMG.A2025181.2324.002.2025327152207.nc,2025-11-23T15:22:07.000Z,2.0.14,973250,6d8b4c4486ba19aa0a6b20e8929c48221bffc0f4caf09d8397417dcb00616e92,CLDMSK_L2_VIIRS_NOAA21.A2025181.2324.001.2025182073122.nc,2025-07-01T07:31:22.500Z,53516920,9efd42ccd447f31cf0790ef9d14f4ed7
A2025181.2330,2025-06-30T23:30Z,NOAA-21 VIIRS,VJ214IMG.A2025181.2330.002.2025327152211.nc,2025-11-23T15:22:11.000Z,2.0.14,650372,e59618247ed471ccd740291cfb24029678b02112460f9e2a67a2691814bd59e2,CLDMSK_L2_VIIRS_NOAA21.A2025181.2330.001.2025182073108.nc,2025-07-01T07:31:08.060Z,48044634,399c23988c623dba60895783c45b7d36
A2025182.2124,2025-07-01T21:24Z,NOAA-21 VIIRS,VJ214IMG.A2025182.2124.002.2025327185735.nc,2025-11-23T18:57:35.000Z,2.0.14,908259,dc6010c26dcc115ab76c085870ebeeca9ef43c12906f8ac26bacde8d718085e9,CLDMSK_L2_VIIRS_NOAA21.A2025182.2124.001.2025183073205.nc,2025-07-02T07:32:05.930Z,52508352,069ad0143f1ae8ddde5e3f68e2e8359f
A2025182.2130,2025-07-01T21:30Z,NOAA-21 VIIRS,VJ214IMG.A2025182.2130.002.2025327185736.nc,2025-11-23T18:57:36.000Z,2.0.14,1365874,c6d8b209ae65a54cb6d8997b6d7096ca43c1efbb292f336c8b52277077bb982e,CLDMSK_L2_VIIRS_NOAA21.A2025182.2130.001.2025183073204.nc,2025-07-02T07:32:04.450Z,53162385,b2d4e9f55cd6e484d19d80ea50d79dd5
A2025182.2306,2025-07-01T23:06Z,NOAA-21 VIIRS,VJ214IMG.A2025182.2306.002.2025327185737.nc,2025-11-23T18:57:37.000Z,2.0.14,812163,9acb023ed722dd5f072f23bf7f2b25043db4f409eda1f3db0614e2c6bc7b3776,CLDMSK_L2_VIIRS_NOAA21.A2025182.2306.001.2025183073151.nc,2025-07-02T07:31:51.570Z,51360412,010e49a0bf609d65c9db04f348cac1d3
A2025182.2312,2025-07-01T23:12Z,NOAA-21 VIIRS,VJ214IMG.A2025182.2312.002.2025327185734.nc,2025-11-23T18:57:34.000Z,2.0.14,1043443,ac5a4cbdb841f9c2d19555c7f5c6f04108e3050101680eb96cd3663f03611f14,CLDMSK_L2_VIIRS_NOAA21.A2025182.2312.001.2025183073156.nc,2025-07-02T07:31:56.460Z,48661680,29f216bba4be34cc81ceb117f57ad155
A2025183.2106,2025-07-02T21:06Z,NOAA-21 VIIRS,VJ214IMG.A2025183.2106.002.2025327192038.nc,2025-11-23T19:20:38.000Z,2.0.14,981895,4fb5e86181f633e1d4d2f07149ddbe08e6c67f0042b00973781c79d9a368f978,CLDMSK_L2_VIIRS_NOAA21.A2025183.2106.001.2025184073248.nc,2025-07-03T07:32:48.200Z,51882849,aff0c31889fd58c7f09e6a17e277d03b
A2025183.2112,2025-07-02T21:12Z,NOAA-21 VIIRS,VJ214IMG.A2025183.2112.002.2025327192037.nc,2025-11-23T19:20:37.000Z,2.0.14,1398382,a88c46111793b12bb1766ab946b88e838a6ed829795323fec62f861ca6bb9f0e,CLDMSK_L2_VIIRS_NOAA21.A2025183.2112.001.2025184073247.nc,2025-07-03T07:32:47.470Z,51456332,6817818c99e03b8bdf9257052a04eefb
A2025183.2248,2025-07-02T22:48Z,NOAA-21 VIIRS,VJ214IMG.A2025183.2248.002.2025327192039.nc,2025-11-23T19:20:39.000Z,2.0.14,774466,b1cf6ad84045b716bae64546cf4f76263532c3c449772d0d3eebfba816d82bea,CLDMSK_L2_VIIRS_NOAA21.A2025183.2248.001.2025184073240.nc,2025-07-03T07:32:40.150Z,48616113,fd6e0245a5c34fcb265c1539aa301121
A2025183.2254,2025-07-02T22:54Z,NOAA-21 VIIRS,VJ214IMG.A2025183.2254.002.2025327192038.nc,2025-11-23T19:20:38.000Z,2.0.14,1185231,97d118ec1e63239a7d216a06753032a9750f228399db823eedbcd011f2fbeaee,CLDMSK_L2_VIIRS_NOAA21.A2025183.2254.001.2025184073241.nc,2025-07-03T07:32:41.770Z,50653767,2ef345dce6686b19d5c150de26b88b8e
A2025184.2048,2025-07-03T20:48Z,NOAA-21 VIIRS,VJ214IMG.A2025184.2048.002.2025327193341.nc,2025-11-23T19:33:41.000Z,2.0.14,1229216,8e194b4e98e4dd705225b5eeb29c08be4cef1513f462820e06f59eb53091529e,CLDMSK_L2_VIIRS_NOAA21.A2025184.2048.001.2025185073322.nc,2025-07-04T07:33:22.800Z,51312266,dfb1322f6530c4ead55e348c07b1f758
A2025184.2054,2025-07-03T20:54Z,NOAA-21 VIIRS,VJ214IMG.A2025184.2054.002.2025327193341.nc,2025-11-23T19:33:41.000Z,2.0.14,1502688,537bd15bff7487f57a8783997d962050054f3a91a87cbfe66f1b7e075eab4491,CLDMSK_L2_VIIRS_NOAA21.A2025184.2054.001.2025185073322.nc,2025-07-04T07:33:22.450Z,50445971,0ef690fd208808af192588730247c0cf
A2025184.2230,2025-07-03T22:30Z,NOAA-21 VIIRS,VJ214IMG.A2025184.2230.002.2025327193339.nc,2025-11-23T19:33:39.000Z,2.0.14,743133,addc1f77c4eda9bc4581e49c20aef3fb8e385fda614becd8315913e9340a66e7,CLDMSK_L2_VIIRS_NOAA21.A2025184.2230.001.2025185073338.nc,2025-07-04T07:33:38.770Z,49098090,b424015dc52ee016efc0ff679ea53dc0
A2025184.2236,2025-07-03T22:36Z,NOAA-21 VIIRS,VJ214IMG.A2025184.2236.002.2025327193337.nc,2025-11-23T19:33:37.000Z,2.0.14,1336564,8e2e8f6ea5bb4fc2569266c2c5f68ea3c1eaa3e862bce5977a2de88f48f56c65,CLDMSK_L2_VIIRS_NOAA21.A2025184.2236.001.2025185073328.nc,2025-07-04T07:33:28.670Z,55279614,795d0b87eac97304f8388b227a735f7b
A2025185.2212,2025-07-04T22:12Z,NOAA-21 VIIRS,VJ214IMG.A2025185.2212.002.2025327194911.nc,2025-11-23T19:49:11.000Z,2.0.14,731043,c0fd88f5b541702853d8ea2ce289c8b8f12e03c2d32844fc24a6a4735a4b5946,CLDMSK_L2_VIIRS_NOAA21.A2025185.2212.001.2025186072359.nc,2025-07-05T07:23:59.870Z,47522586,318e4fb47533e2efd6015fd21088dfb0
A2025185.2218,2025-07-04T22:18Z,NOAA-21 VIIRS,VJ214IMG.A2025185.2218.002.2025327194912.nc,2025-11-23T19:49:12.000Z,2.0.14,810926,9c4b7dde2f97a9f4c097bc35f953d23b643eed68ea491d7acfe9e87228dfb8a2,CLDMSK_L2_VIIRS_NOAA21.A2025185.2218.001.2025186072402.nc,2025-07-05T07:24:02.020Z,58386843,362235eaf605d6edc5619d630978b681
A2025185.2354,2025-07-04T23:54Z,NOAA-21 VIIRS,VJ214IMG.A2025185.2354.002.2025327194910.nc,2025-11-23T19:49:10.000Z,2.0.14,491941,a5ed3aa841b0c876860a2647598a66ca5c165891596198514444e112a2bd349a,CLDMSK_L2_VIIRS_NOAA21.A2025185.2354.001.2025186072357.nc,2025-07-05T07:23:57.300Z,45769282,502def22b356868f790fdb75f028e506
A2025186.2148,2025-07-05T21:48Z,NOAA-21 VIIRS,VJ214IMG.A2025186.2148.002.2025327201309.nc,2025-11-23T20:13:09.000Z,2.0.14,1217323,6e69c816f829d82f766b73d5c5efc52f55e18eaa31242da1fabaedce858f98b0,CLDMSK_L2_VIIRS_NOAA21.A2025186.2148.001.2025187072453.nc,2025-07-06T07:24:53.410Z,51512665,d2437765865ba0d94b4455576b21c1a9
A2025186.2154,2025-07-05T21:54Z,NOAA-21 VIIRS,VJ214IMG.A2025186.2154.002.2025327201310.nc,2025-11-23T20:13:10.000Z,2.0.14,1178229,03383680c405d057bc2b999ba2b55366f3f592906231bd4cc0ae4196252b9437,CLDMSK_L2_VIIRS_NOAA21.A2025186.2154.001.2025187072449.nc,2025-07-06T07:24:49.440Z,49617252,043d81c8f92ebaf58ef9df4089344b11
A2025186.2330,2025-07-05T23:30Z,NOAA-21 VIIRS,VJ214IMG.A2025186.2330.002.2025327201307.nc,2025-11-23T20:13:07.000Z,2.0.14,975618,305e3bd756a3584ef3235994ea6c2c5129bffef88d6c3060dcfd6e0622528003,CLDMSK_L2_VIIRS_NOAA21.A2025186.2330.001.2025187072457.nc,2025-07-06T07:24:57.020Z,51782456,9df13215fd8e7586d351cce427117a95
A2025186.2336,2025-07-05T23:36Z,NOAA-21 VIIRS,VJ214IMG.A2025186.2336.002.2025327201308.nc,2025-11-23T20:13:08.000Z,2.0.14,527228,bfe033f4bd27300a3ba5e13b0de615cf61fc1ca1ea6705938cfbbcef44c0e9c2,CLDMSK_L2_VIIRS_NOAA21.A2025186.2336.001.2025187072456.nc,2025-07-06T07:24:56.500Z,47199526,de1d8acc752fdbd9f45c61c39ca3dc68
A2025187.2130,2025-07-06T21:30Z,NOAA-21 VIIRS,VJ214IMG.A2025187.2130.002.2025327203209.nc,2025-11-23T20:32:09.000Z,2.0.14,1061396,33d61778d6e3d91da1374764be20d0bcad3513e5b649638ee1cc24c7eedbe8a2,CLDMSK_L2_VIIRS_NOAA21.A2025187.2130.001.2025188072534.nc,2025-07-07T07:25:34.480Z,53647355,bdd546aef6bcb08293348304fe37bb1a
A2025187.2136,2025-07-06T21:36Z,NOAA-21 VIIRS,VJ214IMG.A2025187.2136.002.2025327203212.nc,2025-11-23T20:32:12.000Z,2.0.14,1553163,349fb9ef771956cc1a7c13bb92b8944409650899e39ff6aa3a2572c71de91b10,CLDMSK_L2_VIIRS_NOAA21.A2025187.2136.001.2025188072536.nc,2025-07-07T07:25:36.700Z,52024803,76e2aca29bd5a1cc1ebbb4b51cb7dcc2
A2025187.2312,2025-07-06T23:12Z,NOAA-21 VIIRS,VJ214IMG.A2025187.2312.002.2025327203213.nc,2025-11-23T20:32:13.000Z,2.0.14,890396,8f48aeee386f4c20109e5beb0cfba7a876c535e380baec49ee2f473d71209fc0,CLDMSK_L2_VIIRS_NOAA21.A2025187.2312.001.2025188072534.nc,2025-07-07T07:25:34.540Z,50852518,a353d67d322f068f5d5a6fd768f77fb0
A2025187.2318,2025-07-06T23:18Z,NOAA-21 VIIRS,VJ214IMG.A2025187.2318.002.2025327203212.nc,2025-11-23T20:32:12.000Z,2.0.14,698729,0f8a5148c0982fa43763314f9898530f310a628dffea6ea76a79dfcaa3f85c3c,CLDMSK_L2_VIIRS_NOAA21.A2025187.2318.001.2025188072526.nc,2025-07-07T07:25:26.070Z,48530291,6cacd7db65e1add9c6a36d115a8890b8
A2025188.2112,2025-07-07T21:12Z,NOAA-21 VIIRS,VJ214IMG.A2025188.2112.002.2025327204335.nc,2025-11-23T20:43:35.000Z,2.0.14,1278223,a7a34c478ce7cf094d875ac51401605f7fd042d49c43310d8c68c8ee9e25e7b7,CLDMSK_L2_VIIRS_NOAA21.A2025188.2112.001.2025189072626.nc,2025-07-08T07:26:26.170Z,54155632,b0ea605ccacdaf584e636d1575a0bfc1
A2025188.2118,2025-07-07T21:18Z,NOAA-21 VIIRS,VJ214IMG.A2025188.2118.002.2025327204337.nc,2025-11-23T20:43:37.000Z,2.0.14,1498645,0886eb9ddf8f53bda73ab4c81ebdd5c89c4522b76afc156d018e3d2ae02b2578,CLDMSK_L2_VIIRS_NOAA21.A2025188.2118.001.2025189072626.nc,2025-07-08T07:26:26.180Z,52121043,85eba98cf51688c2ca36a2224c5e6671
A2025188.2254,2025-07-07T22:54Z,NOAA-21 VIIRS,VJ214IMG.A2025188.2254.002.2025327204336.nc,2025-11-23T20:43:36.000Z,2.0.14,904817,885b8a0362155a714273c2b5def67ea7e23d875a4fd40570229a9c0007ddb5d9,CLDMSK_L2_VIIRS_NOAA21.A2025188.2254.001.2025189072606.nc,2025-07-08T07:26:06.040Z,49512985,d697636c509736320f20aaf6bbe80efe
A2025188.2300,2025-07-07T23:00Z,NOAA-21 VIIRS,VJ214IMG.A2025188.2300.002.2025327204338.nc,2025-11-23T20:43:38.000Z,2.0.14,1442530,938a8d176e24f25abdc648eecb9a29f2467601bfa86661e0cf8ade7796a366c4,CLDMSK_L2_VIIRS_NOAA21.A2025188.2300.001.2025189072606.nc,2025-07-08T07:26:06.210Z,50615498,32a5745330f13c6b688f6dfdfcb0a378
A2025189.2054,2025-07-08T20:54Z,NOAA-21 VIIRS,VJ214IMG.A2025189.2054.002.2025327205606.nc,2025-11-23T20:56:06.000Z,2.0.14,1581911,cc5d1daa6fdd5f8fc3b34f3135c1650fad83eb0dbd93a05f3f64bc3712f8c7d0,CLDMSK_L2_VIIRS_NOAA21.A2025189.2054.001.2025190090650.nc,2025-07-09T09:06:50.620Z,54314203,c5a1d087918600e98db4ea673f908c33
A2025189.2100,2025-07-08T21:00Z,NOAA-21 VIIRS,VJ214IMG.A2025189.2100.002.2025327205608.nc,2025-11-23T20:56:08.000Z,2.0.14,1419094,7a84c7b6baf963e973811b68b06c359b81f622664a7d1f0fa9a4f3fcec36afae,CLDMSK_L2_VIIRS_NOAA21.A2025189.2100.001.2025190090654.nc,2025-07-09T09:06:54.960Z,53232360,e47c89d071d9c15396ab8de0e8781a24
A2025189.2236,2025-07-08T22:36Z,NOAA-21 VIIRS,VJ214IMG.A2025189.2236.002.2025327205608.nc,2025-11-23T20:56:08.000Z,2.0.14,908959,ce5b4ebd4a8d24009f6e897ce57ecd11b8dc8a2fe8157e0d7c22caad99a12763,CLDMSK_L2_VIIRS_NOAA21.A2025189.2236.001.2025190090643.nc,2025-07-09T09:06:43.320Z,50882663,5437fa5907f034e200a8a2674d358a1f
A2025189.2242,2025-07-08T22:42Z,NOAA-21 VIIRS,VJ214IMG.A2025189.2242.002.2025327205607.nc,2025-11-23T20:56:07.000Z,2.0.14,1310366,ccc4fd9ac8db049b7e80f3bb6ffae98cffe5ed873faed9003bb895d10e1f44ae,CLDMSK_L2_VIIRS_NOAA21.A2025189.2242.001.2025190090643.nc,2025-07-09T09:06:43.620Z,52798842,91f6251be546e6d0a07bc7a3d95099d9
A2025190.2042,2025-07-09T20:42Z,NOAA-21 VIIRS,VJ214IMG.A2025190.2042.002.2025327212007.nc,2025-11-23T21:20:07.000Z,2.0.14,1097642,1f4af02d98cd510ed4bd0edbebdfea4e987e5408c4d21d0ed6be5bcdf6cab120,CLDMSK_L2_VIIRS_NOAA21.A2025190.2042.001.2025191073731.nc,2025-07-10T07:37:31.120Z,54895304,848f32512dd3845c31f01228eb61a826
A2025190.2218,2025-07-09T22:18Z,NOAA-21 VIIRS,VJ214IMG.A2025190.2218.002.2025327212006.nc,2025-11-23T21:20:06.000Z,2.0.14,1047740,3be40241f3fb29e02552d846224077fd76ea4c9c0049a3abdfd86adab11a3c2a,CLDMSK_L2_VIIRS_NOAA21.A2025190.2218.001.2025191073725.nc,2025-07-10T07:37:25.520Z,50703507,09f41572677676f8567b13b1951fb12a
A2025190.2224,2025-07-09T22:24Z,NOAA-21 VIIRS,VJ214IMG.A2025190.2224.002.2025327212011.nc,2025-11-23T21:20:11.000Z,2.0.14,1011832,48b55efa1721180bfee1cf84de17b4d539e10d772207cc7ac7ed2a68fcfab4c2,CLDMSK_L2_VIIRS_NOAA21.A2025190.2224.001.2025191073725.nc,2025-07-10T07:37:25.600Z,55443531,59dd39221c2dfe4d1773ed5981fdbf43
A2025191.0000,2025-07-10T00:00Z,NOAA-21 VIIRS,VJ214IMG.A2025191.0000.002.2025327214141.nc,2025-11-23T21:41:41.000Z,2.0.14,427129,6b4cf687394df5e14524c9e3663fd96de3b22b8f23500dab13fadfe6b6547904,CLDMSK_L2_VIIRS_NOAA21.A2025191.0000.001.2025191130717.nc,2025-07-10T13:07:17.440Z,45725098,16005413c9caedb8ba5502a4268c2a4a
A2025191.2154,2025-07-10T21:54Z,NOAA-21 VIIRS,VJ214IMG.A2025191.2154.002.2025327214137.nc,2025-11-23T21:41:37.000Z,2.0.14,1009653,279e430bc1dff46478d323a495c66e1b070cb62728a64c9e0b2ff67bf374154f,CLDMSK_L2_VIIRS_NOAA21.A2025191.2154.001.2025192091827.nc,2025-07-11T09:18:27.910Z,52776329,535118dc4a6931971ca76891aa32d74d
A2025191.2200,2025-07-10T22:00Z,NOAA-21 VIIRS,VJ214IMG.A2025191.2200.002.2025327214137.nc,2025-11-23T21:41:37.000Z,2.0.14,1010516,e617cd9b7d4f06a97bc86f8c0c078cba22f2b6c26c7f61b2944e5e137ea3abc9,CLDMSK_L2_VIIRS_NOAA21.A2025191.2200.001.2025192091836.nc,2025-07-11T09:18:36.170Z,51313702,7e7a0aefab2335be3bb5995fc8f94f59
A2025191.2206,2025-07-10T22:06Z,NOAA-21 VIIRS,VJ214IMG.A2025191.2206.002.2025327214138.nc,2025-11-23T21:41:38.000Z,2.0.14,867848,e202d7039f4022ea4a8d552a2244faa0369bb5bf80ce9621b8eb3fb005f7a04d,CLDMSK_L2_VIIRS_NOAA21.A2025191.2206.001.2025192091846.nc,2025-07-11T09:18:46.830Z,59188757,39e2105278a569ca67d5eefd1210616c
A2025191.2336,2025-07-10T23:36Z,NOAA-21 VIIRS,VJ214IMG.A2025191.2336.002.2025327214139.nc,2025-11-23T21:41:39.000Z,2.0.14,889317,50651e6c57e4e45c2e86276a8e82415aa7fbb4d0c3cc712e55ae82ef5e1c1d13,CLDMSK_L2_VIIRS_NOAA21.A2025191.2336.001.2025192091830.nc,2025-07-11T09:18:30.440Z,53714749,aaae735456cb24d98542c4a0473ad52c
A2025191.2342,2025-07-10T23:42Z,NOAA-21 VIIRS,VJ214IMG.A2025191.2342.002.2025327214138.nc,2025-11-23T21:41:38.000Z,2.0.14,567819,8f6232f027470702075fb4ddc8d44fdc35d9fa5d7c0262366905d07c07e54750,CLDMSK_L2_VIIRS_NOAA21.A2025191.2342.001.2025192091841.nc,2025-07-11T09:18:41.210Z,47509409,237f793d02008800e01f7fafbf655857
A2025192.2136,2025-07-11T21:36Z,NOAA-21 VIIRS,VJ214IMG.A2025192.2136.002.2025327222213.nc,2025-11-23T22:22:13.000Z,2.0.14,950213,c921c9192ee04119761bd90616ee6f128ebf5f7476f643c4104f960e3d6c18a4,CLDMSK_L2_VIIRS_NOAA21.A2025192.2136.001.2025193072532.nc,2025-07-12T07:25:32.730Z,53848653,9d836e36e1c604b84cabbbf5dc62a42f
A2025192.2142,2025-07-11T21:42Z,NOAA-21 VIIRS,VJ214IMG.A2025192.2142.002.2025327222210.nc,2025-11-23T22:22:10.000Z,2.0.14,1145465,6b9d92fca5e608fbdac6c6e4e1b772b7b87fe780824540f39173dce907f00ddd,CLDMSK_L2_VIIRS_NOAA21.A2025192.2142.001.2025193072531.nc,2025-07-12T07:25:31.340Z,53115827,2163cbc80fa762ab306ead95daac51ce
A2025192.2318,2025-07-11T23:18Z,NOAA-21 VIIRS,VJ214IMG.A2025192.2318.002.2025327222212.nc,2025-11-23T22:22:12.000Z,2.0.14,902507,6b8ad5c839e6539d2b6798605d90840ca2768890c6f654a700ff150628e2afc6,CLDMSK_L2_VIIRS_NOAA21.A2025192.2318.001.2025193072532.nc,2025-07-12T07:25:32.220Z,52214505,b2a632d6998297e2825bb5c27de3383a
A2025192.2324,2025-07-11T23:24Z,NOAA-21 VIIRS,VJ214IMG.A2025192.2324.002.2025327222211.nc,2025-11-23T22:22:11.000Z,2.0.14,869803,d36accfa218703c76bf17cf66bb07edac49ab2ffb8ce23b8a7ac2bd95f7d1603,CLDMSK_L2_VIIRS_NOAA21.A2025192.2324.001.2025193072551.nc,2025-07-12T07:25:51.470Z,48659613,c37d16392acb1a8652e149fb97d97670
A2025193.2118,2025-07-12T21:18Z,NOAA-21 VIIRS,VJ214IMG.A2025193.2118.002.2025327224405.nc,2025-11-23T22:44:05.000Z,2.0.14,900695,ee6810336c097bc7e98cf207355b4d3edebbd45fc5940007e2fd55d632392cfd,CLDMSK_L2_VIIRS_NOAA21.A2025193.2118.001.2025194072636.nc,2025-07-13T07:26:36.600Z,52528779,b878b444790cd8cb4d1601b7e7242b68
A2025193.2124,2025-07-12T21:24Z,NOAA-21 VIIRS,VJ214IMG.A2025193.2124.002.2025327224405.nc,2025-11-23T22:44:05.000Z,2.0.14,930914,da83f25906d53b0fb3b00ea81da2d4af5979010a241c9dd734e6709eb9d4eca2,CLDMSK_L2_VIIRS_NOAA21.A2025193.2124.001.2025194072636.nc,2025-07-13T07:26:36.630Z,54736731,9f841040bd49f04488cc8137a20165a7
A2025193.2300,2025-07-12T23:00Z,NOAA-21 VIIRS,VJ214IMG.A2025193.2300.002.2025327224408.nc,2025-11-23T22:44:08.000Z,2.0.14,805260,2ab6fa08a0de272fe366bfc2456be8a1c1d0dec0a2a1b5fba03327b1cd43b736,CLDMSK_L2_VIIRS_NOAA21.A2025193.2300.001.2025194072656.nc,2025-07-13T07:26:56.890Z,51186509,69277922b551cfa882264dcfd1329073
A2025193.2306,2025-07-12T23:06Z,NOAA-21 VIIRS,VJ214IMG.A2025193.2306.002.2025327224408.nc,2025-11-23T22:44:08.000Z,2.0.14,1083406,315b018fd7811a3d9246c13b3724260b919c611fe8a03b658c8037938ed9d4a2,CLDMSK_L2_VIIRS_NOAA21.A2025193.2306.001.2025194072650.nc,2025-07-13T07:26:50.580Z,52865877,682f9b02e02a316423a1a8696c1a9491
A2025194.2100,2025-07-13T21:00Z,NOAA-21 VIIRS,VJ214IMG.A2025194.2100.002.2025327230041.nc,2025-11-23T23:00:41.000Z,2.0.14,1283602,b75420949b183c5918dad263d74c61f00cd584704149635a591fe706a62bd15b,CLDMSK_L2_VIIRS_NOAA21.A2025194.2100.001.2025195072715.nc,2025-07-14T07:27:15.980Z,52307763,3c6d85510d93fe9f863525bce5acc0be
A2025194.2106,2025-07-13T21:06Z,NOAA-21 VIIRS,VJ214IMG.A2025194.2106.002.2025327230039.nc,2025-11-23T23:00:39.000Z,2.0.14,1066739,d5638b74f7751dd202525cedda290a945d78c01c73d1e19e4559c151020e3139,CLDMSK_L2_VIIRS_NOAA21.A2025194.2106.001.2025195072732.nc,2025-07-14T07:27:32.380Z,52143909,ea6d713ab53bf9d38f7bb4b74a5b9976
A2025194.2242,2025-07-13T22:42Z,NOAA-21 VIIRS,VJ214IMG.A2025194.2242.002.2025327230040.nc,2025-11-23T23:00:40.000Z,2.0.14,792721,bfd08c06770493c7e44b00b5f755dadbd2bf64317771bf4812b8a27817df398b,CLDMSK_L2_VIIRS_NOAA21.A2025194.2242.001.2025195072721.nc,2025-07-14T07:27:21.470Z,50854188,4905df2dd6ae135aef9fe005081a47a1
A2025194.2248,2025-07-13T22:48Z,NOAA-21 VIIRS,VJ214IMG.A2025194.2248.002.2025327230043.nc,2025-11-23T23:00:43.000Z,2.0.14,981796,503c1d110d4560c75fba33e12171104960852f4934f239d845ddabf3a5957ff9,CLDMSK_L2_VIIRS_NOAA21.A2025194.2248.001.2025195072716.nc,2025-07-14T07:27:16.790Z,53700740,4a41393c2a0bfee5bc8995a86e68a2fa
A2025195.2042,2025-07-14T20:42Z,NOAA-21 VIIRS,VJ214IMG.A2025195.2042.002.2025327231137.nc,2025-11-23T23:11:37.000Z,2.0.14,1663179,4d599b007a8e1b435709dd987f4f91ed0df7b11599e6ff9aab53b22eda81e1a1,CLDMSK_L2_VIIRS_NOAA21.A2025195.2042.001.2025196073823.nc,2025-07-15T07:38:23.160Z,53339574,55b897d1c68650a4aaa50e15f4addce3
A2025195.2048,2025-07-14T20:48Z,NOAA-21 VIIRS,VJ214IMG.A2025195.2048.002.2025327231134.nc,2025-11-23T23:11:34.000Z,2.0.14,1296759,a498a0aac30302afbe8389524476b152fac1316facfeda4fd6ca7eff18a0bf20,CLDMSK_L2_VIIRS_NOAA21.A2025195.2048.001.2025196073822.nc,2025-07-15T07:38:22.550Z,54365780,f2fed3cc1169897cccd16afd085cfb10
A2025195.2224,2025-07-14T22:24Z,NOAA-21 VIIRS,VJ214IMG.A2025195.2224.002.2025327231134.nc,2025-11-23T23:11:34.000Z,2.0.14,980993,bd6c6214bdacd68cc9281df499bc52d4a8d64f7f872a8fb54599fa0ce23a64b3,CLDMSK_L2_VIIRS_NOAA21.A2025195.2224.001.2025196073829.nc,2025-07-15T07:38:29.740Z,51365453,aaec3434f78b3f8f131754fdb8701bfd
A2025195.2230,2025-07-14T22:30Z,NOAA-21 VIIRS,VJ214IMG.A2025195.2230.002.2025327231137.nc,2025-11-23T23:11:37.000Z,2.0.14,802291,0b2a733c0f9837e52eeecf8dca4ead8729d80aac610c43ecd493ac255bb7bfcb,CLDMSK_L2_VIIRS_NOAA21.A2025195.2230.001.2025196073830.nc,2025-07-15T07:38:30.940Z,56075421,38388503a0b3217780b0c142c783a5c1
A2025196.0006,2025-07-15T00:06Z,NOAA-21 VIIRS,VJ214IMG.A2025196.0006.002.2025327232238.nc,2025-11-23T23:22:38.000Z,2.0.14,511541,de0729f27794ec69791058533fec094bb8281f5aae6d3a0f8ced63edb047bc68,CLDMSK_L2_VIIRS_NOAA21.A2025196.0006.001.2025196133818.nc,2025-07-15T13:38:18.970Z,48458222,3db76ecd6710ee0e03ebe2b3e96558b9
A2025196.2206,2025-07-15T22:06Z,NOAA-21 VIIRS,VJ214IMG.A2025196.2206.002.2025327232309.nc,2025-11-23T23:23:09.000Z,2.0.14,883344,efd01d5147d997bb8ef588b19efcd2717bbcc037e6670707552348a81b2104f6,CLDMSK_L2_VIIRS_NOAA21.A2025196.2206.001.2025197073939.nc,2025-07-16T07:39:39.750Z,50636299,cd58d81d5ccbbc438e45a893b5039a2b
A2025196.2212,2025-07-15T22:12Z,NOAA-21 VIIRS,VJ214IMG.A2025196.2212.002.2025327232305.nc,2025-11-23T23:23:05.000Z,2.0.14,680263,9acd97988c8b5907fc0879daaf225f5d64adfd00bce460c2d26f1956538e46c9,CLDMSK_L2_VIIRS_NOAA21.A2025196.2212.001.2025197073932.nc,2025-07-16T07:39:32.340Z,59183663,03f110dcdac35669bc7700f5e555bbcc
A2025196.2342,2025-07-15T23:42Z,NOAA-21 VIIRS,VJ214IMG.A2025196.2342.002.2025327232307.nc,2025-11-23T23:23:07.000Z,2.0.14,1241047,680fea216083710cc4ee92ccf4aae207770e25f1230c1333ef23dbd09cc2aa08,CLDMSK_L2_VIIRS_NOAA21.A2025196.2342.001.2025197073934.nc,2025-07-16T07:39:34.540Z,55663570,d070077a89b3d3f13284306702f0b536
A2025196.2348,2025-07-15T23:48Z,NOAA-21 VIIRS,VJ214IMG.A2025196.2348.002.2025327232306.nc,2025-11-23T23:23:06.000Z,2.0.14,506159,2a87a278575b83f169e07a259815a8a3b9391060949e798f94ad085a78bc2492,CLDMSK_L2_VIIRS_NOAA21.A2025196.2348.001.2025197073943.nc,2025-07-16T07:39:43.540Z,47652126,3dead8c8f0515b542cb155afee54551f
A2025197.2142,2025-07-16T21:42Z,NOAA-21 VIIRS,VJ214IMG.A2025197.2142.002.2025327233407.nc,2025-11-23T23:34:07.000Z,2.0.14,1085569,1cfd85f81ea9633727b5c4ec42df4fae768b16ea2f94fedff06cc2d613cf64bc,CLDMSK_L2_VIIRS_NOAA21.A2025197.2142.001.2025198073034.nc,2025-07-17T07:30:34.440Z,52851994,e329b130173078cd79934f5a744766cc
A2025197.2148,2025-07-16T21:48Z,NOAA-21 VIIRS,VJ214IMG.A2025197.2148.002.2025327233406.nc,2025-11-23T23:34:06.000Z,2.0.14,921038,1eca6063dff4e254691187832ead0d0c92f5adb73f980c6b2aa5f03ae3c80658,CLDMSK_L2_VIIRS_NOAA21.A2025197.2148.001.2025198073036.nc,2025-07-17T07:30:36.740Z,52023052,ad97d395a484e8aa0819c4774e52426b
A2025197.2324,2025-07-16T23:24Z,NOAA-21 VIIRS,VJ214IMG.A2025197.2324.002.2025327233411.nc,2025-11-23T23:34:11.000Z,2.0.14,1084686,9aafcd955d0472cad14f1b5306010f3f018ccf69388e40cffbc0c40ce00cd32e,CLDMSK_L2_VIIRS_NOAA21.A2025197.2324.001.2025198073044.nc,2025-07-17T07:30:44.770Z,53314310,2c5a330f46cfd9bdc9fe913a9f8494d7
A2025197.2330,2025-07-16T23:30Z,NOAA-21 VIIRS,VJ214IMG.A2025197.2330.002.2025327233408.nc,2025-11-23T23:34:08.000Z,2.0.14,756017,b8dbf74b14a5f3913a194de75bf0f211e2c3af733646baadae51088b3dbf7090,CLDMSK_L2_VIIRS_NOAA21.A2025197.2330.001.2025198073100.nc,2025-07-17T07:31:00.580Z,49001028,3734ce2c245cbcc78356a4ac6ba34978
A2025198.2124,2025-07-17T21:24Z,NOAA-21 VIIRS,VJ214IMG.A2025198.2124.002.2025327235009.nc,2025-11-23T23:50:09.000Z,2.0.14,1087569,23a2cc1fddf0e68f19d470513c8d1aa27e16af41458616671811053d9d98df53,CLDMSK_L2_VIIRS_NOAA21.A2025198.2124.001.2025199122205.nc,2025-07-18T12:22:05.850Z,52457299,51b402fad5c73f3c6cbcd2e0b55b418e
A2025198.2130,2025-07-17T21:30Z,NOAA-21 VIIRS,VJ214IMG.A2025198.2130.002.2025327235007.nc,2025-11-23T23:50:07.000Z,2.0.14,1100579,014f1918d8afcb4497616ff00590a6ef871a914d80d8d273f75f6276e8d0ef35,CLDMSK_L2_VIIRS_NOAA21.A2025198.2130.001.2025199122204.nc,2025-07-18T12:22:04.950Z,52092591,ec5afd05a37c008d514be712db0190cd
A2025198.2306,2025-07-17T23:06Z,NOAA-21 VIIRS,VJ214IMG.A2025198.2306.002.2025327235012.nc,2025-11-23T23:50:12.000Z,2.0.14,898101,c70b3d691df57ccb195f3bfcfbadfcf9520dc259a1445b5abf9e4a3bafb52a17,CLDMSK_L2_VIIRS_NOAA21.A2025198.2306.001.2025199122159.nc,2025-07-18T12:21:59.900Z,50517283,a89837e939bd55a2f755fe50ff1c9350
A2025198.2312,2025-07-17T23:12Z,NOAA-21 VIIRS,VJ214IMG.A2025198.2312.002.2025327235011.nc,2025-11-23T23:50:11.000Z,2.0.14,861477,650c20c1b973964bb33d4dd3d1f0d1bed466bde7096f3f31508b8d29b69acd79,CLDMSK_L2_VIIRS_NOAA21.A2025198.2312.001.2025199122158.nc,2025-07-18T12:21:58.040Z,51799184,ba5a839e464430e3256be14b2381f097
A2025199.2106,2025-07-18T21:06Z,NOAA-21 VIIRS,VJ214IMG.A2025199.2106.002.2025328000611.nc,2025-11-24T00:06:11.000Z,2.0.14,939051,46488d704267b95371e58c0ea049ed56d24567d5711ccf42ec492ad2f61dd79a,CLDMSK_L2_VIIRS_NOAA21.A2025199.2106.001.2025200073259.nc,2025-07-19T07:32:59.520Z,52080701,366c7c3e2c9f981f8fe663e0bf0871ed
A2025199.2112,2025-07-18T21:12Z,NOAA-21 VIIRS,VJ214IMG.A2025199.2112.002.2025328000609.nc,2025-11-24T00:06:09.000Z,2.0.14,1393102,32254ff16a28d3dc84d566c3fb1cb253f343c8618d0985de0df6c949c4a24828,CLDMSK_L2_VIIRS_NOAA21.A2025199.2112.001.2025200073258.nc,2025-07-19T07:32:58.900Z,52041656,9a84a2c7ef41fb482bc242a6bc9f9f74
A2025199.2248,2025-07-18T22:48Z,NOAA-21 VIIRS,VJ214IMG.A2025199.2248.002.2025328000611.nc,2025-11-24T00:06:11.000Z,2.0.14,811309,c16ecbfc456b24941b1d4eb40235d0afb60fed2bbe8220c0435dd98a3bb00337,CLDMSK_L2_VIIRS_NOAA21.A2025199.2248.001.2025200073258.nc,2025-07-19T07:32:58.420Z,49744513,f7c94437ecfafb4675475fd8e7de5de4
A2025199.2254,2025-07-18T22:54Z,NOAA-21 VIIRS,VJ214IMG.A2025199.2254.002.2025328000610.nc,2025-11-24T00:06:10.000Z,2.0.14,1317591,b153f5158829fb3695a5d41bb954683344c967b2eaad094dba7dd2bc12073bdf,CLDMSK_L2_VIIRS_NOAA21.A2025199.2254.001.2025200073259.nc,2025-07-19T07:32:59.240Z,51302666,7ef2b6a3184cef794467cc8ff2897d02
A2025200.2048,2025-07-19T20:48Z,NOAA-21 VIIRS,VJ214IMG.A2025200.2048.002.2025328002339.nc,2025-11-24T00:23:39.000Z,2.0.14,1477875,adfaa354773134cb7a48f8f22806efbc85edee92c15f56a5445bd80b07c44997,CLDMSK_L2_VIIRS_NOAA21.A2025200.2048.001.2025201073351.nc,2025-07-20T07:33:51.450Z,52372077,938e9588f0784a61aeee1309547e7537
A2025200.2054,2025-07-19T20:54Z,NOAA-21 VIIRS,VJ214IMG.A2025200.2054.002.2025328002340.nc,2025-11-24T00:23:40.000Z,2.0.14,1287950,3544a01908fac4bb5bd9b018a26199b78a72c4698bfd3d08639a9a1c3f587d1a,CLDMSK_L2_VIIRS_NOAA21.A2025200.2054.001.2025201073349.nc,2025-07-20T07:33:49.870Z,51350013,ba943dc051787fc5b662ea96640bc842
A2025200.2230,2025-07-19T22:30Z,NOAA-21 VIIRS,VJ214IMG.A2025200.2230.002.2025328002340.nc,2025-11-24T00:23:40.000Z,2.0.14,725215,e074de31b9aeeb98b33bd1b63d52aaf4f2e35eaee2115f28ded5c830817bcc09,CLDMSK_L2_VIIRS_NOAA21.A2025200.2230.001.2025201073341.nc,2025-07-20T07:33:41.270Z,48642268,1bd107553fa60479c1ec1f08ca72ae0d
A2025200.2236,2025-07-19T22:36Z,NOAA-21 VIIRS,VJ214IMG.A2025200.2236.002.2025328002340.nc,2025-11-24T00:23:40.000Z,2.0.14,1191294,7a5c97e296e14ff6253b5475a6548bd39cb42519da6b984c113010bf8d416c17,CLDMSK_L2_VIIRS_NOAA21.A2025200.2236.001.2025201073346.nc,2025-07-20T07:33:46.130Z,57737742,1918a2cd51c0e459d2a610e593256c21
A2025201.2212,2025-07-20T22:12Z,NOAA-21 VIIRS,VJ214IMG.A2025201.2212.002.2025328003435.nc,2025-11-24T00:34:35.000Z,2.0.14,953667,9c79aa31de87e03d5075202ddae2c956ed54c501442eabe2f4c9c2e3c6317598,CLDMSK_L2_VIIRS_NOAA21.A2025201.2212.001.2025202073456.nc,2025-07-21T07:34:56.130Z,49833642,d883b3f5b802fdf6bc730ee9bdf40443
A2025201.2218,2025-07-20T22:18Z,NOAA-21 VIIRS,VJ214IMG.A2025201.2218.002.2025328003436.nc,2025-11-24T00:34:36.000Z,2.0.14,916471,7093084f1b3760c3fe0f178e78002983a6cdaf84d85784c30311ae8ade879690,CLDMSK_L2_VIIRS_NOAA21.A2025201.2218.001.2025202073435.nc,2025-07-21T07:34:35.620Z,58149977,0fe8238cba9aa5a8673a773cffdbc30d
A2025201.2348,2025-07-20T23:48Z,NOAA-21 VIIRS,VJ214IMG.A2025201.2348.002.2025328003436.nc,2025-11-24T00:34:36.000Z,2.0.14,1062516,f889bcfed0a44ef572d3498249d467f8253f3183663d8c58572745ed1b5aa78f,CLDMSK_L2_VIIRS_NOAA21.A2025201.2348.001.2025202073441.nc,2025-07-21T07:34:41.320Z,54147986,2c92c572c73e3e1aae429bbb65f3bdc0
A2025201.2354,2025-07-20T23:54Z,NOAA-21 VIIRS,VJ214IMG.A2025201.2354.002.2025328003436.nc,2025-11-24T00:34:36.000Z,2.0.14,549640,55b5b30de62d1912f8589edeea5030618a718c6f04ac8025d05f6346e352fd80,CLDMSK_L2_VIIRS_NOAA21.A2025201.2354.001.2025202073440.nc,2025-07-21T07:34:40.870Z,46928158,fe170c3e9c3ce0e8455b1d452475f1c1
A2025202.2148,2025-07-21T21:48Z,NOAA-21 VIIRS,VJ214IMG.A2025202.2148.002.2025328005040.nc,2025-11-24T00:50:40.000Z,2.0.14,947189,ffc2b6f4764adc489616deba241a32c2fd5e161bebf6da980b102518d5614926,CLDMSK_L2_VIIRS_NOAA21.A2025202.2148.001.2025203072647.nc,2025-07-22T07:26:47.430Z,50535546,55fbd849b3fc13fb71691ae534b6b8ef
A2025202.2154,2025-07-21T21:54Z,NOAA-21 VIIRS,VJ214IMG.A2025202.2154.002.2025328005038.nc,2025-11-24T00:50:38.000Z,2.0.14,1105901,ead46f9e46e36b2be6333068d329c6f7ec4c90ed08986a7a496128234a48c895,CLDMSK_L2_VIIRS_NOAA21.A2025202.2154.001.2025203072647.nc,2025-07-22T07:26:47.400Z,50643104,5d5fb60bc213e9b5856ae92a65df4387
A2025202.2200,2025-07-21T22:00Z,NOAA-21 VIIRS,VJ214IMG.A2025202.2200.002.2025328005040.nc,2025-11-24T00:50:40.000Z,2.0.14,583595,8e83cbf23fc8deba72920d2aeda7f08e9c635e85fa8312d1d7b2c880f483c134,CLDMSK_L2_VIIRS_NOAA21.A2025202.2200.001.2025203072649.nc,2025-07-22T07:26:49.350Z,58210103,fd8249dd162676018655c44ef520e176
A2025202.2330,2025-07-21T23:30Z,NOAA-21 VIIRS,VJ214IMG.A2025202.2330.002.2025328005037.nc,2025-11-24T00:50:37.000Z,2.0.14,1036052,7734245856036f0ceae393b6e6b54598f3eaf19e025998baf4080c988788498f,CLDMSK_L2_VIIRS_NOAA21.A2025202.2330.001.2025203072647.nc,2025-07-22T07:26:47.280Z,53227921,2811dbb1b0c4c357092419a415f89ab1
A2025202.2336,2025-07-21T23:36Z,NOAA-21 VIIRS,VJ214IMG.A2025202.2336.002.2025328005037.nc,2025-11-24T00:50:37.000Z,2.0.14,780592,07c19610b506dc1d732be854ed30532646459ea95c42d4b4405a2c36e076d134,CLDMSK_L2_VIIRS_NOAA21.A2025202.2336.001.2025203072641.nc,2025-07-22T07:26:41.570Z,48176384,26cdfb6aaae184031611fa1cd5cba295
A2025203.2130,2025-07-22T21:30Z,NOAA-21 VIIRS,VJ214IMG.A2025203.2130.002.2025328010710.nc,2025-11-24T01:07:10.000Z,2.0.14,1138249,09c11fde13ce41f721165c977022021de503a6ad1616f8510ec1e5651ff909a9,CLDMSK_L2_VIIRS_NOAA21.A2025203.2130.001.2025204072826.nc,2025-07-23T07:28:26.260Z,51216440,cc80dbfa07ba872af1090b7987763e9d
A2025203.2136,2025-07-22T21:36Z,NOAA-21 VIIRS,VJ214IMG.A2025203.2136.002.2025328010713.nc,2025-11-24T01:07:13.000Z,2.0.14,1421294,fae50fc582d06ad595efb0de49e65cd4d800a4ce61c4813e95b94d932c9f4571,CLDMSK_L2_VIIRS_NOAA21.A2025203.2136.001.2025204072805.nc,2025-07-23T07:28:05.720Z,53293399,1018a5b0839ac15738209592861d6c6e
A2025203.2312,2025-07-22T23:12Z,NOAA-21 VIIRS,VJ214IMG.A2025203.2312.002.2025328010709.nc,2025-11-24T01:07:09.000Z,2.0.14,862282,79b2669a9dd8d47494a1f49fee66ca0435edd5cc2697ccd34191b3f9cbded2f6,CLDMSK_L2_VIIRS_NOAA21.A2025203.2312.001.2025204072820.nc,2025-07-23T07:28:20.870Z,50423469,fa9b6bd95d51b34c31cfbf588cddc465
A2025203.2318,2025-07-22T23:18Z,NOAA-21 VIIRS,VJ214IMG.A2025203.2318.002.2025328010708.nc,2025-11-24T01:07:08.000Z,2.0.14,1131110,0aaf7b381ef6ab71454d2337ff7bc4ed691dfea8f7acbbf97002e9224c17d3a6,CLDMSK_L2_VIIRS_NOAA21.A2025203.2318.001.2025204072819.nc,2025-07-23T07:28:19.430Z,50037538,9712df9d3d581911d00fd0bde4baf033
A2025204.2112,2025-07-23T21:12Z,NOAA-21 VIIRS,VJ214IMG.A2025204.2112.002.2025328012441.nc,2025-11-24T01:24:41.000Z,2.0.14,1014577,b6fa40def59804cde9511d1d441f8aa0cf67d5da73e01351ff244421b16fcebf,CLDMSK_L2_VIIRS_NOAA21.A2025204.2112.001.2025205073020.nc,2025-07-24T07:30:20.920Z,51434771,231705b97612f13ae602dc2819f64672
A2025204.2118,2025-07-23T21:18Z,NOAA-21 VIIRS,VJ214IMG.A2025204.2118.002.2025328012441.nc,2025-11-24T01:24:41.000Z,2.0.14,1102749,5152e6561adfce0190a72c4a7b83143005388b3f54cd9f9879ef6703ebf5b847,CLDMSK_L2_VIIRS_NOAA21.A2025204.2118.001.2025205073020.nc,2025-07-24T07:30:20.860Z,52011677,bc3ba8ccf557091c9073eab0daf51b0a
A2025204.2254,2025-07-23T22:54Z,NOAA-21 VIIRS,VJ214IMG.A2025204.2254.002.2025328012440.nc,2025-11-24T01:24:40.000Z,2.0.14,749767,b028d447e1f93849c789557e5976fa08882a2d00c9ba00de460f613afe52c20b,CLDMSK_L2_VIIRS_NOAA21.A2025204.2254.001.2025205073035.nc,2025-07-24T07:30:35.430Z,47952683,4feb71f013f8f9b0875977694e616603
A2025204.2300,2025-07-23T23:00Z,NOAA-21 VIIRS,VJ214IMG.A2025204.2300.002.2025328012437.nc,2025-11-24T01:24:37.000Z,2.0.14,1058802,1d0689bd0c18796939ead6debaf7117dbbdb7466a288e2b48ee58d5658ea576e,CLDMSK_L2_VIIRS_NOAA21.A2025204.2300.001.2025205073035.nc,2025-07-24T07:30:35.260Z,51038201,da29b9691709875620359934623e81da
A2025205.2054,2025-07-24T20:54Z,NOAA-21 VIIRS,VJ214IMG.A2025205.2054.002.2025328013803.nc,2025-11-24T01:38:03.000Z,2.0.14,1344762,0d5f8fcdc3acae40adf95f36341cfd8ee2aba564dd05715120184a28ec7bf982,CLDMSK_L2_VIIRS_NOAA21.A2025205.2054.001.2025206072243.nc,2025-07-25T07:22:43.870Z,53145690,022eba12679f00dd882ea95f444c76d1
A2025205.2100,2025-07-24T21:00Z,NOAA-21 VIIRS,VJ214IMG.A2025205.2100.002.2025328013805.nc,2025-11-24T01:38:05.000Z,2.0.14,1353301,73c22cf4ae8ec12b53329b6a055494d1f94cb41661202d8b5e29e77495458102,CLDMSK_L2_VIIRS_NOAA21.A2025205.2100.001.2025206072233.nc,2025-07-25T07:22:33.770Z,50243181,1114a4341f2352f53db04df339a6558c
A2025205.2236,2025-07-24T22:36Z,NOAA-21 VIIRS,VJ214IMG.A2025205.2236.002.2025328013808.nc,2025-11-24T01:38:08.000Z,2.0.14,660474,efd69862ce0c5eb9d491600f2a6281a9e058624d6fb2c9c635bb9fbe1e887554,CLDMSK_L2_VIIRS_NOAA21.A2025205.2236.001.2025206072234.nc,2025-07-25T07:22:34.000Z,47988057,50d7836a4b799c267e4b3432d9603cce
A2025205.2242,2025-07-24T22:42Z,NOAA-21 VIIRS,VJ214IMG.A2025205.2242.002.2025328013803.nc,2025-11-24T01:38:03.000Z,2.0.14,916796,e285b8e9f64b9a86de33b772c91101ef9501cfa8810db9911c78d1ea5414bedc,CLDMSK_L2_VIIRS_NOAA21.A2025205.2242.001.2025206072236.nc,2025-07-25T07:22:36.870Z,52785448,d3dba47a9343b903b6039555cc304dbb
A2025206.2042,2025-07-25T20:42Z,NOAA-21 VIIRS,VJ214IMG.A2025206.2042.002.2025328014939.nc,2025-11-24T01:49:39.000Z,2.0.14,1237263,905fc7065121f7df0dc0a7caa14d0da655dd6d5797045646981e46540c9e483e,CLDMSK_L2_VIIRS_NOAA21.A2025206.2042.001.2025207071840.nc,2025-07-26T07:18:40.530Z,48313638,23c03ac09d9a0abc8f02710070ae74ce
A2025206.2218,2025-07-25T22:18Z,NOAA-21 VIIRS,VJ214IMG.A2025206.2218.002.2025328014937.nc,2025-11-24T01:49:37.000Z,2.0.14,668759,52783c319605fabe25f5287195e7472a3191583531eb9ae7b8b42940d8f2b96b,CLDMSK_L2_VIIRS_NOAA21.A2025206.2218.001.2025207071834.nc,2025-07-26T07:18:34.540Z,47961773,0fa978f7e6451f59c21b56389f8e60e8
A2025206.2224,2025-07-25T22:24Z,NOAA-21 VIIRS,VJ214IMG.A2025206.2224.002.2025328014940.nc,2025-11-24T01:49:40.000Z,2.0.14,943710,8b8c5c8d72d8e9c6e7dd1018e3f07247f3a6c6cfb947ecc17e9cfde38cddca6b,CLDMSK_L2_VIIRS_NOAA21.A2025206.2224.001.2025207071838.nc,2025-07-26T07:18:38.890Z,54649928,980979b2a3aea32fbda0b3623b1fcc0c
A2025206.2354,2025-07-25T23:54Z,NOAA-21 VIIRS,VJ214IMG.A2025206.2354.002.2025328014938.nc,2025-11-24T01:49:38.000Z,2.0.14,1102986,25eb39dfd78d3d088298c0fa0b861aa87d2e9138d109a6db49c17072036e12c3,CLDMSK_L2_VIIRS_NOAA21.A2025206.2354.001.2025207071852.nc,2025-07-26T07:18:52.740Z,54694762,5ba73fd41e6f29dfef63a401c7ed682f
A2025207.0000,2025-07-26T00:00Z,NOAA-21 VIIRS,VJ214IMG.A2025207.0000.002.2025328020233.nc,2025-11-24T02:02:33.000Z,2.0.14,534458,c1f675d90b1430b391f5b33fcb04af85619a3d70b7eb1a24955a19617c2801bb,CLDMSK_L2_VIIRS_NOAA21.A2025207.0000.001.2025207130831.nc,2025-07-26T13:08:31.870Z,45703983,15e3d96700acd583308a620d31b5f95d
A2025207.2200,2025-07-26T22:00Z,NOAA-21 VIIRS,VJ214IMG.A2025207.2200.002.2025328020232.nc,2025-11-24T02:02:32.000Z,2.0.14,757195,55a3bc4b29b8a06eda1b88801428ceb00b59f67bda7a0b1e533a28526c5bed35,CLDMSK_L2_VIIRS_NOAA21.A2025207.2200.001.2025208072913.nc,2025-07-27T07:29:13.360Z,48748882,bac64af7779b431760dab04fbf5957cd
A2025207.2206,2025-07-26T22:06Z,NOAA-21 VIIRS,VJ214IMG.A2025207.2206.002.2025328020233.nc,2025-11-24T02:02:33.000Z,2.0.14,1105378,51428bad3f98cfafd909a56c61528263754fca53d204d078a58659402b344082,CLDMSK_L2_VIIRS_NOAA21.A2025207.2206.001.2025208072912.nc,2025-07-27T07:29:12.360Z,53251218,bd8ab39b2121aa8aa8c6fb8e4d1af1c6
A2025207.2336,2025-07-26T23:36Z,NOAA-21 VIIRS,VJ214IMG.A2025207.2336.002.2025328020233.nc,2025-11-24T02:02:33.000Z,2.0.14,996431,c3a316a6f513609fe5fadadeb979b345193ef0b4f283413f413b5fc478fe857d,CLDMSK_L2_VIIRS_NOAA21.A2025207.2336.001.2025208072929.nc,2025-07-27T07:29:29.130Z,52728895,e11643e3e9c73d7f943521bb7558c76b
A2025207.2342,2025-07-26T23:42Z,NOAA-21 VIIRS,VJ214IMG.A2025207.2342.002.2025328020236.nc,2025-11-24T02:02:36.000Z,2.0.14,549253,74d2f46fcf82299c1787244e20703e46d6bc499de906355c92d468ad480e7db5,CLDMSK_L2_VIIRS_NOAA21.A2025207.2342.001.2025208072930.nc,2025-07-27T07:29:30.420Z,47011997,3b4eed5274ca0ae93fc03bd1e8378002
A2025208.2136,2025-07-27T21:36Z,NOAA-21 VIIRS,VJ214IMG.A2025208.2136.002.2025328021938.nc,2025-11-24T02:19:38.000Z,2.0.14,1116750,e689cc4aabc3de1a7c4234536d7c40770f06e38d3c16376b34d5d8b3f1493874,CLDMSK_L2_VIIRS_NOAA21.A2025208.2136.001.2025209073020.nc,2025-07-28T07:30:20.460Z,53672963,85e47c840677f361c97d8ac17961e776
A2025208.2142,2025-07-27T21:42Z,NOAA-21 VIIRS,VJ214IMG.A2025208.2142.002.2025328021939.nc,2025-11-24T02:19:39.000Z,2.0.14,1269063,81a29fa01cd90660345d6b1f6ad518f8cfa23ccd7deea5051f1d491eba09ae82,CLDMSK_L2_VIIRS_NOAA21.A2025208.2142.001.2025209073023.nc,2025-07-28T07:30:23.280Z,52778662,10e2857e8c408cfb18f2f093da9c4eb5
A2025208.2318,2025-07-27T23:18Z,NOAA-21 VIIRS,VJ214IMG.A2025208.2318.002.2025328021939.nc,2025-11-24T02:19:39.000Z,2.0.14,954369,1c407eadd92edd7edf235920f364a3fc1b2b03d0075ff211d4a61e7bcfb0fa39,CLDMSK_L2_VIIRS_NOAA21.A2025208.2318.001.2025209073013.nc,2025-07-28T07:30:13.750Z,52052783,238d0495db4515a98dbca2e25555c8ca
A2025208.2324,2025-07-27T23:24Z,NOAA-21 VIIRS,VJ214IMG.A2025208.2324.002.2025328021941.nc,2025-11-24T02:19:41.000Z,2.0.14,946404,4f7980b5fbc6d1fc4c870682509d75d5a510fdab0dd8bc540417768225e2a27d,CLDMSK_L2_VIIRS_NOAA21.A2025208.2324.001.2025209073012.nc,2025-07-28T07:30:12.400Z,49678522,ca7b87cd09d33fd673674a0a5195ab56
A2025209.2118,2025-07-28T21:18Z,NOAA-21 VIIRS,VJ214IMG.A2025209.2118.002.2025328023808.nc,2025-11-24T02:38:08.000Z,2.0.14,1185347,a726c20f20325947ab557fdb0f403a73215dc44eecca77b1f3b1dc29442dbbc2,CLDMSK_L2_VIIRS_NOAA21.A2025209.2118.001.2025210204232.nc,2025-07-29T20:42:32.300Z,53295133,3daa3fee00ed2bcf06cb977eddd8a01f
A2025209.2124,2025-07-28T21:24Z,NOAA-21 VIIRS,VJ214IMG.A2025209.2124.002.2025328023809.nc,2025-11-24T02:38:09.000Z,2.0.14,997318,8292469dd612028dc25fa268c384612eb3bdf1a67798c93f8052bdafdf63e485,CLDMSK_L2_VIIRS_NOAA21.A2025209.2124.001.2025210204221.nc,2025-07-29T20:42:21.960Z,51018832,937513692dbdfc48a2c8fb2c29e2cdf2
A2025209.2300,2025-07-28T23:00Z,NOAA-21 VIIRS,VJ214IMG.A2025209.2300.002.2025328023811.nc,2025-11-24T02:38:11.000Z,2.0.14,933127,7ca1ba0bc8f8d9cfbddabb41b18c8620fa7c70ad256d1e14be726069dab662d2,CLDMSK_L2_VIIRS_NOAA21.A2025209.2300.001.2025210204328.nc,2025-07-29T20:43:28.920Z,52395152,11300989dc823b64b10561631744bf8c
A2025209.2306,2025-07-28T23:06Z,NOAA-21 VIIRS,VJ214IMG.A2025209.2306.002.2025328023810.nc,2025-11-24T02:38:10.000Z,2.0.14,1332897,09b01c7d9c224cbb895200223f2c775445f23a741f55e15e3359c826d4084f91,CLDMSK_L2_VIIRS_NOAA21.A2025209.2306.001.2025210204332.nc,2025-07-29T20:43:32.130Z,51552766,dd70360dd6129113d6e78aaa35bf1934
A2025210.2100,2025-07-29T21:00Z,NOAA-21 VIIRS,VJ214IMG.A2025210.2100.002.2025328025236.nc,2025-11-24T02:52:36.000Z,2.0.14,1292295,dcbbfa29a28657b3e5fcd2f60c89b63df40f3b7ff783db40436e335710735ccd,CLDMSK_L2_VIIRS_NOAA21.A2025210.2100.001.2025211073247.nc,2025-07-30T07:32:47.690Z,52593139,7020d56dec30eb77d08ff508567d45c6
A2025210.2106,2025-07-29T21:06Z,NOAA-21 VIIRS,VJ214IMG.A2025210.2106.002.2025328025232.nc,2025-11-24T02:52:32.000Z,2.0.14,987172,3f6585e2a68e406439964ee35cbb4680f12cad48c71eef0a90a24b624ce71a6f,CLDMSK_L2_VIIRS_NOAA21.A2025210.2106.001.2025211073244.nc,2025-07-30T07:32:44.200Z,51880218,e16daeaf97828cdd6b860d80ce0ccbd3
A2025210.2242,2025-07-29T22:42Z,NOAA-21 VIIRS,VJ214IMG.A2025210.2242.002.2025328025234.nc,2025-11-24T02:52:34.000Z,2.0.14,874135,66a83b392aa3f52c629901cc1b54023de58c2809cef216d974a970233ec65b1f,CLDMSK_L2_VIIRS_NOAA21.A2025210.2242.001.2025211073259.nc,2025-07-30T07:32:59.730Z,50619811,992a088722a06a9c80b0b9f620edc2e8
A2025210.2248,2025-07-29T22:48Z,NOAA-21 VIIRS,VJ214IMG.A2025210.2248.002.2025328025235.nc,2025-11-24T02:52:35.000Z,2.0.14,938061,a044797c176dae31080bb0a067554964743c0be75e4d5e019944a487c9e07145,CLDMSK_L2_VIIRS_NOAA21.A2025210.2248.001.2025211073300.nc,2025-07-30T07:33:00.620Z,53884658,13ded07b0646b8d77c904657af1d36ac
A2025211.2042,2025-07-30T20:42Z,NOAA-21 VIIRS,VJ214IMG.A2025211.2042.002.2025328030605.nc,2025-11-24T03:06:05.000Z,2.0.14,1489856,e0d4cc79444c29cfce63232344a21c7330c84e90fecd79c90c821b3fe17b0eaa,CLDMSK_L2_VIIRS_NOAA21.A2025211.2042.001.2025212073343.nc,2025-07-31T07:33:43.860Z,54546898,85c6b23008ead35e6a625aa585acfaa2
A2025211.2048,2025-07-30T20:48Z,NOAA-21 VIIRS,VJ214IMG.A2025211.2048.002.2025328030607.nc,2025-11-24T03:06:07.000Z,2.0.14,1243946,02e06e8c1f5c05278b4ac2757a24848a46fe954945fb8a20b9d5481b8a934ed0,CLDMSK_L2_VIIRS_NOAA21.A2025211.2048.001.2025212073340.nc,2025-07-31T07:33:40.190Z,51229070,63ec870e0237cc97c7a176aa0c248b0d
A2025211.2224,2025-07-30T22:24Z,NOAA-21 VIIRS,VJ214IMG.A2025211.2224.002.2025328030606.nc,2025-11-24T03:06:06.000Z,2.0.14,942825,92a77c7831c96e8f21442215eab3de22267ad7d97849bd49d90ae572ff081a7f,CLDMSK_L2_VIIRS_NOAA21.A2025211.2224.001.2025212073344.nc,2025-07-31T07:33:44.720Z,49679605,446fdc27e1c64d40034ec1bd80ff2a55
A2025211.2230,2025-07-30T22:30Z,NOAA-21 VIIRS,VJ214IMG.A2025211.2230.002.2025328030603.nc,2025-11-24T03:06:03.000Z,2.0.14,1203215,dbc82d6e5f7b3c6d1b19474e6a8d3ba57e4da63722f998ebe43dc15a04442e93,CLDMSK_L2_VIIRS_NOAA21.A2025211.2230.001.2025212073347.nc,2025-07-31T07:33:47.520Z,58060420,dbc840838149046c6707713a235750de
A2025212.0000,2025-07-31T00:00Z,NOAA-21 VIIRS,VJ214IMG.A2025212.0000.002.2025328032210.nc,2025-11-24T03:22:10.000Z,2.0.14,1251728,1f65af7364e9dfcc9688510299f1e216c5e1835d47445131524d72af11bf14c4,CLDMSK_L2_VIIRS_NOAA21.A2025212.0000.001.2025212130338.nc,2025-07-31T13:03:38.220Z,57243279,82fa50186e33807633606a904eb73dc2
A2025212.0006,2025-07-31T00:06Z,NOAA-21 VIIRS,VJ214IMG.A2025212.0006.002.2025328032209.nc,2025-11-24T03:22:09.000Z,2.0.14,567908,4c753656e1f11c37febbffb773e08767257683016fec6fbdff0ddc35040ecb79,CLDMSK_L2_VIIRS_NOAA21.A2025212.0006.001.2025212130339.nc,2025-07-31T13:03:39.990Z,49820100,12c3488a2159b393a5dbda875b5e3587
A2025212.2206,2025-07-31T22:06Z,NOAA-21 VIIRS,VJ214IMG.A2025212.2206.002.2025328032212.nc,2025-11-24T03:22:12.000Z,2.0.14,1225990,048f382ef91530e3d17b5357245b893c1930fda4c7451b7fdf35491aec6432b7,CLDMSK_L2_VIIRS_NOAA21.A2025212.2206.001.2025213073449.nc,2025-08-01T07:34:49.260Z,51284211,443096e80bedce304413b4ef45514790
A2025212.2212,2025-07-31T22:12Z,NOAA-21 VIIRS,VJ214IMG.A2025212.2212.002.2025328032210.nc,2025-11-24T03:22:10.000Z,2.0.14,984446,abe457fe3d6f5964cab80bba7db0716ad6134711943048207da9a9239cc713fc,CLDMSK_L2_VIIRS_NOAA21.A2025212.2212.001.2025213073456.nc,2025-08-01T07:34:56.340Z,60371516,dcf175f3f7cbec4c72daf17364671f59
A2025212.2342,2025-07-31T23:42Z,NOAA-21 VIIRS,VJ214IMG.A2025212.2342.002.2025328032214.nc,2025-11-24T03:22:14.000Z,2.0.14,1181267,d51ff9c9e5ab02f21d1223f7f044dc036470e0f03eb6fcc721ee999579b5ab23,CLDMSK_L2_VIIRS_NOAA21.A2025212.2342.001.2025213073505.nc,2025-08-01T07:35:05.870Z,55375090,e4ea3b6c557b7c3f7d834cfb93163c1c
A2025212.2348,2025-07-31T23:48Z,NOAA-21 VIIRS,VJ214IMG.A2025212.2348.002.2025328032209.nc,2025-11-24T03:22:09.000Z,2.0.14,547480,7c6a465c8f509cacfba53fe4edcb47fd623a262c53d4f1c7c87a901743743fbd,CLDMSK_L2_VIIRS_NOAA21.A2025212.2348.001.2025213073500.nc,2025-08-01T07:35:00.370Z,48294652,eaee54398a007349899444b3e8675723
A2025213.2142,2025-08-01T21:42Z,NOAA-21 VIIRS,VJ214IMG.A2025213.2142.002.2025328034340.nc,2025-11-24T03:43:40.000Z,2.0.14,1004813,e557c2fd8f15664af17c60503f4d12408263ed45ecf6f57876f3979fcd4315b8,CLDMSK_L2_VIIRS_NOAA21.A2025213.2142.001.2025214073552.nc,2025-08-02T07:35:52.650Z,53583315,72ff738ddbe47032a2435288be4afc4a
A2025213.2148,2025-08-01T21:48Z,NOAA-21 VIIRS,VJ214IMG.A2025213.2148.002.2025328034338.nc,2025-11-24T03:43:38.000Z,2.0.14,803230,b751de8b7bc8e16d56df4f80b229d870a5a4318db59e77e94f56b903578bd485,CLDMSK_L2_VIIRS_NOAA21.A2025213.2148.001.2025214073551.nc,2025-08-02T07:35:51.800Z,50691289,c8719a830ac0558191585602093c3254
A2025213.2324,2025-08-01T23:24Z,NOAA-21 VIIRS,VJ214IMG.A2025213.2324.002.2025328034342.nc,2025-11-24T03:43:42.000Z,2.0.14,1055909,241a1d98715bc28e6f2bddd8a8c0ba8cdb8349f7cd1848210852122935fd699c,CLDMSK_L2_VIIRS_NOAA21.A2025213.2324.001.2025214073607.nc,2025-08-02T07:36:07.340Z,54265034,53e7f24721610bfa8c71cd9ae3fde11c
A2025213.2330,2025-08-01T23:30Z,NOAA-21 VIIRS,VJ214IMG.A2025213.2330.002.2025328034339.nc,2025-11-24T03:43:39.000Z,2.0.14,886777,a24087027ac4144c69b56a8217a866ac0a9149960aeccf207f23dd1be2f4b9ba,CLDMSK_L2_VIIRS_NOAA21.A2025213.2330.001.2025214073606.nc,2025-08-02T07:36:06.810Z,50233389,b355560e31a097bf38a918746a884528
A2025214.2124,2025-08-02T21:24Z,NOAA-21 VIIRS,VJ214IMG.A2025214.2124.002.2025328040141.nc,2025-11-24T04:01:41.000Z,2.0.14,941170,c7988466f22b4d8ad0ae1c933a9ac3483172715a5b40c7b2b22956124d5ad51e,CLDMSK_L2_VIIRS_NOAA21.A2025214.2124.001.2025215073724.nc,2025-08-03T07:37:24.640Z,53806567,165887b3b8c2b220b24306a587a9f530
A2025214.2130,2025-08-02T21:30Z,NOAA-21 VIIRS,VJ214IMG.A2025214.2130.002.2025328040138.nc,2025-11-24T04:01:38.000Z,2.0.14,736503,2b7a5b08c512b4c1d297f460aac294a7305efc6e12d647b8c61e435853175d82,CLDMSK_L2_VIIRS_NOAA21.A2025214.2130.001.2025215073728.nc,2025-08-03T07:37:28.690Z,50976616,24dd0846329550bd8ac4df414d070bc3
A2025214.2306,2025-08-02T23:06Z,NOAA-21 VIIRS,VJ214IMG.A2025214.2306.002.2025328040139.nc,2025-11-24T04:01:39.000Z,2.0.14,1035054,489a49f6ccd574278a77db31685d94dfbec9d0bacf3a8781113fdb03933c0344,CLDMSK_L2_VIIRS_NOAA21.A2025214.2306.001.2025215073730.nc,2025-08-03T07:37:30.080Z,52556575,6b444c05ea696098f5d7e32e5cf2caae
A2025214.2312,2025-08-02T23:12Z,NOAA-21 VIIRS,VJ214IMG.A2025214.2312.002.2025328040139.nc,2025-11-24T04:01:39.000Z,2.0.14,997165,2d1effd0d3da6ddfa54b6b208383151d9e811376fe6517a7a02283c90650724a,CLDMSK_L2_VIIRS_NOAA21.A2025214.2312.001.2025215073721.nc,2025-08-03T07:37:21.200Z,51586856,97b47dcb1430dd1f66eebca569574878
A2025215.2106,2025-08-03T21:06Z,NOAA-21 VIIRS,VJ214IMG.A2025215.2106.002.2025328042317.nc,2025-11-24T04:23:17.000Z,2.0.14,1090194,ca5874c9b1f688268258297f90017ff025f714f06b5b17c212be0a7ec97a39ec,CLDMSK_L2_VIIRS_NOAA21.A2025215.2106.001.2025216072816.nc,2025-08-04T07:28:16.630Z,52197765,ffe3a2585846f445cb2587d34440521e
A2025215.2112,2025-08-03T21:12Z,NOAA-21 VIIRS,VJ214IMG.A2025215.2112.002.2025328042317.nc,2025-11-24T04:23:17.000Z,2.0.14,722028,c6dcf4e06000a025cb4a5ae6f7aed7de4ab8c9ab1ce3d2140ab70e86097ff556,CLDMSK_L2_VIIRS_NOAA21.A2025215.2112.001.2025216072813.nc,2025-08-04T07:28:13.000Z,50467606,2fb9895356a780a71c1a4260286e7664
A2025215.2248,2025-08-03T22:48Z,NOAA-21 VIIRS,VJ214IMG.A2025215.2248.002.2025328042314.nc,2025-11-24T04:23:14.000Z,2.0.14,826102,e4cbaa8360347e78a2b7ea1f32b9902dd9c2dc64c9f27f7bdc81aee5c958f0b4,CLDMSK_L2_VIIRS_NOAA21.A2025215.2248.001.2025216072759.nc,2025-08-04T07:27:59.070Z,50365886,6ea5949a450b23b7c5c48652ba646071
A2025215.2254,2025-08-03T22:54Z,NOAA-21 VIIRS,VJ214IMG.A2025215.2254.002.2025328042314.nc,2025-11-24T04:23:14.000Z,2.0.14,1413420,f59d9f0877a9d3d5bbf50e8e5f8aa2386541a8fa5a9ccfe48fb7017d202684d9,CLDMSK_L2_VIIRS_NOAA21.A2025215.2254.001.2025216072759.nc,2025-08-04T07:27:59.200Z,53911145,3ec7fdca0df8c3f264e844c0f919a58a
A2025216.2048,2025-08-04T20:48Z,NOAA-21 VIIRS,VJ214IMG.A2025216.2048.002.2025328043940.nc,2025-11-24T04:39:40.000Z,2.0.14,1200493,12aaa984cfbb9d1c44cc4c4101af90aa1c271d33f0c3d48b95085909831b8865,CLDMSK_L2_VIIRS_NOAA21.A2025216.2048.001.2025217071908.nc,2025-08-05T07:19:08.960Z,51874238,b894b3e2fb32f538fa8040aafec7af8f
A2025216.2054,2025-08-04T20:54Z,NOAA-21 VIIRS,VJ214IMG.A2025216.2054.002.2025328043941.nc,2025-11-24T04:39:41.000Z,2.0.14,1317006,daca94cb2d527096ce305c491899646dd5c536e91bd189d0e10ad31a15d40c5a,CLDMSK_L2_VIIRS_NOAA21.A2025216.2054.001.2025217071909.nc,2025-08-05T07:19:09.740Z,51554878,ea1be6894b7d718d1ffa087711fae856
A2025216.2230,2025-08-04T22:30Z,NOAA-21 VIIRS,VJ214IMG.A2025216.2230.002.2025328043944.nc,2025-11-24T04:39:44.000Z,2.0.14,664324,9970ee8fffc1d34308ac712307bea4a228cf9e83a2bfb632a6e31bd19020630e,CLDMSK_L2_VIIRS_NOAA21.A2025216.2230.001.2025217071854.nc,2025-08-05T07:18:54.820Z,47383085,e49ee0c0815ff8fb61e7d97acfad5e17
A2025216.2236,2025-08-04T22:36Z,NOAA-21 VIIRS,VJ214IMG.A2025216.2236.002.2025328043941.nc,2025-11-24T04:39:41.000Z,2.0.14,1444913,282c57124a624d363ccce97d4b5200ddced8684a4b76de67e7c186d54405e37b,CLDMSK_L2_VIIRS_NOAA21.A2025216.2236.001.2025217071854.nc,2025-08-05T07:18:54.250Z,54876237,b465ed1665f0cb9bac01fd5ab9f9249c
A2025217.2212,2025-08-05T22:12Z,NOAA-21 VIIRS,VJ214IMG.A2025217.2212.002.2025328045114.nc,2025-11-24T04:51:14.000Z,2.0.14,769771,8eff8fe00cde845dd9694a81e59edf6a4d3747039e2604817bb308a6c7ffb2f7,CLDMSK_L2_VIIRS_NOAA21.A2025217.2212.001.2025218072952.nc,2025-08-06T07:29:52.360Z,48766907,a00ff60e640a7ec9611684dd6f794278
A2025217.2218,2025-08-05T22:18Z,NOAA-21 VIIRS,VJ214IMG.A2025217.2218.002.2025328045109.nc,2025-11-24T04:51:09.000Z,2.0.14,840512,d472e477f37e8a131dfea206f0df804879c2da18cb280ea836931ad308773d62,CLDMSK_L2_VIIRS_NOAA21.A2025217.2218.001.2025218072952.nc,2025-08-06T07:29:52.050Z,58716105,80830ea9e4c2366a91b1093b5d5dacdc
A2025217.2348,2025-08-05T23:48Z,NOAA-21 VIIRS,VJ214IMG.A2025217.2348.002.2025328045112.nc,2025-11-24T04:51:12.000Z,2.0.14,1038762,5849dd66e228363c34690566ccd16713e8189b1197a84f4d96ebc362bad23ebc,CLDMSK_L2_VIIRS_NOAA21.A2025217.2348.001.2025218072943.nc,2025-08-06T07:29:43.980Z,54748151,632e6efaf46a6f7ed5a63c13167d3e79
A2025217.2354,2025-08-05T23:54Z,NOAA-21 VIIRS,VJ214IMG.A2025217.2354.002.2025328045113.nc,2025-11-24T04:51:13.000Z,2.0.14,577190,fab3431424364d0e1fbcd64f20a32db8a1427eba4f9e20bdd98a4aecc593a4f7,CLDMSK_L2_VIIRS_NOAA21.A2025217.2354.001.2025218072944.nc,2025-08-06T07:29:44.450Z,48065867,72c40ce98a8e22191a4041ace0cb7207
A2025218.2148,2025-08-06T21:48Z,NOAA-21 VIIRS,VJ214IMG.A2025218.2148.002.2025328050541.nc,2025-11-24T05:05:41.000Z,2.0.14,1168309,cd307463fd651f7f86f0434b30ecb519227779a95cb3209f342c27c4685886eb,CLDMSK_L2_VIIRS_NOAA21.A2025218.2148.001.2025219073919.nc,2025-08-07T07:39:19.280Z,54427665,1a3e9c9bd81925f52af699b9a207c253
A2025218.2154,2025-08-06T21:54Z,NOAA-21 VIIRS,VJ214IMG.A2025218.2154.002.2025328050546.nc,2025-11-24T05:05:46.000Z,2.0.14,829191,ba06b30d447052bcaf24e2671a93b3f2c64b4ca81c8817c3313675eb6c7787d1,CLDMSK_L2_VIIRS_NOAA21.A2025218.2154.001.2025219073921.nc,2025-08-07T07:39:21.000Z,51231058,b461d3bd9eb8dd3d0b62aaa55b7db364
A2025218.2200,2025-08-06T22:00Z,NOAA-21 VIIRS,VJ214IMG.A2025218.2200.002.2025328050549.nc,2025-11-24T05:05:49.000Z,2.0.14,934464,3b68f5ae5270f060e6d69373fd68ddac8815eaad37569ed5330ef9350a497f03,CLDMSK_L2_VIIRS_NOAA21.A2025218.2200.001.2025219073906.nc,2025-08-07T07:39:06.460Z,59122056,e43b4ef64c4af6171b8e4b5e821ec6bb
A2025218.2330,2025-08-06T23:30Z,NOAA-21 VIIRS,VJ214IMG.A2025218.2330.002.2025328050543.nc,2025-11-24T05:05:43.000Z,2.0.14,1037088,6905e13e1ca6be32e7d38ac1e9e5c31df368daa448bf367825a2dbd13e64d688,CLDMSK_L2_VIIRS_NOAA21.A2025218.2330.001.2025219073912.nc,2025-08-07T07:39:12.710Z,53764008,37dd00edc04e6f2fef2e10e6adba1d03
A2025218.2336,2025-08-06T23:36Z,NOAA-21 VIIRS,VJ214IMG.A2025218.2336.002.2025328050542.nc,2025-11-24T05:05:42.000Z,2.0.14,811489,73389672014b9780d43becdf49bc4ea64834551b7d7e203ab340dc4f634f2384,CLDMSK_L2_VIIRS_NOAA21.A2025218.2336.001.2025219073910.nc,2025-08-07T07:39:10.990Z,49486211,e45d4b33e59bc5f01fd7d2afcfb2ebe3
A2025219.2130,2025-08-07T21:30Z,NOAA-21 VIIRS,VJ214IMG.A2025219.2130.002.2025328052240.nc,2025-11-24T05:22:40.000Z,2.0.14,987933,035a57a2bbaab0f46b393a4ac1e355088aff4b6f639a53771bd3d6322b345487,CLDMSK_L2_VIIRS_NOAA21.A2025219.2130.001.2025220072019.nc,2025-08-08T07:20:19.340Z,53387827,8300662569ead761c0fed8d54f62fea2
A2025219.2136,2025-08-07T21:36Z,NOAA-21 VIIRS,VJ214IMG.A2025219.2136.002.2025328052243.nc,2025-11-24T05:22:43.000Z,2.0.14,730321,c08552db02b136c7202b19b02d54e629545fb52be029263f0d9e01cffbafabd4,CLDMSK_L2_VIIRS_NOAA21.A2025219.2136.001.2025220072016.nc,2025-08-08T07:20:16.960Z,52350507,7a792c6d1344f3c2385e46864ed2a068
A2025219.2312,2025-08-07T23:12Z,NOAA-21 VIIRS,VJ214IMG.A2025219.2312.002.2025328052241.nc,2025-11-24T05:22:41.000Z,2.0.14,974458,9944c2d4c07c8f632684ece56e583ca0f3472495a5e0c8e9a15859da8e2f4d73,CLDMSK_L2_VIIRS_NOAA21.A2025219.2312.001.2025220072009.nc,2025-08-08T07:20:09.170Z,52065705,d7111b2a3acf603d1026cc05950a5682
A2025219.2318,2025-08-07T23:18Z,NOAA-21 VIIRS,VJ214IMG.A2025219.2318.002.2025328052244.nc,2025-11-24T05:22:44.000Z,2.0.14,1050167,1cc976608f54f9502a36399a2e02da0c34d070f6d5cc38e1fa6fa518e24c85af,CLDMSK_L2_VIIRS_NOAA21.A2025219.2318.001.2025220072009.nc,2025-08-08T07:20:09.010Z,50811823,911fa99708f5a814e1f2d0da5970aca4
A2025220.2112,2025-08-08T21:12Z,NOAA-21 VIIRS,VJ214IMG.A2025220.2112.002.2025328053339.nc,2025-11-24T05:33:39.000Z,2.0.14,955512,6e87e3ef6411327f4991ed090c2c43846838e923c4c1c3e406c7f9815870447c,CLDMSK_L2_VIIRS_NOAA21.A2025220.2112.001.2025221073116.nc,2025-08-09T07:31:16.410Z,52068027,c8313acff87caec218d5b7027a7eda08
A2025220.2118,2025-08-08T21:18Z,NOAA-21 VIIRS,VJ214IMG.A2025220.2118.002.2025328053341.nc,2025-11-24T05:33:41.000Z,2.0.14,960741,aae7b32791d6f506e604840c1266412f8bd5044561d39e2be0bc60969ce7649e,CLDMSK_L2_VIIRS_NOAA21.A2025220.2118.001.2025221073123.nc,2025-08-09T07:31:23.170Z,51824245,2c6053a93fe4b1a10e84b0bdc40c83da
A2025220.2254,2025-08-08T22:54Z,NOAA-21 VIIRS,VJ214IMG.A2025220.2254.002.2025328053342.nc,2025-11-24T05:33:42.000Z,2.0.14,1136860,cfa8ca9e1a14968847cc4fbab93318ee32870e685e93987dc6d94b3c0614f6f7,CLDMSK_L2_VIIRS_NOAA21.A2025220.2254.001.2025221073134.nc,2025-08-09T07:31:34.650Z,52309404,f9f765382856caf39fd7e8d3161fbdf2
A2025220.2300,2025-08-08T23:00Z,NOAA-21 VIIRS,VJ214IMG.A2025220.2300.002.2025328053342.nc,2025-11-24T05:33:42.000Z,2.0.14,1284978,6e6c152fe055f86436c1930ddc13f9e084552610728f82ab97a3204658338748,CLDMSK_L2_VIIRS_NOAA21.A2025220.2300.001.2025221073132.nc,2025-08-09T07:31:32.190Z,52659004,e44d68b7783dab45feef0abab9e815ab
A2025221.2054,2025-08-09T20:54Z,NOAA-21 VIIRS,VJ214IMG.A2025221.2054.002.2025328055112.nc,2025-11-24T05:51:12.000Z,2.0.14,886744,3befdb6427e15fa637f82df7bd9a4169c0aaebd6ed1439a7ee140b94becaf973,CLDMSK_L2_VIIRS_NOAA21.A2025221.2054.001.2025222212427.nc,2025-08-10T21:24:27.720Z,51792282,58ce7dc28aa8d7b911faaf22de8e5375
A2025221.2100,2025-08-09T21:00Z,NOAA-21 VIIRS,VJ214IMG.A2025221.2100.002.2025328055113.nc,2025-11-24T05:51:13.000Z,2.0.14,1048879,dbd12b9eaffedcf3dfed655f1770ed0f31a227b7941cda1314c02f8570eb2e2a,CLDMSK_L2_VIIRS_NOAA21.A2025221.2100.001.2025222212425.nc,2025-08-10T21:24:25.530Z,54427705,02c00efa181b53aa6b19ab95fe94bb15
A2025221.2236,2025-08-09T22:36Z,NOAA-21 VIIRS,VJ214IMG.A2025221.2236.002.2025328055110.nc,2025-11-24T05:51:10.000Z,2.0.14,1049161,76db413a576a03443419367d157fad51eab980a8598d6c66df9bc60ab4653728,CLDMSK_L2_VIIRS_NOAA21.A2025221.2236.001.2025222212434.nc,2025-08-10T21:24:34.170Z,52666013,9291ecf4df3ded3f80936571afda79be
A2025221.2242,2025-08-09T22:42Z,NOAA-21 VIIRS,VJ214IMG.A2025221.2242.002.2025328055113.nc,2025-11-24T05:51:13.000Z,2.0.14,1303166,66fedcfd18c00b2935aeefcd76c384f07b6de22c35465b2dd50382c5816f29b0,CLDMSK_L2_VIIRS_NOAA21.A2025221.2242.001.2025222212442.nc,2025-08-10T21:24:42.460Z,56404339,ac1a174238045085ddd35d267dd60b42
A2025222.2042,2025-08-10T20:42Z,NOAA-21 VIIRS,VJ214IMG.A2025222.2042.002.2025328060742.nc,2025-11-24T06:07:42.000Z,2.0.14,1224438,938bf2264c9be4b1abab8eb5367c6364e1afb7065e4cd382147aff3542664e43,CLDMSK_L2_VIIRS_NOAA21.A2025222.2042.001.2025223073557.nc,2025-08-11T07:35:57.440Z,54510174,c7b974d082e4e55fbacfc88801a82b00
A2025222.2218,2025-08-10T22:18Z,NOAA-21 VIIRS,VJ214IMG.A2025222.2218.002.2025328060743.nc,2025-11-24T06:07:43.000Z,2.0.14,980093,6e22fd7accd8c84dd824d21a6754cab28fb35a06c6a54eb235813c51baa4bdd2,CLDMSK_L2_VIIRS_NOAA21.A2025222.2218.001.2025223073614.nc,2025-08-11T07:36:14.740Z,52122732,6e08562b7112694a9b2e01ca9c851fce
A2025222.2224,2025-08-10T22:24Z,NOAA-21 VIIRS,VJ214IMG.A2025222.2224.002.2025328060743.nc,2025-11-24T06:07:43.000Z,2.0.14,1160918,69575057ab3d10078e1f251aee90926bcb2b6cb2392f2c0ef85266235cf8b906,CLDMSK_L2_VIIRS_NOAA21.A2025222.2224.001.2025223073613.nc,2025-08-11T07:36:13.350Z,56969315,2020f590a3ff6396fba453880569cba8
A2025222.2354,2025-08-10T23:54Z,NOAA-21 VIIRS,VJ214IMG.A2025222.2354.002.2025328060740.nc,2025-11-24T06:07:40.000Z,2.0.14,1098891,ae9e1caf9de4481aa4cbeea9bca3937af4733955b0006e9de1657de4ca4cb445,CLDMSK_L2_VIIRS_NOAA21.A2025222.2354.001.2025223073546.nc,2025-08-11T07:35:46.190Z,53280222,c990a92920d68c48cc185039624d315b
A2025223.0000,2025-08-11T00:00Z,NOAA-21 VIIRS,VJ214IMG.A2025223.0000.002.2025328063145.nc,2025-11-24T06:31:45.000Z,2.0.14,744272,121900667311b9ec28d53d8b1f8038fe9704588e8fe568727ee95424dadf4cd3,CLDMSK_L2_VIIRS_NOAA21.A2025223.0000.001.2025223131606.nc,2025-08-11T13:16:06.980Z,49167018,cfadbff87fc79fc0eefa24e25e0d4edd
A2025223.2200,2025-08-11T22:00Z,NOAA-21 VIIRS,VJ214IMG.A2025223.2200.002.2025328063142.nc,2025-11-24T06:31:42.000Z,2.0.14,807121,33480d38743e4f6c7e0219bc0868d39379a48329d4c9971198d67317f9f6335d,CLDMSK_L2_VIIRS_NOAA21.A2025223.2200.001.2025224072724.nc,2025-08-12T07:27:24.540Z,52137662,db06ca6496c2f394433a7a4a68f2a732
A2025223.2206,2025-08-11T22:06Z,NOAA-21 VIIRS,VJ214IMG.A2025223.2206.002.2025328063143.nc,2025-11-24T06:31:43.000Z,2.0.14,858899,5913f8f202ae6498a15180f006c9da2c0670730701118e76ea035c9704cbec02,CLDMSK_L2_VIIRS_NOAA21.A2025223.2206.001.2025224072723.nc,2025-08-12T07:27:23.770Z,58777601,01a021106f0bfb8f0fd5beafe20a6176
A2025223.2336,2025-08-11T23:36Z,NOAA-21 VIIRS,VJ214IMG.A2025223.2336.002.2025328063145.nc,2025-11-24T06:31:45.000Z,2.0.14,990810,25124fe69f7de230bb228b91dddc98cc6b1e06f221029751f9994af815507ee2,CLDMSK_L2_VIIRS_NOAA21.A2025223.2336.001.2025224072715.nc,2025-08-12T07:27:15.990Z,51660573,55d8b8b5500bbf9bb903d6a2241b6340
A2025223.2342,2025-08-11T23:42Z,NOAA-21 VIIRS,VJ214IMG.A2025223.2342.002.2025328063144.nc,2025-11-24T06:31:44.000Z,2.0.14,1058953,3712f2b1231c1ddd50a1052e24c310a44d223b6e6edf7c1f6c5060409890c429,CLDMSK_L2_VIIRS_NOAA21.A2025223.2342.001.2025224072714.nc,2025-08-12T07:27:14.010Z,51683613,879d16adc90f3b0c7142a81fca8ee25f
A2025224.2136,2025-08-12T21:36Z,NOAA-21 VIIRS,VJ214IMG.A2025224.2136.002.2025328065902.nc,2025-11-24T06:59:02.000Z,2.0.14,1003066,ad32209a02cd68ce195dcff820d2075dd399a162dd508cadfc2835bb3d50cc77,CLDMSK_L2_VIIRS_NOAA21.A2025224.2136.001.2025225072831.nc,2025-08-13T07:28:31.330Z,54204541,5ec78ad166c830c8a63d3c0112963a90
A2025224.2142,2025-08-12T21:42Z,NOAA-21 VIIRS,VJ214IMG.A2025224.2142.002.2025328065906.nc,2025-11-24T06:59:06.000Z,2.0.14,755600,4edce44a2de3ac63a9ed6bcbfc0863933c1835498d8657608107152a192ffe9d,CLDMSK_L2_VIIRS_NOAA21.A2025224.2142.001.2025225072827.nc,2025-08-13T07:28:27.500Z,50755293,4a22d85fc87a9e00b77d3ed7863c7dd8
A2025224.2318,2025-08-12T23:18Z,NOAA-21 VIIRS,VJ214IMG.A2025224.2318.002.2025328065903.nc,2025-11-24T06:59:03.000Z,2.0.14,856562,c2812e6adefb2a37103839f4c809472439daa452098891f708904d3bbc83bbab,CLDMSK_L2_VIIRS_NOAA21.A2025224.2318.001.2025225072828.nc,2025-08-13T07:28:28.920Z,51812862,ec47ccf375b0acbebbc942394dbc2ead
A2025224.2324,2025-08-12T23:24Z,NOAA-21 VIIRS,VJ214IMG.A2025224.2324.002.2025328065902.nc,2025-11-24T06:59:02.000Z,2.0.14,1347358,b3fcf9551b5672fc61e9dbcea00ec4eda12e743521a627d2315a4e2739a48409,CLDMSK_L2_VIIRS_NOAA21.A2025224.2324.001.2025225072828.nc,2025-08-13T07:28:28.110Z,52878348,5a9a7566c82e0ea6f7f66ec0fc70b394
A2025225.2118,2025-08-13T21:18Z,NOAA-21 VIIRS,VJ214IMG.A2025225.2118.002.2025328071003.nc,2025-11-24T07:10:03.000Z,2.0.14,1273863,100e348f7b1f72964ad7e5d4aaa2bc8bd644286e5c7b58821e7a896e833ec2c4,CLDMSK_L2_VIIRS_NOAA21.A2025225.2118.001.2025227014035.nc,2025-08-15T01:40:35.330Z,54883709,c4308c3dec91e0c0c0934476b89efe06
A2025225.2124,2025-08-13T21:24Z,NOAA-21 VIIRS,VJ214IMG.A2025225.2124.002.2025328071004.nc,2025-11-24T07:10:04.000Z,2.0.14,1147865,96f8e7340dbd0265eb889ae7408182fe97156c026bcf8f47ff283f2e0edc0120,CLDMSK_L2_VIIRS_NOAA21.A2025225.2124.001.2025227014037.nc,2025-08-15T01:40:37.000Z,50383392,c6dffc880fac27c7ea6e5b0acd2df7c7
A2025225.2300,2025-08-13T23:00Z,NOAA-21 VIIRS,VJ214IMG.A2025225.2300.002.2025328071001.nc,2025-11-24T07:10:01.000Z,2.0.14,753262,18d13958736bd8c2ca74e8230e08e9e5b2594329e4a682892e223b904668d2c5,CLDMSK_L2_VIIRS_NOAA21.A2025225.2300.001.2025227014020.nc,2025-08-15T01:40:20.670Z,50645175,8bc2170036e3ac71d169d9e4391174fc
A2025225.2306,2025-08-13T23:06Z,NOAA-21 VIIRS,VJ214IMG.A2025225.2306.002.2025328071002.nc,2025-11-24T07:10:02.000Z,2.0.14,1726778,0756c1b6873323f7fec56f4ac419fb24fabe6a266ca57602495792909964a54e,CLDMSK_L2_VIIRS_NOAA21.A2025225.2306.001.2025227014023.nc,2025-08-15T01:40:23.810Z,51758395,7ad25dbf7e242a7a65d9e8e4a5f39e22
A2025226.2100,2025-08-14T21:00Z,NOAA-21 VIIRS,VJ214IMG.A2025226.2100.002.2025328072731.nc,2025-11-24T07:27:31.000Z,2.0.14,1095043,dd3af3a8dad7fe324e58fdbd3bb48acdf0e8bc8755730a5ecaefd56a9b0ee318,CLDMSK_L2_VIIRS_NOAA21.A2025226.2100.001.2025227073029.nc,2025-08-15T07:30:29.350Z,54077237,1b57e32114eab4ff6e0dab5a839d397d
A2025226.2106,2025-08-14T21:06Z,NOAA-21 VIIRS,VJ214IMG.A2025226.2106.002.2025328072727.nc,2025-11-24T07:27:27.000Z,2.0.14,1391624,58c7765f0cb148f9ee7f8fbe540e9f5fe9168405e183da26aac7e21861b33314,CLDMSK_L2_VIIRS_NOAA21.A2025226.2106.001.2025227073031.nc,2025-08-15T07:30:31.120Z,52321609,3980d9e3b07bd645f43b8712b52c4801
A2025226.2242,2025-08-14T22:42Z,NOAA-21 VIIRS,VJ214IMG.A2025226.2242.002.2025328072727.nc,2025-11-24T07:27:27.000Z,2.0.14,651332,c90015508bd80aa304d80cc8e427a624a3c9881b0a76dcab62358c2e6742dfcd,CLDMSK_L2_VIIRS_NOAA21.A2025226.2242.001.2025227073015.nc,2025-08-15T07:30:15.830Z,48972844,874e754d7cd0f444fb52ee5f4b5332c2
A2025226.2248,2025-08-14T22:48Z,NOAA-21 VIIRS,VJ214IMG.A2025226.2248.002.2025328072727.nc,2025-11-24T07:27:27.000Z,2.0.14,1682015,7a6bde96efc5a506ba9963baa780da6398fe1d2777923bd7c5de0bafaefa86de,CLDMSK_L2_VIIRS_NOAA21.A2025226.2248.001.2025227073016.nc,2025-08-15T07:30:16.480Z,52821802,c137b1fd95918b7f47a3f12abc4e6313
A2025227.2042,2025-08-15T20:42Z,NOAA-21 VIIRS,VJ214IMG.A2025227.2042.002.2025328074258.nc,2025-11-24T07:42:58.000Z,2.0.14,1273304,64f1d6b8aefc09a3525aa940d9c6af0adc003910e43ce88bd4f33cfd040d5f8f,CLDMSK_L2_VIIRS_NOAA21.A2025227.2042.001.2025228073125.nc,2025-08-16T07:31:25.150Z,54342740,4e56dbe57bc24724f20a8fef81945ff3
A2025227.2048,2025-08-15T20:48Z,NOAA-21 VIIRS,VJ214IMG.A2025227.2048.002.2025328074257.nc,2025-11-24T07:42:57.000Z,2.0.14,1440176,638f50e23cce37e086c3fd8b29b874b91bf606be51942d759a0418770cb04820,CLDMSK_L2_VIIRS_NOAA21.A2025227.2048.001.2025228073125.nc,2025-08-16T07:31:25.210Z,53564901,2d5042b428ebe3d820bcff0982681155
A2025227.2224,2025-08-15T22:24Z,NOAA-21 VIIRS,VJ214IMG.A2025227.2224.002.2025328074300.nc,2025-11-24T07:43:00.000Z,2.0.14,983017,7e12f3991e70d927c22385852f114725427caa66d721ce06ea4eaeea2f19a184,CLDMSK_L2_VIIRS_NOAA21.A2025227.2224.001.2025228073111.nc,2025-08-16T07:31:11.500Z,50891734,b3ccedc9b8be658ef83a2317b904886a
A2025227.2230,2025-08-15T22:30Z,NOAA-21 VIIRS,VJ214IMG.A2025227.2230.002.2025328074259.nc,2025-11-24T07:42:59.000Z,2.0.14,1215190,96e8c3e5b5f4aaee888952401524c70b317bb1ad1c8960db67f3cb945f550f04,CLDMSK_L2_VIIRS_NOAA21.A2025227.2230.001.2025228073112.nc,2025-08-16T07:31:12.910Z,56740815,5e2a7627ce4c77ee63d9cb35941476d1
A2025228.0000,2025-08-16T00:00Z,NOAA-21 VIIRS,VJ214IMG.A2025228.0000.002.2025328075958.nc,2025-11-24T07:59:58.000Z,2.0.14,1030866,d9c53ba6b64252edb02a5834413959a9f21718fe08ecb3d906638f0aca0d7dac,CLDMSK_L2_VIIRS_NOAA21.A2025228.0000.001.2025228131122.nc,2025-08-16T13:11:22.530Z,53890004,58b101700d34e73e6114443bbfe43312
A2025228.0006,2025-08-16T00:06Z,NOAA-21 VIIRS,VJ214IMG.A2025228.0006.002.2025328075957.nc,2025-11-24T07:59:57.000Z,2.0.14,655403,bab57229e58c5a8077850e1046a4c098839b86343d38e8538af54ca0bdaddbe1,CLDMSK_L2_VIIRS_NOAA21.A2025228.0006.001.2025228131127.nc,2025-08-16T13:11:27.760Z,49954281,c685ec3406c16c6cf2e22973f6c7beae
A2025228.2206,2025-08-16T22:06Z,NOAA-21 VIIRS,VJ214IMG.A2025228.2206.002.2025328075957.nc,2025-11-24T07:59:57.000Z,2.0.14,1247280,965d1a6cce4d588136f89415f938e1d5ccb88530ee3e93316e3ba4249b5339a9,CLDMSK_L2_VIIRS_NOAA21.A2025228.2206.001.2025229072222.nc,2025-08-17T07:22:22.130Z,50557844,853bc7bba25c8eded475258652d3b73d
A2025228.2212,2025-08-16T22:12Z,NOAA-21 VIIRS,VJ214IMG.A2025228.2212.002.2025328080000.nc,2025-11-24T08:00:00.000Z,2.0.14,1349120,bd59f25dea4c1af75f0f6e5a1b1e8d5134ee6e30452c8a0c5ce00d469738928a,CLDMSK_L2_VIIRS_NOAA21.A2025228.2212.001.2025229072220.nc,2025-08-17T07:22:20.550Z,58384590,9a8b91d6f4d37a6e53823a283ad56712
A2025228.2342,2025-08-16T23:42Z,NOAA-21 VIIRS,VJ214IMG.A2025228.2342.002.2025328080000.nc,2025-11-24T08:00:00.000Z,2.0.14,1015460,00a7517e498ff6e076cf93028d01e0242127d881efebe8fe193b0b827a411d45,CLDMSK_L2_VIIRS_NOAA21.A2025228.2342.001.2025229072236.nc,2025-08-17T07:22:36.160Z,53057145,a8619968d4a2454a088c88b895998486
A2025228.2348,2025-08-16T23:48Z,NOAA-21 VIIRS,VJ214IMG.A2025228.2348.002.2025328075956.nc,2025-11-24T07:59:56.000Z,2.0.14,793864,9f9777cc055324a99e26549e59eff6628326c83d5cd438b173082043fb5ebd65,CLDMSK_L2_VIIRS_NOAA21.A2025228.2348.001.2025229072235.nc,2025-08-17T07:22:35.760Z,52124983,af2b6cfeaff1493b8fb911b565fdb5b7
A2025229.2142,2025-08-17T21:42Z,NOAA-21 VIIRS,VJ214IMG.A2025229.2142.002.2025328081600.nc,2025-11-24T08:16:00.000Z,2.0.14,1014441,4286424d2bfd55109dd2618b3806ff1835bc278bb59028f3a3768c4ccbd85b51,CLDMSK_L2_VIIRS_NOAA21.A2025229.2142.001.2025230072308.nc,2025-08-18T07:23:08.690Z,53071067,30b1fa051d9839484c02b73deaae35f6
A2025229.2148,2025-08-17T21:48Z,NOAA-21 VIIRS,VJ214IMG.A2025229.2148.002.2025328081557.nc,2025-11-24T08:15:57.000Z,2.0.14,1649590,5c7da122c066662b85cde553559e7e91d0837ca6c0d6deeff20ef22a9093e32b,CLDMSK_L2_VIIRS_NOAA21.A2025229.2148.001.2025230072305.nc,2025-08-18T07:23:05.460Z,51142139,502e81582f84e5645ce82fbf175206f6
A2025229.2324,2025-08-17T23:24Z,NOAA-21 VIIRS,VJ214IMG.A2025229.2324.002.2025328081556.nc,2025-11-24T08:15:56.000Z,2.0.14,871488,29bea8719c27cd73e9293d6476d237b7b3b11182c0f2eb2c49ba86dc5e178617,CLDMSK_L2_VIIRS_NOAA21.A2025229.2324.001.2025230072252.nc,2025-08-18T07:22:52.370Z,51001873,292ca428afe389de98df1f55954cf86c
A2025229.2330,2025-08-17T23:30Z,NOAA-21 VIIRS,VJ214IMG.A2025229.2330.002.2025328081557.nc,2025-11-24T08:15:57.000Z,2.0.14,798965,e8c9399c04811619fad6fcd10cf79f2f4c94e106cf0378279f9a2b1500690b47,CLDMSK_L2_VIIRS_NOAA21.A2025229.2330.001.2025230072251.nc,2025-08-18T07:22:51.280Z,50643018,af39b40c246ac23a9b67a8d29c9bc5f0
A2025230.2124,2025-08-18T21:24Z,NOAA-21 VIIRS,VJ214IMG.A2025230.2124.002.2025328083701.nc,2025-11-24T08:37:01.000Z,2.0.14,846516,7ec0410ba07c90985ffdfb0b8485919dac6a37a5cb6990d3d797a093f16a5770,CLDMSK_L2_VIIRS_NOAA21.A2025230.2124.001.2025231073537.nc,2025-08-19T07:35:37.360Z,52227780,4b10a75e448821bd9a70f8a8bfcfbf2d
A2025230.2130,2025-08-18T21:30Z,NOAA-21 VIIRS,VJ214IMG.A2025230.2130.002.2025328083704.nc,2025-11-24T08:37:04.000Z,2.0.14,1739120,7758ff1c69ddf3c136c8db490007a4bc357675810e3b5f37afae9100f64ddbce,CLDMSK_L2_VIIRS_NOAA21.A2025230.2130.001.2025231073538.nc,2025-08-19T07:35:38.410Z,50066894,2b7e96fae676942511466156efb0ee59
A2025230.2306,2025-08-18T23:06Z,NOAA-21 VIIRS,VJ214IMG.A2025230.2306.002.2025328083704.nc,2025-11-24T08:37:04.000Z,2.0.14,757543,5005b2fdf9fc5662b7409642ebeff3fcd7350ece76aa4719f848624bfed12ad1,CLDMSK_L2_VIIRS_NOAA21.A2025230.2306.001.2025231073529.nc,2025-08-19T07:35:29.310Z,49080368,10aa68d1ea3bee5a3793c9592951d95c
A2025230.2312,2025-08-18T23:12Z,NOAA-21 VIIRS,VJ214IMG.A2025230.2312.002.2025328083706.nc,2025-11-24T08:37:06.000Z,2.0.14,1289884,2b13e838b6cacc4d7bedaab34790ae1b768f5d51efda6b0cb665611269f651e6,CLDMSK_L2_VIIRS_NOAA21.A2025230.2312.001.2025231073532.nc,2025-08-19T07:35:32.730Z,50567526,ff357ca1dbd7ae7cb6b73da4ffd3539d
A2025231.2106,2025-08-19T21:06Z,NOAA-21 VIIRS,VJ214IMG.A2025231.2106.002.2025328085242.nc,2025-11-24T08:52:42.000Z,2.0.14,874698,ffbfd67193dae43b65c4e4e6b13746339c063b48b87a8f88fe5ba7449d6583bb,CLDMSK_L2_VIIRS_NOAA21.A2025231.2106.001.2025232073618.nc,2025-08-20T07:36:18.740Z,51513810,870dbd47e6a5d1b50061880eb6ad0050
A2025231.2112,2025-08-19T21:12Z,NOAA-21 VIIRS,VJ214IMG.A2025231.2112.002.2025328085246.nc,2025-11-24T08:52:46.000Z,2.0.14,1572091,3112d17ffdff97b0d466d681ecfd45feb276b580ce0f7b9892556301a6989f74,CLDMSK_L2_VIIRS_NOAA21.A2025231.2112.001.2025232073616.nc,2025-08-20T07:36:16.840Z,48974240,a0fa59227cdbce30de8ce2f0d371313a
A2025231.2248,2025-08-19T22:48Z,NOAA-21 VIIRS,VJ214IMG.A2025231.2248.002.2025328085246.nc,2025-11-24T08:52:46.000Z,2.0.14,672620,8f10dc34b2558ccf8a4e0b90ef3febd7a4d160e99fc2f1286c9f601c03a2ea3c,CLDMSK_L2_VIIRS_NOAA21.A2025231.2248.001.2025232073603.nc,2025-08-20T07:36:03.130Z,47870120,9193e7a5bc10ed3bc83fc006a871b108
A2025231.2254,2025-08-19T22:54Z,NOAA-21 VIIRS,VJ214IMG.A2025231.2254.002.2025328085243.nc,2025-11-24T08:52:43.000Z,2.0.14,1625216,7b8fbc8b12ed6b30d4ddaa385b45b54a91fb623c563d758d74f4514660ff7666,CLDMSK_L2_VIIRS_NOAA21.A2025231.2254.001.2025232073603.nc,2025-08-20T07:36:03.810Z,53540716,bfd789dbca9c24076809e99de759571f
A2025232.2048,2025-08-20T20:48Z,NOAA-21 VIIRS,VJ214IMG.A2025232.2048.002.2025328090944.nc,2025-11-24T09:09:44.000Z,2.0.14,1165551,faa4664577a9cafa8395f27622dc5b3a1dfb412ecb9ee44083dbdf588ea11ce2,CLDMSK_L2_VIIRS_NOAA21.A2025232.2048.001.2025238184759.nc,2025-08-26T18:47:59.670Z,52189510,8713a883e5730044ed101fcf4be71040
A2025232.2054,2025-08-20T20:54Z,NOAA-21 VIIRS,VJ214IMG.A2025232.2054.002.2025328090943.nc,2025-11-24T09:09:43.000Z,2.0.14,1062119,d5a205196bfb24ae075e17e9b26a8c9f71f20f8c20a461458fb11b0c99abc074,CLDMSK_L2_VIIRS_NOAA21.A2025232.2054.001.2025238184741.nc,2025-08-26T18:47:41.240Z,51455202,0f377612120900baad6cbc8dfb9524f2
A2025232.2230,2025-08-20T22:30Z,NOAA-21 VIIRS,VJ214IMG.A2025232.2230.002.2025328090945.nc,2025-11-24T09:09:45.000Z,2.0.14,779439,58b7c8f55785aaf1395c41d5f9ced048d5a6a4b403f0d42734d3c92a53510fcc,CLDMSK_L2_VIIRS_NOAA21.A2025232.2230.001.2025238184844.nc,2025-08-26T18:48:44.570Z,48982158,c0dd5c00bef0f9d13d6ae48fae4841a0
A2025232.2236,2025-08-20T22:36Z,NOAA-21 VIIRS,VJ214IMG.A2025232.2236.002.2025328090945.nc,2025-11-24T09:09:45.000Z,2.0.14,1316434,c310f3fda64b6947ec5081d533030552b1729376486ac91acc7c75760c94299c,CLDMSK_L2_VIIRS_NOAA21.A2025232.2236.001.2025238184811.nc,2025-08-26T18:48:11.050Z,51547752,fef73e75ae13c2ecd8d2f6a31d962079
A2025233.2212,2025-08-21T22:12Z,NOAA-21 VIIRS,VJ214IMG.A2025233.2212.002.2025328092617.nc,2025-11-24T09:26:17.000Z,2.0.14,836726,d70aa1ebdbc9c1016779337d679e1ccc74304851f723acaa3b4bee6b07fd28ab,CLDMSK_L2_VIIRS_NOAA21.A2025233.2212.001.2025238183800.nc,2025-08-26T18:38:00.040Z,48785360,3b5207981a72598c393f04002a7e3b01
A2025233.2218,2025-08-21T22:18Z,NOAA-21 VIIRS,VJ214IMG.A2025233.2218.002.2025328092616.nc,2025-11-24T09:26:16.000Z,2.0.14,815984,74a1c6260b803779814b98ae000e1cf52723eb049f58613a6ba8ad1a490e652a,CLDMSK_L2_VIIRS_NOAA21.A2025233.2218.001.2025238183749.nc,2025-08-26T18:37:49.350Z,56226322,d935c8e2ef8c856bf97cc78fa4b9cdc9
A2025233.2348,2025-08-21T23:48Z,NOAA-21 VIIRS,VJ214IMG.A2025233.2348.002.2025328092618.nc,2025-11-24T09:26:18.000Z,2.0.14,1125643,3b8b40054530b363217cb51a6b112d875afb538a03c26a55c0133ffaa0927ff6,CLDMSK_L2_VIIRS_NOAA21.A2025233.2348.001.2025238183749.nc,2025-08-26T18:37:49.100Z,54882510,a0b2578aed1010dd1ea46f57469aa33e
A2025233.2354,2025-08-21T23:54Z,NOAA-21 VIIRS,VJ214IMG.A2025233.2354.002.2025328092616.nc,2025-11-24T09:26:16.000Z,2.0.14,611183,883c0eabf8f4d53fb851fc2e6c214621039dcff84ef96d36c6466249d363e830,CLDMSK_L2_VIIRS_NOAA21.A2025233.2354.001.2025238184744.nc,2025-08-26T18:47:44.480Z,47786815,6c8dbd142cfe33ab837b26f227fc752e
A2025234.2148,2025-08-22T21:48Z,NOAA-21 VIIRS,VJ214IMG.A2025234.2148.002.2025328094445.nc,2025-11-24T09:44:45.000Z,2.0.14,1052086,729f8ac8682c712d165967779eb89326685d712517f6281ae9792ac7041dd901,CLDMSK_L2_VIIRS_NOAA21.A2025234.2148.001.2025238184844.nc,2025-08-26T18:48:44.250Z,53274399,08247a8af8cda3d8dec1e7a7bdd84fb3
A2025234.2154,2025-08-22T21:54Z,NOAA-21 VIIRS,VJ214IMG.A2025234.2154.002.2025328094443.nc,2025-11-24T09:44:43.000Z,2.0.14,863417,2bdbc506dadab06fda038da3b6fd85cdc6a48c9233e89092f469b2ae3b9efa2f,CLDMSK_L2_VIIRS_NOAA21.A2025234.2154.001.2025238184754.nc,2025-08-26T18:47:54.980Z,51115419,82df69a9db5b931115b15af261f7eded
A2025234.2200,2025-08-22T22:00Z,NOAA-21 VIIRS,VJ214IMG.A2025234.2200.002.2025328094442.nc,2025-11-24T09:44:42.000Z,2.0.14,640137,06177adac9ace3390774003a7babf276e53f2561b7e09f36868fef3ea86da7d9,CLDMSK_L2_VIIRS_NOAA21.A2025234.2200.001.2025238184912.nc,2025-08-26T18:49:12.570Z,60949905,4d16fec9de37d4eb366bf1dc0804d468
A2025234.2330,2025-08-22T23:30Z,NOAA-21 VIIRS,VJ214IMG.A2025234.2330.002.2025328094444.nc,2025-11-24T09:44:44.000Z,2.0.14,890514,676a7bf6d7f6bebffed0729175fed3d3f4a3f8f5e106b386857d1c05a7093a25,CLDMSK_L2_VIIRS_NOAA21.A2025234.2330.001.2025238184850.nc,2025-08-26T18:48:50.150Z,51001810,2a8192ec15396fa93d010e315740cd9d
A2025234.2336,2025-08-22T23:36Z,NOAA-21 VIIRS,VJ214IMG.A2025234.2336.002.2025328094444.nc,2025-11-24T09:44:44.000Z,2.0.14,933922,a8b20f8a9bb010321514309d7fca8705ae32e6860d95d692392c933bfbae6d37,CLDMSK_L2_VIIRS_NOAA21.A2025234.2336.001.2025238184908.nc,2025-08-26T18:49:08.380Z,51281874,57565ca17de5b88cb7bef94d8bf4e93a
A2025235.2130,2025-08-23T21:30Z,NOAA-21 VIIRS,VJ214IMG.A2025235.2130.002.2025328100120.nc,2025-11-24T10:01:20.000Z,2.0.14,940494,d383611597ad1cc14f12264a9e4dcd36f9577148dd7ef0445d8846fb053118bf,CLDMSK_L2_VIIRS_NOAA21.A2025235.2130.001.2025238184806.nc,2025-08-26T18:48:06.250Z,50388201,12778579f90891538f3f1d29b9a2bfc0
A2025235.2136,2025-08-23T21:36Z,NOAA-21 VIIRS,VJ214IMG.A2025235.2136.002.2025328100121.nc,2025-11-24T10:01:21.000Z,2.0.14,780154,043f1d1c2e4777874c8c77a4a86d2a28fa35538a097944c94cf8d614bdac8ed6,CLDMSK_L2_VIIRS_NOAA21.A2025235.2136.001.2025238184827.nc,2025-08-26T18:48:27.980Z,52276850,e85d705e46f55104ecb7bc75e116d58b
A2025235.2312,2025-08-23T23:12Z,NOAA-21 VIIRS,VJ214IMG.A2025235.2312.002.2025328100121.nc,2025-11-24T10:01:21.000Z,2.0.14,824226,def736b587c3b6a1365b522bdb17c495bacaf7f4b729ce0e638a75287da28ae6,CLDMSK_L2_VIIRS_NOAA21.A2025235.2312.001.2025238184831.nc,2025-08-26T18:48:31.320Z,50345874,0ec494b3dead4e7d884d24fe05489d7b
A2025235.2318,2025-08-23T23:18Z,NOAA-21 VIIRS,VJ214IMG.A2025235.2318.002.2025328100116.nc,2025-11-24T10:01:16.000Z,2.0.14,1405592,061f2dfd36efd71f65eb43234c0da689f77efcca0e856c511bc4c4c4a96f21f7,CLDMSK_L2_VIIRS_NOAA21.A2025235.2318.001.2025238184834.nc,2025-08-26T18:48:34.100Z,50701371,6d85b18f94e4f610595d54ec5715cba2
A2025236.2112,2025-08-24T21:12Z,NOAA-21 VIIRS,VJ214IMG.A2025236.2112.002.2025328101748.nc,2025-11-24T10:17:48.000Z,2.0.14,885717,1ccc8a8c4456be83d45297c84295393f49fe3d0fee5b68ca8d1fa4a985fc64fc,CLDMSK_L2_VIIRS_NOAA21.A2025236.2112.001.2025238184756.nc,2025-08-26T18:47:56.970Z,49276458,ee72131032cf71b90cf14618cb00967b
A2025236.2118,2025-08-24T21:18Z,NOAA-21 VIIRS,VJ214IMG.A2025236.2118.002.2025328101750.nc,2025-11-24T10:17:50.000Z,2.0.14,865132,c934d16757c5ee83d9bf8be1ab11cc207e77723312c7422c694c2ad8f7291c31,CLDMSK_L2_VIIRS_NOAA21.A2025236.2118.001.2025238184753.nc,2025-08-26T18:47:53.950Z,55042734,a5d71bd2f3a1f4425b4a32f7d7e0f998
A2025236.2254,2025-08-24T22:54Z,NOAA-21 VIIRS,VJ214IMG.A2025236.2254.002.2025328101751.nc,2025-11-24T10:17:51.000Z,2.0.14,718387,5c74d14a475fcf876ed4c6f67a84984f31a310357bf8a4eb5d3663a8dbfaf1cf,CLDMSK_L2_VIIRS_NOAA21.A2025236.2254.001.2025238185743.nc,2025-08-26T18:57:43.340Z,48719171,fa52e1a68a621a08740cd5bfa8f89794
A2025236.2300,2025-08-24T23:00Z,NOAA-21 VIIRS,VJ214IMG.A2025236.2300.002.2025328101748.nc,2025-11-24T10:17:48.000Z,2.0.14,1673174,c27452746461005436037c3e42f73b8d5887d407475dd99e9715126ef935aa66,CLDMSK_L2_VIIRS_NOAA21.A2025236.2300.001.2025238184853.nc,2025-08-26T18:48:53.710Z,53847209,9107e308e4196224133c248059a10b2a
A2025237.2054,2025-08-25T20:54Z,NOAA-21 VIIRS,VJ214IMG.A2025237.2054.002.2025328103351.nc,2025-11-24T10:33:51.000Z,2.0.14,947389,36da9fd698ffa6c295656460938059fd9d6a0be98a7a03a47e7361974db54886,CLDMSK_L2_VIIRS_NOAA21.A2025237.2054.001.2025238184814.nc,2025-08-26T18:48:14.600Z,50456391,dc60584c526bae9fc370f55e259d75d7
A2025237.2100,2025-08-25T21:00Z,NOAA-21 VIIRS,VJ214IMG.A2025237.2100.002.2025328103353.nc,2025-11-24T10:33:53.000Z,2.0.14,893758,341107e4750f945a3de8ae8144ab9e4369fb3df9ff7da049038782652ca464b9,CLDMSK_L2_VIIRS_NOAA21.A2025237.2100.001.2025238184809.nc,2025-08-26T18:48:09.920Z,54781917,571f71df6430120d86ea5ae4be88db29
A2025237.2236,2025-08-25T22:36Z,NOAA-21 VIIRS,VJ214IMG.A2025237.2236.002.2025328103353.nc,2025-11-24T10:33:53.000Z,2.0.14,752381,6f80ee528e77cd1e9a5b95d5f3acfc8e6e8ab2b8f05a6ac9b320d55e121b7223,CLDMSK_L2_VIIRS_NOAA21.A2025237.2236.001.2025238184834.nc,2025-08-26T18:48:34.620Z,48785966,d1a839b932f9e0c45d6c9aa27220dfae
A2025237.2242,2025-08-25T22:42Z,NOAA-21 VIIRS,VJ214IMG.A2025237.2242.002.2025328103355.nc,2025-11-24T10:33:55.000Z,2.0.14,1330770,8f6c063d22f503f73d5e5f8cf5715f66283b3a92a2f4475791f44faa9abc93e6,CLDMSK_L2_VIIRS_NOAA21.A2025237.2242.001.2025238184806.nc,2025-08-26T18:48:06.660Z,55599350,d212cd76fa6c6c8af6aeece24b702e52
A2025238.2042,2025-08-26T20:42Z,NOAA-21 VIIRS,VJ214IMG.A2025238.2042.002.2025328105022.nc,2025-11-24T10:50:22.000Z,2.0.14,1432330,da815a46229fc12f17a89b6f27525421eb7036761606c2e52aa52c3138207853,CLDMSK_L2_VIIRS_NOAA21.A2025238.2042.001.2025239072739.nc,2025-08-27T07:27:39.280Z,53754324,48ae29bfa5d2d03f8e99e47ee033c1ab
A2025238.2218,2025-08-26T22:18Z,NOAA-21 VIIRS,VJ214IMG.A2025238.2218.002.2025328105023.nc,2025-11-24T10:50:23.000Z,2.0.14,865480,a869541601a969159fe82eb51f64e5d939d8a91e1313f1511f5e28e8a20bfe7a,CLDMSK_L2_VIIRS_NOAA21.A2025238.2218.001.2025239072743.nc,2025-08-27T07:27:43.670Z,49395208,b4a15c1533014df5890d65a59118579e
A2025238.2224,2025-08-26T22:24Z,NOAA-21 VIIRS,VJ214IMG.A2025238.2224.002.2025328105026.nc,2025-11-24T10:50:26.000Z,2.0.14,1340549,4809e8a6670ed707aec73c6b2db2dbeb8fe85afd4f879c40c7c59855066641f7,CLDMSK_L2_VIIRS_NOAA21.A2025238.2224.001.2025239072737.nc,2025-08-27T07:27:37.710Z,57025387,8c8049926d1fd589b69f05bfb4bd2471
A2025238.2354,2025-08-26T23:54Z,NOAA-21 VIIRS,VJ214IMG.A2025238.2354.002.2025328105024.nc,2025-11-24T10:50:24.000Z,2.0.14,1055897,79f9a885f7ef437b5bf3c828b675d201113bb7a2b76bec809a0a4560d5c28f05,CLDMSK_L2_VIIRS_NOAA21.A2025238.2354.001.2025239072751.nc,2025-08-27T07:27:51.240Z,55405333,adef04ecfeeee0572fd17921b2cb3d02
A2025239.0000,2025-08-27T00:00Z,NOAA-21 VIIRS,VJ214IMG.A2025239.0000.002.2025328110924.nc,2025-11-24T11:09:24.000Z,2.0.14,800144,4adea40e38c265eef021f306361c0a5af6e84385c647f91b5d3fc3a87590035f,CLDMSK_L2_VIIRS_NOAA21.A2025239.0000.001.2025239131803.nc,2025-08-27T13:18:03.750Z,48777576,e095e1cf5e6105565a688faf406d0371
A2025239.2200,2025-08-27T22:00Z,NOAA-21 VIIRS,VJ214IMG.A2025239.2200.002.2025328110947.nc,2025-11-24T11:09:47.000Z,2.0.14,790035,41bd657913382afa167d035bafafb38c1999d31840d9788ee53c1c1a4d4519d4,CLDMSK_L2_VIIRS_NOAA21.A2025239.2200.001.2025240072823.nc,2025-08-28T07:28:23.510Z,50369304,2e1276c40e79b0057c7f94303a6a40f3
A2025239.2206,2025-08-27T22:06Z,NOAA-21 VIIRS,VJ214IMG.A2025239.2206.002.2025328110946.nc,2025-11-24T11:09:46.000Z,2.0.14,699272,2e63ec54d88943ca2bae86e4a642c6af4beb05ee043b080442fb947b86adeada,CLDMSK_L2_VIIRS_NOAA21.A2025239.2206.001.2025240072824.nc,2025-08-28T07:28:24.200Z,58621441,a281fe25fc27c7d30c93089a4c5ea07f
A2025239.2336,2025-08-27T23:36Z,NOAA-21 VIIRS,VJ214IMG.A2025239.2336.002.2025328110951.nc,2025-11-24T11:09:51.000Z,2.0.14,859199,59509f0e9387be1683b1251e33962db3a54bf461a0a7be98706b366959a00aa7,CLDMSK_L2_VIIRS_NOAA21.A2025239.2336.001.2025240072811.nc,2025-08-28T07:28:11.600Z,52247054,adcd3bcdee5177f8fdbd2586a582d49a
A2025239.2342,2025-08-27T23:42Z,NOAA-21 VIIRS,VJ214IMG.A2025239.2342.002.2025328110950.nc,2025-11-24T11:09:50.000Z,2.0.14,791249,6f704caa09490bb8da9d59f77cc9f6b37bf190918a12ef64835ab9e4467cdfbc,CLDMSK_L2_VIIRS_NOAA21.A2025239.2342.001.2025240072816.nc,2025-08-28T07:28:16.330Z,49890650,7138baff51c21aaa269355ac90fea9af
A2025240.2136,2025-08-28T21:36Z,NOAA-21 VIIRS,VJ214IMG.A2025240.2136.002.2025328112601.nc,2025-11-24T11:26:01.000Z,2.0.14,803399,00f8c66a295897b949185f4011b8d47213da66ad81d4da1f2d569fc77c76ba01,CLDMSK_L2_VIIRS_NOAA21.A2025240.2136.001.2025241073929.nc,2025-08-29T07:39:29.940Z,49070091,70f3c935629ba1a18205271ff6b11a4d
A2025240.2142,2025-08-28T21:42Z,NOAA-21 VIIRS,VJ214IMG.A2025240.2142.002.2025328112601.nc,2025-11-24T11:26:01.000Z,2.0.14,891336,3a146523043ca01a8495c75db2b7a56fbed932ea8e5bcaf9c0fffa7739fb2fa1,CLDMSK_L2_VIIRS_NOAA21.A2025240.2142.001.2025241073930.nc,2025-08-29T07:39:30.910Z,50578743,bd54b0568ad1d36736213b626ad7fa75
A2025240.2318,2025-08-28T23:18Z,NOAA-21 VIIRS,VJ214IMG.A2025240.2318.002.2025328112558.nc,2025-11-24T11:25:58.000Z,2.0.14,699450,41376d738896ca995a97ee9a6e55f394968452d987266094c207973a9b370cc9,CLDMSK_L2_VIIRS_NOAA21.A2025240.2318.001.2025241073910.nc,2025-08-29T07:39:10.530Z,48940841,6fb021ad244beb1857a75922ba8ef96c
A2025240.2324,2025-08-28T23:24Z,NOAA-21 VIIRS,VJ214IMG.A2025240.2324.002.2025328112600.nc,2025-11-24T11:26:00.000Z,2.0.14,1156522,60b67304306da39252335f99ea0157b73a55d6573260e2c18923b97bd0da7a3a,CLDMSK_L2_VIIRS_NOAA21.A2025240.2324.001.2025241073910.nc,2025-08-29T07:39:10.420Z,53143603,c2e3a4526adf3b611be381f7fc25676c
A2025241.2118,2025-08-29T21:18Z,NOAA-21 VIIRS,VJ214IMG.A2025241.2118.002.2025328114354.nc,2025-11-24T11:43:54.000Z,2.0.14,884771,e5c4f570a7a2d787141ee73cb50521e022b6bedfdf9a2711d69093d606c70263,CLDMSK_L2_VIIRS_NOAA21.A2025241.2118.001.2025242073128.nc,2025-08-30T07:31:28.940Z,48896747,d604fa59352c0752bb1b1401c8da59e5
A2025241.2124,2025-08-29T21:24Z,NOAA-21 VIIRS,VJ214IMG.A2025241.2124.002.2025328114353.nc,2025-11-24T11:43:53.000Z,2.0.14,1199417,09fca339a1eb57540c15bc5701bd969da022724e58f39c5956fb30409278f5e2,CLDMSK_L2_VIIRS_NOAA21.A2025241.2124.001.2025242073139.nc,2025-08-30T07:31:39.020Z,52713981,03e9ba369977e9032f95cf969a0cf57d
A2025241.2300,2025-08-29T23:00Z,NOAA-21 VIIRS,VJ214IMG.A2025241.2300.002.2025328114354.nc,2025-11-24T11:43:54.000Z,2.0.14,631250,5005bb36c7e142b4230d73b9f15e74341531f6b282bedcb2c67db3cc57615abf,CLDMSK_L2_VIIRS_NOAA21.A2025241.2300.001.2025242073028.nc,2025-08-30T07:30:28.340Z,46178765,0cdd935c113abe99ac19fb9ee9fcbd0f
A2025241.2306,2025-08-29T23:06Z,NOAA-21 VIIRS,VJ214IMG.A2025241.2306.002.2025328114353.nc,2025-11-24T11:43:53.000Z,2.0.14,1208044,ead1acfa574bac73ed820c517f3f6192cab324bfb7dc8f34be5504430a3335e0,CLDMSK_L2_VIIRS_NOAA21.A2025241.2306.001.2025242073028.nc,2025-08-30T07:30:28.400Z,54634786,becc09289b38a77d4108226a853abc00
A2025242.2100,2025-08-30T21:00Z,NOAA-21 VIIRS,VJ214IMG.A2025242.2100.002.2025328120155.nc,2025-11-24T12:01:55.000Z,2.0.14,1181843,29bfb6ef7a4e442147df1fb5e33d9068bbd144d7ce00d16da61dc175318b8ac8,CLDMSK_L2_VIIRS_NOAA21.A2025242.2100.001.2025243073128.nc,2025-08-31T07:31:28.170Z,49975136,02baa43cc869c0010ba8bf6f880a8458
A2025242.2106,2025-08-30T21:06Z,NOAA-21 VIIRS,VJ214IMG.A2025242.2106.002.2025328120153.nc,2025-11-24T12:01:53.000Z,2.0.14,1166209,823e2c7872b06338905d7a3ddbcd1a784dc2cec2a6de20ccd40b90f6fd5610ec,CLDMSK_L2_VIIRS_NOAA21.A2025242.2106.001.2025243073148.nc,2025-08-31T07:31:48.360Z,53781696,0e320fc2a266bc6af8e8f6b5e971e0b0
A2025242.2242,2025-08-30T22:42Z,NOAA-21 VIIRS,VJ214IMG.A2025242.2242.002.2025328120153.nc,2025-11-24T12:01:53.000Z,2.0.14,598994,8da1e5cdeedc46fcfe0430742af92b249358daf81851eb0f6f2a6fcd66010dc9,CLDMSK_L2_VIIRS_NOAA21.A2025242.2242.001.2025243073333.nc,2025-08-31T07:33:33.320Z,46900178,33eab58067b8559f5d45842f313810e4
A2025242.2248,2025-08-30T22:48Z,NOAA-21 VIIRS,VJ214IMG.A2025242.2248.002.2025328120156.nc,2025-11-24T12:01:56.000Z,2.0.14,1481698,f458f2eef7c9d83c498d6a3cbc7e416fb67db3d3a1a8338f37ca8900fd4f183b,CLDMSK_L2_VIIRS_NOAA21.A2025242.2248.001.2025243073138.nc,2025-08-31T07:31:38.320Z,54909651,d46f726959473a5eb2ceb39b400d147e
A2025243.2042,2025-08-31T20:42Z,NOAA-21 VIIRS,VJ214IMG.A2025243.2042.002.2025328121925.nc,2025-11-24T12:19:25.000Z,2.0.14,1336500,45bfad444a3ca7e33bce7551f1637548647c9ec2fba891501a069d263e408136,CLDMSK_L2_VIIRS_NOAA21.A2025243.2042.001.2025244073242.nc,2025-09-01T07:32:42.750Z,50951908,a647bc0662c18caf1eab2e685ecf507e
A2025243.2048,2025-08-31T20:48Z,NOAA-21 VIIRS,VJ214IMG.A2025243.2048.002.2025328121925.nc,2025-11-24T12:19:25.000Z,2.0.14,1247793,7ea31ca4952e0fbf7eb56222b34834aa13b0e1c7093c02f65b7ec65440021c19,CLDMSK_L2_VIIRS_NOAA21.A2025243.2048.001.2025244073354.nc,2025-09-01T07:33:54.030Z,53896900,016d1085a52d46b6f879b110232fefd3
A2025243.2224,2025-08-31T22:24Z,NOAA-21 VIIRS,VJ214IMG.A2025243.2224.002.2025328121921.nc,2025-11-24T12:19:21.000Z,2.0.14,579378,fffedfd549c4d547e25be93335e6cd6ead0057a5cd906556734591e5f1163494,CLDMSK_L2_VIIRS_NOAA21.A2025243.2224.001.2025244073340.nc,2025-09-01T07:33:40.430Z,46986219,010a0282b600b66e83a6e6e8c47510ea
A2025243.2230,2025-08-31T22:30Z,NOAA-21 VIIRS,VJ214IMG.A2025243.2230.002.2025328121923.nc,2025-11-24T12:19:23.000Z,2.0.14,1163681,4b4f09cc5eb017c41c2295d0cabaaa4c119860711717e05261f1a30323502118,CLDMSK_L2_VIIRS_NOAA21.A2025243.2230.001.2025244073325.nc,2025-09-01T07:33:25.220Z,56125670,3292e9a327b24d8a457b4365473e50df
A2025244.0000,2025-09-01T00:00Z,NOAA-21 VIIRS,VJ214IMG.A2025244.0000.002.2025329042322.nc,2025-11-25T04:23:22.000Z,2.0.14,1137867,a67581034f052de9bf26351c78c54893e16a5b5677590e9b5cfd70a5c05608fc,CLDMSK_L2_VIIRS_NOAA21.A2025244.0000.001.2025244131154.nc,2025-09-01T13:11:54.130Z,55283205,3b6232621333f677d816a2a225fd8bbb
A2025244.0006,2025-09-01T00:06Z,NOAA-21 VIIRS,VJ214IMG.A2025244.0006.002.2025329042321.nc,2025-11-25T04:23:21.000Z,2.0.14,565466,3dd946d9d778f77cd4851556de645dd3c73f7b66421c280e50c60d8f7c70f780,CLDMSK_L2_VIIRS_NOAA21.A2025244.0006.001.2025244131153.nc,2025-09-01T13:11:53.870Z,48622182,5acac90889356c604015bd1cc5b33fb1
A2025244.2206,2025-09-01T22:06Z,NOAA-21 VIIRS,VJ214IMG.A2025244.2206.002.2025329042322.nc,2025-11-25T04:23:22.000Z,2.0.14,580177,e9c46d63eb8ae7e96ca0ab4e14c5ebb6e6466661582c5c686a33bc89ca1c51f4,CLDMSK_L2_VIIRS_NOAA21.A2025244.2206.001.2025245074348.nc,2025-09-02T07:43:48.920Z,48008950,851c1eccb3993da2fd2143016e823bfb
A2025244.2212,2025-09-01T22:12Z,NOAA-21 VIIRS,VJ214IMG.A2025244.2212.002.2025329042324.nc,2025-11-25T04:23:24.000Z,2.0.14,749404,145f53d1f0049fbd3b7da565fc4fe7a0d16256e2512d3f6fbd243450c6aff015,CLDMSK_L2_VIIRS_NOAA21.A2025244.2212.001.2025245074403.nc,2025-09-02T07:44:03.820Z,59768588,120b5ba6dc9746c72399afcf77977a70
A2025244.2342,2025-09-01T23:42Z,NOAA-21 VIIRS,VJ214IMG.A2025244.2342.002.2025329042323.nc,2025-11-25T04:23:23.000Z,2.0.14,911388,6d8f60b9fb60cc8270527bc625030273d2e33a9f853989f0d5c14b7a4a5738f8,CLDMSK_L2_VIIRS_NOAA21.A2025244.2342.001.2025245074223.nc,2025-09-02T07:42:23.250Z,52267979,c8591f3c273fd7f00a64bb37b277dab6
A2025244.2348,2025-09-01T23:48Z,NOAA-21 VIIRS,VJ214IMG.A2025244.2348.002.2025329042324.nc,2025-11-25T04:23:24.000Z,2.0.14,856816,f2b8a82c2e7eb49cbb7cd4fc3e4ff70233f55cfb37b8e8a192a43d04205dba95,CLDMSK_L2_VIIRS_NOAA21.A2025244.2348.001.2025245074228.nc,2025-09-02T07:42:28.160Z,49722015,ea6f4f0b45087f758a0d093f32629d7b
A2025245.2142,2025-09-02T21:42Z,NOAA-21 VIIRS,VJ214IMG.A2025245.2142.002.2025329043752.nc,2025-11-25T04:37:52.000Z,2.0.14,982138,6c9fa35c134ae843a51b4fbd37a77e5e8fc841ef5a4f44ea5ee34190ad8d0163,CLDMSK_L2_VIIRS_NOAA21.A2025245.2142.001.2025246072612.nc,2025-09-03T07:26:12.040Z,51752096,8dcbf4d931dc1e81695c6677e390b604
A2025245.2148,2025-09-02T21:48Z,NOAA-21 VIIRS,VJ214IMG.A2025245.2148.002.2025329043754.nc,2025-11-25T04:37:54.000Z,2.0.14,681521,f11f19d49ff898acc2e416a07ec94b18a11ffecbf49f2430e0780825aed3acc8,CLDMSK_L2_VIIRS_NOAA21.A2025245.2148.001.2025246072707.nc,2025-09-03T07:27:07.770Z,50970293,86f78ba86f49063219af165ee7f6eb31
A2025245.2324,2025-09-02T23:24Z,NOAA-21 VIIRS,VJ214IMG.A2025245.2324.002.2025329043753.nc,2025-11-25T04:37:53.000Z,2.0.14,956199,0f934feae8b359bb0179d33b4f96ddc91782c591e92a6f8d4e0ddd163f7fcc8a,CLDMSK_L2_VIIRS_NOAA21.A2025245.2324.001.2025246072354.nc,2025-09-03T07:23:54.280Z,51128214,0ad83ed1b3522fdcabcac45fb55083b6
A2025245.2330,2025-09-02T23:30Z,NOAA-21 VIIRS,VJ214IMG.A2025245.2330.002.2025329043756.nc,2025-11-25T04:37:56.000Z,2.0.14,766014,a4a8f7169880043701d8dde7d95d0f079dfacee32c2777761b12328651cb56be,CLDMSK_L2_VIIRS_NOAA21.A2025245.2330.001.2025246072348.nc,2025-09-03T07:23:48.760Z,50671729,ea48f2faa86131b49ca8cdb8a15828b8
A2025246.2124,2025-09-03T21:24Z,NOAA-21 VIIRS,VJ214IMG.A2025246.2124.002.2025329050022.nc,2025-11-25T05:00:22.000Z,2.0.14,932978,d0c9ff0879730c50768a522a6a4f1670f96de01fcaf6c3e630b22a5d12457686,CLDMSK_L2_VIIRS_NOAA21.A2025246.2124.001.2025247072558.nc,2025-09-04T07:25:58.570Z,51673601,80cd35a5aec445134c5f58ec29f8b6a2
A2025246.2130,2025-09-03T21:30Z,NOAA-21 VIIRS,VJ214IMG.A2025246.2130.002.2025329050023.nc,2025-11-25T05:00:23.000Z,2.0.14,948879,12abe13ffe19654e2f0fc0b28bc67b5c56cdcf0d6c229a37378f998c96e5bd1c,CLDMSK_L2_VIIRS_NOAA21.A2025246.2130.001.2025247072617.nc,2025-09-04T07:26:17.470Z,54521134,15aacdfbf69f9ec2300ac0cbdfd5c36f
A2025246.2306,2025-09-03T23:06Z,NOAA-21 VIIRS,VJ214IMG.A2025246.2306.002.2025329050025.nc,2025-11-25T05:00:25.000Z,2.0.14,868229,47528f8e8354dc1ad3b40be8ca95d462c2da3f06e1e77542814f2ddf1a1b73a3,CLDMSK_L2_VIIRS_NOAA21.A2025246.2306.001.2025247072406.nc,2025-09-04T07:24:06.550Z,50484748,fbc50c659523e8302c21522f252d42f1
A2025246.2312,2025-09-03T23:12Z,NOAA-21 VIIRS,VJ214IMG.A2025246.2312.002.2025329050023.nc,2025-11-25T05:00:23.000Z,2.0.14,1005699,dd672cdd309801d920884be03996dfe2777ab6c22b6d692ce81eb19f0794288c,CLDMSK_L2_VIIRS_NOAA21.A2025246.2312.001.2025247072628.nc,2025-09-04T07:26:28.330Z,50457748,2f028d08ec1299167f64719e30fb9be0
A2025247.2106,2025-09-04T21:06Z,NOAA-21 VIIRS,VJ214IMG.A2025247.2106.002.2025329052103.nc,2025-11-25T05:21:03.000Z,2.0.14,852750,252c100125bc7ef24dbb43be17c252fb773f33f8ed7c8b518bd8cea15b52aab9,CLDMSK_L2_VIIRS_NOAA21.A2025247.2106.001.2025248073813.nc,2025-09-05T07:38:13.420Z,50575287,c2cb6d7a3c9502428827cd258eb3155a
A2025247.2112,2025-09-04T21:12Z,NOAA-21 VIIRS,VJ214IMG.A2025247.2112.002.2025329052105.nc,2025-11-25T05:21:05.000Z,2.0.14,801014,72654eb29402f7f9c21f377a842d0b5ca8534c78c05d577c2713d96876992df8,CLDMSK_L2_VIIRS_NOAA21.A2025247.2112.001.2025248073729.nc,2025-09-05T07:37:29.010Z,53972202,c6a197cc736f5b7b9d83358e33f6ae2f
A2025247.2248,2025-09-04T22:48Z,NOAA-21 VIIRS,VJ214IMG.A2025247.2248.002.2025329052104.nc,2025-11-25T05:21:04.000Z,2.0.14,804970,e950c44ca792207e873e52e4962cb6f8dc44fafe59d5ce599ba66ca7b8d33277,CLDMSK_L2_VIIRS_NOAA21.A2025247.2248.001.2025248073621.nc,2025-09-05T07:36:21.840Z,49968249,415bc41cdfc2c49e8521e499a47ad4b6
A2025247.2254,2025-09-04T22:54Z,NOAA-21 VIIRS,VJ214IMG.A2025247.2254.002.2025329052104.nc,2025-11-25T05:21:04.000Z,2.0.14,954342,ed081af1b226092a2b3831cf02004a9f4ae780426f95ccca05423fc212171f5f,CLDMSK_L2_VIIRS_NOAA21.A2025247.2254.001.2025248073616.nc,2025-09-05T07:36:16.840Z,52167308,6b61b95111fc5a2bc3efd3de009d12d8
A2025248.2048,2025-09-05T20:48Z,NOAA-21 VIIRS,VJ214IMG.A2025248.2048.002.2025329054629.nc,2025-11-25T05:46:29.000Z,2.0.14,1198539,b78db83408196399125b0f0165a3da573d3b43626a6641afa589994b29d9e7fa,CLDMSK_L2_VIIRS_NOAA21.A2025248.2048.001.2025249072801.nc,2025-09-06T07:28:01.710Z,53221712,28e2a0ea5ed3f5c7f0fa4f1300ca7306
A2025248.2054,2025-09-05T20:54Z,NOAA-21 VIIRS,VJ214IMG.A2025248.2054.002.2025329054627.nc,2025-11-25T05:46:27.000Z,2.0.14,1003161,29e4dc70ed006b1b1e745b5d0c8633dea9675deaf6e072ee42556d9a3bae2096,CLDMSK_L2_VIIRS_NOAA21.A2025248.2054.001.2025249072801.nc,2025-09-06T07:28:01.760Z,54816946,fa87fe549d4247565d76454c13b97327
A2025248.2230,2025-09-05T22:30Z,NOAA-21 VIIRS,VJ214IMG.A2025248.2230.002.2025329054628.nc,2025-11-25T05:46:28.000Z,2.0.14,682478,a04924f056b84828bdc399a4e26e6b2f24d6bd96baf9e55d26938a19aed567cc,CLDMSK_L2_VIIRS_NOAA21.A2025248.2230.001.2025249072756.nc,2025-09-06T07:27:56.760Z,48734529,459b3d76b538bb6596fd645ca729a678
A2025248.2236,2025-09-05T22:36Z,NOAA-21 VIIRS,VJ214IMG.A2025248.2236.002.2025329054631.nc,2025-11-25T05:46:31.000Z,2.0.14,1198711,e2bf1ef540f85c591f053b3cbb46ba095adf12e4b2fdf8349b36711739fbaca6,CLDMSK_L2_VIIRS_NOAA21.A2025248.2236.001.2025249072942.nc,2025-09-06T07:29:42.320Z,53583228,89774275221ee756b85ee28f1ca15850
A2025249.2212,2025-09-06T22:12Z,NOAA-21 VIIRS,VJ214IMG.A2025249.2212.002.2025329060332.nc,2025-11-25T06:03:32.000Z,2.0.14,638328,e308db3c90c7acd01fec8f49ee116f063be71edf4b0dafed000272da4daa0574,CLDMSK_L2_VIIRS_NOAA21.A2025249.2212.001.2025250072852.nc,2025-09-07T07:28:52.820Z,48528782,fa624c1a8c5449e54f81d40f701f7f02
A2025249.2218,2025-09-06T22:18Z,NOAA-21 VIIRS,VJ214IMG.A2025249.2218.002.2025329060332.nc,2025-11-25T06:03:32.000Z,2.0.14,913226,94d6d825b5ac7d203468dd51b90ef3a3353790fa7dc1b0a15e699d79586be25e,CLDMSK_L2_VIIRS_NOAA21.A2025249.2218.001.2025250072852.nc,2025-09-07T07:28:52.320Z,59037202,e47229727b00df235522c0f4c0d6f984
A2025249.2348,2025-09-06T23:48Z,NOAA-21 VIIRS,VJ214IMG.A2025249.2348.002.2025329060329.nc,2025-11-25T06:03:29.000Z,2.0.14,985177,00775a5094943796cfe52f4b077a27e902cf2c07f4d605ec092af83c52a5815d,CLDMSK_L2_VIIRS_NOAA21.A2025249.2348.001.2025250072840.nc,2025-09-07T07:28:40.230Z,53586536,81e2243d02b105bd5a53e30810ef7f9d
A2025249.2354,2025-09-06T23:54Z,NOAA-21 VIIRS,VJ214IMG.A2025249.2354.002.2025329060327.nc,2025-11-25T06:03:27.000Z,2.0.14,464319,b42f3f45028dae2929a821b183206030f313193645f90d81c41fdd32c3bfd5be,CLDMSK_L2_VIIRS_NOAA21.A2025249.2354.001.2025250072842.nc,2025-09-07T07:28:42.240Z,47076119,5c7f793b39ef31d8daa0c153df7a4e76
A2025250.2148,2025-09-07T21:48Z,NOAA-21 VIIRS,VJ214IMG.A2025250.2148.002.2025329062029.nc,2025-11-25T06:20:29.000Z,2.0.14,1021208,5aa5cc34e6c1998905f8246fd130c22fa1ee9868fe0dca297707a9772151470c,CLDMSK_L2_VIIRS_NOAA21.A2025250.2148.001.2025251072948.nc,2025-09-08T07:29:48.500Z,54649793,c52b8493935983408d9d8d99e35894cc
A2025250.2154,2025-09-07T21:54Z,NOAA-21 VIIRS,VJ214IMG.A2025250.2154.002.2025329062032.nc,2025-11-25T06:20:32.000Z,2.0.14,961968,476666824ed4a25e29af84189235123edcb4d7072076cc909fc076d2fb1ef190,CLDMSK_L2_VIIRS_NOAA21.A2025250.2154.001.2025251073027.nc,2025-09-08T07:30:27.650Z,50594303,74d99c3ad4fabad07edc141060492532
A2025250.2330,2025-09-07T23:30Z,NOAA-21 VIIRS,VJ214IMG.A2025250.2330.002.2025329062030.nc,2025-11-25T06:20:30.000Z,2.0.14,906015,b294ef2f7d3b05888f59a41a65180c9feefc309dcc7b79252b67cf1ddcedd33e,CLDMSK_L2_VIIRS_NOAA21.A2025250.2330.001.2025251072954.nc,2025-09-08T07:29:54.960Z,53088860,a96f1453df4f15c07c53da35e0fba8ee
A2025250.2336,2025-09-07T23:36Z,NOAA-21 VIIRS,VJ214IMG.A2025250.2336.002.2025329062030.nc,2025-11-25T06:20:30.000Z,2.0.14,758499,4173a03867222937e87e11c44dd44c24fb47ca908b6a8a3ddd0cd1407511a5fe,CLDMSK_L2_VIIRS_NOAA21.A2025250.2336.001.2025251072950.nc,2025-09-08T07:29:50.310Z,49629056,6143897d0156ea4f38477edc54db8e1f
A2025251.2130,2025-09-08T21:30Z,NOAA-21 VIIRS,VJ214IMG.A2025251.2130.002.2025329063732.nc,2025-11-25T06:37:32.000Z,2.0.14,1013345,2e91334936178bd5f6f473feb6309da8c06758de9c3762eb00297f2e1a65ed83,CLDMSK_L2_VIIRS_NOAA21.A2025251.2130.001.2025252073056.nc,2025-09-09T07:30:56.420Z,54515818,dbc829fb135b61924bc9d94064055224
A2025251.2136,2025-09-08T21:36Z,NOAA-21 VIIRS,VJ214IMG.A2025251.2136.002.2025329063731.nc,2025-11-25T06:37:31.000Z,2.0.14,857430,8ad1feae0345d5a65295fee92bbe8b04e6f6ced672533a92de6e7e96dd51ec35,CLDMSK_L2_VIIRS_NOAA21.A2025251.2136.001.2025252073126.nc,2025-09-09T07:31:26.820Z,53864611,feddcc8ef47bbbe42de0444aa79cb6c3
A2025251.2312,2025-09-08T23:12Z,NOAA-21 VIIRS,VJ214IMG.A2025251.2312.002.2025329063732.nc,2025-11-25T06:37:32.000Z,2.0.14,923028,d6d2b0bfb28583f57a48c99a14a22778718e84063d3ef30ff7aa63324259b24e,CLDMSK_L2_VIIRS_NOAA21.A2025251.2312.001.2025252073043.nc,2025-09-09T07:30:43.960Z,53119054,de6d950c7efead3083c17387648ad44d
A2025251.2318,2025-09-08T23:18Z,NOAA-21 VIIRS,VJ214IMG.A2025251.2318.002.2025329063732.nc,2025-11-25T06:37:32.000Z,2.0.14,1035678,c903fd29adf6d5960907d71f51a8980e0224d6e4c8410f25fb2bd8c5f12a6437,CLDMSK_L2_VIIRS_NOAA21.A2025251.2318.001.2025252073045.nc,2025-09-09T07:30:45.510Z,51020916,3564ea03268b0c07a81815697fabdd82
A2025252.2112,2025-09-09T21:12Z,NOAA-21 VIIRS,VJ214IMG.A2025252.2112.002.2025329070102.nc,2025-11-25T07:01:02.000Z,2.0.14,924404,874cf2381ea0a000e07150a8b3d0b0a98463d9f83c71aa646d41e40a1e050c02,CLDMSK_L2_VIIRS_NOAA21.A2025252.2112.001.2025253192413.nc,2025-09-10T19:24:13.080Z,51648497,13b2e920cac822f6d0a12e08aebbc6c4
A2025252.2118,2025-09-09T21:18Z,NOAA-21 VIIRS,VJ214IMG.A2025252.2118.002.2025329070101.nc,2025-11-25T07:01:01.000Z,2.0.14,808844,2a8d6b17653e88a24adbb53663cebd466b82a4c5392cd0a0e454f7a11522d68e,CLDMSK_L2_VIIRS_NOAA21.A2025252.2118.001.2025253192414.nc,2025-09-10T19:24:14.300Z,55850939,a07172e656250142c6cac5275274e57e
A2025252.2254,2025-09-09T22:54Z,NOAA-21 VIIRS,VJ214IMG.A2025252.2254.002.2025329070101.nc,2025-11-25T07:01:01.000Z,2.0.14,786946,32add2e4209fbd788d0906b819dfce6baf4a287fa62722b2ee215cd0108b4e05,CLDMSK_L2_VIIRS_NOAA21.A2025252.2254.001.2025253192418.nc,2025-09-10T19:24:18.060Z,48923925,d632e4f27f8b5ddd88f85a65ab7f8940
A2025252.2300,2025-09-09T23:00Z,NOAA-21 VIIRS,VJ214IMG.A2025252.2300.002.2025329070103.nc,2025-11-25T07:01:03.000Z,2.0.14,1425698,0b90d9cc2711b45c414a03cf0ce530982cf4de1e7844d236461b51c898c58546,CLDMSK_L2_VIIRS_NOAA21.A2025252.2300.001.2025253192431.nc,2025-09-10T19:24:31.460Z,52577131,80bcef930982e171b1a0bf301cd918b0
A2025253.2054,2025-09-10T20:54Z,NOAA-21 VIIRS,VJ214IMG.A2025253.2054.002.2025329072431.nc,2025-11-25T07:24:31.000Z,2.0.14,1115028,60154b57c931882e7a3cb43515c5988c8cda27aa8a06d491c2d44db154db8131,CLDMSK_L2_VIIRS_NOAA21.A2025253.2054.001.2025254073216.nc,2025-09-11T07:32:16.030Z,51036251,e83a34db9118614ad6fb16bf49c1ebdd
A2025253.2100,2025-09-10T21:00Z,NOAA-21 VIIRS,VJ214IMG.A2025253.2100.002.2025329072435.nc,2025-11-25T07:24:35.000Z,2.0.14,1089802,fd7ff25c279062582819ad43b766dac2ee338a0225630bd66a052beac9a675db,CLDMSK_L2_VIIRS_NOAA21.A2025253.2100.001.2025254073301.nc,2025-09-11T07:33:01.310Z,55426964,9af561ee43c901058620d34f56a58aa7
A2025253.2236,2025-09-10T22:36Z,NOAA-21 VIIRS,VJ214IMG.A2025253.2236.002.2025329072434.nc,2025-11-25T07:24:34.000Z,2.0.14,844025,058a8a093cda1f78a7d8a051dd54f96a007c0cc448573d27ace0f1272a0817d9,CLDMSK_L2_VIIRS_NOAA21.A2025253.2236.001.2025254073216.nc,2025-09-11T07:32:16.060Z,49935078,e35bccf752d3c06555b4dfaf1a53d21f
A2025253.2242,2025-09-10T22:42Z,NOAA-21 VIIRS,VJ214IMG.A2025253.2242.002.2025329072434.nc,2025-11-25T07:24:34.000Z,2.0.14,1134873,426c1baeb22311db31d3c47a76148142e75f2fdd38d4fc2b072f9ef9d0377aeb,CLDMSK_L2_VIIRS_NOAA21.A2025253.2242.001.2025254073215.nc,2025-09-11T07:32:15.950Z,54149966,741a6be7fe7e66fef94cb446e97d90cc
A2025254.2042,2025-09-11T20:42Z,NOAA-21 VIIRS,VJ214IMG.A2025254.2042.002.2025329074204.nc,2025-11-25T07:42:04.000Z,2.0.14,1377109,29a40316b686393fe5567f618fac78b5ce411c47fb4ca66ee96577215b804764,CLDMSK_L2_VIIRS_NOAA21.A2025254.2042.001.2025255073342.nc,2025-09-12T07:33:42.620Z,52476086,6fd25668aaa13c7fd3ce465f13308708
A2025254.2218,2025-09-11T22:18Z,NOAA-21 VIIRS,VJ214IMG.A2025254.2218.002.2025329074207.nc,2025-11-25T07:42:07.000Z,2.0.14,718016,2faf78b7392b5fea32e33198d8a3169cbeeec533434002c8115b73d81f840d2f,CLDMSK_L2_VIIRS_NOAA21.A2025254.2218.001.2025255073306.nc,2025-09-12T07:33:06.600Z,49973261,b00a83cf8939894c7707d69a6535afb6
A2025254.2224,2025-09-11T22:24Z,NOAA-21 VIIRS,VJ214IMG.A2025254.2224.002.2025329074206.nc,2025-11-25T07:42:06.000Z,2.0.14,992094,96a4f91b26008d79ddfa4954b8e1e016a08ff25470ad38bb6b64adc1551b4382,CLDMSK_L2_VIIRS_NOAA21.A2025254.2224.001.2025255073311.nc,2025-09-12T07:33:11.420Z,57628517,1f29c0b7cb463758ea9d9282604565bf
A2025254.2354,2025-09-11T23:54Z,NOAA-21 VIIRS,VJ214IMG.A2025254.2354.002.2025329074207.nc,2025-11-25T07:42:07.000Z,2.0.14,1023123,cf2ca21fa3ebeb96ba44fc4b750aee5918ccabdd3a8f3b91b7a2f17b1c35b094,CLDMSK_L2_VIIRS_NOAA21.A2025254.2354.001.2025255073301.nc,2025-09-12T07:33:01.340Z,54438072,7725df1c04ead22b75f8ebafda57fcf1
A2025255.0000,2025-09-12T00:00Z,NOAA-21 VIIRS,VJ214IMG.A2025255.0000.002.2025329080234.nc,2025-11-25T08:02:34.000Z,2.0.14,545714,5bdf4bffc79f9f885c5b98eeae4365fe21fe3341601238a3d70c601402a5a4b7,CLDMSK_L2_VIIRS_NOAA21.A2025255.0000.001.2025255131300.nc,2025-09-12T13:13:00.640Z,47259197,18b15e212a4aa6d36189cfa262014051
A2025255.2154,2025-09-12T21:54Z,NOAA-21 VIIRS,VJ214IMG.A2025255.2154.002.2025329080231.nc,2025-11-25T08:02:31.000Z,2.0.14,1036636,54b495ce72371aa9f35e45cb9dda7e46363a8cc661cfd859941c9f3bd4746e22,CLDMSK_L2_VIIRS_NOAA21.A2025255.2154.001.2025256072507.nc,2025-09-13T07:25:07.970Z,58351689,2c99619e2d2a6a0f67f665835bf3c848
A2025255.2200,2025-09-12T22:00Z,NOAA-21 VIIRS,VJ214IMG.A2025255.2200.002.2025329080235.nc,2025-11-25T08:02:35.000Z,2.0.14,568599,d193bc89fba670ae7091f438e1ac5d3788e932aa9eb328709f226111e0fd2131,CLDMSK_L2_VIIRS_NOAA21.A2025255.2200.001.2025256072522.nc,2025-09-13T07:25:22.370Z,49830158,790d647d1e8d9d8694e85bb5db8b5588
A2025255.2206,2025-09-12T22:06Z,NOAA-21 VIIRS,VJ214IMG.A2025255.2206.002.2025329080232.nc,2025-11-25T08:02:32.000Z,2.0.14,838456,e0321bf983f0324d68672c9eddc07e8e9cd4f27bd0d05768eb14d7138030dcb7,CLDMSK_L2_VIIRS_NOAA21.A2025255.2206.001.2025256072448.nc,2025-09-13T07:24:48.680Z,59279382,711c212ce5354d6edcb90872c626d5c5
A2025255.2336,2025-09-12T23:36Z,NOAA-21 VIIRS,VJ214IMG.A2025255.2336.002.2025329080232.nc,2025-11-25T08:02:32.000Z,2.0.14,1062659,bbda4b8bcf84c7a0d159e61ce5c19aabc0be114dbc7852d9d7f0df3dc144e599,CLDMSK_L2_VIIRS_NOAA21.A2025255.2336.001.2025256072337.nc,2025-09-13T07:23:37.200Z,55461144,d0b673adcec347dea61ef975ed7babe5
A2025255.2342,2025-09-12T23:42Z,NOAA-21 VIIRS,VJ214IMG.A2025255.2342.002.2025329080231.nc,2025-11-25T08:02:31.000Z,2.0.14,730840,25197cba03c7f2d65442d589c92fff2db0dd1725c6bc8d47ed56ad0ea24cac85,CLDMSK_L2_VIIRS_NOAA21.A2025255.2342.001.2025256072337.nc,2025-09-13T07:23:37.290Z,48775496,8096ae2d77a25717b0eacd9e800a2ed5
A2025256.2136,2025-09-13T21:36Z,NOAA-21 VIIRS,VJ214IMG.A2025256.2136.002.2025329081726.nc,2025-11-25T08:17:26.000Z,2.0.14,962352,f66afa6f16462c0ae8af07d916d5acd1095dffe0bb84045479825e024259909b,CLDMSK_L2_VIIRS_NOAA21.A2025256.2136.001.2025257073428.nc,2025-09-14T07:34:28.140Z,55198532,39b950ad5ac8401ea1a731d66258b077
A2025256.2142,2025-09-13T21:42Z,NOAA-21 VIIRS,VJ214IMG.A2025256.2142.002.2025329081726.nc,2025-11-25T08:17:26.000Z,2.0.14,555151,09a565cddb7e2b3821b9e7f01fc15f63a7aa67db62b2ce1f50242c3def65a3c9,CLDMSK_L2_VIIRS_NOAA21.A2025256.2142.001.2025257073425.nc,2025-09-14T07:34:25.390Z,51811110,8273e6f060c9385c5b64eceea1eb6e6c
A2025256.2318,2025-09-13T23:18Z,NOAA-21 VIIRS,VJ214IMG.A2025256.2318.002.2025329081730.nc,2025-11-25T08:17:30.000Z,2.0.14,942588,d7eeb9e6a9b18f5f6b137c80df9d307d925c5209c84eb45b815e0308e03d5382,CLDMSK_L2_VIIRS_NOAA21.A2025256.2318.001.2025257073439.nc,2025-09-14T07:34:39.870Z,53631823,787204da699d694467b3353682e296b4
A2025256.2324,2025-09-13T23:24Z,NOAA-21 VIIRS,VJ214IMG.A2025256.2324.002.2025329081730.nc,2025-11-25T08:17:30.000Z,2.0.14,1033670,7e386266bba86d85d1ff23ab005961f039022678764d910709cd5495b890ed9e,CLDMSK_L2_VIIRS_NOAA21.A2025256.2324.001.2025257073450.nc,2025-09-14T07:34:50.420Z,50301321,618a5ecbbcc752b49b8f68d29df905d7
A2025257.2118,2025-09-14T21:18Z,NOAA-21 VIIRS,VJ214IMG.A2025257.2118.002.2025329083305.nc,2025-11-25T08:33:05.000Z,2.0.14,1046336,9813b9db38c96a279e67cafdd16a1c871715c2420191435ba90fd75c63e8effc,CLDMSK_L2_VIIRS_NOAA21.A2025257.2118.001.2025258073520.nc,2025-09-15T07:35:20.850Z,54114478,70dfc7488c1d24d7b56a745e44d55626
A2025257.2124,2025-09-14T21:24Z,NOAA-21 VIIRS,VJ214IMG.A2025257.2124.002.2025329083301.nc,2025-11-25T08:33:01.000Z,2.0.14,970410,ef80dd4e37707216cf2b7a4a01a44201b0468a1523ab5466f2ba50625abbfb9f,CLDMSK_L2_VIIRS_NOAA21.A2025257.2124.001.2025258073520.nc,2025-09-15T07:35:20.720Z,53686765,7f318f4a0ddf438f7690f946e8e2066e
A2025257.2300,2025-09-14T23:00Z,NOAA-21 VIIRS,VJ214IMG.A2025257.2300.002.2025329083303.nc,2025-11-25T08:33:03.000Z,2.0.14,733836,7504b67a0c097e4eee467d1e094240b3cc2a9d5dc1142caeb65694c4f9e87d17,CLDMSK_L2_VIIRS_NOAA21.A2025257.2300.001.2025258073522.nc,2025-09-15T07:35:22.450Z,50940161,b76b4acb2f3f79b773e2c85a81dc7772
A2025257.2306,2025-09-14T23:06Z,NOAA-21 VIIRS,VJ214IMG.A2025257.2306.002.2025329083304.nc,2025-11-25T08:33:04.000Z,2.0.14,1086147,aeac0a3c624d1ee4a7bafae96f48570df83d08e5eeff25f8a915deaa2e8c1a73,CLDMSK_L2_VIIRS_NOAA21.A2025257.2306.001.2025258073522.nc,2025-09-15T07:35:22.540Z,51993439,f6499530d421fc7da62c65ab0483a814
A2025258.2100,2025-09-15T21:00Z,NOAA-21 VIIRS,VJ214IMG.A2025258.2100.002.2025329085004.nc,2025-11-25T08:50:04.000Z,2.0.14,1243825,0111e9a3a3582e8160610f7fa3efcad4fb831230c72d2509995e556d53c31a4e,CLDMSK_L2_VIIRS_NOAA21.A2025258.2100.001.2025259073628.nc,2025-09-16T07:36:28.060Z,54444667,3d2dd310d78cf3861d7b78968c4a98c9
A2025258.2106,2025-09-15T21:06Z,NOAA-21 VIIRS,VJ214IMG.A2025258.2106.002.2025329085005.nc,2025-11-25T08:50:05.000Z,2.0.14,1066944,53339dcad4d882ff571ee76823597ec33b40186ba21fd2cfd31dcc468a110074,CLDMSK_L2_VIIRS_NOAA21.A2025258.2106.001.2025259073643.nc,2025-09-16T07:36:43.830Z,54180943,aa3313733c23e14f8996d1265c957078
A2025258.2242,2025-09-15T22:42Z,NOAA-21 VIIRS,VJ214IMG.A2025258.2242.002.2025329085001.nc,2025-11-25T08:50:01.000Z,2.0.14,621376,0e27b6be0d9f51febeac04f6086b40c65c5233476aa46653bff42882ce13962b,CLDMSK_L2_VIIRS_NOAA21.A2025258.2242.001.2025259073548.nc,2025-09-16T07:35:48.730Z,49408280,9da7c18dbdae89746301a8844014d793
A2025258.2248,2025-09-15T22:48Z,NOAA-21 VIIRS,VJ214IMG.A2025258.2248.002.2025329085005.nc,2025-11-25T08:50:05.000Z,2.0.14,1121216,c18420f966c776a51f8d5c4a3fb266f2a5718bde349dff8d2d0f5f5e119e4fdf,CLDMSK_L2_VIIRS_NOAA21.A2025258.2248.001.2025259073548.nc,2025-09-16T07:35:48.750Z,54875492,a7bde4bb175c75357de68cf62a9e9f64
A2025259.2042,2025-09-16T20:42Z,NOAA-21 VIIRS,VJ214IMG.A2025259.2042.002.2025329090636.nc,2025-11-25T09:06:36.000Z,2.0.14,1436672,fb2409154760cc3612b5b0f540b0ef65efd61cd527453a6f14256376c26e7bd8,CLDMSK_L2_VIIRS_NOAA21.A2025259.2042.001.2025260072703.nc,2025-09-17T07:27:03.180Z,54392141,05e6d246661ff4ebae44b6204a72ad9b
A2025259.2048,2025-09-16T20:48Z,NOAA-21 VIIRS,VJ214IMG.A2025259.2048.002.2025329090630.nc,2025-11-25T09:06:30.000Z,2.0.14,996825,f5ceea8b6ebf6a7f3a7323c7d72883fd2898792a7887ce7ef886f01d16b4d326,CLDMSK_L2_VIIRS_NOAA21.A2025259.2048.001.2025260072707.nc,2025-09-17T07:27:07.700Z,54077879,51dc20731b05cbd003cb91e3f2413f96
A2025259.2224,2025-09-16T22:24Z,NOAA-21 VIIRS,VJ214IMG.A2025259.2224.002.2025329090634.nc,2025-11-25T09:06:34.000Z,2.0.14,673474,718bec2c2cba4d974d3db0bf9920dec713d47a1c1c1ede64a4d34db0677e3751,CLDMSK_L2_VIIRS_NOAA21.A2025259.2224.001.2025260072751.nc,2025-09-17T07:27:51.260Z,49108630,6380106c63e79d50be03cc7c505fd3bf
A2025259.2230,2025-09-16T22:30Z,NOAA-21 VIIRS,VJ214IMG.A2025259.2230.002.2025329090630.nc,2025-11-25T09:06:30.000Z,2.0.14,1316834,2e802d0ab322a04f959c8949070473269789851ffc1ea0ea843b43f59cce4bbb,CLDMSK_L2_VIIRS_NOAA21.A2025259.2230.001.2025260072709.nc,2025-09-17T07:27:09.960Z,56693905,93941e2f1c6a8f1ba868d1a361de43bf
A2025260.0000,2025-09-17T00:00Z,NOAA-21 VIIRS,VJ214IMG.A2025260.0000.002.2025329092231.nc,2025-11-25T09:22:31.000Z,2.0.14,1239035,60306366b7855352bb638b1b8df600d268e99bace0e8aa49c872630e11346847,CLDMSK_L2_VIIRS_NOAA21.A2025260.0000.001.2025260130653.nc,2025-09-17T13:06:53.440Z,55605204,c83bc3ddc0e9781838d5683092347714
A2025260.0006,2025-09-17T00:06Z,NOAA-21 VIIRS,VJ214IMG.A2025260.0006.002.2025329092231.nc,2025-11-25T09:22:31.000Z,2.0.14,587826,56ae25992e4328aa309aee955447ac3f99bf8f590f06b0ece63a33011035ce5f,CLDMSK_L2_VIIRS_NOAA21.A2025260.0006.001.2025260130702.nc,2025-09-17T13:07:02.080Z,47669436,451a351aca0fa61ac8b67cb3856e9f16
A2025260.2206,2025-09-17T22:06Z,NOAA-21 VIIRS,VJ214IMG.A2025260.2206.002.2025329092235.nc,2025-11-25T09:22:35.000Z,2.0.14,607018,7887a51962a747c052a2baef20f755d01fbfed6db8c2d798935486d8ba2e677d,CLDMSK_L2_VIIRS_NOAA21.A2025260.2206.001.2025261071957.nc,2025-09-18T07:19:57.320Z,49251120,9320952700a57f34e820edde49b53a1c
A2025260.2212,2025-09-17T22:12Z,NOAA-21 VIIRS,VJ214IMG.A2025260.2212.002.2025329092233.nc,2025-11-25T09:22:33.000Z,2.0.14,615938,e002d257b2b77f16def093fd849de0e85ba9a5b06157f0fb102bdf1fa5a45b52,CLDMSK_L2_VIIRS_NOAA21.A2025260.2212.001.2025261072108.nc,2025-09-18T07:21:08.880Z,58445083,6770ca8550a53433384c13b4c3a5a486
A2025260.2342,2025-09-17T23:42Z,NOAA-21 VIIRS,VJ214IMG.A2025260.2342.002.2025329092236.nc,2025-11-25T09:22:36.000Z,2.0.14,995256,fd5399e2a09d119c4d4078bf96d102dd1f97144039d8f81de4a341186ca62a42,CLDMSK_L2_VIIRS_NOAA21.A2025260.2342.001.2025261072106.nc,2025-09-18T07:21:06.150Z,55605309,b934f44079540bac404e68eb6f0d5af2
A2025260.2348,2025-09-17T23:48Z,NOAA-21 VIIRS,VJ214IMG.A2025260.2348.002.2025329092231.nc,2025-11-25T09:22:31.000Z,2.0.14,575023,75d54a94864f44d2bd66bbffdabcd3c57410b742887c3be263d79e7ccf356cb4,CLDMSK_L2_VIIRS_NOAA21.A2025260.2348.001.2025261072134.nc,2025-09-18T07:21:34.320Z,48653273,fda416e2848fae485b0b2ef10b32ad63
A2025261.2142,2025-09-18T21:42Z,NOAA-21 VIIRS,VJ214IMG.A2025261.2142.002.2025329093710.nc,2025-11-25T09:37:10.000Z,2.0.14,1158801,76859315ba85b15d48ab1614d1e9149eace77b95476be7cb56ecd6328c4ac2f1,CLDMSK_L2_VIIRS_NOAA21.A2025261.2142.001.2025262072809.nc,2025-09-19T07:28:09.200Z,55691286,e33fbd3b0a57cae641fa70e63629a402
A2025261.2148,2025-09-18T21:48Z,NOAA-21 VIIRS,VJ214IMG.A2025261.2148.002.2025329093708.nc,2025-11-25T09:37:08.000Z,2.0.14,575155,84312388bf79ee0326a1d08f92f927ecb67f42eea480fcb8de6bd50bb1c8b600,CLDMSK_L2_VIIRS_NOAA21.A2025261.2148.001.2025262072808.nc,2025-09-19T07:28:08.790Z,50969699,9733627842fd4665134f162c587d7335
A2025261.2324,2025-09-18T23:24Z,NOAA-21 VIIRS,VJ214IMG.A2025261.2324.002.2025329093709.nc,2025-11-25T09:37:09.000Z,2.0.14,1142211,145bac365b7233831eaf5860d9d553873931840f60cdb2b7aa7c3249c9ebdbd3,CLDMSK_L2_VIIRS_NOAA21.A2025261.2324.001.2025262072756.nc,2025-09-19T07:27:56.090Z,54718703,22875e54cb937acc02d8735863138934
A2025261.2330,2025-09-18T23:30Z,NOAA-21 VIIRS,VJ214IMG.A2025261.2330.002.2025329093709.nc,2025-11-25T09:37:09.000Z,2.0.14,711137,439c1ff9e2b606755b5fc7d804a951736919e601b9d7f412cf4a122e5f7a3a39,CLDMSK_L2_VIIRS_NOAA21.A2025261.2330.001.2025262072754.nc,2025-09-19T07:27:54.060Z,48918360,69dcf840d528287f840437415ae5f795
A2025262.2124,2025-09-19T21:24Z,NOAA-21 VIIRS,VJ214IMG.A2025262.2124.002.2025329094738.nc,2025-11-25T09:47:38.000Z,2.0.14,1039344,1469bdb7f724397773e225757214687a2efd20770066a9d0b0913aea0112a108,CLDMSK_L2_VIIRS_NOAA21.A2025262.2124.001.2025263072854.nc,2025-09-20T07:28:54.720Z,53536323,e6957c701463c25806c62e486efea8be
A2025262.2130,2025-09-19T21:30Z,NOAA-21 VIIRS,VJ214IMG.A2025262.2130.002.2025329094738.nc,2025-11-25T09:47:38.000Z,2.0.14,577611,a862636944c34a9c35b325c0a7891bb9df57bcc9fbbac83234db98825e2527ef,CLDMSK_L2_VIIRS_NOAA21.A2025262.2130.001.2025263072903.nc,2025-09-20T07:29:03.620Z,54582032,ddee8a8003c675bb176f22d21808f37c
A2025262.2306,2025-09-19T23:06Z,NOAA-21 VIIRS,VJ214IMG.A2025262.2306.002.2025329094739.nc,2025-11-25T09:47:39.000Z,2.0.14,907065,8db20d08ce36c7610ea3838ed10f33225301011675f791ab4418db647cf73b91,CLDMSK_L2_VIIRS_NOAA21.A2025262.2306.001.2025263072845.nc,2025-09-20T07:28:45.300Z,53819116,fe094ed95719997b0ac9f5304f74fc9c
A2025262.2312,2025-09-19T23:12Z,NOAA-21 VIIRS,VJ214IMG.A2025262.2312.002.2025329094736.nc,2025-11-25T09:47:36.000Z,2.0.14,1080104,cf5d8a23c7358060b3a551b9ce81c169ab451d5592e669e392b4915c5ba15a3e,CLDMSK_L2_VIIRS_NOAA21.A2025262.2312.001.2025263072844.nc,2025-09-20T07:28:44.420Z,48566086,a26bad27a49b5a513e66cbb7c0dbd9e4
A2025263.2106,2025-09-20T21:06Z,NOAA-21 VIIRS,VJ214IMG.A2025263.2106.002.2025329100305.nc,2025-11-25T10:03:05.000Z,2.0.14,994757,b80a472af7a6d9834fbd8fcc32ddc5263caff059875162e33aec53955050951d,CLDMSK_L2_VIIRS_NOAA21.A2025263.2106.001.2025264071944.nc,2025-09-21T07:19:44.240Z,52666158,4c646ffd66d172a2d5f65a63f8acaec2
A2025263.2112,2025-09-20T21:12Z,NOAA-21 VIIRS,VJ214IMG.A2025263.2112.002.2025329100306.nc,2025-11-25T10:03:06.000Z,2.0.14,718310,ad5744a0fce4b3133eb490ae1a1263595161f80be72bbf2f7e80796dc385d8c4,CLDMSK_L2_VIIRS_NOAA21.A2025263.2112.001.2025264071945.nc,2025-09-21T07:19:45.900Z,54758769,b1f77616c6da3d0d1c88ed104fe88007
A2025263.2248,2025-09-20T22:48Z,NOAA-21 VIIRS,VJ214IMG.A2025263.2248.002.2025329100306.nc,2025-11-25T10:03:06.000Z,2.0.14,924027,7f117c5ea1b898105d2e372e163cd8cba49af7adeb80709dca314e300ca075cf,CLDMSK_L2_VIIRS_NOAA21.A2025263.2248.001.2025264071932.nc,2025-09-21T07:19:32.400Z,51772619,84a832fc08529243c67abb3e3165b65d
A2025263.2254,2025-09-20T22:54Z,NOAA-21 VIIRS,VJ214IMG.A2025263.2254.002.2025329100306.nc,2025-11-25T10:03:06.000Z,2.0.14,1429636,ac0f891f7547fdd4b9282f00f192b00d4a7bdc948d04fbebc7a5d1bb345de03b,CLDMSK_L2_VIIRS_NOAA21.A2025263.2254.001.2025264071931.nc,2025-09-21T07:19:31.710Z,53070290,70fe1549a37e7e50e64c9dc2ab50d2ca
A2025264.2048,2025-09-21T20:48Z,NOAA-21 VIIRS,VJ214IMG.A2025264.2048.002.2025329101404.nc,2025-11-25T10:14:04.000Z,2.0.14,1123381,148fd68599920a060e0898dfbdfbf2b8de62cba961edd5fd13ac74c0feb3fd26,CLDMSK_L2_VIIRS_NOAA21.A2025264.2048.001.2025265073047.nc,2025-09-22T07:30:47.730Z,52985927,4ba6f670a802f4ba5d39933325b7e078
A2025264.2054,2025-09-21T20:54Z,NOAA-21 VIIRS,VJ214IMG.A2025264.2054.002.2025329101405.nc,2025-11-25T10:14:05.000Z,2.0.14,901859,43cff35b7e9a48f438f2e78578c51107074574624e8b440e6f0c4c6315d81e2b,CLDMSK_L2_VIIRS_NOAA21.A2025264.2054.001.2025265073048.nc,2025-09-22T07:30:48.060Z,56410805,9e428105c1e696882eb8739b87f6dbd0
A2025264.2230,2025-09-21T22:30Z,NOAA-21 VIIRS,VJ214IMG.A2025264.2230.002.2025329101406.nc,2025-11-25T10:14:06.000Z,2.0.14,793904,6da6e813ce7ea002b1bc33eeeb2a1467e47642ae2252948546237ad450312c6d,CLDMSK_L2_VIIRS_NOAA21.A2025264.2230.001.2025265073055.nc,2025-09-22T07:30:55.200Z,51478951,4635c8580728a820d921ac5a854dbb8e
A2025264.2236,2025-09-21T22:36Z,NOAA-21 VIIRS,VJ214IMG.A2025264.2236.002.2025329101404.nc,2025-11-25T10:14:04.000Z,2.0.14,886938,a38d4ce4a319ea24a273b16bd3ded3b224b77f5d1de7627d2e2418c8101d41b6,CLDMSK_L2_VIIRS_NOAA21.A2025264.2236.001.2025265073056.nc,2025-09-22T07:30:56.560Z,56011399,bf24bbdeff904ba52b660a5500adb7f7
A2025265.2212,2025-09-22T22:12Z,NOAA-21 VIIRS,VJ214IMG.A2025265.2212.002.2025329103009.nc,2025-11-25T10:30:09.000Z,2.0.14,661956,8bccfe1d88cc46689a566490c97d91d3e0ba5d888c08364b5f835cb148d98538,CLDMSK_L2_VIIRS_NOAA21.A2025265.2212.001.2025266125142.nc,2025-09-23T12:51:42.470Z,50002764,1782f3ffa1d1714d273c46939a3c537e
A2025265.2218,2025-09-22T22:18Z,NOAA-21 VIIRS,VJ214IMG.A2025265.2218.002.2025329103005.nc,2025-11-25T10:30:05.000Z,2.0.14,879430,63c3b36afb548e9c7e5e68bc8e4a9356f5f531315b411ec50ea297d314e0954d,CLDMSK_L2_VIIRS_NOAA21.A2025265.2218.001.2025266125143.nc,2025-09-23T12:51:43.800Z,60262432,fc852c9d1415f556895e338d2ef21984
A2025265.2348,2025-09-22T23:48Z,NOAA-21 VIIRS,VJ214IMG.A2025265.2348.002.2025329103005.nc,2025-11-25T10:30:05.000Z,2.0.14,905821,96bb7991dee76de99654d648b2555ed68eb67a7b08e47b90b0270b178447c421,CLDMSK_L2_VIIRS_NOAA21.A2025265.2348.001.2025266125149.nc,2025-09-23T12:51:49.470Z,49805217,79ced016ade6662de55da363880078a9
A2025265.2354,2025-09-22T23:54Z,NOAA-21 VIIRS,VJ214IMG.A2025265.2354.002.2025329103008.nc,2025-11-25T10:30:08.000Z,2.0.14,617060,5a89ccb27ce878b4388620ee363f58a4c41aa055d92257d7d3e89aa6e85ad5f6,CLDMSK_L2_VIIRS_NOAA21.A2025265.2354.001.2025266125151.nc,2025-09-23T12:51:51.810Z,48033907,763a1e5c846d6938f2515d7bbdd2b3eb
A2025266.2148,2025-09-23T21:48Z,NOAA-21 VIIRS,VJ214IMG.A2025266.2148.002.2025329104535.nc,2025-11-25T10:45:35.000Z,2.0.14,923705,5e84a69aea9ccb26db4ea127a2d6c8b27ef5cae80e8026e121b3df5c890372ba,CLDMSK_L2_VIIRS_NOAA21.A2025266.2148.001.2025267073345.nc,2025-09-24T07:33:45.760Z,51488897,366685113841b63ddfb4e9e36aa97ae9
A2025266.2154,2025-09-23T21:54Z,NOAA-21 VIIRS,VJ214IMG.A2025266.2154.002.2025329104535.nc,2025-11-25T10:45:35.000Z,2.0.14,600749,a0edb80e3d5a8ff3864020acc8ffc161c92866907514640289dea7fea672c60c,CLDMSK_L2_VIIRS_NOAA21.A2025266.2154.001.2025267073345.nc,2025-09-24T07:33:45.280Z,51165621,f671ca006a3ce958de0403918942627b
A2025266.2330,2025-09-23T23:30Z,NOAA-21 VIIRS,VJ214IMG.A2025266.2330.002.2025329104537.nc,2025-11-25T10:45:37.000Z,2.0.14,856566,70c1ced7f3fa0a77a92617d847b7fab261bdd0ee748136f48ff4693bab46fd2e,CLDMSK_L2_VIIRS_NOAA21.A2025266.2330.001.2025267073342.nc,2025-09-24T07:33:42.970Z,49509791,dd7d306abf879e6a23608bc57d83272d
A2025266.2336,2025-09-23T23:36Z,NOAA-21 VIIRS,VJ214IMG.A2025266.2336.002.2025329104536.nc,2025-11-25T10:45:36.000Z,2.0.14,840701,7ed7922859c430811781fe9e6aff6e929f7edeb0cb97502d546333a59a69f417,CLDMSK_L2_VIIRS_NOAA21.A2025266.2336.001.2025267073353.nc,2025-09-24T07:33:53.990Z,50772748,6652c27ab4104f130fab40eb76d4650d
A2025267.2130,2025-09-24T21:30Z,NOAA-21 VIIRS,VJ214IMG.A2025267.2130.002.2025329110034.nc,2025-11-25T11:00:34.000Z,2.0.14,875839,fdbbbe2a46e3e1be887bfc9d07dcb9a3b79301d057dcfdece9bce3239a936196,CLDMSK_L2_VIIRS_NOAA21.A2025267.2130.001.2025268073436.nc,2025-09-25T07:34:36.660Z,50777575,bc702d7441d8635e9fccd5c9a0cf4840
A2025267.2136,2025-09-24T21:36Z,NOAA-21 VIIRS,VJ214IMG.A2025267.2136.002.2025329110030.nc,2025-11-25T11:00:30.000Z,2.0.14,519151,fb5c9e0876e29c2cc9084b3812488c16a86366c9ea6490f054f983da95284cf5,CLDMSK_L2_VIIRS_NOAA21.A2025267.2136.001.2025268073436.nc,2025-09-25T07:34:36.840Z,53320605,1fa60b45c69250213467288da0cd10ee
A2025267.2312,2025-09-24T23:12Z,NOAA-21 VIIRS,VJ214IMG.A2025267.2312.002.2025329110029.nc,2025-11-25T11:00:29.000Z,2.0.14,795947,486c87ce1e5e7ca56ae55e847d2f6e9cf49a22f4807f0df18c5a16f92e70458f,CLDMSK_L2_VIIRS_NOAA21.A2025267.2312.001.2025268073443.nc,2025-09-25T07:34:43.540Z,49856640,158890434d06ac08e6b2e9ab1d155d81
A2025267.2318,2025-09-24T23:18Z,NOAA-21 VIIRS,VJ214IMG.A2025267.2318.002.2025329110033.nc,2025-11-25T11:00:33.000Z,2.0.14,1002922,6275d13647c12c6dea6d296326962e9f2932a2e1620cf54b509c5ddb8f4092fe,CLDMSK_L2_VIIRS_NOAA21.A2025267.2318.001.2025268073443.nc,2025-09-25T07:34:43.560Z,51010023,97f7d0d586830c1b2ff9d05e75505477
A2025268.2112,2025-09-25T21:12Z,NOAA-21 VIIRS,VJ214IMG.A2025268.2112.002.2025329111537.nc,2025-11-25T11:15:37.000Z,2.0.14,917043,2334d4d130f53d7a148b5892beb3446e33a878f905bec55c44585242cfec93d5,CLDMSK_L2_VIIRS_NOAA21.A2025268.2112.001.2025269072505.nc,2025-09-26T07:25:05.880Z,51693655,0288caa55e8fde80bf6dd0eafb56fd54
A2025268.2118,2025-09-25T21:18Z,NOAA-21 VIIRS,VJ214IMG.A2025268.2118.002.2025329111536.nc,2025-11-25T11:15:36.000Z,2.0.14,831136,e00560a90e4eb77be850261cbea0c27736a71ee4fda17716491706ac899e0ef7,CLDMSK_L2_VIIRS_NOAA21.A2025268.2118.001.2025269072504.nc,2025-09-26T07:25:04.250Z,53256506,cac9a87513c15bca165bad95aa000155
A2025268.2254,2025-09-25T22:54Z,NOAA-21 VIIRS,VJ214IMG.A2025268.2254.002.2025329111536.nc,2025-11-25T11:15:36.000Z,2.0.14,774021,fd3c17edd4ebc7f53b9592cb37d36f660f0de65e6654932b063f1e76d003a7c4,CLDMSK_L2_VIIRS_NOAA21.A2025268.2254.001.2025269072511.nc,2025-09-26T07:25:11.670Z,50710540,74481d9ce789c293e44d89ef898574a7
A2025268.2300,2025-09-25T23:00Z,NOAA-21 VIIRS,VJ214IMG.A2025268.2300.002.2025329111539.nc,2025-11-25T11:15:39.000Z,2.0.14,1004351,8d6055626e2dd3494d445972b3b84a4b9c1b191b54171297487e3dc034dc7b2f,CLDMSK_L2_VIIRS_NOAA21.A2025268.2300.001.2025269072511.nc,2025-09-26T07:25:11.330Z,51453366,669fd72db5ee89c2c86917731749568d
A2025269.2054,2025-09-26T20:54Z,NOAA-21 VIIRS,VJ214IMG.A2025269.2054.002.2025329112139.nc,2025-11-25T11:21:39.000Z,2.0.14,1141308,ccfbf4e1b32488d67579243565ad4d5f2f70e1e4664dabdd39d791f50beacc41,CLDMSK_L2_VIIRS_NOAA21.A2025269.2054.001.2025270073536.nc,2025-09-27T07:35:36.980Z,51971522,d8358794f446a83abde23adadf2f6a86
A2025269.2100,2025-09-26T21:00Z,NOAA-21 VIIRS,VJ214IMG.A2025269.2100.002.2025329112139.nc,2025-11-25T11:21:39.000Z,2.0.14,1333073,337308e031e917f88bca1325791abaa5d92f651da10e00eafb6c5ab9e2d8903d,CLDMSK_L2_VIIRS_NOAA21.A2025269.2100.001.2025270073536.nc,2025-09-27T07:35:36.320Z,52268195,752da02c866faba2e56d524bbf2e76bc
A2025269.2236,2025-09-26T22:36Z,NOAA-21 VIIRS,VJ214IMG.A2025269.2236.002.2025329112138.nc,2025-11-25T11:21:38.000Z,2.0.14,788505,74e89a29c69ae6443ac582807dced6fe857528db4bc4966541bfd7f9c8410a0e,CLDMSK_L2_VIIRS_NOAA21.A2025269.2236.001.2025270073544.nc,2025-09-27T07:35:44.100Z,50154299,48df1835f76c20689d282530f9033db8
A2025269.2242,2025-09-26T22:42Z,NOAA-21 VIIRS,VJ214IMG.A2025269.2242.002.2025329112136.nc,2025-11-25T11:21:36.000Z,2.0.14,991867,045f27dc9b1b358786b9bef406e0d7b1cceef47a3b70877c5d373cc73b1502e3,CLDMSK_L2_VIIRS_NOAA21.A2025269.2242.001.2025270073532.nc,2025-09-27T07:35:32.070Z,52902023,e4d479e73bc8bfab037d1df9ef6ebb82
A2025270.2042,2025-09-27T20:42Z,NOAA-21 VIIRS,VJ214IMG.A2025270.2042.002.2025329113709.nc,2025-11-25T11:37:09.000Z,2.0.14,1310651,47968df4c3ad47d7436da19f43a9e28a2579af1b7b53a04b76dc6f4aeb87e6c3,CLDMSK_L2_VIIRS_NOAA21.A2025270.2042.001.2025271073619.nc,2025-09-28T07:36:19.360Z,52776769,aae24f2bb75e98c756ec79fa23e1e4b4
A2025270.2218,2025-09-27T22:18Z,NOAA-21 VIIRS,VJ214IMG.A2025270.2218.002.2025329113708.nc,2025-11-25T11:37:08.000Z,2.0.14,649149,e126bc585289795eb49fab3c78a516c400b319d86eb64bb23efcd8c8f519ff70,CLDMSK_L2_VIIRS_NOAA21.A2025270.2218.001.2025271073625.nc,2025-09-28T07:36:25.640Z,48414724,9958807bfa69ad55fa0b99a542af7538
A2025270.2224,2025-09-27T22:24Z,NOAA-21 VIIRS,VJ214IMG.A2025270.2224.002.2025329113707.nc,2025-11-25T11:37:07.000Z,2.0.14,803496,6fdcdc005347ac291ca61df4d39b8a10819634ac11eb055ae2dc01692790cae5,CLDMSK_L2_VIIRS_NOAA21.A2025270.2224.001.2025271073626.nc,2025-09-28T07:36:26.020Z,56359548,25d9438cd6cafee315bd968ce29e498f
A2025270.2354,2025-09-27T23:54Z,NOAA-21 VIIRS,VJ214IMG.A2025270.2354.002.2025329113708.nc,2025-11-25T11:37:08.000Z,2.0.14,1215300,7e9a89cba4d8496265fd75ddf754bad3014a9167b5d1b07ee3f1493a9f930c04,CLDMSK_L2_VIIRS_NOAA21.A2025270.2354.001.2025271073633.nc,2025-09-28T07:36:33.510Z,60174537,0bee391e126a9e715b080918f00e0fc2
A2025271.0000,2025-09-28T00:00Z,NOAA-21 VIIRS,VJ214IMG.A2025271.0000.002.2025329115309.nc,2025-11-25T11:53:09.000Z,2.0.14,597513,ed99890526f5bf3755b0d13a5f1cd842fa716478139988d108be28bb19685541,CLDMSK_L2_VIIRS_NOAA21.A2025271.0000.001.2025271131618.nc,2025-09-28T13:16:18.630Z,48762146,155d3b576fd705030c2315df1647b13e
A2025271.2154,2025-09-28T21:54Z,NOAA-21 VIIRS,VJ214IMG.A2025271.2154.002.2025329115314.nc,2025-11-25T11:53:14.000Z,2.0.14,1231937,274fb08603c4adcab36e2eb710f6ecd40884eefe5b77e2729bb068eafd2fa9a5,CLDMSK_L2_VIIRS_NOAA21.A2025271.2154.001.2025272073706.nc,2025-09-29T07:37:06.960Z,58911040,6316f2b9c3d3cd2ef9e726b508ad5def
A2025271.2200,2025-09-28T22:00Z,NOAA-21 VIIRS,VJ214IMG.A2025271.2200.002.2025329115310.nc,2025-11-25T11:53:10.000Z,2.0.14,767660,caa5038b93fef0c4e55e9f9d470ad932f2d8c3e6c617c0ab392a7b15ecb3b547,CLDMSK_L2_VIIRS_NOAA21.A2025271.2200.001.2025272073705.nc,2025-09-29T07:37:05.880Z,48220669,967dec7ac5955bd44c14f036cad24666
A2025271.2206,2025-09-28T22:06Z,NOAA-21 VIIRS,VJ214IMG.A2025271.2206.002.2025329115307.nc,2025-11-25T11:53:07.000Z,2.0.14,571616,6ca6bcc8d9c36548fdc85daa3bb6e058a66caebe2cdc9ceef9ee68ba8024c772,CLDMSK_L2_VIIRS_NOAA21.A2025271.2206.001.2025272073705.nc,2025-09-29T07:37:05.190Z,58214672,4aef240325c9f673743c0b215102e0b1
A2025271.2336,2025-09-28T23:36Z,NOAA-21 VIIRS,VJ214IMG.A2025271.2336.002.2025329115308.nc,2025-11-25T11:53:08.000Z,2.0.14,1277786,8a4e5faa0d64ad2c2537960730fba18a4dde7d1d74a5def8a72cadeb2bd67346,CLDMSK_L2_VIIRS_NOAA21.A2025271.2336.001.2025272073653.nc,2025-09-29T07:36:53.520Z,56339537,06f4ab2af820d04b03202c0a0d0ac0ae
A2025271.2342,2025-09-28T23:42Z,NOAA-21 VIIRS,VJ214IMG.A2025271.2342.002.2025329115309.nc,2025-11-25T11:53:09.000Z,2.0.14,499799,d4a43a4ea1bad2eba151c3b9b2831d30bcdda00c04edcc632076ef46764c509d,CLDMSK_L2_VIIRS_NOAA21.A2025271.2342.001.2025272073652.nc,2025-09-29T07:36:52.810Z,49766299,6a9ad4a4def29634720fa18d22b4d14d
A2025272.2136,2025-09-29T21:36Z,NOAA-21 VIIRS,VJ214IMG.A2025272.2136.002.2025329120638.nc,2025-11-25T12:06:38.000Z,2.0.14,1208548,e3883e5f9a99507ca78740fc84e07692ef52d954b685e686bcf06896c5327e43,CLDMSK_L2_VIIRS_NOAA21.A2025272.2136.001.2025273071805.nc,2025-09-30T07:18:05.060Z,55275309,fe5cb740368860b6e52c36989293a33a
A2025272.2142,2025-09-29T21:42Z,NOAA-21 VIIRS,VJ214IMG.A2025272.2142.002.2025329120638.nc,2025-11-25T12:06:38.000Z,2.0.14,844039,618301157855126b8a99d172a3de72d99a6dd9c793b5fa8f70f516633714bcca,CLDMSK_L2_VIIRS_NOAA21.A2025272.2142.001.2025273071804.nc,2025-09-30T07:18:04.970Z,51018949,41e0a0adbf3a04f3cec1b17fced87299
A2025272.2318,2025-09-29T23:18Z,NOAA-21 VIIRS,VJ214IMG.A2025272.2318.002.2025329120638.nc,2025-11-25T12:06:38.000Z,2.0.14,983514,f2ef2b0dbfce393c145529f2eacb7e83dbaa82e181cfe1fbd0b950397973a920,CLDMSK_L2_VIIRS_NOAA21.A2025272.2318.001.2025273071751.nc,2025-09-30T07:17:51.760Z,53878103,132f2b24043b4a88304777eac9b7a7d4
A2025272.2324,2025-09-29T23:24Z,NOAA-21 VIIRS,VJ214IMG.A2025272.2324.002.2025329120637.nc,2025-11-25T12:06:37.000Z,2.0.14,663913,216d86a884b364c99844c9b4e6585225742eb9b5e2ba45d2aae4a7aa82443b57,CLDMSK_L2_VIIRS_NOAA21.A2025272.2324.001.2025273071752.nc,2025-09-30T07:17:52.460Z,49220899,596b5cf3d82d061691f3b75c6e942151
A2025273.2118,2025-09-30T21:18Z,NOAA-21 VIIRS,VJ214IMG.A2025273.2118.002.2025329121710.nc,2025-11-25T12:17:10.000Z,2.0.14,1129248,b168ee36d73e2d9c41c6cd0cf8f41ceef7d74b2046834f8c1ffef361847e3f53,CLDMSK_L2_VIIRS_NOAA21.A2025273.2118.001.2025274072848.nc,2025-10-01T07:28:48.000Z,53754506,a71a81b9310eaf339b7846be7dd05c27
A2025273.2124,2025-09-30T21:24Z,NOAA-21 VIIRS,VJ214IMG.A2025273.2124.002.2025329121708.nc,2025-11-25T12:17:08.000Z,2.0.14,785778,6ee6fca40288bc9f6099cce9352ef88ce40e632e9d2f4b66524a29d753e9ca4b,CLDMSK_L2_VIIRS_NOAA21.A2025273.2124.001.2025274072848.nc,2025-10-01T07:28:48.650Z,56630069,a02c4f45d06deffde6bf4e16502aa2f1
A2025273.2300,2025-09-30T23:00Z,NOAA-21 VIIRS,VJ214IMG.A2025273.2300.002.2025329121708.nc,2025-11-25T12:17:08.000Z,2.0.14,973986,60718f4b8d5c384151fa742bb0d3b1fedb2f3dab047f92b2a6c43a2ca3f5722e,CLDMSK_L2_VIIRS_NOAA21.A2025273.2300.001.2025274072840.nc,2025-10-01T07:28:40.230Z,52399592,8057fa9d24017106f1c230ec4c2b8d68
A2025273.2306,2025-09-30T23:06Z,NOAA-21 VIIRS,VJ214IMG.A2025273.2306.002.2025329121709.nc,2025-11-25T12:17:09.000Z,2.0.14,871901,a2f6702fc8f2cc800e64bf99697fb1d8bb666f8f8ecc4b3ea76699d1f52b0c94,CLDMSK_L2_VIIRS_NOAA21.A2025273.2306.001.2025274072834.nc,2025-10-01T07:28:34.700Z,52118303,dc2f12a41c283c1e363b74564601d82c
A2025274.2242,2025-10-01T22:42Z,NOAA-21 VIIRS,VJ214IMG.A2025274.2242.002.2025340052147.nc,2025-12-06T05:21:47.000Z,2.0.14,774449,cd2c4461a7e6c66abdba92d5018bb9777716dd7c5300242bd9659743474cfc49,CLDMSK_L2_VIIRS_NOAA21.A2025274.2242.001.2025275072907.nc,2025-10-02T07:29:07.100Z,50488527,18aa4c5a78a82c684bf14dc0fc49789f
A2025274.2248,2025-10-01T22:48Z,NOAA-21 VIIRS,VJ214IMG.A2025274.2248.002.2025340052142.nc,2025-12-06T05:21:42.000Z,2.0.14,1275515,2fd98e4589e879821cafd1cb005680ddb102d8493bfcd97e5e2cce160942ba3e,CLDMSK_L2_VIIRS_NOAA21.A2025274.2248.001.2025275072907.nc,2025-10-02T07:29:07.300Z,52782686,f1f2690890421599ecef90e56e3fe851
A2025275.2042,2025-10-02T20:42Z,NOAA-21 VIIRS,VJ214IMG.A2025275.2042.002.2025340051821.nc,2025-12-06T05:18:21.000Z,2.0.14,1513741,dd723ed6f48fbb6531d6cd7d46028d33cf1c09ef39e13df5f54e57649509bf23,CLDMSK_L2_VIIRS_NOAA21.A2025275.2042.001.2025276073029.nc,2025-10-03T07:30:29.840Z,54987220,553e57ba88e6cd250f3dd4cd96aefb93
A2025275.2048,2025-10-02T20:48Z,NOAA-21 VIIRS,VJ214IMG.A2025275.2048.002.2025340051821.nc,2025-12-06T05:18:21.000Z,2.0.14,1271410,f8b2c11c06d5d048ee625099f498fb6d2df9bf109b2ddc450b7b25bc74cbff2a,CLDMSK_L2_VIIRS_NOAA21.A2025275.2048.001.2025276073030.nc,2025-10-03T07:30:30.780Z,56385220,13cda6337b550eeb6265d9821d37a849
A2025275.2224,2025-10-02T22:24Z,NOAA-21 VIIRS,VJ214IMG.A2025275.2224.002.2025340051839.nc,2025-12-06T05:18:39.000Z,2.0.14,555176,4e6aa4f5473b3a67b2c312faebe3ffc6f759ae6b2817dbd28fcc2fd3c3d1816d,CLDMSK_L2_VIIRS_NOAA21.A2025275.2224.001.2025276073038.nc,2025-10-03T07:30:38.280Z,47456617,67adfe8a83df4e713a2a00b0072098da
A2025275.2230,2025-10-02T22:30Z,NOAA-21 VIIRS,VJ214IMG.A2025275.2230.002.2025340051836.nc,2025-12-06T05:18:36.000Z,2.0.14,1077584,336525498afbcf579a1f038255c84b80fc945610a0d1a47f4c13f734988586b9,CLDMSK_L2_VIIRS_NOAA21.A2025275.2230.001.2025276073039.nc,2025-10-03T07:30:39.090Z,55253939,4e2d26d9b1b6f0cde1322e501dd8ec78
A2025276.0000,2025-10-03T00:00Z,NOAA-21 VIIRS,VJ214IMG.A2025276.0000.002.2025340052207.nc,2025-12-06T05:22:07.000Z,2.0.14,1263088,5a0fbb7d7b99fd03d8912ddfec7ee9ef55dcc6d38c65b902a01aea39161c529b,CLDMSK_L2_VIIRS_NOAA21.A2025276.0000.001.2025276131042.nc,2025-10-03T13:10:42.030Z,58409408,2bc26a008dc9b766e5c092362162c514
A2025276.0006,2025-10-03T00:06Z,NOAA-21 VIIRS,VJ214IMG.A2025276.0006.002.2025340052205.nc,2025-12-06T05:22:05.000Z,2.0.14,608044,563f1b61b1d1325c35602f89542c06030908770cf495cef9f16141480b41d1ad,CLDMSK_L2_VIIRS_NOAA21.A2025276.0006.001.2025276131039.nc,2025-10-03T13:10:39.210Z,51604062,7ddd73133a44849038f89e5b37ae65b6
A2025276.2200,2025-10-03T22:00Z,NOAA-21 VIIRS,VJ214IMG.A2025276.2200.002.2025340052505.nc,2025-12-06T05:25:05.000Z,2.0.14,1168200,a09bf3cbfa7f04c16783e20fa860ed231b376c59699fdf3e15834f46809471a1,CLDMSK_L2_VIIRS_NOAA21.A2025276.2200.001.2025277072109.nc,2025-10-04T07:21:09.240Z,55147831,ffa5ab35e2b76d8f684249e1edffb8e5
A2025276.2206,2025-10-03T22:06Z,NOAA-21 VIIRS,VJ214IMG.A2025276.2206.002.2025340052452.nc,2025-12-06T05:24:52.000Z,2.0.14,690216,c45d908326cfda2520f93e3ebc2a83ad6965a30153d43b73501a513ab9fc39df,CLDMSK_L2_VIIRS_NOAA21.A2025276.2206.001.2025277072112.nc,2025-10-04T07:21:12.970Z,47043320,6c06c2ee5613ffec3c2ca44e90e3d0d1
A2025276.2212,2025-10-03T22:12Z,NOAA-21 VIIRS,VJ214IMG.A2025276.2212.002.2025340052449.nc,2025-12-06T05:24:49.000Z,2.0.14,868428,ce1a56b5488a99ea6f0c8a847a57024f8f3f62b73b1b8e19641df57fb08c00da,CLDMSK_L2_VIIRS_NOAA21.A2025276.2212.001.2025277072107.nc,2025-10-04T07:21:07.720Z,56981182,ba1ecb0792c52132698159cf489665e6
A2025276.2342,2025-10-03T23:42Z,NOAA-21 VIIRS,VJ214IMG.A2025276.2342.002.2025340052503.nc,2025-12-06T05:25:03.000Z,2.0.14,1144289,434b3f32e2a979bf6ed94c0a11b367da1563e74f4237b90730088ec65d6f6dd0,CLDMSK_L2_VIIRS_NOAA21.A2025276.2342.001.2025277072055.nc,2025-10-04T07:20:55.750Z,55504054,b91e0e3ff3c2890910fe06fdb3caeef4
A2025276.2348,2025-10-03T23:48Z,NOAA-21 VIIRS,VJ214IMG.A2025276.2348.002.2025340052513.nc,2025-12-06T05:25:13.000Z,2.0.14,668369,c313daf7f0e513303a3e4f190bd9adfa61a065fb68ce5fa577a521109cf0fcb3,CLDMSK_L2_VIIRS_NOAA21.A2025276.2348.001.2025277072055.nc,2025-10-04T07:20:55.370Z,51116832,61260232831f67ba2a955c61c57790fd
A2025277.2142,2025-10-04T21:42Z,NOAA-21 VIIRS,VJ214IMG.A2025277.2142.002.2025340052751.nc,2025-12-06T05:27:51.000Z,2.0.14,1204050,9bb1239c50472bf716d04182ef3dfc146439289d5b9123262e31d7bbaee0c2a5,CLDMSK_L2_VIIRS_NOAA21.A2025277.2142.001.2025278073220.nc,2025-10-05T07:32:20.320Z,56205868,b1be98a0c898a2970bdb3d672af224c9
A2025277.2148,2025-10-04T21:48Z,NOAA-21 VIIRS,VJ214IMG.A2025277.2148.002.2025340052755.nc,2025-12-06T05:27:55.000Z,2.0.14,740373,dc1afe645718cc29821c6cf37f09673f123935be6d0928c1780787cd51d832e7,CLDMSK_L2_VIIRS_NOAA21.A2025277.2148.001.2025278073214.nc,2025-10-05T07:32:14.980Z,50751096,351100d7371c92c4f8805dd401448439
A2025277.2324,2025-10-04T23:24Z,NOAA-21 VIIRS,VJ214IMG.A2025277.2324.002.2025340052800.nc,2025-12-06T05:28:00.000Z,2.0.14,940466,c28a6a114c7ca6b730a4861e76923dbaf4ac2ce4c5f079fe37e0ccc979b54b8a,CLDMSK_L2_VIIRS_NOAA21.A2025277.2324.001.2025278073207.nc,2025-10-05T07:32:07.020Z,52257529,d4b6e242cb60c9516e9574531cbc347a
A2025277.2330,2025-10-04T23:30Z,NOAA-21 VIIRS,VJ214IMG.A2025277.2330.002.2025340052800.nc,2025-12-06T05:28:00.000Z,2.0.14,631000,222475e2f5d6b4034eba8a47651a9845db33873b8e07d65d1f065e6d0794851d,CLDMSK_L2_VIIRS_NOAA21.A2025277.2330.001.2025278073206.nc,2025-10-05T07:32:06.920Z,50227433,bc7f74b6340a9cecc1c21c49122455cb
A2025278.2124,2025-10-05T21:24Z,NOAA-21 VIIRS,VJ214IMG.A2025278.2124.002.2025340053013.nc,2025-12-06T05:30:13.000Z,2.0.14,1075813,222a09a7f557a659cc69887bf6e885a0d58bf7e7f4d7a8beb530f8759ee76842,CLDMSK_L2_VIIRS_NOAA21.A2025278.2124.001.2025279073313.nc,2025-10-06T07:33:13.900Z,56735144,8cac1e345f2164d3ce2d90fa635342da
A2025278.2130,2025-10-05T21:30Z,NOAA-21 VIIRS,VJ214IMG.A2025278.2130.002.2025340053014.nc,2025-12-06T05:30:14.000Z,2.0.14,657013,3577fc2d0f48217a26d0464b48c651c875429fbbc91b84fcc3249f6cb1ef27e0,CLDMSK_L2_VIIRS_NOAA21.A2025278.2130.001.2025279073313.nc,2025-10-06T07:33:13.440Z,53589431,fbb7379b91aebf88363e02f6442ee9fa
A2025278.2306,2025-10-05T23:06Z,NOAA-21 VIIRS,VJ214IMG.A2025278.2306.002.2025340053045.nc,2025-12-06T05:30:45.000Z,2.0.14,758996,8f402e4a9cd36dcb0780f382db98b334b66b9f51494d5cc059de7ecf5e42e876,CLDMSK_L2_VIIRS_NOAA21.A2025278.2306.001.2025279073301.nc,2025-10-06T07:33:01.140Z,50911273,1863fd61f0f48bbf9840c7e7b9bd26f6
A2025278.2312,2025-10-05T23:12Z,NOAA-21 VIIRS,VJ214IMG.A2025278.2312.002.2025340053037.nc,2025-12-06T05:30:37.000Z,2.0.14,836730,f02dd3f030265959eceddf5206a2938fbb61f29ae01f1158da225a6866386dda,CLDMSK_L2_VIIRS_NOAA21.A2025278.2312.001.2025279073257.nc,2025-10-06T07:32:57.650Z,51074454,f2178ba1df69ca3b0b5f45c027450b01
A2025279.2106,2025-10-06T21:06Z,NOAA-21 VIIRS,VJ214IMG.A2025279.2106.002.2025340053309.nc,2025-12-06T05:33:09.000Z,2.0.14,1023426,a31fca20cc6d8fc0a4ef1284b95d072ab43c2963492455df34c3ae9fbc767edb,CLDMSK_L2_VIIRS_NOAA21.A2025279.2106.001.2025280073407.nc,2025-10-07T07:34:07.170Z,56073401,7b2b254055c03b84a334f34504d49491
A2025279.2112,2025-10-06T21:12Z,NOAA-21 VIIRS,VJ214IMG.A2025279.2112.002.2025340053309.nc,2025-12-06T05:33:09.000Z,2.0.14,529893,caea70cb54b87100658a7b0753f4715956bee2f0d08150a1fc0646468dff5be3,CLDMSK_L2_VIIRS_NOAA21.A2025279.2112.001.2025280073406.nc,2025-10-07T07:34:06.850Z,55564220,739b5fd948be6284e4cfb961e09a68e0
A2025279.2248,2025-10-06T22:48Z,NOAA-21 VIIRS,VJ214IMG.A2025279.2248.002.2025340053315.nc,2025-12-06T05:33:15.000Z,2.0.14,600395,04acd5e7c6c2b86bd210075bc955ee3e195ee084c13af466b084b35efd3d20c9,CLDMSK_L2_VIIRS_NOAA21.A2025279.2248.001.2025280073355.nc,2025-10-07T07:33:55.920Z,47903420,e03e0b925ea13e5bc3d873c532c12d8c
A2025279.2254,2025-10-06T22:54Z,NOAA-21 VIIRS,VJ214IMG.A2025279.2254.002.2025340053328.nc,2025-12-06T05:33:28.000Z,2.0.14,891007,a19f23004c60090a7fe35b78bd7b4c6e62362053ba63cb7127266b77a1743e57,CLDMSK_L2_VIIRS_NOAA21.A2025279.2254.001.2025280073353.nc,2025-10-07T07:33:53.200Z,53186515,5242c6ac495ad8091ab20940929e4993
A2025280.2048,2025-10-07T20:48Z,NOAA-21 VIIRS,VJ214IMG.A2025280.2048.002.2025340053551.nc,2025-12-06T05:35:51.000Z,2.0.14,1096755,fd36b5b8f306e523cee05ebbeb69e8abc2b34813f72bc582e0f6f51b461af826,CLDMSK_L2_VIIRS_NOAA21.A2025280.2048.001.2025281072527.nc,2025-10-08T07:25:27.650Z,55015217,c3aa942671a3d825114e4ba70f4694bf
A2025280.2054,2025-10-07T20:54Z,NOAA-21 VIIRS,VJ214IMG.A2025280.2054.002.2025340053643.nc,2025-12-06T05:36:43.000Z,2.0.14,521080,91fb59253699ebc8f4333d991fe922e39cec86ac7d0a485b9b935669da1b3623,CLDMSK_L2_VIIRS_NOAA21.A2025280.2054.001.2025281072527.nc,2025-10-08T07:25:27.730Z,55754499,5fa73207db68d3f00b0ecf4ced9e49e9
A2025280.2230,2025-10-07T22:30Z,NOAA-21 VIIRS,VJ214IMG.A2025280.2230.002.2025340053553.nc,2025-12-06T05:35:53.000Z,2.0.14,527930,21b68efe637009fce5a13a862bdd3416acb1e676b22f26af14e61d79b8dee641,CLDMSK_L2_VIIRS_NOAA21.A2025280.2230.001.2025281072527.nc,2025-10-08T07:25:27.980Z,46546609,40e46e1a63f94a483c6db2a10ec5dd8b
A2025280.2236,2025-10-07T22:36Z,NOAA-21 VIIRS,VJ214IMG.A2025280.2236.002.2025340053617.nc,2025-12-06T05:36:17.000Z,2.0.14,635386,3d19ff50b797317fd8b1bf92d80e87f2389f3ec5504b2e1fb6cde9f288523b6d,CLDMSK_L2_VIIRS_NOAA21.A2025280.2236.001.2025281072528.nc,2025-10-08T07:25:28.830Z,55944733,edc037bce9ba737f9dcbde9a1faa6560
A2025281.2212,2025-10-08T22:12Z,NOAA-21 VIIRS,VJ214IMG.A2025281.2212.002.2025340053853.nc,2025-12-06T05:38:53.000Z,2.0.14,474552,e4d131f0310760ccda6be65727f092a69474513bf233a6e75482bfe4659790cd,CLDMSK_L2_VIIRS_NOAA21.A2025281.2212.001.2025282073630.nc,2025-10-09T07:36:30.070Z,47377337,c0528ffa230cd62c69852419901a3b5d
A2025281.2218,2025-10-08T22:18Z,NOAA-21 VIIRS,VJ214IMG.A2025281.2218.002.2025340053856.nc,2025-12-06T05:38:56.000Z,2.0.14,775149,ab936b8766b8121ee5c65b19a7a4a768daef92db90403f90f5645ca934b7fd08,CLDMSK_L2_VIIRS_NOAA21.A2025281.2218.001.2025282073650.nc,2025-10-09T07:36:50.140Z,58716186,3adce36641927abb1859617e3eead328
A2025281.2348,2025-10-08T23:48Z,NOAA-21 VIIRS,VJ214IMG.A2025281.2348.002.2025340053911.nc,2025-12-06T05:39:11.000Z,2.0.14,1374564,050092768021f6a75db446dfd179d2185d297bbca41a040b9c2e8979d69c1f10,CLDMSK_L2_VIIRS_NOAA21.A2025281.2348.001.2025282073739.nc,2025-10-09T07:37:39.250Z,55909073,216f95e38698c0c8b5c685db12345c78
A2025281.2354,2025-10-08T23:54Z,NOAA-21 VIIRS,VJ214IMG.A2025281.2354.002.2025340053911.nc,2025-12-06T05:39:11.000Z,2.0.14,458648,baae655f8cd4f0b1b7e1b69553fb88fc300d7f06e8215da668ca1c0664414a9d,CLDMSK_L2_VIIRS_NOAA21.A2025281.2354.001.2025282073637.nc,2025-10-09T07:36:37.170Z,49351719,c566e781fc0ac3d9c6fdf52bfa367a4a
A2025282.2148,2025-10-09T21:48Z,NOAA-21 VIIRS,VJ214IMG.A2025282.2148.002.2025340054122.nc,2025-12-06T05:41:22.000Z,2.0.14,1147081,26b4544f198d706475e1f5c49fc73bd877dea58b07c2041b40bfdf79c191889f,CLDMSK_L2_VIIRS_NOAA21.A2025282.2148.001.2025283073650.nc,2025-10-10T07:36:50.800Z,54275129,a82fdfdb845eced0ca005d798bf08c0d
A2025282.2154,2025-10-09T21:54Z,NOAA-21 VIIRS,VJ214IMG.A2025282.2154.002.2025340054130.nc,2025-12-06T05:41:30.000Z,2.0.14,444754,c25b084e580fcb1851ef8e86d5062f0e079f54d448116205e84d9653b2ffa973,CLDMSK_L2_VIIRS_NOAA21.A2025282.2154.001.2025283073729.nc,2025-10-10T07:37:29.890Z,48335661,c990594747cec58ba5c5635717b7e27b
A2025282.2330,2025-10-09T23:30Z,NOAA-21 VIIRS,VJ214IMG.A2025282.2330.002.2025340054136.nc,2025-12-06T05:41:36.000Z,2.0.14,1070293,7bf4bac261705f7a2b2977bf6d1102a8df722d9613999194978159f7a712cf09,CLDMSK_L2_VIIRS_NOAA21.A2025282.2330.001.2025283073735.nc,2025-10-10T07:37:35.410Z,54988136,a5be9ab5e638ce7f5c4e6bd056d273ba
A2025282.2336,2025-10-09T23:36Z,NOAA-21 VIIRS,VJ214IMG.A2025282.2336.002.2025340054129.nc,2025-12-06T05:41:29.000Z,2.0.14,487996,70b3758ef1214e357e6584dd8721efbb0248639eb460514958b4bb2c9f0ca136,CLDMSK_L2_VIIRS_NOAA21.A2025282.2336.001.2025283073658.nc,2025-10-10T07:36:58.330Z,48966857,91cb9d99098755a66cca6a1a2d9f8fc5
A2025283.2130,2025-10-10T21:30Z,NOAA-21 VIIRS,VJ214IMG.A2025283.2130.002.2025340054314.nc,2025-12-06T05:43:14.000Z,2.0.14,1046681,f227c6a019072846862e20e2c5975b3f846cf348d60932ea9efd3ea84e091677,CLDMSK_L2_VIIRS_NOAA21.A2025283.2130.001.2025284072829.nc,2025-10-11T07:28:29.960Z,55572626,7173b1ddb3b882e6bb3586ec546800a6
A2025283.2136,2025-10-10T21:36Z,NOAA-21 VIIRS,VJ214IMG.A2025283.2136.002.2025340054326.nc,2025-12-06T05:43:26.000Z,2.0.14,544785,0eba52fb955a67ec4e72396d58b8fa6139ff8218ba8c557b6b7057950dcd3ccb,CLDMSK_L2_VIIRS_NOAA21.A2025283.2136.001.2025284072825.nc,2025-10-11T07:28:25.550Z,51144935,4a5c058f5caf2db67a1c3996c95df706
A2025283.2312,2025-10-10T23:12Z,NOAA-21 VIIRS,VJ214IMG.A2025283.2312.002.2025340054338.nc,2025-12-06T05:43:38.000Z,2.0.14,1009132,796e61ef1aa8ad95db2b515a55b977b88d7444d3b965d8b0458ae365d9076bdb,CLDMSK_L2_VIIRS_NOAA21.A2025283.2312.001.2025284072756.nc,2025-10-11T07:27:56.590Z,54260921,570b9358231b92883fbb8c48fa4c19fc
A2025283.2318,2025-10-10T23:18Z,NOAA-21 VIIRS,VJ214IMG.A2025283.2318.002.2025340054330.nc,2025-12-06T05:43:30.000Z,2.0.14,629878,6ec813c62d4206a299c6ea0036ce80057f4ebba90a10805873eaaee4f32e1d12,CLDMSK_L2_VIIRS_NOAA21.A2025283.2318.001.2025284072758.nc,2025-10-11T07:27:58.130Z,49943009,95aa01b3ea8885a46b9b08cbef192974
A2025284.2112,2025-10-11T21:12Z,NOAA-21 VIIRS,VJ214IMG.A2025284.2112.002.2025340054623.nc,2025-12-06T05:46:23.000Z,2.0.14,1131382,92c30d92b46ed21096b3668a8f9b71109b1d4ef67cc2e293bfb5347e54893a4c,CLDMSK_L2_VIIRS_NOAA21.A2025284.2112.001.2025285072857.nc,2025-10-12T07:28:57.160Z,55786844,5d67bfa9f49c4a196ddb9f8adfaa5b9f
A2025284.2118,2025-10-11T21:18Z,NOAA-21 VIIRS,VJ214IMG.A2025284.2118.002.2025340054623.nc,2025-12-06T05:46:23.000Z,2.0.14,675247,1bff3af30b6fe5029f84696bdbd01f82103ec03e60dd37c9b6e4b5ed1aa0d8f1,CLDMSK_L2_VIIRS_NOAA21.A2025284.2118.001.2025285072902.nc,2025-10-12T07:29:02.070Z,53319137,5a84c88f09cf7d49c13b1da91315ef29
A2025284.2254,2025-10-11T22:54Z,NOAA-21 VIIRS,VJ214IMG.A2025284.2254.002.2025340054613.nc,2025-12-06T05:46:13.000Z,2.0.14,785526,68970105b433a9d3e91d0a8e1cc9777cdee5741fe5324d3d9a104a4cee1dfc27,CLDMSK_L2_VIIRS_NOAA21.A2025284.2254.001.2025285072859.nc,2025-10-12T07:28:59.420Z,52613955,1a16aabe0606be8b9d0378ee010655df
A2025284.2300,2025-10-11T23:00Z,NOAA-21 VIIRS,VJ214IMG.A2025284.2300.002.2025340054647.nc,2025-12-06T05:46:47.000Z,2.0.14,882406,a7b8d6dc5278335075bdf7e5a29df3ff71ade0ac5303ef440559fb7254517916,CLDMSK_L2_VIIRS_NOAA21.A2025284.2300.001.2025285072849.nc,2025-10-12T07:28:49.670Z,52630652,3fb5a210ae9ceda49bcb5e4794f691d0
A2025285.2054,2025-10-12T20:54Z,NOAA-21 VIIRS,VJ214IMG.A2025285.2054.002.2025340055523.nc,2025-12-06T05:55:23.000Z,2.0.14,877715,06199199659b00067fcfd96c4649d81a3734cc18e24c790f4105ee6a351f2ae8,CLDMSK_L2_VIIRS_NOAA21.A2025285.2054.001.2025286073931.nc,2025-10-13T07:39:31.160Z,52569977,3cd551e14a55bc62d6670ace084a9e7f
A2025285.2100,2025-10-12T21:00Z,NOAA-21 VIIRS,VJ214IMG.A2025285.2100.002.2025340055524.nc,2025-12-06T05:55:24.000Z,2.0.14,1342054,aa232202c646d0ed9c99a847def6b3d7505c58fed8e4a8c21777a433f7665fcc,CLDMSK_L2_VIIRS_NOAA21.A2025285.2100.001.2025286073931.nc,2025-10-13T07:39:31.920Z,52008350,79e029d5bf931e1b177b819f99f4fb4a
A2025285.2236,2025-10-12T22:36Z,NOAA-21 VIIRS,VJ214IMG.A2025285.2236.002.2025340055550.nc,2025-12-06T05:55:50.000Z,2.0.14,661614,2c3fb77c77a6c0bc0f0feaf1a91250ea787805d074835b14320c979deb174116,CLDMSK_L2_VIIRS_NOAA21.A2025285.2236.001.2025286073945.nc,2025-10-13T07:39:45.410Z,50270427,d6c8c36dae5bdf2b6e77e21694d65528
A2025285.2242,2025-10-12T22:42Z,NOAA-21 VIIRS,VJ214IMG.A2025285.2242.002.2025340055550.nc,2025-12-06T05:55:50.000Z,2.0.14,974185,530f7f33c88728eadae3015417628e2ca5d9b42f63b87b66f32d5a2429b95996,CLDMSK_L2_VIIRS_NOAA21.A2025285.2242.001.2025286073918.nc,2025-10-13T07:39:18.710Z,54152036,7d984de4970877a17e6b4d43ed87d716
A2025286.2042,2025-10-13T20:42Z,NOAA-21 VIIRS,VJ214IMG.A2025286.2042.002.2025340055822.nc,2025-12-06T05:58:22.000Z,2.0.14,2240779,afb04d7a65c82b34361121c284daf3d7c5c52b74dab8cf6b930ab10f4be73820,CLDMSK_L2_VIIRS_NOAA21.A2025286.2042.001.2025287074003.nc,2025-10-14T07:40:03.600Z,53516961,fd2df5b83fe6a3d77fc838a4bf79e4ca
A2025286.2218,2025-10-13T22:18Z,NOAA-21 VIIRS,VJ214IMG.A2025286.2218.002.2025340055842.nc,2025-12-06T05:58:42.000Z,2.0.14,522083,e38cc6c3e3fb02e0c6c50a43babc5a4cbb1b31b8695ea0afee2506d28df1bbf8,CLDMSK_L2_VIIRS_NOAA21.A2025286.2218.001.2025287074009.nc,2025-10-14T07:40:09.940Z,48227735,817c51d7fa5cbd90f42a5f3f781624c6
A2025286.2224,2025-10-13T22:24Z,NOAA-21 VIIRS,VJ214IMG.A2025286.2224.002.2025340055835.nc,2025-12-06T05:58:35.000Z,2.0.14,682537,3cc2b2007b3a6447b2b416153814186f0f14769d269f5d7e3644e68c493aaef0,CLDMSK_L2_VIIRS_NOAA21.A2025286.2224.001.2025287074011.nc,2025-10-14T07:40:11.250Z,56256042,bb9a92973605e10233ecd3574edf4dba
A2025286.2354,2025-10-13T23:54Z,NOAA-21 VIIRS,VJ214IMG.A2025286.2354.002.2025340055848.nc,2025-12-06T05:58:48.000Z,2.0.14,1357917,e7e888b822ab4739f61086183e17345f5f49c5491756ba14bd2473250a101536,CLDMSK_L2_VIIRS_NOAA21.A2025286.2354.001.2025287074026.nc,2025-10-14T07:40:26.280Z,60759228,9ab72f3f2f8b3c103a940c53a14488da
A2025287.0000,2025-10-14T00:00Z,NOAA-21 VIIRS,VJ214IMG.A2025287.0000.002.2025340061135.nc,2025-12-06T06:11:35.000Z,2.0.14,434076,84c96ae00871bad9f48455f82a2526fb695dc4fb88b5c9901c25ad00b517d632,CLDMSK_L2_VIIRS_NOAA21.A2025287.0000.001.2025287131015.nc,2025-10-14T13:10:15.390Z,47864046,36c9e4cd10181c2e968004899f4ea057
A2025287.2154,2025-10-14T21:54Z,NOAA-21 VIIRS,VJ214IMG.A2025287.2154.002.2025340061742.nc,2025-12-06T06:17:42.000Z,2.0.14,1175436,ebe65d4142d714dde6910b7d1c70d1aa26c404d60955e1171ddf723a8e32e0a5,CLDMSK_L2_VIIRS_NOAA21.A2025287.2154.001.2025288073046.nc,2025-10-15T07:30:46.970Z,57705719,30c0265ba315b69abe182ee2cb23fdca
A2025287.2200,2025-10-14T22:00Z,NOAA-21 VIIRS,VJ214IMG.A2025287.2200.002.2025340061750.nc,2025-12-06T06:17:50.000Z,2.0.14,445524,3de1dcdbbd6fe13cc0f78d2d915bb4cac634f6b79b6314d0ff63ad68dadf797d,CLDMSK_L2_VIIRS_NOAA21.A2025287.2200.001.2025288073049.nc,2025-10-15T07:30:49.040Z,47667230,704de1453a83be1ec578aedae8ce6b5f
A2025287.2336,2025-10-14T23:36Z,NOAA-21 VIIRS,VJ214IMG.A2025287.2336.002.2025340061805.nc,2025-12-06T06:18:05.000Z,2.0.14,1252114,d04ea2d7672afa2f14115a73c83c6a14aa6d30318bd14ce73373d9ea823c3014,CLDMSK_L2_VIIRS_NOAA21.A2025287.2336.001.2025288073035.nc,2025-10-15T07:30:35.390Z,59549912,b1a0fdc7e8abd9878938a7c02bb6f32a
A2025287.2342,2025-10-14T23:42Z,NOAA-21 VIIRS,VJ214IMG.A2025287.2342.002.2025340061807.nc,2025-12-06T06:18:07.000Z,2.0.14,469289,e9e94de39400fce6dbea7864ada32a10c4b9d4eac98c6216832ff88cbfb53c3e,CLDMSK_L2_VIIRS_NOAA21.A2025287.2342.001.2025288073035.nc,2025-10-15T07:30:35.530Z,47785958,292edd3b5e5fc7f4e6342263946fed4a
A2025288.2136,2025-10-15T21:36Z,NOAA-21 VIIRS,VJ214IMG.A2025288.2136.002.2025340062051.nc,2025-12-06T06:20:51.000Z,2.0.14,1093322,e680aaf935a52fdecc51ca15ebccb46d9fdea7ea6a1e465cccb64d5eb313ffe2,CLDMSK_L2_VIIRS_NOAA21.A2025288.2136.001.2025289073153.nc,2025-10-16T07:31:53.600Z,55717944,cfcfb7865957624c86ff6fd2fd61780f
A2025288.2142,2025-10-15T21:42Z,NOAA-21 VIIRS,VJ214IMG.A2025288.2142.002.2025340062047.nc,2025-12-06T06:20:47.000Z,2.0.14,535326,b29069c31e167c74378dae8677a7ef51811f7702944516e5143523fd77e94f90,CLDMSK_L2_VIIRS_NOAA21.A2025288.2142.001.2025289073152.nc,2025-10-16T07:31:52.430Z,49738379,8ef5371526325608d3641bdf4df1d6af
A2025288.2318,2025-10-15T23:18Z,NOAA-21 VIIRS,VJ214IMG.A2025288.2318.002.2025340062100.nc,2025-12-06T06:21:00.000Z,2.0.14,1054031,6bdec5e6b916fe34f43414174552f8ef2c125281840e9f89087cb3380489ebaf,CLDMSK_L2_VIIRS_NOAA21.A2025288.2318.001.2025289073147.nc,2025-10-16T07:31:47.420Z,55102269,c681ff8fee0431eec1c95b0e61397cd4
A2025288.2324,2025-10-15T23:24Z,NOAA-21 VIIRS,VJ214IMG.A2025288.2324.002.2025340062057.nc,2025-12-06T06:20:57.000Z,2.0.14,530240,fb9357ac13bbaffcc14f5da00c561dc8c5a4043b5e974b5465f15f82920d7784,CLDMSK_L2_VIIRS_NOAA21.A2025288.2324.001.2025289073146.nc,2025-10-16T07:31:46.800Z,49311699,4d225458246e8d0aba4a539c69ec4984
A2025289.2118,2025-10-16T21:18Z,NOAA-21 VIIRS,VJ214IMG.A2025289.2118.002.2025340062312.nc,2025-12-06T06:23:12.000Z,2.0.14,994673,55899ba3a50e5512519ad33d9c901a81f239a2062744c73b4e4d2efa20cd401d,CLDMSK_L2_VIIRS_NOAA21.A2025289.2118.001.2025290074313.nc,2025-10-17T07:43:13.200Z,54602434,01e5b1766026003a2a3db5c8bb644cd0
A2025289.2124,2025-10-16T21:24Z,NOAA-21 VIIRS,VJ214IMG.A2025289.2124.002.2025340062313.nc,2025-12-06T06:23:13.000Z,2.0.14,1023529,b9500bd4a739cbedd8690bd92a20fc2f468baaaaa96a33d5ecc607ee7f37566c,CLDMSK_L2_VIIRS_NOAA21.A2025289.2124.001.2025290074359.nc,2025-10-17T07:43:59.020Z,50513112,fbfbf60f3c0c9f134a9bee3ffd3d2aa6
A2025289.2300,2025-10-16T23:00Z,NOAA-21 VIIRS,VJ214IMG.A2025289.2300.002.2025340062324.nc,2025-12-06T06:23:24.000Z,2.0.14,775238,07dd95ca4a43c1e699688a9fd205850dafa347aec6ced9d00eb4879a35a2a0d0,CLDMSK_L2_VIIRS_NOAA21.A2025289.2300.001.2025290074337.nc,2025-10-17T07:43:37.420Z,53042060,43c1509c269da5bb7548ff4fd6967de9
A2025289.2306,2025-10-16T23:06Z,NOAA-21 VIIRS,VJ214IMG.A2025289.2306.002.2025340062325.nc,2025-12-06T06:23:25.000Z,2.0.14,818214,b4fc503bcd3813e6e4d6ed15d2f172cbe1ecb93999f0cb606174de74dea73109,CLDMSK_L2_VIIRS_NOAA21.A2025289.2306.001.2025290074329.nc,2025-10-17T07:43:29.850Z,50802377,8822dc59ef48b80b5248c3e95f0834db
A2025290.2100,2025-10-17T21:00Z,NOAA-21 VIIRS,VJ214IMG.A2025290.2100.002.2025340063541.nc,2025-12-06T06:35:41.000Z,2.0.14,988948,9a93e8452518d61f9e8112c0ffd00562f5b714e9c04102caa24c5ef15150cc17,CLDMSK_L2_VIIRS_NOAA21.A2025290.2100.001.2025291072412.nc,2025-10-18T07:24:12.040Z,53859207,249dc12b71a36bf7a366fd786c0b28b9
A2025290.2106,2025-10-17T21:06Z,NOAA-21 VIIRS,VJ214IMG.A2025290.2106.002.2025340063539.nc,2025-12-06T06:35:39.000Z,2.0.14,1698014,3acdeb66981e9e1270c145f069c7f500999a265300ffd523d2c6c96061dc4d25,CLDMSK_L2_VIIRS_NOAA21.A2025290.2106.001.2025291072356.nc,2025-10-18T07:23:56.830Z,51486834,125ea8f2008bae31b0fc2bbc6f07b40a
A2025290.2242,2025-10-17T22:42Z,NOAA-21 VIIRS,VJ214IMG.A2025290.2242.002.2025340063555.nc,2025-12-06T06:35:55.000Z,2.0.14,771459,186f4fcd617c56f173edab6954c07d492999acade2f3ce6d1b370727dfc3256d,CLDMSK_L2_VIIRS_NOAA21.A2025290.2242.001.2025291072332.nc,2025-10-18T07:23:32.360Z,51042472,f81030f1dea22b76e92756c1a4f523ba
A2025290.2248,2025-10-17T22:48Z,NOAA-21 VIIRS,VJ214IMG.A2025290.2248.002.2025340063556.nc,2025-12-06T06:35:56.000Z,2.0.14,763917,2650e6950bd9c71bd6c605df6910df068dfde80a7bdc1d2deec2d7cf61fe7e4a,CLDMSK_L2_VIIRS_NOAA21.A2025290.2248.001.2025291072429.nc,2025-10-18T07:24:29.150Z,53460609,e565d3314c254a70baa3a747f4424eff
A2025291.2042,2025-10-18T20:42Z,NOAA-21 VIIRS,VJ214IMG.A2025291.2042.002.2025340063808.nc,2025-12-06T06:38:08.000Z,2.0.14,1012523,5a4c2b4c99feeea07c6ed976da7a43d90111867c0e5f7cd4156fec2ed3d1f858,CLDMSK_L2_VIIRS_NOAA21.A2025291.2042.001.2025292073426.nc,2025-10-19T07:34:26.270Z,53981889,8fbf63f765da773a634c4e9a9bbdb7cd
A2025291.2048,2025-10-18T20:48Z,NOAA-21 VIIRS,VJ214IMG.A2025291.2048.002.2025340063808.nc,2025-12-06T06:38:08.000Z,2.0.14,1994749,5213af3fa2e52f8a938c52f54336cfc22203d3d70244c6c1182bd7f154674755,CLDMSK_L2_VIIRS_NOAA21.A2025291.2048.001.2025292073437.nc,2025-10-19T07:34:37.810Z,52750990,4142bced7d03aeb90eb357f3221d0a51
A2025291.2224,2025-10-18T22:24Z,NOAA-21 VIIRS,VJ214IMG.A2025291.2224.002.2025340063815.nc,2025-12-06T06:38:15.000Z,2.0.14,601736,fc8f8a87fa0c24ef49ae4d979ff1fe84c20b44b34c2a1fd83c911049d3d70b31,CLDMSK_L2_VIIRS_NOAA21.A2025291.2224.001.2025292073440.nc,2025-10-19T07:34:40.580Z,49080427,522d0518a7d4fccf53fb112c9311a342
A2025291.2230,2025-10-18T22:30Z,NOAA-21 VIIRS,VJ214IMG.A2025291.2230.002.2025340063814.nc,2025-12-06T06:38:14.000Z,2.0.14,717065,d0fe13816c75bda74fda639524f1b8008afc61615f14c611317ff61d5e0910f2,CLDMSK_L2_VIIRS_NOAA21.A2025291.2230.001.2025292073448.nc,2025-10-19T07:34:48.980Z,56598910,4bc30869df22d55df5f1f5f8c86f806b
A2025292.0000,2025-10-19T00:00Z,NOAA-21 VIIRS,VJ214IMG.A2025292.0000.002.2025340064904.nc,2025-12-06T06:49:04.000Z,2.0.14,1411796,cfbfe2dc9afab8e24c8ccb0108235bf5985c6b369039f9b1f579440d4c37b184,CLDMSK_L2_VIIRS_NOAA21.A2025292.0000.001.2025292130404.nc,2025-10-19T13:04:04.720Z,61367529,9122d0ddbd5244e10cb70c4fba0e7423
A2025292.2200,2025-10-19T22:00Z,NOAA-21 VIIRS,VJ214IMG.A2025292.2200.002.2025340065309.nc,2025-12-06T06:53:09.000Z,2.0.14,1439435,b149716e32c6363c2c0e52e191c83276a84e6d6a9eb2b3e53c00a3cac71f7a67,CLDMSK_L2_VIIRS_NOAA21.A2025292.2200.001.2025293072511.nc,2025-10-20T07:25:11.560Z,57182316,8247a396ec41a680a73c232c965d3702
A2025292.2206,2025-10-19T22:06Z,NOAA-21 VIIRS,VJ214IMG.A2025292.2206.002.2025340065309.nc,2025-12-06T06:53:09.000Z,2.0.14,578167,13eb300968cca028a2146f33bf915a481f405f0dca558925562993e925dc8e46,CLDMSK_L2_VIIRS_NOAA21.A2025292.2206.001.2025293072528.nc,2025-10-20T07:25:28.610Z,47966881,82bb914a2866f5af3e62c55542f4646f
A2025292.2342,2025-10-19T23:42Z,NOAA-21 VIIRS,VJ214IMG.A2025292.2342.002.2025340065319.nc,2025-12-06T06:53:19.000Z,2.0.14,1181224,021c4e298781e2e18c62a998c406e0475e5322a03c98bf6190a654bc4e2134f6,CLDMSK_L2_VIIRS_NOAA21.A2025292.2342.001.2025293072534.nc,2025-10-20T07:25:34.840Z,60014006,5ca913ee470d85afb1ead9455c631558
A2025292.2348,2025-10-19T23:48Z,NOAA-21 VIIRS,VJ214IMG.A2025292.2348.002.2025340065317.nc,2025-12-06T06:53:17.000Z,2.0.14,535387,4467b98ee0200dfbe4cb3fc7cd523debddfb81ed15e24944160fa9c681e6c964,CLDMSK_L2_VIIRS_NOAA21.A2025292.2348.001.2025293072536.nc,2025-10-20T07:25:36.820Z,46575754,81e0779e2e124b6aaeb19c79c7429971
A2025293.2142,2025-10-20T21:42Z,NOAA-21 VIIRS,VJ214IMG.A2025293.2142.002.2025340065549.nc,2025-12-06T06:55:49.000Z,2.0.14,1356823,2d4fb7be98a590b11cc8a79e7d939ddb9f143cf02ee68d6c3f540d8408adf315,CLDMSK_L2_VIIRS_NOAA21.A2025293.2142.001.2025294072740.nc,2025-10-21T07:27:40.500Z,57548622,5020409208717f7cf477334a4643f75e
A2025293.2148,2025-10-20T21:48Z,NOAA-21 VIIRS,VJ214IMG.A2025293.2148.002.2025340065557.nc,2025-12-06T06:55:57.000Z,2.0.14,753820,603a9a20e2fde0802b5bf8188cd1059f7bb5a23ebf6e1052adde63844ea95146,CLDMSK_L2_VIIRS_NOAA21.A2025293.2148.001.2025294072748.nc,2025-10-21T07:27:48.070Z,49016822,2f22f0e9122becc6ee7fae813cce210f
A2025293.2324,2025-10-20T23:24Z,NOAA-21 VIIRS,VJ214IMG.A2025293.2324.002.2025340065600.nc,2025-12-06T06:56:00.000Z,2.0.14,1201660,e1468a223d90897c17b791d850ac19af94ece05c73eeb126de0dbc023e9cd35d,CLDMSK_L2_VIIRS_NOAA21.A2025293.2324.001.2025294072758.nc,2025-10-21T07:27:58.140Z,57820816,a4124a21e850da89f059383fba6466d5
A2025293.2330,2025-10-20T23:30Z,NOAA-21 VIIRS,VJ214IMG.A2025293.2330.002.2025340065601.nc,2025-12-06T06:56:01.000Z,2.0.14,666214,42e8212cc15b924d03bb47be1fc53f61a25cbf2aa9ccedf25c65157b2bea69e0,CLDMSK_L2_VIIRS_NOAA21.A2025293.2330.001.2025294072758.nc,2025-10-21T07:27:58.220Z,49152884,e0f13bb1227f48726a13a072d9d40c30
A2025294.2124,2025-10-21T21:24Z,NOAA-21 VIIRS,VJ214IMG.A2025294.2124.002.2025340071326.nc,2025-12-06T07:13:26.000Z,2.0.14,1076371,9d8566a8a64abae120ead202abc5cb016f317743d8a997e90a9c50532f8aa672,CLDMSK_L2_VIIRS_NOAA21.A2025294.2124.001.2025295073348.nc,2025-10-22T07:33:48.510Z,57929874,7ead05dcd317a0afafca6490d2a325ef
A2025294.2130,2025-10-21T21:30Z,NOAA-21 VIIRS,VJ214IMG.A2025294.2130.002.2025340071321.nc,2025-12-06T07:13:21.000Z,2.0.14,1354442,6975c789160d588e97061829dcfa8434eb7f21c1c71a645ebfd3738b47894116,CLDMSK_L2_VIIRS_NOAA21.A2025294.2130.001.2025295073332.nc,2025-10-22T07:33:32.210Z,49162140,9e22caf0e286512ce8e2d22937d35283
A2025294.2306,2025-10-21T23:06Z,NOAA-21 VIIRS,VJ214IMG.A2025294.2306.002.2025340071345.nc,2025-12-06T07:13:45.000Z,2.0.14,1141895,f4ccd3f81afbf1f55b11efe302ff18be404ad441daec15a9d03c0d66f9a1acdf,CLDMSK_L2_VIIRS_NOAA21.A2025294.2306.001.2025295073311.nc,2025-10-22T07:33:11.960Z,55910279,4bf9d7e6ecc8ef8802da6c9ae5209d87
A2025294.2312,2025-10-21T23:12Z,NOAA-21 VIIRS,VJ214IMG.A2025294.2312.002.2025340071345.nc,2025-12-06T07:13:45.000Z,2.0.14,642061,f70dbc64ad51ed3ce52fc51cbc3c3244f5b73e1cecf93075c385e79cdbdf6e7d,CLDMSK_L2_VIIRS_NOAA21.A2025294.2312.001.2025295073330.nc,2025-10-22T07:33:30.500Z,49350121,149c57296c3785cbd18e6ef6fea32f25
A2025295.2106,2025-10-22T21:06Z,NOAA-21 VIIRS,VJ214IMG.A2025295.2106.002.2025340071559.nc,2025-12-06T07:15:59.000Z,2.0.14,1048861,6ec02cf8c13a17e94c81384e46a9b06e42b9ef05abce6a42584c2647a5efdfd9,CLDMSK_L2_VIIRS_NOAA21.A2025295.2106.001.2025296074523.nc,2025-10-23T07:45:23.500Z,57250381,7518626e9045ccacb8da65536dba8233
A2025295.2112,2025-10-22T21:12Z,NOAA-21 VIIRS,VJ214IMG.A2025295.2112.002.2025340071600.nc,2025-12-06T07:16:00.000Z,2.0.14,1832200,9c5189983c18050989ecc22e8a58d16602f2f1b9050152c8ccae7201430c9e44,CLDMSK_L2_VIIRS_NOAA21.A2025295.2112.001.2025296074509.nc,2025-10-23T07:45:09.410Z,50262644,844fe83e1dd1fa7dc8067175b8de9aeb
A2025295.2248,2025-10-22T22:48Z,NOAA-21 VIIRS,VJ214IMG.A2025295.2248.002.2025340071611.nc,2025-12-06T07:16:11.000Z,2.0.14,874246,8625d97ad9a6c7df088ff3f6b09a43487492d86fca8907417c230c89c38b6663,CLDMSK_L2_VIIRS_NOAA21.A2025295.2248.001.2025296074725.nc,2025-10-23T07:47:25.580Z,50852514,e30b678001f6caf9cee65681eed63881
A2025295.2254,2025-10-22T22:54Z,NOAA-21 VIIRS,VJ214IMG.A2025295.2254.002.2025340071609.nc,2025-12-06T07:16:09.000Z,2.0.14,878618,7aa583822b9eddb99ab3bbee221fca0f503a88cbd1497b74511679db2be1b1cd,CLDMSK_L2_VIIRS_NOAA21.A2025295.2254.001.2025296074540.nc,2025-10-23T07:45:40.580Z,51942464,d2ec255cf79c8b8fca0230bf51e5dd2a
A2025296.2048,2025-10-23T20:48Z,NOAA-21 VIIRS,VJ214IMG.A2025296.2048.002.2025340071821.nc,2025-12-06T07:18:21.000Z,2.0.14,953720,15372eb6283a915eabf925796e941a1e24c576735abe557da0885d7292ab7acc,CLDMSK_L2_VIIRS_NOAA21.A2025296.2048.001.2025297073414.nc,2025-10-24T07:34:14.610Z,55479255,81eb3ad92f9beeaa5431967baae07e1c
A2025296.2054,2025-10-23T20:54Z,NOAA-21 VIIRS,VJ214IMG.A2025296.2054.002.2025340071819.nc,2025-12-06T07:18:19.000Z,2.0.14,2210260,7b5234ac0d70de73f9cd455f636f2b21aa16db45fd7a3a226575422798e533f1,CLDMSK_L2_VIIRS_NOAA21.A2025296.2054.001.2025297073414.nc,2025-10-24T07:34:14.720Z,52471411,fdb94ef932f240a385e18d16b63a38ed
A2025296.2230,2025-10-23T22:30Z,NOAA-21 VIIRS,VJ214IMG.A2025296.2230.002.2025340071832.nc,2025-12-06T07:18:32.000Z,2.0.14,669738,dfd36e585ecc75669811389e2e76245c71ccf3e562bbfe7a66a1b2f6892a8efd,CLDMSK_L2_VIIRS_NOAA21.A2025296.2230.001.2025297073415.nc,2025-10-24T07:34:15.750Z,48405438,6e2b901843b7807a15c45ecb40a9aeac
A2025296.2236,2025-10-23T22:36Z,NOAA-21 VIIRS,VJ214IMG.A2025296.2236.002.2025340071829.nc,2025-12-06T07:18:29.000Z,2.0.14,885713,a5f157b704f531a573e16ea3d3c815db5d288faa7faeb00aab6d2867fe92d5e5,CLDMSK_L2_VIIRS_NOAA21.A2025296.2236.001.2025297073430.nc,2025-10-24T07:34:30.150Z,55558927,89229a0df0d0786e7c1de071c5de562b
A2025297.2206,2025-10-24T22:06Z,NOAA-21 VIIRS,VJ214IMG.A2025297.2206.002.2025340073605.nc,2025-12-06T07:36:05.000Z,2.0.14,1353042,f063aabcc7797fb24154b48a4193a94358e9ef6671996a1e5042c10f81ecc175,CLDMSK_L2_VIIRS_NOAA21.A2025297.2206.001.2025298073507.nc,2025-10-25T07:35:07.170Z,59140380,248cc0cb0b64f763dad916dcf9513fc6
A2025297.2212,2025-10-24T22:12Z,NOAA-21 VIIRS,VJ214IMG.A2025297.2212.002.2025340073604.nc,2025-12-06T07:36:04.000Z,2.0.14,652542,a103efca1a869c3abf78f218e5d5176688df480a37eddb5e1e044b0a813746bf,CLDMSK_L2_VIIRS_NOAA21.A2025297.2212.001.2025298073503.nc,2025-10-25T07:35:03.430Z,48473983,54ad328209f4aa7de35f8a1aa95aed35
A2025297.2218,2025-10-24T22:18Z,NOAA-21 VIIRS,VJ214IMG.A2025297.2218.002.2025340073603.nc,2025-12-06T07:36:03.000Z,2.0.14,732605,5a6e3ceff678d7b2d1c30f59e661b53c70e54161556bc279aa5b46b35718d7ae,CLDMSK_L2_VIIRS_NOAA21.A2025297.2218.001.2025298073502.nc,2025-10-25T07:35:02.190Z,57316359,fe68e6707c04b0390e8a0e9826fd5d46
A2025297.2348,2025-10-24T23:48Z,NOAA-21 VIIRS,VJ214IMG.A2025297.2348.002.2025340073614.nc,2025-12-06T07:36:14.000Z,2.0.14,1306023,21eabddda318f16adcb781c19c3f7915244c1cd0969af0afd4e085bee0efb172,CLDMSK_L2_VIIRS_NOAA21.A2025297.2348.001.2025298073450.nc,2025-10-25T07:34:50.200Z,58735914,3edaf0a59c56d2199b61fd55533b66df
A2025297.2354,2025-10-24T23:54Z,NOAA-21 VIIRS,VJ214IMG.A2025297.2354.002.2025340073620.nc,2025-12-06T07:36:20.000Z,2.0.14,375757,87574b36776c370b5684cba6c82a92ab0ef21b88f6343a9e915c95b0ee630f50,CLDMSK_L2_VIIRS_NOAA21.A2025297.2354.001.2025298073450.nc,2025-10-25T07:34:50.890Z,46179067,c38cc8c47df71c51170468dc55bde2dc
A2025298.2148,2025-10-25T21:48Z,NOAA-21 VIIRS,VJ214IMG.A2025298.2148.002.2025340073848.nc,2025-12-06T07:38:48.000Z,2.0.14,1311403,61f77d2ff0fa32f90fe8d627729748704e49e4339dfdb22014d7fd4eb68329f8,CLDMSK_L2_VIIRS_NOAA21.A2025298.2148.001.2025299074601.nc,2025-10-26T07:46:01.120Z,57589232,e50653c5a01d03deb952888b07cbc902
A2025298.2154,2025-10-25T21:54Z,NOAA-21 VIIRS,VJ214IMG.A2025298.2154.002.2025340073848.nc,2025-12-06T07:38:48.000Z,2.0.14,828459,533ba747a4f0e8277bca35083669d4b4348b7c4cad05c51220d67066b39bc4f7,CLDMSK_L2_VIIRS_NOAA21.A2025298.2154.001.2025299074558.nc,2025-10-26T07:45:58.230Z,48330065,38f88a2ef3a3157730942222e7354422
A2025298.2330,2025-10-25T23:30Z,NOAA-21 VIIRS,VJ214IMG.A2025298.2330.002.2025340073855.nc,2025-12-06T07:38:55.000Z,2.0.14,1165526,8f5407748418c8d3a7c44951a8fe455ee1d339a704a9e1f08512762ff14d7453,CLDMSK_L2_VIIRS_NOAA21.A2025298.2330.001.2025299074546.nc,2025-10-26T07:45:46.570Z,56972448,3f78a44d8e00d1ae3b3c6ec645f12627
A2025298.2336,2025-10-25T23:36Z,NOAA-21 VIIRS,VJ214IMG.A2025298.2336.002.2025340073853.nc,2025-12-06T07:38:53.000Z,2.0.14,464993,896967df1316309629b1187aeb75447c14ae74eadf59cd34d357150fc1e1f425,CLDMSK_L2_VIIRS_NOAA21.A2025298.2336.001.2025299074545.nc,2025-10-26T07:45:45.090Z,46811550,8c6dea6b359cd24e1202b66954dd616f
A2025299.2130,2025-10-26T21:30Z,NOAA-21 VIIRS,VJ214IMG.A2025299.2130.002.2025340074050.nc,2025-12-06T07:40:50.000Z,2.0.14,1085230,143609ba348acf2fd04b41acebc3301292d0070e772a7ee94881d6ee7f45bcf6,CLDMSK_L2_VIIRS_NOAA21.A2025299.2130.001.2025300072626.nc,2025-10-27T07:26:26.560Z,55421537,2cefd19dbd574fdbd279d7d781bb51b4
A2025299.2136,2025-10-26T21:36Z,NOAA-21 VIIRS,VJ214IMG.A2025299.2136.002.2025340074056.nc,2025-12-06T07:40:56.000Z,2.0.14,1498678,a2e6c23f02c4f7845f595ba6b35970afaa481d8c367ebfc5bc0c57db9cfb2bb9,CLDMSK_L2_VIIRS_NOAA21.A2025299.2136.001.2025300072626.nc,2025-10-27T07:26:26.740Z,48717397,ceafd569d65b3fbb3acc32a082a95eb5
A2025299.2312,2025-10-26T23:12Z,NOAA-21 VIIRS,VJ214IMG.A2025299.2312.002.2025340074104.nc,2025-12-06T07:41:04.000Z,2.0.14,923056,3bfd2a98b1a3e1e37d24f1a0397ebde51cec125d292e5fa696037e10b4cd1a42,CLDMSK_L2_VIIRS_NOAA21.A2025299.2312.001.2025300072646.nc,2025-10-27T07:26:46.180Z,52830373,5b626acfac10a80fb35b1034c7884bfa
A2025299.2318,2025-10-26T23:18Z,NOAA-21 VIIRS,VJ214IMG.A2025299.2318.002.2025340074106.nc,2025-12-06T07:41:06.000Z,2.0.14,476138,f326584be472168709a0b4fbc0123227a80017b7e30274e592bf1e34dd5482c3,CLDMSK_L2_VIIRS_NOAA21.A2025299.2318.001.2025300072642.nc,2025-10-27T07:26:42.320Z,48704381,33edebfe590079624a64cad99fe9368f
A2025300.2112,2025-10-27T21:12Z,NOAA-21 VIIRS,VJ214IMG.A2025300.2112.002.2025340075414.nc,2025-12-06T07:54:14.000Z,2.0.14,1026989,609bdf19063b0d1a8cc5c800616b9976f02dba3348f9f4bf211ebb31884270cb,CLDMSK_L2_VIIRS_NOAA21.A2025300.2112.001.2025301071722.nc,2025-10-28T07:17:22.870Z,54188836,bc444c6887db85b4fe58a56636e5d326
A2025300.2118,2025-10-27T21:18Z,NOAA-21 VIIRS,VJ214IMG.A2025300.2118.002.2025340075410.nc,2025-12-06T07:54:10.000Z,2.0.14,1401174,df4c1db750900b554fa339f1c25dc73ec926ad9c012fafedf62d63f44b4858bd,CLDMSK_L2_VIIRS_NOAA21.A2025300.2118.001.2025301071723.nc,2025-10-28T07:17:23.570Z,52179243,232058ed33275bd283d553b49afb30d5
A2025300.2254,2025-10-27T22:54Z,NOAA-21 VIIRS,VJ214IMG.A2025300.2254.002.2025340075432.nc,2025-12-06T07:54:32.000Z,2.0.14,687574,7fdd5efa2858eb40354c31d127cb152a2d41147a0a2fe1cd68f7ee597ac5cbde,CLDMSK_L2_VIIRS_NOAA21.A2025300.2254.001.2025301071709.nc,2025-10-28T07:17:09.630Z,49397244,7301cadc4cb4b27ce8ac5611f0123866
A2025300.2300,2025-10-27T23:00Z,NOAA-21 VIIRS,VJ214IMG.A2025300.2300.002.2025340075436.nc,2025-12-06T07:54:36.000Z,2.0.14,679131,a945795109e5b274e42917d8b4507f94b3f1bb13464f6d22a9937008598d00d7,CLDMSK_L2_VIIRS_NOAA21.A2025300.2300.001.2025301071709.nc,2025-10-28T07:17:09.330Z,50429785,adcadf816a90b73edbb5fd86e1c91916
A2025301.2054,2025-10-28T20:54Z,NOAA-21 VIIRS,VJ214IMG.A2025301.2054.002.2025340075741.nc,2025-12-06T07:57:41.000Z,2.0.14,987896,af803b35d53aed73dd73db9c61ff1e25f28fa3595131d21900253476264f9230,CLDMSK_L2_VIIRS_NOAA21.A2025301.2054.001.2025302071825.nc,2025-10-29T07:18:25.200Z,52177663,643ee024cc9f53066376d895a872fae9
A2025301.2100,2025-10-28T21:00Z,NOAA-21 VIIRS,VJ214IMG.A2025301.2100.002.2025340075742.nc,2025-12-06T07:57:42.000Z,2.0.14,1314726,c36b315052a23e916137293091b87a7051bea88badf25dd1374ff4f90610bb6a,CLDMSK_L2_VIIRS_NOAA21.A2025301.2100.001.2025302071821.nc,2025-10-29T07:18:21.840Z,53361343,4a621d38b284b63269ca6195f5b7fad1
A2025301.2236,2025-10-28T22:36Z,NOAA-21 VIIRS,VJ214IMG.A2025301.2236.002.2025340075752.nc,2025-12-06T07:57:52.000Z,2.0.14,610048,2855609d6d678b6b0c8535fee1c8586ba50b5c80731a411506ec1ff9174d5f61,CLDMSK_L2_VIIRS_NOAA21.A2025301.2236.001.2025302071824.nc,2025-10-29T07:18:24.720Z,47040556,020c748437ad020d776f9c797e62a769
A2025301.2242,2025-10-28T22:42Z,NOAA-21 VIIRS,VJ214IMG.A2025301.2242.002.2025340075756.nc,2025-12-06T07:57:56.000Z,2.0.14,791003,89963f4fcda8cce8a1051ff180e89127fb252960cdd9dac0ecfbfb0e8a8e01b0,CLDMSK_L2_VIIRS_NOAA21.A2025301.2242.001.2025302071832.nc,2025-10-29T07:18:32.520Z,50971915,514aacaf58af8190ef2c3b6240cf14e2
A2025302.2042,2025-10-29T20:42Z,NOAA-21 VIIRS,VJ214IMG.A2025302.2042.002.2025340080823.nc,2025-12-06T08:08:23.000Z,2.0.14,737475,ab2e2534ba6771a9a417c64dcc53e0271c733165225c513617a91966126af22d,CLDMSK_L2_VIIRS_NOAA21.A2025302.2042.001.2025303073029.nc,2025-10-30T07:30:29.080Z,55419193,dba59d425e33b03936b115ae44033aab
A2025302.2212,2025-10-29T22:12Z,NOAA-21 VIIRS,VJ214IMG.A2025302.2212.002.2025340080847.nc,2025-12-06T08:08:47.000Z,2.0.14,1307094,7375b41bf03663a2f087f8d5ff9b51e53ccfdfe19ee64281b6a79b8f9e3fe08b,CLDMSK_L2_VIIRS_NOAA21.A2025302.2212.001.2025303073039.nc,2025-10-30T07:30:39.790Z,55612248,1a46d067b584cc055a51e77b3f29ec83
A2025302.2218,2025-10-29T22:18Z,NOAA-21 VIIRS,VJ214IMG.A2025302.2218.002.2025340080847.nc,2025-12-06T08:08:47.000Z,2.0.14,512055,61113f2bc3fb74b4357bc5e9772f7bbe3e78446b1c34c20df6a6878e28050558,CLDMSK_L2_VIIRS_NOAA21.A2025302.2218.001.2025303073037.nc,2025-10-30T07:30:37.940Z,47569471,55ca803502d602186dca7fe79af1e111
A2025302.2224,2025-10-29T22:24Z,NOAA-21 VIIRS,VJ214IMG.A2025302.2224.002.2025340080844.nc,2025-12-06T08:08:44.000Z,2.0.14,610639,b0c9b1dca37a733fd70a0d5efeb88c4fa1727817c0149b0787c68ed726ce2918,CLDMSK_L2_VIIRS_NOAA21.A2025302.2224.001.2025303073038.nc,2025-10-30T07:30:38.560Z,53250668,98fd1841bd063bca61908913f6eccaca
A2025302.2354,2025-10-29T23:54Z,NOAA-21 VIIRS,VJ214IMG.A2025302.2354.002.2025340080916.nc,2025-12-06T08:09:16.000Z,2.0.14,1151087,6b38e36a3e8374653c4b3270813fac8a3a8b5a7fb689920a8271cd6c4eb2db41,CLDMSK_L2_VIIRS_NOAA21.A2025302.2354.001.2025303073052.nc,2025-10-30T07:30:52.810Z,58038757,f83b6979e8a1df2db790137e1b152575
A2025303.0000,2025-10-30T00:00Z,NOAA-21 VIIRS,VJ214IMG.A2025303.0000.002.2025340080918.nc,2025-12-06T08:09:18.000Z,2.0.14,373796,8c342c839ff785b2f195c22a159bf84dc415e76a4647b36a87fcffcb346397f1,CLDMSK_L2_VIIRS_NOAA21.A2025303.0000.001.2025303130020.nc,2025-10-30T13:00:20.430Z,47107966,d9fc406ff01c0e0b87b71794202ee01c
A2025303.2154,2025-10-30T21:54Z,NOAA-21 VIIRS,VJ214IMG.A2025303.2154.002.2025340081149.nc,2025-12-06T08:11:49.000Z,2.0.14,1356676,fcc6d38beb2da07d8af77f15ce0aace1e9723ae568aebab073b60c4c987c5dfa,CLDMSK_L2_VIIRS_NOAA21.A2025303.2154.001.2025304072923.nc,2025-10-31T07:29:23.240Z,60333913,50441e5cc41846fc644a7ee7c619e9aa
A2025303.2200,2025-10-30T22:00Z,NOAA-21 VIIRS,VJ214IMG.A2025303.2200.002.2025340081148.nc,2025-12-06T08:11:48.000Z,2.0.14,550094,a992ff76895dfbb61d6d90daa5b82c5136f8e67db0845a9ecc2a92ba5c24dae6,CLDMSK_L2_VIIRS_NOAA21.A2025303.2200.001.2025304072923.nc,2025-10-31T07:29:23.440Z,47386161,b668c462346fed0a5b2c844eb3a657d0
A2025303.2336,2025-10-30T23:36Z,NOAA-21 VIIRS,VJ214IMG.A2025303.2336.002.2025340081201.nc,2025-12-06T08:12:01.000Z,2.0.14,1025888,5d330eb8cdce278edb1c79c56fe110e6b1e66bf648e2d2eb7a8fd472eb053922,CLDMSK_L2_VIIRS_NOAA21.A2025303.2336.001.2025304072909.nc,2025-10-31T07:29:09.230Z,57118850,199a7e4a08b7279c29880337cefc3c26
A2025303.2342,2025-10-30T23:42Z,NOAA-21 VIIRS,VJ214IMG.A2025303.2342.002.2025340081158.nc,2025-12-06T08:11:58.000Z,2.0.14,571663,8cb1c1f627508fe641ac96cfa71fd845aecf139b46ab0541c4ebe21454a5391a,CLDMSK_L2_VIIRS_NOAA21.A2025303.2342.001.2025304072909.nc,2025-10-31T07:29:09.590Z,50298975,81e6ca1fc8174797d63062b073fd3894
A2025304.2136,2025-10-31T21:36Z,NOAA-21 VIIRS,VJ214IMG.A2025304.2136.002.2025340081759.nc,2025-12-06T08:17:59.000Z,2.0.14,994804,536c833a195830762d37eb096a72ed2fb2ea5a0d807f487cfd4f3e5000fb8fd7,CLDMSK_L2_VIIRS_NOAA21.A2025304.2136.001.2025305072959.nc,2025-11-01T07:29:59.610Z,55763594,a8c0c293f4e8452dc055aafbdc2f33b6
A2025304.2142,2025-10-31T21:42Z,NOAA-21 VIIRS,VJ214IMG.A2025304.2142.002.2025340081758.nc,2025-12-06T08:17:58.000Z,2.0.14,544450,fa88e16ee5cfcd6c972806a871fefaef944b95ebcb4a8c9d3950053a664cc907,CLDMSK_L2_VIIRS_NOAA21.A2025304.2142.001.2025305072959.nc,2025-11-01T07:29:59.980Z,49403978,0b6416fe1edf6d33c870e7be86fc913a
A2025304.2318,2025-10-31T23:18Z,NOAA-21 VIIRS,VJ214IMG.A2025304.2318.002.2025340081808.nc,2025-12-06T08:18:08.000Z,2.0.14,1050999,21e43d346f9d38d59e4984181ceca4d82c4b84ad652eb3004cae870e62c4c178,CLDMSK_L2_VIIRS_NOAA21.A2025304.2318.001.2025305073015.nc,2025-11-01T07:30:15.240Z,53879333,47f94ae830a550801e202ebdf7efc815
A2025304.2324,2025-10-31T23:24Z,NOAA-21 VIIRS,VJ214IMG.A2025304.2324.002.2025340081815.nc,2025-12-06T08:18:15.000Z,2.0.14,685707,290ef60b1e6f63a4aa03de6141f893580bd1821416974afcbd775274623f3d0c,CLDMSK_L2_VIIRS_NOAA21.A2025304.2324.001.2025305073014.nc,2025-11-01T07:30:14.620Z,50977620,ce99af8d24ed62492e011ead40fff52f
A2025305.2118,2025-11-01T21:18Z,NOAA-21 VIIRS,VJ214IMG.A2025305.2118.002.2025340082910.nc,2025-12-06T08:29:10.000Z,2.0.14,860699,6ba30ad73521d47680544514e12868f24872ab302d7a1fa224cebf0fd2b5d82c,CLDMSK_L2_VIIRS_NOAA21.A2025305.2118.001.2025306073034.nc,2025-11-02T07:30:34.280Z,53300924,9688d2fd2c396cc61bb4e420f9684e8b
A2025305.2124,2025-11-01T21:24Z,NOAA-21 VIIRS,VJ214IMG.A2025305.2124.002.2025340082918.nc,2025-12-06T08:29:18.000Z,2.0.14,496521,8b65161b2a55b7352e4e2423d4232466424af68267aa9dba642cf8f8a66cd5fa,CLDMSK_L2_VIIRS_NOAA21.A2025305.2124.001.2025306073051.nc,2025-11-02T07:30:51.860Z,52268012,eb9a589f73615f325b507806cfa8f1ff
A2025305.2300,2025-11-01T23:00Z,NOAA-21 VIIRS,VJ214IMG.A2025305.2300.002.2025340082925.nc,2025-12-06T08:29:25.000Z,2.0.14,801732,8359bc7cda07e4c851226cc2f008da82ddd61fa0f177021e1f6df14ed7f3af24,CLDMSK_L2_VIIRS_NOAA21.A2025305.2300.001.2025306073054.nc,2025-11-02T07:30:54.390Z,52897958,877e4313d0b0683edc84ac4f0e17b6f5
A2025305.2306,2025-11-01T23:06Z,NOAA-21 VIIRS,VJ214IMG.A2025305.2306.002.2025340082932.nc,2025-12-06T08:29:32.000Z,2.0.14,755040,d56cb4b6cfca04eef0a18f55b3666bddd7686827b0c37652202f5ce72453f56d,CLDMSK_L2_VIIRS_NOAA21.A2025305.2306.001.2025306073053.nc,2025-11-02T07:30:53.770Z,50401678,782f3ba971eb183464d8e93fb398914c
A2025306.2100,2025-11-02T21:00Z,NOAA-21 VIIRS,VJ214IMG.A2025306.2100.002.2025340083142.nc,2025-12-06T08:31:42.000Z,2.0.14,957380,5a33bddcfe72147bb56fd3dd969d8433e3fe6a0132d39c8b857fb20f922dec6f,CLDMSK_L2_VIIRS_NOAA21.A2025306.2100.001.2025307150138.nc,2025-11-03T15:01:38.880Z,54240384,f3daea970e9639ccce146a55d1aa853c
A2025306.2106,2025-11-02T21:06Z,NOAA-21 VIIRS,VJ214IMG.A2025306.2106.002.2025340083143.nc,2025-12-06T08:31:43.000Z,2.0.14,463770,4959dbfc4735382900082b180a3dea2061e8f49ed861aec53d5a91ac6f232145,CLDMSK_L2_VIIRS_NOAA21.A2025306.2106.001.2025307150139.nc,2025-11-03T15:01:39.620Z,53840026,fe97b15e9045b47e00282432afe3bd01
A2025306.2242,2025-11-02T22:42Z,NOAA-21 VIIRS,VJ214IMG.A2025306.2242.002.2025340083202.nc,2025-12-06T08:32:02.000Z,2.0.14,802862,629654f7883b4c6cbd1512b76a3def5611eef6574ef7d599a006f139f2a9a07b,CLDMSK_L2_VIIRS_NOAA21.A2025306.2242.001.2025307150125.nc,2025-11-03T15:01:25.110Z,51211340,18605df634fc22cb3ca131943615651b
A2025306.2248,2025-11-02T22:48Z,NOAA-21 VIIRS,VJ214IMG.A2025306.2248.002.2025340083159.nc,2025-12-06T08:31:59.000Z,2.0.14,715200,517ae25dbe51471e64cd6b1665503d6a710a39aebcbffdb53fbf7ad08a1bcd12,CLDMSK_L2_VIIRS_NOAA21.A2025306.2248.001.2025307150126.nc,2025-11-03T15:01:26.560Z,52512859,1f954456e010dce1f52affd364cac81b
A2025307.2042,2025-11-03T20:42Z,NOAA-21 VIIRS,VJ214IMG.A2025307.2042.002.2025340083758.nc,2025-12-06T08:37:58.000Z,2.0.14,946961,2c7ab8c072222fecfbb494e2e85307a35f43b8fe7b40545ab0d34f83aca4f64f,CLDMSK_L2_VIIRS_NOAA21.A2025307.2042.001.2025308073141.nc,2025-11-04T07:31:41.850Z,55960927,4c743a06b1cf0602613b426b2ae773b3
A2025307.2048,2025-11-03T20:48Z,NOAA-21 VIIRS,VJ214IMG.A2025307.2048.002.2025340083757.nc,2025-12-06T08:37:57.000Z,2.0.14,685762,916b18ff11164162055debce7abcda3a60027c42ca42a31e04dc301cb29d63ac,CLDMSK_L2_VIIRS_NOAA21.A2025307.2048.001.2025308073149.nc,2025-11-04T07:31:49.140Z,58627917,85a4f25d31e9caf92131fd9e0887e798
A2025307.2218,2025-11-03T22:18Z,NOAA-21 VIIRS,VJ214IMG.A2025307.2218.002.2025340083808.nc,2025-12-06T08:38:08.000Z,2.0.14,1098920,bf86f9742e895b09f404ed7c2149007a4f42beeb9fa2eb2f58ae882296cc9e6b,CLDMSK_L2_VIIRS_NOAA21.A2025307.2218.001.2025308073149.nc,2025-11-04T07:31:49.670Z,62447271,f1b1ddb617e365b9a2e20e645ba157c7
A2025307.2224,2025-11-03T22:24Z,NOAA-21 VIIRS,VJ214IMG.A2025307.2224.002.2025340083811.nc,2025-12-06T08:38:11.000Z,2.0.14,586455,f6f30721d5702ef38b55dfa409a4ddecbaa547e85f498250e5508e0303119a9d,CLDMSK_L2_VIIRS_NOAA21.A2025307.2224.001.2025308073155.nc,2025-11-04T07:31:55.060Z,49237693,20d014e9694ef6f4ce91f83ca508bd77
A2025307.2230,2025-11-03T22:30Z,NOAA-21 VIIRS,VJ214IMG.A2025307.2230.002.2025340083809.nc,2025-12-06T08:38:09.000Z,2.0.14,555410,06f9e30ab4bd3177f257a92b07b63b7069fdc6f05c71eb2a1746e5f3187b8ad7,CLDMSK_L2_VIIRS_NOAA21.A2025307.2230.001.2025308073149.nc,2025-11-04T07:31:49.820Z,54352381,46f966a7b14cb15603ee539d0785db3b
A2025308.0000,2025-11-04T00:00Z,NOAA-21 VIIRS,VJ214IMG.A2025308.0000.002.2025340084513.nc,2025-12-06T08:45:13.000Z,2.0.14,1345222,575378cb12f70f568bf021bbec761d3d422c31a646733596b22ccbbe8ecc8d05,CLDMSK_L2_VIIRS_NOAA21.A2025308.0000.001.2025308131142.nc,2025-11-04T13:11:42.090Z,60051097,c4a4de5cb2263e543b3389dca6a7d896
A2025308.2200,2025-11-04T22:00Z,NOAA-21 VIIRS,VJ214IMG.A2025308.2200.002.2025340085000.nc,2025-12-06T08:50:00.000Z,2.0.14,899855,541ec56b7a4800d9cf23877bcce02c06bc64e6f7aa170fe9de9a7ba419e2e7be,CLDMSK_L2_VIIRS_NOAA21.A2025308.2200.001.2025309073259.nc,2025-11-05T07:32:59.040Z,61804136,2ef0302d6dc6acfe439434ca50f8fd23
A2025308.2206,2025-11-04T22:06Z,NOAA-21 VIIRS,VJ214IMG.A2025308.2206.002.2025340085006.nc,2025-12-06T08:50:06.000Z,2.0.14,464334,8b8b9b15da25116ebe7831babdca3a52def77f0ca097949af51aefc94dd0f664,CLDMSK_L2_VIIRS_NOAA21.A2025308.2206.001.2025309073300.nc,2025-11-05T07:33:00.190Z,47551667,71bb447ce9c574a2069741e346505180
A2025308.2342,2025-11-04T23:42Z,NOAA-21 VIIRS,VJ214IMG.A2025308.2342.002.2025340085021.nc,2025-12-06T08:50:21.000Z,2.0.14,1150697,1880065d1c8684e999b4bcf1fcd1f13cfbcb1ecd8a00e0cf11ee12fee6430fcc,CLDMSK_L2_VIIRS_NOAA21.A2025308.2342.001.2025309073224.nc,2025-11-05T07:32:24.620Z,58616430,0165d10de02a2ab9f5b27093eb95d5c3
A2025308.2348,2025-11-04T23:48Z,NOAA-21 VIIRS,VJ214IMG.A2025308.2348.002.2025340085019.nc,2025-12-06T08:50:19.000Z,2.0.14,424357,3d206a6601660cb2df57ba9afbb821597052dd8c16e354dee33761a5f6828f9e,CLDMSK_L2_VIIRS_NOAA21.A2025308.2348.001.2025309073223.nc,2025-11-05T07:32:23.520Z,47269425,b7d39b7b6299fa46b3b79156291c3414
A2025309.2142,2025-11-05T21:42Z,NOAA-21 VIIRS,VJ214IMG.A2025309.2142.002.2025340085232.nc,2025-12-06T08:52:32.000Z,2.0.14,1001469,2df313a7971f33ab6df4d474c0c49a0e2eed8b574d779b75430a894d264c42ac,CLDMSK_L2_VIIRS_NOAA21.A2025309.2142.001.2025310072326.nc,2025-11-06T07:23:26.140Z,62092632,e968bc7e0eef427935832718fff6f3d9
A2025309.2148,2025-11-05T21:48Z,NOAA-21 VIIRS,VJ214IMG.A2025309.2148.002.2025340085230.nc,2025-12-06T08:52:30.000Z,2.0.14,454230,b72380b0bae71a239e552f93b09efee80936690fd44a6d0d20bb655db0cbb606,CLDMSK_L2_VIIRS_NOAA21.A2025309.2148.001.2025310072326.nc,2025-11-06T07:23:26.540Z,48384878,ac2440e27697e43b6dbace74d91f67ef
A2025309.2324,2025-11-05T23:24Z,NOAA-21 VIIRS,VJ214IMG.A2025309.2324.002.2025340085242.nc,2025-12-06T08:52:42.000Z,2.0.14,1122994,df64535ef713a9534151c1c5fea96031732b1fd0cdc608b21b076c8674c651e7,CLDMSK_L2_VIIRS_NOAA21.A2025309.2324.001.2025310072313.nc,2025-11-06T07:23:13.300Z,59681701,a216b60c170c75cd3b670f61396763bb
A2025309.2330,2025-11-05T23:30Z,NOAA-21 VIIRS,VJ214IMG.A2025309.2330.002.2025340085239.nc,2025-12-06T08:52:39.000Z,2.0.14,443253,b7afd811de9f19264a2e6072a52fb64050b1a4f6eca1a141ad916d82c80fa8f2,CLDMSK_L2_VIIRS_NOAA21.A2025309.2330.001.2025310072313.nc,2025-11-06T07:23:13.180Z,47112964,ab3daf2736f9adedba9ded38af50c3ec
A2025310.2124,2025-11-06T21:24Z,NOAA-21 VIIRS,VJ214IMG.A2025310.2124.002.2025340085838.nc,2025-12-06T08:58:38.000Z,2.0.14,1190246,a052c58f0e358873c245938ecb5f180dbad6fb86aac87c35af9aee7f02d46a73,CLDMSK_L2_VIIRS_NOAA21.A2025310.2124.001.2025311072423.nc,2025-11-07T07:24:23.490Z,59844137,32a004a40af6ab1351113afeb1b72bb2
A2025310.2130,2025-11-06T21:30Z,NOAA-21 VIIRS,VJ214IMG.A2025310.2130.002.2025340085843.nc,2025-12-06T08:58:43.000Z,2.0.14,392539,43b6a23e844e6967cd60350fd98e1d4527d81f65ace2f9dccce6e1026e5e15ff,CLDMSK_L2_VIIRS_NOAA21.A2025310.2130.001.2025311072417.nc,2025-11-07T07:24:17.490Z,51544322,af8b5b76a9e1c164f88c79c0d321479c
A2025310.2306,2025-11-06T23:06Z,NOAA-21 VIIRS,VJ214IMG.A2025310.2306.002.2025340085857.nc,2025-12-06T08:58:57.000Z,2.0.14,943661,03faea8dd3ce22ecee160e840830825643365d34282f6dd540790b45e5de3c7e,CLDMSK_L2_VIIRS_NOAA21.A2025310.2306.001.2025311072431.nc,2025-11-07T07:24:31.870Z,55756290,d44365b9024bc9eeff027c7ba6277120
A2025310.2312,2025-11-06T23:12Z,NOAA-21 VIIRS,VJ214IMG.A2025310.2312.002.2025340085853.nc,2025-12-06T08:58:53.000Z,2.0.14,508614,6370f9f2e0d20c141c86aeded3c5a6050cfca7552298f04ac7865aaedc6b9efb,CLDMSK_L2_VIIRS_NOAA21.A2025310.2312.001.2025311072431.nc,2025-11-07T07:24:31.600Z,48650838,6f13448136feb71e387133b63dd21524
A2025311.2106,2025-11-07T21:06Z,NOAA-21 VIIRS,VJ214IMG.A2025311.2106.002.2025340091001.nc,2025-12-06T09:10:01.000Z,2.0.14,1097999,edce358a988e851ee7379e3ba71be3ddcf2ec47bde154d8b21234a02f37cf7f6,CLDMSK_L2_VIIRS_NOAA21.A2025311.2106.001.2025312072546.nc,2025-11-08T07:25:46.960Z,54244852,5f93d4b13a50231e1cf4b4eec228bb73
A2025311.2112,2025-11-07T21:12Z,NOAA-21 VIIRS,VJ214IMG.A2025311.2112.002.2025340091006.nc,2025-12-06T09:10:06.000Z,2.0.14,386064,f68fb3e079f0097ad00fb2b476d1bbcbf70626119abc5e66a29ee18bd29e64b2,CLDMSK_L2_VIIRS_NOAA21.A2025311.2112.001.2025312072545.nc,2025-11-08T07:25:45.650Z,51713862,5a34bfb38aaa5d3077df5eb2cc495171
A2025311.2248,2025-11-07T22:48Z,NOAA-21 VIIRS,VJ214IMG.A2025311.2248.002.2025340091015.nc,2025-12-06T09:10:15.000Z,2.0.14,771073,66dc46d6a28581c677a46e18c07a5a979ec66eab72c4b4f98bc2a41a50e9549b,CLDMSK_L2_VIIRS_NOAA21.A2025311.2248.001.2025312072556.nc,2025-11-08T07:25:56.150Z,52353359,d6277fe172046ad8ff2f93444dee5c5a
A2025311.2254,2025-11-07T22:54Z,NOAA-21 VIIRS,VJ214IMG.A2025311.2254.002.2025340091015.nc,2025-12-06T09:10:15.000Z,2.0.14,632411,50b190085cee4d5e868320ca701f19726cfcacf78b721c7b7278fc51392778c4,CLDMSK_L2_VIIRS_NOAA21.A2025311.2254.001.2025312072555.nc,2025-11-08T07:25:55.290Z,50986851,1c116f4178b2cfdf104e1a233e2a524c
A2025312.2048,2025-11-08T20:48Z,NOAA-21 VIIRS,VJ214IMG.A2025312.2048.002.2025340091300.nc,2025-12-06T09:13:00.000Z,2.0.14,929659,fae7cf02ef03647dcf279f083aeb65d14774acc259c5c9baf54fb4f788e9b004,CLDMSK_L2_VIIRS_NOAA21.A2025312.2048.001.2025314161808.nc,2025-11-10T16:18:08.330Z,52478099,e20f473252733e7e3d5e7e7bb871ae40
A2025312.2054,2025-11-08T20:54Z,NOAA-21 VIIRS,VJ214IMG.A2025312.2054.002.2025340091304.nc,2025-12-06T09:13:04.000Z,2.0.14,415614,d3414bf8a4e1abd3b509e3655be7e206ff96195b6b738b088aed52ba74f938eb,CLDMSK_L2_VIIRS_NOAA21.A2025312.2054.001.2025314161830.nc,2025-11-10T16:18:30.270Z,53061122,97a605df299188bf4541a777b1f64aa3
A2025312.2230,2025-11-08T22:30Z,NOAA-21 VIIRS,VJ214IMG.A2025312.2230.002.2025340091314.nc,2025-12-06T09:13:14.000Z,2.0.14,595091,e34ecae92b43cb60c10786acdd3839956e5a48a66ae305b5e663e7eea1eb000a,CLDMSK_L2_VIIRS_NOAA21.A2025312.2230.001.2025314162803.nc,2025-11-10T16:28:03.090Z,49587862,61e9bce304b24a4cd7ccc003a36c77f6
A2025312.2236,2025-11-08T22:36Z,NOAA-21 VIIRS,VJ214IMG.A2025312.2236.002.2025340091325.nc,2025-12-06T09:13:25.000Z,2.0.14,592769,2c5b4638b06c016439613f0a83fa86b3f063a0449250c178cdadd4410e6214de,CLDMSK_L2_VIIRS_NOAA21.A2025312.2236.001.2025314162806.nc,2025-11-10T16:28:06.430Z,51941885,f4794b915913bea0bcbd70d51ed623c4
A2025313.2206,2025-11-09T22:06Z,NOAA-21 VIIRS,VJ214IMG.A2025313.2206.002.2025340092046.nc,2025-12-06T09:20:46.000Z,2.0.14,1034291,ca9db762f1b79997be069059c7abdceb5af95f3ee0d074b43deb0f35c3fc011a,CLDMSK_L2_VIIRS_NOAA21.A2025313.2206.001.2025314163833.nc,2025-11-10T16:38:33.040Z,61051840,ebd576ce7ac18dad0fbe21d1738e9892
A2025313.2212,2025-11-09T22:12Z,NOAA-21 VIIRS,VJ214IMG.A2025313.2212.002.2025340092045.nc,2025-12-06T09:20:45.000Z,2.0.14,569229,c46cb536fb9fa0c3a046eb9c60bd22cec3b9513939361c046799670982cec1d5,CLDMSK_L2_VIIRS_NOAA21.A2025313.2212.001.2025314163845.nc,2025-11-10T16:38:45.690Z,49867443,23ebe0a62ed223cbc6d22feda661be95
A2025313.2348,2025-11-09T23:48Z,NOAA-21 VIIRS,VJ214IMG.A2025313.2348.002.2025340092100.nc,2025-12-06T09:21:00.000Z,2.0.14,1250465,fd43a50c28991b0582fc004efd7dba6e66431b67fe64e9207980aebb3be9ab00,CLDMSK_L2_VIIRS_NOAA21.A2025313.2348.001.2025314163844.nc,2025-11-10T16:38:44.590Z,59920511,bdf5d77ed16caf437201ec7e1293cb0a
A2025313.2354,2025-11-09T23:54Z,NOAA-21 VIIRS,VJ214IMG.A2025313.2354.002.2025340092102.nc,2025-12-06T09:21:02.000Z,2.0.14,448208,0a2e8ceeda849a29bb0ee001f8671f4ec9508d8ce83874919704c3a7ded66d2c,CLDMSK_L2_VIIRS_NOAA21.A2025313.2354.001.2025314163830.nc,2025-11-10T16:38:30.150Z,46017334,d057b0e11e42a378393f4435181f0a0e
A2025314.2148,2025-11-10T21:48Z,NOAA-21 VIIRS,VJ214IMG.A2025314.2148.002.2025340092756.nc,2025-12-06T09:27:56.000Z,2.0.14,1053529,2518c0cd0947e5059bd614d1c827067310001a1c80df1eb77652d5e768657575,CLDMSK_L2_VIIRS_NOAA21.A2025314.2148.001.2025315072825.nc,2025-11-11T07:28:25.880Z,59635197,c451f462f50a56b681274b108e52b400
A2025314.2154,2025-11-10T21:54Z,NOAA-21 VIIRS,VJ214IMG.A2025314.2154.002.2025340092759.nc,2025-12-06T09:27:59.000Z,2.0.14,459699,6ff2d4d30b5cf28c69cf7c74352dd0c4da18597967b5d985eef32879cfad25b2,CLDMSK_L2_VIIRS_NOAA21.A2025314.2154.001.2025315072825.nc,2025-11-11T07:28:25.870Z,48103778,b8385fd05006f53fc614c99e1e173c96
A2025314.2330,2025-11-10T23:30Z,NOAA-21 VIIRS,VJ214IMG.A2025314.2330.002.2025340092813.nc,2025-12-06T09:28:13.000Z,2.0.14,1289358,acf439f033bb0ec3af2bc56fe1b30cdad6628a47fc1bf6533b26077cf9465b6a,CLDMSK_L2_VIIRS_NOAA21.A2025314.2330.001.2025315072834.nc,2025-11-11T07:28:34.680Z,57492034,cb9b3b392b0f4311cf309d6f95ed2d87
A2025314.2336,2025-11-10T23:36Z,NOAA-21 VIIRS,VJ214IMG.A2025314.2336.002.2025340092812.nc,2025-12-06T09:28:12.000Z,2.0.14,462096,15b9f9152f22d79bebcae8e6b93279b8f175e5eabeb2346b4b1a7f69399feb6a,CLDMSK_L2_VIIRS_NOAA21.A2025314.2336.001.2025315072834.nc,2025-11-11T07:28:34.650Z,46585418,5af97713078321be9168698ac1194cd8
A2025315.2130,2025-11-11T21:30Z,NOAA-21 VIIRS,VJ214IMG.A2025315.2130.002.2025340093842.nc,2025-12-06T09:38:42.000Z,2.0.14,1093235,f0d9c9b792dc50a6902c97c4434c16f0cb4a2aa3db7a14c16babd75f6b6b0a06,CLDMSK_L2_VIIRS_NOAA21.A2025315.2130.001.2025316073920.nc,2025-11-12T07:39:20.850Z,57972186,1171edb0a34a7c9cfb569e019102e21f
A2025315.2136,2025-11-11T21:36Z,NOAA-21 VIIRS,VJ214IMG.A2025315.2136.002.2025340093841.nc,2025-12-06T09:38:41.000Z,2.0.14,464179,89832db4d455f96390ea08d1b8acbaf7253e4e1bc3c91f36df1d083cdd04056c,CLDMSK_L2_VIIRS_NOAA21.A2025315.2136.001.2025316073919.nc,2025-11-12T07:39:19.530Z,48286807,bda46ac82255392894b63a4257e2d462
A2025315.2312,2025-11-11T23:12Z,NOAA-21 VIIRS,VJ214IMG.A2025315.2312.002.2025340093913.nc,2025-12-06T09:39:13.000Z,2.0.14,1208814,bef2332ba47ff2db56b84b03efcaf707ec9115f99394ddbc8eb433f894febf10,CLDMSK_L2_VIIRS_NOAA21.A2025315.2312.001.2025316073907.nc,2025-11-12T07:39:07.090Z,56538537,7fa96509c3fa9feb1de3f1556b5c590b
A2025315.2318,2025-11-11T23:18Z,NOAA-21 VIIRS,VJ214IMG.A2025315.2318.002.2025340093906.nc,2025-12-06T09:39:06.000Z,2.0.14,515531,bcea421508c417eed9f4a24f6b7f9ae74f10edb3ef93e3939da24b7be67e3b2f,CLDMSK_L2_VIIRS_NOAA21.A2025315.2318.001.2025316073906.nc,2025-11-12T07:39:06.810Z,47963565,dddd8c315b9033361fdecee64a298ddb
A2025316.2112,2025-11-12T21:12Z,NOAA-21 VIIRS,VJ214IMG.A2025316.2112.002.2025340100604.nc,2025-12-06T10:06:04.000Z,2.0.14,1115827,8a7a90c4bf02e1b5ba429ce9782a9f1d75e0a29b53f13f37bc8924e87ba19fde,CLDMSK_L2_VIIRS_NOAA21.A2025316.2112.001.2025317074047.nc,2025-11-13T07:40:47.840Z,55732636,669f44678d6e9d6e8ccbd1b255d0e480
A2025316.2118,2025-11-12T21:18Z,NOAA-21 VIIRS,VJ214IMG.A2025316.2118.002.2025340100606.nc,2025-12-06T10:06:06.000Z,2.0.14,399972,5c1d43594bc2e35ccf52e1fd65c7d1c8dd12e369703eebdf0997e3c43e5aafd9,CLDMSK_L2_VIIRS_NOAA21.A2025316.2118.001.2025317074049.nc,2025-11-13T07:40:49.690Z,51158119,fedc2cf875dd530ea23dfaf915ea0cf1
A2025316.2254,2025-11-12T22:54Z,NOAA-21 VIIRS,VJ214IMG.A2025316.2254.002.2025340100621.nc,2025-12-06T10:06:21.000Z,2.0.14,1255389,6efdf478e0f47f78ee97d2b58d1037c315b5c9f95c222772cb25500558bdb03e,CLDMSK_L2_VIIRS_NOAA21.A2025316.2254.001.2025317074027.nc,2025-11-13T07:40:27.270Z,57349079,eedb4dd3a4e754b57532d3674d91c625
A2025316.2300,2025-11-12T23:00Z,NOAA-21 VIIRS,VJ214IMG.A2025316.2300.002.2025340100623.nc,2025-12-06T10:06:23.000Z,2.0.14,472392,03cdaee3a02da9c73185c742767a8d6cd212f2a1e5294e36b7e97a3bf41acd85,CLDMSK_L2_VIIRS_NOAA21.A2025316.2300.001.2025317074027.nc,2025-11-13T07:40:27.470Z,49636068,9a071d76fce54d49c1328f6db4100072
A2025317.2054,2025-11-13T20:54Z,NOAA-21 VIIRS,VJ214IMG.A2025317.2054.002.2025340103131.nc,2025-12-06T10:31:31.000Z,2.0.14,1059081,ea89309fb4a5cc0479c64d3bfde760e4b409c442d3192816714540c9a8397a8d,CLDMSK_L2_VIIRS_NOAA21.A2025317.2054.001.2025318151604.nc,2025-11-14T15:16:04.000Z,53270035,810dcc0277699d3fe4ac9c088cdf9fb6
A2025317.2100,2025-11-13T21:00Z,NOAA-21 VIIRS,VJ214IMG.A2025317.2100.002.2025340103134.nc,2025-12-06T10:31:34.000Z,2.0.14,546204,cca0cf10fbffa8c4d05550479f274710239f55dc3fd22eb088dafcdd23505139,CLDMSK_L2_VIIRS_NOAA21.A2025317.2100.001.2025318151604.nc,2025-11-14T15:16:04.740Z,52420715,35954d7ae520cfe0f322ede7d966539b
A2025317.2236,2025-11-13T22:36Z,NOAA-21 VIIRS,VJ214IMG.A2025317.2236.002.2025340103148.nc,2025-12-06T10:31:48.000Z,2.0.14,980558,e78d02011aea231b75f6a6900fbf14d25bf378ecdfa081ced922320b4d6b935e,CLDMSK_L2_VIIRS_NOAA21.A2025317.2236.001.2025318150248.nc,2025-11-14T15:02:48.280Z,52566906,04de91a085e30771c49e70dff4b8f593
A2025317.2242,2025-11-13T22:42Z,NOAA-21 VIIRS,VJ214IMG.A2025317.2242.002.2025340103147.nc,2025-12-06T10:31:47.000Z,2.0.14,628720,7511d3aa26e56256bef00a8edcd319845cf93f163c530904d696079442f27cb9,CLDMSK_L2_VIIRS_NOAA21.A2025317.2242.001.2025318150230.nc,2025-11-14T15:02:30.750Z,52435112,ddd1a3597c8fa459786fdecf06dc8836
A2025318.2042,2025-11-14T20:42Z,NOAA-21 VIIRS,VJ214IMG.A2025318.2042.002.2025340105655.nc,2025-12-06T10:56:55.000Z,2.0.14,935565,e5eecce64130b0dda12ba5dcb6cfd1cac1935f3e64d330e2f4daaef35699b5aa,CLDMSK_L2_VIIRS_NOAA21.A2025318.2042.001.2025319072309.nc,2025-11-15T07:23:09.370Z,54473491,dd06d300a8f410be2002643d326b4f19
A2025318.2212,2025-11-14T22:12Z,NOAA-21 VIIRS,VJ214IMG.A2025318.2212.002.2025340105706.nc,2025-12-06T10:57:06.000Z,2.0.14,1081168,4d44bbfebb4eb28541dec9125d06b2b90ad7ef12e6355057a17b2b7fc8721871,CLDMSK_L2_VIIRS_NOAA21.A2025318.2212.001.2025319072309.nc,2025-11-15T07:23:09.150Z,58212887,c49b03235057efb32588bce9bcde5509
A2025318.2218,2025-11-14T22:18Z,NOAA-21 VIIRS,VJ214IMG.A2025318.2218.002.2025340105707.nc,2025-12-06T10:57:07.000Z,2.0.14,862838,9ecfc86c503ae3e6db222fc2e1f6eb6c8594a96669beef42a0d546889bdbe3db,CLDMSK_L2_VIIRS_NOAA21.A2025318.2218.001.2025319072312.nc,2025-11-15T07:23:12.570Z,53216056,d188be734e0f99d2a038203ea924bf5a
A2025318.2224,2025-11-14T22:24Z,NOAA-21 VIIRS,VJ214IMG.A2025318.2224.002.2025340105709.nc,2025-12-06T10:57:09.000Z,2.0.14,502136,d2681a69086f503ce8a86516712e45b38b96e094029c91f870782248f5cf6504,CLDMSK_L2_VIIRS_NOAA21.A2025318.2224.001.2025319072257.nc,2025-11-15T07:22:57.030Z,54393762,4af5a74c551124c2b31459eec721eaa3
A2025318.2354,2025-11-14T23:54Z,NOAA-21 VIIRS,VJ214IMG.A2025318.2354.002.2025340105717.nc,2025-12-06T10:57:17.000Z,2.0.14,1067786,4d0664e3f4ec1da2194078977cba676e36fdbc839347db6e5c5885b3049f4f54,CLDMSK_L2_VIIRS_NOAA21.A2025318.2354.001.2025319072301.nc,2025-11-15T07:23:01.020Z,57340728,04f8f88db6f47db67b701e318d4aae7e
A2025319.0000,2025-11-15T00:00Z,NOAA-21 VIIRS,VJ214IMG.A2025319.0000.002.2025340111853.nc,2025-12-06T11:18:53.000Z,2.0.14,462810,d4b761b6080b7dfa83dc2d6a672628c306634da79adff2054efa2cc52f41414e,CLDMSK_L2_VIIRS_NOAA21.A2025319.0000.001.2025319131300.nc,2025-11-15T13:13:00.520Z,48416946,d24e38a28aca686ba71f2c4d1d2c3bcb
A2025319.2154,2025-11-15T21:54Z,NOAA-21 VIIRS,VJ214IMG.A2025319.2154.002.2025340112307.nc,2025-12-06T11:23:07.000Z,2.0.14,1195943,c6e3ac23c4a35726cc6b8bb34718191b62cb7d9f29ba226328b09b8d4ea34f40,CLDMSK_L2_VIIRS_NOAA21.A2025319.2154.001.2025320073400.nc,2025-11-16T07:34:00.790Z,59891550,b676b17a84e3ec7b46e6fc2387fbe8da
A2025319.2200,2025-11-15T22:00Z,NOAA-21 VIIRS,VJ214IMG.A2025319.2200.002.2025340112310.nc,2025-12-06T11:23:10.000Z,2.0.14,882553,4f8cb414ba1b53a88fa01824ced083e7954e61188b9d03b8bc871ff7b68f50f5,CLDMSK_L2_VIIRS_NOAA21.A2025319.2200.001.2025320073357.nc,2025-11-16T07:33:57.220Z,54386884,086c36e0ce4dc1186f00b3a702d1d66d
A2025319.2336,2025-11-15T23:36Z,NOAA-21 VIIRS,VJ214IMG.A2025319.2336.002.2025340112321.nc,2025-12-06T11:23:21.000Z,2.0.14,1133961,b7bd10deac734c714efffc3da5e7928e996e8438b2500bdb50aeb597cd1eda51,CLDMSK_L2_VIIRS_NOAA21.A2025319.2336.001.2025320073344.nc,2025-11-16T07:33:44.270Z,62009713,43c5094424eac9806b7c70c59048e44d
A2025319.2342,2025-11-15T23:42Z,NOAA-21 VIIRS,VJ214IMG.A2025319.2342.002.2025340112324.nc,2025-12-06T11:23:24.000Z,2.0.14,581232,c05aa7dc7621218ab6a53aaaac80919a55bd16039f7be35a237ab9f89f7ae6cf,CLDMSK_L2_VIIRS_NOAA21.A2025319.2342.001.2025320073344.nc,2025-11-16T07:33:44.480Z,48803326,3f212229007b7d4d5cb8c6831c4f7f81
A2025320.2136,2025-11-16T21:36Z,NOAA-21 VIIRS,VJ214IMG.A2025320.2136.002.2025340114017.nc,2025-12-06T11:40:17.000Z,2.0.14,1236023,6fee6e187b6a7ebf631a44889f93771a331a0e0ac47b33b2eb3ff18d38e8bca1,CLDMSK_L2_VIIRS_NOAA21.A2025320.2136.001.2025321072419.nc,2025-11-17T07:24:19.220Z,60443906,9048e46e8dfe4d3cd62ceba657a55323
A2025320.2142,2025-11-16T21:42Z,NOAA-21 VIIRS,VJ214IMG.A2025320.2142.002.2025340114021.nc,2025-12-06T11:40:21.000Z,2.0.14,726779,641a5f2b307808c541f8e1bd7883f75ab06567d0a9a64d9fefbe863658d04507,CLDMSK_L2_VIIRS_NOAA21.A2025320.2142.001.2025321072419.nc,2025-11-17T07:24:19.260Z,52954956,7a81a461c9cb38b5ce0608d138d43705
A2025320.2318,2025-11-16T23:18Z,NOAA-21 VIIRS,VJ214IMG.A2025320.2318.002.2025340114035.nc,2025-12-06T11:40:35.000Z,2.0.14,1135293,5ce8d3bdd351f76421cda3bc0d61e287424eab70ab613a0f20dcf3690a82cb5f,CLDMSK_L2_VIIRS_NOAA21.A2025320.2318.001.2025321072430.nc,2025-11-17T07:24:30.580Z,58778595,baa7e791ea258cff43fea6d844a9c81a
A2025320.2324,2025-11-16T23:24Z,NOAA-21 VIIRS,VJ214IMG.A2025320.2324.002.2025340114033.nc,2025-12-06T11:40:33.000Z,2.0.14,811551,ec1526fb83adf2b3e4805996a79d14b1005cc81b864705dd289bd4c94c86dfc8,CLDMSK_L2_VIIRS_NOAA21.A2025320.2324.001.2025321072431.nc,2025-11-17T07:24:31.490Z,50440711,67d1214efa3da888a47ccd784c2c9795
A2025321.2118,2025-11-17T21:18Z,NOAA-21 VIIRS,VJ214IMG.A2025321.2118.002.2025340120356.nc,2025-12-06T12:03:56.000Z,2.0.14,1256103,b051d7850bdbb43920317c77d0826225a0c255a8b1b15301e54a8c584f597696,CLDMSK_L2_VIIRS_NOAA21.A2025321.2118.001.2025322072602.nc,2025-11-18T07:26:02.560Z,58837110,5fb911698552852a6525a7d9da0ca45e
A2025321.2124,2025-11-17T21:24Z,NOAA-21 VIIRS,VJ214IMG.A2025321.2124.002.2025340120400.nc,2025-12-06T12:04:00.000Z,2.0.14,539669,33294e0f1e76bae49304559b1acf7d26988b1b9fa3a3a19db792ea656754f22f,CLDMSK_L2_VIIRS_NOAA21.A2025321.2124.001.2025322072537.nc,2025-11-18T07:25:37.370Z,51443668,193d7855b28d9356ec779c76408dd3d5
A2025321.2300,2025-11-17T23:00Z,NOAA-21 VIIRS,VJ214IMG.A2025321.2300.002.2025340120410.nc,2025-12-06T12:04:10.000Z,2.0.14,994959,61b250db1f822ffcfea755f9c7577a8f94959dde4d0ea610f8dc002d956763c4,CLDMSK_L2_VIIRS_NOAA21.A2025321.2300.001.2025322072601.nc,2025-11-18T07:26:01.950Z,56584733,6353484f2bcd3c187150f12913e0c82c
A2025321.2306,2025-11-17T23:06Z,NOAA-21 VIIRS,VJ214IMG.A2025321.2306.002.2025340120412.nc,2025-12-06T12:04:12.000Z,2.0.14,546731,3d1d8738f8fc4b2e1d41ee6108e3fe85f4638fffceefaa71f44334e5409ba99d,CLDMSK_L2_VIIRS_NOAA21.A2025321.2306.001.2025322072605.nc,2025-11-18T07:26:05.860Z,49499254,619de10a524a88210290a0bac2457dcc
A2025322.2100,2025-11-18T21:00Z,NOAA-21 VIIRS,VJ214IMG.A2025322.2100.002.2025340122248.nc,2025-12-06T12:22:48.000Z,2.0.14,1039945,817c576fa59ed63b6eae878928823b0bcc5472034ac4eb7b57685d452a5d8e81,CLDMSK_L2_VIIRS_NOAA21.A2025322.2100.001.2025323073845.nc,2025-11-19T07:38:45.340Z,55010232,24a8959dd90d03e4bfd6caf46524c54d
A2025322.2106,2025-11-18T21:06Z,NOAA-21 VIIRS,VJ214IMG.A2025322.2106.002.2025340122248.nc,2025-12-06T12:22:48.000Z,2.0.14,825961,295db88923b23bfd9fba880dadc12d39fe903d2098994541d0a894ac27fb0540,CLDMSK_L2_VIIRS_NOAA21.A2025322.2106.001.2025323073844.nc,2025-11-19T07:38:44.450Z,51153440,78926cd5ce0967742d8fe7f1d562884c
A2025322.2242,2025-11-18T22:42Z,NOAA-21 VIIRS,VJ214IMG.A2025322.2242.002.2025340122251.nc,2025-12-06T12:22:51.000Z,2.0.14,817740,da8318f32401dfd977c676618bea583a18070ec45e857d6acce690e2bdd8e0f0,CLDMSK_L2_VIIRS_NOAA21.A2025322.2242.001.2025323073854.nc,2025-11-19T07:38:54.360Z,51571672,254c33c5916a9d6eb3962abefa18c7d4
A2025322.2248,2025-11-18T22:48Z,NOAA-21 VIIRS,VJ214IMG.A2025322.2248.002.2025340122253.nc,2025-12-06T12:22:53.000Z,2.0.14,423451,c91c5f577da6f43489a636a1b8ea356aa8578f937a94731529fb9c56be75f79a,CLDMSK_L2_VIIRS_NOAA21.A2025322.2248.001.2025323073848.nc,2025-11-19T07:38:48.210Z,49858946,0561ffb134746976baa43bfec4666e57
A2025323.2042,2025-11-19T20:42Z,NOAA-21 VIIRS,VJ214IMG.A2025323.2042.002.2025340124630.nc,2025-12-06T12:46:30.000Z,2.0.14,883282,b18241a651d46e63996f4e40e3af4280fc8195adde16aebb371ac2de6890dbb1,CLDMSK_L2_VIIRS_NOAA21.A2025323.2042.001.2025324125029.nc,2025-11-20T12:50:29.560Z,53650412,be6bf27e1ca59614ac2538a4ed3fa4c7
A2025323.2048,2025-11-19T20:48Z,NOAA-21 VIIRS,VJ214IMG.A2025323.2048.002.2025340124631.nc,2025-12-06T12:46:31.000Z,2.0.14,688628,af6c3290317098f778650650985d67c79f96ed5fd8bc6e4c190577f086bdc8ca,CLDMSK_L2_VIIRS_NOAA21.A2025323.2048.001.2025324125032.nc,2025-11-20T12:50:32.640Z,55225347,d6cce2e86b5dc026b9c77d88ae401635
A2025323.2224,2025-11-19T22:24Z,NOAA-21 VIIRS,VJ214IMG.A2025323.2224.002.2025340124646.nc,2025-12-06T12:46:46.000Z,2.0.14,650392,e508c4f75d673df447cb0b6985c96f894bb0993379ce4c176107c6f8d28c5c7a,CLDMSK_L2_VIIRS_NOAA21.A2025323.2224.001.2025324125043.nc,2025-11-20T12:50:43.800Z,48568151,e95496f870858fb98435724f49811237
A2025323.2230,2025-11-19T22:30Z,NOAA-21 VIIRS,VJ214IMG.A2025323.2230.002.2025340124645.nc,2025-12-06T12:46:45.000Z,2.0.14,505622,a2ea03f7e4bea484154cdb75e7931b29abdff9f19ea55c4d1e7f7a0c0a82b653,CLDMSK_L2_VIIRS_NOAA21.A2025323.2230.001.2025324125040.nc,2025-11-20T12:50:40.890Z,53601439,275a6884628d6a839c038ce53637a09b
A2025324.0000,2025-11-20T00:00Z,NOAA-21 VIIRS,VJ214IMG.A2025324.0000.002.2025340130609.nc,2025-12-06T13:06:09.000Z,2.0.14,1238171,b91dc23cb1d6a5c4c82ebd1aab858b3e1d1bf0bf4a21fecaac894d1dcc980bb9,CLDMSK_L2_VIIRS_NOAA21.A2025324.0000.001.2025324132013.nc,2025-11-20T13:20:13.570Z,59633817,db0fddea847a5ddb6dc78df7f6d628cf
A2025324.2200,2025-11-20T22:00Z,NOAA-21 VIIRS,VJ214IMG.A2025324.2200.002.2025340130959.nc,2025-12-06T13:09:59.000Z,2.0.14,1405539,f668c45f6cbb87f0a4041e84735f86ba4ba8090a91c51854a4a1ed8333bd0070,CLDMSK_L2_VIIRS_NOAA21.A2025324.2200.001.2025325073117.nc,2025-11-21T07:31:17.900Z,57988794,6790c4fb1c875781fc42ecb52cd558e3
A2025324.2206,2025-11-20T22:06Z,NOAA-21 VIIRS,VJ214IMG.A2025324.2206.002.2025340131000.nc,2025-12-06T13:10:00.000Z,2.0.14,538467,66a97953c6de39df525819d50be0dfad7f9e80d02b6fd1319c835b9e238e100d,CLDMSK_L2_VIIRS_NOAA21.A2025324.2206.001.2025325073127.nc,2025-11-21T07:31:27.550Z,48367556,7c20012f7f52ad3d031e606f567c1204
A2025324.2342,2025-11-20T23:42Z,NOAA-21 VIIRS,VJ214IMG.A2025324.2342.002.2025340131014.nc,2025-12-06T13:10:14.000Z,2.0.14,1292666,8a2530791c0818a657c0f4f87de13c378cc6cab26645dd740e247e47f49b5532,CLDMSK_L2_VIIRS_NOAA21.A2025324.2342.001.2025325073148.nc,2025-11-21T07:31:48.190Z,57490026,f59b115a2342420baf60726f17c7197f
A2025324.2348,2025-11-20T23:48Z,NOAA-21 VIIRS,VJ214IMG.A2025324.2348.002.2025340131011.nc,2025-12-06T13:10:11.000Z,2.0.14,440670,9624a715e62655952cf6c9d4fd37e460478e0e82396df7bd001fa0345de87fb3,CLDMSK_L2_VIIRS_NOAA21.A2025324.2348.001.2025325073147.nc,2025-11-21T07:31:47.740Z,46528631,6143ade6a855e07c112121f18915e871
A2025325.2142,2025-11-21T21:42Z,NOAA-21 VIIRS,VJ214IMG.A2025325.2142.002.2025340133748.nc,2025-12-06T13:37:48.000Z,2.0.14,1142583,b1fd34fd90350ee37b28f7deb5fcd9d266540db67db7e32df6ae95ffde18ff90,CLDMSK_L2_VIIRS_NOAA21.A2025325.2142.001.2025326072205.nc,2025-11-22T07:22:05.660Z,58178699,da176a5bd4d6dde126a9d7e0721e75d0
A2025325.2148,2025-11-21T21:48Z,NOAA-21 VIIRS,VJ214IMG.A2025325.2148.002.2025340133749.nc,2025-12-06T13:37:49.000Z,2.0.14,590510,ea531f31919ee5dee4ad09b83754c355c7417600bafb67b78ab7ccf71fac55ef,CLDMSK_L2_VIIRS_NOAA21.A2025325.2148.001.2025326072208.nc,2025-11-22T07:22:08.500Z,49448954,b911b287cd2f9604588627f97a436ffe
A2025325.2324,2025-11-21T23:24Z,NOAA-21 VIIRS,VJ214IMG.A2025325.2324.002.2025340133806.nc,2025-12-06T13:38:06.000Z,2.0.14,1235008,93430eae9a812989ff31f7726119655ebf31a5e011eb22578fddb6626214d89f,CLDMSK_L2_VIIRS_NOAA21.A2025325.2324.001.2025326072153.nc,2025-11-22T07:21:53.350Z,56450122,0d10a2a422c00c6815fe74cc171ba87e
A2025325.2330,2025-11-21T23:30Z,NOAA-21 VIIRS,VJ214IMG.A2025325.2330.002.2025340133804.nc,2025-12-06T13:38:04.000Z,2.0.14,574371,d46d8458c43287254b4844f33231759715b6e25948eac9fe83db8a939b106d4e,CLDMSK_L2_VIIRS_NOAA21.A2025325.2330.001.2025326072152.nc,2025-11-22T07:21:52.140Z,46367019,002c5ae553b26f7de380826f8809cfc9
A2025326.2124,2025-11-22T21:24Z,NOAA-21 VIIRS,VJ214IMG.A2025326.2124.002.2025340135852.nc,2025-12-06T13:58:52.000Z,2.0.14,1052796,76715e3fac0a9f5399260bccb077878651762f7f32394d3fdeb4919651b10555,CLDMSK_L2_VIIRS_NOAA21.A2025326.2124.001.2025327072312.nc,2025-11-23T07:23:12.420Z,58040570,ff2da9cd6d5fc0abf2a9fceff6cb5d59
A2025326.2130,2025-11-22T21:30Z,NOAA-21 VIIRS,VJ214IMG.A2025326.2130.002.2025340135854.nc,2025-12-06T13:58:54.000Z,2.0.14,655979,f02f5222547e364519e7765cacc8e9e83d4aa31bfc3c5312b2b84ce64761178d,CLDMSK_L2_VIIRS_NOAA21.A2025326.2130.001.2025327072312.nc,2025-11-23T07:23:12.710Z,50346620,1f20a8bc6233a056da20352b8ca36801
A2025326.2306,2025-11-22T23:06Z,NOAA-21 VIIRS,VJ214IMG.A2025326.2306.002.2025340135903.nc,2025-12-06T13:59:03.000Z,2.0.14,1090268,65d6845a009b0657de9dc4b53fa0e451a2c1570a9caed174392250fc92050f46,CLDMSK_L2_VIIRS_NOAA21.A2025326.2306.001.2025327072321.nc,2025-11-23T07:23:21.780Z,54199096,781d8be4fdb547b8da74c0deef036c31
A2025326.2312,2025-11-22T23:12Z,NOAA-21 VIIRS,VJ214IMG.A2025326.2312.002.2025340135908.nc,2025-12-06T13:59:08.000Z,2.0.14,490936,984355baa4317518b042eeb5d6cb20d9d3399b939984e6cb514c624211b8312f,CLDMSK_L2_VIIRS_NOAA21.A2025326.2312.001.2025327072319.nc,2025-11-23T07:23:19.950Z,46623625,27bc2ea80992e0610ffd3346d7bd421b
A2025327.2106,2025-11-23T21:06Z,NOAA-21 VIIRS,VJ214IMG.A2025327.2106.002.2025340143003.nc,2025-12-06T14:30:03.000Z,2.0.14,1048520,375f90df879f49c6577197bd0ffef7bceaef8ccda2cdc0dc0953b7aecf7a8001,CLDMSK_L2_VIIRS_NOAA21.A2025327.2106.001.2025328072418.nc,2025-11-24T07:24:18.800Z,55254818,55fd0fda07bf0174e0a42a0d23ee6ba7
A2025327.2112,2025-11-23T21:12Z,NOAA-21 VIIRS,VJ214IMG.A2025327.2112.002.2025340143001.nc,2025-12-06T14:30:01.000Z,2.0.14,1069869,a8ece9826efd6f879872c35807b419f94a29be221f1eeb1753416ce508877eba,CLDMSK_L2_VIIRS_NOAA21.A2025327.2112.001.2025328072426.nc,2025-11-24T07:24:26.920Z,52156041,b4c92a2285ece969391f343457c41edb
A2025327.2248,2025-11-23T22:48Z,NOAA-21 VIIRS,VJ214IMG.A2025327.2248.002.2025340143005.nc,2025-12-06T14:30:05.000Z,2.0.14,927197,8b432ba4a70ce4c9f291e3106d5f552c7cda47550f1e75159d98d927fffbf77f,CLDMSK_L2_VIIRS_NOAA21.A2025327.2248.001.2025328072409.nc,2025-11-24T07:24:09.310Z,52891281,202d7a8bf481cd7ee117d535e941b81a
A2025327.2254,2025-11-23T22:54Z,NOAA-21 VIIRS,VJ214IMG.A2025327.2254.002.2025340143003.nc,2025-12-06T14:30:03.000Z,2.0.14,472800,a517eba1ef1594d5d84764e6e6ef502289e16637ae291b5676e73f755cb10cb4,CLDMSK_L2_VIIRS_NOAA21.A2025327.2254.001.2025328072407.nc,2025-11-24T07:24:07.130Z,49465742,454b51b34f2156e5be95feef98a84a80
A2025328.2048,2025-11-24T20:48Z,NOAA-21 VIIRS,VJ214IMG.A2025328.2048.002.2025340145150.nc,2025-12-06T14:51:50.000Z,2.0.14,895340,8e85d451709ba98610b426df30b358de86ab949a6ae08f1f70ad220681ceae4c,CLDMSK_L2_VIIRS_NOAA21.A2025328.2048.001.2025329072508.nc,2025-11-25T07:25:08.810Z,53301489,3548674dc87a53d5b9e64e2e692321ac
A2025328.2054,2025-11-24T20:54Z,NOAA-21 VIIRS,VJ214IMG.A2025328.2054.002.2025340145152.nc,2025-12-06T14:51:52.000Z,2.0.14,1784042,cadc90091f670b879482dc47c85c337356e59acf762f58418ed9cc70fbe0c9ab,CLDMSK_L2_VIIRS_NOAA21.A2025328.2054.001.2025329072507.nc,2025-11-25T07:25:07.170Z,52415301,3bcb0da07e9220caac795df1c0d5901b
A2025328.2230,2025-11-24T22:30Z,NOAA-21 VIIRS,VJ214IMG.A2025328.2230.002.2025340145159.nc,2025-12-06T14:51:59.000Z,2.0.14,1078989,8c7f971edd6fe9ba51b0e0a9dad863216302e56febc0fd1c4354084fbf5c5d9a,CLDMSK_L2_VIIRS_NOAA21.A2025328.2230.001.2025329072502.nc,2025-11-25T07:25:02.730Z,53508804,83518d35d4ed24a91b638c0dad4f3599
A2025328.2236,2025-11-24T22:36Z,NOAA-21 VIIRS,VJ214IMG.A2025328.2236.002.2025340145204.nc,2025-12-06T14:52:04.000Z,2.0.14,425917,d7ee2fd85bea10c9380143564c02e35ea8a29104f7648bb808bb9af62a7da5f8,CLDMSK_L2_VIIRS_NOAA21.A2025328.2236.001.2025329072501.nc,2025-11-25T07:25:01.490Z,50925420,e26f496b1d62940ac1458d25f78aa030
A2025329.2212,2025-11-25T22:12Z,NOAA-21 VIIRS,VJ214IMG.A2025329.2212.002.2025340152455.nc,2025-12-06T15:24:55.000Z,2.0.14,968330,f82f136e5d6051d14888d5156d1cc1d15d4540600ba14f9e2a3651a50bbfa2b6,CLDMSK_L2_VIIRS_NOAA21.A2025329.2212.001.2025330073558.nc,2025-11-26T07:35:58.060Z,53906043,999ba2f9d6ffcefe2581967c155e61c1
A2025329.2218,2025-11-25T22:18Z,NOAA-21 VIIRS,VJ214IMG.A2025329.2218.002.2025340152455.nc,2025-12-06T15:24:55.000Z,2.0.14,481653,2dfbfb86211e518c5dcd087c2a096ec4adce687a13158c6966b5f9fa151a6ee6,CLDMSK_L2_VIIRS_NOAA21.A2025329.2218.001.2025330073602.nc,2025-11-26T07:36:02.300Z,55270402,59e4516be10e3c3add755abf0a7e3e44
A2025329.2348,2025-11-25T23:48Z,NOAA-21 VIIRS,VJ214IMG.A2025329.2348.002.2025340152431.nc,2025-12-06T15:24:31.000Z,2.0.14,1392857,a93a26ae450d1a929c571b2b91355440c0825008a36df76776f949e4addb1c72,CLDMSK_L2_VIIRS_NOAA21.A2025329.2348.001.2025330073607.nc,2025-11-26T07:36:07.270Z,59417849,9de823d42f5d58555e2753cb0ad4abd5
A2025329.2354,2025-11-25T23:54Z,NOAA-21 VIIRS,VJ214IMG.A2025329.2354.002.2025340152415.nc,2025-12-06T15:24:15.000Z,2.0.14,573669,3fe47c16bba5fd7722421a41b4352cb3f1da86e997f1ce26277c03e11c7b561f,CLDMSK_L2_VIIRS_NOAA21.A2025329.2354.001.2025330073606.nc,2025-11-26T07:36:06.610Z,48654566,372d64dde3d54c16d1e5da8635a995b5
A2025330.2148,2025-11-26T21:48Z,NOAA-21 VIIRS,VJ214IMG.A2025330.2148.002.2025340160900.nc,2025-12-06T16:09:00.000Z,2.0.14,1416438,85a49e0dfb51d3e7ff4a34a30f8ec1227395c8a6de408887203b4a6ed02d10c7,CLDMSK_L2_VIIRS_NOAA21.A2025330.2148.001.2025331073704.nc,2025-11-27T07:37:04.340Z,62500625,40209dc63009d7ea1b4ddad07f86c602
A2025330.2154,2025-11-26T21:54Z,NOAA-21 VIIRS,VJ214IMG.A2025330.2154.002.2025340160900.nc,2025-12-06T16:09:00.000Z,2.0.14,808183,8badc49b990014bff767bb25d6b4202dd3999db9e5477460cb26a89406d0192a,CLDMSK_L2_VIIRS_NOAA21.A2025330.2154.001.2025331073704.nc,2025-11-27T07:37:04.980Z,51631836,e8bffaa078abbc086cd69516b53f1b08
A2025330.2330,2025-11-26T23:30Z,NOAA-21 VIIRS,VJ214IMG.A2025330.2330.002.2025340160924.nc,2025-12-06T16:09:24.000Z,2.0.14,1259627,c21fb3db42ecf6880e400d9a31dfb3e49e562b2657ee89c10e831c267236e7af,CLDMSK_L2_VIIRS_NOAA21.A2025330.2330.001.2025331073621.nc,2025-11-27T07:36:21.750Z,59789447,b2c5a4f5d13757d27e5d791f1ad949c9
A2025330.2336,2025-11-26T23:36Z,NOAA-21 VIIRS,VJ214IMG.A2025330.2336.002.2025340160921.nc,2025-12-06T16:09:21.000Z,2.0.14,517549,596ff91777d1f0e95cb7522c24bda6b2d6049991b3b186f7fcc83d57c6ada7cd,CLDMSK_L2_VIIRS_NOAA21.A2025330.2336.001.2025331073631.nc,2025-11-27T07:36:31.870Z,47696605,9729ec0f2b806887fc95b79a05157542
A2025331.2130,2025-11-27T21:30Z,NOAA-21 VIIRS,VJ214IMG.A2025331.2130.002.2025340163100.nc,2025-12-06T16:31:00.000Z,2.0.14,1475103,6dfb74f259cfad7ecd9d5dcacab918858cedcfdd7befa0d5461bbfef598dd689,CLDMSK_L2_VIIRS_NOAA21.A2025331.2130.001.2025332072811.nc,2025-11-28T07:28:11.950Z,64490583,f2e4fd9220dd9a615270f1e905872bde
A2025331.2136,2025-11-27T21:36Z,NOAA-21 VIIRS,VJ214IMG.A2025331.2136.002.2025340163104.nc,2025-12-06T16:31:04.000Z,2.0.14,524601,0a4e0be1758adfacf39eae76b6e5c3f8bd653769a1fac865417d87d9cc9b7001,CLDMSK_L2_VIIRS_NOAA21.A2025331.2136.001.2025332072818.nc,2025-11-28T07:28:18.010Z,49811005,5579d1c1de17ddaddcc812196c8bfcc5
A2025331.2312,2025-11-27T23:12Z,NOAA-21 VIIRS,VJ214IMG.A2025331.2312.002.2025340163119.nc,2025-12-06T16:31:19.000Z,2.0.14,1153650,f02e3cb162ce0ec731c11f9caeb1ab668ab6a678a9e4e6906cf6c610a55a6ff9,CLDMSK_L2_VIIRS_NOAA21.A2025331.2312.001.2025332072828.nc,2025-11-28T07:28:28.000Z,58786904,5afda75214fc98cd3bfc0d055b363f40
A2025331.2318,2025-11-27T23:18Z,NOAA-21 VIIRS,VJ214IMG.A2025331.2318.002.2025340163118.nc,2025-12-06T16:31:18.000Z,2.0.14,686625,a0d8dc99710e41c5e065f86aef02f0e7302038c798ca09cb95e24143e469b75b,CLDMSK_L2_VIIRS_NOAA21.A2025331.2318.001.2025332072839.nc,2025-11-28T07:28:39.070Z,50902505,a8cbae7505498b447889a4d78dc32d93
A2025332.2112,2025-11-28T21:12Z,NOAA-21 VIIRS,VJ214IMG.A2025332.2112.002.2025340165510.nc,2025-12-06T16:55:10.000Z,2.0.14,1341973,834ff5ce7b3df8e941f809c5039f9aa836b0e5ab65833574bb7bcd0fe6bccb16,CLDMSK_L2_VIIRS_NOAA21.A2025332.2112.001.2025333072918.nc,2025-11-29T07:29:18.250Z,61095518,b91b02c28fdb1b82ad85fb433e451b8e
A2025332.2118,2025-11-28T21:18Z,NOAA-21 VIIRS,VJ214IMG.A2025332.2118.002.2025340165507.nc,2025-12-06T16:55:07.000Z,2.0.14,599475,5290cc57e001f106e9fa5e71c7625c1e3cdc2b0b274c3eb820db381330452873,CLDMSK_L2_VIIRS_NOAA21.A2025332.2118.001.2025333072936.nc,2025-11-29T07:29:36.870Z,51286337,33fad999d127acc5f1b599179aab3672
A2025332.2254,2025-11-28T22:54Z,NOAA-21 VIIRS,VJ214IMG.A2025332.2254.002.2025340165521.nc,2025-12-06T16:55:21.000Z,2.0.14,1200126,71220098f85a0f3f3eaaef21700828fdbabf53a0a4b9363fe53ab8e14cc40845,CLDMSK_L2_VIIRS_NOAA21.A2025332.2254.001.2025333072919.nc,2025-11-29T07:29:19.230Z,58591034,84cc49899a4bcf8cd880f49979b5e9e5
A2025332.2300,2025-11-28T23:00Z,NOAA-21 VIIRS,VJ214IMG.A2025332.2300.002.2025340165527.nc,2025-12-06T16:55:27.000Z,2.0.14,573680,6481e4e6f8c771d38b63c93722778c42715045a5ae4d83d50f8d4dd32a88bfa2,CLDMSK_L2_VIIRS_NOAA21.A2025332.2300.001.2025333072921.nc,2025-11-29T07:29:21.600Z,49659468,4619d5b23f3e96a5f0b2ef9798814ec3
A2025333.2054,2025-11-29T20:54Z,NOAA-21 VIIRS,VJ214IMG.A2025333.2054.002.2025340171617.nc,2025-12-06T17:16:17.000Z,2.0.14,1230543,a02b9518d011655d4ef5ff606668c42045c4d30be2c6d1f7447d40938d10eedf,CLDMSK_L2_VIIRS_NOAA21.A2025333.2054.001.2025334072940.nc,2025-11-30T07:29:40.650Z,58284147,6d317c200bd01a975548e68a9923c128
A2025333.2100,2025-11-29T21:00Z,NOAA-21 VIIRS,VJ214IMG.A2025333.2100.002.2025340171617.nc,2025-12-06T17:16:17.000Z,2.0.14,1104585,3e5859589ef938a573af2872da4d1198fcd2d725b50af731058a3d822177fb17,CLDMSK_L2_VIIRS_NOAA21.A2025333.2100.001.2025334072946.nc,2025-11-30T07:29:46.990Z,53150895,3ecfaec0ff48a6e5c063ca9effab6f0e
A2025333.2236,2025-11-29T22:36Z,NOAA-21 VIIRS,VJ214IMG.A2025333.2236.002.2025340171632.nc,2025-12-06T17:16:32.000Z,2.0.14,1069686,53d1d44f1cf20c24d1c6c20eff3b447ede040cc1213c117c88f28c9c37e45041,CLDMSK_L2_VIIRS_NOAA21.A2025333.2236.001.2025334072938.nc,2025-11-30T07:29:38.940Z,55706192,a5aa2139670a2acba4028f56ca4f4094
A2025333.2242,2025-11-29T22:42Z,NOAA-21 VIIRS,VJ214IMG.A2025333.2242.002.2025340171633.nc,2025-12-06T17:16:33.000Z,2.0.14,482272,dc612fa9c0b505314650805a6b186094a6557c73c6016463f1e10ea83e925bda,CLDMSK_L2_VIIRS_NOAA21.A2025333.2242.001.2025334072944.nc,2025-11-30T07:29:44.220Z,49669155,dfa29884ddf6505ef675f628e155f705
A2025334.2042,2025-11-30T20:42Z,NOAA-21 VIIRS,VJ214IMG.A2025334.2042.002.2025340173722.nc,2025-12-06T17:37:22.000Z,2.0.14,1056646,97afdd2c1b918829189fe5a6c9d3c3b27e01f5340277266f265576f5f816f9af,CLDMSK_L2_VIIRS_NOAA21.A2025334.2042.001.2025335073031.nc,2025-12-01T07:30:31.530Z,54617058,b6bb62edb970d6307e460f13ad13ddb3
A2025334.2218,2025-11-30T22:18Z,NOAA-21 VIIRS,VJ214IMG.A2025334.2218.002.2025340173730.nc,2025-12-06T17:37:30.000Z,2.0.14,1006105,f513c804469e0e801058cf60c73286241c8339841955b1427ad0d2db22d2661c,CLDMSK_L2_VIIRS_NOAA21.A2025334.2218.001.2025335073044.nc,2025-12-01T07:30:44.990Z,55010663,737871e13571ce2ae8c0cc4aa9917b5a
A2025334.2224,2025-11-30T22:24Z,NOAA-21 VIIRS,VJ214IMG.A2025334.2224.002.2025340173727.nc,2025-12-06T17:37:27.000Z,2.0.14,457811,de64090983d97c0769d7c7f5826b625012ef9bf014e44197412b4feabed5cfd8,CLDMSK_L2_VIIRS_NOAA21.A2025334.2224.001.2025335073027.nc,2025-12-01T07:30:27.290Z,53451821,2c6167c43b6ac9993f1a2417bbdc7b0e
A2025334.2354,2025-11-30T23:54Z,NOAA-21 VIIRS,VJ214IMG.A2025334.2354.002.2025340173735.nc,2025-12-06T17:37:35.000Z,2.0.14,1443877,55304335db992c142d9ac657da1bf7d241ae5b0dc96ef1c724ba127fa2a1f9ae,CLDMSK_L2_VIIRS_NOAA21.A2025334.2354.001.2025335073029.nc,2025-12-01T07:30:29.890Z,64284573,cd3788facd205e38b36797701d18980a
A2025335.0000,2025-12-01T00:00Z,NOAA-21 VIIRS,VJ214IMG.A2025335.0000.002.2025347032330.nc,2025-12-13T03:23:30.000Z,2.0.14,1042987,5885c83418cc7a975de14d7450f365ecb77b5a5e6e6c0ad2e5aa64ff184f6752,CLDMSK_L2_VIIRS_NOAA21.A2025335.0000.001.2025335131228.nc,2025-12-01T13:12:28.480Z,53954765,28d7338563dfd5f11fbb4459d948e789
A2025335.2154,2025-12-01T21:54Z,NOAA-21 VIIRS,VJ214IMG.A2025335.2154.002.2025347032332.nc,2025-12-13T03:23:32.000Z,2.0.14,1558216,1e2c5af818dd39bf6ea1a00f3bd63062bd7de4a0bfaffab582ed155b5beaeb88,CLDMSK_L2_VIIRS_NOAA21.A2025335.2154.001.2025336073324.nc,2025-12-02T07:33:24.210Z,63789913,b82aba3096330c7b8b27b2eaf18e8a96
A2025335.2200,2025-12-01T22:00Z,NOAA-21 VIIRS,VJ214IMG.A2025335.2200.002.2025347032332.nc,2025-12-13T03:23:32.000Z,2.0.14,834843,21bc4c57d3f4cd866e36ac3efbb120e345d42c2e772b432092568a2889e37a11,CLDMSK_L2_VIIRS_NOAA21.A2025335.2200.001.2025336073403.nc,2025-12-02T07:34:03.400Z,53362335,91b75a67e8ffa3c638559e52afe7d42f
A2025335.2336,2025-12-01T23:36Z,NOAA-21 VIIRS,VJ214IMG.A2025335.2336.002.2025347032328.nc,2025-12-13T03:23:28.000Z,2.0.14,1260757,4e4dcba59c2d90f411c03200fa5dd1b452ddbd0331ca4346df4c58dd6b053c64,CLDMSK_L2_VIIRS_NOAA21.A2025335.2336.001.2025336073324.nc,2025-12-02T07:33:24.750Z,62962363,fc20527829599b47f6431a1304c44a6e
A2025335.2342,2025-12-01T23:42Z,NOAA-21 VIIRS,VJ214IMG.A2025335.2342.002.2025347032329.nc,2025-12-13T03:23:29.000Z,2.0.14,641920,238791d47cb4ae8980b7d88e4e132480a98b5180400abe8562fbd392f1fd85a4,CLDMSK_L2_VIIRS_NOAA21.A2025335.2342.001.2025336073325.nc,2025-12-02T07:33:25.140Z,48769114,64ca85372648b243d1d18acea4d8dd9a
A2025336.2136,2025-12-02T21:36Z,NOAA-21 VIIRS,VJ214IMG.A2025336.2136.002.2025347033801.nc,2025-12-13T03:38:01.000Z,2.0.14,1583654,483a7fb11519ea26eeb4361210fd95c83fc4e307f109b4d248aba744de2599f0,CLDMSK_L2_VIIRS_NOAA21.A2025336.2136.001.2025337080932.nc,2025-12-03T08:09:32.660Z,64220650,692dda0de9f9f07cf70b2c14499ff627
A2025336.2142,2025-12-02T21:42Z,NOAA-21 VIIRS,VJ214IMG.A2025336.2142.002.2025347033758.nc,2025-12-13T03:37:58.000Z,2.0.14,717038,e947103a3a5e898d04b0410b606bcdbb1602c374d833d10c8d664fff6763088a,CLDMSK_L2_VIIRS_NOAA21.A2025336.2142.001.2025337080935.nc,2025-12-03T08:09:35.660Z,51449103,8c840308f9552ac542b9499e1beb61b8
A2025336.2318,2025-12-02T23:18Z,NOAA-21 VIIRS,VJ214IMG.A2025336.2318.002.2025347033801.nc,2025-12-13T03:38:01.000Z,2.0.14,1340034,01d42c8f86e039de53e5d157a87ab312b77a2cd07203479b664bed3b10dd03f3,CLDMSK_L2_VIIRS_NOAA21.A2025336.2318.001.2025337080928.nc,2025-12-03T08:09:28.590Z,61262364,01f8245ce85b7e68fd1ad76958a9a8b7
A2025336.2324,2025-12-02T23:24Z,NOAA-21 VIIRS,VJ214IMG.A2025336.2324.002.2025347033757.nc,2025-12-13T03:37:57.000Z,2.0.14,759546,34250ffc205515b1bbe66e35b057cdd25a4824b9095d27e074c8eedc22d2c637,CLDMSK_L2_VIIRS_NOAA21.A2025336.2324.001.2025337080927.nc,2025-12-03T08:09:27.560Z,50344989,6f1a43c78cb083b4c64b6fcfdb60f4a7
A2025337.2118,2025-12-03T21:18Z,NOAA-21 VIIRS,VJ214IMG.A2025337.2118.002.2025347043434.nc,2025-12-13T04:34:34.000Z,2.0.14,1347537,630d6af1b2e61bce4df5ac53270e06b52383eefefb8df98c831148dd5af96d30,CLDMSK_L2_VIIRS_NOAA21.A2025337.2118.001.2025338090618.nc,2025-12-04T09:06:18.310Z,61136426,d9388c4c339fd71196e1ac13c99b6ba5
A2025337.2124,2025-12-03T21:24Z,NOAA-21 VIIRS,VJ214IMG.A2025337.2124.002.2025347043431.nc,2025-12-13T04:34:31.000Z,2.0.14,548995,e02d11c9e4cc8d6eb9362fc864338147bf7c56de9cd49601dd72303a8e7c239c,CLDMSK_L2_VIIRS_NOAA21.A2025337.2124.001.2025338084939.nc,2025-12-04T08:49:39.440Z,51577830,689a7a2c9cdfccf6876e8a92053d604e
A2025337.2300,2025-12-03T23:00Z,NOAA-21 VIIRS,VJ214IMG.A2025337.2300.002.2025347043437.nc,2025-12-13T04:34:37.000Z,2.0.14,1497312,f25db41d6528115ec06999d324b3d883f2283fc46efc2b5c46b97ab65357d60d,CLDMSK_L2_VIIRS_NOAA21.A2025337.2300.001.2025338091520.nc,2025-12-04T09:15:20.730Z,61671923,10f7f8b7e0c93e68b6b54c12e3a8c172
A2025337.2306,2025-12-03T23:06Z,NOAA-21 VIIRS,VJ214IMG.A2025337.2306.002.2025347043435.nc,2025-12-13T04:34:35.000Z,2.0.14,977298,2cf69e6cbf17c42f24056ce02c4e332bb999e21944e32ffc27239b16e2285e31,CLDMSK_L2_VIIRS_NOAA21.A2025337.2306.001.2025338091520.nc,2025-12-04T09:15:20.730Z,53494153,18ad9ceed0c1f7c4d1093546391d48ca
A2025338.2100,2025-12-04T21:00Z,NOAA-21 VIIRS,VJ214IMG.A2025338.2100.002.2025347044729.nc,2025-12-13T04:47:29.000Z,2.0.14,972063,317453bddd87ab8e5c2bfb329957ca4abcb66d14d57db59256a429252e58fed0,CLDMSK_L2_VIIRS_NOAA21.A2025338.2100.001.2025339073302.nc,2025-12-05T07:33:02.750Z,57299142,255a686e371ff878b21fc208fbb251fc
A2025338.2106,2025-12-04T21:06Z,NOAA-21 VIIRS,VJ214IMG.A2025338.2106.002.2025347044726.nc,2025-12-13T04:47:26.000Z,2.0.14,665515,24a3340bbcdc7b446326b441b982444e3af42f6c46af7e162fcd6cba1954ffb6,CLDMSK_L2_VIIRS_NOAA21.A2025338.2106.001.2025339073300.nc,2025-12-05T07:33:00.370Z,53411069,db9c2c8ea26e02e4697e5d779f059ac6
A2025338.2242,2025-12-04T22:42Z,NOAA-21 VIIRS,VJ214IMG.A2025338.2242.002.2025347044728.nc,2025-12-13T04:47:28.000Z,2.0.14,1425317,6f2cd590c731d654537e6135815c72f6cea76b5b86e87f538055488817c6efd6,CLDMSK_L2_VIIRS_NOAA21.A2025338.2242.001.2025339084231.nc,2025-12-05T08:42:31.280Z,59071351,0708b2341485c64924b6b200222cd2d5
A2025338.2248,2025-12-04T22:48Z,NOAA-21 VIIRS,VJ214IMG.A2025338.2248.002.2025347044726.nc,2025-12-13T04:47:26.000Z,2.0.14,852330,4386c6159513f39e6389e7e8216e745895088a8e28323bc7d4d77cab339c77fb,CLDMSK_L2_VIIRS_NOAA21.A2025338.2248.001.2025339075851.nc,2025-12-05T07:58:51.990Z,53614046,89ad760017bfd91d5d202dc3970ff51d
A2025339.2042,2025-12-05T20:42Z,NOAA-21 VIIRS,VJ214IMG.A2025339.2042.002.2025347050227.nc,2025-12-13T05:02:27.000Z,2.0.14,1002451,6c911a51ed2b5ef1ada18244af14692c15fc8b165a12af54d1f5de86b2a58e8e,CLDMSK_L2_VIIRS_NOAA21.A2025339.2042.001.2025340072713.nc,2025-12-06T07:27:13.290Z,57452546,aafaa7eb24ca99ed4489990c4195407a
A2025339.2048,2025-12-05T20:48Z,NOAA-21 VIIRS,VJ214IMG.A2025339.2048.002.2025347050223.nc,2025-12-13T05:02:23.000Z,2.0.14,1188914,b2637f8dd67eb4e185c19a393f2ca231dea5cafe2cab560dc2fc439bd5a9a04d,CLDMSK_L2_VIIRS_NOAA21.A2025339.2048.001.2025340072642.nc,2025-12-06T07:26:42.550Z,55797028,801da82952ea1c0024db8cda8a90dcb7
A2025339.2224,2025-12-05T22:24Z,NOAA-21 VIIRS,VJ214IMG.A2025339.2224.002.2025347050226.nc,2025-12-13T05:02:26.000Z,2.0.14,1322080,b20aaa31e99b201cbf6085490464f9f73ba73837c365785a5387f082c5964606,CLDMSK_L2_VIIRS_NOAA21.A2025339.2224.001.2025340072713.nc,2025-12-06T07:27:13.110Z,56483848,5ceea9ade601d0b39980c93cd4237547
A2025339.2230,2025-12-05T22:30Z,NOAA-21 VIIRS,VJ214IMG.A2025339.2230.002.2025347050225.nc,2025-12-13T05:02:25.000Z,2.0.14,639640,86748767ccacef6c212a1d41d48ca5da59d66ac3e72f7f5b21135873c17c1c80,CLDMSK_L2_VIIRS_NOAA21.A2025339.2230.001.2025340072720.nc,2025-12-06T07:27:20.520Z,56840272,849dc13852cf25f9622d2c6a7a51f3a7
A2025340.0000,2025-12-06T00:00Z,NOAA-21 VIIRS,VJ214IMG.A2025340.0000.002.2025348025913.nc,2025-12-14T02:59:13.000Z,2.0.14,948695,5cb9eafaaaea4ac6d3cfecb517ea35e6546c2f4f7c14e197cf64104bbfbde597,CLDMSK_L2_VIIRS_NOAA21.A2025340.0000.001.2025340130601.nc,2025-12-06T13:06:01.690Z,61838846,2e67ebfc4e3eb5d041c6c1b46a1a4e35
A2025340.0006,2025-12-06T00:06Z,NOAA-21 VIIRS,VJ214IMG.A2025340.0006.002.2025348025910.nc,2025-12-14T02:59:10.000Z,2.0.14,1099143,94fe806a9b0d91e38cde2f76d1607a1dc41390eb8cdf07caecf4268ed1e040a5,CLDMSK_L2_VIIRS_NOAA21.A2025340.0006.001.2025340130609.nc,2025-12-06T13:06:09.340Z,51805588,69fe758b13a0a2bf83ec132c0ebe4400
A2025340.2206,2025-12-06T22:06Z,NOAA-21 VIIRS,VJ214IMG.A2025340.2206.002.2025348025905.nc,2025-12-14T02:59:05.000Z,2.0.14,1016910,59b503b446bc3e0471d5fca049625dfe3ed0c0f0fee95f3819b938d7bf13ff9d,CLDMSK_L2_VIIRS_NOAA21.A2025340.2206.001.2025341072726.nc,2025-12-07T07:27:26.350Z,52782710,ed74410a52bba082af1c7bdd284ac939
A2025340.2212,2025-12-06T22:12Z,NOAA-21 VIIRS,VJ214IMG.A2025340.2212.002.2025348025909.nc,2025-12-14T02:59:09.000Z,2.0.14,527399,aa8a208af5ec0584525969411fd8d062e02dcd487ca01d2b7fa31fd070a38a64,CLDMSK_L2_VIIRS_NOAA21.A2025340.2212.001.2025341072846.nc,2025-12-07T07:28:46.750Z,58727826,93286dd17399fd0de2e18253a42bbf17
A2025340.2342,2025-12-06T23:42Z,NOAA-21 VIIRS,VJ214IMG.A2025340.2342.002.2025348025912.nc,2025-12-14T02:59:12.000Z,2.0.14,1186040,f2871608dd1f696b5fffc123cc6a76e0391e2fd7943e1d083d93e16dcf7539b4,CLDMSK_L2_VIIRS_NOAA21.A2025340.2342.001.2025341072811.nc,2025-12-07T07:28:11.050Z,60050730,d432268119fd260500fd86730e8bf6e4
A2025340.2348,2025-12-06T23:48Z,NOAA-21 VIIRS,VJ214IMG.A2025340.2348.002.2025348025915.nc,2025-12-14T02:59:15.000Z,2.0.14,1067547,3d397180a2af6cc6d8e09a5153a13856557549a1a58236278e54a669a3bfbc2b,CLDMSK_L2_VIIRS_NOAA21.A2025340.2348.001.2025341072746.nc,2025-12-07T07:27:46.840Z,52923243,7413ad0d752c00f70789c7e1ecb8a1c6
A2025341.2142,2025-12-07T21:42Z,NOAA-21 VIIRS,VJ214IMG.A2025341.2142.002.2025357180129.nc,2025-12-23T18:01:29.000Z,2.0.14,978888,aad071e137fc6d73f5bcd7438f1f006f96e65953cc68967cc86c9ff2cb6fee47,CLDMSK_L2_VIIRS_NOAA21.A2025341.2142.001.2025342073740.nc,2025-12-08T07:37:40.940Z,60876149,162e6a63ca78199816c36a773ab6ecbc
A2025341.2148,2025-12-07T21:48Z,NOAA-21 VIIRS,VJ214IMG.A2025341.2148.002.2025357180127.nc,2025-12-23T18:01:27.000Z,2.0.14,657416,60020d444d6b58131c6b02d6d151f8c869876102b6e583c5598118549a320528,CLDMSK_L2_VIIRS_NOAA21.A2025341.2148.001.2025342073736.nc,2025-12-08T07:37:36.740Z,50088758,516d62eeeb35cc267c778837d9c00270
A2025341.2324,2025-12-07T23:24Z,NOAA-21 VIIRS,VJ214IMG.A2025341.2324.002.2025357180129.nc,2025-12-23T18:01:29.000Z,2.0.14,1359822,0f5ae81983e77151c724054157200dc243c23806752d2fb5ffcefde93c055fe0,CLDMSK_L2_VIIRS_NOAA21.A2025341.2324.001.2025342073736.nc,2025-12-08T07:37:36.180Z,59697915,bb4e6ae4231853a618145f30e6411f0e
A2025341.2330,2025-12-07T23:30Z,NOAA-21 VIIRS,VJ214IMG.A2025341.2330.002.2025357180129.nc,2025-12-23T18:01:29.000Z,2.0.14,762187,4bfe8fc4ff5508d88f6d6f37a914f4f3a78de447bee18a21b528476ffe879850,CLDMSK_L2_VIIRS_NOAA21.A2025341.2330.001.2025342073753.nc,2025-12-08T07:37:53.160Z,51169144,e04f8c6cae8e6f9cf14297cd4c252014
A2025342.2124,2025-12-08T21:24Z,NOAA-21 VIIRS,VJ214IMG.A2025342.2124.002.2025357181800.nc,2025-12-23T18:18:00.000Z,2.0.14,973818,68371a52066d288b0b698c6f76a2e890ed433d29ac5b34a62d0a940a448a54fc,CLDMSK_L2_VIIRS_NOAA21.A2025342.2124.001.2025343072813.nc,2025-12-09T07:28:13.290Z,59531344,801877df2466733dc49656d4d9b15a7b
A2025342.2130,2025-12-08T21:30Z,NOAA-21 VIIRS,VJ214IMG.A2025342.2130.002.2025357181802.nc,2025-12-23T18:18:02.000Z,2.0.14,566041,861439117f45c85f640b707b550fab43e49c7a1583d7863a095656248c80164c,CLDMSK_L2_VIIRS_NOAA21.A2025342.2130.001.2025343072815.nc,2025-12-09T07:28:15.620Z,50393583,5622f369a499020cc2a8386417a08a54
A2025342.2306,2025-12-08T23:06Z,NOAA-21 VIIRS,VJ214IMG.A2025342.2306.002.2025357181759.nc,2025-12-23T18:17:59.000Z,2.0.14,1350803,288cc496fd2c73e757b216bac9c30d03fb41adf4a7fbc691cdc59526ad876416,CLDMSK_L2_VIIRS_NOAA21.A2025342.2306.001.2025343072813.nc,2025-12-09T07:28:13.140Z,59282271,fa5d9f5b62c6dc9bf93c2bfe295f0441
A2025342.2312,2025-12-08T23:12Z,NOAA-21 VIIRS,VJ214IMG.A2025342.2312.002.2025357181758.nc,2025-12-23T18:17:58.000Z,2.0.14,808384,0f68dc9d1d334d158fccc4d34c132581e6dd6f913557f3de445d9addb3db517e,CLDMSK_L2_VIIRS_NOAA21.A2025342.2312.001.2025343072813.nc,2025-12-09T07:28:13.010Z,50926396,c4be4364164dbb6fbfe3e6595f138fdf
A2025343.2106,2025-12-09T21:06Z,NOAA-21 VIIRS,VJ214IMG.A2025343.2106.002.2025357183323.nc,2025-12-23T18:33:23.000Z,2.0.14,854582,07025de3e4f8692108bc14b2968571b59fc233c5ae47b10e9708ea82df463bfa,CLDMSK_L2_VIIRS_NOAA21.A2025343.2106.001.2025344071905.nc,2025-12-10T07:19:05.060Z,58719686,16472011d9332af46f934f7e1192f659
A2025343.2112,2025-12-09T21:12Z,NOAA-21 VIIRS,VJ214IMG.A2025343.2112.002.2025357183329.nc,2025-12-23T18:33:29.000Z,2.0.14,557327,791ff3925395820fb25a401b7dd435590410885fbf50ffcd674c1d53d501b717,CLDMSK_L2_VIIRS_NOAA21.A2025343.2112.001.2025344071901.nc,2025-12-10T07:19:01.210Z,51686262,421e4dfc4a1bd477c1ea3cb82a392630
A2025343.2248,2025-12-09T22:48Z,NOAA-21 VIIRS,VJ214IMG.A2025343.2248.002.2025357183325.nc,2025-12-23T18:33:25.000Z,2.0.14,1316477,e8c8b6b2a84ba07730e02d094c448fef8596b29fce625a0532ac1c63a4eb2471,CLDMSK_L2_VIIRS_NOAA21.A2025343.2248.001.2025344071900.nc,2025-12-10T07:19:00.260Z,55439507,52eb28969a098e7781ac4449d34cb417
A2025343.2254,2025-12-09T22:54Z,NOAA-21 VIIRS,VJ214IMG.A2025343.2254.002.2025357183322.nc,2025-12-23T18:33:22.000Z,2.0.14,700303,4383b2d6e3c9cb691cda98b0d09396c2ee8bccf10ceeb39ac2d55425f60314fd,CLDMSK_L2_VIIRS_NOAA21.A2025343.2254.001.2025344071919.nc,2025-12-10T07:19:19.570Z,52119875,2b59d74902099c75334fef038e5a5fcf
A2025344.2048,2025-12-10T20:48Z,NOAA-21 VIIRS,VJ214IMG.A2025344.2048.002.2025357202754.nc,2025-12-23T20:27:54.000Z,2.0.14,1016307,58ea28ffbe962f1c4f48d1c899b7b9017df13ab11dd0e289943314261d1eff69,CLDMSK_L2_VIIRS_NOAA21.A2025344.2048.001.2025345073011.nc,2025-12-11T07:30:11.460Z,55441530,9894b93933287dfe94cb500442228b09
A2025344.2054,2025-12-10T20:54Z,NOAA-21 VIIRS,VJ214IMG.A2025344.2054.002.2025357202754.nc,2025-12-23T20:27:54.000Z,2.0.14,963644,e71a90e067c29dec1fd6c9220871dabc068d5dc9d674434fd0405ac5ab24183c,CLDMSK_L2_VIIRS_NOAA21.A2025344.2054.001.2025345073005.nc,2025-12-11T07:30:05.220Z,51464286,829e52d3df66f1fb36b0d229ac27b4e4
A2025344.2230,2025-12-10T22:30Z,NOAA-21 VIIRS,VJ214IMG.A2025344.2230.002.2025357202759.nc,2025-12-23T20:27:59.000Z,2.0.14,1395322,9f8dd95a3c6355882dc087d01406c4cb52c398a4b86e538f5ec452d79f702e25,CLDMSK_L2_VIIRS_NOAA21.A2025344.2230.001.2025345073014.nc,2025-12-11T07:30:14.870Z,57336359,74ccda64e09ca78cef61a9e67abfbf97
A2025344.2236,2025-12-10T22:36Z,NOAA-21 VIIRS,VJ214IMG.A2025344.2236.002.2025357202755.nc,2025-12-23T20:27:55.000Z,2.0.14,759548,b877d8ec3464de8df8bfd6c7af1406d7aac42a9f3a55587810f81eba22eb5731,CLDMSK_L2_VIIRS_NOAA21.A2025344.2236.001.2025345073016.nc,2025-12-11T07:30:16.870Z,53925907,1e25480bcbc5ec434f63d30280c192ef
A2025345.2212,2025-12-11T22:12Z,NOAA-21 VIIRS,VJ214IMG.A2025345.2212.002.2025358044019.nc,2025-12-24T04:40:19.000Z,2.0.14,1102467,1ba46dee0f892ec5ac6895040a17638b207c508ab126a3a814be6dc3560689d0,CLDMSK_L2_VIIRS_NOAA21.A2025345.2212.001.2025346073117.nc,2025-12-12T07:31:17.530Z,54174299,83c5f6aab592e720faaa255450a31237
A2025345.2218,2025-12-11T22:18Z,NOAA-21 VIIRS,VJ214IMG.A2025345.2218.002.2025358044343.nc,2025-12-24T04:43:43.000Z,2.0.14,585898,f9be1639210740feb0791a1de041e8a9eb17e97f570d8ec7dba706d04c58d864,CLDMSK_L2_VIIRS_NOAA21.A2025345.2218.001.2025346073117.nc,2025-12-12T07:31:17.520Z,58562683,35ddf9a645886e31080596d4d9fed5c6
A2025345.2348,2025-12-11T23:48Z,NOAA-21 VIIRS,VJ214IMG.A2025345.2348.002.2025358044111.nc,2025-12-24T04:41:11.000Z,2.0.14,1192162,4bb3312ddd69be4a3222c8239a87ecf15f70e7da0478ea2d0ba78aa84145d43a,CLDMSK_L2_VIIRS_NOAA21.A2025345.2348.001.2025346073136.nc,2025-12-12T07:31:36.160Z,63439938,98d24a93823f59b4cf1e93ff95f54122
A2025345.2354,2025-12-11T23:54Z,NOAA-21 VIIRS,VJ214IMG.A2025345.2354.002.2025358044208.nc,2025-12-24T04:42:08.000Z,2.0.14,582701,1b01567bf2a3f19749d7bab3a409c2aabd4f5c0db1a04647b56034bc4bc35a74,CLDMSK_L2_VIIRS_NOAA21.A2025345.2354.001.2025346073137.nc,2025-12-12T07:31:37.080Z,51103987,48ddf2d3122457678e7b00d0b50a787c
A2025346.2148,2025-12-12T21:48Z,NOAA-21 VIIRS,VJ214IMG.A2025346.2148.002.2025358071112.nc,2025-12-24T07:11:12.000Z,2.0.14,908715,d1229b4873e1d8e51f6b7f43dc783aa358ea18f841eefabbb35dfcacb9777e67,CLDMSK_L2_VIIRS_NOAA21.A2025346.2148.001.2025347073345.nc,2025-12-13T07:33:45.680Z,60184957,4729c00bc406f19a64a634f844696f10
A2025346.2154,2025-12-12T21:54Z,NOAA-21 VIIRS,VJ214IMG.A2025346.2154.002.2025358071112.nc,2025-12-24T07:11:12.000Z,2.0.14,908359,82b539a16b79cb1f0749c978bfaccadaf011bcdbc3c837ff2e9116ef43cdce14,CLDMSK_L2_VIIRS_NOAA21.A2025346.2154.001.2025347073630.nc,2025-12-13T07:36:30.130Z,53069115,7afc2f310c00f5f854e5b26a5bad2783
A2025346.2330,2025-12-12T23:30Z,NOAA-21 VIIRS,VJ214IMG.A2025346.2330.002.2025358071113.nc,2025-12-24T07:11:13.000Z,2.0.14,1325448,6506e3f142d4203057e7f50633ab49602806ff896db1d01e8ddc40931431f56b,CLDMSK_L2_VIIRS_NOAA21.A2025346.2330.001.2025347073358.nc,2025-12-13T07:33:58.870Z,64596583,470b112c177ef9b0509ff7f5c63beb58
A2025346.2336,2025-12-12T23:36Z,NOAA-21 VIIRS,VJ214IMG.A2025346.2336.002.2025358071107.nc,2025-12-24T07:11:07.000Z,2.0.14,576955,07949aa2d50d10fede1e8efb7161d3501aabf797fb370e5022fe4e6895d4430e,CLDMSK_L2_VIIRS_NOAA21.A2025346.2336.001.2025347073440.nc,2025-12-13T07:34:40.790Z,50062822,3a7a352320332a88a52eaaca2d6d3fbc
A2025347.2130,2025-12-13T21:30Z,NOAA-21 VIIRS,VJ214IMG.A2025347.2130.002.2025358082351.nc,2025-12-24T08:23:51.000Z,2.0.14,1040887,e018cc11c2c7babac68c973b8d346a3afff01093ac7739c456984f7a29b54f66,CLDMSK_L2_VIIRS_NOAA21.A2025347.2130.001.2025348073400.nc,2025-12-14T07:34:00.780Z,61052362,3a6c4848f0f65c8bfcc0d41798eba1d3
A2025347.2136,2025-12-13T21:36Z,NOAA-21 VIIRS,VJ214IMG.A2025347.2136.002.2025358082352.nc,2025-12-24T08:23:52.000Z,2.0.14,861641,44cf149f7f41ef54799c4eb8329f5909142d7b21a25b7cfff7b6dbd30201ff3c,CLDMSK_L2_VIIRS_NOAA21.A2025347.2136.001.2025348073359.nc,2025-12-14T07:33:59.510Z,54596538,44df01b5b0bb04df6e2de7b9b26dc736
A2025347.2312,2025-12-13T23:12Z,NOAA-21 VIIRS,VJ214IMG.A2025347.2312.002.2025358082350.nc,2025-12-24T08:23:50.000Z,2.0.14,1368867,2846096ede54f274ac48a594d8ba5e506b4531fc0007b50ee7fdb46e749ff4f2,CLDMSK_L2_VIIRS_NOAA21.A2025347.2312.001.2025348073400.nc,2025-12-14T07:34:00.450Z,63632911,78feb9d239dcac01f22cc6e01fca1012
A2025347.2318,2025-12-13T23:18Z,NOAA-21 VIIRS,VJ214IMG.A2025347.2318.002.2025358082350.nc,2025-12-24T08:23:50.000Z,2.0.14,626796,c9e0becbbcfdd3e31401abcbb9a35ec3c0bd5aba3b86e9ded17646c4eea94fdc,CLDMSK_L2_VIIRS_NOAA21.A2025347.2318.001.2025348073401.nc,2025-12-14T07:34:01.480Z,48971125,d8b8a70d54cc44327538dc275dcaa62e
A2025348.2112,2025-12-14T21:12Z,NOAA-21 VIIRS,VJ214IMG.A2025348.2112.002.2025358221731.nc,2025-12-24T22:17:31.000Z,2.0.14,1031498,be1ec86d405a1360df17a09ca95e7d84a470f69f1c054abe356e350f3d5d1815,CLDMSK_L2_VIIRS_NOAA21.A2025348.2112.001.2025349082447.nc,2025-12-15T08:24:47.980Z,61428761,5bc10060d659a0ddcc6477024f60b681
A2025348.2118,2025-12-14T21:18Z,NOAA-21 VIIRS,VJ214IMG.A2025348.2118.002.2025358221733.nc,2025-12-24T22:17:33.000Z,2.0.14,511208,8ac02c9c7e0b7c5e10d400bb050bd99a2025ffae981d247ecfc6d67549ebe30e,CLDMSK_L2_VIIRS_NOAA21.A2025348.2118.001.2025349082446.nc,2025-12-15T08:24:46.780Z,51275236,02d813c590cf516fecbdc44d003786be
A2025348.2254,2025-12-14T22:54Z,NOAA-21 VIIRS,VJ214IMG.A2025348.2254.002.2025358221733.nc,2025-12-24T22:17:33.000Z,2.0.14,1363185,5254102fb0ffd5171a09681792c3ee700605f8facd76e255b6d3435c13d18628,CLDMSK_L2_VIIRS_NOAA21.A2025348.2254.001.2025349082458.nc,2025-12-15T08:24:58.350Z,63205275,04a22f28367289d6c4b4fa9251b766b9
A2025348.2300,2025-12-14T23:00Z,NOAA-21 VIIRS,VJ214IMG.A2025348.2300.002.2025358221731.nc,2025-12-24T22:17:31.000Z,2.0.14,640564,d81ba6a414c96f780910c2492d3c8539821c3c9dbc50172b0bb364fe9db3ee21,CLDMSK_L2_VIIRS_NOAA21.A2025348.2300.001.2025349082456.nc,2025-12-15T08:24:56.400Z,50920096,86b3efd983634ec429d5be3199674521
A2025349.2054,2025-12-15T20:54Z,NOAA-21 VIIRS,VJ214IMG.A2025349.2054.002.2025358223541.nc,2025-12-24T22:35:41.000Z,2.0.14,1095342,9e253548bb158e4842849aa854493fa35d78dc548b35477ffdf75d73e12fba0a,CLDMSK_L2_VIIRS_NOAA21.A2025349.2054.001.2025350165548.nc,2025-12-16T16:55:48.740Z,60885817,2c3e7bd04aa0a04e8ddbdd293a37d2d5
A2025349.2100,2025-12-15T21:00Z,NOAA-21 VIIRS,VJ214IMG.A2025349.2100.002.2025358223541.nc,2025-12-24T22:35:41.000Z,2.0.14,502710,27781975625086fbd4d593c43121b173596be3207ae92e74c90b41446e3db642,CLDMSK_L2_VIIRS_NOAA21.A2025349.2100.001.2025350165548.nc,2025-12-16T16:55:48.260Z,50571429,50a26beeb266e25a3bec5aaebdb7be2d
A2025349.2236,2025-12-15T22:36Z,NOAA-21 VIIRS,VJ214IMG.A2025349.2236.002.2025358223631.nc,2025-12-24T22:36:31.000Z,2.0.14,1182151,cb62fd0082a1f405339c5652adb5011e11255ae0e8ca42f5ec0e9cc804f760c2,CLDMSK_L2_VIIRS_NOAA21.A2025349.2236.001.2025350165607.nc,2025-12-16T16:56:07.990Z,58214477,a7f5ba7e3d11479e53b1605ab8cc7b00
A2025349.2242,2025-12-15T22:42Z,NOAA-21 VIIRS,VJ214IMG.A2025349.2242.002.2025358223553.nc,2025-12-24T22:35:53.000Z,2.0.14,622334,aa761b2844127ef28eda7c4f4c0b53beddcb96a5a8c57f2290403aea1b825f7b,CLDMSK_L2_VIIRS_NOAA21.A2025349.2242.001.2025350165609.nc,2025-12-16T16:56:09.020Z,54102365,40e99ac0ff41c906c3ec4a2e46290991
A2025350.2042,2025-12-16T20:42Z,NOAA-21 VIIRS,VJ214IMG.A2025350.2042.002.2025358225548.nc,2025-12-24T22:55:48.000Z,2.0.14,590626,9148a22a092e5d5ef6e7857561f8dc3d63c9b31f5e275a561c079fde04c19ae9,CLDMSK_L2_VIIRS_NOAA21.A2025350.2042.001.2025351072613.nc,2025-12-17T07:26:13.980Z,54515202,177391888f5d6c40f1ec53eb4b23241e
A2025350.2218,2025-12-16T22:18Z,NOAA-21 VIIRS,VJ214IMG.A2025350.2218.002.2025358225554.nc,2025-12-24T22:55:54.000Z,2.0.14,1215602,21659d42a39ebe2253182032917329d3ad8675728d994439b1163da94e329a34,CLDMSK_L2_VIIRS_NOAA21.A2025350.2218.001.2025351072617.nc,2025-12-17T07:26:17.360Z,55556273,cb9a1648421cdb015793c40dedf2706f
A2025350.2224,2025-12-16T22:24Z,NOAA-21 VIIRS,VJ214IMG.A2025350.2224.002.2025358225542.nc,2025-12-24T22:55:42.000Z,2.0.14,535069,ac83978dba0fcbe9df7628c1485df32df9f7bd1d0a02e1059cd80db4df496321,CLDMSK_L2_VIIRS_NOAA21.A2025350.2224.001.2025351072610.nc,2025-12-17T07:26:10.310Z,57643246,d8598ef8e32680044d447a8dcb4d44de
A2025350.2354,2025-12-16T23:54Z,NOAA-21 VIIRS,VJ214IMG.A2025350.2354.002.2025358225600.nc,2025-12-24T22:56:00.000Z,2.0.14,1136787,9eb902174debdb323fc9d9128c97f258269161a8246034f5b87a6f643494c9a0,CLDMSK_L2_VIIRS_NOAA21.A2025350.2354.001.2025351072610.nc,2025-12-17T07:26:10.230Z,63457596,e0c5db60042839ee5fd32aed8c849bd4
A2025351.0000,2025-12-17T00:00Z,NOAA-21 VIIRS,VJ214IMG.A2025351.0000.002.2025358231440.nc,2025-12-24T23:14:40.000Z,2.0.14,1065770,fb9a14657cf99b89519185d4b5ce2bd97e28ad1313a5b559e5c1aa7c56279cbc,CLDMSK_L2_VIIRS_NOAA21.A2025351.0000.001.2025351131621.nc,2025-12-17T13:16:21.840Z,55285701,4be0ecd7b64d37774c6686553e3eba3d
A2025351.2200,2025-12-17T22:00Z,NOAA-21 VIIRS,VJ214IMG.A2025351.2200.002.2025358231526.nc,2025-12-24T23:15:26.000Z,2.0.14,1253962,4665ee66012b5241b5cd1e268915591f271f0259b68586c169a90db896bc6050,CLDMSK_L2_VIIRS_NOAA21.A2025351.2200.001.2025352072652.nc,2025-12-18T07:26:52.180Z,56513358,497969f2b55fb47c99f3358b8907edba
A2025351.2206,2025-12-17T22:06Z,NOAA-21 VIIRS,VJ214IMG.A2025351.2206.002.2025358231436.nc,2025-12-24T23:14:36.000Z,2.0.14,593749,740a3dd8510d1e2f820c687d157fe3bd5faecc2aecf18cebbdd96a0b23e6ef86,CLDMSK_L2_VIIRS_NOAA21.A2025351.2206.001.2025352072652.nc,2025-12-18T07:26:52.490Z,58695788,22c26654713d82ed2e0eb4121ee6b023
A2025351.2336,2025-12-17T23:36Z,NOAA-21 VIIRS,VJ214IMG.A2025351.2336.002.2025358231539.nc,2025-12-24T23:15:39.000Z,2.0.14,1173509,893308f084310263e4fa8fc123daf7949a6b65afc745b0bd6873927368b7e8e9,CLDMSK_L2_VIIRS_NOAA21.A2025351.2336.001.2025352072638.nc,2025-12-18T07:26:38.990Z,64535939,848a52471492f07b07d2d3c5c337d3f2
A2025351.2342,2025-12-17T23:42Z,NOAA-21 VIIRS,VJ214IMG.A2025351.2342.002.2025358231533.nc,2025-12-24T23:15:33.000Z,2.0.14,672386,d61365304e9f0469514ba119a5f1dd3920ee46152f951e8cd1a1f0eba8016bd7,CLDMSK_L2_VIIRS_NOAA21.A2025351.2342.001.2025352072642.nc,2025-12-18T07:26:42.330Z,51638635,a4a7c13e5c19b91451ad5eb372e13aab
A2025352.2136,2025-12-18T21:36Z,NOAA-21 VIIRS,VJ214IMG.A2025352.2136.002.2025364235421.nc,2025-12-30T23:54:21.000Z,2.0.14,838079,11ccd0c96a5404144a86dc6e194668a07837ebb789a0899041c2586b3d2f188e,CLDMSK_L2_VIIRS_NOAA21.A2025352.2136.001.2025353072741.nc,2025-12-19T07:27:41.250Z,63412329,cdfcce5fe23654d3f4e2006986e287f0
A2025352.2142,2025-12-18T21:42Z,NOAA-21 VIIRS,VJ214IMG.A2025352.2142.002.2025364235416.nc,2025-12-30T23:54:16.000Z,2.0.14,828724,2f808bfbf8496aaccc0301c6f7b9bccc568a5da10017ad29a201a0fcd6f0ac0d,CLDMSK_L2_VIIRS_NOAA21.A2025352.2142.001.2025353072740.nc,2025-12-19T07:27:40.190Z,53171990,37395aa5296664ab976b6273beb5db92
A2025352.2318,2025-12-18T23:18Z,NOAA-21 VIIRS,VJ214IMG.A2025352.2318.002.2025364235418.nc,2025-12-30T23:54:18.000Z,2.0.14,1204349,e38b651c0a9b8c88c07f9f3ec68f12d3aeed6cab0d8efa3aea24664d2ddfe5fc,CLDMSK_L2_VIIRS_NOAA21.A2025352.2318.001.2025353072726.nc,2025-12-19T07:27:26.650Z,63831223,bf0765de15693887b592cd626908fdde
A2025352.2324,2025-12-18T23:24Z,NOAA-21 VIIRS,VJ214IMG.A2025352.2324.002.2025364235423.nc,2025-12-30T23:54:23.000Z,2.0.14,628334,a7ebd85e016ca533dfec89a437135d4990d24d757ba80b738bae1f0abb45cfbe,CLDMSK_L2_VIIRS_NOAA21.A2025352.2324.001.2025353072727.nc,2025-12-19T07:27:27.720Z,50658426,2cd8ab749fda2fe11c9ea6ab7cfd2015
A2025353.2118,2025-12-19T21:18Z,NOAA-21 VIIRS,VJ214IMG.A2025353.2118.002.2025365000447.nc,2025-12-31T00:04:47.000Z,2.0.14,668153,54f6168fb47ea80dd305e4440171c2f6ad296984474b4f1f1c4ad73d6f33d3a4,CLDMSK_L2_VIIRS_NOAA21.A2025353.2118.001.2025354072820.nc,2025-12-20T07:28:20.990Z,60549467,a183e6698a6540af6af84a23913ee7dd
A2025353.2124,2025-12-19T21:24Z,NOAA-21 VIIRS,VJ214IMG.A2025353.2124.002.2025365000455.nc,2025-12-31T00:04:55.000Z,2.0.14,793012,99a35ac2955e115597714c3361d3798dd169dfade3fa69f871d5b5286ea5ddb3,CLDMSK_L2_VIIRS_NOAA21.A2025353.2124.001.2025354072819.nc,2025-12-20T07:28:19.670Z,54260943,5fb652b8da6cabcafdd6feeabdee68d6
A2025353.2300,2025-12-19T23:00Z,NOAA-21 VIIRS,VJ214IMG.A2025353.2300.002.2025365000456.nc,2025-12-31T00:04:56.000Z,2.0.14,1133869,50e47ddc61c4fc99a41be9bfb8162387d1bdfee0c47445345ab93b01df262e3d,CLDMSK_L2_VIIRS_NOAA21.A2025353.2300.001.2025354072806.nc,2025-12-20T07:28:06.640Z,60899483,3ab76c26f9e348b13d90c1b09e59a456
A2025353.2306,2025-12-19T23:06Z,NOAA-21 VIIRS,VJ214IMG.A2025353.2306.002.2025365000502.nc,2025-12-31T00:05:02.000Z,2.0.14,522334,8ceb0688ce304b5556b927edd5f9824160e87080812aa25660612bff469e2d30,CLDMSK_L2_VIIRS_NOAA21.A2025353.2306.001.2025354072808.nc,2025-12-20T07:28:08.130Z,48355531,0c5b6cb8279f6c4e171de6f0c425860f
A2025354.2100,2025-12-20T21:00Z,NOAA-21 VIIRS,VJ214IMG.A2025354.2100.002.2025365002827.nc,2025-12-31T00:28:27.000Z,2.0.14,788503,b5a09d478e7f0f71ab5a201e3a1f217a4017efe21860911ce581dd0ab5ae4e4a,CLDMSK_L2_VIIRS_NOAA21.A2025354.2100.001.2025355072858.nc,2025-12-21T07:28:58.140Z,60503965,1765d076288cb9e353a38c766332b353
A2025354.2106,2025-12-20T21:06Z,NOAA-21 VIIRS,VJ214IMG.A2025354.2106.002.2025365002753.nc,2025-12-31T00:27:53.000Z,2.0.14,890804,08db1e5e5a6071aaf75bed7ca7b249dd25ba3ca7f738b0c3f3940b3b22c22076,CLDMSK_L2_VIIRS_NOAA21.A2025354.2106.001.2025355072907.nc,2025-12-21T07:29:07.270Z,54984277,9a33fa920d7559752ba84db8174a83f8
A2025354.2242,2025-12-20T22:42Z,NOAA-21 VIIRS,VJ214IMG.A2025354.2242.002.2025365002810.nc,2025-12-31T00:28:10.000Z,2.0.14,1267015,a94aad394598ba7e2b0c8b404db5a17334533cc260d1828fdf8c010c4353f90e,CLDMSK_L2_VIIRS_NOAA21.A2025354.2242.001.2025355072855.nc,2025-12-21T07:28:55.120Z,59454955,97b69321e59967996dba429bd6f6ede6
A2025354.2248,2025-12-20T22:48Z,NOAA-21 VIIRS,VJ214IMG.A2025354.2248.002.2025365002826.nc,2025-12-31T00:28:26.000Z,2.0.14,482111,98fd7dfc97d18ed30f81a2390183c4032d314b6aede7c3b843d3d01b5b9d7303,CLDMSK_L2_VIIRS_NOAA21.A2025354.2248.001.2025355072854.nc,2025-12-21T07:28:54.370Z,50750819,a9bbc73852fc31591a4b72407bd9eaae
A2025355.2042,2025-12-21T20:42Z,NOAA-21 VIIRS,VJ214IMG.A2025355.2042.002.2025365010159.nc,2025-12-31T01:01:59.000Z,2.0.14,1127612,4a78e8d8d33fbf7ea4b159808c50cd9f1e8c259d5de357814b7d873406872092,CLDMSK_L2_VIIRS_NOAA21.A2025355.2042.001.2025356073935.nc,2025-12-22T07:39:35.700Z,60047433,371cea9d0689fe3c2424101e1c1dceef
A2025355.2048,2025-12-21T20:48Z,NOAA-21 VIIRS,VJ214IMG.A2025355.2048.002.2025365010132.nc,2025-12-31T01:01:32.000Z,2.0.14,762326,5a1c4715630c56c977ca4b465a16d27382cde90f9398c5f2bdec60a0596cc19f,CLDMSK_L2_VIIRS_NOAA21.A2025355.2048.001.2025356073936.nc,2025-12-22T07:39:36.140Z,54760877,2bd82387736756645dfd776a0d2a2a22
A2025355.2224,2025-12-21T22:24Z,NOAA-21 VIIRS,VJ214IMG.A2025355.2224.002.2025365010132.nc,2025-12-31T01:01:32.000Z,2.0.14,1112954,e4cc2c5df34731222f28b9bff1178e8212f42c980c40349e1ce59d413d330efa,CLDMSK_L2_VIIRS_NOAA21.A2025355.2224.001.2025356074000.nc,2025-12-22T07:40:00.210Z,58608741,60ac08a82b27131e7fbec29dbbc3f6b8
A2025355.2230,2025-12-21T22:30Z,NOAA-21 VIIRS,VJ214IMG.A2025355.2230.002.2025365010146.nc,2025-12-31T01:01:46.000Z,2.0.14,569373,c9e4d7c4e2521bce9b6a33dfa11f6e2dff2d7881e133bc22d4d4453734818cb3,CLDMSK_L2_VIIRS_NOAA21.A2025355.2230.001.2025356073937.nc,2025-12-22T07:39:37.270Z,54420718,fb0c1ca24448c6f2258597b8ed4e411c
A2025356.0000,2025-12-22T00:00Z,NOAA-21 VIIRS,VJ214IMG.A2025356.0000.002.2025365013329.nc,2025-12-31T01:33:29.000Z,2.0.14,1203453,85063994eb19498aece9c7646b0f886fb6d5954ab81794a343b77b512691f81c,CLDMSK_L2_VIIRS_NOAA21.A2025356.0000.001.2025356131955.nc,2025-12-22T13:19:55.910Z,65583158,c42d10a91ae98fc28bf0d2c4dbcb8753
A2025356.0006,2025-12-22T00:06Z,NOAA-21 VIIRS,VJ214IMG.A2025356.0006.002.2025365013328.nc,2025-12-31T01:33:28.000Z,2.0.14,868186,b01b61fa5dd035b40ca5f41fe4d13198be37ababa1494584e33193d0dfc2c708,CLDMSK_L2_VIIRS_NOAA21.A2025356.0006.001.2025356131956.nc,2025-12-22T13:19:56.620Z,52226676,08ead3294afd1f0ef6396bb31729a211
A2025356.2206,2025-12-22T22:06Z,NOAA-21 VIIRS,VJ214IMG.A2025356.2206.002.2025365013332.nc,2025-12-31T01:33:32.000Z,2.0.14,872565,1d09d5d91c25b3778abf885e074ffe1860bc8b0315f43d7b2666a4386ea14f6d,CLDMSK_L2_VIIRS_NOAA21.A2025356.2206.001.2025357074036.nc,2025-12-23T07:40:36.810Z,55269123,94501e8903ae2bfc411f4711ab0fb6e4
A2025356.2212,2025-12-22T22:12Z,NOAA-21 VIIRS,VJ214IMG.A2025356.2212.002.2025365013328.nc,2025-12-31T01:33:28.000Z,2.0.14,612013,9b4cd9739e4169d18b9ff7df95d94194f5640b3a03102fb39ce172f37a54b4ec,CLDMSK_L2_VIIRS_NOAA21.A2025356.2212.001.2025357074034.nc,2025-12-23T07:40:34.530Z,57127050,1982fd26ba3c7715a579d011fad8f6d6
A2025356.2342,2025-12-22T23:42Z,NOAA-21 VIIRS,VJ214IMG.A2025356.2342.002.2025365013326.nc,2025-12-31T01:33:26.000Z,2.0.14,1154993,a5312f6fd76f032b6b9a8046ce2e84a1ba476e6f3f7dbee79bca7f5d0d18ab37,CLDMSK_L2_VIIRS_NOAA21.A2025356.2342.001.2025357074040.nc,2025-12-23T07:40:40.770Z,65824065,deaaad1fbf6f7789cd40061438708de9
A2025356.2348,2025-12-22T23:48Z,NOAA-21 VIIRS,VJ214IMG.A2025356.2348.002.2025365013327.nc,2025-12-31T01:33:27.000Z,2.0.14,817748,8ec32c91855c0236cb986bc8eab79539eceb62169ea2a6e741c33065e90ed12c,CLDMSK_L2_VIIRS_NOAA21.A2025356.2348.001.2025357074040.nc,2025-12-23T07:40:40.330Z,53355814,a7aff24ea44e7520c788988630a98d50
A2025357.2142,2025-12-23T21:42Z,NOAA-21 VIIRS,VJ214IMG.A2025357.2142.002.2025365015703.nc,2025-12-31T01:57:03.000Z,2.0.14,768792,075271abcae6a052f35eed0a5d745bc8dac348cfbf47fbec9c2d9381c052f27e,CLDMSK_L2_VIIRS_NOAA21.A2025357.2142.001.2025358074138.nc,2025-12-24T07:41:38.720Z,64940801,47443a07e8423036fb7cc6181d2fe41c
A2025357.2148,2025-12-23T21:48Z,NOAA-21 VIIRS,VJ214IMG.A2025357.2148.002.2025365015702.nc,2025-12-31T01:57:02.000Z,2.0.14,790637,80d0683026dbffc9d86e80048a0cb4718df8a6314ada80b32018167c8b975f72,CLDMSK_L2_VIIRS_NOAA21.A2025357.2148.001.2025358074139.nc,2025-12-24T07:41:39.760Z,53469600,b1663290114dd7f2bbeceb4bdc75bc2b
A2025357.2324,2025-12-23T23:24Z,NOAA-21 VIIRS,VJ214IMG.A2025357.2324.002.2025365015705.nc,2025-12-31T01:57:05.000Z,2.0.14,1016452,afb14e8cb6b2c9576eff772d7162ca42f3b4e3a1d4db45600a08360b02c124c9,CLDMSK_L2_VIIRS_NOAA21.A2025357.2324.001.2025358074125.nc,2025-12-24T07:41:25.210Z,62949953,b9bfb28e37736705d6523120a7ac5e6c
A2025357.2330,2025-12-23T23:30Z,NOAA-21 VIIRS,VJ214IMG.A2025357.2330.002.2025365015701.nc,2025-12-31T01:57:01.000Z,2.0.14,802870,665a16304c110983d8c2cbb3a43727c924d86b1a20218305354f58185767b69a,CLDMSK_L2_VIIRS_NOAA21.A2025357.2330.001.2025358074126.nc,2025-12-24T07:41:26.020Z,50969212,c12aa3ce64455380b61a6cf977ec29b9
A2025358.2124,2025-12-24T21:24Z,NOAA-21 VIIRS,VJ214IMG.A2025358.2124.002.2025365020952.nc,2025-12-31T02:09:52.000Z,2.0.14,1018151,420548caa38630b036d47006b45aec989a7d5e76720ea27093d5ee3378ebfa4f,CLDMSK_L2_VIIRS_NOAA21.A2025358.2124.001.2025359151210.nc,2025-12-25T15:12:10.490Z,62976243,ced065eb24fb07415e3eec3679cb4edf
A2025358.2130,2025-12-24T21:30Z,NOAA-21 VIIRS,VJ214IMG.A2025358.2130.002.2025365020949.nc,2025-12-31T02:09:49.000Z,2.0.14,762924,9bc4acaab10dab7069d1160b47d2b098e7f11f1b7bfd06dd5f8092d2a444586e,CLDMSK_L2_VIIRS_NOAA21.A2025358.2130.001.2025359151210.nc,2025-12-25T15:12:10.170Z,53766770,6f13be4aa37fca6e2131faa7cacacd6b
A2025358.2306,2025-12-24T23:06Z,NOAA-21 VIIRS,VJ214IMG.A2025358.2306.002.2025365020946.nc,2025-12-31T02:09:46.000Z,2.0.14,1125827,b71f0dba36c6b6e44a9e8cd6de38426939cdf7bb9cf50e353802d299bd5e7329,CLDMSK_L2_VIIRS_NOAA21.A2025358.2306.001.2025359073211.nc,2025-12-25T07:32:11.990Z,61009085,65cdc3e704c404b786079594d8eab5a2
A2025358.2312,2025-12-24T23:12Z,NOAA-21 VIIRS,VJ214IMG.A2025358.2312.002.2025365020948.nc,2025-12-31T02:09:48.000Z,2.0.14,746924,cda3149032fca1b7b27544f877be81711552c082ca734917eb42717cdef049a3,CLDMSK_L2_VIIRS_NOAA21.A2025358.2312.001.2025359073211.nc,2025-12-25T07:32:11.760Z,49213141,9075f08cdb82450e26b541660d51a052
A2025359.2106,2025-12-25T21:06Z,NOAA-21 VIIRS,VJ214IMG.A2025359.2106.002.2025365023045.nc,2025-12-31T02:30:45.000Z,2.0.14,773605,dc85527d6dcd6be0b598d22b34420976538a0f4753b96b799a36a8580e176bd6,CLDMSK_L2_VIIRS_NOAA21.A2025359.2106.001.2025360073304.nc,2025-12-26T07:33:04.720Z,60246834,1380f97b4573a920a51a91b5aacd1a72
A2025359.2112,2025-12-25T21:12Z,NOAA-21 VIIRS,VJ214IMG.A2025359.2112.002.2025365023053.nc,2025-12-31T02:30:53.000Z,2.0.14,628775,7faa208267c93676b58a7f19421e57620f4d0b825c328dbb4c050649f9240326,CLDMSK_L2_VIIRS_NOAA21.A2025359.2112.001.2025360073310.nc,2025-12-26T07:33:10.300Z,52216247,8a27ebf1ba6d273b9b42d5327d447377
A2025359.2248,2025-12-25T22:48Z,NOAA-21 VIIRS,VJ214IMG.A2025359.2248.002.2025365023045.nc,2025-12-31T02:30:45.000Z,2.0.14,1184015,e86339f6c238db492bb1d837b3add37faa4a85d4accce1657214d0de8344207a,CLDMSK_L2_VIIRS_NOAA21.A2025359.2248.001.2025360073252.nc,2025-12-26T07:32:52.230Z,60327570,842ef046c1593b26cce529876a81313b
A2025359.2254,2025-12-25T22:54Z,NOAA-21 VIIRS,VJ214IMG.A2025359.2254.002.2025365023046.nc,2025-12-31T02:30:46.000Z,2.0.14,796936,2fd62869d6efae8941a87a9f58a905ea886a24d8705bb9ec61829c101f0a0326,CLDMSK_L2_VIIRS_NOAA21.A2025359.2254.001.2025360073252.nc,2025-12-26T07:32:52.080Z,49737325,74d5aee1a386d43ab5e20637e6c2a245
A2025360.2048,2025-12-26T20:48Z,NOAA-21 VIIRS,VJ214IMG.A2025360.2048.002.2025365024450.nc,2025-12-31T02:44:50.000Z,2.0.14,911543,de3f14efebd212d17e4c13c707de7f081301207eef6acc3b0249a9566c5f56da,CLDMSK_L2_VIIRS_NOAA21.A2025360.2048.001.2025361073322.nc,2025-12-27T07:33:22.380Z,60127803,ea8034ee5febfaceea2b848dabda8ab2
A2025360.2054,2025-12-26T20:54Z,NOAA-21 VIIRS,VJ214IMG.A2025360.2054.002.2025365024450.nc,2025-12-31T02:44:50.000Z,2.0.14,640681,470e517591503561a732abfa206dd9f964c2111b3eb21d55485438473ddef4e9,CLDMSK_L2_VIIRS_NOAA21.A2025360.2054.001.2025361073322.nc,2025-12-27T07:33:22.010Z,52381919,41269968db883a6c950d9c759ab4ecb7
A2025360.2230,2025-12-26T22:30Z,NOAA-21 VIIRS,VJ214IMG.A2025360.2230.002.2025365024447.nc,2025-12-31T02:44:47.000Z,2.0.14,1195539,57b69a56d45a22803e4b92cebb14960d64376eff34b0728022265cf56e2e0cb8,CLDMSK_L2_VIIRS_NOAA21.A2025360.2230.001.2025361073319.nc,2025-12-27T07:33:19.370Z,57097464,ff8bd3173f33cdfa6a293473f6569036
A2025360.2236,2025-12-26T22:36Z,NOAA-21 VIIRS,VJ214IMG.A2025360.2236.002.2025365024450.nc,2025-12-31T02:44:50.000Z,2.0.14,438448,0118aeee7d8a1b3dc485895e0908a3fccb6b67f3726c1dc3c65c955ef88c4e72,CLDMSK_L2_VIIRS_NOAA21.A2025360.2236.001.2025361073318.nc,2025-12-27T07:33:18.230Z,49814617,0f3c0f13e1b3254431861d5c4a574054
A2025361.2212,2025-12-27T22:12Z,NOAA-21 VIIRS,VJ214IMG.A2025361.2212.002.2025365025750.nc,2025-12-31T02:57:50.000Z,2.0.14,1229599,d069f90dc46c548b4dbc5cd79e69f52904781d7bae1f4a0484a9e7a53a2e7830,CLDMSK_L2_VIIRS_NOAA21.A2025361.2212.001.2025362073433.nc,2025-12-28T07:34:33.870Z,57438862,52b2418917f3018dc23ff00bb95ea2a9
A2025361.2218,2025-12-27T22:18Z,NOAA-21 VIIRS,VJ214IMG.A2025361.2218.002.2025365025748.nc,2025-12-31T02:57:48.000Z,2.0.14,513647,d11e77c464e2d43b1de554b7cdd5e7e9d02586528f53730fb1550d39fd837a04,CLDMSK_L2_VIIRS_NOAA21.A2025361.2218.001.2025362073436.nc,2025-12-28T07:34:36.300Z,54778388,303ad8fbca56630dee87b2d950ded354
A2025361.2348,2025-12-27T23:48Z,NOAA-21 VIIRS,VJ214IMG.A2025361.2348.002.2025365025749.nc,2025-12-31T02:57:49.000Z,2.0.14,1115308,6199deb1c870b856409b81c5d4e4a9a220ef83c450b66d4b9979dc9e900d17f4,CLDMSK_L2_VIIRS_NOAA21.A2025361.2348.001.2025362073424.nc,2025-12-28T07:34:24.110Z,63332847,2f585a238eb76d5d41fa6910bd6e6bef
A2025361.2354,2025-12-27T23:54Z,NOAA-21 VIIRS,VJ214IMG.A2025361.2354.002.2025365025750.nc,2025-12-31T02:57:50.000Z,2.0.14,652235,1547ecc585489c60e2a01d8ba888e5ad0effe82fe4f745bc74cad5f91b2f546c,CLDMSK_L2_VIIRS_NOAA21.A2025361.2354.001.2025362073421.nc,2025-12-28T07:34:21.950Z,51805166,9c18c84a8f0daee3084d1fec379f8093
A2025362.2154,2025-12-28T21:54Z,NOAA-21 VIIRS,VJ214IMG.A2025362.2154.002.2025365030912.nc,2025-12-31T03:09:12.000Z,2.0.14,974065,bc8fea270f72a5d53828d41c881be4f8116def261f8701ba33bf8048e9779236,CLDMSK_L2_VIIRS_NOAA21.A2025362.2154.001.2025363073503.nc,2025-12-29T07:35:03.820Z,54950029,4ddcea4a480cea201e048771982cd0f2
A2025362.2200,2025-12-28T22:00Z,NOAA-21 VIIRS,VJ214IMG.A2025362.2200.002.2025365030911.nc,2025-12-31T03:09:11.000Z,2.0.14,537485,58f3766a197a21ae75092f6d8245e5a729d121cf17f30318954bdbb5b90402dd,CLDMSK_L2_VIIRS_NOAA21.A2025362.2200.001.2025363073502.nc,2025-12-29T07:35:02.960Z,56118741,71214815f89a9bbd77e99c458d688072
A2025362.2330,2025-12-28T23:30Z,NOAA-21 VIIRS,VJ214IMG.A2025362.2330.002.2025365030915.nc,2025-12-31T03:09:15.000Z,2.0.14,1192099,47a3d5c858ca75034f736f95e3eefba8e9702499c536e1e6a8fcde00fd5c9f20,CLDMSK_L2_VIIRS_NOAA21.A2025362.2330.001.2025363073449.nc,2025-12-29T07:34:49.820Z,63111158,8eb884b48e558315648703976ebb1044
A2025362.2336,2025-12-28T23:36Z,NOAA-21 VIIRS,VJ214IMG.A2025362.2336.002.2025365030912.nc,2025-12-31T03:09:12.000Z,2.0.14,498414,4192b2ee890ac19afe3e9df7d882a4911f6b337b5ab646ec19d1b436c288a9e2,CLDMSK_L2_VIIRS_NOAA21.A2025362.2336.001.2025363073450.nc,2025-12-29T07:34:50.170Z,48522873,27226706e1ff9cf7943303e76b740592
A2025363.2130,2025-12-29T21:30Z,NOAA-21 VIIRS,VJ214IMG.A2025363.2130.002.2025365032144.nc,2025-12-31T03:21:44.000Z,2.0.14,883393,5a41616b1c40000e72fb08945854eb7c8c10555656e89cfd999cdf7edbfe7c70,CLDMSK_L2_VIIRS_NOAA21.A2025363.2130.001.2025364073554.nc,2025-12-30T07:35:54.230Z,57491639,0239ac0c99534c771d8e002502760e40
A2025363.2136,2025-12-29T21:36Z,NOAA-21 VIIRS,VJ214IMG.A2025363.2136.002.2025365032155.nc,2025-12-31T03:21:55.000Z,2.0.14,708087,c325cb86c39cfa579873cd2980ed31c74e955ec7a7e98d76fbcf3103de28cb78,CLDMSK_L2_VIIRS_NOAA21.A2025363.2136.001.2025364073553.nc,2025-12-30T07:35:53.720Z,51311025,ee7927deeb05775f09e4bcd11ce0bae7
A2025363.2312,2025-12-29T23:12Z,NOAA-21 VIIRS,VJ214IMG.A2025363.2312.002.2025365032144.nc,2025-12-31T03:21:44.000Z,2.0.14,1254856,fd3f6fdff1cfff7611ae4f428bf9f4796f877bb1681be4e9f7e85ae8c7763a08,CLDMSK_L2_VIIRS_NOAA21.A2025363.2312.001.2025364073540.nc,2025-12-30T07:35:40.790Z,62722343,f78a9729b50ed62dd0c2c9a53b73cf51
A2025363.2318,2025-12-29T23:18Z,NOAA-21 VIIRS,VJ214IMG.A2025363.2318.002.2025365032145.nc,2025-12-31T03:21:45.000Z,2.0.14,485422,8e9d13200f183f20a25b8baca319ab74054da99e6eb48127f145e1550199d827,CLDMSK_L2_VIIRS_NOAA21.A2025363.2318.001.2025364073541.nc,2025-12-30T07:35:41.470Z,47687052,7f951b0debe5ea82b2c3c0dccc5b2b6b
A2025364.2112,2025-12-30T21:12Z,NOAA-21 VIIRS,VJ214IMG.A2025364.2112.002.2026002205309.nc,2026-01-02T20:53:09.000Z,2.0.14,979883,64e17eee1c9a4bfcc4902c3f4ce33a7200dc48d8ccf67a7a72cd60b28bf37b6d,CLDMSK_L2_VIIRS_NOAA21.A2025364.2112.001.2025365073644.nc,2025-12-31T07:36:44.760Z,61855062,123d25be48517822c03aa26f6a38dd48
A2025364.2118,2025-12-30T21:18Z,NOAA-21 VIIRS,VJ214IMG.A2025364.2118.002.2026002205311.nc,2026-01-02T20:53:11.000Z,2.0.14,535218,3c993ec6094749c07503683f37f93f3c7e208065a64fa66feb91bbcdb2c27d06,CLDMSK_L2_VIIRS_NOAA21.A2025364.2118.001.2025365073646.nc,2025-12-31T07:36:46.140Z,51220235,185ba08cd0f0f61bf9fb176efeb97735
A2025364.2254,2025-12-30T22:54Z,NOAA-21 VIIRS,VJ214IMG.A2025364.2254.002.2026002205327.nc,2026-01-02T20:53:27.000Z,2.0.14,975277,12bf46c9fd8bf5e04b4d75cf90b5d1ce6347b2ea712c588e9b931f706db2a65a,CLDMSK_L2_VIIRS_NOAA21.A2025364.2254.001.2025365073631.nc,2025-12-31T07:36:31.790Z,60016677,3ea78463e5c4450be24a2671fb038259
A2025364.2300,2025-12-30T23:00Z,NOAA-21 VIIRS,VJ214IMG.A2025364.2300.002.2026002205327.nc,2026-01-02T20:53:27.000Z,2.0.14,533410,a998a70b6b43820eac832502ddea13360ad25825a9b275c8b1514e5a0a9117cb,CLDMSK_L2_VIIRS_NOAA21.A2025364.2300.001.2025365073632.nc,2025-12-31T07:36:32.630Z,47972428,8423479c71cb14c579afce27972994fc
A2025365.2054,2025-12-31T20:54Z,NOAA-21 VIIRS,VJ214IMG.A2025365.2054.002.2026003060920.nc,2026-01-03T06:09:20.000Z,2.0.14,822627,fd45cadf3d69a020540ac98cd8b22089f7907c37610b9dbf84e06ba328d6d6fb,CLDMSK_L2_VIIRS_NOAA21.A2025365.2054.001.2026001072722.nc,2026-01-01T07:27:22.990Z,61715170,c5d255ed56f682afec0d3d49ba540516
A2025365.2100,2025-12-31T21:00Z,NOAA-21 VIIRS,VJ214IMG.A2025365.2100.002.2026003060922.nc,2026-01-03T06:09:22.000Z,2.0.14,674568,5c6f78d50dd86e68e20d59cc57a94245af18edf526e38c3f288cbcb99040d3ed,CLDMSK_L2_VIIRS_NOAA21.A2025365.2100.001.2026001072722.nc,2026-01-01T07:27:22.450Z,53101286,bf4c5504aa98ed8a70b2550a64ef54d2
A2025365.2236,2025-12-31T22:36Z,NOAA-21 VIIRS,VJ214IMG.A2025365.2236.002.2026003060938.nc,2026-01-03T06:09:38.000Z,2.0.14,1255156,afcf9d990d118a4e72efba6f33b1264407ab1e592cba557d8709b288d0f28763,CLDMSK_L2_VIIRS_NOAA21.A2025365.2236.001.2026001072730.nc,2026-01-01T07:27:30.580Z,59288195,c877ca95039a42a6dbe60ead64e45ca3
A2025365.2242,2025-12-31T22:42Z,NOAA-21 VIIRS,VJ214IMG.A2025365.2242.002.2026003060938.nc,2026-01-03T06:09:38.000Z,2.0.14,524816,1d01a58cf2ce5f0fef971924483fdae66d1a17e5198cee79922c58ad39dd6482,CLDMSK_L2_VIIRS_NOAA21.A2025365.2242.001.2026001072719.nc,2026-01-01T07:27:19.500Z,49633484,c9002d9355bf9f44017aeed5351e9416
A2026001.2042,2026-01-01T20:42Z,NOAA-21 VIIRS,VJ214IMG.A2026001.2042.002.2026012162600.nc,2026-01-12T16:26:00.000Z,2.0.14,914777,0823f69ee33381175c5ec2ccffca5a62a810cda3c50af328bccbd15041731895,CLDMSK_L2_VIIRS_NOAA21.A2026001.2042.001.2026002072809.nc,2026-01-02T07:28:09.680Z,55082892,00ccf0f79b7ac726bc3e4357bc9c7d4e
A2026001.2218,2026-01-01T22:18Z,NOAA-21 VIIRS,VJ214IMG.A2026001.2218.002.2026012162600.nc,2026-01-12T16:26:00.000Z,2.0.14,1095285,cca065dcf35df87712cd61d14bf0ae6e34da4e8c8b923d83972fb13fa4c70aa0,CLDMSK_L2_VIIRS_NOAA21.A2026001.2218.001.2026002100809.nc,2026-01-02T10:08:09.880Z,56857472,e582af2c9278ac2f7964b2f083e598b8
A2026001.2224,2026-01-01T22:24Z,NOAA-21 VIIRS,VJ214IMG.A2026001.2224.002.2026012162602.nc,2026-01-12T16:26:02.000Z,2.0.14,410685,3e4c1780fe483ff73cbd1ffc227ee8c3742a47863544278f89435bc68280e9b7,CLDMSK_L2_VIIRS_NOAA21.A2026001.2224.001.2026002100808.nc,2026-01-02T10:08:08.480Z,52805874,91157fa866405fcc2b571b60af21214e
A2026001.2354,2026-01-01T23:54Z,NOAA-21 VIIRS,VJ214IMG.A2026001.2354.002.2026012162601.nc,2026-01-12T16:26:01.000Z,2.0.14,894792,eb4721394097d336cdc6cb16393f81d2934eda71fe44a31102e148f1dfdbb394,CLDMSK_L2_VIIRS_NOAA21.A2026001.2354.001.2026002100813.nc,2026-01-02T10:08:13.850Z,56922400,6f9b5cc8b82074c5a00d9e089ad95ee8
A2026002.0000,2026-01-02T00:00Z,NOAA-21 VIIRS,VJ214IMG.A2026002.0000.002.2026012164336.nc,2026-01-12T16:43:36.000Z,2.0.14,822377,9dc4452c6381c00ab615b41c50606971bd35c21235ac914aa35a20f340c6b039,CLDMSK_L2_VIIRS_NOAA21.A2026002.0000.001.2026002131755.nc,2026-01-02T13:17:55.750Z,54022409,bbdf36c6cdd0d19e4fe52f167ceecc26
A2026002.2200,2026-01-02T22:00Z,NOAA-21 VIIRS,VJ214IMG.A2026002.2200.002.2026012164355.nc,2026-01-12T16:43:55.000Z,2.0.14,907323,12a06c075b537394f06a8b1b560e6ac9654a28f4c76dc76f70db291a8c8a569c,CLDMSK_L2_VIIRS_NOAA21.A2026002.2200.001.2026003071906.nc,2026-01-03T07:19:06.990Z,53624363,122ebe07584e8686cda19464a13df1f2
A2026002.2206,2026-01-02T22:06Z,NOAA-21 VIIRS,VJ214IMG.A2026002.2206.002.2026012164355.nc,2026-01-12T16:43:55.000Z,2.0.14,425115,6bdba749cc16abfaaec1bdf49128b59593fae7cd527c56f9fe987e31bb7ec754,CLDMSK_L2_VIIRS_NOAA21.A2026002.2206.001.2026003071907.nc,2026-01-03T07:19:07.570Z,56462235,4e583f36c2a5450e18eb8eaaddce059f
A2026002.2336,2026-01-02T23:36Z,NOAA-21 VIIRS,VJ214IMG.A2026002.2336.002.2026012164358.nc,2026-01-12T16:43:58.000Z,2.0.14,978976,53e6eeccf94129b6cfb8ea6dedd847bebe5d93116bdf35b7d1c91ff815a1d7c1,CLDMSK_L2_VIIRS_NOAA21.A2026002.2336.001.2026003071853.nc,2026-01-03T07:18:53.180Z,60152285,e1c22e8d1e6ef26ac593246e13fb0e91
A2026002.2342,2026-01-02T23:42Z,NOAA-21 VIIRS,VJ214IMG.A2026002.2342.002.2026012164354.nc,2026-01-12T16:43:54.000Z,2.0.14,641762,3f2a59af2098ab072d0afeca1ef2b8249153984a7a69d63054f16a5411304f8e,CLDMSK_L2_VIIRS_NOAA21.A2026002.2342.001.2026003071853.nc,2026-01-03T07:18:53.570Z,50059696,e26e1484166f584e197844d50c6fb120
A2026003.2136,2026-01-03T21:36Z,NOAA-21 VIIRS,VJ214IMG.A2026003.2136.002.2026012170957.nc,2026-01-12T17:09:57.000Z,2.0.14,808697,0713ade80932e63cf2ebd6f057a0abaefe698dd9d47f55c4292a8696f208a30c,CLDMSK_L2_VIIRS_NOAA21.A2026003.2136.001.2026004072944.nc,2026-01-04T07:29:44.920Z,61529295,dbbd0b053b8b774f33e646e9ddc43688
A2026003.2142,2026-01-03T21:42Z,NOAA-21 VIIRS,VJ214IMG.A2026003.2142.002.2026012171001.nc,2026-01-12T17:10:01.000Z,2.0.14,730634,3d6b154a6c26b338f344b41c26d17752c2fe24f34afb6198e0cdb7e7e3fe4298,CLDMSK_L2_VIIRS_NOAA21.A2026003.2142.001.2026004072943.nc,2026-01-04T07:29:43.390Z,51479853,8ecde62868b141c25ad86c1bedf3b79b
A2026003.2318,2026-01-03T23:18Z,NOAA-21 VIIRS,VJ214IMG.A2026003.2318.002.2026012171025.nc,2026-01-12T17:10:25.000Z,2.0.14,1124811,a54144664af11c2a62cfed748a3c40122fba0fac0b89054bed11e1c98de70e3b,CLDMSK_L2_VIIRS_NOAA21.A2026003.2318.001.2026004072930.nc,2026-01-04T07:29:30.300Z,61567408,113b23bd5fc6a5825b25e11a1628b174
A2026003.2324,2026-01-03T23:24Z,NOAA-21 VIIRS,VJ214IMG.A2026003.2324.002.2026012171026.nc,2026-01-12T17:10:26.000Z,2.0.14,645037,c6a97c6a6aac8ee7699d93385e2819be9d0b157121477028ec012f81b1711920,CLDMSK_L2_VIIRS_NOAA21.A2026003.2324.001.2026004072928.nc,2026-01-04T07:29:28.060Z,48791029,2131e33a4db1a997abddc06d8f7ca525
A2026004.2118,2026-01-04T21:18Z,NOAA-21 VIIRS,VJ214IMG.A2026004.2118.002.2026012172836.nc,2026-01-12T17:28:36.000Z,2.0.14,748739,b8bc2e0b2cd84fe3593a26397c23b5e60aff040ce003fa67c52837ef9566cb98,CLDMSK_L2_VIIRS_NOAA21.A2026004.2118.001.2026005073024.nc,2026-01-05T07:30:24.030Z,60998626,4016353f608dc5c0b102fe3671c4e215
A2026004.2124,2026-01-04T21:24Z,NOAA-21 VIIRS,VJ214IMG.A2026004.2124.002.2026012172831.nc,2026-01-12T17:28:31.000Z,2.0.14,576901,2a03802bdd1231a93d73fcabe3942945d4faf94816d8c045a3963a906af19c63,CLDMSK_L2_VIIRS_NOAA21.A2026004.2124.001.2026005073024.nc,2026-01-05T07:30:24.990Z,51478971,25deff8d3b4f134af0dbb61252354917
A2026004.2300,2026-01-04T23:00Z,NOAA-21 VIIRS,VJ214IMG.A2026004.2300.002.2026012172828.nc,2026-01-12T17:28:28.000Z,2.0.14,1131078,b0f0bc978659609a1bea29f6410a6994b6e014d23c5cfba585cf5704be905584,CLDMSK_L2_VIIRS_NOAA21.A2026004.2300.001.2026005073011.nc,2026-01-05T07:30:11.390Z,60312948,31d42657c0f309d525640e7a65f14ab7
A2026004.2306,2026-01-04T23:06Z,NOAA-21 VIIRS,VJ214IMG.A2026004.2306.002.2026012172830.nc,2026-01-12T17:28:30.000Z,2.0.14,655007,f397433ca3a29c2bc91bc3d8d808356d556eea022726c5d6fce090afe8a0689f,CLDMSK_L2_VIIRS_NOAA21.A2026004.2306.001.2026005073011.nc,2026-01-05T07:30:11.230Z,47479999,21fd0e5839b5d44a45067e7a418d679a
A2026005.2100,2026-01-05T21:00Z,NOAA-21 VIIRS,VJ214IMG.A2026005.2100.002.2026012174641.nc,2026-01-12T17:46:41.000Z,2.0.14,812112,a12867c9ec1cffcff0be6c653997d5ff5d7082691941802d0844b12ecdde3ed0,CLDMSK_L2_VIIRS_NOAA21.A2026005.2100.001.2026006073111.nc,2026-01-06T07:31:11.050Z,59836733,efc26c05e666a6751c2b83d7fd766214
A2026005.2106,2026-01-05T21:06Z,NOAA-21 VIIRS,VJ214IMG.A2026005.2106.002.2026012174649.nc,2026-01-12T17:46:49.000Z,2.0.14,484153,7640bfe33b20004642aa9a842a9c36c4ce3929defefd94626e5d2a1a9048442a,CLDMSK_L2_VIIRS_NOAA21.A2026005.2106.001.2026006073109.nc,2026-01-06T07:31:09.580Z,51853187,ca23224aa092c11010b998c90c85a040
A2026005.2242,2026-01-05T22:42Z,NOAA-21 VIIRS,VJ214IMG.A2026005.2242.002.2026012174641.nc,2026-01-12T17:46:41.000Z,2.0.14,1150396,305bf15652330024591a581a4fb2833f8c242479191acb724d2e87ab41fac8c2,CLDMSK_L2_VIIRS_NOAA21.A2026005.2242.001.2026006073053.nc,2026-01-06T07:30:53.980Z,57174036,1bd1ea11a8eac50415bae04deb56596e
A2026005.2248,2026-01-05T22:48Z,NOAA-21 VIIRS,VJ214IMG.A2026005.2248.002.2026012174644.nc,2026-01-12T17:46:44.000Z,2.0.14,472538,eb435ef006d2d4e1e7dbdb5cd5d84d987da4d8ae8a9d30b7d51fc52f1c97bc87,CLDMSK_L2_VIIRS_NOAA21.A2026005.2248.001.2026006073055.nc,2026-01-06T07:30:55.130Z,47548669,53cec10fce34fd9e9e1aa3a596657b1d
A2026006.2042,2026-01-06T20:42Z,NOAA-21 VIIRS,VJ214IMG.A2026006.2042.002.2026012180617.nc,2026-01-12T18:06:17.000Z,2.0.14,768331,83060b8b275b43f6d61c8309063347a9addea1084aec56bd9b146ad8c091395f,CLDMSK_L2_VIIRS_NOAA21.A2026006.2042.001.2026007073206.nc,2026-01-07T07:32:06.230Z,57850993,56a54a3508d093b8efe0fbf9d4912935
A2026006.2048,2026-01-06T20:48Z,NOAA-21 VIIRS,VJ214IMG.A2026006.2048.002.2026012180613.nc,2026-01-12T18:06:13.000Z,2.0.14,599312,917398a4aae516d278854420b3ec46d7132b32cc09d1fa7e56836b7f4733d213,CLDMSK_L2_VIIRS_NOAA21.A2026006.2048.001.2026007073206.nc,2026-01-07T07:32:06.350Z,53199042,034e099046246e495221da265d171d47
A2026006.2224,2026-01-06T22:24Z,NOAA-21 VIIRS,VJ214IMG.A2026006.2224.002.2026012180617.nc,2026-01-12T18:06:17.000Z,2.0.14,1041271,71bb7f95948737a3f161c88ddb8773019a90b3923c6bd8dd07f910ef5a4ed231,CLDMSK_L2_VIIRS_NOAA21.A2026006.2224.001.2026007090206.nc,2026-01-07T09:02:06.650Z,56856950,e10cadbb365f515f116fd4390312bdbb
A2026006.2230,2026-01-06T22:30Z,NOAA-21 VIIRS,VJ214IMG.A2026006.2230.002.2026012180625.nc,2026-01-12T18:06:25.000Z,2.0.14,426281,14fce00e45b08e10506f6d32c32d23fecc485b0db518087d63904c64a943c14e,CLDMSK_L2_VIIRS_NOAA21.A2026006.2230.001.2026007090209.nc,2026-01-07T09:02:09.620Z,49273769,2efb6e765a018a10aee846ffdb358101
A2026007.0006,2026-01-07T00:06Z,NOAA-21 VIIRS,VJ214IMG.A2026007.0006.002.2026014151403.nc,2026-01-14T15:14:03.000Z,2.0.14,1344005,def2ad31792f11b4aff4bd5e9c48d57d25e312d256e0c0bf5fc3c27a9ce32fea,CLDMSK_L2_VIIRS_NOAA21.A2026007.0006.001.2026007131205.nc,2026-01-07T13:12:05.700Z,56366242,63f1aba7fd5b7a6840256f869e15e290
A2026007.2206,2026-01-07T22:06Z,NOAA-21 VIIRS,VJ214IMG.A2026007.2206.002.2026014151441.nc,2026-01-14T15:14:41.000Z,2.0.14,1036139,b66173c0c16152ca73479b46527c5006cd952ee6b6189134bb640db1dcc28774,CLDMSK_L2_VIIRS_NOAA21.A2026007.2206.001.2026008175305.nc,2026-01-08T17:53:05.380Z,55187345,782b46d00667c6880cb0c96dd749b183
A2026007.2212,2026-01-07T22:12Z,NOAA-21 VIIRS,VJ214IMG.A2026007.2212.002.2026014151439.nc,2026-01-14T15:14:39.000Z,2.0.14,370660,304579f733f6feecd48ec65a00b809d51c5e4260371225842ba8e2c1f24e9f5b,CLDMSK_L2_VIIRS_NOAA21.A2026007.2212.001.2026008175305.nc,2026-01-08T17:53:05.480Z,53601342,4bf2abf307f28d92758974bf4fbad43e
A2026007.2342,2026-01-07T23:42Z,NOAA-21 VIIRS,VJ214IMG.A2026007.2342.002.2026014151447.nc,2026-01-14T15:14:47.000Z,2.0.14,1053154,dcfaa96abbc8f7f84eab911c9a1eaf0dc2346737111d1de6f17a630041990452,CLDMSK_L2_VIIRS_NOAA21.A2026007.2342.001.2026008175302.nc,2026-01-08T17:53:02.950Z,56600208,30d05f69862df64f460b57181a8de4d9
A2026007.2348,2026-01-07T23:48Z,NOAA-21 VIIRS,VJ214IMG.A2026007.2348.002.2026014151443.nc,2026-01-14T15:14:43.000Z,2.0.14,940732,4a4baaf645ddc434bcdc27eef69490aded42a1752a839fe77d4c0f6d408f12dc,CLDMSK_L2_VIIRS_NOAA21.A2026007.2348.001.2026008175258.nc,2026-01-08T17:52:58.760Z,50758264,4f1504916bafe752242ddb4d7a5f3f49
A2026008.2142,2026-01-08T21:42Z,NOAA-21 VIIRS,VJ214IMG.A2026008.2142.002.2026014152842.nc,2026-01-14T15:28:42.000Z,2.0.14,867794,443be72da3c8c55828517cda791be976d575a2e8a7de06ef90678b8ce561ec98,CLDMSK_L2_VIIRS_NOAA21.A2026008.2142.001.2026009181533.nc,2026-01-09T18:15:33.460Z,60536565,e0bb5f9c259e6a1322b4f12388a33499
A2026008.2148,2026-01-08T21:48Z,NOAA-21 VIIRS,VJ214IMG.A2026008.2148.002.2026014152840.nc,2026-01-14T15:28:40.000Z,2.0.14,756215,1cbb7200412f10abd74c6ef10fceeb9d4071dd0a1717070751550c1e29d6a9a4,CLDMSK_L2_VIIRS_NOAA21.A2026008.2148.001.2026009181518.nc,2026-01-09T18:15:18.570Z,51934718,8c1c1726a3c504d5a6d71815c0fe9b25
A2026008.2154,2026-01-08T21:54Z,NOAA-21 VIIRS,VJ214IMG.A2026008.2154.002.2026014152847.nc,2026-01-14T15:28:47.000Z,2.0.14,520421,86af47790c95305898cff5675ce7f881387ac20f790ed85175869ec7834e6db1,CLDMSK_L2_VIIRS_NOAA21.A2026008.2154.001.2026009182527.nc,2026-01-09T18:25:27.610Z,55573761,9089106c0dcc99933f0cb9d8cf7d6689
A2026008.2324,2026-01-08T23:24Z,NOAA-21 VIIRS,VJ214IMG.A2026008.2324.002.2026014152838.nc,2026-01-14T15:28:38.000Z,2.0.14,1198245,0419853fdfcd44be2f20461964eaeedd66b5ce217e41a05af153e7b3d079caf0,CLDMSK_L2_VIIRS_NOAA21.A2026008.2324.001.2026009182602.nc,2026-01-09T18:26:02.380Z,58340063,d04e66db54e81cd62211b1aa7a579da2
A2026008.2330,2026-01-08T23:30Z,NOAA-21 VIIRS,VJ214IMG.A2026008.2330.002.2026014152843.nc,2026-01-14T15:28:43.000Z,2.0.14,691402,d6e238fd7578fe05e07a3e01dc77b4ca7a37a31b4c486ece9fcc4913e02eb999,CLDMSK_L2_VIIRS_NOAA21.A2026008.2330.001.2026009182540.nc,2026-01-09T18:25:40.100Z,49822141,d83d8c557a6801e54e8785c398a66310
A2026009.2124,2026-01-09T21:24Z,NOAA-21 VIIRS,VJ214IMG.A2026009.2124.002.2026014154304.nc,2026-01-14T15:43:04.000Z,2.0.14,1156520,8819c1ad43ff4e1b23e7f7c063e9b248a4f5e07c3ff89e897bc6a5f40fbbcfe0,CLDMSK_L2_VIIRS_NOAA21.A2026009.2124.001.2026010072631.nc,2026-01-10T07:26:31.440Z,57874961,ed5b158ae24cf0a02256e409608c19b5
A2026009.2130,2026-01-09T21:30Z,NOAA-21 VIIRS,VJ214IMG.A2026009.2130.002.2026014154307.nc,2026-01-14T15:43:07.000Z,2.0.14,730532,d69141bb4159af12189821b72430f9d67df73c047d4b6f24eb7705f511bad805,CLDMSK_L2_VIIRS_NOAA21.A2026009.2130.001.2026010072626.nc,2026-01-10T07:26:26.460Z,50704344,bac0e91d510df0642df2d6a8c155f7b6
A2026009.2306,2026-01-09T23:06Z,NOAA-21 VIIRS,VJ214IMG.A2026009.2306.002.2026014154308.nc,2026-01-14T15:43:08.000Z,2.0.14,1364652,537b10dd98dec9def3fa61d400c54f24ae9bddfa4a0cc86c3b1ba98d7edd4ad1,CLDMSK_L2_VIIRS_NOAA21.A2026009.2306.001.2026010072635.nc,2026-01-10T07:26:35.060Z,58965744,3852bdca9a085523151319b4ef8226f2
A2026009.2312,2026-01-09T23:12Z,NOAA-21 VIIRS,VJ214IMG.A2026009.2312.002.2026014154303.nc,2026-01-14T15:43:03.000Z,2.0.14,573064,0c6e49ebd791dc9762b27fcb5ecb5ef724bc3090b404026744bf77be7935f931,CLDMSK_L2_VIIRS_NOAA21.A2026009.2312.001.2026010072627.nc,2026-01-10T07:26:27.520Z,48639468,ff851d5d2a2e06770c235f12b0b0645a
A2026015.2112,2026-01-15T21:12Z,NOAA-21 VIIRS,VJ214IMG.A2026015.2112.002.2026028170849.nc,2026-01-28T17:08:49.000Z,2.0.14,685505,92ccbd72b46c3c6bf9886ae794e0f6c72d3d1c70cc1a20e40b84583f070b7447,CLDMSK_L2_VIIRS_NOAA21.A2026015.2112.001.2026016073244.nc,2026-01-16T07:32:44.150Z,57803829,2f32b7526ad0397d2eb9de4e78926fd0
A2026015.2118,2026-01-15T21:18Z,NOAA-21 VIIRS,VJ214IMG.A2026015.2118.002.2026028170826.nc,2026-01-28T17:08:26.000Z,2.0.14,700788,ba7cbc763bdf5db3d02989eb1f7a9a66b3085fd11e851ce7a0017afe69620474,CLDMSK_L2_VIIRS_NOAA21.A2026015.2118.001.2026016073243.nc,2026-01-16T07:32:43.680Z,51357626,210800812bb8e522dd06b7ce4b5ce49a
A2026015.2254,2026-01-15T22:54Z,NOAA-21 VIIRS,VJ214IMG.A2026015.2254.002.2026028170823.nc,2026-01-28T17:08:23.000Z,2.0.14,1013155,4042f9176473363331fa389080cad899407ffc88aa6753d549917068cb84e691,CLDMSK_L2_VIIRS_NOAA21.A2026015.2254.001.2026016073231.nc,2026-01-16T07:32:31.310Z,61284777,fb3c21feee4076f10dd0d2b2f0d28741
A2026015.2300,2026-01-15T23:00Z,NOAA-21 VIIRS,VJ214IMG.A2026015.2300.002.2026028170818.nc,2026-01-28T17:08:18.000Z,2.0.14,540846,5a40059301e96a6dff88abdba9cced8938956df3914a64f42a2cffdf54a07e10,CLDMSK_L2_VIIRS_NOAA21.A2026015.2300.001.2026016073232.nc,2026-01-16T07:32:32.500Z,48341972,db0f40d6c84af5b1670bc2ee6c0218cc
A2026016.2054,2026-01-16T20:54Z,NOAA-21 VIIRS,VJ214IMG.A2026016.2054.002.2026028173849.nc,2026-01-28T17:38:49.000Z,2.0.14,817361,0c28f3026177dfc7f81462f1b4a1bb7b4cee44dba02babf82963d1c8d89ea4eb,CLDMSK_L2_VIIRS_NOAA21.A2026016.2054.001.2026017072331.nc,2026-01-17T07:23:31.990Z,58902114,ddf577e9680cd29f36aa6658cd649a28
A2026016.2100,2026-01-16T21:00Z,NOAA-21 VIIRS,VJ214IMG.A2026016.2100.002.2026028173850.nc,2026-01-28T17:38:50.000Z,2.0.14,593107,b9fa52a4011a6fc5eaea7d98614358c44b8d8d2c6ab9a283fa2371d0de6f4684,CLDMSK_L2_VIIRS_NOAA21.A2026016.2100.001.2026017072335.nc,2026-01-17T07:23:35.160Z,51335329,d42938ca1b0d7f8df0cf41b4317e0acc
A2026016.2236,2026-01-16T22:36Z,NOAA-21 VIIRS,VJ214IMG.A2026016.2236.002.2026028173853.nc,2026-01-28T17:38:53.000Z,2.0.14,1120818,6b8eb1376f1f9e6c8769d49bbb39e678cc3f833bbc4b10c548ab60284c988040,CLDMSK_L2_VIIRS_NOAA21.A2026016.2236.001.2026017072340.nc,2026-01-17T07:23:40.320Z,60989646,23c5708b6c7f29d02efc183e344669b2
A2026016.2242,2026-01-16T22:42Z,NOAA-21 VIIRS,VJ214IMG.A2026016.2242.002.2026028173852.nc,2026-01-28T17:38:52.000Z,2.0.14,574234,994a1806caf67acb0f2449e5ced88ffa2b8af299a8a30f98e44a24faf4faad23,CLDMSK_L2_VIIRS_NOAA21.A2026016.2242.001.2026017072341.nc,2026-01-17T07:23:41.850Z,51850972,04602b575362c8d699f6271121e9dc7a
A2026017.2042,2026-01-17T20:42Z,NOAA-21 VIIRS,VJ214IMG.A2026017.2042.002.2026028181646.nc,2026-01-28T18:16:46.000Z,2.0.14,488033,0dde4ed99bb88a17a65dff06aba8553f18b4418b7b317a90544ee603c3bb42af,CLDMSK_L2_VIIRS_NOAA21.A2026017.2042.001.2026018072431.nc,2026-01-18T07:24:31.420Z,52658750,31ead19c38bca983d8cef5f36c138423
A2026017.2218,2026-01-17T22:18Z,NOAA-21 VIIRS,VJ214IMG.A2026017.2218.002.2026028181808.nc,2026-01-28T18:18:08.000Z,2.0.14,1030133,49d9c7083413991c9235bca0148ff17a7296bee6ca3aa72dcfaec8625c1a20ef,CLDMSK_L2_VIIRS_NOAA21.A2026017.2218.001.2026018072445.nc,2026-01-18T07:24:45.510Z,57327930,445a12ba84eae6528364fcec6a349a08
A2026017.2224,2026-01-17T22:24Z,NOAA-21 VIIRS,VJ214IMG.A2026017.2224.002.2026028181822.nc,2026-01-28T18:18:22.000Z,2.0.14,520901,23118ef681c9692a36fce69877719791daf039c329a1c377829eef7f146f0a27,CLDMSK_L2_VIIRS_NOAA21.A2026017.2224.001.2026018072438.nc,2026-01-18T07:24:38.950Z,52644544,9a2a5fff9d979eaaab696a2ae77b8cf3
A2026018.0000,2026-01-18T00:00Z,NOAA-21 VIIRS,VJ214IMG.A2026018.0000.002.2026030030541.nc,2026-01-30T03:05:41.000Z,2.0.14,832245,2de6bb5038d61750f90186e8bb2e05a3e294615a8ba75eb1e5c83deb02d5f514,CLDMSK_L2_VIIRS_NOAA21.A2026018.0000.001.2026018130331.nc,2026-01-18T13:03:31.980Z,53288520,06af994bd4bc2228cbc427bc0652c449
A2026018.2200,2026-01-18T22:00Z,NOAA-21 VIIRS,VJ214IMG.A2026018.2200.002.2026030030640.nc,2026-01-30T03:06:40.000Z,2.0.14,904197,22d4fb0ef7090b39c32dc6e895180b4ac93090d2b3d064e6f2fd9ec38dc07c67,CLDMSK_L2_VIIRS_NOAA21.A2026018.2200.001.2026019072412.nc,2026-01-19T07:24:12.930Z,55460277,8be073e203f7c31f1595003c902e0de2
A2026018.2206,2026-01-18T22:06Z,NOAA-21 VIIRS,VJ214IMG.A2026018.2206.002.2026030030535.nc,2026-01-30T03:05:35.000Z,2.0.14,474744,c4725cab17d8d4e0f28a60153fc2303b673c2f56b83b4e367fbefeaeb4bd3b5e,CLDMSK_L2_VIIRS_NOAA21.A2026018.2206.001.2026019072412.nc,2026-01-19T07:24:12.040Z,56960448,2524113da8ea25d18ad637fb37e596a8
A2026018.2336,2026-01-18T23:36Z,NOAA-21 VIIRS,VJ214IMG.A2026018.2336.002.2026030030638.nc,2026-01-30T03:06:38.000Z,2.0.14,812130,0d899352a8fb313278786f9246160123e19f3de1f70d5af0c80afa8bb53f829e,CLDMSK_L2_VIIRS_NOAA21.A2026018.2336.001.2026019072413.nc,2026-01-19T07:24:13.070Z,62902736,cb1d969e0666f6c2c73ac13abeb48ae1
A2026018.2342,2026-01-18T23:42Z,NOAA-21 VIIRS,VJ214IMG.A2026018.2342.002.2026030030730.nc,2026-01-30T03:07:30.000Z,2.0.14,892768,2ec6726e31b725553a337686c1fd8c2477338c4785ce86600e7c562b616cfdec,CLDMSK_L2_VIIRS_NOAA21.A2026018.2342.001.2026019072411.nc,2026-01-19T07:24:11.770Z,52841084,4baa77bdf576e9e6e0a84d5317a6b967
A2026019.2136,2026-01-19T21:36Z,NOAA-21 VIIRS,VJ214IMG.A2026019.2136.002.2026030041340.nc,2026-01-30T04:13:40.000Z,2.0.14,560264,13a32844dd235fe76a22e8057e4c93c3d01c13bcee5d03371a3ff05591614429,CLDMSK_L2_VIIRS_NOAA21.A2026019.2136.001.2026020072502.nc,2026-01-20T07:25:02.750Z,61810174,201bd60a6d34c6aeb917215aae394b42
A2026019.2142,2026-01-19T21:42Z,NOAA-21 VIIRS,VJ214IMG.A2026019.2142.002.2026030041140.nc,2026-01-30T04:11:40.000Z,2.0.14,819229,af80f95428206198d571da327b4115fc6eb09ce2592570d825c126d55f244912,CLDMSK_L2_VIIRS_NOAA21.A2026019.2142.001.2026020072458.nc,2026-01-20T07:24:58.230Z,52345699,93bb030e0078e03c7879fac52d0494cd
A2026019.2148,2026-01-19T21:48Z,NOAA-21 VIIRS,VJ214IMG.A2026019.2148.002.2026030041044.nc,2026-01-30T04:10:44.000Z,2.0.14,330914,4c235b6102bf392424e08a97344b0ec9513f8ddcc03138413f3a8daee0f964f1,CLDMSK_L2_VIIRS_NOAA21.A2026019.2148.001.2026020072502.nc,2026-01-20T07:25:02.030Z,56585841,bbb91f18278ead2f253efe34834f1b21
A2026019.2318,2026-01-19T23:18Z,NOAA-21 VIIRS,VJ214IMG.A2026019.2318.002.2026030040948.nc,2026-01-30T04:09:48.000Z,2.0.14,855057,998185dce6aeb8cce367ceb6523cd015e17b047dee8790cc10c4b715f787f86a,CLDMSK_L2_VIIRS_NOAA21.A2026019.2318.001.2026020072500.nc,2026-01-20T07:25:00.820Z,62878531,7de0d719acde2df89c211f0611f21dfb
A2026019.2324,2026-01-19T23:24Z,NOAA-21 VIIRS,VJ214IMG.A2026019.2324.002.2026030040947.nc,2026-01-30T04:09:47.000Z,2.0.14,761777,8a67a24ad626d8bde19a7db49b69b6f56f1b217c54572e157ec70447c3ea4097,CLDMSK_L2_VIIRS_NOAA21.A2026019.2324.001.2026020072458.nc,2026-01-20T07:24:58.410Z,50777759,efdf17662cddd5494032a3b7c4aa3aad
A2026020.2118,2026-01-20T21:18Z,NOAA-21 VIIRS,VJ214IMG.A2026020.2118.002.2026030061414.nc,2026-01-30T06:14:14.000Z,2.0.14,515653,a1beac5301198739d29dd53b00e386dff3cb0e981f9057511b99c4fb5dd4f41a,CLDMSK_L2_VIIRS_NOAA21.A2026020.2118.001.2026021073543.nc,2026-01-21T07:35:43.180Z,59848056,6b36010fa1a688dbc7eb3739226b47f8
A2026020.2124,2026-01-20T21:24Z,NOAA-21 VIIRS,VJ214IMG.A2026020.2124.002.2026030061414.nc,2026-01-30T06:14:14.000Z,2.0.14,556952,0897d7571e76fe53008b8b00ad340e9a93321a4ef8c7c5691407609a5eeaae1e,CLDMSK_L2_VIIRS_NOAA21.A2026020.2124.001.2026021073542.nc,2026-01-21T07:35:42.420Z,51235811,89310a176499c3ab03e9f910154af471
A2026020.2300,2026-01-20T23:00Z,NOAA-21 VIIRS,VJ214IMG.A2026020.2300.002.2026030061455.nc,2026-01-30T06:14:55.000Z,2.0.14,867963,47bdf64885d6108171b2ae1a914b67485aab63870fe0cef7c11484baff78d9d9,CLDMSK_L2_VIIRS_NOAA21.A2026020.2300.001.2026021073544.nc,2026-01-21T07:35:44.580Z,62100227,86dd26305227d3bbf8ba4460cdb2d83c
A2026020.2306,2026-01-20T23:06Z,NOAA-21 VIIRS,VJ214IMG.A2026020.2306.002.2026030061442.nc,2026-01-30T06:14:42.000Z,2.0.14,716131,009af575c86751899b4ea0e8da5aa437f5ee116584d1d6ecae4e5ab39c05b739,CLDMSK_L2_VIIRS_NOAA21.A2026020.2306.001.2026021073541.nc,2026-01-21T07:35:41.050Z,51687571,f0567805a3a97b7b0826c88a6b056463
A2026021.2100,2026-01-21T21:00Z,NOAA-21 VIIRS,VJ214IMG.A2026021.2100.002.2026030073532.nc,2026-01-30T07:35:32.000Z,2.0.14,765378,91895c0037786b5c81005fb055f129b0b371606d3afaecc7813a6694c818866a,CLDMSK_L2_VIIRS_NOAA21.A2026021.2100.001.2026022072630.nc,2026-01-22T07:26:30.180Z,57940858,b7c78b816e88f9aec85cae9d7a338015
A2026021.2106,2026-01-21T21:06Z,NOAA-21 VIIRS,VJ214IMG.A2026021.2106.002.2026030073453.nc,2026-01-30T07:34:53.000Z,2.0.14,527710,75854c851a2e8d9497e3a7355282c5341f07d9e11aec242389ceb1c9edea4a5a,CLDMSK_L2_VIIRS_NOAA21.A2026021.2106.001.2026022072633.nc,2026-01-22T07:26:33.490Z,54065519,839e3f2abeea932d0ffc966bebe5048e
A2026021.2242,2026-01-21T22:42Z,NOAA-21 VIIRS,VJ214IMG.A2026021.2242.002.2026030073506.nc,2026-01-30T07:35:06.000Z,2.0.14,1048316,142b4ffe209cdcc654b81583ae1766123f4151de0506ea8c23a2bab7cb574ad5,CLDMSK_L2_VIIRS_NOAA21.A2026021.2242.001.2026022072633.nc,2026-01-22T07:26:33.010Z,58666681,7b2ae4f5a0c6b24b8e54083a05947439
A2026021.2248,2026-01-21T22:48Z,NOAA-21 VIIRS,VJ214IMG.A2026021.2248.002.2026030073601.nc,2026-01-30T07:36:01.000Z,2.0.14,564868,12ac159fe58a9f24158653ea75015f4b2c7690e72107e2cd0ecf7ae0efb47459,CLDMSK_L2_VIIRS_NOAA21.A2026021.2248.001.2026022072634.nc,2026-01-22T07:26:34.170Z,49827218,2970b3d1b525da05a1967b3b54ad70e3
A2026022.2042,2026-01-22T20:42Z,NOAA-21 VIIRS,VJ214IMG.A2026022.2042.002.2026030082615.nc,2026-01-30T08:26:15.000Z,2.0.14,857825,755412033f69b8ed11b37e130a05b3b11dfc4abfe3cfaac8c3c6d96b396ad601,CLDMSK_L2_VIIRS_NOAA21.A2026022.2042.001.2026023072705.nc,2026-01-23T07:27:05.880Z,58519666,4815ebe3beea2614ab22e923d0b0b0c8
A2026022.2048,2026-01-22T20:48Z,NOAA-21 VIIRS,VJ214IMG.A2026022.2048.002.2026030082620.nc,2026-01-30T08:26:20.000Z,2.0.14,495653,a356847d6751981ea738648921aed02773e6a22fbb602f0cef0dbcf8c4f7f1ff,CLDMSK_L2_VIIRS_NOAA21.A2026022.2048.001.2026023072704.nc,2026-01-23T07:27:04.300Z,53593414,7f4aae6c82a316504046cc91df9611fa
A2026022.2224,2026-01-22T22:24Z,NOAA-21 VIIRS,VJ214IMG.A2026022.2224.002.2026030082638.nc,2026-01-30T08:26:38.000Z,2.0.14,1093448,4ee8c223d45faa758924f506ddb7ce36f3fad07407d70679074735dffc2d8aff,CLDMSK_L2_VIIRS_NOAA21.A2026022.2224.001.2026023072708.nc,2026-01-23T07:27:08.730Z,58386404,87bf096f53a0993bb34d28806ddfc6d4
A2026022.2230,2026-01-22T22:30Z,NOAA-21 VIIRS,VJ214IMG.A2026022.2230.002.2026030082645.nc,2026-01-30T08:26:45.000Z,2.0.14,600790,f98fd146efc9d7717f906d81d8f424ddb5a71a84c10e45ab2c9a463079808bd2,CLDMSK_L2_VIIRS_NOAA21.A2026022.2230.001.2026023072704.nc,2026-01-23T07:27:04.620Z,51290559,bbc02944bb28d3ee607078d1e5614a06
A2026023.0006,2026-01-23T00:06Z,NOAA-21 VIIRS,VJ214IMG.A2026023.0006.002.2026030102724.nc,2026-01-30T10:27:24.000Z,2.0.14,1150832,95ab2f3ae7a195242a58491a38f26d56e0fcd1406f0abff09e55266edd39331d,CLDMSK_L2_VIIRS_NOAA21.A2026023.0006.001.2026023131057.nc,2026-01-23T13:10:57.320Z,56836867,061a69c0d7f8f9b14417a6bf5f4d36b5
A2026023.2206,2026-01-23T22:06Z,NOAA-21 VIIRS,VJ214IMG.A2026023.2206.002.2026030103022.nc,2026-01-30T10:30:22.000Z,2.0.14,1090865,932c656a80de389dda8bc69bbff94378dceb4d20adb4a04d26b2fbae99195503,CLDMSK_L2_VIIRS_NOAA21.A2026023.2206.001.2026024072748.nc,2026-01-24T07:27:48.490Z,57002641,e13d07d7785c2cd674106805147fa8ee
A2026023.2212,2026-01-23T22:12Z,NOAA-21 VIIRS,VJ214IMG.A2026023.2212.002.2026030103020.nc,2026-01-30T10:30:20.000Z,2.0.14,498522,ef806a3acb468e71532a05fd1b0f422a74be81a5c256071405854af75c882e11,CLDMSK_L2_VIIRS_NOAA21.A2026023.2212.001.2026024072737.nc,2026-01-24T07:27:37.900Z,57558982,a54f4f7a65c0979a3a8fda9876d22c66
A2026023.2342,2026-01-23T23:42Z,NOAA-21 VIIRS,VJ214IMG.A2026023.2342.002.2026030103022.nc,2026-01-30T10:30:22.000Z,2.0.14,673303,52506139298ce8d6f46ff9151a1604fb7a95714969338304a6b840f72d5fe684,CLDMSK_L2_VIIRS_NOAA21.A2026023.2342.001.2026024072742.nc,2026-01-24T07:27:42.080Z,59350620,c316f344ee65a913da21739f9c51b957
A2026023.2348,2026-01-23T23:48Z,NOAA-21 VIIRS,VJ214IMG.A2026023.2348.002.2026030103024.nc,2026-01-30T10:30:24.000Z,2.0.14,972601,0385f6dc5b2dc4e681d8d0c51b8abdde7d5f538e61fa36ca1e292cfc86693d03,CLDMSK_L2_VIIRS_NOAA21.A2026023.2348.001.2026024072748.nc,2026-01-24T07:27:48.800Z,53674795,7d740e3d9c2baf7a2504ab0e07c703f7
A2026024.2148,2026-01-24T21:48Z,NOAA-21 VIIRS,VJ214IMG.A2026024.2148.002.2026030134026.nc,2026-01-30T13:40:26.000Z,2.0.14,1061894,dbcfa4d14d01c0e548fa7c632322950455a1fa9f7944a3b270c027dedce0d496,CLDMSK_L2_VIIRS_NOAA21.A2026024.2148.001.2026025072852.nc,2026-01-25T07:28:52.720Z,58540381,fb0e498288ca0e85d9481308b5324b7f
A2026024.2154,2026-01-24T21:54Z,NOAA-21 VIIRS,VJ214IMG.A2026024.2154.002.2026030134019.nc,2026-01-30T13:40:19.000Z,2.0.14,457364,a4607419b24fb22d10ad8a0ae78cf83bff6ce3df6e09d076cb972825532cd904,CLDMSK_L2_VIIRS_NOAA21.A2026024.2154.001.2026025072852.nc,2026-01-25T07:28:52.380Z,57896602,1799f03097c3d4076dc3120a7fecb566
A2026024.2324,2026-01-24T23:24Z,NOAA-21 VIIRS,VJ214IMG.A2026024.2324.002.2026030134039.nc,2026-01-30T13:40:39.000Z,2.0.14,926823,41a5605d33e57fbe75107c76876b1f3ee0c417e114bd179af63808804a03dcf0,CLDMSK_L2_VIIRS_NOAA21.A2026024.2324.001.2026025072853.nc,2026-01-25T07:28:53.330Z,59973453,3a1ba57472f4a2f2af1509feecc5fb46
A2026024.2330,2026-01-24T23:30Z,NOAA-21 VIIRS,VJ214IMG.A2026024.2330.002.2026030134043.nc,2026-01-30T13:40:43.000Z,2.0.14,718898,9c03e51779b40b2a521471bc6a665dd0a08564d44d0b1b9c168e10faeced8804,CLDMSK_L2_VIIRS_NOAA21.A2026024.2330.001.2026025072842.nc,2026-01-25T07:28:42.390Z,51906731,7387591f127ba046ef12d544c40b9e0c
A2026025.2124,2026-01-25T21:24Z,NOAA-21 VIIRS,VJ214IMG.A2026025.2124.002.2026030155327.nc,2026-01-30T15:53:27.000Z,2.0.14,623217,1d1d17d286bc8c0cb669c55b51afe75f37d31b6872858507abd23ae59ad23d14,CLDMSK_L2_VIIRS_NOAA21.A2026025.2124.001.2026026072915.nc,2026-01-26T07:29:15.180Z,59891569,2e91f3d255e87028f3f2e3f0c9266545
A2026025.2130,2026-01-25T21:30Z,NOAA-21 VIIRS,VJ214IMG.A2026025.2130.002.2026030155327.nc,2026-01-30T15:53:27.000Z,2.0.14,930634,190ccd149f15ddf4bbe07aaadf028df6a6408510fffd2a62b0175264618335d2,CLDMSK_L2_VIIRS_NOAA21.A2026025.2130.001.2026026072912.nc,2026-01-26T07:29:12.550Z,56649905,60fd8ffc923b65603df30402af19f08b
A2026025.2306,2026-01-25T23:06Z,NOAA-21 VIIRS,VJ214IMG.A2026025.2306.002.2026030155331.nc,2026-01-30T15:53:31.000Z,2.0.14,1062504,1b2ceca9e713f70df13f4eedeb41119fa9802ae0b74cdd1f5b0b25f3fd40da85,CLDMSK_L2_VIIRS_NOAA21.A2026025.2306.001.2026026072916.nc,2026-01-26T07:29:16.240Z,59705387,cabec7d2fbd0b9df7623288e72a62471
A2026025.2312,2026-01-25T23:12Z,NOAA-21 VIIRS,VJ214IMG.A2026025.2312.002.2026030155338.nc,2026-01-30T15:53:38.000Z,2.0.14,702665,14326298665f2fde1858924e86f407702672f44ad03f25062e102ef5a803c9ea,CLDMSK_L2_VIIRS_NOAA21.A2026025.2312.001.2026026072911.nc,2026-01-26T07:29:11.020Z,50632934,ba2c506fb65ce9239f50d68acf26ed38
A2026026.2106,2026-01-26T21:06Z,NOAA-21 VIIRS,VJ214IMG.A2026026.2106.002.2026030173259.nc,2026-01-30T17:32:59.000Z,2.0.14,542406,e579c4330d2101d473a066a22a95df3faaffdea54e226d33b8646798d66c5654,CLDMSK_L2_VIIRS_NOAA21.A2026026.2106.001.2026027073000.nc,2026-01-27T07:30:00.460Z,58224428,14d00c34ec45f53d3c36aa4431b940f1
A2026026.2112,2026-01-26T21:12Z,NOAA-21 VIIRS,VJ214IMG.A2026026.2112.002.2026030173257.nc,2026-01-30T17:32:57.000Z,2.0.14,685517,40d8494fd9e63b6057932e01eb625ca14b6583207c096136c6add59fe61df861,CLDMSK_L2_VIIRS_NOAA21.A2026026.2112.001.2026027073001.nc,2026-01-27T07:30:01.390Z,55553317,bdf520f0b62eb16af11bfdda94edad2c
A2026026.2248,2026-01-26T22:48Z,NOAA-21 VIIRS,VJ214IMG.A2026026.2248.002.2026030173311.nc,2026-01-30T17:33:11.000Z,2.0.14,1159977,43152be2d54e546e7f2754076eed6c7e12169556da8192414aac9a1ad63e404b,CLDMSK_L2_VIIRS_NOAA21.A2026026.2248.001.2026027073000.nc,2026-01-27T07:30:00.710Z,58144341,4e7fd33ab3774c9b01ad813c9da240d9
A2026026.2254,2026-01-26T22:54Z,NOAA-21 VIIRS,VJ214IMG.A2026026.2254.002.2026030173315.nc,2026-01-30T17:33:15.000Z,2.0.14,837392,43b13e1bb76f30c71037634774e054c43a77c61d80b5b033ed69c9bbe36d3445,CLDMSK_L2_VIIRS_NOAA21.A2026026.2254.001.2026027073000.nc,2026-01-27T07:30:00.770Z,51691541,0b67aed728ea6df6a8c87fe516b0c5bb
A2026027.2048,2026-01-27T20:48Z,NOAA-21 VIIRS,VJ214IMG.A2026027.2048.002.2026030183610.nc,2026-01-30T18:36:10.000Z,2.0.14,778628,be853da8b5755e5ee7a2ac7d840ba88ae3bcca4d977662c30e0efb27d8384203,CLDMSK_L2_VIIRS_NOAA21.A2026027.2048.001.2026028073054.nc,2026-01-28T07:30:54.110Z,57841906,23b09137ea095f7b69dc0e5313f92c1d
A2026027.2054,2026-01-27T20:54Z,NOAA-21 VIIRS,VJ214IMG.A2026027.2054.002.2026030183612.nc,2026-01-30T18:36:12.000Z,2.0.14,567046,d34653925ecfbdb1cc379c7dd9632f08abb146d66b01f2002b0adb0cf298c048,CLDMSK_L2_VIIRS_NOAA21.A2026027.2054.001.2026028073100.nc,2026-01-28T07:31:00.880Z,54538960,982def36d408eff79238ed1735ce9a07
A2026027.2230,2026-01-27T22:30Z,NOAA-21 VIIRS,VJ214IMG.A2026027.2230.002.2026030183621.nc,2026-01-30T18:36:21.000Z,2.0.14,1400517,662359e1417e954c6c4277558adfbde642093559337ad61f7e9760e06666a58a,CLDMSK_L2_VIIRS_NOAA21.A2026027.2230.001.2026028073102.nc,2026-01-28T07:31:02.210Z,58822188,e6a6e502c46f3bcfb711410ddaf87e9f
A2026027.2236,2026-01-27T22:36Z,NOAA-21 VIIRS,VJ214IMG.A2026027.2236.002.2026030183620.nc,2026-01-30T18:36:20.000Z,2.0.14,699904,427c651a77abc2ade15f41673d71ff6ede78d35fdf3edf0c3c2869a64b39263a,CLDMSK_L2_VIIRS_NOAA21.A2026027.2236.001.2026028073105.nc,2026-01-28T07:31:05.710Z,51868271,65be831bc7cc322470ac57f2716586c4
A2026028.2212,2026-01-28T22:12Z,NOAA-21 VIIRS,VJ214IMG.A2026028.2212.002.2026030190157.nc,2026-01-30T19:01:57.000Z,2.0.14,1173693,44d5499582cbe49fabb84d3bf3f32d383dfbf35013b9ffcde01edb803d07e94b,CLDMSK_L2_VIIRS_NOAA21.A2026028.2212.001.2026029073157.nc,2026-01-29T07:31:57.520Z,56768976,d34f9a1de9f998ad43587e85b3bd94dd
A2026028.2218,2026-01-28T22:18Z,NOAA-21 VIIRS,VJ214IMG.A2026028.2218.002.2026030190157.nc,2026-01-30T19:01:57.000Z,2.0.14,519675,cff3a7ac4a8b594993ee7e8b6d15b8ee1f5908c2c4b1a9b01e850eaf7b968fb8,CLDMSK_L2_VIIRS_NOAA21.A2026028.2218.001.2026029073157.nc,2026-01-29T07:31:57.190Z,54516376,3a57ad9749ac4a92040fce8919df6aa8
A2026028.2348,2026-01-28T23:48Z,NOAA-21 VIIRS,VJ214IMG.A2026028.2348.002.2026030190157.nc,2026-01-30T19:01:57.000Z,2.0.14,908175,4b7c75a16ed519c813256764220c95c3dfc93e831556ac60c78a70b04b639ea1,CLDMSK_L2_VIIRS_NOAA21.A2026028.2348.001.2026029073148.nc,2026-01-29T07:31:48.510Z,60408663,243b80e319a4abd1bd235b64a7e0cfa1
A2026028.2354,2026-01-28T23:54Z,NOAA-21 VIIRS,VJ214IMG.A2026028.2354.002.2026030190359.nc,2026-01-30T19:03:59.000Z,2.0.14,945688,6e4ca3fbf6958f9ac6c965dc6d67eba98f9e23f3b47a16ffaa1223c456af9360,CLDMSK_L2_VIIRS_NOAA21.A2026028.2354.001.2026029073148.nc,2026-01-29T07:31:48.410Z,51852460,59929e17035b6762f7941930909460d0
A2026029.2154,2026-01-29T21:54Z,NOAA-21 VIIRS,VJ214IMG.A2026029.2154.002.2026030192329.nc,2026-01-30T19:23:29.000Z,2.0.14,981758,dd66e3d16fbd3df45329cadbba35695947824f72fd846fac1db429d334d84b30,CLDMSK_L2_VIIRS_NOAA21.A2026029.2154.001.2026030074218.nc,2026-01-30T07:42:18.740Z,53846087,3e8aa17e6618c48a4da6bcd7c30440a8
A2026029.2200,2026-01-29T22:00Z,NOAA-21 VIIRS,VJ214IMG.A2026029.2200.002.2026030192326.nc,2026-01-30T19:23:26.000Z,2.0.14,549883,c28ec45195e3f462a5017580fc6917a462570cb5a9a5fe9d0f8edaf39b527c7f,CLDMSK_L2_VIIRS_NOAA21.A2026029.2200.001.2026030074214.nc,2026-01-30T07:42:14.640Z,57138431,b89c6f09c9adbbdc82c088d2025800ec
A2026029.2330,2026-01-29T23:30Z,NOAA-21 VIIRS,VJ214IMG.A2026029.2330.002.2026030192333.nc,2026-01-30T19:23:33.000Z,2.0.14,905494,909366d3ab730f67c1c87308ad53ba6ee81e6f9c213db51f0431747a7cca3155,CLDMSK_L2_VIIRS_NOAA21.A2026029.2330.001.2026030074219.nc,2026-01-30T07:42:19.990Z,57520570,27af15e6694ad7c270700ef975010cf7
A2026029.2336,2026-01-29T23:36Z,NOAA-21 VIIRS,VJ214IMG.A2026029.2336.002.2026030192332.nc,2026-01-30T19:23:32.000Z,2.0.14,765693,c429bce5261a858cb78d80abb4e01bf0cfa73aa6fed85028467f1c48bdd6c2be,CLDMSK_L2_VIIRS_NOAA21.A2026029.2336.001.2026030074214.nc,2026-01-30T07:42:14.490Z,49364004,0b16d5003d33f39fe743de3421ce4738
A2026030.2130,2026-01-30T21:30Z,NOAA-21 VIIRS,VJ214IMG.A2026030.2130.002.2026033034354.nc,2026-02-02T03:43:54.000Z,2.0.14,763670,f1d5e16ee70883db4a1d1090a17cc1270dbc2dec3261f2ffaa172b33863696ca,CLDMSK_L2_VIIRS_NOAA21.A2026030.2130.001.2026031073307.nc,2026-01-31T07:33:07.810Z,57441378,d4ccfd4b9547ed02d7b4fd09da5a9346
A2026030.2136,2026-01-30T21:36Z,NOAA-21 VIIRS,VJ214IMG.A2026030.2136.002.2026033034409.nc,2026-02-02T03:44:09.000Z,2.0.14,837729,6ff3243581db98fe533779904d9459f192991bdd11f738ed6b05952d7eead988,CLDMSK_L2_VIIRS_NOAA21.A2026030.2136.001.2026031073307.nc,2026-01-31T07:33:07.600Z,53175236,14842149b2c7c1e4504bf2b70c9c4209
A2026030.2312,2026-01-30T23:12Z,NOAA-21 VIIRS,VJ214IMG.A2026030.2312.002.2026033034439.nc,2026-02-02T03:44:39.000Z,2.0.14,1089437,6de9a4ca1c068a090fbb3c06507a50676935e1ac501df14b1e1a4847f3b119c7,CLDMSK_L2_VIIRS_NOAA21.A2026030.2312.001.2026031073307.nc,2026-01-31T07:33:07.950Z,58539887,58146a8e630e63ce9f3c65c8b10d6692
A2026030.2318,2026-01-30T23:18Z,NOAA-21 VIIRS,VJ214IMG.A2026030.2318.002.2026033034403.nc,2026-02-02T03:44:03.000Z,2.0.14,572301,a4cd7cfda79bf6d129691fbe54e31fbe0131217e6174d0f02ee25a3d0df4ecfb,CLDMSK_L2_VIIRS_NOAA21.A2026030.2318.001.2026031073310.nc,2026-01-31T07:33:10.400Z,47920656,a3cf57e5cedd3bb6366a9b3549d103be
A2026031.2112,2026-01-31T21:12Z,NOAA-21 VIIRS,VJ214IMG.A2026031.2112.002.2026033040545.nc,2026-02-02T04:05:45.000Z,2.0.14,864640,ac9a9b44a62d88653d31a2fe80db590775afe16a60be873868bbdd4d7c9059b1,CLDMSK_L2_VIIRS_NOAA21.A2026031.2112.001.2026032073356.nc,2026-02-01T07:33:56.550Z,56942310,85bfc929732ea4e038052f1019615d0d
A2026031.2118,2026-01-31T21:18Z,NOAA-21 VIIRS,VJ214IMG.A2026031.2118.002.2026033040609.nc,2026-02-02T04:06:09.000Z,2.0.14,619412,50bd17b68b336dc9223b534776074173cbd2c3dfef88ac64a6eacd988a49ea5f,CLDMSK_L2_VIIRS_NOAA21.A2026031.2118.001.2026032073359.nc,2026-02-01T07:33:59.330Z,51988514,1dc42932b0f988f76b15f106594016bd
A2026031.2254,2026-01-31T22:54Z,NOAA-21 VIIRS,VJ214IMG.A2026031.2254.002.2026033040505.nc,2026-02-02T04:05:05.000Z,2.0.14,1157578,7b558375dc00be70b4b01f2cbd6c350e99a39b5a4b866f9dc6b3c7a68454f0d4,CLDMSK_L2_VIIRS_NOAA21.A2026031.2254.001.2026032073326.nc,2026-02-01T07:33:26.370Z,59445914,291f7656be797cc4de83b9b3005a8a0f
A2026031.2300,2026-01-31T23:00Z,NOAA-21 VIIRS,VJ214IMG.A2026031.2300.002.2026033040418.nc,2026-02-02T04:04:18.000Z,2.0.14,633995,2d69bb5782ebf84b06567cd5f647eec9fd7e45a2255d5db054313989fb1d9761,CLDMSK_L2_VIIRS_NOAA21.A2026031.2300.001.2026032073323.nc,2026-02-01T07:33:23.950Z,49011489,f687262aa8261816a54dc72ac69bd334
A2026032.2054,2026-02-01T20:54Z,NOAA-21 VIIRS,VJ214IMG.A2026032.2054.002.2026033042130.nc,2026-02-02T04:21:30.000Z,2.0.14,984386,0ace7124d435fb1b86994dbc991a6dbf94c8d3ffebe72d7a320545376afbb6ff,CLDMSK_L2_VIIRS_NOAA21.A2026032.2054.001.2026033073408.nc,2026-02-02T07:34:08.880Z,56866428,1aee71f077fab78b1acb43d6e9d7f78e
A2026032.2100,2026-02-01T21:00Z,NOAA-21 VIIRS,VJ214IMG.A2026032.2100.002.2026033042144.nc,2026-02-02T04:21:44.000Z,2.0.14,614206,d73540c9182bf217d0d8de17a29a90ea38ed877a45da37052a89ea424bee62fb,CLDMSK_L2_VIIRS_NOAA21.A2026032.2100.001.2026033073404.nc,2026-02-02T07:34:04.550Z,51982317,08998489eab2a7ffdbd34c97f56a9915
A2026032.2236,2026-02-01T22:36Z,NOAA-21 VIIRS,VJ214IMG.A2026032.2236.002.2026033051729.nc,2026-02-02T05:17:29.000Z,2.0.14,1187595,9b19d1b5d11633b7512552e5de0ce89850151f0bdb363e7c557ebcd9e6ad98ab,CLDMSK_L2_VIIRS_NOAA21.A2026032.2236.001.2026033073427.nc,2026-02-02T07:34:27.280Z,55698638,c0018063ab28e6189d7d9ed208b2bcf0
A2026032.2242,2026-02-01T22:42Z,NOAA-21 VIIRS,VJ214IMG.A2026032.2242.002.2026033052107.nc,2026-02-02T05:21:07.000Z,2.0.14,621308,3e88f83474e53011e5e127680335696f8523f61a255b1db1bc7fd3893b0f4d6e,CLDMSK_L2_VIIRS_NOAA21.A2026032.2242.001.2026033073420.nc,2026-02-02T07:34:20.930Z,49368563,26481c475fd97d96b9d8a12c627604cb
A2026033.2042,2026-02-02T20:42Z,NOAA-21 VIIRS,VJ214IMG.A2026033.2042.002.2026034030528.nc,2026-02-03T03:05:28.000Z,2.0.14,826620,ee47e7e32b240119d1a275207aaa27b2606b668d69ef65a602535d3dcdf65f06,CLDMSK_L2_VIIRS_NOAA21.A2026033.2042.001.2026034072448.nc,2026-02-03T07:24:48.900Z,52852406,6951cba6a7baf47ea4075a53781016c2
A2026033.2218,2026-02-02T22:18Z,NOAA-21 VIIRS,VJ214IMG.A2026033.2218.002.2026034052521.nc,2026-02-03T05:25:21.000Z,2.0.14,1150384,ee2d361548a39543ea6acc33e7ada3ce1a112d40d4f09d4d3020da19312d317e,CLDMSK_L2_VIIRS_NOAA21.A2026033.2218.001.2026034072500.nc,2026-02-03T07:25:00.010Z,55204015,24fb33cbd4b0a001036fe7aa969319b5
A2026033.2224,2026-02-02T22:24Z,NOAA-21 VIIRS,VJ214IMG.A2026033.2224.002.2026034052520.nc,2026-02-03T05:25:20.000Z,2.0.14,546157,9f566263ea7e0f3501a8f5df70f905addc151443396828efafaca0afe216d775,CLDMSK_L2_VIIRS_NOAA21.A2026033.2224.001.2026034072457.nc,2026-02-03T07:24:57.390Z,52501438,fc63a97ba114cb19efbec0b38025e5c4
A2026034.0000,2026-02-03T00:00Z,NOAA-21 VIIRS,VJ214IMG.A2026034.0000.002.2026034081901.nc,2026-02-03T08:19:01.000Z,2.0.14,765739,f236522bb9478215ee076518a9bbc864e893c2b534bab63de37dc55c9992d485,CLDMSK_L2_VIIRS_NOAA21.A2026034.0000.001.2026034130505.nc,2026-02-03T13:05:05.820Z,52145582,ffcc8ee20fb34bae3418df975cfbd417
A2026034.2200,2026-02-03T22:00Z,NOAA-21 VIIRS,VJ214IMG.A2026034.2200.002.2026035045925.nc,2026-02-04T04:59:25.000Z,2.0.14,936223,16c70dfafcbb20eb4e6c242f9310e3ad0f713bc38ad8882eba41545a7bf920b8,CLDMSK_L2_VIIRS_NOAA21.A2026034.2200.001.2026035072534.nc,2026-02-04T07:25:34.270Z,52610030,40924302ac0308695fbbbb692a05f95b
A2026034.2206,2026-02-03T22:06Z,NOAA-21 VIIRS,VJ214IMG.A2026034.2206.002.2026035045926.nc,2026-02-04T04:59:26.000Z,2.0.14,429338,2b8161571e863f170a2776707d9e379c8d300695fba4915bd459bc4d6d4b4479,CLDMSK_L2_VIIRS_NOAA21.A2026034.2206.001.2026035072534.nc,2026-02-04T07:25:34.630Z,55595946,43ea5b68f26ba3496977e0fd08110f8a
A2026034.2336,2026-02-03T23:36Z,NOAA-21 VIIRS,VJ214IMG.A2026034.2336.002.2026035045923.nc,2026-02-04T04:59:23.000Z,2.0.14,703954,f6976493175722733c9d217ef0187c604b4db64313bbc0fbdf20c3554e03751a,CLDMSK_L2_VIIRS_NOAA21.A2026034.2336.001.2026035072526.nc,2026-02-04T07:25:26.310Z,59172403,8ed4c7f6a43caeb465a6ae06762317b2
A2026034.2342,2026-02-03T23:42Z,NOAA-21 VIIRS,VJ214IMG.A2026034.2342.002.2026035045925.nc,2026-02-04T04:59:25.000Z,2.0.14,583441,24897fa04e329e2498ea6c4b3997888fc7ed9ecf1de6a6d2a374a36a2525c5e9,CLDMSK_L2_VIIRS_NOAA21.A2026034.2342.001.2026035072525.nc,2026-02-04T07:25:25.500Z,49672318,f4aa76b930950f4ac7b03f7ca2f734fa
A2026035.2136,2026-02-04T21:36Z,NOAA-21 VIIRS,VJ214IMG.A2026035.2136.002.2026036030356.nc,2026-02-05T03:03:56.000Z,2.0.14,498255,99a3b2db7ca7cc11d1b35682fb056687bb35eca8a15007221cf48e31128a52b3,CLDMSK_L2_VIIRS_NOAA21.A2026035.2136.001.2026036072638.nc,2026-02-05T07:26:38.530Z,53447551,015b96185619971b1624c769a01c0659
A2026035.2142,2026-02-04T21:42Z,NOAA-21 VIIRS,VJ214IMG.A2026035.2142.002.2026036030357.nc,2026-02-05T03:03:57.000Z,2.0.14,856560,a27d4066b1d57b9f8ec50081878d4816eacc93c85a9f54398520b18e2b6c3d13,CLDMSK_L2_VIIRS_NOAA21.A2026035.2142.001.2026036072637.nc,2026-02-05T07:26:37.090Z,51997928,5f5add1f5dd0ea67d55b56d046f09ca4
A2026035.2148,2026-02-04T21:48Z,NOAA-21 VIIRS,VJ214IMG.A2026035.2148.002.2026036042900.nc,2026-02-05T04:29:00.000Z,2.0.14,665350,21ea08375707e9ae001288e3c00d2312915909c880c6324c61b0b5c10f517e4c,CLDMSK_L2_VIIRS_NOAA21.A2026035.2148.001.2026036072638.nc,2026-02-05T07:26:38.590Z,57342070,5da3a44b8694ca3274d8ea9ff827f8a3
A2026035.2318,2026-02-04T23:18Z,NOAA-21 VIIRS,VJ214IMG.A2026035.2318.002.2026036044329.nc,2026-02-05T04:43:29.000Z,2.0.14,898634,c39d78690b8f69b80c50ea13098b7e8ab211750c74bd54e6117e295865064848,CLDMSK_L2_VIIRS_NOAA21.A2026035.2318.001.2026036072625.nc,2026-02-05T07:26:25.400Z,57258254,42b3e9c08af2f78db73484c643689491
A2026035.2324,2026-02-04T23:24Z,NOAA-21 VIIRS,VJ214IMG.A2026035.2324.002.2026036044328.nc,2026-02-05T04:43:28.000Z,2.0.14,885677,2ff21bfcf5e9c11959b5c5d980ece4b1cea54e8497b463d02b7701f4072ceead,CLDMSK_L2_VIIRS_NOAA21.A2026035.2324.001.2026036072624.nc,2026-02-05T07:26:24.520Z,52909301,05fd7e08c04188dbf412721e7b530ae9
A2026036.2118,2026-02-05T21:18Z,NOAA-21 VIIRS,VJ214IMG.A2026036.2118.002.2026037023929.nc,2026-02-06T02:39:29.000Z,2.0.14,598478,e86a0f36a7295c97186cebb81fd620f5e3861b8d48690504748103b31522fb5f,CLDMSK_L2_VIIRS_NOAA21.A2026036.2118.001.2026037072650.nc,2026-02-06T07:26:50.950Z,58459467,f9b611c31d9f07c47f79559381739b70
A2026036.2124,2026-02-05T21:24Z,NOAA-21 VIIRS,VJ214IMG.A2026036.2124.002.2026037023931.nc,2026-02-06T02:39:31.000Z,2.0.14,586647,c9d50290aaf5c9f90ff18fa477451fdbdbf31fe50b066de96ad7588a946f2968,CLDMSK_L2_VIIRS_NOAA21.A2026036.2124.001.2026037072650.nc,2026-02-06T07:26:50.850Z,49680505,c53c3d563e9d0126b88ad47311093339
A2026036.2300,2026-02-05T23:00Z,NOAA-21 VIIRS,VJ214IMG.A2026036.2300.002.2026037050425.nc,2026-02-06T05:04:25.000Z,2.0.14,972029,56a705649452f7ccdb4c7170914176f0a5564e6a8be44105704971ab7f908d69,CLDMSK_L2_VIIRS_NOAA21.A2026036.2300.001.2026037072637.nc,2026-02-06T07:26:37.620Z,58185006,6525c88c01e492a306025778053e61e8
A2026036.2306,2026-02-05T23:06Z,NOAA-21 VIIRS,VJ214IMG.A2026036.2306.002.2026037050429.nc,2026-02-06T05:04:29.000Z,2.0.14,1042628,0dd913bb847f081a151775532adb2024ee172cf50e5693e7cf0e9a1f9c8ac4ec,CLDMSK_L2_VIIRS_NOAA21.A2026036.2306.001.2026037072637.nc,2026-02-06T07:26:37.140Z,53315989,dec82a00368fba3b9a72c41f9358ccbf
A2026037.2100,2026-02-06T21:00Z,NOAA-21 VIIRS,VJ214IMG.A2026037.2100.002.2026038024404.nc,2026-02-07T02:44:04.000Z,2.0.14,760453,4effd44be056d50d778aee01b29bb4d2c08e286f9493ae3c345b581a96fc62b6,CLDMSK_L2_VIIRS_NOAA21.A2026037.2100.001.2026038073744.nc,2026-02-07T07:37:44.090Z,58886480,da976e062640bcfda68144084c9d5cb3
A2026037.2106,2026-02-06T21:06Z,NOAA-21 VIIRS,VJ214IMG.A2026037.2106.002.2026038024408.nc,2026-02-07T02:44:08.000Z,2.0.14,668273,53c44992d86e8305d9416ff20e79d59c6ea93be0e4c4c044bcfd99b62604e407,CLDMSK_L2_VIIRS_NOAA21.A2026037.2106.001.2026038073745.nc,2026-02-07T07:37:45.380Z,50443523,f744da0b782b6019de72c2ea84b9d87d
A2026037.2242,2026-02-06T22:42Z,NOAA-21 VIIRS,VJ214IMG.A2026037.2242.002.2026038042724.nc,2026-02-07T04:27:24.000Z,2.0.14,906211,9bee677150879192f24350b55722445b7a6a29102a4ca8d3ec6000a4a687189c,CLDMSK_L2_VIIRS_NOAA21.A2026037.2242.001.2026038073734.nc,2026-02-07T07:37:34.830Z,56396793,32ed713bc560361f3c30741ec3523fa1
A2026037.2248,2026-02-06T22:48Z,NOAA-21 VIIRS,VJ214IMG.A2026037.2248.002.2026038042727.nc,2026-02-07T04:27:27.000Z,2.0.14,713024,54ca8c642e511a0b7bd3b496ab2696501318e668748e7c977ed01a779ad0700f,CLDMSK_L2_VIIRS_NOAA21.A2026037.2248.001.2026038073733.nc,2026-02-07T07:37:33.330Z,53459296,f131ac857cdf26d6e08f1108d88d3d91
A2026038.2042,2026-02-07T20:42Z,NOAA-21 VIIRS,VJ214IMG.A2026038.2042.002.2026039023432.nc,2026-02-08T02:34:32.000Z,2.0.14,876864,c8deb6e45b685cd833d4636a4c88b91252323308928f69dbaf378c9b46e8c84e,CLDMSK_L2_VIIRS_NOAA21.A2026038.2042.001.2026039072832.nc,2026-02-08T07:28:32.930Z,58054180,784fbcc0f86b63936cd020463850d55b
A2026038.2048,2026-02-07T20:48Z,NOAA-21 VIIRS,VJ214IMG.A2026038.2048.002.2026039023439.nc,2026-02-08T02:34:39.000Z,2.0.14,880580,8a850b241cc5119f434b3f308562719f1fa96c97645e5f345ff0b497011fc5e9,CLDMSK_L2_VIIRS_NOAA21.A2026038.2048.001.2026039072843.nc,2026-02-08T07:28:43.440Z,49745837,de5a3064492cf658ea7e05dc2d366e3a
A2026038.2224,2026-02-07T22:24Z,NOAA-21 VIIRS,VJ214IMG.A2026038.2224.002.2026039040433.nc,2026-02-08T04:04:33.000Z,2.0.14,1306943,46862598e5ac24ed4216ffeb6e80b3c2a8e6d079447157c24136812d86447d4e,CLDMSK_L2_VIIRS_NOAA21.A2026038.2224.001.2026039072840.nc,2026-02-08T07:28:40.720Z,54789623,667c178268a41f071403bd7d8a19ef0a
A2026038.2230,2026-02-07T22:30Z,NOAA-21 VIIRS,VJ214IMG.A2026038.2230.002.2026039040432.nc,2026-02-08T04:04:32.000Z,2.0.14,554255,40d2d29dae4052ea06832316e660e83bb1239dc7358b17c6b8f89b36bc70df27,CLDMSK_L2_VIIRS_NOAA21.A2026038.2230.001.2026039072840.nc,2026-02-08T07:28:40.170Z,52954077,e929a71e68b37d5caa2970ed73d9b7b6
A2026039.0006,2026-02-08T00:06Z,NOAA-21 VIIRS,VJ214IMG.A2026039.0006.002.2026039074828.nc,2026-02-08T07:48:28.000Z,2.0.14,1199147,84c1cb59637340b1117a34a9d792fc72547376f3ff2245a65ebadc79b6d601a5,CLDMSK_L2_VIIRS_NOAA21.A2026039.0006.001.2026039130844.nc,2026-02-08T13:08:44.030Z,54988248,bf0d1737bc2e7fd1c8c2affe90b1f29a
A2026039.2206,2026-02-08T22:06Z,NOAA-21 VIIRS,VJ214IMG.A2026039.2206.002.2026040042712.nc,2026-02-09T04:27:12.000Z,2.0.14,1036747,5199d07bee8a0c9e3c33d417746332678387ec8efad6198633b40ce197f88c70,CLDMSK_L2_VIIRS_NOAA21.A2026039.2206.001.2026040072907.nc,2026-02-09T07:29:07.540Z,53844448,41deaf54040a60d6c240fd17045fa444
A2026039.2212,2026-02-08T22:12Z,NOAA-21 VIIRS,VJ214IMG.A2026039.2212.002.2026040042712.nc,2026-02-09T04:27:12.000Z,2.0.14,539853,0802ad5bedf865ccb65c636255c183d388caaec3f6113efdefe5acc25816066d,CLDMSK_L2_VIIRS_NOAA21.A2026039.2212.001.2026040072908.nc,2026-02-09T07:29:08.510Z,54075030,5f70fb010d5e8224c1fa763c225299b8
A2026039.2342,2026-02-08T23:42Z,NOAA-21 VIIRS,VJ214IMG.A2026039.2342.002.2026040042710.nc,2026-02-09T04:27:10.000Z,2.0.14,743130,b63b60975ffeca09bee2e3833f7b617c03c58a7dfd0ed6f99542c85218de1d2c,CLDMSK_L2_VIIRS_NOAA21.A2026039.2342.001.2026040072856.nc,2026-02-09T07:28:56.650Z,57459676,7f4353c655823a32e7e47d67070b5e62
A2026039.2348,2026-02-08T23:48Z,NOAA-21 VIIRS,VJ214IMG.A2026039.2348.002.2026040060406.nc,2026-02-09T06:04:06.000Z,2.0.14,940057,56cfc792cc88142097ee8a57aa8a32d7a7ac48faf0f9450813b871f504b763e6,CLDMSK_L2_VIIRS_NOAA21.A2026039.2348.001.2026040072855.nc,2026-02-09T07:28:55.050Z,52712805,1f24b6bf38763a7517848714baf97130
A2026040.2148,2026-02-09T21:48Z,NOAA-21 VIIRS,VJ214IMG.A2026040.2148.002.2026041041813.nc,2026-02-10T04:18:13.000Z,2.0.14,874977,fa69327cd2ffccdfaad67680767e4e2c08f1712d3c55d13afe9614e75343c2d0,CLDMSK_L2_VIIRS_NOAA21.A2026040.2148.001.2026042133048.nc,2026-02-11T13:30:48.730Z,52562580,e9914b8f4f2b45224516493bd5bb872f
A2026040.2154,2026-02-09T21:54Z,NOAA-21 VIIRS,VJ214IMG.A2026040.2154.002.2026041043208.nc,2026-02-10T04:32:08.000Z,2.0.14,368307,971dd080928fd2da0e8ae43819767925ae157bbdb97e42478b3a18a00fddeefa,CLDMSK_L2_VIIRS_NOAA21.A2026040.2154.001.2026042134121.nc,2026-02-11T13:41:21.980Z,55359156,4353d9b99f39162dd8de55014cf3fae8
A2026040.2324,2026-02-09T23:24Z,NOAA-21 VIIRS,VJ214IMG.A2026040.2324.002.2026041043203.nc,2026-02-10T04:32:03.000Z,2.0.14,713041,6e5ee15dfabfd2430a4c7c2eca4141d9ab00fbcca436513bb29260f24d0269fa,CLDMSK_L2_VIIRS_NOAA21.A2026040.2324.001.2026042134122.nc,2026-02-11T13:41:22.370Z,59095335,4d20a4087c6ed7192ce1f3c44cf3bdff
A2026040.2330,2026-02-09T23:30Z,NOAA-21 VIIRS,VJ214IMG.A2026040.2330.002.2026041043203.nc,2026-02-10T04:32:03.000Z,2.0.14,906623,6c724c79546c7632ea17dd36fcbeaacb228c8b310a0ddaa5ae57e4e2317a597f,CLDMSK_L2_VIIRS_NOAA21.A2026040.2330.001.2026042134126.nc,2026-02-11T13:41:26.200Z,50933826,7c2e17cd5a19b06c8ac3bdce02273c54
A2026041.2124,2026-02-10T21:24Z,NOAA-21 VIIRS,VJ214IMG.A2026041.2124.002.2026042022410.nc,2026-02-11T02:24:10.000Z,2.0.14,841235,2d2610d021c1a8622a7528108b98ced43ef8bf6b3e3bb756063370097c863dab,CLDMSK_L2_VIIRS_NOAA21.A2026041.2124.001.2026042073046.nc,2026-02-11T07:30:46.300Z,55751612,c30de6dee5a8dc2850ac817cb9119d9f
A2026041.2130,2026-02-10T21:30Z,NOAA-21 VIIRS,VJ214IMG.A2026041.2130.002.2026042022409.nc,2026-02-11T02:24:09.000Z,2.0.14,671143,0197d21667abb83a4070f4067b4c34a4381075091d6368cf398f6a148b77a83b,CLDMSK_L2_VIIRS_NOAA21.A2026041.2130.001.2026042073044.nc,2026-02-11T07:30:44.950Z,51054563,bc5c8efdf546a3f31c3a578d92c5f751
A2026041.2306,2026-02-10T23:06Z,NOAA-21 VIIRS,VJ214IMG.A2026041.2306.002.2026042050045.nc,2026-02-11T05:00:45.000Z,2.0.14,909499,77fd78e5dc1a4d3180db49b5a8de70afc7537a61931ea9935d3cdf9366515500,CLDMSK_L2_VIIRS_NOAA21.A2026041.2306.001.2026042073034.nc,2026-02-11T07:30:34.770Z,60158907,12d9bc7cda9c9dbcefa668c762feabd9
A2026041.2312,2026-02-10T23:12Z,NOAA-21 VIIRS,VJ214IMG.A2026041.2312.002.2026042050047.nc,2026-02-11T05:00:47.000Z,2.0.14,750235,dfb7cbb1cac822c26b79f9196790f1cd30e401135f4d548c9ceb02afe8ff0df6,CLDMSK_L2_VIIRS_NOAA21.A2026041.2312.001.2026042073033.nc,2026-02-11T07:30:33.310Z,50477900,7df428c58530555d6e906afb1efdcfd6
A2026042.2106,2026-02-11T21:06Z,NOAA-21 VIIRS,VJ214IMG.A2026042.2106.002.2026043030556.nc,2026-02-12T03:05:56.000Z,2.0.14,953144,a824bbc16881a18d7a647ce57c3cab80466cdff465b4456f444d832a1569722e,CLDMSK_L2_VIIRS_NOAA21.A2026042.2106.001.2026043073140.nc,2026-02-12T07:31:40.480Z,55652770,3e898c7d44f29ada3d50d28fecf8c3ea
A2026042.2112,2026-02-11T21:12Z,NOAA-21 VIIRS,VJ214IMG.A2026042.2112.002.2026043030555.nc,2026-02-12T03:05:55.000Z,2.0.14,638514,c3ad979bb798d9c187b4007741c621c96fec68c23f49d939935bd273c7ba3c32,CLDMSK_L2_VIIRS_NOAA21.A2026042.2112.001.2026043073142.nc,2026-02-12T07:31:42.820Z,50729896,354de8ec615f77b612b413da2fd8b147
A2026042.2248,2026-02-11T22:48Z,NOAA-21 VIIRS,VJ214IMG.A2026042.2248.002.2026043044420.nc,2026-02-12T04:44:20.000Z,2.0.14,1280945,3df6629abb0e132cb2e45de5a53f416f307431b3c61317571e19a6e5fc505067,CLDMSK_L2_VIIRS_NOAA21.A2026042.2248.001.2026043073144.nc,2026-02-12T07:31:44.490Z,57492584,d0a01cc9b4fe7c73c5810fbd3d63d739
A2026042.2254,2026-02-11T22:54Z,NOAA-21 VIIRS,VJ214IMG.A2026042.2254.002.2026043044423.nc,2026-02-12T04:44:23.000Z,2.0.14,789510,807cfd8b28fa644b8420876c13c2f6b53fea79745fe7f71af5327c8477af7e6b,CLDMSK_L2_VIIRS_NOAA21.A2026042.2254.001.2026043073140.nc,2026-02-12T07:31:40.860Z,50473157,92ab630685f76c388d44069b5e7061da
A2026043.2048,2026-02-12T20:48Z,NOAA-21 VIIRS,VJ214IMG.A2026043.2048.002.2026044024049.nc,2026-02-13T02:40:49.000Z,2.0.14,848182,2c920bb24d0a84732de50fb045a33981c310445eb9d8eaac392f75dc6f87e85b,CLDMSK_L2_VIIRS_NOAA21.A2026043.2048.001.2026044073155.nc,2026-02-13T07:31:55.190Z,58088336,8451815ba97605c2da5956eadef69136
A2026043.2054,2026-02-12T20:54Z,NOAA-21 VIIRS,VJ214IMG.A2026043.2054.002.2026044024052.nc,2026-02-13T02:40:52.000Z,2.0.14,599211,b7479bca74fee95e7b502d8585777041626914b2302b78241e1b15ac9c3627e7,CLDMSK_L2_VIIRS_NOAA21.A2026043.2054.001.2026044073207.nc,2026-02-13T07:32:07.000Z,53830693,0b48e6a202a741b54bb6f61f5d19c157
A2026043.2230,2026-02-12T22:30Z,NOAA-21 VIIRS,VJ214IMG.A2026043.2230.002.2026044041553.nc,2026-02-13T04:15:53.000Z,2.0.14,1332107,2193242a82592be36e05e5fba37b3b743cbc1a6bc82551ce5dee2fa7b803bb0b,CLDMSK_L2_VIIRS_NOAA21.A2026043.2230.001.2026044073206.nc,2026-02-13T07:32:06.470Z,56259602,d9956524178f824cd41f718feae30e15
A2026043.2236,2026-02-12T22:36Z,NOAA-21 VIIRS,VJ214IMG.A2026043.2236.002.2026044041551.nc,2026-02-13T04:15:51.000Z,2.0.14,605005,f6d6256d38e58da71606191cbd2bc912ee7e6f3504562858ff92889a6bc9f7be,CLDMSK_L2_VIIRS_NOAA21.A2026043.2236.001.2026044073220.nc,2026-02-13T07:32:20.540Z,50834864,b2e93908b57610794acc741f57f95ae3
A2026044.2212,2026-02-13T22:12Z,NOAA-21 VIIRS,VJ214IMG.A2026044.2212.002.2026045044750.nc,2026-02-14T04:47:50.000Z,2.0.14,1010687,99a1a8cccff52ea4c8c504d7638225c8c96574484a9aa403b7ae299f84a81629,CLDMSK_L2_VIIRS_NOAA21.A2026044.2212.001.2026045073251.nc,2026-02-14T07:32:51.880Z,52439895,96abe78506eff8a17c366361c1fa3837
A2026044.2218,2026-02-13T22:18Z,NOAA-21 VIIRS,VJ214IMG.A2026044.2218.002.2026045044751.nc,2026-02-14T04:47:51.000Z,2.0.14,530322,ad37527a134aff2d87aab7943637cd30872d0428646542aaa9ce7aeff1959a88,CLDMSK_L2_VIIRS_NOAA21.A2026044.2218.001.2026045073253.nc,2026-02-14T07:32:53.040Z,53586713,703225f72392fbec80ee1249794496d2
A2026044.2348,2026-02-13T23:48Z,NOAA-21 VIIRS,VJ214IMG.A2026044.2348.002.2026045060621.nc,2026-02-14T06:06:21.000Z,2.0.14,1059190,c87f67c3b410b183aa23185052f367464d2a0de448693dbb74e121828986ab2b,CLDMSK_L2_VIIRS_NOAA21.A2026044.2348.001.2026045073238.nc,2026-02-14T07:32:38.880Z,58102355,4d7c9e3351923a736ae717e4b8286c40
A2026044.2354,2026-02-13T23:54Z,NOAA-21 VIIRS,VJ214IMG.A2026044.2354.002.2026045061925.nc,2026-02-14T06:19:25.000Z,2.0.14,706078,ecfe96a91b3254ffffe02c7887cc702a11fc3b8eac24d1dc3fd87b06342ce7d0,CLDMSK_L2_VIIRS_NOAA21.A2026044.2354.001.2026045073238.nc,2026-02-14T07:32:38.520Z,50925044,dae41978190bf94d207ae326ae334fc6
A2026045.2154,2026-02-14T21:54Z,NOAA-21 VIIRS,VJ214IMG.A2026045.2154.002.2026046042757.nc,2026-02-15T04:27:57.000Z,2.0.14,880833,57fa7d03af3a6bd78bda89b6d277c16f5fec8d87ec33583ef2411bc0201cbba1,CLDMSK_L2_VIIRS_NOAA21.A2026045.2154.001.2026046072330.nc,2026-02-15T07:23:30.640Z,49868715,20c817ce2dee91aa2f72ee32f09190f6
A2026045.2200,2026-02-14T22:00Z,NOAA-21 VIIRS,VJ214IMG.A2026045.2200.002.2026046042756.nc,2026-02-15T04:27:56.000Z,2.0.14,607146,e53613cbb974921dec387cb01d95c3362ec1d931f281997ee6ca7931388198c3,CLDMSK_L2_VIIRS_NOAA21.A2026045.2200.001.2026046072324.nc,2026-02-15T07:23:24.170Z,55234086,7c12164742aaf58120fe4eab0b318f60
A2026045.2330,2026-02-14T23:30Z,NOAA-21 VIIRS,VJ214IMG.A2026045.2330.002.2026046042758.nc,2026-02-15T04:27:58.000Z,2.0.14,1271518,a853058eb8a1aba678f24633504468331455687be042bcb2503e93ccef73a6f9,CLDMSK_L2_VIIRS_NOAA21.A2026045.2330.001.2026046072307.nc,2026-02-15T07:23:07.410Z,57314448,24f46caf7a38cba87e7c73bd1ffa1f62
A2026045.2336,2026-02-14T23:36Z,NOAA-21 VIIRS,VJ214IMG.A2026045.2336.002.2026046042803.nc,2026-02-15T04:28:03.000Z,2.0.14,595303,096798bcb86e9ad31369f1aee54ad737eb54181e62b35536600ac83d2de7d465,CLDMSK_L2_VIIRS_NOAA21.A2026045.2336.001.2026046072305.nc,2026-02-15T07:23:05.410Z,47626691,d4e714c47d3d7b2a42f809a40836d2b1
A2026046.2130,2026-02-15T21:30Z,NOAA-21 VIIRS,VJ214IMG.A2026046.2130.002.2026047021927.nc,2026-02-16T02:19:27.000Z,2.0.14,1039202,65413b4c6dc757a600fe7bb92939f3524fa17e476ba7a4cfdf58ab2da7280876,CLDMSK_L2_VIIRS_NOAA21.A2026046.2130.001.2026047072416.nc,2026-02-16T07:24:16.360Z,56183203,b1481057ed78b2d2c13bf77323a67d47
A2026046.2136,2026-02-15T21:36Z,NOAA-21 VIIRS,VJ214IMG.A2026046.2136.002.2026047021925.nc,2026-02-16T02:19:25.000Z,2.0.14,770750,454243bc4f2092dd6637fa27c2b6761c9572057e4e718693525ef6c87b240909,CLDMSK_L2_VIIRS_NOAA21.A2026046.2136.001.2026047072415.nc,2026-02-16T07:24:15.090Z,49779016,27d459a3679b523319727675ca1bd38c
A2026046.2312,2026-02-15T23:12Z,NOAA-21 VIIRS,VJ214IMG.A2026046.2312.002.2026047040559.nc,2026-02-16T04:05:59.000Z,2.0.14,1696223,5799c2084959d934b815cb0d22e033f6d232d44db875af3ec7d498bb32194dfd,CLDMSK_L2_VIIRS_NOAA21.A2026046.2312.001.2026047072404.nc,2026-02-16T07:24:04.240Z,57121271,59a2585f70ae0d6ebd3243cf7c5e39b6
A2026046.2318,2026-02-15T23:18Z,NOAA-21 VIIRS,VJ214IMG.A2026046.2318.002.2026047040559.nc,2026-02-16T04:05:59.000Z,2.0.14,670885,e0a10c1b4f483b782beb315167e8762031843d7a894882fa7fe9f2cf6788e022,CLDMSK_L2_VIIRS_NOAA21.A2026046.2318.001.2026047072402.nc,2026-02-16T07:24:02.740Z,47223934,b5dc85866d6b9a66ef4628b33e25836e
A2026047.2112,2026-02-16T21:12Z,NOAA-21 VIIRS,VJ214IMG.A2026047.2112.002.2026048025651.nc,2026-02-17T02:56:51.000Z,2.0.14,1086093,383599bf89c5b2eb5881c28c31eb11a03519bc41a9d4dd27dcbe841848d45750,CLDMSK_L2_VIIRS_NOAA21.A2026047.2112.001.2026048072450.nc,2026-02-17T07:24:50.700Z,57038615,d7d8c936c7eca686045568ebc2d7c626
A2026047.2118,2026-02-16T21:18Z,NOAA-21 VIIRS,VJ214IMG.A2026047.2118.002.2026048025655.nc,2026-02-17T02:56:55.000Z,2.0.14,562949,a41a6f32c9515f30ce69e7b1b8c4220761ee22df709d1accda1e1d2952a0a1a3,CLDMSK_L2_VIIRS_NOAA21.A2026047.2118.001.2026048072451.nc,2026-02-17T07:24:51.040Z,50711188,80252763f0bbdb4f142bd848d6c1da30
A2026047.2254,2026-02-16T22:54Z,NOAA-21 VIIRS,VJ214IMG.A2026047.2254.002.2026048044155.nc,2026-02-17T04:41:55.000Z,2.0.14,1039763,4b33ebca48a954f77979c52cd5c0bd2584a78014743d2ee0c81c37e5af80c17c,CLDMSK_L2_VIIRS_NOAA21.A2026047.2254.001.2026048072451.nc,2026-02-17T07:24:51.530Z,54873157,6e1a40fbd7f618fccc5b1918838ac231
A2026047.2300,2026-02-16T23:00Z,NOAA-21 VIIRS,VJ214IMG.A2026047.2300.002.2026048044158.nc,2026-02-17T04:41:58.000Z,2.0.14,581051,341a58f91bcc54ce7dda9d1ef298240b1619f0c6e398f0ad2a076c5a1740e54c,CLDMSK_L2_VIIRS_NOAA21.A2026047.2300.001.2026048072450.nc,2026-02-17T07:24:50.180Z,47030222,2798556b5b735e99293e961404065524
A2026048.2054,2026-02-17T20:54Z,NOAA-21 VIIRS,VJ214IMG.A2026048.2054.002.2026049023556.nc,2026-02-18T02:35:56.000Z,2.0.14,1061043,f9811f082427f36b8867ca6926d87f733de33250bc74cce534bb55bd9bff100f,CLDMSK_L2_VIIRS_NOAA21.A2026048.2054.001.2026049072518.nc,2026-02-18T07:25:18.120Z,54295494,3ee3f7ae34ca6d38e54418d3193c3cf9
A2026048.2100,2026-02-17T21:00Z,NOAA-21 VIIRS,VJ214IMG.A2026048.2100.002.2026049023554.nc,2026-02-18T02:35:54.000Z,2.0.14,621033,21c730c074b1ed62c3989ed0bd66bed9a344d7d56279a2facd1aa34010388d12,CLDMSK_L2_VIIRS_NOAA21.A2026048.2100.001.2026049072526.nc,2026-02-18T07:25:26.840Z,51435608,a9497f5683d27ad68baa5fb266353b34
A2026048.2236,2026-02-17T22:36Z,NOAA-21 VIIRS,VJ214IMG.A2026048.2236.002.2026049045829.nc,2026-02-18T04:58:29.000Z,2.0.14,1158997,9cd1869914e2260a2cf1488686fa085b6481b2d80f4280da4be336678784abc4,CLDMSK_L2_VIIRS_NOAA21.A2026048.2236.001.2026049072525.nc,2026-02-18T07:25:25.000Z,53198523,80522db4328d3d07016225ab9803d497
A2026048.2242,2026-02-17T22:42Z,NOAA-21 VIIRS,VJ214IMG.A2026048.2242.002.2026049045828.nc,2026-02-18T04:58:28.000Z,2.0.14,546238,87130f4e500c239488e9f0f79e276caf32454482ab6ce09bc5603e90a3588d63,CLDMSK_L2_VIIRS_NOAA21.A2026048.2242.001.2026049072512.nc,2026-02-18T07:25:12.950Z,47449259,d4df71651a8deb99d30e516d110d6e07
A2026049.2042,2026-02-18T20:42Z,NOAA-21 VIIRS,VJ214IMG.A2026049.2042.002.2026050022006.nc,2026-02-19T02:20:06.000Z,2.0.14,774766,20f01d8862c0e6e653d4011d83522ede9bec677b6cf0f7932fe165891b81d498,CLDMSK_L2_VIIRS_NOAA21.A2026049.2042.001.2026050073620.nc,2026-02-19T07:36:20.140Z,52226469,c4a49506b936c2d9b2e1c02b51f27c59
A2026049.2218,2026-02-18T22:18Z,NOAA-21 VIIRS,VJ214IMG.A2026049.2218.002.2026050045559.nc,2026-02-19T04:55:59.000Z,2.0.14,868655,865cac6110592c980a18c1c58ae27584352c75e1e94cf39c19e9c364196de38d,CLDMSK_L2_VIIRS_NOAA21.A2026049.2218.001.2026050073627.nc,2026-02-19T07:36:27.690Z,51283337,97ce06429b08cc11c0681979270305e6
A2026049.2224,2026-02-18T22:24Z,NOAA-21 VIIRS,VJ214IMG.A2026049.2224.002.2026050045559.nc,2026-02-19T04:55:59.000Z,2.0.14,460853,e1f9bf17aa09a4ff547ea8b6be3e197f5bba6d1b3f170ba8ece2db068e7b74d9,CLDMSK_L2_VIIRS_NOAA21.A2026049.2224.001.2026050073626.nc,2026-02-19T07:36:26.180Z,49927006,f70385264c30d56d045407afb94f41fe
A2026050.0000,2026-02-19T00:00Z,NOAA-21 VIIRS,VJ214IMG.A2026050.0000.002.2026050073628.nc,2026-02-19T07:36:28.000Z,2.0.14,687537,bdebc0d04ba96e65067c36e7c87b59579a117b48b910597b27b3f16f982a6e83,CLDMSK_L2_VIIRS_NOAA21.A2026050.0000.001.2026050130620.nc,2026-02-19T13:06:20.290Z,52708759,97416a01b589653c67268d8070a44384
A2026050.2200,2026-02-19T22:00Z,NOAA-21 VIIRS,VJ214IMG.A2026050.2200.002.2026051043506.nc,2026-02-20T04:35:06.000Z,2.0.14,820263,ca7c599de8dbea08dfed06a561dd3a73d0ba0c1645db8b13c96c09f64220a5d5,CLDMSK_L2_VIIRS_NOAA21.A2026050.2200.001.2026051073721.nc,2026-02-20T07:37:21.960Z,49219248,0cecb3449c0a2cc5947fbe2e75122521
A2026050.2206,2026-02-19T22:06Z,NOAA-21 VIIRS,VJ214IMG.A2026050.2206.002.2026051043503.nc,2026-02-20T04:35:03.000Z,2.0.14,492614,b321f509261635004a10ab916552559a4c8f4e3da9a4e8a8152021f36a76fb65,CLDMSK_L2_VIIRS_NOAA21.A2026050.2206.001.2026051073720.nc,2026-02-20T07:37:20.930Z,53811536,61e9a91e9ee045b2529bfdcb02a80e56
A2026050.2336,2026-02-19T23:36Z,NOAA-21 VIIRS,VJ214IMG.A2026050.2336.002.2026051043505.nc,2026-02-20T04:35:05.000Z,2.0.14,1019565,3778c324874e343b148be3a4edc2526577be093dc688704b5795232942bc77bd,CLDMSK_L2_VIIRS_NOAA21.A2026050.2336.001.2026051073714.nc,2026-02-20T07:37:14.830Z,58673522,a49edcf05bb9323ebf38145259123765
A2026050.2342,2026-02-19T23:42Z,NOAA-21 VIIRS,VJ214IMG.A2026050.2342.002.2026051043501.nc,2026-02-20T04:35:01.000Z,2.0.14,538630,ae1b1a4abd2a31ae8270148955386e63c3a7cae2e4d0cf6f96cd291dea192d8d,CLDMSK_L2_VIIRS_NOAA21.A2026050.2342.001.2026051073717.nc,2026-02-20T07:37:17.630Z,48010765,c6c4eecb0f1007f1d003ffb5ab821623
A2026051.2142,2026-02-20T21:42Z,NOAA-21 VIIRS,VJ214IMG.A2026051.2142.002.2026052023041.nc,2026-02-21T02:30:41.000Z,2.0.14,597382,d5a3eb3ad0a465ad9c2520d285480fbf4a7884bb33b3cbbe6ad18e1b560bdc0c,CLDMSK_L2_VIIRS_NOAA21.A2026051.2142.001.2026052073755.nc,2026-02-21T07:37:55.450Z,47198408,253a6e964cd11e4a51326e0b1c990a09
A2026051.2148,2026-02-20T21:48Z,NOAA-21 VIIRS,VJ214IMG.A2026051.2148.002.2026052035706.nc,2026-02-21T03:57:06.000Z,2.0.14,787709,8b4fc80521c0b8b3f9d9859a0b85e3987d0bded110262d22bef4a424c0d8f59c,CLDMSK_L2_VIIRS_NOAA21.A2026051.2148.001.2026052073758.nc,2026-02-21T07:37:58.030Z,56472831,9cf4ccd5ec81199f25a866075258c9a4
A2026051.2318,2026-02-20T23:18Z,NOAA-21 VIIRS,VJ214IMG.A2026051.2318.002.2026052040942.nc,2026-02-21T04:09:42.000Z,2.0.14,929629,b7d3e813836ec5e8bd7d415ff20bda69e81b4d374c890b921c9a44fdb459f528,CLDMSK_L2_VIIRS_NOAA21.A2026051.2318.001.2026052073814.nc,2026-02-21T07:38:14.070Z,57830672,6ef5138e7b552b10f864fe133548634d
A2026051.2324,2026-02-20T23:24Z,NOAA-21 VIIRS,VJ214IMG.A2026051.2324.002.2026052040940.nc,2026-02-21T04:09:40.000Z,2.0.14,494211,0b2ef3f5454ccee567a74efbb61b13b701cb6f974f91836c950bb87914a3112b,CLDMSK_L2_VIIRS_NOAA21.A2026051.2324.001.2026052073812.nc,2026-02-21T07:38:12.790Z,46254629,3a426837440064bc99d232f4e17e3008
A2026052.2118,2026-02-21T21:18Z,NOAA-21 VIIRS,VJ214IMG.A2026052.2118.002.2026053020142.nc,2026-02-22T02:01:42.000Z,2.0.14,825008,c377a3ed513bfe77c887b18cd523023c038a8bdf46d6150d436df4a685d240f1,CLDMSK_L2_VIIRS_NOAA21.A2026052.2118.001.2026053072842.nc,2026-02-22T07:28:42.360Z,56347939,9bb866220589114dfd4913cba1d64be5
A2026052.2124,2026-02-21T21:24Z,NOAA-21 VIIRS,VJ214IMG.A2026052.2124.002.2026053020143.nc,2026-02-22T02:01:43.000Z,2.0.14,482027,a0e5bb785a7e2a6a75fc54938064c04b654b6fafa468131c292676af4a67ae2e,CLDMSK_L2_VIIRS_NOAA21.A2026052.2124.001.2026053072841.nc,2026-02-22T07:28:41.800Z,47547432,41e5fc320d3e2d3e1ca8c1cb0586af9d
A2026052.2300,2026-02-21T23:00Z,NOAA-21 VIIRS,VJ214IMG.A2026052.2300.002.2026053044040.nc,2026-02-22T04:40:40.000Z,2.0.14,981890,0d9bb0a98880a3b1638cfc265676ccc67d6fd5d0808a8c24c7cd8ddbee6a081f,CLDMSK_L2_VIIRS_NOAA21.A2026052.2300.001.2026053072829.nc,2026-02-22T07:28:29.320Z,54578870,0a06c639c4eb882a71f2ad11c7675785
A2026052.2306,2026-02-21T23:06Z,NOAA-21 VIIRS,VJ214IMG.A2026052.2306.002.2026053044040.nc,2026-02-22T04:40:40.000Z,2.0.14,467485,597818650a8daa07f1d8ecac642a34d6295c9a1faf0fef438d98658712f4036c,CLDMSK_L2_VIIRS_NOAA21.A2026052.2306.001.2026053072828.nc,2026-02-22T07:28:28.250Z,45695118,8bd2d5036f36dabf472c68502673739f
A2026053.2100,2026-02-22T21:00Z,NOAA-21 VIIRS,VJ214IMG.A2026053.2100.002.2026054024607.nc,2026-02-23T02:46:07.000Z,2.0.14,979883,b2f58851a3f80d7e50915b16f5b34bc3dd88d8ce8c11d130ac7312bd22455255,CLDMSK_L2_VIIRS_NOAA21.A2026053.2100.001.2026054072919.nc,2026-02-23T07:29:19.300Z,54938370,a81d5dc184ab4603ad3cde487162add5
A2026053.2106,2026-02-22T21:06Z,NOAA-21 VIIRS,VJ214IMG.A2026053.2106.002.2026054024608.nc,2026-02-23T02:46:08.000Z,2.0.14,539681,c270cb3dc5fd120f9ca7875d711451c375abdc07198bb7a86ca3757edd406319,CLDMSK_L2_VIIRS_NOAA21.A2026053.2106.001.2026054072919.nc,2026-02-23T07:29:19.310Z,51651453,7137d477af834c2aec8d5f163a9207ea
A2026053.2242,2026-02-22T22:42Z,NOAA-21 VIIRS,VJ214IMG.A2026053.2242.002.2026054043004.nc,2026-02-23T04:30:04.000Z,2.0.14,1090915,c5edad23bfea77215d504ce6efc928f5c6aa893c5810f055df5799c99e7db7c8,CLDMSK_L2_VIIRS_NOAA21.A2026053.2242.001.2026054072905.nc,2026-02-23T07:29:05.080Z,55677067,7e0bc373990aa24a2a23d78df0f73210
A2026053.2248,2026-02-22T22:48Z,NOAA-21 VIIRS,VJ214IMG.A2026053.2248.002.2026054043004.nc,2026-02-23T04:30:04.000Z,2.0.14,588902,3fa3234f0ba18283cab52f120875e9eeb48a43417e93dd1a92af6120503eb60f,CLDMSK_L2_VIIRS_NOAA21.A2026053.2248.001.2026054072910.nc,2026-02-23T07:29:10.570Z,46924931,6710deb04e6dc49cdf919aabe49dd5cb
A2026054.2042,2026-02-23T20:42Z,NOAA-21 VIIRS,VJ214IMG.A2026054.2042.002.2026055022505.nc,2026-02-24T02:25:05.000Z,2.0.14,949645,5c05538502013859cf6cbbd359d803c336889e3c356aa45602b7c60e8fafaab7,CLDMSK_L2_VIIRS_NOAA21.A2026054.2042.001.2026055072950.nc,2026-02-24T07:29:50.060Z,54592064,321fbd3b805089eb4180a0ad4806a4a9
A2026054.2048,2026-02-23T20:48Z,NOAA-21 VIIRS,VJ214IMG.A2026054.2048.002.2026055022457.nc,2026-02-24T02:24:57.000Z,2.0.14,658270,4e52731159b587411cc6ef025ea41512e9a0f51d8f731d6b34df53e1811acdea,CLDMSK_L2_VIIRS_NOAA21.A2026054.2048.001.2026055072949.nc,2026-02-24T07:29:49.780Z,51337761,508d5068d0cdcc6f2d6713b9989a7712
A2026054.2224,2026-02-23T22:24Z,NOAA-21 VIIRS,VJ214IMG.A2026054.2224.002.2026055040508.nc,2026-02-24T04:05:08.000Z,2.0.14,1187847,1637eb2a71ea3ccf559b6f1fa7c9d8b1014f088b54a749816966cd32f826dab3,CLDMSK_L2_VIIRS_NOAA21.A2026054.2224.001.2026055072957.nc,2026-02-24T07:29:57.210Z,54484774,ba073da12455632f32168037bacc0d98
A2026054.2230,2026-02-23T22:30Z,NOAA-21 VIIRS,VJ214IMG.A2026054.2230.002.2026055040511.nc,2026-02-24T04:05:11.000Z,2.0.14,539162,4b692172022cafdf79a9df1cf44e9c7fb595746b2e02fecc9efa86a82847ee43,CLDMSK_L2_VIIRS_NOAA21.A2026054.2230.001.2026055072958.nc,2026-02-24T07:29:58.590Z,48941794,b6c08438f901802e637c5de6a63a7b84
A2026055.0006,2026-02-24T00:06Z,NOAA-21 VIIRS,VJ214IMG.A2026055.0006.002.2026055063958.nc,2026-02-24T06:39:58.000Z,2.0.14,772149,fcaef8593a025bd77d125b24df9539e05ad7b9aadfd2a41577680e016327d211,CLDMSK_L2_VIIRS_NOAA21.A2026055.0006.001.2026055131011.nc,2026-02-24T13:10:11.440Z,54162316,c7aebd9e4feb029ffb7e2746e3b9576e
A2026055.2206,2026-02-24T22:06Z,NOAA-21 VIIRS,VJ214IMG.A2026055.2206.002.2026056043353.nc,2026-02-25T04:33:53.000Z,2.0.14,886492,4752f3fa0f7db86ce7beeccf7ed61d195ce6cdb24ef4464124de3d04547e895d,CLDMSK_L2_VIIRS_NOAA21.A2026055.2206.001.2026056073056.nc,2026-02-25T07:30:56.840Z,50561548,d2c1072d92837a492f1890e4b5cf51c8
A2026055.2212,2026-02-24T22:12Z,NOAA-21 VIIRS,VJ214IMG.A2026055.2212.002.2026056043354.nc,2026-02-25T04:33:54.000Z,2.0.14,582059,32a4c37f75f2b6b4130bc9e3d5478a02745f0d412cc6bbb578f1245775bc3987,CLDMSK_L2_VIIRS_NOAA21.A2026055.2212.001.2026056073056.nc,2026-02-25T07:30:56.660Z,53935857,05882cf6a1b23438e66d91c9be59494d
A2026055.2342,2026-02-24T23:42Z,NOAA-21 VIIRS,VJ214IMG.A2026055.2342.002.2026056043358.nc,2026-02-25T04:33:58.000Z,2.0.14,960114,20108e237a3682e9ff7c359b5893149a8ebcded5f6b6131125b902d058790d0c,CLDMSK_L2_VIIRS_NOAA21.A2026055.2342.001.2026056073117.nc,2026-02-25T07:31:17.350Z,60099800,c38185129db5e80a8b0cae0d4bea9168
A2026055.2348,2026-02-24T23:48Z,NOAA-21 VIIRS,VJ214IMG.A2026055.2348.002.2026056060158.nc,2026-02-25T06:01:58.000Z,2.0.14,555259,5eee654849aed8266c553822ca4260b7465ddeb116712799f69370710def1377,CLDMSK_L2_VIIRS_NOAA21.A2026055.2348.001.2026056073115.nc,2026-02-25T07:31:15.140Z,49303510,212220fcd77e0e8521b011898d3c63dd
A2026056.2148,2026-02-25T21:48Z,NOAA-21 VIIRS,VJ214IMG.A2026056.2148.002.2026057040527.nc,2026-02-26T04:05:27.000Z,2.0.14,655933,37ce11830d7815a8e96f34ee29e001f10d36e0be3cdd1ca8ddf1d9473bba659e,CLDMSK_L2_VIIRS_NOAA21.A2026056.2148.001.2026057073127.nc,2026-02-26T07:31:27.570Z,48888695,ad833ae06d69b94a1ddf8e837c566e64
A2026056.2154,2026-02-25T21:54Z,NOAA-21 VIIRS,VJ214IMG.A2026056.2154.002.2026057041832.nc,2026-02-26T04:18:32.000Z,2.0.14,520322,488f1f936ce8bf97d3db07d99adbf4c79fc56867bc9b73dd01885bdc2aca19d9,CLDMSK_L2_VIIRS_NOAA21.A2026056.2154.001.2026057073129.nc,2026-02-26T07:31:29.430Z,55878719,3c443d9b35ffb1f0d7ff158ced14f074
A2026056.2324,2026-02-25T23:24Z,NOAA-21 VIIRS,VJ214IMG.A2026056.2324.002.2026057041844.nc,2026-02-26T04:18:44.000Z,2.0.14,1016069,7f0e955edd2279abd9b82c6f3a3fc881cc96cbd004300c805c45dde1ad171907,CLDMSK_L2_VIIRS_NOAA21.A2026056.2324.001.2026057073129.nc,2026-02-26T07:31:29.170Z,60155505,a768f20cb159ca68b73b98a6013f923d
A2026056.2330,2026-02-25T23:30Z,NOAA-21 VIIRS,VJ214IMG.A2026056.2330.002.2026057041831.nc,2026-02-26T04:18:31.000Z,2.0.14,505104,c05a39063ce10840d1d2e1e9aa3ae6d7dbfd965b8cc8724d786eaaa057df88e7,CLDMSK_L2_VIIRS_NOAA21.A2026056.2330.001.2026057073130.nc,2026-02-26T07:31:30.050Z,46915468,eeb08f78e2cf68081f947988263ef9f6
A2026057.2124,2026-02-26T21:24Z,NOAA-21 VIIRS,VJ214IMG.A2026057.2124.002.2026058020329.nc,2026-02-27T02:03:29.000Z,2.0.14,740942,1c3d1efc9c65ea1047b8ba1ca86f1f94fcfe084cdd0dab02c5ddecf28eda05f3,CLDMSK_L2_VIIRS_NOAA21.A2026057.2124.001.2026058073221.nc,2026-02-27T07:32:21.430Z,61109528,944146d4e0b542b8a58accd78355a250
A2026057.2130,2026-02-26T21:30Z,NOAA-21 VIIRS,VJ214IMG.A2026057.2130.002.2026058020328.nc,2026-02-27T02:03:28.000Z,2.0.14,589665,211f716f1b0794157f1330002ac46eaacb065597d220ca549cea3e07161ea158,CLDMSK_L2_VIIRS_NOAA21.A2026057.2130.001.2026058073219.nc,2026-02-27T07:32:19.280Z,47621803,594841ec137acf22165fd3e9374500a3
A2026057.2306,2026-02-26T23:06Z,NOAA-21 VIIRS,VJ214IMG.A2026057.2306.002.2026058044130.nc,2026-02-27T04:41:30.000Z,2.0.14,1140230,4dc90886b6f3b8235b86e3206e7ca4e89a6692844b95291dd067b50d763bb034,CLDMSK_L2_VIIRS_NOAA21.A2026057.2306.001.2026058073219.nc,2026-02-27T07:32:19.060Z,58613740,06cba2a40885db701c6ddf4e6e2e63b6
A2026057.2312,2026-02-26T23:12Z,NOAA-21 VIIRS,VJ214IMG.A2026057.2312.002.2026058044133.nc,2026-02-27T04:41:33.000Z,2.0.14,529487,1db40908d5abd919fe0d2af7fa5f54c2e32220165f78dedc7c6af7db88892dae,CLDMSK_L2_VIIRS_NOAA21.A2026057.2312.001.2026058073219.nc,2026-02-27T07:32:19.980Z,49148162,7757e3446810614951a457113f8dee3e
A2026058.2106,2026-02-27T21:06Z,NOAA-21 VIIRS,VJ214IMG.A2026058.2106.002.2026059024903.nc,2026-02-28T02:49:03.000Z,2.0.14,736747,11b9eb16aed2ebe6d0ccc7f571052de13099a4b2549f241366a1f2c0aeea52c7,CLDMSK_L2_VIIRS_NOAA21.A2026058.2106.001.2026059074302.nc,2026-02-28T07:43:02.330Z,58752430,3c7aaac42c4e462c7c11625185707ddc
A2026058.2112,2026-02-27T21:12Z,NOAA-21 VIIRS,VJ214IMG.A2026058.2112.002.2026059024904.nc,2026-02-28T02:49:04.000Z,2.0.14,486707,73c712bc06600dfb9e70c325440c20c7d69642737893e41b4c0dac967f9e6d30,CLDMSK_L2_VIIRS_NOAA21.A2026058.2112.001.2026059074300.nc,2026-02-28T07:43:00.630Z,49591673,7e8ce66d77a3a7af3c57bebd7bb27349
A2026058.2248,2026-02-27T22:48Z,NOAA-21 VIIRS,VJ214IMG.A2026058.2248.002.2026059042002.nc,2026-02-28T04:20:02.000Z,2.0.14,1037264,d6764ff72386398f1c90420c5567aa93493486a8c544ce0b97ca06ba3bac0481,CLDMSK_L2_VIIRS_NOAA21.A2026058.2248.001.2026059074257.nc,2026-02-28T07:42:57.750Z,58132930,056f618a21c6d71adad5812c4e3a0ac4
A2026058.2254,2026-02-27T22:54Z,NOAA-21 VIIRS,VJ214IMG.A2026058.2254.002.2026059042000.nc,2026-02-28T04:20:00.000Z,2.0.14,610887,795c55d3eaed3466e20711f44ccf50c34016769142b1142d1c6aa9b02c47e403,CLDMSK_L2_VIIRS_NOAA21.A2026058.2254.001.2026059074257.nc,2026-02-28T07:42:57.700Z,51359318,31c3dddf728413878c4b4f91cd247fa4
A2026059.2048,2026-02-28T20:48Z,NOAA-21 VIIRS,VJ214IMG.A2026059.2048.002.2026060023734.nc,2026-03-01T02:37:34.000Z,2.0.14,865117,f6b2eb1fd1a6da84043ab7046ce06f695332bb3604ffa188db61a7089bab0145,CLDMSK_L2_VIIRS_NOAA21.A2026059.2048.001.2026060073322.nc,2026-03-01T07:33:22.380Z,56468082,037f5e4a8d3f5a118ce2bdeb064033bf
A2026059.2054,2026-02-28T20:54Z,NOAA-21 VIIRS,VJ214IMG.A2026059.2054.002.2026060023734.nc,2026-03-01T02:37:34.000Z,2.0.14,468273,562d376d8c26fa4307737d22d1f10088c0ee8a55c4837b05a8078ba0d736e73f,CLDMSK_L2_VIIRS_NOAA21.A2026059.2054.001.2026060073331.nc,2026-03-01T07:33:31.440Z,51908928,e2bad73486704c7a8db62bc94bf4598c
A2026059.2230,2026-02-28T22:30Z,NOAA-21 VIIRS,VJ214IMG.A2026059.2230.002.2026060042005.nc,2026-03-01T04:20:05.000Z,2.0.14,1335007,8bad2bea9739785e5c5a6a657890d607f93c7d2c3082cd26db80146deadfce2e,CLDMSK_L2_VIIRS_NOAA21.A2026059.2230.001.2026060073331.nc,2026-03-01T07:33:31.150Z,59255379,3eab4640e0ad1ab15664281439ed2301
A2026059.2236,2026-02-28T22:36Z,NOAA-21 VIIRS,VJ214IMG.A2026059.2236.002.2026060042005.nc,2026-03-01T04:20:05.000Z,2.0.14,673336,600e13071e5f1bb2e93a7268c3d644b8cfe1bc4ccb9d034f7965573058cdce17,CLDMSK_L2_VIIRS_NOAA21.A2026059.2236.001.2026060073329.nc,2026-03-01T07:33:29.740Z,53897571,a5a08465190911b7b7dda11e39995af6
A2026060.2212,2026-03-01T22:12Z,NOAA-21 VIIRS,VJ214IMG.A2026060.2212.002.2026061044835.nc,2026-03-02T04:48:35.000Z,2.0.14,1315298,fa332b359bda8737204c1901b8f655c2846dfee3ff79fc110f3e20bc7038d60d,CLDMSK_L2_VIIRS_NOAA21.A2026060.2212.001.2026061073418.nc,2026-03-02T07:34:18.120Z,57205425,75d756007a0a2766936a67c0a6cae981
A2026060.2218,2026-03-01T22:18Z,NOAA-21 VIIRS,VJ214IMG.A2026060.2218.002.2026061044833.nc,2026-03-02T04:48:33.000Z,2.0.14,804273,4ab5bcb567c20ed4b81307ceb2e9ea55e7c05981a6143c06ede74d27ee648035,CLDMSK_L2_VIIRS_NOAA21.A2026060.2218.001.2026061073417.nc,2026-03-02T07:34:17.780Z,55930448,c7e698cd3cf3d8abc3c9a5161e69fc7f
A2026060.2348,2026-03-01T23:48Z,NOAA-21 VIIRS,VJ214IMG.A2026060.2348.002.2026061061616.nc,2026-03-02T06:16:16.000Z,2.0.14,1253844,89838a9a27e49aebe4786ba62f561a6580dd37eb4ae0cfc0c17c9e3e25faca23,CLDMSK_L2_VIIRS_NOAA21.A2026060.2348.001.2026061073404.nc,2026-03-02T07:34:04.390Z,61219661,e1f04a75438c38d42cd607c8dab8e2e9
A2026060.2354,2026-03-01T23:54Z,NOAA-21 VIIRS,VJ214IMG.A2026060.2354.002.2026061063143.nc,2026-03-02T06:31:43.000Z,2.0.14,897346,60d3716c12591a619ae22318e227a60985c6042523c6554893c23132421f1af9,CLDMSK_L2_VIIRS_NOAA21.A2026060.2354.001.2026061073403.nc,2026-03-02T07:34:03.660Z,55243542,7846258850243196c830a27e0212c4a7
A2026061.2154,2026-03-02T21:54Z,NOAA-21 VIIRS,VJ214IMG.A2026061.2154.002.2026062042336.nc,2026-03-03T04:23:36.000Z,2.0.14,1093773,d4cc187aa5ecfcadc6a87e2b8fb413aaacbcf5ec6a1ca09ecd7895e4dffb7904,CLDMSK_L2_VIIRS_NOAA21.A2026061.2154.001.2026062073502.nc,2026-03-03T07:35:02.310Z,54101133,4c83b07b632fce3b4b6583f22dcad543
A2026061.2200,2026-03-02T22:00Z,NOAA-21 VIIRS,VJ214IMG.A2026061.2200.002.2026062042335.nc,2026-03-03T04:23:35.000Z,2.0.14,888096,2824396571003b9a422e598ae0348178a0f0492dcd79ad5f1d2bf2951a1b0179,CLDMSK_L2_VIIRS_NOAA21.A2026061.2200.001.2026062073505.nc,2026-03-03T07:35:05.640Z,57969219,5abd78a69b415e0d44a36f48963dbd60
A2026061.2330,2026-03-02T23:30Z,NOAA-21 VIIRS,VJ214IMG.A2026061.2330.002.2026062042334.nc,2026-03-03T04:23:34.000Z,2.0.14,1176602,51ff32e947e6df9e4a60c3312f4b5ab34a8416429727b4dce4e86cfdd315c5a1,CLDMSK_L2_VIIRS_NOAA21.A2026061.2330.001.2026062073525.nc,2026-03-03T07:35:25.190Z,58422663,2f100fed080c4503289c0320cb4dff94
A2026061.2336,2026-03-02T23:36Z,NOAA-21 VIIRS,VJ214IMG.A2026061.2336.002.2026062042338.nc,2026-03-03T04:23:38.000Z,2.0.14,749277,dc04d31c3fc50220eab17c7360833531a2196223b4a3b922c8714e43ca15f059,CLDMSK_L2_VIIRS_NOAA21.A2026061.2336.001.2026062073523.nc,2026-03-03T07:35:23.740Z,52085100,b405c59b1bd54a8df7c1a9a24daf7b67
A2026062.2130,2026-03-03T21:30Z,NOAA-21 VIIRS,VJ214IMG.A2026062.2130.002.2026063021444.nc,2026-03-04T02:14:44.000Z,2.0.14,676006,8b0515526a70a9c5817ba4f3762c076ee9c7fdabe31be138a591adb85dfdf4c9,CLDMSK_L2_VIIRS_NOAA21.A2026062.2130.001.2026063073610.nc,2026-03-04T07:36:10.830Z,56232655,8a3359c87a0a4d85dbad3b860b5c796c
A2026062.2136,2026-03-03T21:36Z,NOAA-21 VIIRS,VJ214IMG.A2026062.2136.002.2026063021449.nc,2026-03-04T02:14:49.000Z,2.0.14,771400,82e853a4f64c4ea0cd40b8a16531d883907097954a15fecfb3e240e4a592adf7,CLDMSK_L2_VIIRS_NOAA21.A2026062.2136.001.2026063073612.nc,2026-03-04T07:36:12.880Z,51431998,3d85a09db49559dcf4066f747393ce58
A2026062.2312,2026-03-03T23:12Z,NOAA-21 VIIRS,VJ214IMG.A2026062.2312.002.2026063040445.nc,2026-03-04T04:04:45.000Z,2.0.14,1218381,4ce68ef6f47bdf9fe871f5620ae43755396880bcfc01c0d0983853df8eb52934,CLDMSK_L2_VIIRS_NOAA21.A2026062.2312.001.2026063073603.nc,2026-03-04T07:36:03.300Z,60255392,72d015b31887a47a629f50252ebd425b
A2026062.2318,2026-03-03T23:18Z,NOAA-21 VIIRS,VJ214IMG.A2026062.2318.002.2026063040444.nc,2026-03-04T04:04:44.000Z,2.0.14,746281,8ff9a3a08a42eab4c384d967cc24d7c4a31d6a5046e63bd09b25d6488b5d9850,CLDMSK_L2_VIIRS_NOAA21.A2026062.2318.001.2026063073611.nc,2026-03-04T07:36:11.530Z,51714243,ef3cd7a9416ec978dbd5df7ac0e56e76
A2026063.2112,2026-03-04T21:12Z,NOAA-21 VIIRS,VJ214IMG.A2026063.2112.002.2026064025449.nc,2026-03-05T02:54:49.000Z,2.0.14,846720,79e6fdecacbe62720e11d535bc4061bdb9ae659c74360c030b1ab9a4c95a50c2,CLDMSK_L2_VIIRS_NOAA21.A2026063.2112.001.2026064122634.nc,2026-03-05T12:26:34.810Z,56748686,bfe4ebdee1cdef9852bbfe912ae089e3
A2026063.2118,2026-03-04T21:18Z,NOAA-21 VIIRS,VJ214IMG.A2026063.2118.002.2026064025447.nc,2026-03-05T02:54:47.000Z,2.0.14,562019,8d3e1d69eae516e78cdd3c86ff4315033783cbed9b61cd748bbf5213d36a5b4b,CLDMSK_L2_VIIRS_NOAA21.A2026063.2118.001.2026064122636.nc,2026-03-05T12:26:36.960Z,48422546,4a8a64d2264849677dc81fae54fd8ede
A2026063.2254,2026-03-04T22:54Z,NOAA-21 VIIRS,VJ214IMG.A2026063.2254.002.2026064043217.nc,2026-03-05T04:32:17.000Z,2.0.14,1340891,f07ee14f4f4f0ec9fe5198a9857b18a9f95c8a1f7d3206feb25661e89f4b81d6,CLDMSK_L2_VIIRS_NOAA21.A2026063.2254.001.2026064122623.nc,2026-03-05T12:26:23.820Z,59581791,65717639baac98c0454d3a58fa847a1a
A2026063.2300,2026-03-04T23:00Z,NOAA-21 VIIRS,VJ214IMG.A2026063.2300.002.2026064043217.nc,2026-03-05T04:32:17.000Z,2.0.14,713085,7c7ebfe92c8b54b36dfdd17fb8204d86ae2aac34a84df6176c9da541a4a71d5a,CLDMSK_L2_VIIRS_NOAA21.A2026063.2300.001.2026064122624.nc,2026-03-05T12:26:24.900Z,50506330,225dd523691eea27a315604d919acacf
A2026064.2054,2026-03-05T20:54Z,NOAA-21 VIIRS,VJ214IMG.A2026064.2054.002.2026065023041.nc,2026-03-06T02:30:41.000Z,2.0.14,947300,ddfcdc33dc9c0cd61b2074a82b24277a8879e278f99310a5acccc32007ade66e,CLDMSK_L2_VIIRS_NOAA21.A2026064.2054.001.2026065071702.nc,2026-03-06T07:17:02.920Z,56635988,44dc575d85866c067772de8b8421ac30
A2026064.2100,2026-03-05T21:00Z,NOAA-21 VIIRS,VJ214IMG.A2026064.2100.002.2026065023043.nc,2026-03-06T02:30:43.000Z,2.0.14,547029,c212f8d75e76cbb7b69030a3cb42ec15b5ba2e4d28439ae9e16e13cc837b96a8,CLDMSK_L2_VIIRS_NOAA21.A2026064.2100.001.2026065071711.nc,2026-03-06T07:17:11.570Z,48106362,07693f25b4be6d6ddab01819aebfae41
A2026064.2236,2026-03-05T22:36Z,NOAA-21 VIIRS,VJ214IMG.A2026064.2236.002.2026065040819.nc,2026-03-06T04:08:19.000Z,2.0.14,1186539,ac90ea61428f131c7c231397f78e772eca01eac220c733457bf00322a2f9e83a,CLDMSK_L2_VIIRS_NOAA21.A2026064.2236.001.2026065071658.nc,2026-03-06T07:16:58.620Z,57029676,28353a18075326613928dd6399c1d0d1
A2026064.2242,2026-03-05T22:42Z,NOAA-21 VIIRS,VJ214IMG.A2026064.2242.002.2026065040819.nc,2026-03-06T04:08:19.000Z,2.0.14,826822,46548d6572de0864aacfbc03e491a943176f44a6596fa1ecf82939aa8c7291cc,CLDMSK_L2_VIIRS_NOAA21.A2026064.2242.001.2026065071657.nc,2026-03-06T07:16:57.770Z,54297457,e0875354b04d59909e3cb111f047ed85
A2026065.2042,2026-03-06T20:42Z,NOAA-21 VIIRS,VJ214IMG.A2026065.2042.002.2026066022117.nc,2026-03-07T02:21:17.000Z,2.0.14,528130,24d94408941b187550f444c4e81b89a7a148162ac7687ae4a261c60941f5cf63,CLDMSK_L2_VIIRS_NOAA21.A2026065.2042.001.2026066072757.nc,2026-03-07T07:27:57.170Z,50901907,ca759591f6fd947cdfa5cf1466fcc262
A2026065.2218,2026-03-06T22:18Z,NOAA-21 VIIRS,VJ214IMG.A2026065.2218.002.2026066044611.nc,2026-03-07T04:46:11.000Z,2.0.14,977828,dcaf76902f86f8b6b0d3ae12dbd3d08a007e9247b8305f62e6ce3adf310d8570,CLDMSK_L2_VIIRS_NOAA21.A2026065.2218.001.2026066072833.nc,2026-03-07T07:28:33.770Z,54060348,e6b2c0806f18a94d3e3b413c88ad897c
A2026065.2224,2026-03-06T22:24Z,NOAA-21 VIIRS,VJ214IMG.A2026065.2224.002.2026066044610.nc,2026-03-07T04:46:10.000Z,2.0.14,738766,81a720eaeae09b1135626f942d7a4cf89c3e35adb8cc11f84ed846bcd1eb931c,CLDMSK_L2_VIIRS_NOAA21.A2026065.2224.001.2026066072818.nc,2026-03-07T07:28:18.470Z,56114491,f2cdf5b069ca3096ec3c14fa062c3ccb
A2026066.0000,2026-03-07T00:00Z,NOAA-21 VIIRS,VJ214IMG.A2026066.0000.002.2026066063858.nc,2026-03-07T06:38:58.000Z,2.0.14,820983,a127b907cde0767cd1c60ab1e92eb21c6fc59b07670914b04aebacaed5c7d795,CLDMSK_L2_VIIRS_NOAA21.A2026066.0000.001.2026066125811.nc,2026-03-07T12:58:11.020Z,52741507,6cb707a480283a25d0a10634d4bd1d1f
A2026066.2200,2026-03-07T22:00Z,NOAA-21 VIIRS,VJ214IMG.A2026066.2200.002.2026067042640.nc,2026-03-08T04:26:40.000Z,2.0.14,1128289,ad3935c85e0469376bad6f857f121f1cd14b202df6d2ca58f7b7d08ed182ee13,CLDMSK_L2_VIIRS_NOAA21.A2026066.2200.001.2026067072854.nc,2026-03-08T07:28:54.210Z,55356405,7d13ed9664fe4181841ad62e9225c77a
A2026066.2206,2026-03-07T22:06Z,NOAA-21 VIIRS,VJ214IMG.A2026066.2206.002.2026067042641.nc,2026-03-08T04:26:41.000Z,2.0.14,467374,280100148bd9df65480aeb363a07f5cc676b85e40a352566fa3244180877bbdb,CLDMSK_L2_VIIRS_NOAA21.A2026066.2206.001.2026067072855.nc,2026-03-08T07:28:55.360Z,56516864,f56369cb0ed11c903aed3ef610ab8741
A2026066.2336,2026-03-07T23:36Z,NOAA-21 VIIRS,VJ214IMG.A2026066.2336.002.2026067042638.nc,2026-03-08T04:26:38.000Z,2.0.14,1607338,5c4a2d3f78329d982496ddea7cfad681f1917aa2cfcfe676b3769789f2bcf3c2,CLDMSK_L2_VIIRS_NOAA21.A2026066.2336.001.2026067072910.nc,2026-03-08T07:29:10.200Z,60687687,fe9259c4f6e5d324646346c29e7481f6
A2026066.2342,2026-03-07T23:42Z,NOAA-21 VIIRS,VJ214IMG.A2026066.2342.002.2026067042638.nc,2026-03-08T04:26:38.000Z,2.0.14,717896,263131c6c23047685213fcc992e4d43af4a391d13079522f139e44b95b1f8373,CLDMSK_L2_VIIRS_NOAA21.A2026066.2342.001.2026067072908.nc,2026-03-08T07:29:08.400Z,49867824,6747a83836d90f7dfa00bed860fde499
A2026067.2142,2026-03-08T21:42Z,NOAA-21 VIIRS,VJ214IMG.A2026067.2142.002.2026068021922.nc,2026-03-09T02:19:22.000Z,2.0.14,1080420,8912600e31e619d839b5dbbe832d86add118599373ca70b490ae0e49538e07b5,CLDMSK_L2_VIIRS_NOAA21.A2026067.2142.001.2026068072933.nc,2026-03-09T07:29:33.640Z,53626915,7aecb6930f93d9249eff4f51fab79add
A2026067.2148,2026-03-08T21:48Z,NOAA-21 VIIRS,VJ214IMG.A2026067.2148.002.2026068040349.nc,2026-03-09T04:03:49.000Z,2.0.14,467429,a85b3304307aa23ca1407e61048a98b19a7f535cccb50cb17def0dee4667bb32,CLDMSK_L2_VIIRS_NOAA21.A2026067.2148.001.2026068072934.nc,2026-03-09T07:29:34.840Z,55751026,d7f13e493756bd2ec2251da68afa1189
A2026067.2318,2026-03-08T23:18Z,NOAA-21 VIIRS,VJ214IMG.A2026067.2318.002.2026068041844.nc,2026-03-09T04:18:44.000Z,2.0.14,1273981,92100ae75f54dfc332c458443c564c1cad1f18a0028bd109ca17ae4dc2527cae,CLDMSK_L2_VIIRS_NOAA21.A2026067.2318.001.2026068072920.nc,2026-03-09T07:29:20.930Z,60578802,fc5a0ea6cc0ee2cb18bc5c8a01d76a2f
A2026067.2324,2026-03-08T23:24Z,NOAA-21 VIIRS,VJ214IMG.A2026067.2324.002.2026068041851.nc,2026-03-09T04:18:51.000Z,2.0.14,557125,84c5d941e14c3c44120ce539abb9558f7e4c0e7f9b9e2666d066cc3412b06986,CLDMSK_L2_VIIRS_NOAA21.A2026067.2324.001.2026068072920.nc,2026-03-09T07:29:20.660Z,49274155,fd7ab5f2a4e0171d1a3358e1933a2774
A2026068.2118,2026-03-09T21:18Z,NOAA-21 VIIRS,VJ214IMG.A2026068.2118.002.2026069022115.nc,2026-03-10T02:21:15.000Z,2.0.14,1030526,411adb2d580a003cd2b30e5d4d86e7f34907b3f9fa982f93b91d9f07e1057c66,CLDMSK_L2_VIIRS_NOAA21.A2026068.2118.001.2026069072004.nc,2026-03-10T07:20:04.490Z,62050067,c72d6f08f3c9c910157ac69c6b4cc45f
A2026068.2124,2026-03-09T21:24Z,NOAA-21 VIIRS,VJ214IMG.A2026068.2124.002.2026069022117.nc,2026-03-10T02:21:17.000Z,2.0.14,832147,82c8b268de39a3345018335c5ecca109ec3217819ed583ba65678ed243bfdf92,CLDMSK_L2_VIIRS_NOAA21.A2026068.2124.001.2026069072010.nc,2026-03-10T07:20:10.350Z,49899032,83dc500d5672b79437fad91eefeaf3da
A2026068.2300,2026-03-09T23:00Z,NOAA-21 VIIRS,VJ214IMG.A2026068.2300.002.2026069045029.nc,2026-03-10T04:50:29.000Z,2.0.14,1078492,19c5d8816139a698458f74c9e609b08931240ed19b6c64dd20f2631bf9ee06c1,CLDMSK_L2_VIIRS_NOAA21.A2026068.2300.001.2026069072008.nc,2026-03-10T07:20:08.370Z,60864047,67a6dd76a5e7871c36139fc3a3476b4f
A2026068.2306,2026-03-09T23:06Z,NOAA-21 VIIRS,VJ214IMG.A2026068.2306.002.2026069045028.nc,2026-03-10T04:50:28.000Z,2.0.14,621876,e4eda5c5d9e6742f87e6dcf20cc18234ab58bc85863c103bb2e7413eec04a64a,CLDMSK_L2_VIIRS_NOAA21.A2026068.2306.001.2026069072003.nc,2026-03-10T07:20:03.620Z,49900951,911d4d5548ba7e43761d535a581963dc
A2026069.2100,2026-03-10T21:00Z,NOAA-21 VIIRS,VJ214IMG.A2026069.2100.002.2026070025158.nc,2026-03-11T02:51:58.000Z,2.0.14,1035845,49f2a0da4590b788ce47631a4650177e0dceee6381cf8587ee52b7c8c55b3a98,CLDMSK_L2_VIIRS_NOAA21.A2026069.2100.001.2026070072058.nc,2026-03-11T07:20:58.160Z,59930839,72d9873c58569e88a89e91040bff82ab
A2026069.2106,2026-03-10T21:06Z,NOAA-21 VIIRS,VJ214IMG.A2026069.2106.002.2026070025200.nc,2026-03-11T02:52:00.000Z,2.0.14,583506,cef78609fef6294acc6fd6ead8ac75f6f68fe2334ae850c7c1d2ca20448fb0a8,CLDMSK_L2_VIIRS_NOAA21.A2026069.2106.001.2026070072058.nc,2026-03-11T07:20:58.440Z,49374834,7c23f8ac7d9842d39ec7d933195448af
A2026069.2242,2026-03-10T22:42Z,NOAA-21 VIIRS,VJ214IMG.A2026069.2242.002.2026070043703.nc,2026-03-11T04:37:03.000Z,2.0.14,1153319,bd0a0aece1c42ff7df3b8605efc2319799317cffdb30f8296e8b8c60a520d0a6,CLDMSK_L2_VIIRS_NOAA21.A2026069.2242.001.2026070072056.nc,2026-03-11T07:20:56.910Z,58656556,3c54768eb1b5c8eb50bd9dc3cb4856dc
A2026069.2248,2026-03-10T22:48Z,NOAA-21 VIIRS,VJ214IMG.A2026069.2248.002.2026070043705.nc,2026-03-11T04:37:05.000Z,2.0.14,755490,b946279c80ee13b1ee45ca74c8f2ed56d686ecfb27eb36e50a98ae8581685bac,CLDMSK_L2_VIIRS_NOAA21.A2026069.2248.001.2026070072100.nc,2026-03-11T07:21:00.540Z,53696635,453c933bd67ca55ab364b61bcd450632
A2026070.2042,2026-03-11T20:42Z,NOAA-21 VIIRS,VJ214IMG.A2026070.2042.002.2026075181354.nc,2026-03-16T18:13:54.000Z,2.0.14,1068465,4ddbd490c7173273c406fd52b4aec8247d88b29c8b6aa8f03b8202c655b9a56c,CLDMSK_L2_VIIRS_NOAA21.A2026070.2042.001.2026072014235.nc,2026-03-13T01:42:35.510Z,58278251,5775a7a91aeed61e461d3d62c3a8a496
A2026070.2048,2026-03-11T20:48Z,NOAA-21 VIIRS,VJ214IMG.A2026070.2048.002.2026075181401.nc,2026-03-16T18:14:01.000Z,2.0.14,608991,8554bffa29e649fd37eeade8c9ef08299388b33552818ee223dcd8b623334567,CLDMSK_L2_VIIRS_NOAA21.A2026070.2048.001.2026072014235.nc,2026-03-13T01:42:35.890Z,51155204,8f8fe6686bd778044c3c0fb90892cea6
A2026070.2224,2026-03-11T22:24Z,NOAA-21 VIIRS,VJ214IMG.A2026070.2224.002.2026075181352.nc,2026-03-16T18:13:52.000Z,2.0.14,1346561,87006dd7b3a887feec8c25cf4b829d35f0ede1e43620a7a02238c72cbee70f4e,CLDMSK_L2_VIIRS_NOAA21.A2026070.2224.001.2026072182246.nc,2026-03-13T18:22:46.360Z,58030570,5a653613288b265d361834a8830a8499
A2026070.2230,2026-03-11T22:30Z,NOAA-21 VIIRS,VJ214IMG.A2026070.2230.002.2026075181345.nc,2026-03-16T18:13:45.000Z,2.0.14,711571,46e31e5135fb400e7a15525cd45d5b683a62d551aeffeccbbce0f6491c27fdcb,CLDMSK_L2_VIIRS_NOAA21.A2026070.2230.001.2026072182237.nc,2026-03-13T18:22:37.070Z,54788499,49a920faac687df706123801264310b9
A2026071.0006,2026-03-12T00:06Z,NOAA-21 VIIRS,VJ214IMG.A2026071.0006.002.2026075183954.nc,2026-03-16T18:39:54.000Z,2.0.14,1186004,82512fb1cec7d8a5d71570099117687075c68d87f03ad6313a1a29b4619aa569,CLDMSK_L2_VIIRS_NOAA21.A2026071.0006.001.2026072183229.nc,2026-03-13T18:32:29.190Z,58144495,b989202fb0b906ca450db4c2cfce04c6
A2026071.2206,2026-03-12T22:06Z,NOAA-21 VIIRS,VJ214IMG.A2026071.2206.002.2026075184044.nc,2026-03-16T18:40:44.000Z,2.0.14,1297988,c25affb65dd2d8e437177db72d4ef2c44d6ae162800a9705e7df89348599ac28,CLDMSK_L2_VIIRS_NOAA21.A2026071.2206.001.2026072073400.nc,2026-03-13T07:34:00.920Z,56215327,b0e205092f93f7b22de641dc38cb8f05
A2026071.2212,2026-03-12T22:12Z,NOAA-21 VIIRS,VJ214IMG.A2026071.2212.002.2026075184008.nc,2026-03-16T18:40:08.000Z,2.0.14,531742,3810642245f4f1f9f1e9322e8209c3ab15faddab0456837ad6884cad196c9316,CLDMSK_L2_VIIRS_NOAA21.A2026071.2212.001.2026072073451.nc,2026-03-13T07:34:51.670Z,57554206,20e8ac061412100f309a7af9a3983185
A2026071.2342,2026-03-12T23:42Z,NOAA-21 VIIRS,VJ214IMG.A2026071.2342.002.2026075184010.nc,2026-03-16T18:40:10.000Z,2.0.14,1418975,b48937ac14aa55f197bbf9a47849f4411c65d9a9db537453b7c6262fdfcce430,CLDMSK_L2_VIIRS_NOAA21.A2026071.2342.001.2026072073213.nc,2026-03-13T07:32:13.090Z,57921381,c5a17b7789505b30176dfb97173f78e8
A2026071.2348,2026-03-12T23:48Z,NOAA-21 VIIRS,VJ214IMG.A2026071.2348.002.2026075184110.nc,2026-03-16T18:41:10.000Z,2.0.14,1030871,50eb3ed38983164ee021101fd6d5f6642e780de4571b2e58d55d88f4e4fce153,CLDMSK_L2_VIIRS_NOAA21.A2026071.2348.001.2026072073218.nc,2026-03-13T07:32:18.440Z,52990613,a45511af3672e5c42b94cbc4f2cdd251
A2026072.2148,2026-03-13T21:48Z,NOAA-21 VIIRS,VJ214IMG.A2026072.2148.002.2026075190904.nc,2026-03-16T19:09:04.000Z,2.0.14,938516,34ad126889e7c426a2d722ec0e12e38da6b555168117397ae9018d3502db38e1,CLDMSK_L2_VIIRS_NOAA21.A2026072.2148.001.2026073073250.nc,2026-03-14T07:32:50.320Z,51974189,8bda466e1b2b22e3cd55307ad5b108ed
A2026072.2154,2026-03-13T21:54Z,NOAA-21 VIIRS,VJ214IMG.A2026072.2154.002.2026075190908.nc,2026-03-16T19:09:08.000Z,2.0.14,450976,63151f8f55a02a99ca411c68d5445a83a6d0e8e47ef79fb9e1f62462c50475b0,CLDMSK_L2_VIIRS_NOAA21.A2026072.2154.001.2026073073255.nc,2026-03-14T07:32:55.300Z,57755555,699849d0a9fdccd3e8f3f1b0000ffb9b
A2026072.2324,2026-03-13T23:24Z,NOAA-21 VIIRS,VJ214IMG.A2026072.2324.002.2026075190922.nc,2026-03-16T19:09:22.000Z,2.0.14,1480916,c6dc571520e4c56e2b7cac4498ec4d8525243450fda9afa0a29eb989feacccda,CLDMSK_L2_VIIRS_NOAA21.A2026072.2324.001.2026073073256.nc,2026-03-14T07:32:56.970Z,57476823,8d7fe2b49b8612f6793acf29330999c7
A2026072.2330,2026-03-13T23:30Z,NOAA-21 VIIRS,VJ214IMG.A2026072.2330.002.2026075190920.nc,2026-03-16T19:09:20.000Z,2.0.14,955648,9ffcd4236047ad63359f50be476049810d9f4cdae67b397764f0f16e5b6ddbd4,CLDMSK_L2_VIIRS_NOAA21.A2026072.2330.001.2026073073252.nc,2026-03-14T07:32:52.820Z,50738835,0b254d87b2a88c8186ea7d7026906328
A2026073.2124,2026-03-14T21:24Z,NOAA-21 VIIRS,VJ214IMG.A2026073.2124.002.2026075193143.nc,2026-03-16T19:31:43.000Z,2.0.14,1332026,50a9dfbbdd192ea7d4e5fe56bcd3f2deda232e5b2801956e2614385b722d9589,CLDMSK_L2_VIIRS_NOAA21.A2026073.2124.001.2026074072353.nc,2026-03-15T07:23:53.510Z,57196075,12045808daffa4f213d69ae451c35c5d
A2026073.2130,2026-03-14T21:30Z,NOAA-21 VIIRS,VJ214IMG.A2026073.2130.002.2026075193145.nc,2026-03-16T19:31:45.000Z,2.0.14,768832,c1bca4d75c765118a4ff1907f91533ee4a08747fa8c77a44591bbee27f1a9cd3,CLDMSK_L2_VIIRS_NOAA21.A2026073.2130.001.2026074072400.nc,2026-03-15T07:24:00.780Z,48991642,57b3981efc20372ef56a012b4d7ca0f9
A2026073.2306,2026-03-14T23:06Z,NOAA-21 VIIRS,VJ214IMG.A2026073.2306.002.2026075193146.nc,2026-03-16T19:31:46.000Z,2.0.14,1544684,64243cc1359dbe3686f59b59f7dfd8cf66181830aaec7e8901c0300689330d6b,CLDMSK_L2_VIIRS_NOAA21.A2026073.2306.001.2026074072345.nc,2026-03-15T07:23:45.810Z,56122747,305bba60afb1f11e132af0b04cee2a72
A2026073.2312,2026-03-14T23:12Z,NOAA-21 VIIRS,VJ214IMG.A2026073.2312.002.2026075193143.nc,2026-03-16T19:31:43.000Z,2.0.14,967742,ab8d15692a3f2afe8ea027202fd773324b6d16e2ea7ab6d0e010d9ce67037e1e,CLDMSK_L2_VIIRS_NOAA21.A2026073.2312.001.2026074072348.nc,2026-03-15T07:23:48.810Z,50764812,9b6b15d0dae3f5f0f17cd7be7bb526e6
A2026074.2106,2026-03-15T21:06Z,NOAA-21 VIIRS,VJ214IMG.A2026074.2106.002.2026075200405.nc,2026-03-16T20:04:05.000Z,2.0.14,1238334,238a1d312fee176dee33d038628ca5bb368fbea11ba156e8a907d25f9b8c16f3,CLDMSK_L2_VIIRS_NOAA21.A2026074.2106.001.2026075072537.nc,2026-03-16T07:25:37.700Z,54669019,9b9ddffe5460c27400c3cbe8be22db01
A2026074.2112,2026-03-15T21:12Z,NOAA-21 VIIRS,VJ214IMG.A2026074.2112.002.2026075200414.nc,2026-03-16T20:04:14.000Z,2.0.14,593531,3db701f388e127a2a63b8df95b7b75c2928c474234da6d9d1e92e9e2de1981ff,CLDMSK_L2_VIIRS_NOAA21.A2026074.2112.001.2026075072537.nc,2026-03-16T07:25:37.610Z,49227041,712e6df5a483d2163417bf37fb56e939
A2026074.2248,2026-03-15T22:48Z,NOAA-21 VIIRS,VJ214IMG.A2026074.2248.002.2026075200424.nc,2026-03-16T20:04:24.000Z,2.0.14,1141004,b88d87c4c7a8f74fceb24cd8f63650d5235b791df2f66a5bf289b4e54969d99b,CLDMSK_L2_VIIRS_NOAA21.A2026074.2248.001.2026075072423.nc,2026-03-16T07:24:23.750Z,55713459,f249110e0c10660f1c154965d012483b
A2026074.2254,2026-03-15T22:54Z,NOAA-21 VIIRS,VJ214IMG.A2026074.2254.002.2026075200424.nc,2026-03-16T20:04:24.000Z,2.0.14,872939,00820a50f9b0e107855ee2cc55977c4c043bf6d9a7d6429aeb044cad802c130a,CLDMSK_L2_VIIRS_NOAA21.A2026074.2254.001.2026075072430.nc,2026-03-16T07:24:30.390Z,51618220,50bd47e70f986286c6e0b614d09ae2b9
A2026075.2048,2026-03-16T20:48Z,NOAA-21 VIIRS,VJ214IMG.A2026075.2048.002.2026076032449.nc,2026-03-17T03:24:49.000Z,2.0.14,1112427,90992db289142db15b78161e8e28e6862bf7a12af688cccaa6044c2ccb1e1886,CLDMSK_L2_VIIRS_NOAA21.A2026075.2048.001.2026076073522.nc,2026-03-17T07:35:22.430Z,54726058,6c1a0f1147a6d180f10c1fa7364706c3
A2026075.2054,2026-03-16T20:54Z,NOAA-21 VIIRS,VJ214IMG.A2026075.2054.002.2026076032449.nc,2026-03-17T03:24:49.000Z,2.0.14,710948,c3bb6e2b73a40f6a6339b7c40de9011e283bdcc4be222a0b33be99e2ca045213,CLDMSK_L2_VIIRS_NOAA21.A2026075.2054.001.2026076073516.nc,2026-03-17T07:35:16.560Z,51094112,28e2c87fceb5d2f2bd808f48bb08de7f
A2026075.2230,2026-03-16T22:30Z,NOAA-21 VIIRS,VJ214IMG.A2026075.2230.002.2026076042735.nc,2026-03-17T04:27:35.000Z,2.0.14,1205475,9c90c5074cdf7c84c41cf21ff13b6fc86ba42f3bb18d5e894671778bdf39da5b,CLDMSK_L2_VIIRS_NOAA21.A2026075.2230.001.2026076073522.nc,2026-03-17T07:35:22.360Z,55111474,749e90d4dff973c4a811849030e6c4dc
A2026075.2236,2026-03-16T22:36Z,NOAA-21 VIIRS,VJ214IMG.A2026075.2236.002.2026076042959.nc,2026-03-17T04:29:59.000Z,2.0.14,958717,2ac818d91a643f2c3e117a37cbadf82b300008b1b43f629c133c681a17d1258e,CLDMSK_L2_VIIRS_NOAA21.A2026075.2236.001.2026076073514.nc,2026-03-17T07:35:14.820Z,53683857,bd4c6eec22b8237e3ab092b83d8b04de
A2026076.2212,2026-03-17T22:12Z,NOAA-21 VIIRS,VJ214IMG.A2026076.2212.002.2026077050650.nc,2026-03-18T05:06:50.000Z,2.0.14,1280182,4a4a69e4449d25aca4df06ac83130a2109f270150d357136bc10b820a22dc264,CLDMSK_L2_VIIRS_NOAA21.A2026076.2212.001.2026077073608.nc,2026-03-18T07:36:08.950Z,55759754,45a5cf5082722a2650fe5ffacd2a6edd
A2026076.2218,2026-03-17T22:18Z,NOAA-21 VIIRS,VJ214IMG.A2026076.2218.002.2026077050723.nc,2026-03-18T05:07:23.000Z,2.0.14,725909,2747952cae6c70469a687d0a58c009a0cc0f912d63fbd74ccb74025f4c5eabaf,CLDMSK_L2_VIIRS_NOAA21.A2026076.2218.001.2026077073559.nc,2026-03-18T07:35:59.780Z,54340806,5f804bacfe02ba202a67d3fc4adbbcaf
A2026076.2348,2026-03-17T23:48Z,NOAA-21 VIIRS,VJ214IMG.A2026076.2348.002.2026077063649.nc,2026-03-18T06:36:49.000Z,2.0.14,1609099,c58fe27a3c947aaa74f2e3e11a357c12a5ad501a343a29c5561fa364cd2e7672,CLDMSK_L2_VIIRS_NOAA21.A2026076.2348.001.2026077073609.nc,2026-03-18T07:36:09.180Z,57931187,50cddd12292f73f56a3f9c803ac86b01
A2026076.2354,2026-03-17T23:54Z,NOAA-21 VIIRS,VJ214IMG.A2026076.2354.002.2026077103156.nc,2026-03-18T10:31:56.000Z,2.0.14,1214635,b06776eec7f6c3ce2bc298a1bfd952ccba468c80921ddac1fcc03c0e74cd61eb,CLDMSK_L2_VIIRS_NOAA21.A2026076.2354.001.2026077073607.nc,2026-03-18T07:36:07.060Z,53497545,4049de724dc4c0472543608b50013aec
A2026077.2154,2026-03-18T21:54Z,NOAA-21 VIIRS,VJ214IMG.A2026077.2154.002.2026078083223.nc,2026-03-19T08:32:23.000Z,2.0.14,1127986,e5deda57fb4001ab778e28202a2bbc0f47963e0b23c596f8ed479606b526ab92,CLDMSK_L2_VIIRS_NOAA21.A2026077.2154.001.2026078073638.nc,2026-03-19T07:36:38.920Z,54916077,b356d693cf118307d4e46cffb8c5273a
A2026077.2200,2026-03-18T22:00Z,NOAA-21 VIIRS,VJ214IMG.A2026077.2200.002.2026078082528.nc,2026-03-19T08:25:28.000Z,2.0.14,612942,1bc79701cb42fad1c0229c34b60ee3b8f807069612996e4fb2d3fffd8f9fa127,CLDMSK_L2_VIIRS_NOAA21.A2026077.2200.001.2026078073635.nc,2026-03-19T07:36:35.250Z,55517575,d39724f57b4e48ccab075b6e3ea07f8e
A2026077.2330,2026-03-18T23:30Z,NOAA-21 VIIRS,VJ214IMG.A2026077.2330.002.2026078083040.nc,2026-03-19T08:30:40.000Z,2.0.14,1644813,d9341c2e0103cb0e75efad9ddc0286d24e8e49f2e4861558f4059fd8b5ca1a5c,CLDMSK_L2_VIIRS_NOAA21.A2026077.2330.001.2026078073642.nc,2026-03-19T07:36:42.570Z,58430051,78a553c813a2944ac8098651e1657e98
A2026077.2336,2026-03-18T23:36Z,NOAA-21 VIIRS,VJ214IMG.A2026077.2336.002.2026078082555.nc,2026-03-19T08:25:55.000Z,2.0.14,1117200,29f5274b6596bb55be3c64e98c1453074d08405f33b2c25f1008fe9f78f780a0,CLDMSK_L2_VIIRS_NOAA21.A2026077.2336.001.2026078073638.nc,2026-03-19T07:36:38.430Z,51858426,4fa4ab377fc758d7dcf7bc3b70a0967c
A2026078.2130,2026-03-19T21:30Z,NOAA-21 VIIRS,VJ214IMG.A2026078.2130.002.2026080232633.nc,2026-03-21T23:26:33.000Z,2.0.14,1478929,95ee3469dba2e74f23c2fc4ef6c65813644bdaf7ffe81b9d1c04f740b15c315a,CLDMSK_L2_VIIRS_NOAA21.A2026078.2130.001.2026079073740.nc,2026-03-20T07:37:40.430Z,54549184,1a968a1d89c8c2d5f5b421e67e04f7c3
A2026078.2136,2026-03-19T21:36Z,NOAA-21 VIIRS,VJ214IMG.A2026078.2136.002.2026080232633.nc,2026-03-21T23:26:33.000Z,2.0.14,852508,af561333703c0475211cdd9a0433e82049e6d287079c50c8e1f78ef44bea4b29,CLDMSK_L2_VIIRS_NOAA21.A2026078.2136.001.2026079073740.nc,2026-03-20T07:37:40.550Z,52941542,09b162ed67ed3e0a843980d3322b0c1b
A2026078.2312,2026-03-19T23:12Z,NOAA-21 VIIRS,VJ214IMG.A2026078.2312.002.2026081001750.nc,2026-03-22T00:17:50.000Z,2.0.14,1138723,efa9323f6d86106dc57d8397f8cdf84a65d625a766aafc695eba9aedcd7e21e9,CLDMSK_L2_VIIRS_NOAA21.A2026078.2312.001.2026079073759.nc,2026-03-20T07:37:59.740Z,53136851,ddbbcd7dab443e605c4bc5a540e7560c
A2026078.2318,2026-03-19T23:18Z,NOAA-21 VIIRS,VJ214IMG.A2026078.2318.002.2026081001750.nc,2026-03-22T00:17:50.000Z,2.0.14,932832,01c606d9a16de1f212f15f46de6b2591db20f72e28edf86800d0905d934f1909,CLDMSK_L2_VIIRS_NOAA21.A2026078.2318.001.2026079073756.nc,2026-03-20T07:37:56.780Z,52186470,39102773b5159252577aa8b9d0517d0f
A2026079.2112,2026-03-20T21:12Z,NOAA-21 VIIRS,VJ214IMG.A2026079.2112.002.2026082124606.nc,2026-03-23T12:46:06.000Z,2.0.14,1200171,af265a12ced0dc7c382d00b6e7a45dfa62fe1b77347f18dff99e1b9e93c09278,CLDMSK_L2_VIIRS_NOAA21.A2026079.2112.001.2026080073814.nc,2026-03-21T07:38:14.410Z,54373443,896e01023cf6bd4000fffa0ac97ea0b4
A2026079.2118,2026-03-20T21:18Z,NOAA-21 VIIRS,VJ214IMG.A2026079.2118.002.2026082124612.nc,2026-03-23T12:46:12.000Z,2.0.14,823398,f8dfecfa896aff41ab4c89e75388cd97cb6adbd3c2e902e1412ba464075d11e9,CLDMSK_L2_VIIRS_NOAA21.A2026079.2118.001.2026080073800.nc,2026-03-21T07:38:00.560Z,53755706,0f3d4e94dd143af8c71a52574f11e9d0
A2026079.2254,2026-03-20T22:54Z,NOAA-21 VIIRS,VJ214IMG.A2026079.2254.002.2026082124710.nc,2026-03-23T12:47:10.000Z,2.0.14,1224490,4e3f8f6f1a97d2635d1604739ecfd7485fcb81f7fd00b2c35d86de3d2652c5de,CLDMSK_L2_VIIRS_NOAA21.A2026079.2254.001.2026080073754.nc,2026-03-21T07:37:54.360Z,55249687,ed7a42e8d5ba48d9ef11eb89d0d7559c
A2026079.2300,2026-03-20T23:00Z,NOAA-21 VIIRS,VJ214IMG.A2026079.2300.002.2026082124705.nc,2026-03-23T12:47:05.000Z,2.0.14,1192567,f81002fdfda0ab4850471e51763bc96781ed8610a72942ce57985fdd9f6d7c0d,CLDMSK_L2_VIIRS_NOAA21.A2026079.2300.001.2026080073744.nc,2026-03-21T07:37:44.790Z,53377399,2a4e4dbfe6934f5462bcd0de14bb6147
A2026080.2054,2026-03-21T20:54Z,NOAA-21 VIIRS,VJ214IMG.A2026080.2054.002.2026083182725.nc,2026-03-24T18:27:25.000Z,2.0.14,1160698,c9f1fedb090eaf46601df4eaab4cf286196ce90c2e7ad0f121b3a3e3ebc72742,CLDMSK_L2_VIIRS_NOAA21.A2026080.2054.001.2026081073020.nc,2026-03-22T07:30:20.220Z,56583761,98a68279148e207fdd499c7b6f40680c
A2026080.2100,2026-03-21T21:00Z,NOAA-21 VIIRS,VJ214IMG.A2026080.2100.002.2026083182723.nc,2026-03-24T18:27:23.000Z,2.0.14,763059,7e64f9c02c9f9f8593e8a21fe3158fa7797f2189527ed5482c61685335610b31,CLDMSK_L2_VIIRS_NOAA21.A2026080.2100.001.2026081073119.nc,2026-03-22T07:31:19.540Z,54275221,3fe31ed09894bbe856044c3671bdec57
A2026080.2236,2026-03-21T22:36Z,NOAA-21 VIIRS,VJ214IMG.A2026080.2236.002.2026083182738.nc,2026-03-24T18:27:38.000Z,2.0.14,1219475,4633457b1cad3ce2f5729cbef76ca4e9ed53de011ef7d7404aec247688f0840d,CLDMSK_L2_VIIRS_NOAA21.A2026080.2236.001.2026081072934.nc,2026-03-22T07:29:34.820Z,55887251,d93ebc6228b61366234066618b5ca061
A2026080.2242,2026-03-21T22:42Z,NOAA-21 VIIRS,VJ214IMG.A2026080.2242.002.2026083182735.nc,2026-03-24T18:27:35.000Z,2.0.14,1217823,41daea71654be66b8d92dd351a9315f5d003cc129cc442509df0e09e1ae4a3c1,CLDMSK_L2_VIIRS_NOAA21.A2026080.2242.001.2026081072929.nc,2026-03-22T07:29:29.570Z,53189968,853c2fbc2b7caffbeb34aafa7fbb3119
A2026081.2042,2026-03-22T20:42Z,NOAA-21 VIIRS,VJ214IMG.A2026081.2042.002.2026084025040.nc,2026-03-25T02:50:40.000Z,2.0.14,677187,fe828e32e213b2f2d44ae43f02038bbc939cb49c8dbf7c925f7e428c8e633ee2,CLDMSK_L2_VIIRS_NOAA21.A2026081.2042.001.2026082071927.nc,2026-03-23T07:19:27.200Z,54410298,7bb8175cc8232d01b2161b0a0887e1e2
A2026081.2218,2026-03-22T22:18Z,NOAA-21 VIIRS,VJ214IMG.A2026081.2218.002.2026084025059.nc,2026-03-25T02:50:59.000Z,2.0.14,1138905,91ed272fc4d937a57d764b0434f4b7d67eb86b3d06c586d8cbc459fd389815a4,CLDMSK_L2_VIIRS_NOAA21.A2026081.2218.001.2026082071927.nc,2026-03-23T07:19:27.260Z,54003447,c72e192c2bfeb864112dda465a1d1df8
A2026081.2224,2026-03-22T22:24Z,NOAA-21 VIIRS,VJ214IMG.A2026081.2224.002.2026084025101.nc,2026-03-25T02:51:01.000Z,2.0.14,1368576,bda82e92e2cb865dea69ad8fd04a8aa066fca20e7ea03de0c709e22ad025b3e5,CLDMSK_L2_VIIRS_NOAA21.A2026081.2224.001.2026082071925.nc,2026-03-23T07:19:25.340Z,57203863,03059d11e6a4b54ce3109d7ba52972b1
A2026082.0000,2026-03-23T00:00Z,NOAA-21 VIIRS,VJ214IMG.A2026082.0000.002.2026084112349.nc,2026-03-25T11:23:49.000Z,2.0.14,1351855,ffd799edeeca0bf2a4bde92e9da8fb3443bd4144a4a4d8fce06e8c7ca9440e68,CLDMSK_L2_VIIRS_NOAA21.A2026082.0000.001.2026082132003.nc,2026-03-23T13:20:03.660Z,56578701,68734de5358f0416474f3ed37de91ce7
A2026082.2200,2026-03-23T22:00Z,NOAA-21 VIIRS,VJ214IMG.A2026082.2200.002.2026084112654.nc,2026-03-25T11:26:54.000Z,2.0.14,1444734,bad9f194dea7bd96adf15f4480b6b2758fcb153870e786f1db860f3d195d051c,CLDMSK_L2_VIIRS_NOAA21.A2026082.2200.001.2026083072953.nc,2026-03-24T07:29:53.730Z,54252929,3bfd8d3b981a01a5038e498095155a65
A2026082.2206,2026-03-23T22:06Z,NOAA-21 VIIRS,VJ214IMG.A2026082.2206.002.2026084112654.nc,2026-03-25T11:26:54.000Z,2.0.14,978681,719c8643908c2c8f8c03eb6b3d892ca90e6b960bf384a1493febaa94d47c13c2,CLDMSK_L2_VIIRS_NOAA21.A2026082.2206.001.2026083072953.nc,2026-03-24T07:29:53.170Z,58121382,a67d8425c275b4a3b6961222951d721e
A2026082.2336,2026-03-23T23:36Z,NOAA-21 VIIRS,VJ214IMG.A2026082.2336.002.2026084112707.nc,2026-03-25T11:27:07.000Z,2.0.14,1649019,8372c53cea70bbd28e4e524478a3f5cafbb7d2d15601cf2bc5469448560debba,CLDMSK_L2_VIIRS_NOAA21.A2026082.2336.001.2026083072959.nc,2026-03-24T07:29:59.520Z,56662419,26011a2ddf8898bd8f9c1ce01d998481
A2026082.2342,2026-03-23T23:42Z,NOAA-21 VIIRS,VJ214IMG.A2026082.2342.002.2026084112707.nc,2026-03-25T11:27:07.000Z,2.0.14,1129241,0c7af76f0d8f716b98fe5fbb50947ce0b059fa6a589eddef3a4151eb0efb035b,CLDMSK_L2_VIIRS_NOAA21.A2026082.2342.001.2026083072952.nc,2026-03-24T07:29:52.480Z,54682443,616de3a1ee0f40845146e25f610c9f52
A2026083.2136,2026-03-24T21:36Z,NOAA-21 VIIRS,VJ214IMG.A2026083.2136.002.2026085030757.nc,2026-03-26T03:07:57.000Z,2.0.14,1266274,91ecb764b3b476330d3269818d78744d5ff2cfc8d6ef882ba45c7f50f46acc53,CLDMSK_L2_VIIRS_NOAA21.A2026083.2136.001.2026084073046.nc,2026-03-25T07:30:46.700Z,54519372,7a3139050c892b11cb8f4c170c2190a5
A2026083.2142,2026-03-24T21:42Z,NOAA-21 VIIRS,VJ214IMG.A2026083.2142.002.2026085030758.nc,2026-03-26T03:07:58.000Z,2.0.14,1376374,13304ad170920b1bcbda037eb1095a88495023ceccf52863adcf57348a859f3b,CLDMSK_L2_VIIRS_NOAA21.A2026083.2142.001.2026084073044.nc,2026-03-25T07:30:44.480Z,53711392,cfbbdc536fba0858583d9335c3908f35
A2026083.2148,2026-03-24T21:48Z,NOAA-21 VIIRS,VJ214IMG.A2026083.2148.002.2026085030804.nc,2026-03-26T03:08:04.000Z,2.0.14,654293,470c91370dd0803b00b53ecf8384020bd09504e81847a9dca48962501a944528,CLDMSK_L2_VIIRS_NOAA21.A2026083.2148.001.2026084073047.nc,2026-03-25T07:30:47.930Z,58274894,edd4317733a9807025260ed2109ba488
A2026083.2318,2026-03-24T23:18Z,NOAA-21 VIIRS,VJ214IMG.A2026083.2318.002.2026085030825.nc,2026-03-26T03:08:25.000Z,2.0.14,1532024,788749f82d24c6b5fdfb3d84bf6441b54ac0e99dea794831b26a5195f986f8ed,CLDMSK_L2_VIIRS_NOAA21.A2026083.2318.001.2026084073046.nc,2026-03-25T07:30:46.410Z,57444351,543df3e848abfaebb8970c14bb00b9a4
A2026083.2324,2026-03-24T23:24Z,NOAA-21 VIIRS,VJ214IMG.A2026083.2324.002.2026085030827.nc,2026-03-26T03:08:27.000Z,2.0.14,1044116,b22c5722cb015cc23e3dc16f529cdbcd3d1a14266cd91aa170d7399350f0016e,CLDMSK_L2_VIIRS_NOAA21.A2026083.2324.001.2026084073036.nc,2026-03-25T07:30:36.620Z,53445498,1cd88f5a70e840e0dd961a199b142ab0
A2026084.2118,2026-03-25T21:18Z,NOAA-21 VIIRS,VJ214IMG.A2026084.2118.002.2026085091547.nc,2026-03-26T09:15:47.000Z,2.0.14,1230027,4131142711f3d73db3857489a8680589553db149dfd91d07b4f4eb0a00565d54,CLDMSK_L2_VIIRS_NOAA21.A2026084.2118.001.2026085072110.nc,2026-03-26T07:21:10.880Z,54487423,14f6e1014430cf77510f3a7e5dbde4a5
A2026084.2124,2026-03-25T21:24Z,NOAA-21 VIIRS,VJ214IMG.A2026084.2124.002.2026085091546.nc,2026-03-26T09:15:46.000Z,2.0.14,999872,dd8ff8af6773b697ec36620ede1907fbadad0b553fae680a6e26850dc1a20a20,CLDMSK_L2_VIIRS_NOAA21.A2026084.2124.001.2026085072109.nc,2026-03-26T07:21:09.350Z,53917201,1170a37d34ea5c81335cb7e5468c9508
A2026084.2300,2026-03-25T23:00Z,NOAA-21 VIIRS,VJ214IMG.A2026084.2300.002.2026085091549.nc,2026-03-26T09:15:49.000Z,2.0.14,1290133,07a1ebb2491ea900c11f0549d02cb66f6f2dbb1d12c11ea46954c6f53e91e151,CLDMSK_L2_VIIRS_NOAA21.A2026084.2300.001.2026085072112.nc,2026-03-26T07:21:12.740Z,54874078,dff5498b9da9a59444f112f5817d166b
A2026084.2306,2026-03-25T23:06Z,NOAA-21 VIIRS,VJ214IMG.A2026084.2306.002.2026085091551.nc,2026-03-26T09:15:51.000Z,2.0.14,1217784,6f464cf7c99ea8c96d7e759178eb23b87571ba8843c901e52f85689e6956699a,CLDMSK_L2_VIIRS_NOAA21.A2026084.2306.001.2026085072116.nc,2026-03-26T07:21:16.230Z,55007865,77017975c05339148baa9701dcbef024
A2026085.2100,2026-03-26T21:00Z,NOAA-21 VIIRS,VJ214IMG.A2026085.2100.002.2026086093416.nc,2026-03-27T09:34:16.000Z,2.0.14,1222759,2ab3c395c4e129128c19b49665c8ff8e25e7d02dbdf49ea016633d53a6f37a0d,CLDMSK_L2_VIIRS_NOAA21.A2026085.2100.001.2026086072155.nc,2026-03-27T07:21:55.520Z,53964227,76f13a7f959f9f2779d87f2b7166e3e6
A2026085.2106,2026-03-26T21:06Z,NOAA-21 VIIRS,VJ214IMG.A2026085.2106.002.2026086093444.nc,2026-03-27T09:34:44.000Z,2.0.14,1222706,4b8978ff9a4d156e58d9b03314ffd6ce284531b5b5fbedd972c2deaf96eaa95d,CLDMSK_L2_VIIRS_NOAA21.A2026085.2106.001.2026086072256.nc,2026-03-27T07:22:56.280Z,51890367,906fd24c1308ad9ca733a86a83627f00
A2026085.2242,2026-03-26T22:42Z,NOAA-21 VIIRS,VJ214IMG.A2026085.2242.002.2026086100828.nc,2026-03-27T10:08:28.000Z,2.0.14,1225382,aaeedfff3cbf9680d89d0f8710d30385978bbc6b272ca554b0d621e7cc064696,CLDMSK_L2_VIIRS_NOAA21.A2026085.2242.001.2026086072155.nc,2026-03-27T07:21:55.950Z,53877638,d9fe8a76b30282868930e20c293aeb94
A2026085.2248,2026-03-26T22:48Z,NOAA-21 VIIRS,VJ214IMG.A2026085.2248.002.2026086095613.nc,2026-03-27T09:56:13.000Z,2.0.14,1504271,13db32b92476230d96ec0892d3dc13255ddf965300293aede323bd22e3994c6d,CLDMSK_L2_VIIRS_NOAA21.A2026085.2248.001.2026086072159.nc,2026-03-27T07:21:59.650Z,55262732,bd10635ade1465d8e85bacabf6613e1d
A2026086.2042,2026-03-27T20:42Z,NOAA-21 VIIRS,VJ214IMG.A2026086.2042.002.2026092144657.nc,2026-04-02T14:46:57.000Z,2.0.14,1178360,bcb988be02288b2681a53af5969d1a2c7b68e165ea86263b7bd71897b4f53e57,CLDMSK_L2_VIIRS_NOAA21.A2026086.2042.001.2026087072248.nc,2026-03-28T07:22:48.950Z,53299002,6f0335af65846ab97bef99ffbad3656b
A2026086.2048,2026-03-27T20:48Z,NOAA-21 VIIRS,VJ214IMG.A2026086.2048.002.2026092144655.nc,2026-04-02T14:46:55.000Z,2.0.14,770624,8406c8e505e2f2926787ec8fbda7bc2f00645e99ae8542c5014c95d65b91dbeb,CLDMSK_L2_VIIRS_NOAA21.A2026086.2048.001.2026087072250.nc,2026-03-28T07:22:50.870Z,52658762,e8e8ffe24f1897ee49b124b29d53e7f1
A2026086.2224,2026-03-27T22:24Z,NOAA-21 VIIRS,VJ214IMG.A2026086.2224.002.2026092144646.nc,2026-04-02T14:46:46.000Z,2.0.14,1050610,9d8029df0f37e874e67862ce8a964f763f35d3a2387156923f1fedef3f04a325,CLDMSK_L2_VIIRS_NOAA21.A2026086.2224.001.2026087072250.nc,2026-03-28T07:22:50.460Z,52378502,68c1ca0537473b5bf05da3f76464fff5
A2026086.2230,2026-03-27T22:30Z,NOAA-21 VIIRS,VJ214IMG.A2026086.2230.002.2026092144648.nc,2026-04-02T14:46:48.000Z,2.0.14,939299,e845f734e35943e647f101037bc411e6a65b23f118f097824236bc8b0fac4164,CLDMSK_L2_VIIRS_NOAA21.A2026086.2230.001.2026087072254.nc,2026-03-28T07:22:54.610Z,55147710,094e802d5982f2b1955a929055497970
A2026087.0006,2026-03-28T00:06Z,NOAA-21 VIIRS,VJ214IMG.A2026087.0006.002.2026096124114.nc,2026-04-06T12:41:14.000Z,2.0.14,1152061,5a4a25cea02e2b71ddba9d91a7647b5a20e607b265fdf03134da35ddd3f1f9a6,CLDMSK_L2_VIIRS_NOAA21.A2026087.0006.001.2026087130305.nc,2026-03-28T13:03:05.350Z,55214869,7547365a69bb5c480acaecfac73fc607
A2026087.2206,2026-03-28T22:06Z,NOAA-21 VIIRS,VJ214IMG.A2026087.2206.002.2026096124117.nc,2026-04-06T12:41:17.000Z,2.0.14,1138807,1f048083599761f6db6c9f9175b5fcf5d2a9a926485565041de0c541a7d0d7ae,CLDMSK_L2_VIIRS_NOAA21.A2026087.2206.001.2026088072334.nc,2026-03-29T07:23:34.980Z,54702089,8c2e3a74d7932756b0cd5de17a826584
A2026087.2212,2026-03-28T22:12Z,NOAA-21 VIIRS,VJ214IMG.A2026087.2212.002.2026096124113.nc,2026-04-06T12:41:13.000Z,2.0.14,761465,6da37758f5df7d8a69793d50c990533537a74a4c2a4c5209ca108bc3ebebbb53,CLDMSK_L2_VIIRS_NOAA21.A2026087.2212.001.2026088072339.nc,2026-03-29T07:23:39.360Z,58160239,417a27bc151799b30c45ce721d5aaa64
A2026087.2342,2026-03-28T23:42Z,NOAA-21 VIIRS,VJ214IMG.A2026087.2342.002.2026096124114.nc,2026-04-06T12:41:14.000Z,2.0.14,1258657,a53ff9d882fdb2f71123e674c39af54c574415c44d0d1d33f3655744721ffa66,CLDMSK_L2_VIIRS_NOAA21.A2026087.2342.001.2026088072413.nc,2026-03-29T07:24:13.570Z,57204758,042a76e50f06285fbd9b24a56743fe01
A2026087.2348,2026-03-28T23:48Z,NOAA-21 VIIRS,VJ214IMG.A2026087.2348.002.2026096124114.nc,2026-04-06T12:41:14.000Z,2.0.14,1160082,c9317bdb1bd78938f5af974a40a7cf8ee815aa4d6b88915d34960b6e1bc616c6,CLDMSK_L2_VIIRS_NOAA21.A2026087.2348.001.2026088072338.nc,2026-03-29T07:23:38.890Z,55187857,9d4bd74aeb0207a3b903e67ec7e7495e
A2026088.2148,2026-03-29T21:48Z,NOAA-21 VIIRS,VJ214IMG.A2026088.2148.002.2026092131247.nc,2026-04-02T13:12:47.000Z,2.0.14,1034953,c9f52397d3811744b1844854df67de7b1005bb89303ba254409c0fb4051c575b,CLDMSK_L2_VIIRS_NOAA21.A2026088.2148.001.2026092111651.nc,2026-04-02T11:16:51.330Z,53090296,f5d5c38265f29f644fbdcd9db600c673
A2026088.2154,2026-03-29T21:54Z,NOAA-21 VIIRS,VJ214IMG.A2026088.2154.002.2026092131246.nc,2026-04-02T13:12:46.000Z,2.0.14,482624,702b7c460af054d591e81ee505cb35ce5aa4fea450faf9d55ad2d876362f312e,CLDMSK_L2_VIIRS_NOAA21.A2026088.2154.001.2026092111643.nc,2026-04-02T11:16:43.470Z,55879565,53335aa813cc9b7444f3419bbc7eb7cd
A2026088.2324,2026-03-29T23:24Z,NOAA-21 VIIRS,VJ214IMG.A2026088.2324.002.2026092132218.nc,2026-04-02T13:22:18.000Z,2.0.14,1235800,18b1dcb1cc38c34bbebcbc570f0034a91d46de20e3cd655799cc412fee1a1167,CLDMSK_L2_VIIRS_NOAA21.A2026088.2324.001.2026091174615.nc,2026-04-01T17:46:15.270Z,57577879,c154a97260a967cf8f81b8e03a1edf4f
A2026088.2330,2026-03-29T23:30Z,NOAA-21 VIIRS,VJ214IMG.A2026088.2330.002.2026092131246.nc,2026-04-02T13:12:46.000Z,2.0.14,1081929,78d1e7738533b45760145d7fcb2cb88963bb00988fc4e10612aab4f391784dcc,CLDMSK_L2_VIIRS_NOAA21.A2026088.2330.001.2026091174615.nc,2026-04-01T17:46:15.950Z,54604516,540ce2b32f105e810db9b4864c7f2119
A2026089.2124,2026-03-30T21:24Z,NOAA-21 VIIRS,VJ214IMG.A2026089.2124.002.2026093132411.nc,2026-04-03T13:24:11.000Z,2.0.14,1302346,e18be7f8943848409ed56c9ad2eda360f721fc8a8024873aac90a78e7db1bd83,CLDMSK_L2_VIIRS_NOAA21.A2026089.2124.001.2026090072501.nc,2026-03-31T07:25:01.110Z,56455521,389ef669a64b1a59b7f981f52bc6e1ff
A2026089.2130,2026-03-30T21:30Z,NOAA-21 VIIRS,VJ214IMG.A2026089.2130.002.2026093132415.nc,2026-04-03T13:24:15.000Z,2.0.14,922789,44e4e470e1c78461dbc305e9dc009d455ae3d80738c1c9bf320aa42d9c0c183b,CLDMSK_L2_VIIRS_NOAA21.A2026089.2130.001.2026090072501.nc,2026-03-31T07:25:01.670Z,54120584,6b611055a843e149377dde6b60b106ad
A2026089.2306,2026-03-30T23:06Z,NOAA-21 VIIRS,VJ214IMG.A2026089.2306.002.2026093132425.nc,2026-04-03T13:24:25.000Z,2.0.14,1369978,af1dd6ff0ebe63dcb4db2dd9aa2ba77a2a3f350fa6b92db051bea8121e83d52b,CLDMSK_L2_VIIRS_NOAA21.A2026089.2306.001.2026090072459.nc,2026-03-31T07:24:59.420Z,57017905,efa7b0205461813fc7bb6e601e04765e
A2026089.2312,2026-03-30T23:12Z,NOAA-21 VIIRS,VJ214IMG.A2026089.2312.002.2026093133350.nc,2026-04-03T13:33:50.000Z,2.0.14,749535,498b3c8ef78be5579aa1129db683968d65f5dd735fe1915d04962f0b27730b90,CLDMSK_L2_VIIRS_NOAA21.A2026089.2312.001.2026090072458.nc,2026-03-31T07:24:58.650Z,51230620,0c4e4515a96c3cf6fb195e1679303670
A2026090.2106,2026-03-31T21:06Z,NOAA-21 VIIRS,VJ214IMG.A2026090.2106.002.2026093140026.nc,2026-04-03T14:00:26.000Z,2.0.14,1281254,886706ae48417b90c524d44f0a2a36189a415fa7ff35a98133ddfe1b5ee26f6d,CLDMSK_L2_VIIRS_NOAA21.A2026090.2106.001.2026091072555.nc,2026-04-01T07:25:55.980Z,56793456,dcdc25c6c49a4acf16822198081831d2
A2026090.2112,2026-03-31T21:12Z,NOAA-21 VIIRS,VJ214IMG.A2026090.2112.002.2026093140028.nc,2026-04-03T14:00:28.000Z,2.0.14,1072651,2bbb1622a4358001eb70beb45057d615c7ad1f3763f8416b1a6c04de87921e1b,CLDMSK_L2_VIIRS_NOAA21.A2026090.2112.001.2026091072559.nc,2026-04-01T07:25:59.850Z,55247471,fd2ebb51d79dafbc7006e76a7512184e
A2026090.2248,2026-03-31T22:48Z,NOAA-21 VIIRS,VJ214IMG.A2026090.2248.002.2026093140042.nc,2026-04-03T14:00:42.000Z,2.0.14,1440895,2920d968487579e0f13ecaba946133fdd4febd9a3ef247d9e4b33f903297ca36,CLDMSK_L2_VIIRS_NOAA21.A2026090.2248.001.2026091072544.nc,2026-04-01T07:25:44.190Z,56402365,4ca11877a5e8b8bcaf15d6c4359731b5
A2026090.2254,2026-03-31T22:54Z,NOAA-21 VIIRS,VJ214IMG.A2026090.2254.002.2026093140114.nc,2026-04-03T14:01:14.000Z,2.0.14,668415,67b5d4f9d9b28e20d1e978bd0fc3b2742ebd46ebec9bd1e71e5111f894d1bd98,CLDMSK_L2_VIIRS_NOAA21.A2026090.2254.001.2026091072550.nc,2026-04-01T07:25:50.000Z,51728034,e3bc02712c029c0a5cc7e8ecc9055fbe
A2026091.2048,2026-04-01T20:48Z,NOAA-21 VIIRS,VJ214IMG.A2026091.2048.002.2026093142050.nc,2026-04-03T14:20:50.000Z,2.0.14,1215858,194dfc1e9581c5a85fafcba3194449209adf439996d5dca2556a8c90407a1bb8,CLDMSK_L2_VIIRS_NOAA21.A2026091.2048.001.2026092073642.nc,2026-04-02T07:36:42.890Z,55754828,1b7d8e66db178bea528f39e60d3b672a
A2026091.2054,2026-04-01T20:54Z,NOAA-21 VIIRS,VJ214IMG.A2026091.2054.002.2026093142048.nc,2026-04-03T14:20:48.000Z,2.0.14,887254,b8c0f36fb1f492f8ba0d4765bffc7fb84843c8df8e4866d2e2a80311f53398bf,CLDMSK_L2_VIIRS_NOAA21.A2026091.2054.001.2026092073654.nc,2026-04-02T07:36:54.620Z,54735504,d8f290a272a271724ca5559d5e8eca02
A2026091.2230,2026-04-01T22:30Z,NOAA-21 VIIRS,VJ214IMG.A2026091.2230.002.2026093142047.nc,2026-04-03T14:20:47.000Z,2.0.14,1023500,f2a6f3ac62e61aaa96227428386a05e494b31d1d89bce0ba621cbbd7c9bf6dc6,CLDMSK_L2_VIIRS_NOAA21.A2026091.2230.001.2026092073658.nc,2026-04-02T07:36:58.320Z,55002165,cbf34068b171fd4cc02aa927a8d53ccf
A2026091.2236,2026-04-01T22:36Z,NOAA-21 VIIRS,VJ214IMG.A2026091.2236.002.2026093142051.nc,2026-04-03T14:20:51.000Z,2.0.14,683476,bf4cf6c5852c089afc92bdee696360a86180ff97ac6795f7fa07578221343c0f,CLDMSK_L2_VIIRS_NOAA21.A2026091.2236.001.2026092073642.nc,2026-04-02T07:36:42.550Z,52456681,beff231deab8155f750cb444b70f0d51
A2026092.2212,2026-04-02T22:12Z,NOAA-21 VIIRS,VJ214IMG.A2026092.2212.002.2026093144648.nc,2026-04-03T14:46:48.000Z,2.0.14,1143655,d550a543966c7360b7000f18404d2a5ab959e0bd98b3e255de571ca585e06a7e,CLDMSK_L2_VIIRS_NOAA21.A2026092.2212.001.2026093073704.nc,2026-04-03T07:37:04.370Z,55737994,65556545ee9006d3deac78588b0b2473
A2026092.2218,2026-04-02T22:18Z,NOAA-21 VIIRS,VJ214IMG.A2026092.2218.002.2026093144643.nc,2026-04-03T14:46:43.000Z,2.0.14,556394,3d975ef7ad267c5728d75868aa5abb731552c2dbd26b18f7a54e24d4fa6c24fe,CLDMSK_L2_VIIRS_NOAA21.A2026092.2218.001.2026093073704.nc,2026-04-03T07:37:04.340Z,55333543,3f6d97d98d161927a403d892ba5af7d2
A2026092.2348,2026-04-02T23:48Z,NOAA-21 VIIRS,VJ214IMG.A2026092.2348.002.2026093144648.nc,2026-04-03T14:46:48.000Z,2.0.14,1516035,20993417f193452a7f232389065370ec18b35c737353356a48c2406cb24c9751,CLDMSK_L2_VIIRS_NOAA21.A2026092.2348.001.2026093073711.nc,2026-04-03T07:37:11.230Z,58735699,24a557acca5d8838d2212cecb54331bc
A2026092.2354,2026-04-02T23:54Z,NOAA-21 VIIRS,VJ214IMG.A2026092.2354.002.2026093144651.nc,2026-04-03T14:46:51.000Z,2.0.14,1191699,2885e67deeabee1c8bf8c17700e6d93a95a1e3ccdbefa48d7b53b13b2340a206,CLDMSK_L2_VIIRS_NOAA21.A2026092.2354.001.2026093073709.nc,2026-04-03T07:37:09.370Z,53765635,87078b597a064cd301b7ffb6c1635509
A2026093.2154,2026-04-03T21:54Z,NOAA-21 VIIRS,VJ214IMG.A2026093.2154.002.2026094042416.nc,2026-04-04T04:24:16.000Z,2.0.14,1036265,33da817e8b2499a375900810444addf675255a032841160767b4fe9291f3026a,CLDMSK_L2_VIIRS_NOAA21.A2026093.2154.001.2026094073805.nc,2026-04-04T07:38:05.290Z,53260844,b72230f9cd23412152b9914178f7c078
A2026093.2200,2026-04-03T22:00Z,NOAA-21 VIIRS,VJ214IMG.A2026093.2200.002.2026094042415.nc,2026-04-04T04:24:15.000Z,2.0.14,438900,00b5b545b84d855d2c4b7e4b7a45654ba9d33e0e71bb53f39788313a4e2dc7bc,CLDMSK_L2_VIIRS_NOAA21.A2026093.2200.001.2026094073801.nc,2026-04-04T07:38:01.580Z,56037874,e2161ddd0a52abfc1d8537bb76f04e56
A2026093.2330,2026-04-03T23:30Z,NOAA-21 VIIRS,VJ214IMG.A2026093.2330.002.2026094041818.nc,2026-04-04T04:18:18.000Z,2.0.14,1490114,4a6950b2c0772d0b34c7748bb0b40a345e9a1497510ef4c83c9f1e62fc1d5352,CLDMSK_L2_VIIRS_NOAA21.A2026093.2330.001.2026094073805.nc,2026-04-04T07:38:05.330Z,59137763,1eaaeb80a66a60825ad9bf66afd08431
A2026093.2336,2026-04-03T23:36Z,NOAA-21 VIIRS,VJ214IMG.A2026093.2336.002.2026094041814.nc,2026-04-04T04:18:14.000Z,2.0.14,1279933,90aa02cf6a2d0903beddaea65e2bb0124b76ab0b020301908c1b7152865f4da1,CLDMSK_L2_VIIRS_NOAA21.A2026093.2336.001.2026094073802.nc,2026-04-04T07:38:02.140Z,56358639,5816943d5c9b85b323da002808b4c0d4
A2026094.2130,2026-04-04T21:30Z,NOAA-21 VIIRS,VJ214IMG.A2026094.2130.002.2026095021518.nc,2026-04-05T02:15:18.000Z,2.0.14,1316902,f513c2bb66beb904e8d0f44bbdcf1cccf2feaee50a7daf18e68d26b7c6d52355,CLDMSK_L2_VIIRS_NOAA21.A2026094.2130.001.2026095072830.nc,2026-04-05T07:28:30.870Z,57630553,f61b06fd83710b2934ff502bde9fb80b
A2026094.2136,2026-04-04T21:36Z,NOAA-21 VIIRS,VJ214IMG.A2026094.2136.002.2026095021517.nc,2026-04-05T02:15:17.000Z,2.0.14,972150,fd61e80065bbfe2897b16906b400ee3b900fb3f81fda67e846632a63eb75e001,CLDMSK_L2_VIIRS_NOAA21.A2026094.2136.001.2026095072837.nc,2026-04-05T07:28:37.980Z,52812987,27abbd784171c15249864157da706da3
A2026094.2312,2026-04-04T23:12Z,NOAA-21 VIIRS,VJ214IMG.A2026094.2312.002.2026095040019.nc,2026-04-05T04:00:19.000Z,2.0.14,1455283,ce0d9a0ea2423cf6cc6fa2822de9ad1189b632e14a6f4c8a7d8c5ccc0a772fbc,CLDMSK_L2_VIIRS_NOAA21.A2026094.2312.001.2026095072841.nc,2026-04-05T07:28:41.510Z,57787953,2f8903dd727b9e0eceb00163f41748c2
A2026094.2318,2026-04-04T23:18Z,NOAA-21 VIIRS,VJ214IMG.A2026094.2318.002.2026095040020.nc,2026-04-05T04:00:20.000Z,2.0.14,1380261,872415e93fdf45608a5dd7425fa8cb2ea1dac5a1bbb9ab65d4a25c405ce4cd09,CLDMSK_L2_VIIRS_NOAA21.A2026094.2318.001.2026095072839.nc,2026-04-05T07:28:39.380Z,55479840,edc4feecdd5cb9635ad02ccd3c11e18d
A2026095.2112,2026-04-05T21:12Z,NOAA-21 VIIRS,VJ214IMG.A2026095.2112.002.2026096025320.nc,2026-04-06T02:53:20.000Z,2.0.14,1386067,fa77d9ea45a3cde872869310780b62dcc0c6252a1ed6228662646d8a919dd6af,CLDMSK_L2_VIIRS_NOAA21.A2026095.2112.001.2026096072934.nc,2026-04-06T07:29:34.470Z,58353423,dfb1e292093bc657eb74f04b30351567
A2026095.2118,2026-04-05T21:18Z,NOAA-21 VIIRS,VJ214IMG.A2026095.2118.002.2026096025323.nc,2026-04-06T02:53:23.000Z,2.0.14,747739,7358bb041ee6214337242f69354187b74192a2899baa6b440aeb380c05d19569,CLDMSK_L2_VIIRS_NOAA21.A2026095.2118.001.2026096072925.nc,2026-04-06T07:29:25.970Z,52624546,6dd28fc1efc3e359d9c1ade38faa7ae1
A2026095.2254,2026-04-05T22:54Z,NOAA-21 VIIRS,VJ214IMG.A2026095.2254.002.2026096043858.nc,2026-04-06T04:38:58.000Z,2.0.14,1129955,ce049004840d70b6f4dcda8a1a3aade9227ea086b183ab15183e3bc5bb1e551a,CLDMSK_L2_VIIRS_NOAA21.A2026095.2254.001.2026096072934.nc,2026-04-06T07:29:34.550Z,56144177,4bc862fe9e0cd888661eab540211667f
A2026095.2300,2026-04-05T23:00Z,NOAA-21 VIIRS,VJ214IMG.A2026095.2300.002.2026096043854.nc,2026-04-06T04:38:54.000Z,2.0.14,1243837,b3b1a063a9c1ba2ee33ea30245513b2fc82cd231518a18cb10e6845cd64bcf47,CLDMSK_L2_VIIRS_NOAA21.A2026095.2300.001.2026096072935.nc,2026-04-06T07:29:35.380Z,53920714,9f305824c64af8c57954650cf1d4c441
A2026096.2054,2026-04-06T20:54Z,NOAA-21 VIIRS,VJ214IMG.A2026096.2054.002.2026097023647.nc,2026-04-07T02:36:47.000Z,2.0.14,1129142,c3874e08649a84a7126e517302a0f10be38e46f747dda6acd100c57907bf93bf,CLDMSK_L2_VIIRS_NOAA21.A2026096.2054.001.2026097073011.nc,2026-04-07T07:30:11.650Z,56513912,54a633146e64215b795d289496c682d5
A2026096.2100,2026-04-06T21:00Z,NOAA-21 VIIRS,VJ214IMG.A2026096.2100.002.2026097023647.nc,2026-04-07T02:36:47.000Z,2.0.14,706090,6fafec5294c9d3605340f105b34abdc9215fa5b4e558660efe9d7b32ac4f7903,CLDMSK_L2_VIIRS_NOAA21.A2026096.2100.001.2026097073020.nc,2026-04-07T07:30:20.280Z,53739069,1b771c17a3101f9c664402cba74dd338
A2026096.2236,2026-04-06T22:36Z,NOAA-21 VIIRS,VJ214IMG.A2026096.2236.002.2026097041752.nc,2026-04-07T04:17:52.000Z,2.0.14,1121045,753fa5a3cb7ed8a735d759b47a758a91e5b6d069ea48e24c1beaf3ee61f4414f,CLDMSK_L2_VIIRS_NOAA21.A2026096.2236.001.2026097073007.nc,2026-04-07T07:30:07.590Z,54631709,0bbe4390983ebf834a176d9fa25a40ea
A2026096.2242,2026-04-06T22:42Z,NOAA-21 VIIRS,VJ214IMG.A2026096.2242.002.2026097041749.nc,2026-04-07T04:17:49.000Z,2.0.14,1041593,422f01ab44bd9a8458a725656fd24b08ed4b8cfdfbaa266eb5b2f806894071db,CLDMSK_L2_VIIRS_NOAA21.A2026096.2242.001.2026097073014.nc,2026-04-07T07:30:14.690Z,55232202,3df3d77b2e607d90898b8e58319ef3ee
A2026097.2042,2026-04-07T20:42Z,NOAA-21 VIIRS,VJ214IMG.A2026097.2042.002.2026098023406.nc,2026-04-08T02:34:06.000Z,2.0.14,742808,53c366f463558d4c22703a3bf6f1dc14cbf1f0a79bb6b41fd89dfa39de3e5fda,CLDMSK_L2_VIIRS_NOAA21.A2026097.2042.001.2026098072046.nc,2026-04-08T07:20:46.220Z,56081161,c4598428e54c5e2aa6984daf7c973c1d
A2026097.2218,2026-04-07T22:18Z,NOAA-21 VIIRS,VJ214IMG.A2026097.2218.002.2026098052508.nc,2026-04-08T05:25:08.000Z,2.0.14,1114697,b7187dd7ae07ad7288063aeac3a626de5469861e8933abac4e9885b0251236ce,CLDMSK_L2_VIIRS_NOAA21.A2026097.2218.001.2026098072049.nc,2026-04-08T07:20:49.720Z,54225843,9a671a6590c255b39c9b8466fb274ee3
A2026097.2224,2026-04-07T22:24Z,NOAA-21 VIIRS,VJ214IMG.A2026097.2224.002.2026098052511.nc,2026-04-08T05:25:11.000Z,2.0.14,917826,19cbb9ddb0e6b99314f827877906d457219bd5fbae9024bbb0179231fc045c17,CLDMSK_L2_VIIRS_NOAA21.A2026097.2224.001.2026098072049.nc,2026-04-08T07:20:49.640Z,56848237,a2416020bb620f13a1acd0fc1e6526e5
A2026098.0000,2026-04-08T00:00Z,NOAA-21 VIIRS,VJ214IMG.A2026098.0000.002.2026098065813.nc,2026-04-08T06:58:13.000Z,2.0.14,769913,0fbdb5a3b4ceac61bd2bd7ad7b44df723389b1b6acb0851d4cb4d712aed9b441,CLDMSK_L2_VIIRS_NOAA21.A2026098.0000.001.2026098130115.nc,2026-04-08T13:01:15.670Z,50207477,1109fe87b457962e7ecd46c69af736a3
A2026098.2200,2026-04-08T22:00Z,NOAA-21 VIIRS,VJ214IMG.A2026098.2200.002.2026099042304.nc,2026-04-09T04:23:04.000Z,2.0.14,1063767,b2a764e86f534dc820cb6eb792799045a4f62e8f2f453abbaf21f184bf3b9dec,CLDMSK_L2_VIIRS_NOAA21.A2026098.2200.001.2026099073142.nc,2026-04-09T07:31:42.340Z,54212273,b98d2c32f9d616691324869f1f28097f
A2026098.2206,2026-04-08T22:06Z,NOAA-21 VIIRS,VJ214IMG.A2026098.2206.002.2026099042309.nc,2026-04-09T04:23:09.000Z,2.0.14,633763,42442822258616eabda109c3feea692262ff7270b6d276da00cdaa16e18133b3,CLDMSK_L2_VIIRS_NOAA21.A2026098.2206.001.2026099073139.nc,2026-04-09T07:31:39.130Z,57357142,c3c92db9d577e16c2f78cadeba02615a
A2026098.2336,2026-04-08T23:36Z,NOAA-21 VIIRS,VJ214IMG.A2026098.2336.002.2026099042308.nc,2026-04-09T04:23:08.000Z,2.0.14,1300076,4df11a0da84f6ebbe203387d7f4c2804e9a8ca1bee84735d4e84f6630b51695e,CLDMSK_L2_VIIRS_NOAA21.A2026098.2336.001.2026099073143.nc,2026-04-09T07:31:43.930Z,59038764,26df91081e4ebf446c26ae032d942edd
A2026098.2342,2026-04-08T23:42Z,NOAA-21 VIIRS,VJ214IMG.A2026098.2342.002.2026099042306.nc,2026-04-09T04:23:06.000Z,2.0.14,619417,5d4bbab88478d1a10a972992188d60670df0f1dde5e81e322f09b563e1de4096,CLDMSK_L2_VIIRS_NOAA21.A2026098.2342.001.2026099073138.nc,2026-04-09T07:31:38.800Z,48903634,277af34b49b184eeff919f0c6b5e50cd
A2026099.2136,2026-04-09T21:36Z,NOAA-21 VIIRS,VJ214IMG.A2026099.2136.002.2026100021434.nc,2026-04-10T02:14:34.000Z,2.0.14,1117063,c76699d808aa46a5496014e1a642fedcc530a9521913a4cb3a3fa2308a0c5d70,CLDMSK_L2_VIIRS_NOAA21.A2026099.2136.001.2026100073204.nc,2026-04-10T07:32:04.810Z,57162243,ace1b3d8c1bb4ceb85e3ac0cf482ad61
A2026099.2142,2026-04-09T21:42Z,NOAA-21 VIIRS,VJ214IMG.A2026099.2142.002.2026100021433.nc,2026-04-10T02:14:33.000Z,2.0.14,1106258,6f46b0bd5f93923e8ba6101549576767f5861a667530ff7ffd75d385f0daa09e,CLDMSK_L2_VIIRS_NOAA21.A2026099.2142.001.2026100073216.nc,2026-04-10T07:32:16.910Z,54959480,3500990528a4a2357f2f433aed4804e0
A2026099.2148,2026-04-09T21:48Z,NOAA-21 VIIRS,VJ214IMG.A2026099.2148.002.2026100034709.nc,2026-04-10T03:47:09.000Z,2.0.14,451253,11bb625f2f6bb566dad504b95e28f075c4442a9c5c513a9fb7efc3c222abc868,CLDMSK_L2_VIIRS_NOAA21.A2026099.2148.001.2026100073214.nc,2026-04-10T07:32:14.150Z,56355577,1eacfd3a29ae598ed672b9c957ae3605
A2026099.2318,2026-04-09T23:18Z,NOAA-21 VIIRS,VJ214IMG.A2026099.2318.002.2026100040142.nc,2026-04-10T04:01:42.000Z,2.0.14,1370932,89c770a941248b0d6c6e0012dcc057e5f8fa5aea9286f430dc8d1047add2b286,CLDMSK_L2_VIIRS_NOAA21.A2026099.2318.001.2026100073207.nc,2026-04-10T07:32:07.470Z,60615143,a2d48cbd30b61442ef50ef35d494f23d
A2026099.2324,2026-04-09T23:24Z,NOAA-21 VIIRS,VJ214IMG.A2026099.2324.002.2026100040139.nc,2026-04-10T04:01:39.000Z,2.0.14,700569,86d2fd8bb56c3657bc0d0f02e9ec0cd764aba71e771d9d3eb59471f1b91f8c23,CLDMSK_L2_VIIRS_NOAA21.A2026099.2324.001.2026100073207.nc,2026-04-10T07:32:07.100Z,50212412,085c957ca2372b9298142e825e408fa9
A2026100.2118,2026-04-10T21:18Z,NOAA-21 VIIRS,VJ214IMG.A2026100.2118.002.2026101020644.nc,2026-04-11T02:06:44.000Z,2.0.14,1138167,41e91be8a376888cde13a064900bf1e6077e56d4840b3c9e56f8b821b09e5ae1,CLDMSK_L2_VIIRS_NOAA21.A2026100.2118.001.2026101072301.nc,2026-04-11T07:23:01.030Z,57813463,72fbba470b3d78a0589b13df7b0432cc
A2026100.2124,2026-04-10T21:24Z,NOAA-21 VIIRS,VJ214IMG.A2026100.2124.002.2026101021347.nc,2026-04-11T02:13:47.000Z,2.0.14,752313,2887e53423ebf83914bb011ef6c0145ca0d4c2541222e53e63effaa5670b18d2,CLDMSK_L2_VIIRS_NOAA21.A2026100.2124.001.2026101072255.nc,2026-04-11T07:22:55.490Z,50318304,4034bf1f95563bd090e763d35a6e1a7b
A2026100.2300,2026-04-10T23:00Z,NOAA-21 VIIRS,VJ214IMG.A2026100.2300.002.2026101044121.nc,2026-04-11T04:41:21.000Z,2.0.14,1317114,b91fe6ed4f629b01e4d171ff991a95e5c978c7ab7308838f235a35b718bd5ede,CLDMSK_L2_VIIRS_NOAA21.A2026100.2300.001.2026101072301.nc,2026-04-11T07:23:01.490Z,55969170,8350974872ffbbafc06c966794d2d153
A2026100.2306,2026-04-10T23:06Z,NOAA-21 VIIRS,VJ214IMG.A2026100.2306.002.2026101044121.nc,2026-04-11T04:41:21.000Z,2.0.14,827626,e19e33d64b4d3cb40b5f1acc256accffad69ffeb1f55106df65d2adc54befd82,CLDMSK_L2_VIIRS_NOAA21.A2026100.2306.001.2026101072305.nc,2026-04-11T07:23:05.960Z,51196938,8230d1eedf2ce7e318b347a8d82d5dad
A2026101.2100,2026-04-11T21:00Z,NOAA-21 VIIRS,VJ214IMG.A2026101.2100.002.2026102025245.nc,2026-04-12T02:52:45.000Z,2.0.14,1148180,7eebbaf3ba92ada3a0fccc4bdb52e93b6e4f16fe6b559a771ac6fc10de961b70,CLDMSK_L2_VIIRS_NOAA21.A2026101.2100.001.2026102072400.nc,2026-04-12T07:24:00.670Z,55018650,8fc87d4847246b94291de3eda4de8731
A2026101.2106,2026-04-11T21:06Z,NOAA-21 VIIRS,VJ214IMG.A2026101.2106.002.2026102025246.nc,2026-04-12T02:52:46.000Z,2.0.14,631600,f12cc683a3542cdb8556d8733caf231c81b00f6a267c7ffd8ff83c39cb2ca2ba,CLDMSK_L2_VIIRS_NOAA21.A2026101.2106.001.2026102072358.nc,2026-04-12T07:23:58.940Z,50715941,a751fc0c4cdc005a075aaa87382f6d70
A2026101.2242,2026-04-11T22:42Z,NOAA-21 VIIRS,VJ214IMG.A2026101.2242.002.2026102042439.nc,2026-04-12T04:24:39.000Z,2.0.14,993101,0a551dc2503182f1e8a19f670b0858c17e28ae50b42060871953741e2907ccfe,CLDMSK_L2_VIIRS_NOAA21.A2026101.2242.001.2026102072344.nc,2026-04-12T07:23:44.590Z,52525970,f1c5662e8e69178be76f8e5505cc23ae
A2026101.2248,2026-04-11T22:48Z,NOAA-21 VIIRS,VJ214IMG.A2026101.2248.002.2026102042441.nc,2026-04-12T04:24:41.000Z,2.0.14,858971,4270bc125cb8c431cdbd7a83b20973a8d82e58ba4ca8900f36b58490d5aaef4f,CLDMSK_L2_VIIRS_NOAA21.A2026101.2248.001.2026102072341.nc,2026-04-12T07:23:41.800Z,53792234,484b15043b95a5ae06228964cbaf8083
A2026102.2042,2026-04-12T20:42Z,NOAA-21 VIIRS,VJ214IMG.A2026102.2042.002.2026103022718.nc,2026-04-13T02:27:18.000Z,2.0.14,1167455,fcf4737f68acfeaf32ddc9bbcc70514ddb5a32b9ee56ba2ba0bcdf663c2722a1,CLDMSK_L2_VIIRS_NOAA21.A2026102.2042.001.2026103073441.nc,2026-04-13T07:34:41.230Z,53390131,546a48d70526d18b8ee1f6e81fbe6ce0
A2026102.2048,2026-04-12T20:48Z,NOAA-21 VIIRS,VJ214IMG.A2026102.2048.002.2026103022717.nc,2026-04-13T02:27:17.000Z,2.0.14,1114748,7b305f9f97e000dbc11180bec5d2b2370be9072947c16ba003805c426f8e4fb9,CLDMSK_L2_VIIRS_NOAA21.A2026102.2048.001.2026103073427.nc,2026-04-13T07:34:27.980Z,52658190,2690f758089eb70b2a715d745ba30f47
A2026102.2224,2026-04-12T22:24Z,NOAA-21 VIIRS,VJ214IMG.A2026102.2224.002.2026103040543.nc,2026-04-13T04:05:43.000Z,2.0.14,1148927,24daed95e955f48f5af141b07be36edb1b11d51e5541e57ec67c25bacf22a25b,CLDMSK_L2_VIIRS_NOAA21.A2026102.2224.001.2026103073435.nc,2026-04-13T07:34:35.400Z,53618048,d15bc820710d1b4dc6362a513e6b255d
A2026102.2230,2026-04-12T22:30Z,NOAA-21 VIIRS,VJ214IMG.A2026102.2230.002.2026103040542.nc,2026-04-13T04:05:42.000Z,2.0.14,839254,c471c41d4a28c5daf8e250a48f26eeca6f500f53b5c35a9c3ec0267a72819732,CLDMSK_L2_VIIRS_NOAA21.A2026102.2230.001.2026103073428.nc,2026-04-13T07:34:28.220Z,55716304,86a0e9a65d903bae32c0f6c102c2d645
A2026103.0006,2026-04-13T00:06Z,NOAA-21 VIIRS,VJ214IMG.A2026103.0006.002.2026103072722.nc,2026-04-13T07:27:22.000Z,2.0.14,1025191,941bd71b5f944336268144b05fbeaf739fc89588f2e2e11e239fcb9f363e27eb,CLDMSK_L2_VIIRS_NOAA21.A2026103.0006.001.2026103131504.nc,2026-04-13T13:15:04.230Z,52410177,84a33198fff6b064dc6e584de671bf7b
A2026103.2206,2026-04-13T22:06Z,NOAA-21 VIIRS,VJ214IMG.A2026103.2206.002.2026104043615.nc,2026-04-14T04:36:15.000Z,2.0.14,977238,bc8c221550cad6abd9f0d8b7f9103ee588ded39e4a67f4c2406970e3423aa6d1,CLDMSK_L2_VIIRS_NOAA21.A2026103.2206.001.2026104073528.nc,2026-04-14T07:35:28.900Z,52036328,fd962561269b099f678de196b7616355
A2026103.2212,2026-04-13T22:12Z,NOAA-21 VIIRS,VJ214IMG.A2026103.2212.002.2026104043618.nc,2026-04-14T04:36:18.000Z,2.0.14,727812,531e273c7c46f2cbbc84d72a79460d7dd7bfd1a4e24c5fcfed73f3125c870e41,CLDMSK_L2_VIIRS_NOAA21.A2026103.2212.001.2026104073525.nc,2026-04-14T07:35:25.160Z,57011075,57484aab5d7acfca1af55151c66be2b4
A2026103.2342,2026-04-13T23:42Z,NOAA-21 VIIRS,VJ214IMG.A2026103.2342.002.2026104044349.nc,2026-04-14T04:43:49.000Z,2.0.14,1348664,8cc527cc3e0827335a45f46c87b912190cda4732a9ee6cd2e8eded1fbb8353f0,CLDMSK_L2_VIIRS_NOAA21.A2026103.2342.001.2026104073520.nc,2026-04-14T07:35:20.700Z,59921057,493f6efcfb9860cbb25f727fc979c440
A2026103.2348,2026-04-13T23:48Z,NOAA-21 VIIRS,VJ214IMG.A2026103.2348.002.2026104061121.nc,2026-04-14T06:11:21.000Z,2.0.14,836941,0ad973e777cf8194522bb6790985fddcb066d80f24eb91de0edd7b23f06cab02,CLDMSK_L2_VIIRS_NOAA21.A2026103.2348.001.2026104073528.nc,2026-04-14T07:35:28.050Z,48150755,efe1b21359c8ed8455ae0a7002b3ad9d
A2026104.2142,2026-04-14T21:42Z,NOAA-21 VIIRS,VJ214IMG.A2026104.2142.002.2026105022716.nc,2026-04-15T02:27:16.000Z,2.0.14,1353921,691acb762d874d12fc9072a38a3c5a89dda9fa52718cdc8803f197c0793f7be7,CLDMSK_L2_VIIRS_NOAA21.A2026104.2142.001.2026105072603.nc,2026-04-15T07:26:03.840Z,59419311,5805c7bda13b1d8ba637f70a44824737
A2026104.2148,2026-04-14T21:48Z,NOAA-21 VIIRS,VJ214IMG.A2026104.2148.002.2026105040954.nc,2026-04-15T04:09:54.000Z,2.0.14,906696,c026a7bae21a6cb129f8700e1379a79269e234cc4a373569b56aa7bde37dd539,CLDMSK_L2_VIIRS_NOAA21.A2026104.2148.001.2026105072604.nc,2026-04-15T07:26:04.560Z,50695719,ec37c4d863c3ed828d83c1396dc98f1c
A2026104.2154,2026-04-14T21:54Z,NOAA-21 VIIRS,VJ214IMG.A2026104.2154.002.2026105042520.nc,2026-04-15T04:25:20.000Z,2.0.14,866669,e90d84a1c525cc1b9aa019b0c569d1c3aa36869d1050c5135c692f9d04aba850,CLDMSK_L2_VIIRS_NOAA21.A2026104.2154.001.2026105072603.nc,2026-04-15T07:26:03.720Z,57906456,863c907c546fec12631ff1ae5aa9ee58
A2026104.2324,2026-04-14T23:24Z,NOAA-21 VIIRS,VJ214IMG.A2026104.2324.002.2026105043250.nc,2026-04-15T04:32:50.000Z,2.0.14,1425476,7ec5067fafb21b3f6d4e72e00d21fdbf7bf8f843db0d5ceb7a66e379e1ecf448,CLDMSK_L2_VIIRS_NOAA21.A2026104.2324.001.2026105072606.nc,2026-04-15T07:26:06.310Z,56933159,a52a726619c411918ee4212e0ee45f84
A2026104.2330,2026-04-14T23:30Z,NOAA-21 VIIRS,VJ214IMG.A2026104.2330.002.2026105043248.nc,2026-04-15T04:32:48.000Z,2.0.14,1131839,9df495a7b94b6e0ee8e743e733e646b1053c3ba33b879148dc8b6aa275b3cf0d,CLDMSK_L2_VIIRS_NOAA21.A2026104.2330.001.2026105072607.nc,2026-04-15T07:26:07.450Z,51544063,681d0e9ece71f41ce57221c47ac34124
A2026105.2124,2026-04-15T21:24Z,NOAA-21 VIIRS,VJ214IMG.A2026105.2124.002.2026106173257.nc,2026-04-16T17:32:57.000Z,2.0.14,1251783,796c99969715407b042b4e5219ad22325de3565d1e44b82f97d439582eed3bd7,CLDMSK_L2_VIIRS_NOAA21.A2026105.2124.001.2026106073653.nc,2026-04-16T07:36:53.220Z,58100898,cfaaaf29caac7ae83a11c4aa3dca6ab4
A2026105.2130,2026-04-15T21:30Z,NOAA-21 VIIRS,VJ214IMG.A2026105.2130.002.2026106173926.nc,2026-04-16T17:39:26.000Z,2.0.14,811642,c3f8239a66b66fd96d04fd8e93c30104ccbc3b9508e1cf249b415f7a22a0dbb0,CLDMSK_L2_VIIRS_NOAA21.A2026105.2130.001.2026106073650.nc,2026-04-16T07:36:50.890Z,52267890,d73dbe45a8491aaab402412aa177aed3
A2026105.2306,2026-04-15T23:06Z,NOAA-21 VIIRS,VJ214IMG.A2026105.2306.002.2026106174536.nc,2026-04-16T17:45:36.000Z,2.0.14,1408767,681f33bf9a523a55c3518f091b312b30bb0c8ffce4ac5129606fb6aaf92cd3d7,CLDMSK_L2_VIIRS_NOAA21.A2026105.2306.001.2026106073643.nc,2026-04-16T07:36:43.060Z,58402236,f328061ef248d8af8868d5200d0066b7
A2026105.2312,2026-04-15T23:12Z,NOAA-21 VIIRS,VJ214IMG.A2026105.2312.002.2026106173931.nc,2026-04-16T17:39:31.000Z,2.0.14,942245,6fa5ee0ad2cc2ed48782836a6247c261224e4c61a801c1813394df9b200336cb,CLDMSK_L2_VIIRS_NOAA21.A2026105.2312.001.2026106073643.nc,2026-04-16T07:36:43.560Z,51895251,17b38a3ad7b9d08d8d3861a7ac34ce67
A2026106.2106,2026-04-16T21:06Z,NOAA-21 VIIRS,VJ214IMG.A2026106.2106.002.2026107030429.nc,2026-04-17T03:04:29.000Z,2.0.14,1373604,a27b67bf9df91c1e982861566723a175e952c43719f0f5b4e9682ea4b68d1e5f,CLDMSK_L2_VIIRS_NOAA21.A2026106.2106.001.2026107072735.nc,2026-04-17T07:27:35.870Z,57448200,41edddf87f2803221ba6069873fc3c49
A2026106.2112,2026-04-16T21:12Z,NOAA-21 VIIRS,VJ214IMG.A2026106.2112.002.2026107030426.nc,2026-04-17T03:04:26.000Z,2.0.14,1028427,f09f91fd977a1c1734edae9ebf14307c357f3e087021384f4be4eca439149c80,CLDMSK_L2_VIIRS_NOAA21.A2026106.2112.001.2026107072739.nc,2026-04-17T07:27:39.110Z,52883859,53a29b6791032775aea5f396e432d84e
A2026106.2248,2026-04-16T22:48Z,NOAA-21 VIIRS,VJ214IMG.A2026106.2248.002.2026107044835.nc,2026-04-17T04:48:35.000Z,2.0.14,1264545,3fa4cee92b537f10c7d042bb344646ec3a72e5bf003c0221c1a72349f150eede,CLDMSK_L2_VIIRS_NOAA21.A2026106.2248.001.2026107072739.nc,2026-04-17T07:27:39.030Z,56389052,963903440618d1d5e6596e9a2762cac8
A2026106.2254,2026-04-16T22:54Z,NOAA-21 VIIRS,VJ214IMG.A2026106.2254.002.2026107044832.nc,2026-04-17T04:48:32.000Z,2.0.14,857841,b5fbf92bed94bcdba71c465d1e66a8e8a2835ab609ce0669ffaa7c6c90ffbec5,CLDMSK_L2_VIIRS_NOAA21.A2026106.2254.001.2026107072735.nc,2026-04-17T07:27:35.990Z,52622823,96806781be8b716dfb9621fcc665959f
A2026107.2048,2026-04-17T20:48Z,NOAA-21 VIIRS,VJ214IMG.A2026107.2048.002.2026108022754.nc,2026-04-18T02:27:54.000Z,2.0.14,1154715,d50b1742bbb30910979628ca943d5cfd49e5512a66d53235eabb9cfde7fe32ec,CLDMSK_L2_VIIRS_NOAA21.A2026107.2048.001.2026108072807.nc,2026-04-18T07:28:07.470Z,54915026,713e7124b8078041f05c2115deb1ef4e
A2026107.2054,2026-04-17T20:54Z,NOAA-21 VIIRS,VJ214IMG.A2026107.2054.002.2026108023602.nc,2026-04-18T02:36:02.000Z,2.0.14,967370,7bd4e53a10fde53e0500fa8fddb1d2734351a4c6bedef78169988264df93af27,CLDMSK_L2_VIIRS_NOAA21.A2026107.2054.001.2026108072806.nc,2026-04-18T07:28:06.180Z,53869347,b67fe2a09ebfa34caf85ea668e90d7b3
A2026107.2230,2026-04-17T22:30Z,NOAA-21 VIIRS,VJ214IMG.A2026107.2230.002.2026108041423.nc,2026-04-18T04:14:23.000Z,2.0.14,1105450,77145a85c17a945258709ca65d09d5d7cae7ac80ce90bc8d218972eb1430f096,CLDMSK_L2_VIIRS_NOAA21.A2026107.2230.001.2026108072810.nc,2026-04-18T07:28:10.920Z,52438565,afa461d42a2c7b3f05345f56393873ec
A2026107.2236,2026-04-17T22:36Z,NOAA-21 VIIRS,VJ214IMG.A2026107.2236.002.2026108041421.nc,2026-04-18T04:14:21.000Z,2.0.14,891983,3881c224047f02087c7462ad83555a0990eed0982815dffb357196fad4bb55b2,CLDMSK_L2_VIIRS_NOAA21.A2026107.2236.001.2026108072810.nc,2026-04-18T07:28:10.400Z,52875667,4595597de7732b726cce49d1ecaa7960
A2026108.2212,2026-04-18T22:12Z,NOAA-21 VIIRS,VJ214IMG.A2026108.2212.002.2026109044936.nc,2026-04-19T04:49:36.000Z,2.0.14,887298,1e2117233177fd599d94404e03ce129300480e3128c3519c1f46de3b72a9e39f,CLDMSK_L2_VIIRS_NOAA21.A2026108.2212.001.2026109072955.nc,2026-04-19T07:29:55.170Z,52131666,02b61735774d75614f536a0ecaa938bb
A2026108.2218,2026-04-18T22:18Z,NOAA-21 VIIRS,VJ214IMG.A2026108.2218.002.2026109044934.nc,2026-04-19T04:49:34.000Z,2.0.14,693505,e1ec7ea95e1c4cafac78477ca340d4b32c8d70ba688ddd41f85a838d897731d8,CLDMSK_L2_VIIRS_NOAA21.A2026108.2218.001.2026109072856.nc,2026-04-19T07:28:56.830Z,53884734,2bac9072f9d9e079cf584dfbc9c55774
A2026108.2348,2026-04-18T23:48Z,NOAA-21 VIIRS,VJ214IMG.A2026108.2348.002.2026109061437.nc,2026-04-19T06:14:37.000Z,2.0.14,1251384,2c9abbe70767f52d6503091f3809c30d4dff69f970e975bf15e899d33415bae2,CLDMSK_L2_VIIRS_NOAA21.A2026108.2348.001.2026109072851.nc,2026-04-19T07:28:51.670Z,57066725,4a87cbff456d60a3a023922f9dc57496
A2026108.2354,2026-04-18T23:54Z,NOAA-21 VIIRS,VJ214IMG.A2026108.2354.002.2026109063830.nc,2026-04-19T06:38:30.000Z,2.0.14,800610,bcf693525c6affc071538ef7a14888a32dea3aeb1e981c57c52fbfec38ae0268,CLDMSK_L2_VIIRS_NOAA21.A2026108.2354.001.2026109072855.nc,2026-04-19T07:28:55.310Z,51187751,a5110059df9c6cba30cde9659bd26869
A2026109.2154,2026-04-19T21:54Z,NOAA-21 VIIRS,VJ214IMG.A2026109.2154.002.2026110043203.nc,2026-04-20T04:32:03.000Z,2.0.14,954138,e727d37c298fa65bbac0b832055b8df037e2fd0cb5ad12ac15adba02c5bf5969,CLDMSK_L2_VIIRS_NOAA21.A2026109.2154.001.2026110073014.nc,2026-04-20T07:30:14.020Z,51175807,a9468533d30ba11fbf23d0717f0ea3ea
A2026109.2200,2026-04-19T22:00Z,NOAA-21 VIIRS,VJ214IMG.A2026109.2200.002.2026110044550.nc,2026-04-20T04:45:50.000Z,2.0.14,659114,3712832f0534926481a109bf24084a168bdaf331e7bef146aeb5fe637f06f4f8,CLDMSK_L2_VIIRS_NOAA21.A2026109.2200.001.2026110072941.nc,2026-04-20T07:29:41.440Z,54579030,63808ef08e33f593e4be6c87b1a948d9
A2026109.2330,2026-04-19T23:30Z,NOAA-21 VIIRS,VJ214IMG.A2026109.2330.002.2026110043920.nc,2026-04-20T04:39:20.000Z,2.0.14,1246163,71f62eec7c9fc7d4db877a6ff0b80fd6c322aba22d2c57f09a6c8dfe86f5a670,CLDMSK_L2_VIIRS_NOAA21.A2026109.2330.001.2026110072941.nc,2026-04-20T07:29:41.050Z,58484195,95089406b0b7de6f705a5624b7efe845
A2026109.2336,2026-04-19T23:36Z,NOAA-21 VIIRS,VJ214IMG.A2026109.2336.002.2026110043200.nc,2026-04-20T04:32:00.000Z,2.0.14,836315,7f788f0e1a9c6daaa649e8e002ec105576ca5f0dff99cfb42312c5805986a2fa,CLDMSK_L2_VIIRS_NOAA21.A2026109.2336.001.2026110072939.nc,2026-04-20T07:29:39.060Z,50772884,94d4f13d7a8bbd86bc125dfce79add5a
A2026110.2130,2026-04-20T21:30Z,NOAA-21 VIIRS,VJ214IMG.A2026110.2130.002.2026111022300.nc,2026-04-21T02:23:00.000Z,2.0.14,1381922,dd1205506b5191cef5921eb794299b7f9366be68891f0063060c2df334635b22,CLDMSK_L2_VIIRS_NOAA21.A2026110.2130.001.2026111073011.nc,2026-04-21T07:30:11.320Z,55781278,1679173369cf287557d831f5392665c4
A2026110.2136,2026-04-20T21:36Z,NOAA-21 VIIRS,VJ214IMG.A2026110.2136.002.2026111022301.nc,2026-04-21T02:23:01.000Z,2.0.14,725599,5dabcd815c5c5bd57b0346c1a71e14be17edbcf2f192a31fe8442005f4fcf1a0,CLDMSK_L2_VIIRS_NOAA21.A2026110.2136.001.2026111073012.nc,2026-04-21T07:30:12.890Z,49004837,b6966115cac739f93937793dc36ccf54
A2026110.2312,2026-04-20T23:12Z,NOAA-21 VIIRS,VJ214IMG.A2026110.2312.002.2026111040957.nc,2026-04-21T04:09:57.000Z,2.0.14,1175463,fb6c7667e1e286c84668bee002f8c6a8838a179b4075bb0cfa0bb7715c7c0e84,CLDMSK_L2_VIIRS_NOAA21.A2026110.2312.001.2026111073012.nc,2026-04-21T07:30:12.070Z,59322264,8967d35a20919ea255c80e8f8c3b9631
A2026110.2318,2026-04-20T23:18Z,NOAA-21 VIIRS,VJ214IMG.A2026110.2318.002.2026111040955.nc,2026-04-21T04:09:55.000Z,2.0.14,707920,65a7cb379e29629088306801b072656b89498efef07aa42f9788014c5c75313a,CLDMSK_L2_VIIRS_NOAA21.A2026110.2318.001.2026111073007.nc,2026-04-21T07:30:07.170Z,50155251,85facf157b565fe1edc57542ed568d5c
A2026111.2112,2026-04-21T21:12Z,NOAA-21 VIIRS,VJ214IMG.A2026111.2112.002.2026112031002.nc,2026-04-22T03:10:02.000Z,2.0.14,1378448,fec5a64983eac46dbeda14f41bb5e2eb48d16c4137359cd4b364539eb2277c54,CLDMSK_L2_VIIRS_NOAA21.A2026111.2112.001.2026112073056.nc,2026-04-22T07:30:56.190Z,56551797,d0f993e07f1f9575d7d6db78b3f8baad
A2026111.2118,2026-04-21T21:18Z,NOAA-21 VIIRS,VJ214IMG.A2026111.2118.002.2026112030959.nc,2026-04-22T03:09:59.000Z,2.0.14,765402,6c39286fa538d05ec0e7a0383210f0f9439ea756b93335a3286892b2ca784fce,CLDMSK_L2_VIIRS_NOAA21.A2026111.2118.001.2026112073054.nc,2026-04-22T07:30:54.280Z,51191693,71ddba909e7ba4d8eae530514445aee8
A2026111.2254,2026-04-21T22:54Z,NOAA-21 VIIRS,VJ214IMG.A2026111.2254.002.2026112044127.nc,2026-04-22T04:41:27.000Z,2.0.14,1185288,9e7561d3a5c73e7a776585aac9eb9427b2627d998ecdb9720f2754ffb7fda22f,CLDMSK_L2_VIIRS_NOAA21.A2026111.2254.001.2026112073057.nc,2026-04-22T07:30:57.210Z,56522395,0159de6812149969a6107e019a2f5b4a
A2026111.2300,2026-04-21T23:00Z,NOAA-21 VIIRS,VJ214IMG.A2026111.2300.002.2026112044127.nc,2026-04-22T04:41:27.000Z,2.0.14,790763,0a1a3687edffc0343affd21d53fbeec23bace7985eb208915ea2ef84ad9f39c0,CLDMSK_L2_VIIRS_NOAA21.A2026111.2300.001.2026112073048.nc,2026-04-22T07:30:48.350Z,51304911,6ed83790010e8c10d72312963dbd61a5
A2026112.2054,2026-04-22T20:54Z,NOAA-21 VIIRS,VJ214IMG.A2026112.2054.002.2026118170937.nc,2026-04-28T17:09:37.000Z,2.0.14,1276776,22f609562117a6bf5e4f46554659bbb741a57440739977a9af364af2b95a6c9a,CLDMSK_L2_VIIRS_NOAA21.A2026112.2054.001.2026113072224.nc,2026-04-23T07:22:24.030Z,54561600,684d37759fdab19f0608ce5f11229e2d
A2026112.2100,2026-04-22T21:00Z,NOAA-21 VIIRS,VJ214IMG.A2026112.2100.002.2026118170938.nc,2026-04-28T17:09:38.000Z,2.0.14,824436,67b8f5bb45604463cb507b9956519547073e5284254ba83f5eaceda1b8cfaaf0,CLDMSK_L2_VIIRS_NOAA21.A2026112.2100.001.2026113072205.nc,2026-04-23T07:22:05.880Z,51724006,d673cca0ad31e6402be111253d882c4a
A2026112.2236,2026-04-22T22:36Z,NOAA-21 VIIRS,VJ214IMG.A2026112.2236.002.2026118170938.nc,2026-04-28T17:09:38.000Z,2.0.14,940629,6dc89eb17c9a379cde76df493af0094de7f785b31c2ce105c673d10604655fcb,CLDMSK_L2_VIIRS_NOAA21.A2026112.2236.001.2026113072153.nc,2026-04-23T07:21:53.170Z,51063168,e06712708eaa471393cfb3cda77c458a
A2026112.2242,2026-04-22T22:42Z,NOAA-21 VIIRS,VJ214IMG.A2026112.2242.002.2026118170942.nc,2026-04-28T17:09:42.000Z,2.0.14,1000466,1d9b250413598058974f38c27f3c04aafc94f438cd265243a289216358dc1bea,CLDMSK_L2_VIIRS_NOAA21.A2026112.2242.001.2026113072215.nc,2026-04-23T07:22:15.110Z,55338234,256ef2e753ee0702068700e03ca7900d
A2026113.2042,2026-04-23T20:42Z,NOAA-21 VIIRS,VJ214IMG.A2026113.2042.002.2026118173337.nc,2026-04-28T17:33:37.000Z,2.0.14,1135628,1896d455fd5b9ec3c0bb42d1ce34d44479e1e3d70a71023cd7d27f37a300201e,CLDMSK_L2_VIIRS_NOAA21.A2026113.2042.001.2026114072246.nc,2026-04-24T07:22:46.230Z,54090830,ed958e7c7ab53e8eeb13c7bfc9dc9b60
A2026113.2218,2026-04-23T22:18Z,NOAA-21 VIIRS,VJ214IMG.A2026113.2218.002.2026118173338.nc,2026-04-28T17:33:38.000Z,2.0.14,979897,8aaa7acc18de28d45ec265d407c08ceac95eb6fdb653444bfbe00b4e75246bc5,CLDMSK_L2_VIIRS_NOAA21.A2026113.2218.001.2026114072237.nc,2026-04-24T07:22:37.180Z,51531209,a51b9281fda33388b2bfcf550615c984
A2026113.2224,2026-04-23T22:24Z,NOAA-21 VIIRS,VJ214IMG.A2026113.2224.002.2026118173339.nc,2026-04-28T17:33:39.000Z,2.0.14,1044233,4db0506eef95906c1ed9bd1f7a03ae1091a009ce213d4c1ba4ecc6afdc19442d,CLDMSK_L2_VIIRS_NOAA21.A2026113.2224.001.2026114072235.nc,2026-04-24T07:22:35.390Z,55962995,a626f6af64d4ca1a2c62b841d6686560
A2026113.2354,2026-04-23T23:54Z,NOAA-21 VIIRS,VJ214IMG.A2026113.2354.002.2026118173339.nc,2026-04-28T17:33:39.000Z,2.0.14,1474173,56e14b14dc22f311b43141e35d1030f973cceca989fddfba74e27c1673c5fb1d,CLDMSK_L2_VIIRS_NOAA21.A2026113.2354.001.2026114072237.nc,2026-04-24T07:22:37.100Z,58229060,00b17074203d3c96f12b080c8ac77919
A2026114.0000,2026-04-24T00:00Z,NOAA-21 VIIRS,VJ214IMG.A2026114.0000.002.2026118181232.nc,2026-04-28T18:12:32.000Z,2.0.14,1053320,7b529daf4d981da1d4915890c5c8eb3ed642d0c9fe60a0d7b336d5bec81ffabc,CLDMSK_L2_VIIRS_NOAA21.A2026114.0000.001.2026114131228.nc,2026-04-24T13:12:28.290Z,53777423,8fe40b7d3dbc82db1224efb5e7cc0a29
A2026114.2200,2026-04-24T22:00Z,NOAA-21 VIIRS,VJ214IMG.A2026114.2200.002.2026118181120.nc,2026-04-28T18:11:20.000Z,2.0.14,967972,3fcde6f68cd5bc54d66bc361e0e565beb4c9ba2162633288b068cba618aef62f,CLDMSK_L2_VIIRS_NOAA21.A2026114.2200.001.2026115073309.nc,2026-04-25T07:33:09.320Z,51268108,34b037df9861d132ab45d319baff168d
A2026114.2206,2026-04-24T22:06Z,NOAA-21 VIIRS,VJ214IMG.A2026114.2206.002.2026118181121.nc,2026-04-28T18:11:21.000Z,2.0.14,1472673,4603a8b45ebc61bbf0aac9e348d48d5cc21eccff48fd5bc99848c66ad2e62179,CLDMSK_L2_VIIRS_NOAA21.A2026114.2206.001.2026115073308.nc,2026-04-25T07:33:08.640Z,56640940,01daf8438f0234f864363ef02f6e9cfc
A2026114.2336,2026-04-24T23:36Z,NOAA-21 VIIRS,VJ214IMG.A2026114.2336.002.2026118181138.nc,2026-04-28T18:11:38.000Z,2.0.14,1422377,03cec2eb1282f04f67c951e2bfc8fba19e287b9c1f1e85eb650cb138179fecf6,CLDMSK_L2_VIIRS_NOAA21.A2026114.2336.001.2026115073307.nc,2026-04-25T07:33:07.350Z,60588343,935988607d2360257def34015836fc4e
A2026114.2342,2026-04-24T23:42Z,NOAA-21 VIIRS,VJ214IMG.A2026114.2342.002.2026118181127.nc,2026-04-28T18:11:27.000Z,2.0.14,1126845,c03c2bbcda79ee2e27b13e273f7e8a0a39c8ef664e7919b6cb76929b97fb8f6c,CLDMSK_L2_VIIRS_NOAA21.A2026114.2342.001.2026115073310.nc,2026-04-25T07:33:10.170Z,51286112,57777cdcb45f15be521d143a6aa04a0b
A2026115.2136,2026-04-25T21:36Z,NOAA-21 VIIRS,VJ214IMG.A2026115.2136.002.2026118185105.nc,2026-04-28T18:51:05.000Z,2.0.14,1333878,f064b34ff87f7925ef4536df1729265d1d1520a6bd6b70779e10449d4eb556d9,CLDMSK_L2_VIIRS_NOAA21.A2026115.2136.001.2026116073359.nc,2026-04-26T07:33:59.580Z,56023728,b9f1375a606ad0149704761dab4661aa
A2026115.2142,2026-04-25T21:42Z,NOAA-21 VIIRS,VJ214IMG.A2026115.2142.002.2026118185102.nc,2026-04-28T18:51:02.000Z,2.0.14,827031,e4e3d7ac2eeb1f9122bf1135c13f5f919d165e938a17e32edaf1dae129dee964,CLDMSK_L2_VIIRS_NOAA21.A2026115.2142.001.2026116073359.nc,2026-04-26T07:33:59.000Z,49791560,10f76f44727001f4dd0cfe4de2c70d3c
A2026115.2318,2026-04-25T23:18Z,NOAA-21 VIIRS,VJ214IMG.A2026115.2318.002.2026118185104.nc,2026-04-28T18:51:04.000Z,2.0.14,1125375,538da27e79f0f788b5683f5cf5f244df521aa065d6b30d7045b352504579dd20,CLDMSK_L2_VIIRS_NOAA21.A2026115.2318.001.2026116073348.nc,2026-04-26T07:33:48.270Z,55534694,e8ce94b46d68c2638e96696c1e01f348
A2026115.2324,2026-04-25T23:24Z,NOAA-21 VIIRS,VJ214IMG.A2026115.2324.002.2026118185106.nc,2026-04-28T18:51:06.000Z,2.0.14,854471,5cfec78c8763a785cfc75d9af88cef63c1371d4a94ae34275b57f71015b39c68,CLDMSK_L2_VIIRS_NOAA21.A2026115.2324.001.2026116073345.nc,2026-04-26T07:33:45.800Z,50462267,0b79e5a7f8e5605a839eeef57acb1035
A2026116.2118,2026-04-26T21:18Z,NOAA-21 VIIRS,VJ214IMG.A2026116.2118.002.2026118192205.nc,2026-04-28T19:22:05.000Z,2.0.14,1238505,62a6fe87798ad8649c0953065dc01e1eaa20b878c6642cda8ad94f4011b2f045,CLDMSK_L2_VIIRS_NOAA21.A2026116.2118.001.2026117073426.nc,2026-04-27T07:34:26.400Z,56945342,f057856ac534862dc0f8009af90741c8
A2026116.2124,2026-04-26T21:24Z,NOAA-21 VIIRS,VJ214IMG.A2026116.2124.002.2026118192209.nc,2026-04-28T19:22:09.000Z,2.0.14,785492,273112ec2f5bfb4711f63fa0174debc13eadb3fd8f7ac13a90db185ad28cea7c,CLDMSK_L2_VIIRS_NOAA21.A2026116.2124.001.2026117073428.nc,2026-04-27T07:34:28.960Z,51876694,417bb47e430ec98023103d50ebf6b22e
A2026116.2300,2026-04-26T23:00Z,NOAA-21 VIIRS,VJ214IMG.A2026116.2300.002.2026118192208.nc,2026-04-28T19:22:08.000Z,2.0.14,1205186,dadde8bb4e807b6ef8fb64cab0cfb05d04f2710ad80e47e06f82029edfe09dff,CLDMSK_L2_VIIRS_NOAA21.A2026116.2300.001.2026117073412.nc,2026-04-27T07:34:12.770Z,55535381,08249a4db324f3e8bac8d0b3d69e5397
A2026116.2306,2026-04-26T23:06Z,NOAA-21 VIIRS,VJ214IMG.A2026116.2306.002.2026118192205.nc,2026-04-28T19:22:05.000Z,2.0.14,954682,a631e8fe133b75cb743df7ee473102854447825a8a8e63fb4c1df440b03045ca,CLDMSK_L2_VIIRS_NOAA21.A2026116.2306.001.2026117073413.nc,2026-04-27T07:34:13.620Z,51988099,b9bdf28f34f639f9239765dfbc82292a
A2026117.2100,2026-04-27T21:00Z,NOAA-21 VIIRS,VJ214IMG.A2026117.2100.002.2026119112138.nc,2026-04-29T11:21:38.000Z,2.0.14,1118617,6c557aec6272f44ca4c642dfdfc1779f30f62fe214e0c45f5a62a30c56c22444,CLDMSK_L2_VIIRS_NOAA21.A2026117.2100.001.2026118073521.nc,2026-04-28T07:35:21.180Z,52688263,db8f7adb7e5b63a20f7bcf2f5d8f661c
A2026117.2106,2026-04-27T21:06Z,NOAA-21 VIIRS,VJ214IMG.A2026117.2106.002.2026119113242.nc,2026-04-29T11:32:42.000Z,2.0.14,1151719,8bd0e0f4c350c71831972c958292ba70f91f492eb1d27f9f6466202b54b58279,CLDMSK_L2_VIIRS_NOAA21.A2026117.2106.001.2026118073524.nc,2026-04-28T07:35:24.280Z,50535703,22f214f44c7aad81973cd5056d679d26
A2026117.2242,2026-04-27T22:42Z,NOAA-21 VIIRS,VJ214IMG.A2026117.2242.002.2026119113247.nc,2026-04-29T11:32:47.000Z,2.0.14,1076312,06bc74d793dd848d89a171006ebaf4c2df5535eb2fcd28002f0320312bc9ae4d,CLDMSK_L2_VIIRS_NOAA21.A2026117.2242.001.2026118073520.nc,2026-04-28T07:35:20.660Z,53284822,0a7262c9e0ec02b608394642acb3966f
A2026117.2248,2026-04-27T22:48Z,NOAA-21 VIIRS,VJ214IMG.A2026117.2248.002.2026119112135.nc,2026-04-29T11:21:35.000Z,2.0.14,958315,108936bdbecbd6676c7693e3989333241a3eabd6e6e2f503711b7dcb13b64088,CLDMSK_L2_VIIRS_NOAA21.A2026117.2248.001.2026118073529.nc,2026-04-28T07:35:29.990Z,51895386,c5a8f2928e12f35b807415a3a73a8906
A2026118.2042,2026-04-28T20:42Z,NOAA-21 VIIRS,VJ214IMG.A2026118.2042.002.2026119121036.nc,2026-04-29T12:10:36.000Z,2.0.14,1091773,c53deac90fee1d281f46bb56264e3ceee887175be39e293c58d2a42c6add0d40,CLDMSK_L2_VIIRS_NOAA21.A2026118.2042.001.2026119073547.nc,2026-04-29T07:35:47.580Z,53257213,d05731239a74b7f1ab6a1ff123c5d75f
A2026118.2048,2026-04-28T20:48Z,NOAA-21 VIIRS,VJ214IMG.A2026118.2048.002.2026119121033.nc,2026-04-29T12:10:33.000Z,2.0.14,1522013,55542a92f5e48fa8a19beaf92ac1ddc6d43d65a16de7768dce8b3e42379bd855,CLDMSK_L2_VIIRS_NOAA21.A2026118.2048.001.2026119073555.nc,2026-04-29T07:35:55.690Z,51724226,f47d1bf9b9169fd78311c3b9df76483c
A2026118.2224,2026-04-28T22:24Z,NOAA-21 VIIRS,VJ214IMG.A2026118.2224.002.2026119121037.nc,2026-04-29T12:10:37.000Z,2.0.14,1037226,526b2433c83d80164dd4fba5636ba2b193af3dd8818c51a9c800c5c8e68841b2,CLDMSK_L2_VIIRS_NOAA21.A2026118.2224.001.2026119073557.nc,2026-04-29T07:35:57.380Z,53311463,d5a47de3e451370277efef2df4136e4e
A2026118.2230,2026-04-28T22:30Z,NOAA-21 VIIRS,VJ214IMG.A2026118.2230.002.2026119121037.nc,2026-04-29T12:10:37.000Z,2.0.14,929035,4064e7ff19a1e4bf380f2df131f802524a21b7c7892ea30cf261f2e7e98ee415,CLDMSK_L2_VIIRS_NOAA21.A2026118.2230.001.2026119073553.nc,2026-04-29T07:35:53.770Z,52547649,119d5b40d53d9d6e401f63fe6cb10818
A2026119.0006,2026-04-29T00:06Z,NOAA-21 VIIRS,VJ214IMG.A2026119.0006.002.2026119123406.nc,2026-04-29T12:34:06.000Z,2.0.14,779252,6c7800f6cc1349379690714f07f8d44adc427c9a383e99a59453b160173e654a,CLDMSK_L2_VIIRS_NOAA21.A2026119.0006.001.2026119131608.nc,2026-04-29T13:16:08.890Z,51580691,26b6ce0c05d376f3faf42b19b3ae9743
A2026119.2206,2026-04-29T22:06Z,NOAA-21 VIIRS,VJ214IMG.A2026119.2206.002.2026120045143.nc,2026-04-30T04:51:43.000Z,2.0.14,979613,06139d3838d998298ae362b1eaab08d1a12236ab0ce178e44b9d9ad9185fd20e,CLDMSK_L2_VIIRS_NOAA21.A2026119.2206.001.2026120072641.nc,2026-04-30T07:26:41.490Z,50772592,29430a62b4f64059746a83e55ae61535
A2026119.2212,2026-04-29T22:12Z,NOAA-21 VIIRS,VJ214IMG.A2026119.2212.002.2026120045142.nc,2026-04-30T04:51:42.000Z,2.0.14,1491531,d8ba47bab0bff47cc4ff3cf7eab1e9da5a3d9fb171119c395554c7f05f708f38,CLDMSK_L2_VIIRS_NOAA21.A2026119.2212.001.2026120072643.nc,2026-04-30T07:26:43.620Z,55211256,d49f9937348a1cddbcff4de509ad7275
A2026119.2342,2026-04-29T23:42Z,NOAA-21 VIIRS,VJ214IMG.A2026119.2342.002.2026120045142.nc,2026-04-30T04:51:42.000Z,2.0.14,1336628,724fbd81fb3ef309b63bd3fede8cbf1c0910d7509095cde97958fe3bc47153b7,CLDMSK_L2_VIIRS_NOAA21.A2026119.2342.001.2026120072647.nc,2026-04-30T07:26:47.760Z,59779634,fa2f66b51e3513f68807d4e7a5f2431f
A2026119.2348,2026-04-29T23:48Z,NOAA-21 VIIRS,VJ214IMG.A2026119.2348.002.2026120062841.nc,2026-04-30T06:28:41.000Z,2.0.14,626683,55d913fde41db4ad053fdb96823b7d2ad49a82d7c525f2e69031efd4884df16a,CLDMSK_L2_VIIRS_NOAA21.A2026119.2348.001.2026120072647.nc,2026-04-30T07:26:47.370Z,47259595,f4ecd9f6cafbebf21c1c384d5fb2b1fc
A2026120.2142,2026-04-30T21:42Z,NOAA-21 VIIRS,VJ214IMG.A2026120.2142.002.2026121023743.nc,2026-05-01T02:37:43.000Z,2.0.14,1083417,25d75b5dfffd3e40e2f5b1474a2f0eeea1a46cc8b14d3f2ea70b67030e6c846e,CLDMSK_L2_VIIRS_NOAA21.A2026120.2142.001.2026121072746.nc,2026-05-01T07:27:46.860Z,55875410,00d827afaa71ae2cb44a4f745966009c
A2026120.2148,2026-04-30T21:48Z,NOAA-21 VIIRS,VJ214IMG.A2026120.2148.002.2026121040343.nc,2026-05-01T04:03:43.000Z,2.0.14,748197,2728bc91a5f0da20209d92e8939f26054828cd4acab43e288715d80943c4620d,CLDMSK_L2_VIIRS_NOAA21.A2026120.2148.001.2026121072746.nc,2026-05-01T07:27:46.480Z,49629280,50257b674bfeecf43436b73015a47b41
A2026120.2154,2026-04-30T21:54Z,NOAA-21 VIIRS,VJ214IMG.A2026120.2154.002.2026121041516.nc,2026-05-01T04:15:16.000Z,2.0.14,2131525,65979b6602078f07fef3a1debb3917686043b694523935cba918392214427292,CLDMSK_L2_VIIRS_NOAA21.A2026120.2154.001.2026121072744.nc,2026-05-01T07:27:44.430Z,55481780,1806bfee8cc937f6c40beeec962ddaac
A2026120.2324,2026-04-30T23:24Z,NOAA-21 VIIRS,VJ214IMG.A2026120.2324.002.2026121041512.nc,2026-05-01T04:15:12.000Z,2.0.14,1244319,db3fbd8c77e6e04680ca53e07221d20034353a3cbb729a31264c05997ba73bd6,CLDMSK_L2_VIIRS_NOAA21.A2026120.2324.001.2026121072802.nc,2026-05-01T07:28:02.940Z,56218375,d8385a49ea0cdb5005b4dda4bf88fbcf
A2026120.2330,2026-04-30T23:30Z,NOAA-21 VIIRS,VJ214IMG.A2026120.2330.002.2026121041514.nc,2026-05-01T04:15:14.000Z,2.0.14,713405,c3afeeb880661c1a577ebcc35e6843ebaf046c7fb9e2e954198045e8ca17c617,CLDMSK_L2_VIIRS_NOAA21.A2026120.2330.001.2026121072805.nc,2026-05-01T07:28:05.670Z,48205431,6ffa50647ffaa6161a14ddf97af0c5aa
A2026121.2124,2026-05-01T21:24Z,NOAA-21 VIIRS,VJ214IMG.A2026121.2124.002.2026122021622.nc,2026-05-02T02:16:22.000Z,2.0.14,1102806,2434b4ef039ada0924bfeb040f763890ffc18d136f3fe24fb097dd8afb730cd4,CLDMSK_L2_VIIRS_NOAA21.A2026121.2124.001.2026122072904.nc,2026-05-02T07:29:04.260Z,53894486,f08a0d5eb798f80bf8c8ebdc61e1e330
A2026121.2130,2026-05-01T21:30Z,NOAA-21 VIIRS,VJ214IMG.A2026121.2130.002.2026122021620.nc,2026-05-02T02:16:20.000Z,2.0.14,577352,db305f5fa449a60922ae917d47cee6816c7a7637b51ec7c363a013883ecbd7ae,CLDMSK_L2_VIIRS_NOAA21.A2026121.2130.001.2026122072847.nc,2026-05-02T07:28:47.810Z,49126612,d8e0d9cc690270377f4bce972456a65e
A2026121.2306,2026-05-01T23:06Z,NOAA-21 VIIRS,VJ214IMG.A2026121.2306.002.2026122050944.nc,2026-05-02T05:09:44.000Z,2.0.14,1201431,3b00780493c0cb5704ec317fb00866998209c592fed58f309c2c3cf7ea67fb14,CLDMSK_L2_VIIRS_NOAA21.A2026121.2306.001.2026122073013.nc,2026-05-02T07:30:13.230Z,54437748,f048667bfe1d1d9d045247e66847379a
A2026121.2312,2026-05-01T23:12Z,NOAA-21 VIIRS,VJ214IMG.A2026121.2312.002.2026122050944.nc,2026-05-02T05:09:44.000Z,2.0.14,632234,930aa26c6f10f4d27d5c4fbf459a4842d864c228495c30ed1f4a266022424eb9,CLDMSK_L2_VIIRS_NOAA21.A2026121.2312.001.2026122072951.nc,2026-05-02T07:29:51.170Z,47987676,d98b6bfda0bf5f3100092d41907b4ecc
A2026122.2106,2026-05-02T21:06Z,NOAA-21 VIIRS,VJ214IMG.A2026122.2106.002.2026123025615.nc,2026-05-03T02:56:15.000Z,2.0.14,1028321,4ea44e801b5c2614c3d3a82eeb41110009ab23f41a87270fa62d21dcfa8ab15e,CLDMSK_L2_VIIRS_NOAA21.A2026122.2106.001.2026123073054.nc,2026-05-03T07:30:54.880Z,53244001,411011cc1baab491ae1b9681596382d2
A2026122.2112,2026-05-02T21:12Z,NOAA-21 VIIRS,VJ214IMG.A2026122.2112.002.2026123025616.nc,2026-05-03T02:56:16.000Z,2.0.14,718319,dee8edefd079f79f3ac0d7d68707f82e10244445a7aeb52e53e3333557b5616a,CLDMSK_L2_VIIRS_NOAA21.A2026122.2112.001.2026123073041.nc,2026-05-03T07:30:41.780Z,50123630,139ce0a4b733439b940684c597fde04f
A2026122.2248,2026-05-02T22:48Z,NOAA-21 VIIRS,VJ214IMG.A2026122.2248.002.2026123043912.nc,2026-05-03T04:39:12.000Z,2.0.14,1117865,523b076cab1e772f933c0959bb9c19c6adb304bae106f19ae50d39a9b9864956,CLDMSK_L2_VIIRS_NOAA21.A2026122.2248.001.2026123073021.nc,2026-05-03T07:30:21.780Z,51780015,1f7ef03e500b0657fd4c356e87f2bd65
A2026122.2254,2026-05-02T22:54Z,NOAA-21 VIIRS,VJ214IMG.A2026122.2254.002.2026123043914.nc,2026-05-03T04:39:14.000Z,2.0.14,1021639,e2727767bd263236c96e2f43a972454c8c4b0602a7c191693775800f9ecd837a,CLDMSK_L2_VIIRS_NOAA21.A2026122.2254.001.2026123073022.nc,2026-05-03T07:30:22.280Z,50362726,af4ef6dee7ea655e927c3b837b2276c0
A2026123.2048,2026-05-03T20:48Z,NOAA-21 VIIRS,VJ214IMG.A2026123.2048.002.2026124024843.nc,2026-05-04T02:48:43.000Z,2.0.14,1160348,dd5271ab9eddcdc24307fe5d7988f8c794bb366827d90bdf590c2e6b7e934290,CLDMSK_L2_VIIRS_NOAA21.A2026123.2048.001.2026124072109.nc,2026-05-04T07:21:09.120Z,54032555,239d9f8090d241e7450b9543c41ff064
A2026123.2054,2026-05-03T20:54Z,NOAA-21 VIIRS,VJ214IMG.A2026123.2054.002.2026124024842.nc,2026-05-04T02:48:42.000Z,2.0.14,1456753,7a9d48235ede65fdb3ba07296b25b0c2c5d35633586532c18e9c9c81cd290970,CLDMSK_L2_VIIRS_NOAA21.A2026123.2054.001.2026124072111.nc,2026-05-04T07:21:11.830Z,55000053,9a0aef8f49ddf68497eab24218e20f74
A2026123.2230,2026-05-03T22:30Z,NOAA-21 VIIRS,VJ214IMG.A2026123.2230.002.2026124042447.nc,2026-05-04T04:24:47.000Z,2.0.14,1017311,bafdb5beeffd89832bae2842b3fbd363d0cf5b7493d398d63d894891d9f27c7b,CLDMSK_L2_VIIRS_NOAA21.A2026123.2230.001.2026124071942.nc,2026-05-04T07:19:42.390Z,51260838,67d734873a38cf21dd830cd1cf0683d8
A2026123.2236,2026-05-03T22:36Z,NOAA-21 VIIRS,VJ214IMG.A2026123.2236.002.2026124042445.nc,2026-05-04T04:24:45.000Z,2.0.14,1188174,6af8ff31b39e46c7387850b8ef100cc86b512263065e66cc057537aeb233e406,CLDMSK_L2_VIIRS_NOAA21.A2026123.2236.001.2026124072101.nc,2026-05-04T07:21:01.830Z,52382333,d84c999c5abe3feba8b2534d670e4e17
A2026124.2212,2026-05-04T22:12Z,NOAA-21 VIIRS,VJ214IMG.A2026124.2212.002.2026125045612.nc,2026-05-05T04:56:12.000Z,2.0.14,857671,fa2dec1124ed0075a22854aced87c53a7e2f77b81909a5265b14bae3299ba01a,CLDMSK_L2_VIIRS_NOAA21.A2026124.2212.001.2026125073208.nc,2026-05-05T07:32:08.190Z,49734405,fba15e1962bcb1084ec469a145736e48
A2026124.2218,2026-05-04T22:18Z,NOAA-21 VIIRS,VJ214IMG.A2026124.2218.002.2026125045614.nc,2026-05-05T04:56:14.000Z,2.0.14,1151013,84a0522d6a0bc16e1abca98a2266e375aebdd525e4e0fbe4de58dac4333e109c,CLDMSK_L2_VIIRS_NOAA21.A2026124.2218.001.2026125073228.nc,2026-05-05T07:32:28.570Z,56905832,ad32fcde94015f2d9dadbcf884bb01aa
A2026124.2348,2026-05-04T23:48Z,NOAA-21 VIIRS,VJ214IMG.A2026124.2348.002.2026125063752.nc,2026-05-05T06:37:52.000Z,2.0.14,1276589,bc71ee826c8392690fe18f8e0708f4ef9fc54b18a8069f55863521496db497f9,CLDMSK_L2_VIIRS_NOAA21.A2026124.2348.001.2026125073207.nc,2026-05-05T07:32:07.470Z,56524015,989b9a5caae32eb7af2b14c9996fa0b2
A2026124.2354,2026-05-04T23:54Z,NOAA-21 VIIRS,VJ214IMG.A2026124.2354.002.2026125065108.nc,2026-05-05T06:51:08.000Z,2.0.14,643022,4553aeb9878a2568183ffdccf23151cbf11cf897921104c323e1a9a8d4f16d63,CLDMSK_L2_VIIRS_NOAA21.A2026124.2354.001.2026125073159.nc,2026-05-05T07:31:59.740Z,48712669,797e06d30d7efd8cdec1e1d38060ea68
A2026125.2154,2026-05-05T21:54Z,NOAA-21 VIIRS,VJ214IMG.A2026125.2154.002.2026126145832.nc,2026-05-06T14:58:32.000Z,2.0.14,760000,8c452f0d67420d3301a4c91bff73b94d17db80bea4d747218ff11f723c0ea180,CLDMSK_L2_VIIRS_NOAA21.A2026125.2154.001.2026126211929.nc,2026-05-06T21:19:29.430Z,49444275,9dded3f368a66c232a3ff8d237923800
A2026125.2200,2026-05-05T22:00Z,NOAA-21 VIIRS,VJ214IMG.A2026125.2200.002.2026126145832.nc,2026-05-06T14:58:32.000Z,2.0.14,876104,cab0ec60a4bc60d5a59c58214741ca878dd44738be6fd6949910858c591a5fc8,CLDMSK_L2_VIIRS_NOAA21.A2026125.2200.001.2026126211922.nc,2026-05-06T21:19:22.040Z,56094537,5ee870f36be3d7408e452226eb0743ae
A2026125.2330,2026-05-05T23:30Z,NOAA-21 VIIRS,VJ214IMG.A2026125.2330.002.2026126145835.nc,2026-05-06T14:58:35.000Z,2.0.14,1201815,d767202d4146dac26b02ea4f8d431a5ad55700e8e5500ada6bb727a5a412544a,CLDMSK_L2_VIIRS_NOAA21.A2026125.2330.001.2026126211929.nc,2026-05-06T21:19:29.430Z,55873488,e4026f2cb0829fe59fb52cbb4b61531a
A2026125.2336,2026-05-05T23:36Z,NOAA-21 VIIRS,VJ214IMG.A2026125.2336.002.2026126145833.nc,2026-05-06T14:58:33.000Z,2.0.14,555979,46a9d860921e7d820279f6e70c45940a9cd1a8696aca364018b56ab55d4ef35e,CLDMSK_L2_VIIRS_NOAA21.A2026125.2336.001.2026126211950.nc,2026-05-06T21:19:50.040Z,46956116,827d0fb79b0558b10398c838d1b0bef8
A2026126.2130,2026-05-06T21:30Z,NOAA-21 VIIRS,VJ214IMG.A2026126.2130.002.2026127025006.nc,2026-05-07T02:50:06.000Z,2.0.14,1183572,8c3b2c85965555aff4e560dc6bbe15f4c05a97b3d128b3a4684d0e72ad0d242c,CLDMSK_L2_VIIRS_NOAA21.A2026126.2130.001.2026127073613.nc,2026-05-07T07:36:13.980Z,53429562,78d5f9da6988d454e178d7f7fcdff9f3
A2026126.2136,2026-05-06T21:36Z,NOAA-21 VIIRS,VJ214IMG.A2026126.2136.002.2026127025006.nc,2026-05-07T02:50:06.000Z,2.0.14,588790,ae73446ab2dd665c4681bde26fe09f81946449dc200e66691f6909071f4a13ee,CLDMSK_L2_VIIRS_NOAA21.A2026126.2136.001.2026127073614.nc,2026-05-07T07:36:14.710Z,49386563,fb523c832d20952f16bf7e5567b8e36b
A2026126.2312,2026-05-06T23:12Z,NOAA-21 VIIRS,VJ214IMG.A2026126.2312.002.2026127042241.nc,2026-05-07T04:22:41.000Z,2.0.14,1106970,ffa7b81b2cd4182039c995de1a221edae93db92c7cb78889118217539f44c6e9,CLDMSK_L2_VIIRS_NOAA21.A2026126.2312.001.2026127073623.nc,2026-05-07T07:36:23.830Z,54292854,51094d33a8e508e03fd8600078fb6867
A2026126.2318,2026-05-06T23:18Z,NOAA-21 VIIRS,VJ214IMG.A2026126.2318.002.2026127042244.nc,2026-05-07T04:22:44.000Z,2.0.14,806511,5ee523ff24fa7b69f542717e7843dbd6c0a21519d70742778ad554afeeb5b86a,CLDMSK_L2_VIIRS_NOAA21.A2026126.2318.001.2026127073622.nc,2026-05-07T07:36:22.900Z,50157144,58663a6094c583315b13e68bb57c5032
A2026127.2112,2026-05-07T21:12Z,NOAA-21 VIIRS,VJ214IMG.A2026127.2112.002.2026128030940.nc,2026-05-08T03:09:40.000Z,2.0.14,1040015,f5b8c3ee37e8a2fd8fb8928624a8e9a07ed758a3fd59d6e4659a44182630da47,CLDMSK_L2_VIIRS_NOAA21.A2026127.2112.001.2026128073729.nc,2026-05-08T07:37:29.010Z,51370263,b303605616d18d082b78f8089006c708
A2026127.2118,2026-05-07T21:18Z,NOAA-21 VIIRS,VJ214IMG.A2026127.2118.002.2026128030936.nc,2026-05-08T03:09:36.000Z,2.0.14,680554,92082c5191caa2c5be62b9e006922311b2f0d1bbf7c77b30113321b2afb585ab,CLDMSK_L2_VIIRS_NOAA21.A2026127.2118.001.2026128073727.nc,2026-05-08T07:37:27.070Z,51082758,d8ddea67ceb2c2a28429f30153e7829a
A2026127.2254,2026-05-07T22:54Z,NOAA-21 VIIRS,VJ214IMG.A2026127.2254.002.2026128050536.nc,2026-05-08T05:05:36.000Z,2.0.14,1084195,102325f7a14785d64fd3084f05de31e7f3bccec616b34d884d14ed8649639da9,CLDMSK_L2_VIIRS_NOAA21.A2026127.2254.001.2026128073714.nc,2026-05-08T07:37:14.030Z,52120411,34def03fd5349418866891d710e2f2ca
A2026127.2300,2026-05-07T23:00Z,NOAA-21 VIIRS,VJ214IMG.A2026127.2300.002.2026128050536.nc,2026-05-08T05:05:36.000Z,2.0.14,944367,8805fab43171fde6fab0015877caddb469a684470b7d01f1209faa316a5343ed,CLDMSK_L2_VIIRS_NOAA21.A2026127.2300.001.2026128073714.nc,2026-05-08T07:37:14.290Z,51860681,ea242679efe85677be0e52bb01805980
A2026128.2054,2026-05-08T20:54Z,NOAA-21 VIIRS,VJ214IMG.A2026128.2054.002.2026129031259.nc,2026-05-09T03:12:59.000Z,2.0.14,1052382,971a47884e232cdd11019359f5f114531e8f3736d605901dfa143865a67bda38,CLDMSK_L2_VIIRS_NOAA21.A2026128.2054.001.2026129072835.nc,2026-05-09T07:28:35.230Z,51810178,54b043716b91cbd7665546ce075e2400
A2026128.2100,2026-05-08T21:00Z,NOAA-21 VIIRS,VJ214IMG.A2026128.2100.002.2026129031303.nc,2026-05-09T03:13:03.000Z,2.0.14,1526389,d25cd4d0608e721135b3aaccaae6a5c4bc5b7ca457af76654f09ca1cd6601bb8,CLDMSK_L2_VIIRS_NOAA21.A2026128.2100.001.2026129072839.nc,2026-05-09T07:28:39.730Z,54116965,361459cfce22a609c40dabe6e7ab71eb
A2026128.2236,2026-05-08T22:36Z,NOAA-21 VIIRS,VJ214IMG.A2026128.2236.002.2026129044000.nc,2026-05-09T04:40:00.000Z,2.0.14,1063462,5ef3ce2f8b4ac7199a69ca22e45ae898bf0b1154be894ad05de912f3051edf8f,CLDMSK_L2_VIIRS_NOAA21.A2026128.2236.001.2026129072820.nc,2026-05-09T07:28:20.780Z,52368223,3bc108774d71889c5d882faf738e39a6
A2026128.2242,2026-05-08T22:42Z,NOAA-21 VIIRS,VJ214IMG.A2026128.2242.002.2026129044001.nc,2026-05-09T04:40:01.000Z,2.0.14,886362,34c2a3c61698969d5bff1a168b64b57a58f78b87022b5407bd08bed475f0a7ee,CLDMSK_L2_VIIRS_NOAA21.A2026128.2242.001.2026129072823.nc,2026-05-09T07:28:23.780Z,53179899,5910c96a080cba79cc211d27d83f8a88
A2026129.2042,2026-05-09T20:42Z,NOAA-21 VIIRS,VJ214IMG.A2026129.2042.002.2026130021507.nc,2026-05-10T02:15:07.000Z,2.0.14,2577933,5b83f86173d10f32e97188ba6f4471740ff4b1bd0f421693d653da3c83012a53,CLDMSK_L2_VIIRS_NOAA21.A2026129.2042.001.2026130072931.nc,2026-05-10T07:29:31.420Z,53278068,9355a0a830a5738e84be7c147511e6e7
A2026129.2218,2026-05-09T22:18Z,NOAA-21 VIIRS,VJ214IMG.A2026129.2218.002.2026130045207.nc,2026-05-10T04:52:07.000Z,2.0.14,890752,4ef46643cc025e74e441d52929377cd5bf7353062ec2f37523c7c401e0e2f2dc,CLDMSK_L2_VIIRS_NOAA21.A2026129.2218.001.2026130072940.nc,2026-05-10T07:29:40.070Z,51218833,6944ea73434253d7e9c46d15a39d2be2
A2026129.2224,2026-05-09T22:24Z,NOAA-21 VIIRS,VJ214IMG.A2026129.2224.002.2026130044431.nc,2026-05-10T04:44:31.000Z,2.0.14,1095892,70e9f68b20bc5302e572c66cde5175c65d7a539339112962ec89cbd2bfcd475a,CLDMSK_L2_VIIRS_NOAA21.A2026129.2224.001.2026130072927.nc,2026-05-10T07:29:27.160Z,56068861,229fc8045e1688859d0f5a332fb83157
A2026129.2354,2026-05-09T23:54Z,NOAA-21 VIIRS,VJ214IMG.A2026129.2354.002.2026130062813.nc,2026-05-10T06:28:13.000Z,2.0.14,1438288,eee67496fa2841977d6d56abfa6e7781a3717dd9783635a64bdf96857e74a4da,CLDMSK_L2_VIIRS_NOAA21.A2026129.2354.001.2026130072926.nc,2026-05-10T07:29:26.900Z,57681792,2acf3bdcaa769f0840e3a896029d7488
A2026130.0000,2026-05-10T00:00Z,NOAA-21 VIIRS,VJ214IMG.A2026130.0000.002.2026130065801.nc,2026-05-10T06:58:01.000Z,2.0.14,833050,2edab93d96d8992d8863318ca74d3eb929d911d11e0d987660de57e3ea0dfe4a,CLDMSK_L2_VIIRS_NOAA21.A2026130.0000.001.2026130131958.nc,2026-05-10T13:19:58.930Z,50582871,cd2bcf377b6d91fc32972157204a24e9
A2026130.2200,2026-05-10T22:00Z,NOAA-21 VIIRS,VJ214IMG.A2026130.2200.002.2026131042609.nc,2026-05-11T04:26:09.000Z,2.0.14,668239,9de160fe1798133a8c9214c6865e2b845c5c89dea145c890e1282c3be5714661,CLDMSK_L2_VIIRS_NOAA21.A2026130.2200.001.2026131072023.nc,2026-05-11T07:20:23.170Z,49599895,bbe328b93a896c4ef9c2585125741fc2
A2026130.2206,2026-05-10T22:06Z,NOAA-21 VIIRS,VJ214IMG.A2026130.2206.002.2026131042610.nc,2026-05-11T04:26:10.000Z,2.0.14,1108530,3615b82e3f6e93fe0672ca7e65295e16cc00a25484570c69f0fd6195758a4ae0,CLDMSK_L2_VIIRS_NOAA21.A2026130.2206.001.2026131072024.nc,2026-05-11T07:20:24.220Z,58268543,70f75a8d610d14522e5913b197a05f66
A2026130.2336,2026-05-10T23:36Z,NOAA-21 VIIRS,VJ214IMG.A2026130.2336.002.2026131042612.nc,2026-05-11T04:26:12.000Z,2.0.14,1467406,3937f1d78c823d93596f7bc922dedaa1f229da9b10e5696ae6b930bf40521e96,CLDMSK_L2_VIIRS_NOAA21.A2026130.2336.001.2026131072008.nc,2026-05-11T07:20:08.930Z,55510709,d6d8531e60dfe66c8be1e6e619d57c38
A2026130.2342,2026-05-10T23:42Z,NOAA-21 VIIRS,VJ214IMG.A2026130.2342.002.2026131042608.nc,2026-05-11T04:26:08.000Z,2.0.14,597675,14e747f8c0d627aab83bf0bb6f024c88aa13d77a936368e6230f548a6ce67fa3,CLDMSK_L2_VIIRS_NOAA21.A2026130.2342.001.2026131072009.nc,2026-05-11T07:20:09.420Z,47638087,d55dab4ea54c8b6625e963e640cc43d4
A2026131.2136,2026-05-11T21:36Z,NOAA-21 VIIRS,VJ214IMG.A2026131.2136.002.2026132022338.nc,2026-05-12T02:23:38.000Z,2.0.14,1101489,4b9456f836696686f01fe77641bdfb9709b03b8029d2915df6607066bfd9f26b,CLDMSK_L2_VIIRS_NOAA21.A2026131.2136.001.2026132073127.nc,2026-05-12T07:31:27.500Z,55700225,69b82864296c098bfb13cf6f2626de70
A2026131.2142,2026-05-11T21:42Z,NOAA-21 VIIRS,VJ214IMG.A2026131.2142.002.2026132022336.nc,2026-05-12T02:23:36.000Z,2.0.14,527747,632fbbb3518a3dcf03667dc672a6a037e0d3c45d459d60bddf606ae8d124fcc8,CLDMSK_L2_VIIRS_NOAA21.A2026131.2142.001.2026132073141.nc,2026-05-12T07:31:41.750Z,47848508,057645633fe921cf4914b876a9b63916
A2026131.2318,2026-05-11T23:18Z,NOAA-21 VIIRS,VJ214IMG.A2026131.2318.002.2026132041359.nc,2026-05-12T04:13:59.000Z,2.0.14,1193999,673c8fec85312e4527f9d04b00567faa3fec8d2215117f2caf8682ff5260847f,CLDMSK_L2_VIIRS_NOAA21.A2026131.2318.001.2026132073114.nc,2026-05-12T07:31:14.140Z,54096934,8663337982972253d36a5f2e3a96c36b
A2026131.2324,2026-05-11T23:24Z,NOAA-21 VIIRS,VJ214IMG.A2026131.2324.002.2026132041357.nc,2026-05-12T04:13:57.000Z,2.0.14,693372,8b60d21fbd63dba2f750ca2dd8566c3d8f1c1349d28e86b0905da010aedae3be,CLDMSK_L2_VIIRS_NOAA21.A2026131.2324.001.2026132073114.nc,2026-05-12T07:31:14.020Z,48659582,6161a7568b6f741c7ef2c525f9068c2c
A2026132.2118,2026-05-12T21:18Z,NOAA-21 VIIRS,VJ214IMG.A2026132.2118.002.2026133020235.nc,2026-05-13T02:02:35.000Z,2.0.14,1082861,f06beae6abf254a442a48d2bc3347ebab9626a6dbf646744e993d97a2797b555,CLDMSK_L2_VIIRS_NOAA21.A2026132.2118.001.2026133072229.nc,2026-05-13T07:22:29.790Z,53260584,4ff643c06bf71b49eb1e6ea878ee3e2c
A2026132.2124,2026-05-12T21:24Z,NOAA-21 VIIRS,VJ214IMG.A2026132.2124.002.2026133020236.nc,2026-05-13T02:02:36.000Z,2.0.14,870714,c27051e59fe84cb21b3d25e71309a6ec8d1d445cafd886a045d0a1dce95357b2,CLDMSK_L2_VIIRS_NOAA21.A2026132.2124.001.2026133072229.nc,2026-05-13T07:22:29.260Z,49969404,89cd62e26077904d4995f89dd1946d3b
A2026132.2300,2026-05-12T23:00Z,NOAA-21 VIIRS,VJ214IMG.A2026132.2300.002.2026133044710.nc,2026-05-13T04:47:10.000Z,2.0.14,1124522,4fb6c83b327c440972f443f63d380db36184ace081b6192487ba674bab4b68c9,CLDMSK_L2_VIIRS_NOAA21.A2026132.2300.001.2026133072215.nc,2026-05-13T07:22:15.600Z,53158715,d17f677351a009b82f3363e827825bee
A2026132.2306,2026-05-12T23:06Z,NOAA-21 VIIRS,VJ214IMG.A2026132.2306.002.2026133044711.nc,2026-05-13T04:47:11.000Z,2.0.14,779884,d34c418e6b6db07ff92cdef4aa57cdd961983b598ad338ece5263476fd2519eb,CLDMSK_L2_VIIRS_NOAA21.A2026132.2306.001.2026133072216.nc,2026-05-13T07:22:16.600Z,49586809,308be8b3b167e5cf3b5af5391f0968de
A2026133.2100,2026-05-13T21:00Z,NOAA-21 VIIRS,VJ214IMG.A2026133.2100.002.2026134025102.nc,2026-05-14T02:51:02.000Z,2.0.14,1208801,4e37dcbd649ea526b41f8cd11b922ef187a89e72d671b9eb91c02344dd1ad4e7,CLDMSK_L2_VIIRS_NOAA21.A2026133.2100.001.2026134072329.nc,2026-05-14T07:23:29.790Z,53391284,e7a461971a352078baceb7c5dcc1b0eb
A2026133.2106,2026-05-13T21:06Z,NOAA-21 VIIRS,VJ214IMG.A2026133.2106.002.2026134025104.nc,2026-05-14T02:51:04.000Z,2.0.14,1039771,492f04e91b2381d6916ad96f0a0fdba4e6d85dcd19118e35d21bcaa502edef93,CLDMSK_L2_VIIRS_NOAA21.A2026133.2106.001.2026134072327.nc,2026-05-14T07:23:27.800Z,51784350,8b9ae132bb06bdb2da23a17db130db9b
A2026133.2242,2026-05-13T22:42Z,NOAA-21 VIIRS,VJ214IMG.A2026133.2242.002.2026134042103.nc,2026-05-14T04:21:03.000Z,2.0.14,1167784,9bb866b860fd7dff253cdcc7baf437ac4cad16d195704a7c493389444675f0fb,CLDMSK_L2_VIIRS_NOAA21.A2026133.2242.001.2026134072316.nc,2026-05-14T07:23:16.180Z,53565705,e7d454321baadba37cf86b0cc72e3abe
A2026133.2248,2026-05-13T22:48Z,NOAA-21 VIIRS,VJ214IMG.A2026133.2248.002.2026134042103.nc,2026-05-14T04:21:03.000Z,2.0.14,699727,7aeb6984771a59ac3f5b36466986ca04bfed0021d3221ea91ff8713fe918800a,CLDMSK_L2_VIIRS_NOAA21.A2026133.2248.001.2026134072315.nc,2026-05-14T07:23:15.440Z,49250773,55e9f878ee7e75e1a9a44cb99abd7d5c
A2026134.2042,2026-05-14T20:42Z,NOAA-21 VIIRS,VJ214IMG.A2026134.2042.002.2026135022638.nc,2026-05-15T02:26:38.000Z,2.0.14,1290539,59bf7c7a2015f66bd452ca9771fe834a9babeb7e87bbf9671961608e75ccb197,CLDMSK_L2_VIIRS_NOAA21.A2026134.2042.001.2026135073422.nc,2026-05-15T07:34:22.030Z,53418299,24bb899ca4eb65125a920b00d9ff0a94
A2026134.2048,2026-05-14T20:48Z,NOAA-21 VIIRS,VJ214IMG.A2026134.2048.002.2026135023342.nc,2026-05-15T02:33:42.000Z,2.0.14,2560592,65967915a8f36b16b1991555f9c1ce5194ad0d1edb9022f5fdce7f0a199069cf,CLDMSK_L2_VIIRS_NOAA21.A2026134.2048.001.2026135073430.nc,2026-05-15T07:34:30.190Z,52415227,e968074e28e0be86ada7036db1f675b7
A2026134.2224,2026-05-14T22:24Z,NOAA-21 VIIRS,VJ214IMG.A2026134.2224.002.2026135040919.nc,2026-05-15T04:09:19.000Z,2.0.14,870239,f61298fd0a0e1b0583c3d7da037ad367a60af0755072baad3fbfd785664155cc,CLDMSK_L2_VIIRS_NOAA21.A2026134.2224.001.2026135073438.nc,2026-05-15T07:34:38.180Z,49825744,cefd9b1c7aacf7eb0752749f58e13e9f
A2026134.2230,2026-05-14T22:30Z,NOAA-21 VIIRS,VJ214IMG.A2026134.2230.002.2026135040920.nc,2026-05-15T04:09:20.000Z,2.0.14,905932,593b50787454204dc26b59b122dccfc61621288a9826658f4d33c123321a4bf6,CLDMSK_L2_VIIRS_NOAA21.A2026134.2230.001.2026135073437.nc,2026-05-15T07:34:37.760Z,53214353,5a47e33444eb46e048395ce466fadbfa
A2026135.0006,2026-05-15T00:06Z,NOAA-21 VIIRS,VJ214IMG.A2026135.0006.002.2026135071657.nc,2026-05-15T07:16:57.000Z,2.0.14,1113347,a197bd1a9bb5bfec5e0ada073e8728e109b66c9084759583f0f355e27ee578f6,CLDMSK_L2_VIIRS_NOAA21.A2026135.0006.001.2026135130419.nc,2026-05-15T13:04:19.250Z,51497798,e7ce6d7047cba4842fb7360fd9d79132
A2026135.2206,2026-05-15T22:06Z,NOAA-21 VIIRS,VJ214IMG.A2026135.2206.002.2026136044032.nc,2026-05-16T04:40:32.000Z,2.0.14,831353,342ad3879546ec5fa59e772c7d9cc6e8c813601a3a20b1d49455d236ba13fc33,CLDMSK_L2_VIIRS_NOAA21.A2026135.2206.001.2026136073554.nc,2026-05-16T07:35:54.280Z,50001782,e29c9fc171a37ebfe43a22d3aee0c23e
A2026135.2212,2026-05-15T22:12Z,NOAA-21 VIIRS,VJ214IMG.A2026135.2212.002.2026136044035.nc,2026-05-16T04:40:35.000Z,2.0.14,909946,2b7869dc9816f202dc66fb59faf872663fc5681878a978cad1b875a01d39b5ee,CLDMSK_L2_VIIRS_NOAA21.A2026135.2212.001.2026136073547.nc,2026-05-16T07:35:47.060Z,56788915,f6a6bf5c8e578efd9ff5f9601f3b9321
A2026135.2342,2026-05-15T23:42Z,NOAA-21 VIIRS,VJ214IMG.A2026135.2342.002.2026136044034.nc,2026-05-16T04:40:34.000Z,2.0.14,1301906,7b71a1192059823d7462c4e943432f380f30bc8091958f20edee7495c0555d1c,CLDMSK_L2_VIIRS_NOAA21.A2026135.2342.001.2026136073533.nc,2026-05-16T07:35:33.590Z,55436437,b1569c8162484e86767f6b5a46235ffa
A2026135.2348,2026-05-15T23:48Z,NOAA-21 VIIRS,VJ214IMG.A2026135.2348.002.2026136060601.nc,2026-05-16T06:06:01.000Z,2.0.14,691705,3158921d1255b5810c260cb2a6ece35a9d9294b0bcc194b438e70b40e7beaad1,CLDMSK_L2_VIIRS_NOAA21.A2026135.2348.001.2026136073532.nc,2026-05-16T07:35:32.990Z,48987520,df9b973be657399c17d107a92b1900aa
A2026136.2142,2026-05-16T21:42Z,NOAA-21 VIIRS,VJ214IMG.A2026136.2142.002.2026137023600.nc,2026-05-17T02:36:00.000Z,2.0.14,1351600,ee2a94ef0f529cdc1ba59bc6ad96232dbb25d8b3e10c5e530eccb2570649e0ed,CLDMSK_L2_VIIRS_NOAA21.A2026136.2142.001.2026137073640.nc,2026-05-17T07:36:40.070Z,53712632,104ab4c48270c7bae3d424430ad71a87
A2026136.2148,2026-05-16T21:48Z,NOAA-21 VIIRS,VJ214IMG.A2026136.2148.002.2026137040206.nc,2026-05-17T04:02:06.000Z,2.0.14,720460,2e72b7f8ac87c8cd1120c603d29e2f8b81360218ffc4e4920ea52d063c08b7e9,CLDMSK_L2_VIIRS_NOAA21.A2026136.2148.001.2026137073639.nc,2026-05-17T07:36:39.710Z,50657089,ddbfeadff9d2e73c7e5f7df2b5e8aa83
A2026136.2154,2026-05-16T21:54Z,NOAA-21 VIIRS,VJ214IMG.A2026136.2154.002.2026137041801.nc,2026-05-17T04:18:01.000Z,2.0.14,1117391,eadd056a15fbe882f67c6d0dfc4cfe2ba31c2136ef3174a44cf824e22b9ca218,CLDMSK_L2_VIIRS_NOAA21.A2026136.2154.001.2026137073641.nc,2026-05-17T07:36:41.110Z,58641011,c34311c89fde9e00e972b5200adf6f03
A2026136.2324,2026-05-16T23:24Z,NOAA-21 VIIRS,VJ214IMG.A2026136.2324.002.2026137042606.nc,2026-05-17T04:26:06.000Z,2.0.14,1434077,febed2f0b274a8fd6756cbf3b1569d564afe663682271ca156dddc3519b1d2a1,CLDMSK_L2_VIIRS_NOAA21.A2026136.2324.001.2026137073626.nc,2026-05-17T07:36:26.010Z,55083083,27353d8058ca1ae41ea2f6d03b49fa1e
A2026136.2330,2026-05-16T23:30Z,NOAA-21 VIIRS,VJ214IMG.A2026136.2330.002.2026137041803.nc,2026-05-17T04:18:03.000Z,2.0.14,646726,e0c1f885182471971523a4527f670f22d24dd62639f98d9211147452a0979839,CLDMSK_L2_VIIRS_NOAA21.A2026136.2330.001.2026137073626.nc,2026-05-17T07:36:26.460Z,47279214,a9f56c0f612fdd5b138810ae7d1990e2
A2026137.2124,2026-05-17T21:24Z,NOAA-21 VIIRS,VJ214IMG.A2026137.2124.002.2026138021226.nc,2026-05-18T02:12:26.000Z,2.0.14,1266586,741964bc56fc4070748b09a15e371b99442e8f582cbddc40e9bfd2038c5669c5,CLDMSK_L2_VIIRS_NOAA21.A2026137.2124.001.2026138072731.nc,2026-05-18T07:27:31.980Z,51113132,bed9044b7b1f5bd2ef85ecd6a585e45b
A2026137.2130,2026-05-17T21:30Z,NOAA-21 VIIRS,VJ214IMG.A2026137.2130.002.2026138021226.nc,2026-05-18T02:12:26.000Z,2.0.14,1018033,cf98663be1e5025d9061b8597dc6ca03355c31e522532c8c3ebee901da43a177,CLDMSK_L2_VIIRS_NOAA21.A2026137.2130.001.2026138072732.nc,2026-05-18T07:27:32.000Z,50634193,28cc555b0d0cd849341987de99f14340
A2026137.2306,2026-05-17T23:06Z,NOAA-21 VIIRS,VJ214IMG.A2026137.2306.002.2026138050244.nc,2026-05-18T05:02:44.000Z,2.0.14,1238799,68b190d45f99340f9644dd03282954c420946592eb45df94950eb83c05aec2ad,CLDMSK_L2_VIIRS_NOAA21.A2026137.2306.001.2026138072720.nc,2026-05-18T07:27:20.020Z,54365122,6c0e5c9af20823a56b248d2c7ea0bc17
A2026137.2312,2026-05-17T23:12Z,NOAA-21 VIIRS,VJ214IMG.A2026137.2312.002.2026138050243.nc,2026-05-18T05:02:43.000Z,2.0.14,734819,1a36a44a961b67b2262467d1c04f3fafeb3d8c1a37240d0ae7228e0fbb061a96,CLDMSK_L2_VIIRS_NOAA21.A2026137.2312.001.2026138072718.nc,2026-05-18T07:27:18.650Z,48852084,3062beac3d5d69e8aaf75b2ee8e18a92
A2026138.2106,2026-05-18T21:06Z,NOAA-21 VIIRS,VJ214IMG.A2026138.2106.002.2026139025324.nc,2026-05-19T02:53:24.000Z,2.0.14,1184136,dafb6811c908cc23c62e68d7a648187f2d72681c51c24cf53e8d1d3c753b2be8,CLDMSK_L2_VIIRS_NOAA21.A2026138.2106.001.2026139071809.nc,2026-05-19T07:18:09.420Z,51969323,74c6495de0e960c625c5d9e4a4a5577f
A2026138.2112,2026-05-18T21:12Z,NOAA-21 VIIRS,VJ214IMG.A2026138.2112.002.2026139025321.nc,2026-05-19T02:53:21.000Z,2.0.14,1804362,be12b5aa1eaa750f049a3128358916391c33fa8571691a3ade546ff1028f3d72,CLDMSK_L2_VIIRS_NOAA21.A2026138.2112.001.2026139071807.nc,2026-05-19T07:18:07.350Z,50516676,bf9696018ab74d1f3cdd139dd1162b38
A2026138.2248,2026-05-18T22:48Z,NOAA-21 VIIRS,VJ214IMG.A2026138.2248.002.2026139043038.nc,2026-05-19T04:30:38.000Z,2.0.14,1220293,cf16f4a7788994a4d8dbb90aafcb230f17f94d2301bada6dc3dbafcaaf99f27b,CLDMSK_L2_VIIRS_NOAA21.A2026138.2248.001.2026139071755.nc,2026-05-19T07:17:55.180Z,53038474,d1fee3e25fd2d9b35eefe4f55f77cc43
A2026138.2254,2026-05-18T22:54Z,NOAA-21 VIIRS,VJ214IMG.A2026138.2254.002.2026139043038.nc,2026-05-19T04:30:38.000Z,2.0.14,752161,46e3be3eabfbf7f972127fab20cea81a3bbe461a7b217fbb2989c3f3eaf4c19c,CLDMSK_L2_VIIRS_NOAA21.A2026138.2254.001.2026139071754.nc,2026-05-19T07:17:54.690Z,48793415,525ae7881c6ffb72f39990de25bd32d2
A2026139.2048,2026-05-19T20:48Z,NOAA-21 VIIRS,VJ214IMG.A2026139.2048.002.2026140024157.nc,2026-05-20T02:41:57.000Z,2.0.14,1216948,bc886ed62548eea7f0d51c915554f43b970e8292d4feb597c4aece22393e20b2,CLDMSK_L2_VIIRS_NOAA21.A2026139.2048.001.2026140072854.nc,2026-05-20T07:28:54.260Z,52727315,a3778549be857fc82508e2ed80031fa9
A2026139.2054,2026-05-19T20:54Z,NOAA-21 VIIRS,VJ214IMG.A2026139.2054.002.2026140024154.nc,2026-05-20T02:41:54.000Z,2.0.14,2228783,d5bbe832f7a5a45b9056cf2aa6e493aa6b34d1693b940f1f1b6bc7551e21e50a,CLDMSK_L2_VIIRS_NOAA21.A2026139.2054.001.2026140072852.nc,2026-05-20T07:28:52.280Z,51958165,3770dd5f6612fca2f4e55c4cad102455
A2026139.2230,2026-05-19T22:30Z,NOAA-21 VIIRS,VJ214IMG.A2026139.2230.002.2026140041523.nc,2026-05-20T04:15:23.000Z,2.0.14,1052685,84d01d46f492edb68ac697ff15bfc3f6f37772e8faef3b37166985ad31f476c0,CLDMSK_L2_VIIRS_NOAA21.A2026139.2230.001.2026140072901.nc,2026-05-20T07:29:01.620Z,51326395,4ee68b6c7a219c1b403a688c6f7e6689
A2026139.2236,2026-05-19T22:36Z,NOAA-21 VIIRS,VJ214IMG.A2026139.2236.002.2026140041522.nc,2026-05-20T04:15:22.000Z,2.0.14,898557,b3eb841302b89423778ca36b956d9433852057c2686a0c0603695ecc61b4afec,CLDMSK_L2_VIIRS_NOAA21.A2026139.2236.001.2026140072840.nc,2026-05-20T07:28:40.690Z,50558720,87bc85347dc4e0771c46577992a3e45f
A2026140.2212,2026-05-20T22:12Z,NOAA-21 VIIRS,VJ214IMG.A2026140.2212.002.2026141071909.nc,2026-05-21T07:19:09.000Z,2.0.14,882458,7de2476c70fa7aa00643020206c75320e9e5f3321d811c9c3f3050c762eaab45,CLDMSK_L2_VIIRS_NOAA21.A2026140.2212.001.2026141072929.nc,2026-05-21T07:29:29.400Z,48785508,3f5243c505e80b16e6511eaad13a6652
A2026140.2218,2026-05-20T22:18Z,NOAA-21 VIIRS,VJ214IMG.A2026140.2218.002.2026141071915.nc,2026-05-21T07:19:15.000Z,2.0.14,752519,491b170ed71dfc4fb7c6f15ca4b4fe12c43001f34ae51e74b67f54919647cebd,CLDMSK_L2_VIIRS_NOAA21.A2026140.2218.001.2026141072944.nc,2026-05-21T07:29:44.060Z,55679182,cd7117deb1a0abcc0382dd2b5dd84ca3
A2026140.2354,2026-05-20T23:54Z,NOAA-21 VIIRS,VJ214IMG.A2026140.2354.002.2026141080441.nc,2026-05-21T08:04:41.000Z,2.0.14,707284,9d3b4c810f6980776a9909f2dd2f86235eb410073b500d1cccb26f435ceec3de,CLDMSK_L2_VIIRS_NOAA21.A2026140.2354.001.2026141072916.nc,2026-05-21T07:29:16.070Z,49476601,bab2f7e9a8293dd6aac6f6e392383db0
A2026141.2148,2026-05-21T21:48Z,NOAA-21 VIIRS,VJ214IMG.A2026141.2148.002.2026142040705.nc,2026-05-22T04:07:05.000Z,2.0.14,1163569,ecd3458770bfcdc151e574e8636a8919d167b786e11e54e741d6c0de300c8996,CLDMSK_L2_VIIRS_NOAA21.A2026141.2148.001.2026142074034.nc,2026-05-22T07:40:34.570Z,57498148,310198423c00f24f563d04e200063094
A2026141.2154,2026-05-21T21:54Z,NOAA-21 VIIRS,VJ214IMG.A2026141.2154.002.2026142042657.nc,2026-05-22T04:26:57.000Z,2.0.14,737120,cef58b99782bdff612373265706fcb50b5377c1ff63b251cb5c1bc1b4f0d9af4,CLDMSK_L2_VIIRS_NOAA21.A2026141.2154.001.2026142074032.nc,2026-05-22T07:40:32.620Z,48282378,a34696074929bbd0ac492ab5dd648f56
A2026141.2200,2026-05-21T22:00Z,NOAA-21 VIIRS,VJ214IMG.A2026141.2200.002.2026142042655.nc,2026-05-22T04:26:55.000Z,2.0.14,1238280,25019c24bcddee8af32ef55013f6c6cceaf1295f83429f11a4f38c426a440a6b,CLDMSK_L2_VIIRS_NOAA21.A2026141.2200.001.2026142074034.nc,2026-05-22T07:40:34.100Z,55617545,cfbd069b7a98b16be85d15e4928db921
A2026141.2330,2026-05-21T23:30Z,NOAA-21 VIIRS,VJ214IMG.A2026141.2330.002.2026142041659.nc,2026-05-22T04:16:59.000Z,2.0.14,1189760,cd4c340451508b6b20edd4242f0784684eded835cf34b04022529d7288f14abc,CLDMSK_L2_VIIRS_NOAA21.A2026141.2330.001.2026142074049.nc,2026-05-22T07:40:49.560Z,55205842,268059f43f8bd312851c54dd18b1a799
A2026141.2336,2026-05-21T23:36Z,NOAA-21 VIIRS,VJ214IMG.A2026141.2336.002.2026142041659.nc,2026-05-22T04:16:59.000Z,2.0.14,620515,a56e3a6c598c24b50b34eecaba483efd442d33e1cc963f468c8fbb33d482ad7e,CLDMSK_L2_VIIRS_NOAA21.A2026141.2336.001.2026142074049.nc,2026-05-22T07:40:49.510Z,47481295,0aa885d50a222d35ad003c1c22ab9f9c
A2026142.2130,2026-05-22T21:30Z,NOAA-21 VIIRS,VJ214IMG.A2026142.2130.002.2026143023756.nc,2026-05-23T02:37:56.000Z,2.0.14,1061109,f74efffb9721fe2bd08ab7d02aca8b7f0def4720694f5b28a37ea584248f37df,CLDMSK_L2_VIIRS_NOAA21.A2026142.2130.001.2026143073106.nc,2026-05-23T07:31:06.600Z,54492044,6696c9492cdea9a86ede4f0914105b93
A2026142.2136,2026-05-22T21:36Z,NOAA-21 VIIRS,VJ214IMG.A2026142.2136.002.2026143023755.nc,2026-05-23T02:37:55.000Z,2.0.14,988388,a178b8cc468f2653d9465594bfa3b3ca086d18a3c8d8d06ffcbc92e350b5cea8,CLDMSK_L2_VIIRS_NOAA21.A2026142.2136.001.2026143073106.nc,2026-05-23T07:31:06.940Z,48889749,93075d4f9adf3ad0a3c15699b1e8855b
A2026142.2312,2026-05-22T23:12Z,NOAA-21 VIIRS,VJ214IMG.A2026142.2312.002.2026143063027.nc,2026-05-23T06:30:27.000Z,2.0.14,1041164,c055ae292aec18b6e6e10ebfdb9473197d4659d9818a7683ec960e3ebb4159fb,CLDMSK_L2_VIIRS_NOAA21.A2026142.2312.001.2026143073052.nc,2026-05-23T07:30:52.440Z,53213835,231ca3c7ed10e9ff3ff2edf6cfdcb3b7
A2026142.2318,2026-05-22T23:18Z,NOAA-21 VIIRS,VJ214IMG.A2026142.2318.002.2026143063027.nc,2026-05-23T06:30:27.000Z,2.0.14,827783,599539cacf0a8fc1779b9ecda999ada89f6633e7d428087478c1d289c19dbb62,CLDMSK_L2_VIIRS_NOAA21.A2026142.2318.001.2026143073052.nc,2026-05-23T07:30:52.910Z,50403404,59ad974315a6d6ddac7b7c1202a45790
A2026143.2112,2026-05-23T21:12Z,NOAA-21 VIIRS,VJ214IMG.A2026143.2112.002.2026144032052.nc,2026-05-24T03:20:52.000Z,2.0.14,1042721,9bef9ca9370cc4564aafca336f8fa56ca398049cbfe037418b1e2b275fd5f7f8,CLDMSK_L2_VIIRS_NOAA21.A2026143.2112.001.2026144073155.nc,2026-05-24T07:31:55.920Z,53207179,136d1f061a55c1b1a3aeb75de4de2285
A2026143.2118,2026-05-23T21:18Z,NOAA-21 VIIRS,VJ214IMG.A2026143.2118.002.2026144032051.nc,2026-05-24T03:20:51.000Z,2.0.14,1082394,eb28a4297545327951d282269887c5460f0d753c0c5ef315c8ef8281913d9981,CLDMSK_L2_VIIRS_NOAA21.A2026143.2118.001.2026144073149.nc,2026-05-24T07:31:49.240Z,50889424,99d3016337e248b3e33bf47051b2076b
A2026143.2254,2026-05-23T22:54Z,NOAA-21 VIIRS,VJ214IMG.A2026143.2254.002.2026144064156.nc,2026-05-24T06:41:56.000Z,2.0.14,1032699,e7f5a52d04d5d8fd4025594db8e2c53d5e5d06a1cf80424eb8cf9a12969a36b3,CLDMSK_L2_VIIRS_NOAA21.A2026143.2254.001.2026144073135.nc,2026-05-24T07:31:35.590Z,52356708,6ec6280bd8659bf8ccebdfc4590f8dad
A2026143.2300,2026-05-23T23:00Z,NOAA-21 VIIRS,VJ214IMG.A2026143.2300.002.2026144064154.nc,2026-05-24T06:41:54.000Z,2.0.14,894107,126d564f1870fbf4b22a84d57ba5114a3d06225dc694cda5d8de6f98235d6983,CLDMSK_L2_VIIRS_NOAA21.A2026143.2300.001.2026144073135.nc,2026-05-24T07:31:35.380Z,51018503,0c7173cf3479c0030769888727bfb7ae
A2026144.2054,2026-05-24T20:54Z,NOAA-21 VIIRS,VJ214IMG.A2026144.2054.002.2026145030823.nc,2026-05-25T03:08:23.000Z,2.0.14,1090050,f38d995324b4b8bf1330125388e6518d93d5c76e53dd6f0df5b89b6098722ac4,CLDMSK_L2_VIIRS_NOAA21.A2026144.2054.001.2026145073228.nc,2026-05-25T07:32:28.820Z,52046727,bdb1efeb20eba74302afd16cbd25b06a
A2026144.2100,2026-05-24T21:00Z,NOAA-21 VIIRS,VJ214IMG.A2026144.2100.002.2026145030822.nc,2026-05-25T03:08:22.000Z,2.0.14,1280310,badaec35fc47727cb85054de8db21914bdcb8f33887edd564af91b2562618918,CLDMSK_L2_VIIRS_NOAA21.A2026144.2100.001.2026145073227.nc,2026-05-25T07:32:27.720Z,53560448,5218b1606b96c742ce59442bf1fa8701
A2026144.2236,2026-05-24T22:36Z,NOAA-21 VIIRS,VJ214IMG.A2026144.2236.002.2026145070820.nc,2026-05-25T07:08:20.000Z,2.0.14,968246,63500e51f10e5ad934cbbeb1d075b6e399591ffc876688cf779715a8c806a8f1,CLDMSK_L2_VIIRS_NOAA21.A2026144.2236.001.2026145073215.nc,2026-05-25T07:32:15.310Z,50295744,62cf7639ce061e8267820419e365710b
A2026144.2242,2026-05-24T22:42Z,NOAA-21 VIIRS,VJ214IMG.A2026144.2242.002.2026145070822.nc,2026-05-25T07:08:22.000Z,2.0.14,778318,7ca4fe6afe011c2177fda331db874f8ee65f21793a6d93dec5deab8d681061c8,CLDMSK_L2_VIIRS_NOAA21.A2026144.2242.001.2026145073214.nc,2026-05-25T07:32:14.090Z,51397319,2bbf4c95a4ea5ea203a2a98d25073305
A2026145.2042,2026-05-25T20:42Z,NOAA-21 VIIRS,VJ214IMG.A2026145.2042.002.2026146022755.nc,2026-05-26T02:27:55.000Z,2.0.14,1618987,5f8abacdfbc3b0e09b79573110dffacb8f5c590e0b2ff5d8a08cf32093bbeab8,CLDMSK_L2_VIIRS_NOAA21.A2026145.2042.001.2026146073309.nc,2026-05-26T07:33:09.750Z,54802225,5929517d1b460aa84c01767069e41500
A2026145.2218,2026-05-25T22:18Z,NOAA-21 VIIRS,VJ214IMG.A2026145.2218.002.2026146093913.nc,2026-05-26T09:39:13.000Z,2.0.14,817809,f6fcc77eca79f42fd2e9a10e14bbb4c0932448f7cf6592f4901d3d73e192d423,CLDMSK_L2_VIIRS_NOAA21.A2026145.2218.001.2026146073331.nc,2026-05-26T07:33:31.770Z,48964284,ab519978538906717132b28cd27197ab
A2026145.2224,2026-05-25T22:24Z,NOAA-21 VIIRS,VJ214IMG.A2026145.2224.002.2026146093909.nc,2026-05-26T09:39:09.000Z,2.0.14,805002,22cdc3e56a01889cb67a5871075f9a1c7c7da432bee82a69ca4698c6d2e16ab4,CLDMSK_L2_VIIRS_NOAA21.A2026145.2224.001.2026146073305.nc,2026-05-26T07:33:05.420Z,55242261,64fd220f79a64bc3c0386e5ef8149ea9
A2026146.0000,2026-05-26T00:00Z,NOAA-21 VIIRS,VJ214IMG.A2026146.0000.002.2026146104042.nc,2026-05-26T10:40:42.000Z,2.0.14,595807,decb210d253f732630e90178f2d156f9989d66cba9ab354a8dc38af77c3ce444,CLDMSK_L2_VIIRS_NOAA21.A2026146.0000.001.2026146131255.nc,2026-05-26T13:12:55.410Z,49218824,37a16af993a39aec5597d53e6af69562
A2026146.2200,2026-05-26T22:00Z,NOAA-21 VIIRS,VJ214IMG.A2026146.2200.002.2026147060725.nc,2026-05-27T06:07:25.000Z,2.0.14,596496,a16104d0a1632c35ee39697c50020dab0b5305b797d9a962823d7c435c4c535b,CLDMSK_L2_VIIRS_NOAA21.A2026146.2200.001.2026147073406.nc,2026-05-27T07:34:06.210Z,48251086,9d72bbab493772c044b8ef6983cc0975
A2026146.2206,2026-05-26T22:06Z,NOAA-21 VIIRS,VJ214IMG.A2026146.2206.002.2026147060723.nc,2026-05-27T06:07:23.000Z,2.0.14,842387,72445b4196ae23f9ac84f735f3c549f827104c6bb855a8660a263d8d2acf2fa9,CLDMSK_L2_VIIRS_NOAA21.A2026146.2206.001.2026147073407.nc,2026-05-27T07:34:07.410Z,58165223,01953e19aae18c5d385dfb692824bc59
A2026146.2336,2026-05-26T23:36Z,NOAA-21 VIIRS,VJ214IMG.A2026146.2336.002.2026147060727.nc,2026-05-27T06:07:27.000Z,2.0.14,1144652,8f9aaaf83b42beca1a4bc3262b14d8a89614b22a5610a68409a74cf9864f9e84,CLDMSK_L2_VIIRS_NOAA21.A2026146.2336.001.2026147073353.nc,2026-05-27T07:33:53.230Z,55564193,692d3d13e7a58c80978b7aabbe4a846d
A2026146.2342,2026-05-26T23:42Z,NOAA-21 VIIRS,VJ214IMG.A2026146.2342.002.2026147060725.nc,2026-05-27T06:07:25.000Z,2.0.14,536879,3db2baee3c7f2c00c260bcf0f2a67785eb3be9b3f8533ae9a08fa4789af34a5e,CLDMSK_L2_VIIRS_NOAA21.A2026146.2342.001.2026147073353.nc,2026-05-27T07:33:53.130Z,46304436,c1a8fe84f24c0f1179e7d4a61d634bdd
A2026147.2136,2026-05-27T21:36Z,NOAA-21 VIIRS,VJ214IMG.A2026147.2136.002.2026148022435.nc,2026-05-28T02:24:35.000Z,2.0.14,1308584,b65fc45c3662ef61f89c9bfe634ace7b507665505afb7422ac9c22455a3e1070,CLDMSK_L2_VIIRS_NOAA21.A2026147.2136.001.2026148074442.nc,2026-05-28T07:44:42.630Z,52753114,7cff8525bf751048b0c0c9303d7f1dd5
A2026147.2142,2026-05-27T21:42Z,NOAA-21 VIIRS,VJ214IMG.A2026147.2142.002.2026148023203.nc,2026-05-28T02:32:03.000Z,2.0.14,668285,8b213ccdf9de98b8b6bc0c7fd1effd33311a53bc7180c6ec51712ab41f1aaa18,CLDMSK_L2_VIIRS_NOAA21.A2026147.2142.001.2026148074442.nc,2026-05-28T07:44:42.850Z,49297716,3ba6a0965d0e6319660410946c14074c
A2026147.2318,2026-05-27T23:18Z,NOAA-21 VIIRS,VJ214IMG.A2026147.2318.002.2026148040811.nc,2026-05-28T04:08:11.000Z,2.0.14,1051451,b457a9c97ce06af5c3683ef21257b6317ac832ecfbed3231340de5ed9067ce16,CLDMSK_L2_VIIRS_NOAA21.A2026147.2318.001.2026148074429.nc,2026-05-28T07:44:29.990Z,54540396,2bac559d849ec8707c09fb9846621be3
A2026147.2324,2026-05-27T23:24Z,NOAA-21 VIIRS,VJ214IMG.A2026147.2324.002.2026148040811.nc,2026-05-28T04:08:11.000Z,2.0.14,569008,540f00dc025ef4a28a8efa202722155a16f818695fbabd089430492273c6bd0a,CLDMSK_L2_VIIRS_NOAA21.A2026147.2324.001.2026148074429.nc,2026-05-28T07:44:29.670Z,47205632,08cb297697dbc2976205f06eb5277cbd
A2026148.2118,2026-05-28T21:18Z,NOAA-21 VIIRS,VJ214IMG.A2026148.2118.002.2026149133841.nc,2026-05-29T13:38:41.000Z,2.0.14,1007770,fd94d8624ba21e2a0a1e609948b539d6413398809a379e41db13957d4339082b,CLDMSK_L2_VIIRS_NOAA21.A2026148.2118.001.2026149072510.nc,2026-05-29T07:25:10.950Z,51606185,365288cf3825f13a13c2ac38ffbcd312
A2026148.2124,2026-05-28T21:24Z,NOAA-21 VIIRS,VJ214IMG.A2026148.2124.002.2026149133844.nc,2026-05-29T13:38:44.000Z,2.0.14,949716,928f32a492b7e9ea6d950827c9cf75ea703c175707ea5555cf93f7a911aacd05,CLDMSK_L2_VIIRS_NOAA21.A2026148.2124.001.2026149072511.nc,2026-05-29T07:25:11.550Z,52340326,c49054519a53df45573efd41de6001e7
A2026148.2300,2026-05-28T23:00Z,NOAA-21 VIIRS,VJ214IMG.A2026148.2300.002.2026149142415.nc,2026-05-29T14:24:15.000Z,2.0.14,1169341,40343843c072048172c730b611a41ae62ffba78d90e0d395c14ff67705a2a79e,CLDMSK_L2_VIIRS_NOAA21.A2026148.2300.001.2026149072456.nc,2026-05-29T07:24:56.910Z,52325591,8deda24f71b1d5541ed4cdbc8e194b4f
A2026148.2306,2026-05-28T23:06Z,NOAA-21 VIIRS,VJ214IMG.A2026148.2306.002.2026149142413.nc,2026-05-29T14:24:13.000Z,2.0.14,779437,1b6ddeeae06d3869fa7a450a8038a1f16d2b477afafda78026aa0f1449a55191,CLDMSK_L2_VIIRS_NOAA21.A2026148.2306.001.2026149072503.nc,2026-05-29T07:25:03.080Z,48712227,df4acc94076f9af1f6d04280cbc502be
A2026149.2100,2026-05-29T21:00Z,NOAA-21 VIIRS,VJ214IMG.A2026149.2100.002.2026150091755.nc,2026-05-30T09:17:55.000Z,2.0.14,1123521,78c3e679236a7f797a7aadd81f75e5c52cc859f20d3a0751b95c7401040f15b9,CLDMSK_L2_VIIRS_NOAA21.A2026149.2100.001.2026150072557.nc,2026-05-30T07:25:57.740Z,50113866,d644ff148e6b7a1cc6a40892d24d5b0a
A2026149.2106,2026-05-29T21:06Z,NOAA-21 VIIRS,VJ214IMG.A2026149.2106.002.2026150091755.nc,2026-05-30T09:17:55.000Z,2.0.14,1293492,83d5d6152b6c41fc6f1a9ca185b14756e5a54f0d3affda143660b270e4e92e32,CLDMSK_L2_VIIRS_NOAA21.A2026149.2106.001.2026150072555.nc,2026-05-30T07:25:55.940Z,53527612,44e3b987dfe11ede89a25731f2e0e2f0
A2026149.2242,2026-05-29T22:42Z,NOAA-21 VIIRS,VJ214IMG.A2026149.2242.002.2026150105845.nc,2026-05-30T10:58:45.000Z,2.0.14,1093746,1f893bdab36b74fa3478191ef31fba71732705d1941a0033039b1970bafb1816,CLDMSK_L2_VIIRS_NOAA21.A2026149.2242.001.2026150072543.nc,2026-05-30T07:25:43.140Z,51930547,90bf6caa2ff23167dd9fcf94af447778
A2026149.2248,2026-05-29T22:48Z,NOAA-21 VIIRS,VJ214IMG.A2026149.2248.002.2026150105826.nc,2026-05-30T10:58:26.000Z,2.0.14,784483,9624cde24941aa57731dc1ffe3cdd4a1358def874328096fadac80984cd12076,CLDMSK_L2_VIIRS_NOAA21.A2026149.2248.001.2026150072544.nc,2026-05-30T07:25:44.900Z,49929686,c4d321b833835d890bdd19ab45052685
A2026150.2042,2026-05-30T20:42Z,NOAA-21 VIIRS,VJ214IMG.A2026150.2042.002.2026151021747.nc,2026-05-31T02:17:47.000Z,2.0.14,1175620,96bdca1ea79b3805fe2023977c37c18a3f4efc1348785b47825b1bb3e3fc5194,CLDMSK_L2_VIIRS_NOAA21.A2026150.2042.001.2026151072630.nc,2026-05-31T07:26:30.690Z,54092363,4afd5bd02e7949bf1c6648b9e183f926
A2026150.2048,2026-05-30T20:48Z,NOAA-21 VIIRS,VJ214IMG.A2026150.2048.002.2026151022642.nc,2026-05-31T02:26:42.000Z,2.0.14,1392307,b1dcdd3cec678ac7a500183458128378cd63f81c9d926863906f0dab7be0bc29,CLDMSK_L2_VIIRS_NOAA21.A2026150.2048.001.2026151072630.nc,2026-05-31T07:26:30.720Z,54655390,1993853e919a6bc743d9c1c57245f1d4
A2026150.2224,2026-05-30T22:24Z,NOAA-21 VIIRS,VJ214IMG.A2026150.2224.002.2026151040712.nc,2026-05-31T04:07:12.000Z,2.0.14,703931,86580ddc2b3a02a600d69b6c9258b7b3d5e44f097685c51a60511c965925b4df,CLDMSK_L2_VIIRS_NOAA21.A2026150.2224.001.2026151072637.nc,2026-05-31T07:26:37.930Z,48130943,5b93e7796cea40f22301ae29b1bd5c92
A2026150.2230,2026-05-30T22:30Z,NOAA-21 VIIRS,VJ214IMG.A2026150.2230.002.2026151035821.nc,2026-05-31T03:58:21.000Z,2.0.14,990000,3aa8b18291a82cefc5c1d207659b2045f371e785b465654cefd44634534f4519,CLDMSK_L2_VIIRS_NOAA21.A2026150.2230.001.2026151072627.nc,2026-05-31T07:26:27.410Z,53842152,8b9c674bd8e5b2abab4bb557cfbf6b0a
A2026151.0006,2026-05-31T00:06Z,NOAA-21 VIIRS,VJ214IMG.A2026151.0006.002.2026151081419.nc,2026-05-31T08:14:19.000Z,2.0.14,813490,b741380dd358502d677c569135095e99b33a91013b8c39f04ff247184dacd44a,CLDMSK_L2_VIIRS_NOAA21.A2026151.0006.001.2026151130637.nc,2026-05-31T13:06:37.390Z,51071475,3337f3b7feea667e6c9f33b53b1c4d32
A2026151.2206,2026-05-31T22:06Z,NOAA-21 VIIRS,VJ214IMG.A2026151.2206.002.2026152082116.nc,2026-06-01T08:21:16.000Z,2.0.14,510741,7c23d2d97f54b62d69ed0ced323f4a9445eacac91ee955e99cb06858ccb9f521,CLDMSK_L2_VIIRS_NOAA21.A2026151.2206.001.2026152073723.nc,2026-06-01T07:37:23.000Z,46134451,e1c288e6945cec6c024ab234eeb8fd10
A2026151.2212,2026-05-31T22:12Z,NOAA-21 VIIRS,VJ214IMG.A2026151.2212.002.2026152082117.nc,2026-06-01T08:21:17.000Z,2.0.14,1029323,f0a16f13062b88eaab1b4a66854e536c989aab66f61ff1dd5dfbf48cee5425a7,CLDMSK_L2_VIIRS_NOAA21.A2026151.2212.001.2026152073724.nc,2026-06-01T07:37:24.750Z,57922027,19a162b83b12f0cdd0a4186a37a8b5e6
A2026151.2348,2026-05-31T23:48Z,NOAA-21 VIIRS,VJ214IMG.A2026151.2348.002.2026152082116.nc,2026-06-01T08:21:16.000Z,2.0.14,673434,a3a486d2f3668d6b13573d5c721f216085aecedd9c47d00ac44c61f55d48d2a6,CLDMSK_L2_VIIRS_NOAA21.A2026151.2348.001.2026152073733.nc,2026-06-01T07:37:33.390Z,49006124,fc7467b678a7fff37a80b15668da05d6
A2026152.2142,2026-06-01T21:42Z,NOAA-21 VIIRS,VJ214IMG.A2026152.2142.002.2026153030555.nc,2026-06-02T03:05:55.000Z,2.0.14,1137319,c61132f48d2f1c3291e49ff079c01d2cce92672b8b308bac9f0b856d0a0f5b18,CLDMSK_L2_VIIRS_NOAA21.A2026152.2142.001.2026153073832.nc,2026-06-02T07:38:32.410Z,51963008,89dd5882ea598aef69945aaeffa2f102
A2026152.2148,2026-06-01T21:48Z,NOAA-21 VIIRS,VJ214IMG.A2026152.2148.002.2026153040552.nc,2026-06-02T04:05:52.000Z,2.0.14,561176,7bcf34d132dc251171308e5a8bc746cfd3dd59f585506866e34383424a385eb2,CLDMSK_L2_VIIRS_NOAA21.A2026152.2148.001.2026153073833.nc,2026-06-02T07:38:33.930Z,48351035,69578e3322c916c5545b09670cdca951
A2026152.2324,2026-06-01T23:24Z,NOAA-21 VIIRS,VJ214IMG.A2026152.2324.002.2026153041729.nc,2026-06-02T04:17:29.000Z,2.0.14,1063527,dcda00856c1e3ed21927493cb4855a53796b143687499ec42fdfa4805e312b0f,CLDMSK_L2_VIIRS_NOAA21.A2026152.2324.001.2026153073923.nc,2026-06-02T07:39:23.930Z,53846317,2e06f6d0b6522eca0808a1f81fe428ff
A2026152.2330,2026-06-01T23:30Z,NOAA-21 VIIRS,VJ214IMG.A2026152.2330.002.2026153041725.nc,2026-06-02T04:17:25.000Z,2.0.14,677677,41404f2bd7353159925a126538fd8de0c34d8b950b2c30048986284edf2a9933,CLDMSK_L2_VIIRS_NOAA21.A2026152.2330.001.2026153073910.nc,2026-06-02T07:39:10.410Z,49324619,08dc5cefbb2a022663840af0aee922c1
A2026153.2124,2026-06-02T21:24Z,NOAA-21 VIIRS,VJ214IMG.A2026153.2124.002.2026154022329.nc,2026-06-03T02:23:29.000Z,2.0.14,1143954,7332af5cc8e6929838e47ab44c41f90601bcb600d80882f8eb409dbc02ced13a,CLDMSK_L2_VIIRS_NOAA21.A2026153.2124.001.2026154072840.nc,2026-06-03T07:28:40.440Z,52511321,52c009441aeeb14bee7d454a4341dbf6
A2026153.2130,2026-06-02T21:30Z,NOAA-21 VIIRS,VJ214IMG.A2026153.2130.002.2026154022327.nc,2026-06-03T02:23:27.000Z,2.0.14,623149,738c0db4104e95def5e4d90360742bdc8ca0bf3d8491f32c47ec91769e4f0af0,CLDMSK_L2_VIIRS_NOAA21.A2026153.2130.001.2026154072835.nc,2026-06-03T07:28:35.520Z,52125527,0cf0cdc18484ee31b17c0870c429e161
A2026153.2306,2026-06-02T23:06Z,NOAA-21 VIIRS,VJ214IMG.A2026153.2306.002.2026154081252.nc,2026-06-03T08:12:52.000Z,2.0.14,930890,963df0884783726d2937c91602f5056c247f380ea45249bb1b38f14b882795c3,CLDMSK_L2_VIIRS_NOAA21.A2026153.2306.001.2026154072840.nc,2026-06-03T07:28:40.710Z,53538260,0578b89554c5f12bf12590f0aae9878e
A2026153.2312,2026-06-02T23:12Z,NOAA-21 VIIRS,VJ214IMG.A2026153.2312.002.2026154081255.nc,2026-06-03T08:12:55.000Z,2.0.14,783069,c6835158611774560b1edcc4e1a77e891dba399b77b43e7d38430b750be62849,CLDMSK_L2_VIIRS_NOAA21.A2026153.2312.001.2026154072837.nc,2026-06-03T07:28:37.350Z,49461551,408b25969ef768b15f3a5860932dda47
A2026154.2106,2026-06-03T21:06Z,NOAA-21 VIIRS,VJ214IMG.A2026154.2106.002.2026155091703.nc,2026-06-04T09:17:03.000Z,2.0.14,1168711,1a03054f71eb3373749bb1e0588c001a69215a85debbcc7027bef956635d6d0f,CLDMSK_L2_VIIRS_NOAA21.A2026154.2106.001.2026155072927.nc,2026-06-04T07:29:27.340Z,53176994,77a7d0f73fcd7c91f168cd5058fef2dc
A2026154.2112,2026-06-03T21:12Z,NOAA-21 VIIRS,VJ214IMG.A2026154.2112.002.2026155091705.nc,2026-06-04T09:17:05.000Z,2.0.14,1150460,c2d4a7a60d58ce30fb9f7d4c2ddd5b2d6ce9c15f7a1e1c455a170d937bc41a50,CLDMSK_L2_VIIRS_NOAA21.A2026154.2112.001.2026155072925.nc,2026-06-04T07:29:25.390Z,54188783,2326b991078fe1202be8698b94e11599
A2026154.2248,2026-06-03T22:48Z,NOAA-21 VIIRS,VJ214IMG.A2026154.2248.002.2026155103432.nc,2026-06-04T10:34:32.000Z,2.0.14,790670,fa6aa49db775afdc1dcf01f984dd3474ffbc4ef6b6c516ef4b51eecd6688e55e,CLDMSK_L2_VIIRS_NOAA21.A2026154.2248.001.2026155072929.nc,2026-06-04T07:29:29.980Z,49952946,f5bdd926661d6fb39ddcc637a39b6423
A2026154.2254,2026-06-03T22:54Z,NOAA-21 VIIRS,VJ214IMG.A2026154.2254.002.2026155103449.nc,2026-06-04T10:34:49.000Z,2.0.14,830123,28e701001f90dc5de70d58eab08e7bb3606db3a57f1642ede1babd2c91a152a1,CLDMSK_L2_VIIRS_NOAA21.A2026154.2254.001.2026155072922.nc,2026-06-04T07:29:22.210Z,48581705,0dbdac26cc327988a3fbb3ec2b7f0006
A2026155.2048,2026-06-04T20:48Z,NOAA-21 VIIRS,VJ214IMG.A2026155.2048.002.2026156080957.nc,2026-06-05T08:09:57.000Z,2.0.14,1203628,d2efe10642fca908442a8a212a0abb1a323d189c4714aedab06f46cbe5c33114,CLDMSK_L2_VIIRS_NOAA21.A2026155.2048.001.2026156073026.nc,2026-06-05T07:30:26.830Z,53354901,99ca7e601876dc01aa31c749b89b9694
A2026155.2054,2026-06-04T20:54Z,NOAA-21 VIIRS,VJ214IMG.A2026155.2054.002.2026156080953.nc,2026-06-05T08:09:53.000Z,2.0.14,1864648,675ba230be98d7ef24e8f4fb26ab17ee79d4c6d18a529f2d37e7a316dcd891bb,CLDMSK_L2_VIIRS_NOAA21.A2026155.2054.001.2026156073024.nc,2026-06-05T07:30:24.400Z,53509714,ae49af071cc9823772abc8d769875c1b
A2026155.2230,2026-06-04T22:30Z,NOAA-21 VIIRS,VJ214IMG.A2026155.2230.002.2026156091923.nc,2026-06-05T09:19:23.000Z,2.0.14,667312,b3ea828b2eb8d24c1f24adb6f58c920e745062254f6127aea4fc6ad78b3cefb2,CLDMSK_L2_VIIRS_NOAA21.A2026155.2230.001.2026156072956.nc,2026-06-05T07:29:56.730Z,47508771,f7194d241924a325460fd2b55f1a6af9
A2026155.2236,2026-06-04T22:36Z,NOAA-21 VIIRS,VJ214IMG.A2026155.2236.002.2026156091924.nc,2026-06-05T09:19:24.000Z,2.0.14,694761,de43c16e67a7d545b18f1a82f45a6639ad92bcee0776d6e60b20c42dc8770afb,CLDMSK_L2_VIIRS_NOAA21.A2026155.2236.001.2026156072955.nc,2026-06-05T07:29:55.550Z,49562141,3ef2183fb0a44e9986d33703a8c49bbd
A2026156.2212,2026-06-05T22:12Z,NOAA-21 VIIRS,VJ214IMG.A2026156.2212.002.2026157101155.nc,2026-06-06T10:11:55.000Z,2.0.14,541136,4db4aaeb1d1294801a078de2727be64735518734fd65c1cecfd0dd980552fd4a,CLDMSK_L2_VIIRS_NOAA21.A2026156.2212.001.2026157073052.nc,2026-06-06T07:30:52.050Z,46657997,ce6a1b54403a2a2c47dd2b855f445292
A2026156.2218,2026-06-05T22:18Z,NOAA-21 VIIRS,VJ214IMG.A2026156.2218.002.2026157101156.nc,2026-06-06T10:11:56.000Z,2.0.14,495123,3008032c24e3ef6e6f5081617fd0f05abc5230570c087f2f9b094fdf1a1928b4,CLDMSK_L2_VIIRS_NOAA21.A2026156.2218.001.2026157073058.nc,2026-06-06T07:30:58.840Z,54708796,00030cee390e0d52e33e3832a87c11a1
A2026156.2354,2026-06-05T23:54Z,NOAA-21 VIIRS,VJ214IMG.A2026156.2354.002.2026157113301.nc,2026-06-06T11:33:01.000Z,2.0.14,784712,cc20f68691a18f49df015cade9c8ec618b59c02bac6b27d1c11688a73dd21c2f,CLDMSK_L2_VIIRS_NOAA21.A2026156.2354.001.2026157073055.nc,2026-06-06T07:30:55.330Z,48645567,5292625734bf4168e65e2c947ff4638f
A2026157.2154,2026-06-06T21:54Z,NOAA-21 VIIRS,VJ214IMG.A2026157.2154.002.2026158090235.nc,2026-06-07T09:02:35.000Z,2.0.14,602676,7423d0cdd370a817d25c01597ab77b7330de7f5f117b153ea8405c267f9d81e7,CLDMSK_L2_VIIRS_NOAA21.A2026157.2154.001.2026158073131.nc,2026-06-07T07:31:31.720Z,48494129,49fdbdb9a679cb86dfc4eeb746bac927
A2026157.2200,2026-06-06T22:00Z,NOAA-21 VIIRS,VJ214IMG.A2026157.2200.002.2026158090234.nc,2026-06-07T09:02:34.000Z,2.0.14,757874,65f7a8851defc1303af6c1287f1e33a9e7220b65e9077f7a2f3d4f8c52255bd3,CLDMSK_L2_VIIRS_NOAA21.A2026157.2200.001.2026158073134.nc,2026-06-07T07:31:34.330Z,56663716,35c37a24a2ae6b98bf755f3f2e1b30b4
A2026157.2330,2026-06-06T23:30Z,NOAA-21 VIIRS,VJ214IMG.A2026157.2330.002.2026158090233.nc,2026-06-07T09:02:33.000Z,2.0.14,1076569,b1b7e0c3e1ce2cf7046d4dc373c61e34cdb21a850d2ceb6aceb9ae99e795e92f,CLDMSK_L2_VIIRS_NOAA21.A2026157.2330.001.2026158073117.nc,2026-06-07T07:31:17.460Z,53812611,c17642a345c6de5cb97e4c5476e08b8f
A2026157.2336,2026-06-06T23:36Z,NOAA-21 VIIRS,VJ214IMG.A2026157.2336.002.2026158090236.nc,2026-06-07T09:02:36.000Z,2.0.14,852400,e24b3ab37f63e836c78b5f20447c5b55c2e9da4766e911aa01b8472991cb9e38,CLDMSK_L2_VIIRS_NOAA21.A2026157.2336.001.2026158073117.nc,2026-06-07T07:31:17.350Z,50030251,075d1100a358143dc0eae35c40fbbff0
A2026158.2130,2026-06-07T21:30Z,NOAA-21 VIIRS,VJ214IMG.A2026158.2130.002.2026159071606.nc,2026-06-08T07:16:06.000Z,2.0.14,1193426,e3b26bdadc59b4e640c6673273f052f7068eee29e551dc04ad4bd6050501ca97,CLDMSK_L2_VIIRS_NOAA21.A2026158.2130.001.2026159073219.nc,2026-06-08T07:32:19.090Z,52518144,cab769f85b778c44a12be89affb3795c
A2026158.2136,2026-06-07T21:36Z,NOAA-21 VIIRS,VJ214IMG.A2026158.2136.002.2026159071606.nc,2026-06-08T07:16:06.000Z,2.0.14,983161,c0f688c7382635afc65e3683efb892dea0e394e76a0e7382a6f790961ca51ee9,CLDMSK_L2_VIIRS_NOAA21.A2026158.2136.001.2026159073217.nc,2026-06-08T07:32:17.970Z,49930146,cb535b08c506eef270e4512675d2c21c
A2026158.2312,2026-06-07T23:12Z,NOAA-21 VIIRS,VJ214IMG.A2026158.2312.002.2026159103507.nc,2026-06-08T10:35:07.000Z,2.0.14,919733,22273032d707918559558cb8ea00cb689ad72a126aa92a26285828609700a63a,CLDMSK_L2_VIIRS_NOAA21.A2026158.2312.001.2026159073204.nc,2026-06-08T07:32:04.740Z,52577352,19a9b7ea3bd58c629821f86c4d551a0c
A2026158.2318,2026-06-07T23:18Z,NOAA-21 VIIRS,VJ214IMG.A2026158.2318.002.2026159103507.nc,2026-06-08T10:35:07.000Z,2.0.14,646439,4a76b2597c063dae9344cd0e3f2c72393fc211fcccf875fb72a5f26ff3524c42,CLDMSK_L2_VIIRS_NOAA21.A2026158.2318.001.2026159073203.nc,2026-06-08T07:32:03.470Z,47463409,4355fcae898b412c2bf37d2e8b6fc19c
A2026159.2112,2026-06-08T21:12Z,NOAA-21 VIIRS,VJ214IMG.A2026159.2112.002.2026160072832.nc,2026-06-09T07:28:32.000Z,2.0.14,1151033,f6d4ca17ca77beb87b3f2c4e57166244ced185aa066c298c2afb40d7350a1c74,CLDMSK_L2_VIIRS_NOAA21.A2026159.2112.001.2026160073310.nc,2026-06-09T07:33:10.390Z,52788019,4f3e079f9480f2b059a260cd5faf354a
A2026159.2118,2026-06-08T21:18Z,NOAA-21 VIIRS,VJ214IMG.A2026159.2118.002.2026160072836.nc,2026-06-09T07:28:36.000Z,2.0.14,1131096,7755fc1a6a3ff88fec02036b81afdcf80c3a621eb92a6e7c5cffc50778bb1e87,CLDMSK_L2_VIIRS_NOAA21.A2026159.2118.001.2026160073309.nc,2026-06-09T07:33:09.700Z,51079233,5e18b61092c8285fbb8de895c3209d48
A2026159.2254,2026-06-08T22:54Z,NOAA-21 VIIRS,VJ214IMG.A2026159.2254.002.2026160093605.nc,2026-06-09T09:36:05.000Z,2.0.14,812057,3c8844b29861e5661af7121f494644cf201db6c0ba38d55a9f24c0bb820fb4ad,CLDMSK_L2_VIIRS_NOAA21.A2026159.2254.001.2026160073256.nc,2026-06-09T07:32:56.410Z,50132146,1977221a1624565ebd8f4645bcfe6bfb
A2026159.2300,2026-06-08T23:00Z,NOAA-21 VIIRS,VJ214IMG.A2026159.2300.002.2026160093611.nc,2026-06-09T09:36:11.000Z,2.0.14,755731,0113bfa3a405a0594a8545e5c73ceecf996c1bab4659b57f1a598c45b506c903,CLDMSK_L2_VIIRS_NOAA21.A2026159.2300.001.2026160073255.nc,2026-06-09T07:32:55.960Z,47163517,a5a47e4e573c5bd3a94ee5b889b5d5cb
A2026160.2054,2026-06-09T20:54Z,NOAA-21 VIIRS,VJ214IMG.A2026160.2054.002.2026161074733.nc,2026-06-10T07:47:33.000Z,2.0.14,1064073,fbb85a8984c9ed1fcd9704c0d7f8822e23d2277e3f6f6e1d6144b31a4219202c,CLDMSK_L2_VIIRS_NOAA21.A2026160.2054.001.2026161073356.nc,2026-06-10T07:33:56.490Z,51905326,00fc28b76d756c53d0da3593c614b39c
A2026160.2100,2026-06-09T21:00Z,NOAA-21 VIIRS,VJ214IMG.A2026160.2100.002.2026161074730.nc,2026-06-10T07:47:30.000Z,2.0.14,1265531,c5f8b8d7e969765bb495b540027692e2b7efdeaebc791719f9641290434d6204,CLDMSK_L2_VIIRS_NOAA21.A2026160.2100.001.2026161073357.nc,2026-06-10T07:33:57.450Z,54550061,e3cb2fed5fcb31dcf6466becaedef6d4
A2026160.2236,2026-06-09T22:36Z,NOAA-21 VIIRS,VJ214IMG.A2026160.2236.002.2026161085806.nc,2026-06-10T08:58:06.000Z,2.0.14,698014,2ebc1de34cfadf11dea04ddcc9c0b2b8332809cb8c5a74f64fe35e05220f9557,CLDMSK_L2_VIIRS_NOAA21.A2026160.2236.001.2026161073356.nc,2026-06-10T07:33:56.810Z,48189925,9bb53ccc76f86615efdb5681c6eca1ff
A2026160.2242,2026-06-09T22:42Z,NOAA-21 VIIRS,VJ214IMG.A2026160.2242.002.2026161085805.nc,2026-06-10T08:58:05.000Z,2.0.14,828650,b683986d35a200e60b1f9738620792906257e688f07364cc6693353b8ccff888,CLDMSK_L2_VIIRS_NOAA21.A2026160.2242.001.2026161073343.nc,2026-06-10T07:33:43.940Z,49750848,d1d1b0c4ac059803dd138732446dd6b4
A2026161.2042,2026-06-10T20:42Z,NOAA-21 VIIRS,VJ214IMG.A2026161.2042.002.2026162100427.nc,2026-06-11T10:04:27.000Z,2.0.14,1442831,969370d49ebff86d5ebcddaab614904eb1d7526e6f6f5734d93a0e578340c538,CLDMSK_L2_VIIRS_NOAA21.A2026161.2042.001.2026162072448.nc,2026-06-11T07:24:48.450Z,56145163,637c50e4b8698f24ef0ab66c111a036a
A2026161.2218,2026-06-10T22:18Z,NOAA-21 VIIRS,VJ214IMG.A2026161.2218.002.2026162112710.nc,2026-06-11T11:27:10.000Z,2.0.14,588296,760ee56f49584c766748fbed50cedcc5e880ed7c60bbe6835d93aeace381f3c7,CLDMSK_L2_VIIRS_NOAA21.A2026161.2218.001.2026162072451.nc,2026-06-11T07:24:51.670Z,45571355,c39ec0cf6fc6327bf4ab41e18741dc8d
A2026161.2224,2026-06-10T22:24Z,NOAA-21 VIIRS,VJ214IMG.A2026161.2224.002.2026162112708.nc,2026-06-11T11:27:08.000Z,2.0.14,653248,c3535f46db98e2591c225dfd2893c34c119bb882b7db4964df2510b720a24a1e,CLDMSK_L2_VIIRS_NOAA21.A2026161.2224.001.2026162072451.nc,2026-06-11T07:24:51.090Z,55652989,1e0d3b544ec312e1d303ce5de695cf70
A2026162.0000,2026-06-11T00:00Z,NOAA-21 VIIRS,VJ214IMG.A2026162.0000.002.2026162151902.nc,2026-06-11T15:19:02.000Z,2.0.14,571990,b44937b5495b9c1a4a6559e845acceef9bcfdc95a7e643f8b6b9a34c11cf1e0a,CLDMSK_L2_VIIRS_NOAA21.A2026162.0000.001.2026162130444.nc,2026-06-11T13:04:44.800Z,47688995,87691fedbac06e1b11756fb82d9fcfbf
A2026162.2200,2026-06-11T22:00Z,NOAA-21 VIIRS,VJ214IMG.A2026162.2200.002.2026163075247.nc,2026-06-12T07:52:47.000Z,2.0.14,504667,3adc34531a4623cc5bb56f2d3d50de1958b02875646a5ea36ec89a0404a8aa5f,CLDMSK_L2_VIIRS_NOAA21.A2026162.2200.001.2026163072526.nc,2026-06-12T07:25:26.760Z,46734365,f04affb909555d0d603d1a4f74c9b5b1
A2026162.2206,2026-06-11T22:06Z,NOAA-21 VIIRS,VJ214IMG.A2026162.2206.002.2026163075247.nc,2026-06-12T07:52:47.000Z,2.0.14,498439,f195089febc4407e00ec937571c6e791c96165fc20bc3d73f6e246bf58055f9f,CLDMSK_L2_VIIRS_NOAA21.A2026162.2206.001.2026163072527.nc,2026-06-12T07:25:27.430Z,59326094,08fa7fdc234f6025e961f83348d67a76
A2026162.2336,2026-06-11T23:36Z,NOAA-21 VIIRS,VJ214IMG.A2026162.2336.002.2026163075241.nc,2026-06-12T07:52:41.000Z,2.0.14,1124037,ce5f069cad104c95d8f819487cf9f1a12e7d8964c4a0ef6229463900b34c62d1,CLDMSK_L2_VIIRS_NOAA21.A2026162.2336.001.2026163072533.nc,2026-06-12T07:25:33.550Z,54446827,96d2b11396290e4246bd8f199fffb814
A2026162.2342,2026-06-11T23:42Z,NOAA-21 VIIRS,VJ214IMG.A2026162.2342.002.2026163075240.nc,2026-06-12T07:52:40.000Z,2.0.14,576599,6879272ed0f8f29649b5ab95c18e1c860c3eeef65add1b73eac4dec7326a876e,CLDMSK_L2_VIIRS_NOAA21.A2026162.2342.001.2026163072533.nc,2026-06-12T07:25:33.420Z,47121336,fa59c9926bd63458b30c0dd6c3c019b5
A2026163.2136,2026-06-12T21:36Z,NOAA-21 VIIRS,VJ214IMG.A2026163.2136.002.2026164044541.nc,2026-06-13T04:45:41.000Z,2.0.14,1166844,636ce0637494c7584b2f03c9654a9682d091b464e575ee3ebd52382265861792,CLDMSK_L2_VIIRS_NOAA21.A2026163.2136.001.2026164072627.nc,2026-06-13T07:26:27.360Z,55215727,477b0dd2b4ab49ce398eae79a1abbdff
A2026163.2142,2026-06-12T21:42Z,NOAA-21 VIIRS,VJ214IMG.A2026163.2142.002.2026164044541.nc,2026-06-13T04:45:41.000Z,2.0.14,485491,44a6e04a19a38bb2f83e7c23fc9a5867018756645ced0de94efbee33dfba4490,CLDMSK_L2_VIIRS_NOAA21.A2026163.2142.001.2026164072627.nc,2026-06-13T07:26:27.020Z,50037297,641b75b303c08247350ecea1fc215e2d
A2026163.2318,2026-06-12T23:18Z,NOAA-21 VIIRS,VJ214IMG.A2026163.2318.002.2026164062505.nc,2026-06-13T06:25:05.000Z,2.0.14,1045034,d65a1d4bd842b41e0c5f9237422aff09be268e5f71d8097cbd5afee1ed3a1eb4,CLDMSK_L2_VIIRS_NOAA21.A2026163.2318.001.2026164072704.nc,2026-06-13T07:27:04.110Z,54054880,ef75690c22d0b20158abc94dd5ea8fc1
A2026163.2324,2026-06-12T23:24Z,NOAA-21 VIIRS,VJ214IMG.A2026163.2324.002.2026164062504.nc,2026-06-13T06:25:04.000Z,2.0.14,629835,237614104af4e11f3b3f46c3fc74c676b71b6c70153d10427ca93c0bb46091d8,CLDMSK_L2_VIIRS_NOAA21.A2026163.2324.001.2026164072700.nc,2026-06-13T07:27:00.360Z,47200128,263b62ca8407564c94c0b1e9e9e4d75e
A2026164.2118,2026-06-13T21:18Z,NOAA-21 VIIRS,VJ214IMG.A2026164.2118.002.2026165044335.nc,2026-06-14T04:43:35.000Z,2.0.14,1166124,fc670e76a7a6b5b066e413f7c65ffe8e586d1c7880b1e22884ef7d7aaafa2c69,CLDMSK_L2_VIIRS_NOAA21.A2026164.2118.001.2026165073715.nc,2026-06-14T07:37:15.350Z,54028751,02818960e0c10396ece53125f55b974d
A2026164.2124,2026-06-13T21:24Z,NOAA-21 VIIRS,VJ214IMG.A2026164.2124.002.2026165044338.nc,2026-06-14T04:43:38.000Z,2.0.14,504771,84e0629c31e675c108230f444069c424018af398264062b7cadddca678d69a76,CLDMSK_L2_VIIRS_NOAA21.A2026164.2124.001.2026165073715.nc,2026-06-14T07:37:15.300Z,52674029,cc9edc7539da96efd33aad40cfc300c6
A2026164.2300,2026-06-13T23:00Z,NOAA-21 VIIRS,VJ214IMG.A2026164.2300.002.2026165064509.nc,2026-06-14T06:45:09.000Z,2.0.14,986164,57f13746b0fecd9f6c904f842b1ce8981005fc9cb245668f8fabd3f550c05e8f,CLDMSK_L2_VIIRS_NOAA21.A2026164.2300.001.2026165073749.nc,2026-06-14T07:37:49.270Z,52328243,95e8b2c43f0ebe4b9d5becb7d86dfa0b
A2026164.2306,2026-06-13T23:06Z,NOAA-21 VIIRS,VJ214IMG.A2026164.2306.002.2026165064508.nc,2026-06-14T06:45:08.000Z,2.0.14,1012671,fffd58d631eded800854c62055807653386b9fbd894cd30c6b6b787d3652f6ac,CLDMSK_L2_VIIRS_NOAA21.A2026164.2306.001.2026165073746.nc,2026-06-14T07:37:46.320Z,46978032,dc473505b57c8484606a722fbd205083
A2026165.2100,2026-06-14T21:00Z,NOAA-21 VIIRS,VJ214IMG.A2026165.2100.002.2026166064435.nc,2026-06-15T06:44:35.000Z,2.0.14,1201550,2c818026bd532286ae2c5730a53ad983d81416a0083e720a1297aea0d0b81a90,CLDMSK_L2_VIIRS_NOAA21.A2026165.2100.001.2026166072819.nc,2026-06-15T07:28:19.330Z,54367459,6aa9b4a74c423fe1b064afac05336312
A2026165.2106,2026-06-14T21:06Z,NOAA-21 VIIRS,VJ214IMG.A2026165.2106.002.2026166064435.nc,2026-06-15T06:44:35.000Z,2.0.14,604824,a460736818600cae0d180e94963ee876fa5373f6b550da2b3e9d606798342e7f,CLDMSK_L2_VIIRS_NOAA21.A2026165.2106.001.2026166072822.nc,2026-06-15T07:28:22.510Z,54949225,4adc66b2bcf52358749079314b884a97
A2026165.2242,2026-06-14T22:42Z,NOAA-21 VIIRS,VJ214IMG.A2026165.2242.002.2026166082213.nc,2026-06-15T08:22:13.000Z,2.0.14,786770,f52c7adfdc32fd0c0ae775bd7ea8fe304b38256f5d1da961c2cbcb948da9c319,CLDMSK_L2_VIIRS_NOAA21.A2026165.2242.001.2026166072807.nc,2026-06-15T07:28:07.630Z,49295583,feb87c1920ea9c0dba9cc86f2e17e018
A2026165.2248,2026-06-14T22:48Z,NOAA-21 VIIRS,VJ214IMG.A2026165.2248.002.2026166082216.nc,2026-06-15T08:22:16.000Z,2.0.14,919941,8d721bbf79922ee520669e25abcf238f4b4898532303fc980eee67b3cdbea1e2,CLDMSK_L2_VIIRS_NOAA21.A2026165.2248.001.2026166072806.nc,2026-06-15T07:28:06.230Z,49391308,01a0b4193c375e50d66b83f5eeed9e0f
A2026166.2042,2026-06-15T20:42Z,NOAA-21 VIIRS,VJ214IMG.A2026166.2042.002.2026167064044.nc,2026-06-16T06:40:44.000Z,2.0.14,1232968,698fc41327bbae5d15d63b611a47ec5efc2f3fe2298beb482bb7ef524c706486,CLDMSK_L2_VIIRS_NOAA21.A2026166.2042.001.2026167072851.nc,2026-06-16T07:28:51.190Z,54799261,3dc03b542ef462d1897f801001c6940e
A2026166.2048,2026-06-15T20:48Z,NOAA-21 VIIRS,VJ214IMG.A2026166.2048.002.2026167074553.nc,2026-06-16T07:45:53.000Z,2.0.14,827110,8e540d4b6d67ec5c1357050d468cdeaf075bed22de54849f92599e10a33aff91,CLDMSK_L2_VIIRS_NOAA21.A2026166.2048.001.2026167072859.nc,2026-06-16T07:28:59.730Z,55819383,bde8e20848208e4c49fc051d683742a8
A2026166.2224,2026-06-15T22:24Z,NOAA-21 VIIRS,VJ214IMG.A2026166.2224.002.2026167084712.nc,2026-06-16T08:47:12.000Z,2.0.14,584043,b9e3507cde24c5953f459a0f589abf5017dc6168783dc03a88beb0b39db252c1,CLDMSK_L2_VIIRS_NOAA21.A2026166.2224.001.2026167072845.nc,2026-06-16T07:28:45.240Z,47214348,415368c3f5c9c975ddad0509a73f597e
A2026166.2230,2026-06-15T22:30Z,NOAA-21 VIIRS,VJ214IMG.A2026166.2230.002.2026167084713.nc,2026-06-16T08:47:13.000Z,2.0.14,1134203,3595d98d1ca2be29bf16bcf3780ff30eb2540a7fcff467cdd1d7ac9ec8610ee8,CLDMSK_L2_VIIRS_NOAA21.A2026166.2230.001.2026167072845.nc,2026-06-16T07:28:45.970Z,52995715,34abc0374f3a84abdc931f8b14d285f3
A2026167.0006,2026-06-16T00:06Z,NOAA-21 VIIRS,VJ214IMG.A2026167.0006.002.2026167212612.nc,2026-06-16T21:26:12.000Z,2.0.14,578835,01d9482437a2ffb23c5ee693959522564d204b08936cb610a61583c1d1594b61,CLDMSK_L2_VIIRS_NOAA21.A2026167.0006.001.2026167125851.nc,2026-06-16T12:58:51.810Z,46025819,4f7040f90951714e753fcf875d9995f4
A2026167.2206,2026-06-16T22:06Z,NOAA-21 VIIRS,VJ214IMG.A2026167.2206.002.2026168050810.nc,2026-06-17T05:08:10.000Z,2.0.14,652464,b7b3a48167a9601d74f2aee289b5e9b3373454d426194249acb00bed884457b6,CLDMSK_L2_VIIRS_NOAA21.A2026167.2206.001.2026168072951.nc,2026-06-17T07:29:51.620Z,48652555,415f862f1a345fcf5b846b814400420c
A2026167.2212,2026-06-16T22:12Z,NOAA-21 VIIRS,VJ214IMG.A2026167.2212.002.2026168050812.nc,2026-06-17T05:08:12.000Z,2.0.14,987371,69de5cefee09440e87c464fd4183636df174de5beb33ea27d0c5d079e21bf2fa,CLDMSK_L2_VIIRS_NOAA21.A2026167.2212.001.2026168072950.nc,2026-06-17T07:29:50.310Z,57380828,dbdaee4efcffc9fedff53d5cc9f231a5
A2026167.2348,2026-06-16T23:48Z,NOAA-21 VIIRS,VJ214IMG.A2026167.2348.002.2026168063639.nc,2026-06-17T06:36:39.000Z,2.0.14,625821,267f5d5b9caf58c853db9628c8e851561a6fc92d1749e9dcd55ba99c1733f8e7,CLDMSK_L2_VIIRS_NOAA21.A2026167.2348.001.2026168072937.nc,2026-06-17T07:29:37.030Z,46185366,0dee14ae7bd77ef84e827c329a0eebae
A2026168.2142,2026-06-17T21:42Z,NOAA-21 VIIRS,VJ214IMG.A2026168.2142.002.2026169033833.nc,2026-06-18T03:38:33.000Z,2.0.14,1085423,4f88dd77914bb3585efecbfc2dba12cc599152da9e702a7a28a6a3102f0fe7af,CLDMSK_L2_VIIRS_NOAA21.A2026168.2142.001.2026169073413.nc,2026-06-18T07:34:13.470Z,54318935,e4a7d15e775bec01c31fe6188c8840b1
A2026168.2148,2026-06-17T21:48Z,NOAA-21 VIIRS,VJ214IMG.A2026168.2148.002.2026169043713.nc,2026-06-18T04:37:13.000Z,2.0.14,602472,a27313de0b6c6b2d871bde121abece757032df1546284c7172fd6132d383be4e,CLDMSK_L2_VIIRS_NOAA21.A2026168.2148.001.2026169073414.nc,2026-06-18T07:34:14.850Z,50926908,4ea91b96e7204db30b7104446fd087c5
A2026168.2324,2026-06-17T23:24Z,NOAA-21 VIIRS,VJ214IMG.A2026168.2324.002.2026169045610.nc,2026-06-18T04:56:10.000Z,2.0.14,939050,b84aa067a98ede91299c24fb713c0af45ee6173ac0e83799e191714c99f9cb61,CLDMSK_L2_VIIRS_NOAA21.A2026168.2324.001.2026169073413.nc,2026-06-18T07:34:13.810Z,53257632,df666b81b8633f0998e99832b7df7214
A2026168.2330,2026-06-17T23:30Z,NOAA-21 VIIRS,VJ214IMG.A2026168.2330.002.2026169045615.nc,2026-06-18T04:56:15.000Z,2.0.14,719653,ed5267f11932f9c4faf969fcbc25a19781483f01811b491dc1f7b5b3de96e450,CLDMSK_L2_VIIRS_NOAA21.A2026168.2330.001.2026169073411.nc,2026-06-18T07:34:11.510Z,47825143,2516f4a664ad8d7ce3583e2df48d0d01
A2026169.2124,2026-06-18T21:24Z,NOAA-21 VIIRS,VJ214IMG.A2026169.2124.002.2026170024211.nc,2026-06-19T02:42:11.000Z,2.0.14,1106300,a60fbdd1c71949bffcca6a14ab1fbef7cae82dde865d2f32b3e894bf81a2f22c,CLDMSK_L2_VIIRS_NOAA21.A2026169.2124.001.2026170072458.nc,2026-06-19T07:24:58.360Z,53732710,12c56615e9b02980f82a701b532f0bde
A2026169.2130,2026-06-18T21:30Z,NOAA-21 VIIRS,VJ214IMG.A2026169.2130.002.2026170024212.nc,2026-06-19T02:42:12.000Z,2.0.14,997609,189f7978fc7e0b2d644906bb8ec4e2845d6d84dc48f54074d4b5901f74c80992,CLDMSK_L2_VIIRS_NOAA21.A2026169.2130.001.2026170072456.nc,2026-06-19T07:24:56.790Z,52095647,e17b78649e15096e6f4b970b852ce191
A2026169.2306,2026-06-18T23:06Z,NOAA-21 VIIRS,VJ214IMG.A2026169.2306.002.2026170045346.nc,2026-06-19T04:53:46.000Z,2.0.14,903824,eb703d6e11b6412f0e5837f1ba625a3f01ada30618df2a5f0db5eb31967d2d9a,CLDMSK_L2_VIIRS_NOAA21.A2026169.2306.001.2026170072455.nc,2026-06-19T07:24:55.950Z,52514405,bdcf3df846d05a044e544e92063298b2
A2026169.2312,2026-06-18T23:12Z,NOAA-21 VIIRS,VJ214IMG.A2026169.2312.002.2026170045346.nc,2026-06-19T04:53:46.000Z,2.0.14,841610,fe6bc4f488cf45fe0a732797402f663b81998f2ed3676ae2c84d5e9935f7cb34,CLDMSK_L2_VIIRS_NOAA21.A2026169.2312.001.2026170072459.nc,2026-06-19T07:24:59.140Z,49035467,e10d4907a8ac0fb38e4621209784bd77
A2026170.2106,2026-06-19T21:06Z,NOAA-21 VIIRS,VJ214IMG.A2026170.2106.002.2026171030611.nc,2026-06-20T03:06:11.000Z,2.0.14,1082985,ed0ef35d40a102d6f4b064e4961cea05c96160e16c9c9d4c820cefd8556077ab,CLDMSK_L2_VIIRS_NOAA21.A2026170.2106.001.2026171072518.nc,2026-06-20T07:25:18.600Z,54429432,f40499cc86239ced4376f42cbda73a06
A2026170.2112,2026-06-19T21:12Z,NOAA-21 VIIRS,VJ214IMG.A2026170.2112.002.2026171030610.nc,2026-06-20T03:06:10.000Z,2.0.14,1219288,5e2a00f74e19991dc56076e5ec367002508330be9e4988c5db1cb1d1010a3c17,CLDMSK_L2_VIIRS_NOAA21.A2026170.2112.001.2026171072521.nc,2026-06-20T07:25:21.630Z,53779207,61aaf5fe91f72e2dade2dd3f385eba95
A2026170.2248,2026-06-19T22:48Z,NOAA-21 VIIRS,VJ214IMG.A2026170.2248.002.2026171045810.nc,2026-06-20T04:58:10.000Z,2.0.14,746463,3d9b5459667b6fca1ab99be5c3d17c5563e172054e71eba72797e0f5961601a7,CLDMSK_L2_VIIRS_NOAA21.A2026170.2248.001.2026171072519.nc,2026-06-20T07:25:19.710Z,48508041,0d56c15e4c25f8101ff1da58fef6a53e
A2026170.2254,2026-06-19T22:54Z,NOAA-21 VIIRS,VJ214IMG.A2026170.2254.002.2026171045811.nc,2026-06-20T04:58:11.000Z,2.0.14,753688,7b8faf393958f0ecd1a3f92738bc33c5aa2dc7332acd0017506e511093d9416a,CLDMSK_L2_VIIRS_NOAA21.A2026170.2254.001.2026171072521.nc,2026-06-20T07:25:21.500Z,49724345,1bbd1b1a07fb732accc524ceca4e29f5
A2026171.2048,2026-06-20T20:48Z,NOAA-21 VIIRS,VJ214IMG.A2026171.2048.002.2026172025512.nc,2026-06-21T02:55:12.000Z,2.0.14,1392831,167a79824a70ee5638be8b431ee08f78392eb139e15fedd896cc04c83abde63d,CLDMSK_L2_VIIRS_NOAA21.A2026171.2048.001.2026172072607.nc,2026-06-21T07:26:07.570Z,53993216,b622150bd5e0ec41cb9debede2e90faa
A2026171.2054,2026-06-20T20:54Z,NOAA-21 VIIRS,VJ214IMG.A2026171.2054.002.2026172025512.nc,2026-06-21T02:55:12.000Z,2.0.14,1919749,72d8971ebf99e076b1a393146a81f6980bfc42700d867438763821df1d406b5b,CLDMSK_L2_VIIRS_NOAA21.A2026171.2054.001.2026172072606.nc,2026-06-21T07:26:06.880Z,53887527,6766a5d370962c22239bcdd9fce90998
A2026171.2230,2026-06-20T22:30Z,NOAA-21 VIIRS,VJ214IMG.A2026171.2230.002.2026172044338.nc,2026-06-21T04:43:38.000Z,2.0.14,595142,c4a68aacf66bcd773ee1be72c3bbab53b0065e2aee92c3ad9ba540ec5b6fce00,CLDMSK_L2_VIIRS_NOAA21.A2026171.2230.001.2026172072610.nc,2026-06-21T07:26:10.250Z,46714948,0d3bbb5590bd45631cc30ba52b36b219
A2026171.2236,2026-06-20T22:36Z,NOAA-21 VIIRS,VJ214IMG.A2026171.2236.002.2026172044343.nc,2026-06-21T04:43:43.000Z,2.0.14,683747,2243b62caf2a8bab51ee9684b3b229abd27172be73283f0ffb2c2f103763fe09,CLDMSK_L2_VIIRS_NOAA21.A2026171.2236.001.2026172072609.nc,2026-06-21T07:26:09.860Z,54690167,8234aa3da0288be3d009f0b79b981956
A2026172.2212,2026-06-21T22:12Z,NOAA-21 VIIRS,VJ214IMG.A2026172.2212.002.2026173051716.nc,2026-06-22T05:17:16.000Z,2.0.14,552385,8686f878f56189d44fd587fba560b339e1c97a264f4e06ab7e8de3cc8b68e50d,CLDMSK_L2_VIIRS_NOAA21.A2026172.2212.001.2026173072655.nc,2026-06-22T07:26:55.810Z,46436220,ffc91910addf98e4352cba16eb6e72b1
A2026172.2218,2026-06-21T22:18Z,NOAA-21 VIIRS,VJ214IMG.A2026172.2218.002.2026173051716.nc,2026-06-22T05:17:16.000Z,2.0.14,837672,6a990c68131d60b48bde361e6053fbb7748cbe9c6d876b1574d6feceac520744,CLDMSK_L2_VIIRS_NOAA21.A2026172.2218.001.2026173072647.nc,2026-06-22T07:26:47.540Z,59136170,290c351bea2513678459068fedc96ed4
A2026172.2354,2026-06-21T23:54Z,NOAA-21 VIIRS,VJ214IMG.A2026172.2354.002.2026173072517.nc,2026-06-22T07:25:17.000Z,2.0.14,480069,75294d52741afa1e36bff5e8867541a9411584e52b81139238f9f362cb2dcbb0,CLDMSK_L2_VIIRS_NOAA21.A2026172.2354.001.2026173072653.nc,2026-06-22T07:26:53.730Z,45117090,875ea5c792853362fa1c0983044e9cd5
A2026173.2148,2026-06-22T21:48Z,NOAA-21 VIIRS,VJ214IMG.A2026173.2148.002.2026174042045.nc,2026-06-23T04:20:45.000Z,2.0.14,1139820,468d46c9566c407087dffeae8c5cb400682b515dadf0a7c6b990479ca53b55a8,CLDMSK_L2_VIIRS_NOAA21.A2026173.2148.001.2026174072744.nc,2026-06-23T07:27:44.900Z,53639904,d13a87d4f2998c4d775877015c8bd833
A2026173.2154,2026-06-22T21:54Z,NOAA-21 VIIRS,VJ214IMG.A2026173.2154.002.2026174043215.nc,2026-06-23T04:32:15.000Z,2.0.14,780651,f4c31c988e644b0510410429d9b20031722b4578d3566030ed8e7fb46bc5eca9,CLDMSK_L2_VIIRS_NOAA21.A2026173.2154.001.2026174072744.nc,2026-06-23T07:27:44.210Z,49328161,0f622708d388f6d5ecd25450884eccd6
A2026173.2330,2026-06-22T23:30Z,NOAA-21 VIIRS,VJ214IMG.A2026173.2330.002.2026174043216.nc,2026-06-23T04:32:16.000Z,2.0.14,890701,48e7debd82888a5b0f61a24091f3916311d79fbd5aa4c9c5ed75890d6c78cab4,CLDMSK_L2_VIIRS_NOAA21.A2026173.2330.001.2026174072730.nc,2026-06-23T07:27:30.270Z,53261213,02dc70048f481a2841389b983298d461
A2026173.2336,2026-06-22T23:36Z,NOAA-21 VIIRS,VJ214IMG.A2026173.2336.002.2026174043217.nc,2026-06-23T04:32:17.000Z,2.0.14,634866,68e37d495289ecb149909e5ac46b2d3a727407aa6f407dc52446feda726f6a29,CLDMSK_L2_VIIRS_NOAA21.A2026173.2336.001.2026174072732.nc,2026-06-23T07:27:32.820Z,46498727,f0a1a9ba3fc46308ab04ed5bce92880c
A2026174.2130,2026-06-23T21:30Z,NOAA-21 VIIRS,VJ214IMG.A2026174.2130.002.2026211204051.nc,2026-07-30T20:40:51.000Z,2.0.14,969028,f02a85055c46a20055826df569a081283d63bfbb4e93d3d3615df5c69c179d8e,CLDMSK_L2_VIIRS_NOAA21.A2026174.2130.001.2026175072840.nc,2026-06-24T07:28:40.340Z,53423866,2f8348b9a274ba2ad1c376a4aa1404e6
A2026174.2136,2026-06-23T21:36Z,NOAA-21 VIIRS,VJ214IMG.A2026174.2136.002.2026211204049.nc,2026-07-30T20:40:49.000Z,2.0.14,885417,3660f5584d054140d5b6929575af8011f860aea7057e012d7b1d5a0dec796c31,CLDMSK_L2_VIIRS_NOAA21.A2026174.2136.001.2026175072840.nc,2026-06-24T07:28:40.060Z,52456449,83d4249e5f762311c5b23967a4adea23
A2026174.2312,2026-06-23T23:12Z,NOAA-21 VIIRS,VJ214IMG.A2026174.2312.002.2026211204046.nc,2026-07-30T20:40:46.000Z,2.0.14,862731,75cceaf8631f814a221bf2dcb3c8a781d04af5ea71e2575cfd88d40c355262c3,CLDMSK_L2_VIIRS_NOAA21.A2026174.2312.001.2026175072827.nc,2026-06-24T07:28:27.420Z,51118588,dc30041dd53602987ea5c0350f65b2ce
A2026174.2318,2026-06-23T23:18Z,NOAA-21 VIIRS,VJ214IMG.A2026174.2318.002.2026211204048.nc,2026-07-30T20:40:48.000Z,2.0.14,936189,fe5ead5279d2d953235680db36afbe71508ccc3b32355367b9811e7bfbc78807,CLDMSK_L2_VIIRS_NOAA21.A2026174.2318.001.2026175072826.nc,2026-06-24T07:28:26.750Z,47962822,1a7137744c06de83dff553af21676964
A2026175.2112,2026-06-24T21:12Z,NOAA-21 VIIRS,VJ214IMG.A2026175.2112.002.2026211205219.nc,2026-07-30T20:52:19.000Z,2.0.14,991545,803986f6c833e8bb03288bd07962cf877ce4517b3aefa6100ff2338445f63813,CLDMSK_L2_VIIRS_NOAA21.A2026175.2112.001.2026176072921.nc,2026-06-25T07:29:21.780Z,52242626,3bf5002c92b1d82ab6d140c5e8c691fb
A2026175.2118,2026-06-24T21:18Z,NOAA-21 VIIRS,VJ214IMG.A2026175.2118.002.2026211205221.nc,2026-07-30T20:52:21.000Z,2.0.14,1044984,6dafbc0d926a3ad862dbae775a96180b2f7f7dd0d4139e6f0b02e2ce2d7186ac,CLDMSK_L2_VIIRS_NOAA21.A2026175.2118.001.2026176072918.nc,2026-06-25T07:29:18.160Z,54610254,91ed2a13e7369ff9eef10e2e668dca4d
A2026175.2254,2026-06-24T22:54Z,NOAA-21 VIIRS,VJ214IMG.A2026175.2254.002.2026211205216.nc,2026-07-30T20:52:16.000Z,2.0.14,824662,33cf1ca71b557e8111fec12df62bdd2df8eb886efe821de12b1fb90dd6498bc1,CLDMSK_L2_VIIRS_NOAA21.A2026175.2254.001.2026176072902.nc,2026-06-25T07:29:02.540Z,49367371,6555f510373caa00c56b019c5531da3f
A2026175.2300,2026-06-24T23:00Z,NOAA-21 VIIRS,VJ214IMG.A2026175.2300.002.2026211205217.nc,2026-07-30T20:52:17.000Z,2.0.14,1141168,0a0b0b08bc0a6c342d361a941a87920767310e9966a85fe095b280843f97cba9,CLDMSK_L2_VIIRS_NOAA21.A2026175.2300.001.2026176072904.nc,2026-06-25T07:29:04.390Z,52031484,30fa62a521335fbcb48498be84dabb42
A2026176.2054,2026-06-25T20:54Z,NOAA-21 VIIRS,VJ214IMG.A2026176.2054.002.2026211210356.nc,2026-07-30T21:03:56.000Z,2.0.14,1327565,73e72a1b5a74140839bec18a1c73958417f692229b7ce97e87726f3041a31cf3,CLDMSK_L2_VIIRS_NOAA21.A2026176.2054.001.2026177073716.nc,2026-06-26T07:37:16.530Z,55526471,00244bc50e6079c631c86120ecccdab7
A2026176.2100,2026-06-25T21:00Z,NOAA-21 VIIRS,VJ214IMG.A2026176.2100.002.2026211210354.nc,2026-07-30T21:03:54.000Z,2.0.14,1334755,afc2868eccbd295d603677aaf48a36bd629cbda3c12a9b0672018d25b277045e,CLDMSK_L2_VIIRS_NOAA21.A2026176.2100.001.2026177073716.nc,2026-06-26T07:37:16.320Z,55637993,1d13dfbbbebd337be6408059af7ddd87
A2026176.2236,2026-06-25T22:36Z,NOAA-21 VIIRS,VJ214IMG.A2026176.2236.002.2026211210353.nc,2026-07-30T21:03:53.000Z,2.0.14,779158,139d12f8a93fe95c7701ba81b98dd7d9ea0d86f2520e81834b17ff9265a516ba,CLDMSK_L2_VIIRS_NOAA21.A2026176.2236.001.2026177073702.nc,2026-06-26T07:37:02.170Z,49689839,e9db477c8076bfd37c76e2258ecfb6e7
A2026176.2242,2026-06-25T22:42Z,NOAA-21 VIIRS,VJ214IMG.A2026176.2242.002.2026211210356.nc,2026-07-30T21:03:56.000Z,2.0.14,1133007,9d0528bf227c84922b333acce53f7df0cbfbd8a8931399e71e4068b83994e8f4,CLDMSK_L2_VIIRS_NOAA21.A2026176.2242.001.2026177073702.nc,2026-06-26T07:37:02.570Z,54795031,f65775fadd69ac72998249422138462b
A2026177.2042,2026-06-26T20:42Z,NOAA-21 VIIRS,VJ214IMG.A2026177.2042.002.2026211211712.nc,2026-07-30T21:17:12.000Z,2.0.14,1967168,b3ae0f5cfc6ed393205b96d0619b2b8148eeeacc9f57aa3068191ef2a6b96b27,CLDMSK_L2_VIIRS_NOAA21.A2026177.2042.001.2026178072904.nc,2026-06-27T07:29:04.150Z,52023379,e85125ef5232c32511049de6304ae9fb
A2026177.2218,2026-06-26T22:18Z,NOAA-21 VIIRS,VJ214IMG.A2026177.2218.002.2026211211723.nc,2026-07-30T21:17:23.000Z,2.0.14,767281,a11a66d997652c7e1d1f981d8a0e43e36fefed3146c9189810a1927824dffc11,CLDMSK_L2_VIIRS_NOAA21.A2026177.2218.001.2026178072900.nc,2026-06-27T07:29:00.920Z,49012992,0485525f85c8eb1435c6e8e55a7d88ba
A2026177.2224,2026-06-26T22:24Z,NOAA-21 VIIRS,VJ214IMG.A2026177.2224.002.2026211211721.nc,2026-07-30T21:17:21.000Z,2.0.14,1026709,5830bca80cb8d7af4cf612fcdef34d09cb6d5a6254a12fd5e5f13302ab09eda5,CLDMSK_L2_VIIRS_NOAA21.A2026177.2224.001.2026178072850.nc,2026-06-27T07:28:50.530Z,58071494,ffecb1c4ead88a5003c189a92b7cf173
A2026178.0000,2026-06-27T00:00Z,NOAA-21 VIIRS,VJ214IMG.A2026178.0000.002.2026211212649.nc,2026-07-30T21:26:49.000Z,2.0.14,449065,c9d9211533ac9d5b446d9b4730859c1f124bba10b5ddf7cb9a7c34296650a813,CLDMSK_L2_VIIRS_NOAA21.A2026178.0000.001.2026178131856.nc,2026-06-27T13:18:56.880Z,45789945,bb80c89182779a6d8904272a8668795a
A2026178.2200,2026-06-27T22:00Z,NOAA-21 VIIRS,VJ214IMG.A2026178.2200.002.2026211213128.nc,2026-07-30T21:31:28.000Z,2.0.14,680293,91f85b294806012cfb34de3253a5e30469eb3c6bd7075a9e879ab14f6031194f,CLDMSK_L2_VIIRS_NOAA21.A2026178.2200.001.2026179072931.nc,2026-06-28T07:29:31.250Z,50117630,b599db0801d2a607bcc5c30a18ec4454
A2026178.2206,2026-06-27T22:06Z,NOAA-21 VIIRS,VJ214IMG.A2026178.2206.002.2026211213129.nc,2026-07-30T21:31:29.000Z,2.0.14,752719,25c6e244a9dd5abf60e3d2c27d41b8a53d3f74c1a7a66e1facf4ca8591830a89,CLDMSK_L2_VIIRS_NOAA21.A2026178.2206.001.2026179072920.nc,2026-06-28T07:29:20.680Z,59736943,c36898a00e0b51852fb70b8d74d02d97
A2026178.2336,2026-06-27T23:36Z,NOAA-21 VIIRS,VJ214IMG.A2026178.2336.002.2026211213200.nc,2026-07-30T21:32:00.000Z,2.0.14,970020,bbe6e6b15279a7ad28c17bff2edb57da55731e72a2c02fb55fffef1801017792,CLDMSK_L2_VIIRS_NOAA21.A2026178.2336.001.2026179072918.nc,2026-06-28T07:29:18.550Z,53479120,fb6c956baad3f01830a2ac6f4524f2e5
A2026178.2342,2026-06-27T23:42Z,NOAA-21 VIIRS,VJ214IMG.A2026178.2342.002.2026211213208.nc,2026-07-30T21:32:08.000Z,2.0.14,539149,fb8cb24f10eedd0b60c38d672465d41e13b9166bbb05ba25a4726e4630548330,CLDMSK_L2_VIIRS_NOAA21.A2026178.2342.001.2026179072923.nc,2026-06-28T07:29:23.880Z,46169869,878c60c310b36bda71449068545418a5
A2026179.2136,2026-06-28T21:36Z,NOAA-21 VIIRS,VJ214IMG.A2026179.2136.002.2026180022220.nc,2026-06-29T02:22:20.000Z,2.0.14,1036093,cf56d7d5ea06e4f01fde75d4ccfe8b7e346851184048a0d5d8b53a25b17cc8e7,CLDMSK_L2_VIIRS_NOAA21.A2026179.2136.001.2026180073000.nc,2026-06-29T07:30:00.550Z,52834327,acd20c127ab4649d799abcc6f7787853
A2026179.2142,2026-06-28T21:42Z,NOAA-21 VIIRS,VJ214IMG.A2026179.2142.002.2026180022219.nc,2026-06-29T02:22:19.000Z,2.0.14,820456,d740805065e52c3896e95cc65bc348dcae5194b25e6e6077ee645ec188bf8dda,CLDMSK_L2_VIIRS_NOAA21.A2026179.2142.001.2026180073000.nc,2026-06-29T07:30:00.570Z,51380115,3df097c770cf72311da0c52f52915bdf
A2026179.2318,2026-06-28T23:18Z,NOAA-21 VIIRS,VJ214IMG.A2026179.2318.002.2026180040221.nc,2026-06-29T04:02:21.000Z,2.0.14,753355,67cde8451c07b783c5e1c7e969202c3daad75532a192471aae1a88139b2823e3,CLDMSK_L2_VIIRS_NOAA21.A2026179.2318.001.2026180072946.nc,2026-06-29T07:29:46.940Z,50113388,9662d6d51e210f424c7cca62e57a288f
A2026179.2324,2026-06-28T23:24Z,NOAA-21 VIIRS,VJ214IMG.A2026179.2324.002.2026180040221.nc,2026-06-29T04:02:21.000Z,2.0.14,753660,f01e094a935abdce65f49e67991b9c27c9a96f37ae7303416395967ccb50302c,CLDMSK_L2_VIIRS_NOAA21.A2026179.2324.001.2026180072947.nc,2026-06-29T07:29:47.540Z,48338337,2b4dd2987c243baa6c3be1ae554d8616
A2026180.2118,2026-06-29T21:18Z,NOAA-21 VIIRS,VJ214IMG.A2026180.2118.002.2026181020357.nc,2026-06-30T02:03:57.000Z,2.0.14,996578,57120636f300fcefa48f77fcad7af251ab812fa9fb2d0585ad9d134ae51d3d59,CLDMSK_L2_VIIRS_NOAA21.A2026180.2118.001.2026181074058.nc,2026-06-30T07:40:58.990Z,52932092,8ea7be68cc5bde9e512310a6a32ee397
A2026180.2124,2026-06-29T21:24Z,NOAA-21 VIIRS,VJ214IMG.A2026180.2124.002.2026181020358.nc,2026-06-30T02:03:58.000Z,2.0.14,1048778,6381f30506c03aadfa495010408a3de99a3fea422280245d427a049b1b679353,CLDMSK_L2_VIIRS_NOAA21.A2026180.2124.001.2026181074057.nc,2026-06-30T07:40:57.110Z,53726489,a055672ada052ff31d856e369db405aa
A2026180.2300,2026-06-29T23:00Z,NOAA-21 VIIRS,VJ214IMG.A2026180.2300.002.2026181050149.nc,2026-06-30T05:01:49.000Z,2.0.14,806935,c50bb45343a17a3b6bc63a5d64bd90cf83d93df1dfcea7502cd57ee9f9de42a9,CLDMSK_L2_VIIRS_NOAA21.A2026180.2300.001.2026181074041.nc,2026-06-30T07:40:41.350Z,49701926,6dcc39ae5c9613579dcc9eb587f33c34
A2026180.2306,2026-06-29T23:06Z,NOAA-21 VIIRS,VJ214IMG.A2026180.2306.002.2026181050148.nc,2026-06-30T05:01:48.000Z,2.0.14,819713,ea719e3c694981ce5d0ad9843249859f030d36366ea2b5948be8df91fe5e6790,CLDMSK_L2_VIIRS_NOAA21.A2026180.2306.001.2026181074041.nc,2026-06-30T07:40:41.030Z,49079300,f7f372f436f8c5d6249a13aeb086d72b
A2026181.2100,2026-06-30T21:00Z,NOAA-21 VIIRS,VJ214IMG.A2026181.2100.002.2026182024500.nc,2026-07-01T02:45:00.000Z,2.0.14,1148419,fe688cfab074559c1bf19f8dfcb7306667c6d45271df04161721db6014aeeee1,CLDMSK_L2_VIIRS_NOAA21.A2026181.2100.001.2026182074118.nc,2026-07-01T07:41:18.260Z,53300447,aeb0a5a43561a5fac292083da30dd74b
A2026181.2106,2026-06-30T21:06Z,NOAA-21 VIIRS,VJ214IMG.A2026181.2106.002.2026182024501.nc,2026-07-01T02:45:01.000Z,2.0.14,1231718,8f7676de0d047a56a3e70ff520c475d0ddbaa0f0d024e74f2f40844d88499700,CLDMSK_L2_VIIRS_NOAA21.A2026181.2106.001.2026182074117.nc,2026-07-01T07:41:17.040Z,52541248,e84fb8398505598970d9162285c14db7
A2026181.2242,2026-06-30T22:42Z,NOAA-21 VIIRS,VJ214IMG.A2026181.2242.002.2026182041759.nc,2026-07-01T04:17:59.000Z,2.0.14,743042,27e19a52046be49d7347043b7f0f57ce27f11036214058d028a2a6a0e9d75d7e,CLDMSK_L2_VIIRS_NOAA21.A2026181.2242.001.2026182074114.nc,2026-07-01T07:41:14.520Z,49294274,7cba5a8ad6007d0c3bcdc56407076dce
A2026181.2248,2026-06-30T22:48Z,NOAA-21 VIIRS,VJ214IMG.A2026181.2248.002.2026182041800.nc,2026-07-01T04:18:00.000Z,2.0.14,787525,b22cfab3e18c59c5d17bd215d33e34089aaf972bc1d9c4c929a5dfee951153f1,CLDMSK_L2_VIIRS_NOAA21.A2026181.2248.001.2026182074111.nc,2026-07-01T07:41:11.510Z,51041617,83f73e31b6f9714389ef69c37e2c6438
A2026182.2042,2026-07-01T20:42Z,NOAA-21 VIIRS,VJ214IMG.A2026182.2042.002.2026183023933.nc,2026-07-02T02:39:33.000Z,2.0.14,1518270,d356bfe977b717997e0201fab92a5a5942dff66c62ad328f705072b761ba7f4d,CLDMSK_L2_VIIRS_NOAA21.A2026182.2042.001.2026183072225.nc,2026-07-02T07:22:25.460Z,53984547,064ba0c4d25e6b39e10e99885471e892
A2026182.2048,2026-07-01T20:48Z,NOAA-21 VIIRS,VJ214IMG.A2026182.2048.002.2026183023928.nc,2026-07-02T02:39:28.000Z,2.0.14,1234257,e74016d6187f0d8b297d8f50a17c260ee4f9cf8ed98370687b3669731df2c911,CLDMSK_L2_VIIRS_NOAA21.A2026182.2048.001.2026183072226.nc,2026-07-02T07:22:26.870Z,50987384,f699dc1d64288869a6bc345b5056db24
A2026182.2224,2026-07-01T22:24Z,NOAA-21 VIIRS,VJ214IMG.A2026182.2224.002.2026183041825.nc,2026-07-02T04:18:25.000Z,2.0.14,777688,528567e3230331faeab717bbc3bbf907fde5362248a8cf0a566a954e74959555,CLDMSK_L2_VIIRS_NOAA21.A2026182.2224.001.2026183072227.nc,2026-07-02T07:22:27.320Z,48518692,5cd72902841f1a1ac403e16d7018652e
A2026182.2230,2026-07-01T22:30Z,NOAA-21 VIIRS,VJ214IMG.A2026182.2230.002.2026183041824.nc,2026-07-02T04:18:24.000Z,2.0.14,885495,fff4e2c76d6f2f20cdfa175138cf1ae66367d2f910c444350933b595bf00e4bd,CLDMSK_L2_VIIRS_NOAA21.A2026182.2230.001.2026183072216.nc,2026-07-02T07:22:16.930Z,54262476,db6bbeb497c1e7c485dce5aa886a863c
A2026183.0006,2026-07-02T00:06Z,NOAA-21 VIIRS,VJ214IMG.A2026183.0006.002.2026183072157.nc,2026-07-02T07:21:57.000Z,2.0.14,461766,21531d38aeba9c82a35672e740366d4b62e00b68fcbf0e91372071f2b4737fb8,CLDMSK_L2_VIIRS_NOAA21.A2026183.0006.001.2026183131224.nc,2026-07-02T13:12:24.270Z,47150436,4cb5fcbb383b1083f6cdf2392caa9e06
A2026183.2206,2026-07-02T22:06Z,NOAA-21 VIIRS,VJ214IMG.A2026183.2206.002.2026184043359.nc,2026-07-03T04:33:59.000Z,2.0.14,766639,18660fb66df35c9c438993fd84f8d4ad982f12f3b12e6576e66ef18059703bca,CLDMSK_L2_VIIRS_NOAA21.A2026183.2206.001.2026184072716.nc,2026-07-03T07:27:16.450Z,48613968,d45bbf4838f422a339cdd49565bae3a8
A2026183.2212,2026-07-02T22:12Z,NOAA-21 VIIRS,VJ214IMG.A2026183.2212.002.2026184043359.nc,2026-07-03T04:33:59.000Z,2.0.14,743093,ad12b6d78190efb6f2fba0dcb621a33be8858ea01491849c48e5aed2b395ca9b,CLDMSK_L2_VIIRS_NOAA21.A2026183.2212.001.2026184072714.nc,2026-07-03T07:27:14.130Z,58014073,82b5d4b56d8bfba1e467b887bbee51d0
A2026183.2342,2026-07-02T23:42Z,NOAA-21 VIIRS,VJ214IMG.A2026183.2342.002.2026184043401.nc,2026-07-03T04:34:01.000Z,2.0.14,896551,e47128e32dcb4b63d9e25c6062c361ebdc195414215f2a1dbf348d35c8d53237,CLDMSK_L2_VIIRS_NOAA21.A2026183.2342.001.2026184072715.nc,2026-07-03T07:27:15.060Z,53575117,a79ec4aede9940c23191135ae2c063f5
A2026183.2348,2026-07-02T23:48Z,NOAA-21 VIIRS,VJ214IMG.A2026183.2348.002.2026184060424.nc,2026-07-03T06:04:24.000Z,2.0.14,518758,caf3f5d687bda4094e3bdd62bf1c6889654b46d6cdbdf3482dcbe3a527fb365a,CLDMSK_L2_VIIRS_NOAA21.A2026183.2348.001.2026184072716.nc,2026-07-03T07:27:16.970Z,46590066,7f298053aa8ca005d7afd9b1658f5791
A2026184.2142,2026-07-03T21:42Z,NOAA-21 VIIRS,VJ214IMG.A2026184.2142.002.2026185023227.nc,2026-07-04T02:32:27.000Z,2.0.14,1075483,cc177aae9e198f4ebd998cf79ee44b87c4566d4d3d6bbf7343544902e5635fe2,CLDMSK_L2_VIIRS_NOAA21.A2026184.2142.001.2026185072836.nc,2026-07-04T07:28:36.900Z,53965899,ce82ad2766f72a26e88dc6c4361d1556
A2026184.2148,2026-07-03T21:48Z,NOAA-21 VIIRS,VJ214IMG.A2026184.2148.002.2026185035659.nc,2026-07-04T03:56:59.000Z,2.0.14,869754,fbac67cf3daf82b6d8beebe6f877da242d1dcd72a70a1abbee8709b620bebb82,CLDMSK_L2_VIIRS_NOAA21.A2026184.2148.001.2026185072834.nc,2026-07-04T07:28:34.330Z,49828210,a6dbace4d7d3ff6f3fa9bfebdfa2b2ad
A2026184.2324,2026-07-03T23:24Z,NOAA-21 VIIRS,VJ214IMG.A2026184.2324.002.2026185041854.nc,2026-07-04T04:18:54.000Z,2.0.14,1052681,4eec6780031ec31430b89768885dabcbcb1499835d0768ca57297b29fe691570,CLDMSK_L2_VIIRS_NOAA21.A2026184.2324.001.2026185072836.nc,2026-07-04T07:28:36.950Z,54264241,d983199c22d7fd1ebdb566ec1aa9f03c
A2026184.2330,2026-07-03T23:30Z,NOAA-21 VIIRS,VJ214IMG.A2026184.2330.002.2026185041853.nc,2026-07-04T04:18:53.000Z,2.0.14,574072,ba52453135b68c8ad33719970f41bd6ef80cc19106ab0a911586e90e7f926d79,CLDMSK_L2_VIIRS_NOAA21.A2026184.2330.001.2026185072826.nc,2026-07-04T07:28:26.420Z,47332269,2b753cdc2e5b09f4bc2c291e0100f3f6
A2026185.2124,2026-07-04T21:24Z,NOAA-21 VIIRS,VJ214IMG.A2026185.2124.002.2026186021853.nc,2026-07-05T02:18:53.000Z,2.0.14,1005904,0262a6bcdf6eb1b99fbaef3bb9e5912689c269ca88169b04d24c498e85d494ef,CLDMSK_L2_VIIRS_NOAA21.A2026185.2124.001.2026186072942.nc,2026-07-05T07:29:42.290Z,52846771,8a0f3c392a9042f60a5141b0c00921ff
A2026185.2130,2026-07-04T21:30Z,NOAA-21 VIIRS,VJ214IMG.A2026185.2130.002.2026186021852.nc,2026-07-05T02:18:52.000Z,2.0.14,1218953,04f619d3046612cad7732832bf927823ce630d1ab25dfecf2283e812a6fd3940,CLDMSK_L2_VIIRS_NOAA21.A2026185.2130.001.2026186072941.nc,2026-07-05T07:29:41.540Z,50417731,df61c6ec2b63bddd655f5ca001ba0fb8
A2026185.2306,2026-07-04T23:06Z,NOAA-21 VIIRS,VJ214IMG.A2026185.2306.002.2026186044257.nc,2026-07-05T04:42:57.000Z,2.0.14,919048,4e6b4f05a41d98da2832f2c7ad8a35b2dfd1212cbcff3b23ed58743ce2f18f5f,CLDMSK_L2_VIIRS_NOAA21.A2026185.2306.001.2026186072955.nc,2026-07-05T07:29:55.770Z,54366495,826999a95999bf5a7d24f47e4e02b102
A2026185.2312,2026-07-04T23:12Z,NOAA-21 VIIRS,VJ214IMG.A2026185.2312.002.2026186045257.nc,2026-07-05T04:52:57.000Z,2.0.14,730956,9fb2de08cad1ba4647fa004745b955cc43abb6dbc78af23b95f4380ec01ff5d7,CLDMSK_L2_VIIRS_NOAA21.A2026185.2312.001.2026186072955.nc,2026-07-05T07:29:55.430Z,48304548,c2a7372c6b47c61a03c43b7470ca2e77
A2026186.2106,2026-07-05T21:06Z,NOAA-21 VIIRS,VJ214IMG.A2026186.2106.002.2026187025156.nc,2026-07-06T02:51:56.000Z,2.0.14,1324654,a2eeba259b31cebe446c55f1c3f0ae692302b700e24486a3817bb78cc8f847cf,CLDMSK_L2_VIIRS_NOAA21.A2026186.2106.001.2026187073031.nc,2026-07-06T07:30:31.200Z,53879843,0afbbe920b70193e993d171fc4e40cf4
A2026186.2112,2026-07-05T21:12Z,NOAA-21 VIIRS,VJ214IMG.A2026186.2112.002.2026187025156.nc,2026-07-06T02:51:56.000Z,2.0.14,1111583,7bd59d51f2e094a98bd090dcc63b40add8a4ec2e837628489e4ea92a7225a438,CLDMSK_L2_VIIRS_NOAA21.A2026186.2112.001.2026187073031.nc,2026-07-06T07:30:31.840Z,51830505,de445e16018902744103ea9a8430ab4c
A2026186.2248,2026-07-05T22:48Z,NOAA-21 VIIRS,VJ214IMG.A2026186.2248.002.2026187043923.nc,2026-07-06T04:39:23.000Z,2.0.14,889852,1a6555ee386f18354ad3f1d7ff9431b6d73f0912f1275412d99dea2368ef9e18,CLDMSK_L2_VIIRS_NOAA21.A2026186.2248.001.2026187073031.nc,2026-07-06T07:30:31.510Z,51309498,c60c4d5e0aeab3482162ba60a80febc6
A2026186.2254,2026-07-05T22:54Z,NOAA-21 VIIRS,VJ214IMG.A2026186.2254.002.2026187043924.nc,2026-07-06T04:39:24.000Z,2.0.14,776654,5f8cb195454c9373bde6734dfb625be51a87df45cc9fc0e42ad50d3caa186c58,CLDMSK_L2_VIIRS_NOAA21.A2026186.2254.001.2026187073030.nc,2026-07-06T07:30:30.500Z,50884517,828926ce4166a216b19e8dee05900142
A2026187.2048,2026-07-06T20:48Z,NOAA-21 VIIRS,VJ214IMG.A2026187.2048.002.2026188022559.nc,2026-07-07T02:25:59.000Z,2.0.14,1470052,b3e25091f40ecffbf78e652fde4eb4874c34d38e04a1b7f7ca934043a5ea456e,CLDMSK_L2_VIIRS_NOAA21.A2026187.2048.001.2026188073135.nc,2026-07-07T07:31:35.020Z,54258971,5d5fcc8a2b79e087e57501f1114ebc07
A2026187.2054,2026-07-06T20:54Z,NOAA-21 VIIRS,VJ214IMG.A2026187.2054.002.2026188022602.nc,2026-07-07T02:26:02.000Z,2.0.14,1240764,d3078072be2053098b482d5c774c7c384e49f362d8228925e7acde345b4cc020,CLDMSK_L2_VIIRS_NOAA21.A2026187.2054.001.2026188073134.nc,2026-07-07T07:31:34.280Z,51860098,cbffa02f2d7a4ade9863943acc331277
A2026187.2230,2026-07-06T22:30Z,NOAA-21 VIIRS,VJ214IMG.A2026187.2230.002.2026188041257.nc,2026-07-07T04:12:57.000Z,2.0.14,652423,1d6bde5e82f4220a579875c6e0622d09739b7bb03a5260ac50449aa97187fc02,CLDMSK_L2_VIIRS_NOAA21.A2026187.2230.001.2026188073139.nc,2026-07-07T07:31:39.790Z,48195809,87c7e90a40c8aaf234504b5439c6b0f6
A2026187.2236,2026-07-06T22:36Z,NOAA-21 VIIRS,VJ214IMG.A2026187.2236.002.2026188041257.nc,2026-07-07T04:12:57.000Z,2.0.14,1357275,e556bc6d9536ef1de48b8467487b8fc2756f6e7b28d17b0e1bd9cb7c04c01db6,CLDMSK_L2_VIIRS_NOAA21.A2026187.2236.001.2026188073135.nc,2026-07-07T07:31:35.550Z,53853591,12e2a757be7e74ac14f43009647a7bde
A2026188.2212,2026-07-07T22:12Z,NOAA-21 VIIRS,VJ214IMG.A2026188.2212.002.2026189043827.nc,2026-07-08T04:38:27.000Z,2.0.14,690540,65475cece5fab681fa8311725a5c01d0e7846c249826a96e3837b0a375b827e9,CLDMSK_L2_VIIRS_NOAA21.A2026188.2212.001.2026189073256.nc,2026-07-08T07:32:56.420Z,48059091,1304d69c7b278fd0e24c908eda567694
A2026188.2218,2026-07-07T22:18Z,NOAA-21 VIIRS,VJ214IMG.A2026188.2218.002.2026189043830.nc,2026-07-08T04:38:30.000Z,2.0.14,988685,0919da39f553a054bef578fdb0fd9d96ba5a8d32d28b108fd88d1b61553db28b,CLDMSK_L2_VIIRS_NOAA21.A2026188.2218.001.2026189073255.nc,2026-07-08T07:32:55.950Z,57641892,96215631fc6cb6cc7bbf08cf98d259e0
A2026188.2354,2026-07-07T23:54Z,NOAA-21 VIIRS,VJ214IMG.A2026188.2354.002.2026189063035.nc,2026-07-08T06:30:35.000Z,2.0.14,572776,79f200ac17decf186f120f2d536bf2a468b89448a90d63d87e5bf90dd918a7a8,CLDMSK_L2_VIIRS_NOAA21.A2026188.2354.001.2026189073256.nc,2026-07-08T07:32:56.190Z,47401350,ad3f83b96e09c014adeafb768001735e
A2026189.2148,2026-07-08T21:48Z,NOAA-21 VIIRS,VJ214IMG.A2026189.2148.002.2026190040437.nc,2026-07-09T04:04:37.000Z,2.0.14,1102049,3299cfedb84b9ed16549c31600fa286013b53ba91d20ad944caf0329daee1e5c,CLDMSK_L2_VIIRS_NOAA21.A2026189.2148.001.2026190072342.nc,2026-07-09T07:23:42.190Z,52392119,5092e739c7cf9126726a7c0a23265649
A2026189.2154,2026-07-08T21:54Z,NOAA-21 VIIRS,VJ214IMG.A2026189.2154.002.2026190041630.nc,2026-07-09T04:16:30.000Z,2.0.14,728161,777254abcc4c93d8ef4775b922dae35984b5bd0c7731710a38e0826e5589f766,CLDMSK_L2_VIIRS_NOAA21.A2026189.2154.001.2026190072342.nc,2026-07-09T07:23:42.570Z,50136843,12741ea13c424a4a95c722d2f9971820
A2026189.2330,2026-07-08T23:30Z,NOAA-21 VIIRS,VJ214IMG.A2026189.2330.002.2026190042235.nc,2026-07-09T04:22:35.000Z,2.0.14,1104565,7873cd447252556619916ed5da7bf5ace296d581856e4650aa612f684a2ad032,CLDMSK_L2_VIIRS_NOAA21.A2026189.2330.001.2026190072356.nc,2026-07-09T07:23:56.820Z,53136904,36651242c06ec1d53b1e513746939097
A2026189.2336,2026-07-08T23:36Z,NOAA-21 VIIRS,VJ214IMG.A2026189.2336.002.2026190042239.nc,2026-07-09T04:22:39.000Z,2.0.14,719914,984f963bbe1548bc34c45e9d781e2c0bbe8eb9efcc2443725165f00fa5ce7be9,CLDMSK_L2_VIIRS_NOAA21.A2026189.2336.001.2026190072356.nc,2026-07-09T07:23:56.750Z,48268893,0788ed34738cc746389c183b3aaaeb94
A2026190.2130,2026-07-09T21:30Z,NOAA-21 VIIRS,VJ214IMG.A2026190.2130.002.2026191022205.nc,2026-07-10T02:22:05.000Z,2.0.14,851958,c39381f544cfe64a896f49c577c7554c093272674f278437fca1bfebc08e4004,CLDMSK_L2_VIIRS_NOAA21.A2026190.2130.001.2026191085113.nc,2026-07-10T08:51:13.750Z,50432820,04222556e6b25163bbf44e4cbc59cfd9
A2026190.2136,2026-07-09T21:36Z,NOAA-21 VIIRS,VJ214IMG.A2026190.2136.002.2026191022203.nc,2026-07-10T02:22:03.000Z,2.0.14,742012,fd11a781d10a3522b7b59ead9e994008ddcd4706cef2cbd99c429e667146d4d6,CLDMSK_L2_VIIRS_NOAA21.A2026190.2136.001.2026191085116.nc,2026-07-10T08:51:16.740Z,52567130,ba1fa0fe06019afe8ea06fa114cc1d80
A2026190.2312,2026-07-09T23:12Z,NOAA-21 VIIRS,VJ214IMG.A2026190.2312.002.2026191045001.nc,2026-07-10T04:50:01.000Z,2.0.14,947201,972801524d4d3be13fc12e95f8c70efec214704f55fdb8727b45db23b9ec74a5,CLDMSK_L2_VIIRS_NOAA21.A2026190.2312.001.2026191085219.nc,2026-07-10T08:52:19.870Z,51205981,3ce3aa860abaf903c43d13227cede86e
A2026190.2318,2026-07-09T23:18Z,NOAA-21 VIIRS,VJ214IMG.A2026190.2318.002.2026191044404.nc,2026-07-10T04:44:04.000Z,2.0.14,1137662,a125f8d851d1868e5ba992f24f44bb1de92ffa3e2bdd87a9a0fa11c00800cd1a,CLDMSK_L2_VIIRS_NOAA21.A2026190.2318.001.2026191085226.nc,2026-07-10T08:52:26.020Z,50305157,c17f0fa114a9ebf508b8d7fd69564d57
A2026191.2112,2026-07-10T21:12Z,NOAA-21 VIIRS,VJ214IMG.A2026191.2112.002.2026192024527.nc,2026-07-11T02:45:27.000Z,2.0.14,814704,75e4e9daef365860e6a1d301ee649210a873951148fa42ec6b31a6e94606b563,CLDMSK_L2_VIIRS_NOAA21.A2026191.2112.001.2026192073516.nc,2026-07-11T07:35:16.940Z,49682684,7a2bd1f8fc8a3ccedadc714f53f267dd
A2026191.2118,2026-07-10T21:18Z,NOAA-21 VIIRS,VJ214IMG.A2026191.2118.002.2026192024528.nc,2026-07-11T02:45:28.000Z,2.0.14,719161,a6f63f2cdec79c58b30403f8d39a639870f674a8bef6f81705d96a084406920f,CLDMSK_L2_VIIRS_NOAA21.A2026191.2118.001.2026192073517.nc,2026-07-11T07:35:17.030Z,55547507,f23d2cb24afb530123a2e37cfe6ba297
A2026191.2254,2026-07-10T22:54Z,NOAA-21 VIIRS,VJ214IMG.A2026191.2254.002.2026192042129.nc,2026-07-11T04:21:29.000Z,2.0.14,686399,ea25238d1e7b3c5578c8c30548cb1bfeeba184949b07944e0ba08926d3d3f4e2,CLDMSK_L2_VIIRS_NOAA21.A2026191.2254.001.2026192073534.nc,2026-07-11T07:35:34.820Z,48035854,8a5979bc6c5371579af1eb9aa76f5a04
A2026191.2300,2026-07-10T23:00Z,NOAA-21 VIIRS,VJ214IMG.A2026191.2300.002.2026192042128.nc,2026-07-11T04:21:28.000Z,2.0.14,1303788,6f0dbe2ca4ea105acc6981dbd10e5c3784e1fac37071179d3ec977c3f90e6bb7,CLDMSK_L2_VIIRS_NOAA21.A2026191.2300.001.2026192073529.nc,2026-07-11T07:35:29.040Z,51774822,dd995a86b0037350d266bad429401d64
A2026192.2054,2026-07-11T20:54Z,NOAA-21 VIIRS,VJ214IMG.A2026192.2054.002.2026193023104.nc,2026-07-12T02:31:04.000Z,2.0.14,1113770,d08f02ffb4fbef0686b72f59aad38729fe8b86bdc6c57bd4f09f0d510e97f631,CLDMSK_L2_VIIRS_NOAA21.A2026192.2054.001.2026193073619.nc,2026-07-12T07:36:19.420Z,51556289,c0c7fba3b42e828f8c4636a33e533729
A2026192.2100,2026-07-11T21:00Z,NOAA-21 VIIRS,VJ214IMG.A2026192.2100.002.2026193023104.nc,2026-07-12T02:31:04.000Z,2.0.14,753882,4eebab90e45c825b07a5e3181334728b8e19fc283538bac0532b67e74302cc57,CLDMSK_L2_VIIRS_NOAA21.A2026192.2100.001.2026193073639.nc,2026-07-12T07:36:39.060Z,55128020,503447358d6ddef4ea8de3d6606444ea
A2026192.2236,2026-07-11T22:36Z,NOAA-21 VIIRS,VJ214IMG.A2026192.2236.002.2026193042336.nc,2026-07-12T04:23:36.000Z,2.0.14,515358,7bf2e3922ec02e7563862d66b70e9bf670925b79fb80c36d8faf0004c942311f,CLDMSK_L2_VIIRS_NOAA21.A2026192.2236.001.2026193073631.nc,2026-07-12T07:36:31.350Z,46684454,88aa4f285229a5914c8906e75d90d376
A2026192.2242,2026-07-11T22:42Z,NOAA-21 VIIRS,VJ214IMG.A2026192.2242.002.2026193042338.nc,2026-07-12T04:23:38.000Z,2.0.14,920015,2eb9fc3cce21aedaf54e9368d9dc225bc3bc6882d2336ed920f49643ba296f6f,CLDMSK_L2_VIIRS_NOAA21.A2026192.2242.001.2026193073653.nc,2026-07-12T07:36:53.400Z,54172358,c10ffb2829d02d716ce7b2041c6f56cf
A2026193.2042,2026-07-12T20:42Z,NOAA-21 VIIRS,VJ214IMG.A2026193.2042.002.2026194021532.nc,2026-07-13T02:15:32.000Z,2.0.14,720594,6e205c4ae6733039c6829c5098e8dc1ccb36c9fecd0093a0ae558e6d941ab936,CLDMSK_L2_VIIRS_NOAA21.A2026193.2042.001.2026194073714.nc,2026-07-13T07:37:14.380Z,57283500,c6326deab12a12baada9faf9144b75ac
A2026193.2218,2026-07-12T22:18Z,NOAA-21 VIIRS,VJ214IMG.A2026193.2218.002.2026194044332.nc,2026-07-13T04:43:32.000Z,2.0.14,576815,3bd9253f552b1d225c38d2c86a8c31e1729492e7bc7376ddcf8dc4a5844d20c3,CLDMSK_L2_VIIRS_NOAA21.A2026193.2218.001.2026194073709.nc,2026-07-13T07:37:09.180Z,46033697,afc2aa7e39111867898a2a3e5e5fad5b
A2026193.2224,2026-07-12T22:24Z,NOAA-21 VIIRS,VJ214IMG.A2026193.2224.002.2026194044331.nc,2026-07-13T04:43:31.000Z,2.0.14,925090,25335d0f7b0e305791c630b3a68287eb6d976735b17e59850efcebd55b414a75,CLDMSK_L2_VIIRS_NOAA21.A2026193.2224.001.2026194073716.nc,2026-07-13T07:37:16.060Z,58372015,3dda1a44e7a4d93381df3722d6f417ca
A2026194.0000,2026-07-13T00:00Z,NOAA-21 VIIRS,VJ214IMG.A2026194.0000.002.2026194065409.nc,2026-07-13T06:54:09.000Z,2.0.14,454402,4d869ad4e062312de0c2ae7e104f891013182f199dc43ff3c91e76f98eaecb1e,CLDMSK_L2_VIIRS_NOAA21.A2026194.0000.001.2026194131731.nc,2026-07-13T13:17:31.200Z,45171983,498afcaabf33e3583ed733e8f4f1e756
A2026194.2154,2026-07-13T21:54Z,NOAA-21 VIIRS,VJ214IMG.A2026194.2154.002.2026195042406.nc,2026-07-14T04:24:06.000Z,2.0.14,1021436,f31346eae90f2ed67e38c6bda09475ee7cb9ad94bbe4c678a8d42342eb81a776,CLDMSK_L2_VIIRS_NOAA21.A2026194.2154.001.2026195072803.nc,2026-07-14T07:28:03.480Z,53790821,57bdf4a5f22bca26243d4c76d28bcd3d
A2026194.2200,2026-07-13T22:00Z,NOAA-21 VIIRS,VJ214IMG.A2026194.2200.002.2026195042406.nc,2026-07-14T04:24:06.000Z,2.0.14,743747,b4f4092e67b50c3e7e0ac41f3ca38201900ed9f062ba71710ec39c2500c797c3,CLDMSK_L2_VIIRS_NOAA21.A2026194.2200.001.2026195072800.nc,2026-07-14T07:28:00.560Z,48126228,26f89b447f11c8640dd525a631d0c33b
A2026194.2206,2026-07-13T22:06Z,NOAA-21 VIIRS,VJ214IMG.A2026194.2206.002.2026195042408.nc,2026-07-14T04:24:08.000Z,2.0.14,1049444,959bef75d6a003487cf0bebff2a8fb6167c5e614127f255056b1384141acae0f,CLDMSK_L2_VIIRS_NOAA21.A2026194.2206.001.2026195072802.nc,2026-07-14T07:28:02.660Z,58020616,ffe0cbc1c1e855ad741e02077b3059f6
A2026194.2336,2026-07-13T23:36Z,NOAA-21 VIIRS,VJ214IMG.A2026194.2336.002.2026195042408.nc,2026-07-14T04:24:08.000Z,2.0.14,980931,c041c92b56ed33382629f53dc95b2ee61a922d7df86fe22d31ae21ab41eb2597,CLDMSK_L2_VIIRS_NOAA21.A2026194.2336.001.2026195072803.nc,2026-07-14T07:28:03.130Z,57179575,bcb5dbaa3fe439fe2dd288d53f56b78a
A2026194.2342,2026-07-13T23:42Z,NOAA-21 VIIRS,VJ214IMG.A2026194.2342.002.2026195042408.nc,2026-07-14T04:24:08.000Z,2.0.14,593335,902803be14a592439eb5678fee0f3e72d2259e893bf2d0c4366a224650c74a41,CLDMSK_L2_VIIRS_NOAA21.A2026194.2342.001.2026195072745.nc,2026-07-14T07:27:45.920Z,46576083,62500a311367c511ab2fd3c5fdd90ba9
A2026195.2136,2026-07-14T21:36Z,NOAA-21 VIIRS,VJ214IMG.A2026195.2136.002.2026196022210.nc,2026-07-15T02:22:10.000Z,2.0.14,1082262,7cde8223cb974dd187efc57dd2a25c46616053289a967cd5d34d87a674e1d223,CLDMSK_L2_VIIRS_NOAA21.A2026195.2136.001.2026196072852.nc,2026-07-15T07:28:52.170Z,52705585,06ca100d177456449b51886cf38c1e90
A2026195.2142,2026-07-14T21:42Z,NOAA-21 VIIRS,VJ214IMG.A2026195.2142.002.2026196022211.nc,2026-07-15T02:22:11.000Z,2.0.14,1023652,54b4b6b5cda1673faae12020838cb23cc1787270ce8d21e11155d7cfb55b4118,CLDMSK_L2_VIIRS_NOAA21.A2026195.2142.001.2026196072834.nc,2026-07-15T07:28:34.610Z,51493518,219dab80aa4da39515a67807a28e5aca
A2026195.2318,2026-07-14T23:18Z,NOAA-21 VIIRS,VJ214IMG.A2026195.2318.002.2026196035909.nc,2026-07-15T03:59:09.000Z,2.0.14,925233,3bc24514bf6af5bc15448a0532f3ce1c7a744bb9997b8f1ffecda406875bb61d,CLDMSK_L2_VIIRS_NOAA21.A2026195.2318.001.2026196072837.nc,2026-07-15T07:28:37.140Z,52337130,af8bb77e9c6ae9036393b41dc31654bf
A2026195.2324,2026-07-14T23:24Z,NOAA-21 VIIRS,VJ214IMG.A2026195.2324.002.2026196035908.nc,2026-07-15T03:59:08.000Z,2.0.14,815132,35c6154c3186bc9ef18450363f0e59e3afb0c09c9b9e846d5aa5115ac4064065,CLDMSK_L2_VIIRS_NOAA21.A2026195.2324.001.2026196072841.nc,2026-07-15T07:28:41.470Z,49152577,89bf8e9f71f6df6a0f1686c039cd6917
A2026196.2118,2026-07-15T21:18Z,NOAA-21 VIIRS,VJ214IMG.A2026196.2118.002.2026197020111.nc,2026-07-16T02:01:11.000Z,2.0.14,1045901,62800db5d8e21af63c267b3bb83b3b3766ab242f3693c4f96e23f75ce9f722ff,CLDMSK_L2_VIIRS_NOAA21.A2026196.2118.001.2026197072933.nc,2026-07-16T07:29:33.570Z,51798238,0a0ab5ed437e817cb026ca2161bb4ee0
A2026196.2124,2026-07-15T21:24Z,NOAA-21 VIIRS,VJ214IMG.A2026196.2124.002.2026197020110.nc,2026-07-16T02:01:10.000Z,2.0.14,844229,6c690f16a66d99ca7835ba5901522d5ef289f79fe24873b91190788bb14628bd,CLDMSK_L2_VIIRS_NOAA21.A2026196.2124.001.2026197072933.nc,2026-07-16T07:29:33.390Z,56320994,afdc86cd85f2b02885159ca09bd21bf7
A2026196.2300,2026-07-15T23:00Z,NOAA-21 VIIRS,VJ214IMG.A2026196.2300.002.2026197045444.nc,2026-07-16T04:54:44.000Z,2.0.14,806736,7024f190a779a74d25a4132e2311127b843c23898e0804a305efdd030098e4fc,CLDMSK_L2_VIIRS_NOAA21.A2026196.2300.001.2026197072933.nc,2026-07-16T07:29:33.770Z,51612765,641d77c404ecffb5b8cc6ef2c37d4571
A2026196.2306,2026-07-15T23:06Z,NOAA-21 VIIRS,VJ214IMG.A2026196.2306.002.2026197045444.nc,2026-07-16T04:54:44.000Z,2.0.14,1102117,38c9d0a5bbeed005e83d7bf665cf512bfc30418b11a5912c6a63d4ded81cc16e,CLDMSK_L2_VIIRS_NOAA21.A2026196.2306.001.2026197072933.nc,2026-07-16T07:29:33.020Z,52099101,cdf610273ce02800db1899680e12c679
A2026197.2100,2026-07-16T21:00Z,NOAA-21 VIIRS,VJ214IMG.A2026197.2100.002.2026198025612.nc,2026-07-17T02:56:12.000Z,2.0.14,959302,c7155ee5a2a9a7f1826ab6f327940e17fa568eaa8b0728df71cf8fab147d5057,CLDMSK_L2_VIIRS_NOAA21.A2026197.2100.001.2026198073023.nc,2026-07-17T07:30:23.020Z,50388477,0dccc995faaca7819b99713682cc7b03
A2026197.2106,2026-07-16T21:06Z,NOAA-21 VIIRS,VJ214IMG.A2026197.2106.002.2026198025612.nc,2026-07-17T02:56:12.000Z,2.0.14,865391,7a6ddfd23bcb5ffba312f7b15afd0f8611acc2e2061295f93bfd637d28ccc216,CLDMSK_L2_VIIRS_NOAA21.A2026197.2106.001.2026198073024.nc,2026-07-17T07:30:24.030Z,56480859,3a0d28f0a6c7888db2077737965a4641
A2026197.2242,2026-07-16T22:42Z,NOAA-21 VIIRS,VJ214IMG.A2026197.2242.002.2026198043040.nc,2026-07-17T04:30:40.000Z,2.0.14,719015,e0c40d2809bbaeb352b429501a74401a940e1483d66e49029c5dbee58d29c309,CLDMSK_L2_VIIRS_NOAA21.A2026197.2242.001.2026198073022.nc,2026-07-17T07:30:22.800Z,48787968,6e5aeb5bd8fa30a6abab64529a669777
A2026197.2248,2026-07-16T22:48Z,NOAA-21 VIIRS,VJ214IMG.A2026197.2248.002.2026198043039.nc,2026-07-17T04:30:39.000Z,2.0.14,1378867,84a10c5618c110604ac88c55d7ccce2fa3ed41038f6761284f55ce3d7983f73c,CLDMSK_L2_VIIRS_NOAA21.A2026197.2248.001.2026198073019.nc,2026-07-17T07:30:19.330Z,53418553,65e80d0d5cd8b4d7a3a297bcb93d49d4
A2026198.2042,2026-07-17T20:42Z,NOAA-21 VIIRS,VJ214IMG.A2026198.2042.002.2026199022714.nc,2026-07-18T02:27:14.000Z,2.0.14,1121170,ce5bc11408ed8245154988ba9ea324809f009fa9448b1358b03dc022d5cf2b1e,CLDMSK_L2_VIIRS_NOAA21.A2026198.2042.001.2026199073049.nc,2026-07-18T07:30:49.210Z,50289305,782658f6284bd1eb83ead6e69cb2f706
A2026198.2048,2026-07-17T20:48Z,NOAA-21 VIIRS,VJ214IMG.A2026198.2048.002.2026199022715.nc,2026-07-18T02:27:15.000Z,2.0.14,1094485,ece79022257ae9d82aea618613c187b520b932a4400475f5b37fe0f04706ed77,CLDMSK_L2_VIIRS_NOAA21.A2026198.2048.001.2026199073105.nc,2026-07-18T07:31:05.320Z,53659359,b5d1f201d7ddd9619781fdae20933cfb
A2026198.2224,2026-07-17T22:24Z,NOAA-21 VIIRS,VJ214IMG.A2026198.2224.002.2026199050243.nc,2026-07-18T05:02:43.000Z,2.0.14,754887,02e02a1c7e13fb6499807f1b35a9ee3d22a7c7eae8ad46f0b1f7f9fd269bdb7c,CLDMSK_L2_VIIRS_NOAA21.A2026198.2224.001.2026199073037.nc,2026-07-18T07:30:37.110Z,49302155,4cc7916b4a9307705d36e0be6259320a
A2026198.2230,2026-07-17T22:30Z,NOAA-21 VIIRS,VJ214IMG.A2026198.2230.002.2026199050241.nc,2026-07-18T05:02:41.000Z,2.0.14,994564,478b965b2f4c0b2a0cfa2a69baf1e317bd40fa0c2a3284b2eb873518f5579328,CLDMSK_L2_VIIRS_NOAA21.A2026198.2230.001.2026199073049.nc,2026-07-18T07:30:49.430Z,55472654,3a04ac2ed5e59c7d180e340cdb5b7906
A2026199.0006,2026-07-18T00:06Z,NOAA-21 VIIRS,VJ214IMG.A2026199.0006.002.2026199071910.nc,2026-07-18T07:19:10.000Z,2.0.14,455675,8a68b8f9063ee3cd11109e1578502aeb9257a0c981752e579e33ea530b7cf7ed,CLDMSK_L2_VIIRS_NOAA21.A2026199.0006.001.2026199131048.nc,2026-07-18T13:10:48.530Z,45513759,c3c1a7454d8bf60f562f9d33d7691474
A2026199.2206,2026-07-18T22:06Z,NOAA-21 VIIRS,VJ214IMG.A2026199.2206.002.2026200044620.nc,2026-07-19T04:46:20.000Z,2.0.14,735280,a68f4a1dc48e8937b3a06b6185d744d0cd248c87f6bd551f284e89c63012cb06,CLDMSK_L2_VIIRS_NOAA21.A2026199.2206.001.2026200073126.nc,2026-07-19T07:31:26.080Z,50126144,dc5dd28a55b4e874af84c3c796eb30fb
A2026199.2212,2026-07-18T22:12Z,NOAA-21 VIIRS,VJ214IMG.A2026199.2212.002.2026200044617.nc,2026-07-19T04:46:17.000Z,2.0.14,894237,84be52df18d17289c898f127ff58696eb90f86ea0a33a3cc339ff93498b37779,CLDMSK_L2_VIIRS_NOAA21.A2026199.2212.001.2026200073136.nc,2026-07-19T07:31:36.040Z,58277227,5b661405ce3ffc0cb5a20c47cc76d942
A2026199.2342,2026-07-18T23:42Z,NOAA-21 VIIRS,VJ214IMG.A2026199.2342.002.2026200044618.nc,2026-07-19T04:46:18.000Z,2.0.14,906484,dd346f9a287b7e8003f1ec45e92f6bdbad1c63ea1b5217d4f38432d198b650f8,CLDMSK_L2_VIIRS_NOAA21.A2026199.2342.001.2026200073135.nc,2026-07-19T07:31:35.800Z,52532490,cce6b86d7de92677e73d1993a0999a53
A2026199.2348,2026-07-18T23:48Z,NOAA-21 VIIRS,VJ214IMG.A2026199.2348.002.2026200060713.nc,2026-07-19T06:07:13.000Z,2.0.14,623411,a3959e7e6df50ae2d050d5f2d93c7912a6c3d1429ba9ab60bd74d178c52adbd5,CLDMSK_L2_VIIRS_NOAA21.A2026199.2348.001.2026200073138.nc,2026-07-19T07:31:38.790Z,47031644,f965fb824c7642738b443e3664209b86
A2026200.2142,2026-07-19T21:42Z,NOAA-21 VIIRS,VJ214IMG.A2026200.2142.002.2026201025253.nc,2026-07-20T02:52:53.000Z,2.0.14,1195733,0ad2af6dd7c3032f97de508477d6964d759a7ccc934dc41ac04d703f96c4fc94,CLDMSK_L2_VIIRS_NOAA21.A2026200.2142.001.2026201073217.nc,2026-07-20T07:32:17.810Z,55960978,579ffac115dd0579a1234202f7f87af7
A2026200.2148,2026-07-19T21:48Z,NOAA-21 VIIRS,VJ214IMG.A2026200.2148.002.2026201041353.nc,2026-07-20T04:13:53.000Z,2.0.14,1006165,83034b3620cd3f99c6941c55dddd6e472d9286f296cb36c20404d1b8fb06d88a,CLDMSK_L2_VIIRS_NOAA21.A2026200.2148.001.2026201073221.nc,2026-07-20T07:32:21.570Z,50921308,1d9498eb198a4ee8813bb2bd4d99e558
A2026200.2324,2026-07-19T23:24Z,NOAA-21 VIIRS,VJ214IMG.A2026200.2324.002.2026201042527.nc,2026-07-20T04:25:27.000Z,2.0.14,913120,e21b3b2e3bc3551006e1894dcad3f11525d1134440b677cb01a8c0ca7e991d1b,CLDMSK_L2_VIIRS_NOAA21.A2026200.2324.001.2026201073219.nc,2026-07-20T07:32:19.070Z,51416913,481841178c58b6415df129c0e3e22b25
A2026200.2330,2026-07-19T23:30Z,NOAA-21 VIIRS,VJ214IMG.A2026200.2330.002.2026201042525.nc,2026-07-20T04:25:25.000Z,2.0.14,798495,fbb93519f0e62205e0c5cb998e30a7291ce5616b0370e9784e0da607ae1117a2,CLDMSK_L2_VIIRS_NOAA21.A2026200.2330.001.2026201073203.nc,2026-07-20T07:32:03.100Z,49681641,2f03aa98bea9eeef2d8e3c1af9754184
A2026201.2124,2026-07-20T21:24Z,NOAA-21 VIIRS,VJ214IMG.A2026201.2124.002.2026202021125.nc,2026-07-21T02:11:25.000Z,2.0.14,1541638,9c3b0c2c7d5865bec48663003b5167c6444b72f06039a73fe1459f200e5988c9,CLDMSK_L2_VIIRS_NOAA21.A2026201.2124.001.2026202074257.nc,2026-07-21T07:42:57.510Z,56461441,1bd6ab1cf7683aca90a289fe5c95eecd
A2026201.2130,2026-07-20T21:30Z,NOAA-21 VIIRS,VJ214IMG.A2026201.2130.002.2026202021124.nc,2026-07-21T02:11:24.000Z,2.0.14,1461495,89d9686232351b5b6bc6f8f0ed06a57178d366d14f490f39056bb5d6d55086c0,CLDMSK_L2_VIIRS_NOAA21.A2026201.2130.001.2026202074250.nc,2026-07-21T07:42:50.100Z,52594986,1240a04526bae37f6ffd83064d3f0df6
A2026201.2306,2026-07-20T23:06Z,NOAA-21 VIIRS,VJ214IMG.A2026201.2306.002.2026202045559.nc,2026-07-21T04:55:59.000Z,2.0.14,751254,1dfbe7000fc62616608755df2de2faf4e9c4974bc4b7a399901be6a7d10c68ec,CLDMSK_L2_VIIRS_NOAA21.A2026201.2306.001.2026202074254.nc,2026-07-21T07:42:54.040Z,50500434,5e9e63f54c830f7bc36588fc1efb7597
A2026201.2312,2026-07-20T23:12Z,NOAA-21 VIIRS,VJ214IMG.A2026201.2312.002.2026202045602.nc,2026-07-21T04:56:02.000Z,2.0.14,1085591,c9de0ca1a2d4d1b60a8174cd54eb8bb4cf5ba9e53ef9b46fd2d6638d5f41a6bd,CLDMSK_L2_VIIRS_NOAA21.A2026201.2312.001.2026202074253.nc,2026-07-21T07:42:53.790Z,49703699,11a352432710b5954dc1e53e04ea441c
A2026202.2106,2026-07-21T21:06Z,NOAA-21 VIIRS,VJ214IMG.A2026202.2106.002.2026203030134.nc,2026-07-22T03:01:34.000Z,2.0.14,1162611,c124f07a023209b366be637e7b5aab96ca61f295bb3126cc59da153408284fba,CLDMSK_L2_VIIRS_NOAA21.A2026202.2106.001.2026203073331.nc,2026-07-22T07:33:31.320Z,55299511,a242a76d365bdaf1b60220e15f5442fd
A2026202.2112,2026-07-21T21:12Z,NOAA-21 VIIRS,VJ214IMG.A2026202.2112.002.2026203030133.nc,2026-07-22T03:01:33.000Z,2.0.14,1368083,7b9b7c2135211e6a411ea60a289dd13a00996519c1766e87a846e8516ce032c4,CLDMSK_L2_VIIRS_NOAA21.A2026202.2112.001.2026203073330.nc,2026-07-22T07:33:30.720Z,52891358,14ea958e1403a9facb15f7041fb74788
A2026202.2248,2026-07-21T22:48Z,NOAA-21 VIIRS,VJ214IMG.A2026202.2248.002.2026203045044.nc,2026-07-22T04:50:44.000Z,2.0.14,717088,eb826ed3ec4cdfafcc567a076ff2b708903f923a3722e8c3ec8aa446e9e8d371,CLDMSK_L2_VIIRS_NOAA21.A2026202.2248.001.2026203073350.nc,2026-07-22T07:33:50.980Z,49454556,3f2e498b27f2690443d1e994b9895724
A2026202.2254,2026-07-21T22:54Z,NOAA-21 VIIRS,VJ214IMG.A2026202.2254.002.2026203045044.nc,2026-07-22T04:50:44.000Z,2.0.14,1160507,f173277cc9d74de1d7e6a2aa73a72a490ca34d8dd04df266ba4be8fd0168dc5c,CLDMSK_L2_VIIRS_NOAA21.A2026202.2254.001.2026203073342.nc,2026-07-22T07:33:42.220Z,53192065,cf37ab0081aedbe586b48b63113d7c5c
A2026203.2048,2026-07-22T20:48Z,NOAA-21 VIIRS,VJ214IMG.A2026203.2048.002.2026204025113.nc,2026-07-23T02:51:13.000Z,2.0.14,1679939,b40e93df24233d896d2583ee36307f009440e21807767ac5f713f99b18361e22,CLDMSK_L2_VIIRS_NOAA21.A2026203.2048.001.2026204072450.nc,2026-07-23T07:24:50.420Z,56271764,3ba40fbf2782ec1be0b1a543696ae816
A2026203.2054,2026-07-22T20:54Z,NOAA-21 VIIRS,VJ214IMG.A2026203.2054.002.2026204025110.nc,2026-07-23T02:51:10.000Z,2.0.14,1709644,b2c20e4a80388d282749caebcc57be987ef8eea609f67ba29d076d9d62e9fa1d,CLDMSK_L2_VIIRS_NOAA21.A2026203.2054.001.2026204072508.nc,2026-07-23T07:25:08.100Z,52021262,3cb5e627916b963b22e15d82dfef0d55
A2026203.2230,2026-07-22T22:30Z,NOAA-21 VIIRS,VJ214IMG.A2026203.2230.002.2026204042236.nc,2026-07-23T04:22:36.000Z,2.0.14,792805,ae135d47a4a3c54ec1eadd4d8af20b2dceeb2d3b60389b598e1e985bd0e0a4d1,CLDMSK_L2_VIIRS_NOAA21.A2026203.2230.001.2026204072500.nc,2026-07-23T07:25:00.100Z,50074985,9040fdbe2677b3ccb4a7c1cfb242d9cf
A2026203.2236,2026-07-22T22:36Z,NOAA-21 VIIRS,VJ214IMG.A2026203.2236.002.2026204042239.nc,2026-07-23T04:22:39.000Z,2.0.14,1158076,22ed0feb26fe217ac32726abb0c965c7747b005f3f4a41f272de75508dc57fc6,CLDMSK_L2_VIIRS_NOAA21.A2026203.2236.001.2026204072503.nc,2026-07-23T07:25:03.760Z,53574626,5fbba391bf928983375c87d31ed44aff
A2026204.2212,2026-07-23T22:12Z,NOAA-21 VIIRS,VJ214IMG.A2026204.2212.002.2026205043905.nc,2026-07-24T04:39:05.000Z,2.0.14,960665,da2b3f668ce9ae291d76c4377fdbb85e565681de2e75f903f91ce0e3c143a910,CLDMSK_L2_VIIRS_NOAA21.A2026204.2212.001.2026205072545.nc,2026-07-24T07:25:45.130Z,50880099,da77cc7c2edd039b724a415b62340edf
A2026204.2218,2026-07-23T22:18Z,NOAA-21 VIIRS,VJ214IMG.A2026204.2218.002.2026205043905.nc,2026-07-24T04:39:05.000Z,2.0.14,1125198,5847d99a838c5bedf97e5e5a9af6908aed361096e84190093a8099ea01c011ba,CLDMSK_L2_VIIRS_NOAA21.A2026204.2218.001.2026205072548.nc,2026-07-24T07:25:48.060Z,57058342,d48f1115547697d3b2db5e3b45afc977
A2026204.2348,2026-07-23T23:48Z,NOAA-21 VIIRS,VJ214IMG.A2026204.2348.002.2026205061412.nc,2026-07-24T06:14:12.000Z,2.0.14,1314582,aec7f379933be279deafe62ad3fae46f77ff5c6b89320c8b977678f7fe9c47cf,CLDMSK_L2_VIIRS_NOAA21.A2026204.2348.001.2026205072544.nc,2026-07-24T07:25:44.530Z,58492302,a49d6a91bb8f606c80a6ba67e46ef73b
A2026204.2354,2026-07-23T23:54Z,NOAA-21 VIIRS,VJ214IMG.A2026204.2354.002.2026205063524.nc,2026-07-24T06:35:24.000Z,2.0.14,471082,8e195191b14c0a58e9bd7b43ecc47ddfbaafb25ac828a80f4de36e5f2960d4ca,CLDMSK_L2_VIIRS_NOAA21.A2026204.2354.001.2026205072545.nc,2026-07-24T07:25:45.430Z,47261727,e33e837ca33c21d789d92c5fe24d59d0
A2026205.2148,2026-07-24T21:48Z,NOAA-21 VIIRS,VJ214IMG.A2026205.2148.002.2026206040722.nc,2026-07-25T04:07:22.000Z,2.0.14,1024257,e995cf812b0c7fddcd609d129f34afe2dfd5dbb9e42e248421de35071981873d,CLDMSK_L2_VIIRS_NOAA21.A2026205.2148.001.2026206072642.nc,2026-07-25T07:26:42.620Z,51036441,939af1bae290051ecf5fa6b9acb114e1
A2026205.2154,2026-07-24T21:54Z,NOAA-21 VIIRS,VJ214IMG.A2026205.2154.002.2026206041717.nc,2026-07-25T04:17:17.000Z,2.0.14,1186552,c5684379c45fa47115a5f968edfaf02f3761a231c1c22ae132bfe1c56ca673c1,CLDMSK_L2_VIIRS_NOAA21.A2026205.2154.001.2026206072632.nc,2026-07-25T07:26:32.340Z,50299047,2c5c90bcf4fbd8d80a90a170813dc13a
A2026205.2200,2026-07-24T22:00Z,NOAA-21 VIIRS,VJ214IMG.A2026205.2200.002.2026206041714.nc,2026-07-25T04:17:14.000Z,2.0.14,871072,cd2c3135e2a9d6ea149997c6c08dc9455ea45f974d99ac1c4ac270685861ef48,CLDMSK_L2_VIIRS_NOAA21.A2026205.2200.001.2026206072634.nc,2026-07-25T07:26:34.090Z,57262954,17b115db6227c984d12184a019f98127
A2026205.2330,2026-07-24T23:30Z,NOAA-21 VIIRS,VJ214IMG.A2026205.2330.002.2026206041715.nc,2026-07-25T04:17:15.000Z,2.0.14,1179641,0b1bd7946d47d118f44acf50c5779da75391ef615ed6cf553a9b7fd0f637733a,CLDMSK_L2_VIIRS_NOAA21.A2026205.2330.001.2026206072703.nc,2026-07-25T07:27:03.280Z,55712333,4e36715ef384ebd1243bfb31806c64d2
A2026205.2336,2026-07-24T23:36Z,NOAA-21 VIIRS,VJ214IMG.A2026205.2336.002.2026206041714.nc,2026-07-25T04:17:14.000Z,2.0.14,662395,38becb04e6e88b8c4b1bdaa0d9aa9c6157b243cde420bfa86c0dc67e1bfd9833,CLDMSK_L2_VIIRS_NOAA21.A2026205.2336.001.2026206072630.nc,2026-07-25T07:26:30.480Z,46703447,daa5a1c88e55f2af5fde7a5606f8ea93
A2026206.2130,2026-07-25T21:30Z,NOAA-21 VIIRS,VJ214IMG.A2026206.2130.002.2026207023610.nc,2026-07-26T02:36:10.000Z,2.0.14,876868,32200f3fec80891e059865b218824aa039bf7e7cd760d666c8ca2560da9e6a9d,CLDMSK_L2_VIIRS_NOAA21.A2026206.2130.001.2026207072719.nc,2026-07-26T07:27:19.550Z,51449076,6f61f56c17b0869b318debe59ea295d8
A2026206.2136,2026-07-25T21:36Z,NOAA-21 VIIRS,VJ214IMG.A2026206.2136.002.2026207023608.nc,2026-07-26T02:36:08.000Z,2.0.14,1098004,2abab5f8c0e2481453ff4bcfba55d1f31a284a2caa6c597a8c457330179f4d2b,CLDMSK_L2_VIIRS_NOAA21.A2026206.2136.001.2026207072716.nc,2026-07-26T07:27:16.540Z,53180604,116445e79f9a2422f4647306524ec581
A2026206.2312,2026-07-25T23:12Z,NOAA-21 VIIRS,VJ214IMG.A2026206.2312.002.2026207045041.nc,2026-07-26T04:50:41.000Z,2.0.14,839132,e415474d52e87c5d95787c0d9e362aefd0beebe4de5cf2fef77ddd038e3dc0ce,CLDMSK_L2_VIIRS_NOAA21.A2026206.2312.001.2026207072746.nc,2026-07-26T07:27:46.570Z,50231887,f9c069e574b7bf507a1611f1616665d1
A2026206.2318,2026-07-25T23:18Z,NOAA-21 VIIRS,VJ214IMG.A2026206.2318.002.2026207045037.nc,2026-07-26T04:50:37.000Z,2.0.14,884096,bd9fc37dee3eacb093ee962ff5210daffc957ae9deb636c44ae7245c515a57ae,CLDMSK_L2_VIIRS_NOAA21.A2026206.2318.001.2026207072743.nc,2026-07-26T07:27:43.390Z,47668146,104c2a29001833a0275f8b9857847dae
A2026207.2112,2026-07-26T21:12Z,NOAA-21 VIIRS,VJ214IMG.A2026207.2112.002.2026208030321.nc,2026-07-27T03:03:21.000Z,2.0.14,834401,a12e143afdeaa186a0e8620c8202822215e465fb62221c0a4b5b5d3bea202ce0,CLDMSK_L2_VIIRS_NOAA21.A2026207.2112.001.2026208072813.nc,2026-07-27T07:28:13.770Z,49334747,15ec7a0b4aa1ccc33672a09ac97588e8
A2026207.2118,2026-07-26T21:18Z,NOAA-21 VIIRS,VJ214IMG.A2026207.2118.002.2026208030322.nc,2026-07-27T03:03:22.000Z,2.0.14,929560,35b5d32f9d3ff2fd34016ed676a8d59381032b18d9bf9212738ad60eb25ad019,CLDMSK_L2_VIIRS_NOAA21.A2026207.2118.001.2026208072816.nc,2026-07-27T07:28:16.410Z,55623815,ab9ab69b8ab6a9979cc4afd5646d641b
A2026207.2254,2026-07-26T22:54Z,NOAA-21 VIIRS,VJ214IMG.A2026207.2254.002.2026208045331.nc,2026-07-27T04:53:31.000Z,2.0.14,797736,763575c7ac4597e5132ac3b3e05ec391b18592639f2cbbbe0cf222192a861229,CLDMSK_L2_VIIRS_NOAA21.A2026207.2254.001.2026208072811.nc,2026-07-27T07:28:11.870Z,47812763,859712e160ecf8b2e59c3f3a5eaa6a66
A2026207.2300,2026-07-26T23:00Z,NOAA-21 VIIRS,VJ214IMG.A2026207.2300.002.2026208045331.nc,2026-07-27T04:53:31.000Z,2.0.14,1075374,2eb69bb7d5e11c22b3a87b3a21d9d408e311917e974c0dfd0a48f4ee99f6fc3c,CLDMSK_L2_VIIRS_NOAA21.A2026207.2300.001.2026208072813.nc,2026-07-27T07:28:13.360Z,52079573,6e5a57c117324aee6272fb70c698ab3b
A2026208.2054,2026-07-27T20:54Z,NOAA-21 VIIRS,VJ214IMG.A2026208.2054.002.2026209030400.nc,2026-07-28T03:04:00.000Z,2.0.14,1206376,8d1577fda9f68d7c6192c4d24c9269fe32c0a8dcf53cc14727319b75acc2bc38,CLDMSK_L2_VIIRS_NOAA21.A2026208.2054.001.2026209072853.nc,2026-07-28T07:28:53.250Z,51081966,0b54ff87d3eb37af36b117650e6ceedb
A2026208.2100,2026-07-27T21:00Z,NOAA-21 VIIRS,VJ214IMG.A2026208.2100.002.2026209031609.nc,2026-07-28T03:16:09.000Z,2.0.14,1095640,94acaf0e62fc91050b7abeeb8ae4af9e53a61c202613be4bd5d0921d54ab2f5e,CLDMSK_L2_VIIRS_NOAA21.A2026208.2100.001.2026209072845.nc,2026-07-28T07:28:45.240Z,54997951,1c90a80319803ad10510ea4261a0bb16
A2026208.2236,2026-07-27T22:36Z,NOAA-21 VIIRS,VJ214IMG.A2026208.2236.002.2026209044458.nc,2026-07-28T04:44:58.000Z,2.0.14,696524,d7d27d7638514a01e3a385ea48619a924c4ec5cfffb0f95de158bd4092ecfff1,CLDMSK_L2_VIIRS_NOAA21.A2026208.2236.001.2026209072850.nc,2026-07-28T07:28:50.050Z,47301369,342a0e88da661d1d2d008d6dca303bc9
A2026208.2242,2026-07-27T22:42Z,NOAA-21 VIIRS,VJ214IMG.A2026208.2242.002.2026209044458.nc,2026-07-28T04:44:58.000Z,2.0.14,1127977,36114e6bb4b3ebace88204e24e797b5f8d20e8a445c914a2f22f5e9d0dd1fe58,CLDMSK_L2_VIIRS_NOAA21.A2026208.2242.001.2026209072846.nc,2026-07-28T07:28:46.750Z,53259353,5c8c93153de35a419e23d767958bc22f
A2026209.2042,2026-07-28T20:42Z,NOAA-21 VIIRS,VJ214IMG.A2026209.2042.002.2026210192941.nc,2026-07-29T19:29:41.000Z,2.0.14,1686456,05971da483a90691ba75a41c5e516e7a3fc319abdc3c3d99d7b3581bcb7e55df,CLDMSK_L2_VIIRS_NOAA21.A2026209.2042.001.2026210073005.nc,2026-07-29T07:30:05.770Z,54849247,61d1659e43e06576a8b32b637a838619
A2026209.2218,2026-07-28T22:18Z,NOAA-21 VIIRS,VJ214IMG.A2026209.2218.002.2026210192945.nc,2026-07-29T19:29:45.000Z,2.0.14,726683,b6b9f3fa7de65137fd703535c7e5a2922606447fac031521906ccaa0905b2469,CLDMSK_L2_VIIRS_NOAA21.A2026209.2218.001.2026210073000.nc,2026-07-29T07:30:00.300Z,48244047,e539eb88f5244f09884d5f756ddb932e
A2026209.2224,2026-07-28T22:24Z,NOAA-21 VIIRS,VJ214IMG.A2026209.2224.002.2026210192950.nc,2026-07-29T19:29:50.000Z,2.0.14,954641,a61b248dbb223c2ff1baffd5b20ba1a5fef3270171a22e0df5bd1e73c66c2b8f,CLDMSK_L2_VIIRS_NOAA21.A2026209.2224.001.2026210072951.nc,2026-07-29T07:29:51.570Z,55338063,c8404e32259f45480a0ebf6d02c86e39
A2026209.2354,2026-07-28T23:54Z,NOAA-21 VIIRS,VJ214IMG.A2026209.2354.002.2026210192945.nc,2026-07-29T19:29:45.000Z,2.0.14,1109938,3b315ea1095cef7ecfb4f646099f4c031baba45b7bf9b52312acc9ce04471d50,CLDMSK_L2_VIIRS_NOAA21.A2026209.2354.001.2026210072945.nc,2026-07-29T07:29:45.950Z,55429958,37c3f5f9a8ca83b18d7cba3d46160368
A2026210.0000,2026-07-29T00:00Z,NOAA-21 VIIRS,VJ214IMG.A2026210.0000.002.2026210194948.nc,2026-07-29T19:49:48.000Z,2.0.14,544420,d685a4022ae2397c56061e67855829535d508709cf2c476247e2d5783ad6259f,CLDMSK_L2_VIIRS_NOAA21.A2026210.0000.001.2026210131002.nc,2026-07-29T13:10:02.010Z,46917619,9892b1d200b28992564121241cb1f26d
A2026210.2200,2026-07-29T22:00Z,NOAA-21 VIIRS,VJ214IMG.A2026210.2200.002.2026211042444.nc,2026-07-30T04:24:44.000Z,2.0.14,760811,019c340c3900fffce653778cd111f5504bd0f1a62ff8999b71830539cf6bd060,CLDMSK_L2_VIIRS_NOAA21.A2026210.2200.001.2026211074049.nc,2026-07-30T07:40:49.870Z,51212698,2011a5e6305bf2867d98e1aa5b03695b
A2026210.2206,2026-07-29T22:06Z,NOAA-21 VIIRS,VJ214IMG.A2026210.2206.002.2026211042442.nc,2026-07-30T04:24:42.000Z,2.0.14,979795,060e3ffa972ede4f5aa8ed8553864487962faca2633c7a54fc2702cede920618,CLDMSK_L2_VIIRS_NOAA21.A2026210.2206.001.2026211074051.nc,2026-07-30T07:40:51.210Z,57966279,61f18e7e24a5fa986f10fe9bb63d6b8a
A2026210.2336,2026-07-29T23:36Z,NOAA-21 VIIRS,VJ214IMG.A2026210.2336.002.2026211042446.nc,2026-07-30T04:24:46.000Z,2.0.14,939563,4ce4a8d40579f0849be6704023d79e0cce0665298583fbfa1e98982b1a64962c,CLDMSK_L2_VIIRS_NOAA21.A2026210.2336.001.2026211074111.nc,2026-07-30T07:41:11.130Z,52103683,df9da437c651df2fce68ce3f7fccb9f6
A2026210.2342,2026-07-29T23:42Z,NOAA-21 VIIRS,VJ214IMG.A2026210.2342.002.2026211042446.nc,2026-07-30T04:24:46.000Z,2.0.14,657266,7b7b8932f0e4ec31940c87e43e88eac6a8e76ef5bd9230090a890c5b9953feac,CLDMSK_L2_VIIRS_NOAA21.A2026210.2342.001.2026211074044.nc,2026-07-30T07:40:44.560Z,47980844,81713123c0ba5ad90c134dc169c6f7ab
A2026211.2136,2026-07-30T21:36Z,NOAA-21 VIIRS,VJ214IMG.A2026211.2136.002.2026212183847.nc,2026-07-31T18:38:47.000Z,2.0.14,934413,88507cd096206cf47dfc7da697f8d45cd3afddf653f31e0c2cd28bb53ff833f5,CLDMSK_L2_VIIRS_NOAA21.A2026211.2136.001.2026212073131.nc,2026-07-31T07:31:31.320Z,50776538,d52f145c9b1de6b39f43268c8b50fe6c
A2026211.2142,2026-07-30T21:42Z,NOAA-21 VIIRS,VJ214IMG.A2026211.2142.002.2026212183848.nc,2026-07-31T18:38:48.000Z,2.0.14,946734,409a48162fb3e50e97aaddc88ce73d461028bbf01f13e5b1e150a999058eab1e,CLDMSK_L2_VIIRS_NOAA21.A2026211.2142.001.2026212073135.nc,2026-07-31T07:31:35.510Z,50689506,d10970af93f11adcece85a278f5cebea
A2026211.2318,2026-07-30T23:18Z,NOAA-21 VIIRS,VJ214IMG.A2026211.2318.002.2026212183824.nc,2026-07-31T18:38:24.000Z,2.0.14,804413,b856acd2dc51350d16f84a1209b0c27b4afdcceca28db9823305bfb153f6434f,CLDMSK_L2_VIIRS_NOAA21.A2026211.2318.001.2026212073131.nc,2026-07-31T07:31:31.110Z,50848610,55a880e6b9e703f79cbfa73fe2a0a1bd
A2026211.2324,2026-07-30T23:24Z,NOAA-21 VIIRS,VJ214IMG.A2026211.2324.002.2026212183821.nc,2026-07-31T18:38:21.000Z,2.0.14,876580,ebfb473ad4207d53f840ab4f7b9f91a164057bd6d5e0338c527f25c18346307a,CLDMSK_L2_VIIRS_NOAA21.A2026211.2324.001.2026212073136.nc,2026-07-31T07:31:36.870Z,49508448,74d9968093643c7bf7663410e6c62735
A2026212.2118,2026-07-31T21:18Z,NOAA-21 VIIRS,VJ214IMG.A2026212.2118.002.2026213015545.nc,2026-08-01T01:55:45.000Z,2.0.14,781646,afb345c23a51f2758153016d7d90e3ec0efbd02a3b5f5ac4bdd00909fa7b0378,CLDMSK_L2_VIIRS_NOAA21.A2026212.2118.001.2026213073209.nc,2026-08-01T07:32:09.350Z,50489611,c4d63233c3321bc3f6440c4d30d4ca7c
A2026212.2124,2026-07-31T21:24Z,NOAA-21 VIIRS,VJ214IMG.A2026212.2124.002.2026213015548.nc,2026-08-01T01:55:48.000Z,2.0.14,1501425,63131c7dfa5b19f5cd95cbd0e6db794083f923adf5ef1491ceb227a80b2c9978,CLDMSK_L2_VIIRS_NOAA21.A2026212.2124.001.2026213073207.nc,2026-08-01T07:32:07.270Z,50861926,91d6169c18cb023b519c53fe07f82c60
A2026212.2300,2026-07-31T23:00Z,NOAA-21 VIIRS,VJ214IMG.A2026212.2300.002.2026213043349.nc,2026-08-01T04:33:49.000Z,2.0.14,737332,502448e3ddda100d4f9678412acb28edcf5718f2969d09fbe21675abac9eb1fc,CLDMSK_L2_VIIRS_NOAA21.A2026212.2300.001.2026213073212.nc,2026-08-01T07:32:12.720Z,48982307,21b8ea8c440bf6aba609bb11b0857d26
A2026212.2306,2026-07-31T23:06Z,NOAA-21 VIIRS,VJ214IMG.A2026212.2306.002.2026213043350.nc,2026-08-01T04:33:50.000Z,2.0.14,1167559,a0bb8bb3b373fd34fe9b650fa5d8a6968f4ba91c45899748bc160970a478a143,CLDMSK_L2_VIIRS_NOAA21.A2026212.2306.001.2026213073211.nc,2026-08-01T07:32:11.120Z,52197619,04dded184d86d2a2e7208a7f67878b55
A2026213.2100,2026-08-01T21:00Z,NOAA-21 VIIRS,VJ214IMG.A2026213.2100.002.2026214023846.nc,2026-08-02T02:38:46.000Z,2.0.14,1062437,12c003dd4820a7aeea8928647e10955cf330e8b24e21662dc7fef2e9b91f0e7e,CLDMSK_L2_VIIRS_NOAA21.A2026213.2100.001.2026214072248.nc,2026-08-02T07:22:48.260Z,51095289,5e718223b1ac38fda0400e4bbf66256b
A2026213.2106,2026-08-01T21:06Z,NOAA-21 VIIRS,VJ214IMG.A2026213.2106.002.2026214023847.nc,2026-08-02T02:38:47.000Z,2.0.14,1244545,e9779dd7f2ab86fad95c0799493132def5bea7c7889c4c5c1320cf6fbfedad99,CLDMSK_L2_VIIRS_NOAA21.A2026213.2106.001.2026214072246.nc,2026-08-02T07:22:46.690Z,49476259,39553965c961b03adc42a8d4e42d04bf
A2026213.2242,2026-08-01T22:42Z,NOAA-21 VIIRS,VJ214IMG.A2026213.2242.002.2026214042215.nc,2026-08-02T04:22:15.000Z,2.0.14,772974,ca550073a9e866ef20502aac58131bd643ae5a2c6b4c1e0331781e1b3fff7857,CLDMSK_L2_VIIRS_NOAA21.A2026213.2242.001.2026214072248.nc,2026-08-02T07:22:48.650Z,48728839,91c29d93eb027debe283b13046ff62c3
A2026213.2248,2026-08-01T22:48Z,NOAA-21 VIIRS,VJ214IMG.A2026213.2248.002.2026214042213.nc,2026-08-02T04:22:13.000Z,2.0.14,1544379,4799ae3ebabf80ae5a77980a6120ee2dae6f5374319d440ea04f9cb3f04cf992,CLDMSK_L2_VIIRS_NOAA21.A2026213.2248.001.2026214072250.nc,2026-08-02T07:22:50.580Z,52673061,434be09f1a91e62d1686bf361dff41e7
A2026214.2042,2026-08-02T20:42Z,NOAA-21 VIIRS,VJ214IMG.A2026214.2042.002.2026215021649.nc,2026-08-03T02:16:49.000Z,2.0.14,1608833,e55837c6f770d726d55043168b017d21b088f95475971876a79f09e42396a95f,CLDMSK_L2_VIIRS_NOAA21.A2026214.2042.001.2026215072338.nc,2026-08-03T07:23:38.520Z,52634625,7b72dd8c5b243ea38784fe8da8b92386
A2026214.2048,2026-08-02T20:48Z,NOAA-21 VIIRS,VJ214IMG.A2026214.2048.002.2026215021647.nc,2026-08-03T02:16:47.000Z,2.0.14,1447790,d8f4341e9ed9998d5ea53acfbc3b706728de59f437b27513370b63064c425dc1,CLDMSK_L2_VIIRS_NOAA21.A2026214.2048.001.2026215072339.nc,2026-08-03T07:23:39.050Z,52120024,addc94059cdabb657ec1fc10eb740b7d
A2026214.2224,2026-08-02T22:24Z,NOAA-21 VIIRS,VJ214IMG.A2026214.2224.002.2026215041544.nc,2026-08-03T04:15:44.000Z,2.0.14,786138,d66f3b23b31977e63754da6c6cbf943e95dc546328bb783440cc9aa0d720b22f,CLDMSK_L2_VIIRS_NOAA21.A2026214.2224.001.2026215072328.nc,2026-08-03T07:23:28.460Z,50524340,79dacb5d7d5f0d8b960ab944c74d1902
A2026214.2230,2026-08-02T22:30Z,NOAA-21 VIIRS,VJ214IMG.A2026214.2230.002.2026215041542.nc,2026-08-03T04:15:42.000Z,2.0.14,1372864,c82bba0280cb3b5a6d71b96164ee7e6f4a8d4e0d1c39be67a4a8f954af541151,CLDMSK_L2_VIIRS_NOAA21.A2026214.2230.001.2026215072329.nc,2026-08-03T07:23:29.240Z,55768817,d49887d5c4eb1b775996c4e7e3a8eebf
A2026215.0000,2026-08-03T00:00Z,NOAA-21 VIIRS,VJ214IMG.A2026215.0000.002.2026215071516.nc,2026-08-03T07:15:16.000Z,2.0.14,997425,18622fb86e3f877ee789caff0925d81a25e7b54415241052d933390ac15f5cdb,CLDMSK_L2_VIIRS_NOAA21.A2026215.0000.001.2026215130347.nc,2026-08-03T13:03:47.670Z,53062296,f3f8375e80dfbcfc716b8a34d0f1e37c
A2026215.0006,2026-08-03T00:06Z,NOAA-21 VIIRS,VJ214IMG.A2026215.0006.002.2026215071515.nc,2026-08-03T07:15:15.000Z,2.0.14,530839,90c6806c1acdac146b26722507ee0c2effa61f7c3904731cab2c792b06fc1bc0,CLDMSK_L2_VIIRS_NOAA21.A2026215.0006.001.2026215130339.nc,2026-08-03T13:03:39.700Z,47398257,64fa7dec87836e74463975c5ac3449f8
A2026215.2206,2026-08-03T22:06Z,NOAA-21 VIIRS,VJ214IMG.A2026215.2206.002.2026216042811.nc,2026-08-04T04:28:11.000Z,2.0.14,957436,1bd56f85922e2b6e875cb39e594741e7bcb45633b7de458d422806ba50f962b9,CLDMSK_L2_VIIRS_NOAA21.A2026215.2206.001.2026216073422.nc,2026-08-04T07:34:22.130Z,51375896,82c94cf626cb00a8fb7b048af3c56abf
A2026215.2212,2026-08-03T22:12Z,NOAA-21 VIIRS,VJ214IMG.A2026215.2212.002.2026216042808.nc,2026-08-04T04:28:08.000Z,2.0.14,908929,2bc178d6ff8e04ca6c35bae527ae4e4f84a36400e0ccb901de1a8739ae3be916,CLDMSK_L2_VIIRS_NOAA21.A2026215.2212.001.2026216073443.nc,2026-08-04T07:34:43.130Z,58726441,1b53eef23211a358178ea90a7ca2c38a
A2026215.2342,2026-08-03T23:42Z,NOAA-21 VIIRS,VJ214IMG.A2026215.2342.002.2026216042809.nc,2026-08-04T04:28:09.000Z,2.0.14,906433,cd764ac2360062c827fd55102f3c7cec9a71cbb6d512a8d05735d0388e9c8cf5,CLDMSK_L2_VIIRS_NOAA21.A2026215.2342.001.2026216073415.nc,2026-08-04T07:34:15.350Z,52751839,9ce0cd8226a7404cc24e690870a1a76a
A2026215.2348,2026-08-03T23:48Z,NOAA-21 VIIRS,VJ214IMG.A2026215.2348.002.2026216055340.nc,2026-08-04T05:53:40.000Z,2.0.14,595628,9318a8ed5ae2c7ad2f42a1dc912126b15e1c4ca827626f4df41a91fbe020d88c,CLDMSK_L2_VIIRS_NOAA21.A2026215.2348.001.2026216073424.nc,2026-08-04T07:34:24.410Z,47774791,00b22f60e353b8655d8d2fd25a49f715
A2026216.2142,2026-08-04T21:42Z,NOAA-21 VIIRS,VJ214IMG.A2026216.2142.002.2026217023417.nc,2026-08-05T02:34:17.000Z,2.0.14,1023984,56ddf60b93552bfce3467567e086669633694970bbc42064d20f054477cb3ad0,CLDMSK_L2_VIIRS_NOAA21.A2026216.2142.001.2026217072508.nc,2026-08-05T07:25:08.920Z,52857626,111488c28ea2c374e08c652999ca0cff
A2026216.2148,2026-08-04T21:48Z,NOAA-21 VIIRS,VJ214IMG.A2026216.2148.002.2026217035449.nc,2026-08-05T03:54:49.000Z,2.0.14,840709,33f1e92a41d4962bf9db864a0025d7eaac3e4586c5a1330f1cf1705596822ea9,CLDMSK_L2_VIIRS_NOAA21.A2026216.2148.001.2026217072508.nc,2026-08-05T07:25:08.460Z,50824291,ce02d75fd1c530d0ae675d53d95c0912
A2026216.2324,2026-08-04T23:24Z,NOAA-21 VIIRS,VJ214IMG.A2026216.2324.002.2026217041042.nc,2026-08-05T04:10:42.000Z,2.0.14,862795,7ced7c420653430c448792a7f043f5c93cc92b803395791c8fd9df9a13639adc,CLDMSK_L2_VIIRS_NOAA21.A2026216.2324.001.2026217072511.nc,2026-08-05T07:25:11.740Z,52032929,e28eb146dbc0eb1b1009633ff6c863d3
A2026216.2330,2026-08-04T23:30Z,NOAA-21 VIIRS,VJ214IMG.A2026216.2330.002.2026217041044.nc,2026-08-05T04:10:44.000Z,2.0.14,877509,308a7c384497b9762093a49d19f693989afdd3042e31265d3c175f0374066bf7,CLDMSK_L2_VIIRS_NOAA21.A2026216.2330.001.2026217072506.nc,2026-08-05T07:25:06.040Z,50127657,eb6ec9275de71b605d6e416b4a20132d
A2026217.2124,2026-08-05T21:24Z,NOAA-21 VIIRS,VJ214IMG.A2026217.2124.002.2026218020650.nc,2026-08-06T02:06:50.000Z,2.0.14,982256,ce0ab1e0118715525b4a8e3f6820f1db43cc2e863a0996876dab01352de8cced,CLDMSK_L2_VIIRS_NOAA21.A2026217.2124.001.2026218072547.nc,2026-08-06T07:25:47.380Z,53476384,df1aea59bf1482b3a34d726d0426dfca
A2026217.2130,2026-08-05T21:30Z,NOAA-21 VIIRS,VJ214IMG.A2026217.2130.002.2026218020653.nc,2026-08-06T02:06:53.000Z,2.0.14,701431,d61e0975d861aad16a2a6660f72a7f4a6ece54edc31598b5611ea42bb89e07dc,CLDMSK_L2_VIIRS_NOAA21.A2026217.2130.001.2026218072603.nc,2026-08-06T07:26:03.680Z,52778558,c7f38d5e66d67cd5e2e8756f84834cc6
A2026217.2306,2026-08-05T23:06Z,NOAA-21 VIIRS,VJ214IMG.A2026217.2306.002.2026218045320.nc,2026-08-06T04:53:20.000Z,2.0.14,875021,7f707caca8ec90cfdf2985883fdcf335dc567d8839c35ef3b71bfd121e12587d,CLDMSK_L2_VIIRS_NOAA21.A2026217.2306.001.2026218072559.nc,2026-08-06T07:25:59.440Z,51840433,d3bf44e96076dd7d0cfd2be9b845e1c5
A2026217.2312,2026-08-05T23:12Z,NOAA-21 VIIRS,VJ214IMG.A2026217.2312.002.2026218045318.nc,2026-08-06T04:53:18.000Z,2.0.14,1395694,d8530c3020f7941cf6a665fae01be48614f397d5957107cb73b69906c3f62d18,CLDMSK_L2_VIIRS_NOAA21.A2026217.2312.001.2026218072558.nc,2026-08-06T07:25:58.390Z,51238945,066b6b6e995f7109ded36680489d7916
A2026218.2106,2026-08-06T21:06Z,NOAA-21 VIIRS,VJ214IMG.A2026218.2106.002.2026219030250.nc,2026-08-07T03:02:50.000Z,2.0.14,1033398,c82a4f9ce6984d75dc3024cc679472087ab8e2000ad2e9a829339d02e06d4a8e,CLDMSK_L2_VIIRS_NOAA21.A2026218.2106.001.2026219072632.nc,2026-08-07T07:26:32.730Z,52534899,7b56eaf6ac67d82bce4ccecd11c801ed
A2026218.2112,2026-08-06T21:12Z,NOAA-21 VIIRS,VJ214IMG.A2026218.2112.002.2026219030247.nc,2026-08-07T03:02:47.000Z,2.0.14,792137,8f929f2b63d2dba882e023b7b908bfb6426d88df6a3669f3b33c2bd3d893e4bc,CLDMSK_L2_VIIRS_NOAA21.A2026218.2112.001.2026219072633.nc,2026-08-07T07:26:33.170Z,52578509,cd613cbdfc9c221f578306d3a897a691
A2026218.2248,2026-08-06T22:48Z,NOAA-21 VIIRS,VJ214IMG.A2026218.2248.002.2026219043450.nc,2026-08-07T04:34:50.000Z,2.0.14,988559,a45a4f5256acbc96164fe99a49d13df10d783f02d72e0d4078503aca98a10a35,CLDMSK_L2_VIIRS_NOAA21.A2026218.2248.001.2026219072640.nc,2026-08-07T07:26:40.480Z,50187881,116ccf182985140facfa96437097cfb4
A2026218.2254,2026-08-06T22:54Z,NOAA-21 VIIRS,VJ214IMG.A2026218.2254.002.2026219044449.nc,2026-08-07T04:44:49.000Z,2.0.14,1252614,2d562b11b5a3bd2893214e7ddcdc2ee0c191efd6cba3a61acf6cf992d50fb455,CLDMSK_L2_VIIRS_NOAA21.A2026218.2254.001.2026219072643.nc,2026-08-07T07:26:43.900Z,54519102,4aaf009ed6bf597c934e7e692d0171f2
A2026219.2048,2026-08-07T20:48Z,NOAA-21 VIIRS,VJ214IMG.A2026219.2048.002.2026220024907.nc,2026-08-08T02:49:07.000Z,2.0.14,1279514,7298760974977d9939906ae42c8a09c291aa7e020f07645983928eb82a66dd5c,CLDMSK_L2_VIIRS_NOAA21.A2026219.2048.001.2026220073725.nc,2026-08-08T07:37:25.480Z,54118866,56d1a1692e6bdb966813e3f178f728b4
A2026219.2054,2026-08-07T20:54Z,NOAA-21 VIIRS,VJ214IMG.A2026219.2054.002.2026220024018.nc,2026-08-08T02:40:18.000Z,2.0.14,1271168,184fe352255df771d9a3d01520569885243bfee632da04dcce0dd2cd639dc3d4,CLDMSK_L2_VIIRS_NOAA21.A2026219.2054.001.2026220073731.nc,2026-08-08T07:37:31.680Z,52151766,26a46bbc60de083b9c3bafa31a50238a
A2026219.2230,2026-08-07T22:30Z,NOAA-21 VIIRS,VJ214IMG.A2026219.2230.002.2026220042409.nc,2026-08-08T04:24:09.000Z,2.0.14,966575,66e2e884759dbc3db217330c6fbdb800ee3f389ad16f3fbc8e7117fbfa406d9d,CLDMSK_L2_VIIRS_NOAA21.A2026219.2230.001.2026220073725.nc,2026-08-08T07:37:25.250Z,50773115,0eb2300c947f4c5dd0581d36559de546
A2026219.2236,2026-08-07T22:36Z,NOAA-21 VIIRS,VJ214IMG.A2026219.2236.002.2026220042408.nc,2026-08-08T04:24:08.000Z,2.0.14,1168710,2e062164da1f5f222ff909a68dba0b54b62e5f80d07db8e07080b7c66f206bbe,CLDMSK_L2_VIIRS_NOAA21.A2026219.2236.001.2026220073728.nc,2026-08-08T07:37:28.650Z,55684330,960409b4faf1f76578be782299cb8b2a
A2026220.2212,2026-08-08T22:12Z,NOAA-21 VIIRS,VJ214IMG.A2026220.2212.002.2026221044303.nc,2026-08-09T04:43:03.000Z,2.0.14,1090185,c53133e42da28277308e2d73e4b88714ae7a2c5a759abdb8b6bdcb461ec9823c,CLDMSK_L2_VIIRS_NOAA21.A2026220.2212.001.2026221073819.nc,2026-08-09T07:38:19.620Z,50899613,415e8a14c150b440e05cbad7250ca9be
A2026220.2218,2026-08-08T22:18Z,NOAA-21 VIIRS,VJ214IMG.A2026220.2218.002.2026221044301.nc,2026-08-09T04:43:01.000Z,2.0.14,1026947,c29aa68d29a374b6639f5908a3c4eb417e109c7aec9b20cbb9a9ac1187de5c3e,CLDMSK_L2_VIIRS_NOAA21.A2026220.2218.001.2026221073832.nc,2026-08-09T07:38:32.200Z,59074245,37842d1a59f65dfce077999887544d75
A2026220.2348,2026-08-08T23:48Z,NOAA-21 VIIRS,VJ214IMG.A2026220.2348.002.2026221061137.nc,2026-08-09T06:11:37.000Z,2.0.14,1020433,c9cdfb3428e81abb6e3c660cdadf9e4a0c22b714132c69771493a8c48bbfb55f,CLDMSK_L2_VIIRS_NOAA21.A2026220.2348.001.2026221073821.nc,2026-08-09T07:38:21.360Z,55400200,26b1be69a0492550a872c4684781e3d8
A2026220.2354,2026-08-08T23:54Z,NOAA-21 VIIRS,VJ214IMG.A2026220.2354.002.2026221063356.nc,2026-08-09T06:33:56.000Z,2.0.14,516118,b1d6f3fb1dc9f55102ef8e7e601d8c57b486470d195f8e9f48c8ad5af6938ccb,CLDMSK_L2_VIIRS_NOAA21.A2026220.2354.001.2026221073821.nc,2026-08-09T07:38:21.670Z,46465241,417218bc78e04e8661bf31631625e460
A2026221.2148,2026-08-09T21:48Z,NOAA-21 VIIRS,VJ214IMG.A2026221.2148.002.2026222041448.nc,2026-08-10T04:14:48.000Z,2.0.14,1102777,de251a0260203d49e58c95a70b2a8e9ae12312ea9dee5dc8b1b4713644b6686e,CLDMSK_L2_VIIRS_NOAA21.A2026221.2148.001.2026222072921.nc,2026-08-10T07:29:21.960Z,52561696,8a72f50324b2ed8405295e2a19bf2265
A2026221.2154,2026-08-09T21:54Z,NOAA-21 VIIRS,VJ214IMG.A2026221.2154.002.2026222042657.nc,2026-08-10T04:26:57.000Z,2.0.14,1025102,b56455a56cc1adaeed95aa83c0cfd9bd0eee9cdb058645bb36499766d48c831b,CLDMSK_L2_VIIRS_NOAA21.A2026221.2154.001.2026222072920.nc,2026-08-10T07:29:20.770Z,52399597,efae34b74922dff02c7301b04df96fd9
A2026221.2200,2026-08-09T22:00Z,NOAA-21 VIIRS,VJ214IMG.A2026221.2200.002.2026222042659.nc,2026-08-10T04:26:59.000Z,2.0.14,567435,144690ab372a9255f3ebdd64b68f2e2121aa121bfa76c85c0f63a123a99d2e98,CLDMSK_L2_VIIRS_NOAA21.A2026221.2200.001.2026222072924.nc,2026-08-10T07:29:24.860Z,58079965,8ad91e6f085314ff6c813ea04b49dd90
A2026221.2330,2026-08-09T23:30Z,NOAA-21 VIIRS,VJ214IMG.A2026221.2330.002.2026222042700.nc,2026-08-10T04:27:00.000Z,2.0.14,965168,7d6349f1808db7f79d8666c1e3553bb754f62f281438b5d5ef9f6f23b42bc39f,CLDMSK_L2_VIIRS_NOAA21.A2026221.2330.001.2026222072920.nc,2026-08-10T07:29:20.830Z,53342369,078a20246338a581c34452f69fadb468
A2026221.2336,2026-08-09T23:36Z,NOAA-21 VIIRS,VJ214IMG.A2026221.2336.002.2026222042701.nc,2026-08-10T04:27:01.000Z,2.0.14,740752,adabc2b5c59072171e53d544be4680159529a86c140a1f2b260a0fb8024aaff5,CLDMSK_L2_VIIRS_NOAA21.A2026221.2336.001.2026222072917.nc,2026-08-10T07:29:17.120Z,48532213,bf9523fd6530664829230e93530e013d
A2026222.2130,2026-08-10T21:30Z,NOAA-21 VIIRS,VJ214IMG.A2026222.2130.002.2026223022217.nc,2026-08-11T02:22:17.000Z,2.0.14,1248410,cb0210a3f26dd480f78757fe7f0207a296e9d08cc23ff4f74181b0e0d687a6cb,CLDMSK_L2_VIIRS_NOAA21.A2026222.2130.001.2026223073031.nc,2026-08-11T07:30:31.550Z,53317938,f723414af99f7584911ca3899010eae5
A2026222.2136,2026-08-10T21:36Z,NOAA-21 VIIRS,VJ214IMG.A2026222.2136.002.2026223022217.nc,2026-08-11T02:22:17.000Z,2.0.14,837951,565a062bdde71597fa9a165d31e9f7624d025f1ac140564a8aecb3d26da73163,CLDMSK_L2_VIIRS_NOAA21.A2026222.2136.001.2026223073031.nc,2026-08-11T07:30:31.910Z,51353550,b258d0d8d24245ba3b63b7402e14e8e9
A2026222.2312,2026-08-10T23:12Z,NOAA-21 VIIRS,VJ214IMG.A2026222.2312.002.2026223045954.nc,2026-08-11T04:59:54.000Z,2.0.14,1029849,26abcfb33b3442be7551535e58d965032d3af04926c00e9ec605d22dc17ed9ec,CLDMSK_L2_VIIRS_NOAA21.A2026222.2312.001.2026223073040.nc,2026-08-11T07:30:40.240Z,52814163,8bc5218f23a377f804599ec632c62b4f
A2026222.2318,2026-08-10T23:18Z,NOAA-21 VIIRS,VJ214IMG.A2026222.2318.002.2026223045957.nc,2026-08-11T04:59:57.000Z,2.0.14,1175126,5543653514d7231e9433147ef19d7ae907d84a57341fb0c311651ea59145a2ec,CLDMSK_L2_VIIRS_NOAA21.A2026222.2318.001.2026223073046.nc,2026-08-11T07:30:46.050Z,51968047,2440f467340c0d5269530a4164b65208
A2026223.2112,2026-08-11T21:12Z,NOAA-21 VIIRS,VJ214IMG.A2026223.2112.002.2026224030252.nc,2026-08-12T03:02:52.000Z,2.0.14,1327701,6622a93ccc0bb4278dd9e74d979ffa60b7908ca5e591f060d931487fedec4bd2,CLDMSK_L2_VIIRS_NOAA21.A2026223.2112.001.2026224072210.nc,2026-08-12T07:22:10.770Z,54481820,a5fa7e61317924efa4d21e30d3706b0e
A2026223.2118,2026-08-11T21:18Z,NOAA-21 VIIRS,VJ214IMG.A2026223.2118.002.2026224030256.nc,2026-08-12T03:02:56.000Z,2.0.14,962986,e3df19a71e4950e75b290de769ec6c4e43c533778c6c9a1ae13d64567954fbb7,CLDMSK_L2_VIIRS_NOAA21.A2026223.2118.001.2026224072209.nc,2026-08-12T07:22:09.560Z,54566097,8bdd69cb76730ed95eb02e9cc73f758a
A2026223.2254,2026-08-11T22:54Z,NOAA-21 VIIRS,VJ214IMG.A2026223.2254.002.2026224110157.nc,2026-08-12T11:01:57.000Z,2.0.14,1009227,cf5782aaea40aaa0b0b1c218bf1a271b4e96a5d29f3a4b57090fbe244074b0c7,CLDMSK_L2_VIIRS_NOAA21.A2026223.2254.001.2026224105204.nc,2026-08-12T10:52:04.340Z,52915815,09fdb588d0d2131c9cbf7de2ef08f71e
A2026223.2300,2026-08-11T23:00Z,NOAA-21 VIIRS,VJ214IMG.A2026223.2300.002.2026224110837.nc,2026-08-12T11:08:37.000Z,2.0.14,1584513,5e0a1eeb2ef64c451142459eed7003e226306a41869c92b05d3e42063766096f,CLDMSK_L2_VIIRS_NOAA21.A2026223.2300.001.2026224105203.nc,2026-08-12T10:52:03.670Z,53928297,f6675fb21a4a5fe4c74b1e2f1c29827d
A2026224.2054,2026-08-12T20:54Z,NOAA-21 VIIRS,VJ214IMG.A2026224.2054.002.2026225142817.nc,2026-08-13T14:28:17.000Z,2.0.14,1332672,9df1ed6c0deaac7089a57d2b14e778240455fd07ed3ff0be02885ff4ddfe65e9,CLDMSK_L2_VIIRS_NOAA21.A2026224.2054.001.2026225072434.nc,2026-08-13T07:24:34.280Z,53618652,5d4dfa6d62f96387f668d2f5053f09e5
A2026224.2100,2026-08-12T21:00Z,NOAA-21 VIIRS,VJ214IMG.A2026224.2100.002.2026225142817.nc,2026-08-13T14:28:17.000Z,2.0.14,1153820,7d7afe9f3adb204053a04239beca5033d9d3bda4b880f2713536e3d8f968d198,CLDMSK_L2_VIIRS_NOAA21.A2026224.2100.001.2026225072433.nc,2026-08-13T07:24:33.900Z,53739553,8bd1969b1797e7cc7202e04c578e778d
A2026224.2236,2026-08-12T22:36Z,NOAA-21 VIIRS,VJ214IMG.A2026224.2236.002.2026225143515.nc,2026-08-13T14:35:15.000Z,2.0.14,903393,031b7633c88e6cfa16709c015fa381b34bbfabf9de63dd7b4c5d408ee94f3bd8,CLDMSK_L2_VIIRS_NOAA21.A2026224.2236.001.2026225072420.nc,2026-08-13T07:24:20.280Z,52119513,45262abb7ab4eef05c19fc2436981d07
A2026224.2242,2026-08-12T22:42Z,NOAA-21 VIIRS,VJ214IMG.A2026224.2242.002.2026225143516.nc,2026-08-13T14:35:16.000Z,2.0.14,1295919,afabb60caa3e0d5f9b291552b8a93d986c64395ddf98a7fb60923d725b5a06a2,CLDMSK_L2_VIIRS_NOAA21.A2026224.2242.001.2026225072421.nc,2026-08-13T07:24:21.890Z,54568425,d5664434e880c5afa029b9c3ed9b75fd
A2026225.2042,2026-08-13T20:42Z,NOAA-21 VIIRS,VJ214IMG.A2026225.2042.002.2026226021815.nc,2026-08-14T02:18:15.000Z,2.0.14,1185818,1e89eb47ab2d800c8fe04a969828d7876bef657353d7cbc93e649d5f3bd39d04,CLDMSK_L2_VIIRS_NOAA21.A2026225.2042.001.2026226072539.nc,2026-08-14T07:25:39.860Z,53811205,278153bee3166464bf1cae19d0d25684
A2026225.2218,2026-08-13T22:18Z,NOAA-21 VIIRS,VJ214IMG.A2026225.2218.002.2026226044312.nc,2026-08-14T04:43:12.000Z,2.0.14,875558,0fa3bfc5a68fcdfd42e9865207c0ea4267856f8d8fd9e75ed1b2023f6aa891f0,CLDMSK_L2_VIIRS_NOAA21.A2026225.2218.001.2026226072535.nc,2026-08-14T07:25:35.340Z,50135384,9684a708c2fdf70b4b9ce5921477c531
A2026225.2224,2026-08-13T22:24Z,NOAA-21 VIIRS,VJ214IMG.A2026225.2224.002.2026226044312.nc,2026-08-14T04:43:12.000Z,2.0.14,1118242,2c3e22af48791dc4f07adc28a4a97d0fcd124f394a70717bce091f13151bbbc8,CLDMSK_L2_VIIRS_NOAA21.A2026225.2224.001.2026226072533.nc,2026-08-14T07:25:33.440Z,56545647,f0dc5203b31ef5d0a725a8621154e831
A2026225.2354,2026-08-13T23:54Z,NOAA-21 VIIRS,VJ214IMG.A2026225.2354.002.2026226063643.nc,2026-08-14T06:36:43.000Z,2.0.14,1050651,2a143e1b2128bb026b3304d6bb86b2337e4cf31ecb4a435b3ed3cd3b19115220,CLDMSK_L2_VIIRS_NOAA21.A2026225.2354.001.2026226072540.nc,2026-08-14T07:25:40.880Z,57775599,2c4a081d51f61c4672526180839924d6
A2026226.0000,2026-08-14T00:00Z,NOAA-21 VIIRS,VJ214IMG.A2026226.0000.002.2026226113550.nc,2026-08-14T11:35:50.000Z,2.0.14,559966,caec5e41d42f130f954836c12403a9bb7a21d547acca1d4ca461454bf1f4bdcd,CLDMSK_L2_VIIRS_NOAA21.A2026226.0000.001.2026226130545.nc,2026-08-14T13:05:45.510Z,50622192,86478494a3e33f98a3ee27481e78f9bb
A2026226.2200,2026-08-14T22:00Z,NOAA-21 VIIRS,VJ214IMG.A2026226.2200.002.2026227042156.nc,2026-08-15T04:21:56.000Z,2.0.14,819358,05925e5d3764399777d3e009c3c44fb65160af38760b4763fbb5942c632bd2ad,CLDMSK_L2_VIIRS_NOAA21.A2026226.2200.001.2026227073630.nc,2026-08-15T07:36:30.680Z,49727713,7278c01c904b7e497412f25c8ee0465c
A2026226.2206,2026-08-14T22:06Z,NOAA-21 VIIRS,VJ214IMG.A2026226.2206.002.2026227042152.nc,2026-08-15T04:21:52.000Z,2.0.14,674590,309bf5b810893f8483c3d7ae636c64ffae03bc81dfc8224c39f3e4817198a456,CLDMSK_L2_VIIRS_NOAA21.A2026226.2206.001.2026227073631.nc,2026-08-15T07:36:31.540Z,58315282,8dd1ce76ce69cfd70291ec7df4109287
A2026226.2336,2026-08-14T23:36Z,NOAA-21 VIIRS,VJ214IMG.A2026226.2336.002.2026227042152.nc,2026-08-15T04:21:52.000Z,2.0.14,1080404,1667a618abf3e990818c5a873fed3cb7b1f2112d9e0cb780c7efa88927db4969,CLDMSK_L2_VIIRS_NOAA21.A2026226.2336.001.2026227073635.nc,2026-08-15T07:36:35.990Z,55865991,9b4922185f43d137a3be2bbf1c5ea105
A2026226.2342,2026-08-14T23:42Z,NOAA-21 VIIRS,VJ214IMG.A2026226.2342.002.2026227042155.nc,2026-08-15T04:21:55.000Z,2.0.14,628558,5243348fb4ac9a8b2347adbd9e9eec7f506687040a19c07d1e5760d512447874,CLDMSK_L2_VIIRS_NOAA21.A2026226.2342.001.2026227073636.nc,2026-08-15T07:36:36.380Z,50012649,47c0468bc900941210a7ff9c5dc75949
A2026227.2136,2026-08-15T21:36Z,NOAA-21 VIIRS,VJ214IMG.A2026227.2136.002.2026228022800.nc,2026-08-16T02:28:00.000Z,2.0.14,1097790,c34369b8996ce2993a662361b7872dd406e25bab9d3e8bb1223b51b326f7a99e,CLDMSK_L2_VIIRS_NOAA21.A2026227.2136.001.2026228072752.nc,2026-08-16T07:27:52.800Z,53123368,331a31fddb761ec21733e5c10e322878
A2026227.2142,2026-08-15T21:42Z,NOAA-21 VIIRS,VJ214IMG.A2026227.2142.002.2026228022758.nc,2026-08-16T02:27:58.000Z,2.0.14,849618,ae3db09fb846f89fcdbfba91e0de745c08c769f3d27d4951e8cc7bb16b7a4853,CLDMSK_L2_VIIRS_NOAA21.A2026227.2142.001.2026228072741.nc,2026-08-16T07:27:41.390Z,51863038,0eb9be99ed64ab4395c6c3112505cffc
A2026227.2318,2026-08-15T23:18Z,NOAA-21 VIIRS,VJ214IMG.A2026227.2318.002.2026228040602.nc,2026-08-16T04:06:02.000Z,2.0.14,1005066,f8e6a33701d8cedba4555bc3ec3df11190476958bd55a95345a09e9403385ca8,CLDMSK_L2_VIIRS_NOAA21.A2026227.2318.001.2026228072745.nc,2026-08-16T07:27:45.810Z,52968199,f73b4b48df67581ca282559233229ea3
A2026227.2324,2026-08-15T23:24Z,NOAA-21 VIIRS,VJ214IMG.A2026227.2324.002.2026228040604.nc,2026-08-16T04:06:04.000Z,2.0.14,1070367,015863d1febf383db8e8f3e852aa6c7e68a0b7e348d2ae1282f7c18be2dae56d,CLDMSK_L2_VIIRS_NOAA21.A2026227.2324.001.2026228072747.nc,2026-08-16T07:27:47.190Z,52330529,b6946a1d107403a3dd53acbc78857f22
A2026228.2118,2026-08-16T21:18Z,NOAA-21 VIIRS,VJ214IMG.A2026228.2118.002.2026229015134.nc,2026-08-17T01:51:34.000Z,2.0.14,1020494,36c5af35b23ffae62564ac28a4261b9d0a32ad0a6de0ca4d7fd97fd3081da433,CLDMSK_L2_VIIRS_NOAA21.A2026228.2118.001.2026229073847.nc,2026-08-17T07:38:47.080Z,53416803,0442cc78dc2d9df230937b05811e571c
A2026228.2124,2026-08-16T21:24Z,NOAA-21 VIIRS,VJ214IMG.A2026228.2124.002.2026229015131.nc,2026-08-17T01:51:31.000Z,2.0.14,875166,86abb9e5d1909f06553ed38bb1ad2d4e5e1040f0a92c3a3f440f9b869b5bcf45,CLDMSK_L2_VIIRS_NOAA21.A2026228.2124.001.2026229073834.nc,2026-08-17T07:38:34.990Z,54630142,8f8b7d7ea64bffc4042a2fceb9db1e89
A2026228.2300,2026-08-16T23:00Z,NOAA-21 VIIRS,VJ214IMG.A2026228.2300.002.2026229043500.nc,2026-08-17T04:35:00.000Z,2.0.14,926572,255e3e28f0d069a672091b6e1bacfcf01edaf26b2e42959aabe3bca1d32ec4b5,CLDMSK_L2_VIIRS_NOAA21.A2026228.2300.001.2026229073839.nc,2026-08-17T07:38:39.020Z,52050812,c115db5bd5d3c5cc0ac8137bdaf1477c
A2026228.2306,2026-08-16T23:06Z,NOAA-21 VIIRS,VJ214IMG.A2026228.2306.002.2026229043503.nc,2026-08-17T04:35:03.000Z,2.0.14,980388,e3af492edaff39adda72280e1a34313f5fb8aefef41ecfd774718e8396f20b61,CLDMSK_L2_VIIRS_NOAA21.A2026228.2306.001.2026229073838.nc,2026-08-17T07:38:38.560Z,52932698,c57e9783b840eb7e1cf2090da2aaacc4
A2026229.2100,2026-08-17T21:00Z,NOAA-21 VIIRS,VJ214IMG.A2026229.2100.002.2026230024258.nc,2026-08-18T02:42:58.000Z,2.0.14,1127246,0675917ce7efb4c1638501d4a72cddf20e0fa55051564690395b186557f97bad,CLDMSK_L2_VIIRS_NOAA21.A2026229.2100.001.2026230073956.nc,2026-08-18T07:39:56.520Z,52860926,856cb27d23fc3b32e696166cee0fa2c8
A2026229.2106,2026-08-17T21:06Z,NOAA-21 VIIRS,VJ214IMG.A2026229.2106.002.2026230024919.nc,2026-08-18T02:49:19.000Z,2.0.14,745002,9fc5e262d526217805bf816866e2e72a385403a48bc14c117092bbc85d680838,CLDMSK_L2_VIIRS_NOAA21.A2026229.2106.001.2026230073956.nc,2026-08-18T07:39:56.060Z,55049770,ad38d40bdf0a893dc564808343401ce3
A2026229.2242,2026-08-17T22:42Z,NOAA-21 VIIRS,VJ214IMG.A2026229.2242.002.2026230041023.nc,2026-08-18T04:10:23.000Z,2.0.14,763848,9177ae18057aac4c118ceec9969b8fc3119c91eff27a13a81ab99c973ec0eeb8,CLDMSK_L2_VIIRS_NOAA21.A2026229.2242.001.2026230073941.nc,2026-08-18T07:39:41.990Z,50235445,708d4b05bdb9c856ff3cbeb8991528d2
A2026229.2248,2026-08-17T22:48Z,NOAA-21 VIIRS,VJ214IMG.A2026229.2248.002.2026230041022.nc,2026-08-18T04:10:22.000Z,2.0.14,1188253,6fa990dea9c47d92e235016e5bba6bda643cde54a6ebecfce0a4cec79b1e7ce5,CLDMSK_L2_VIIRS_NOAA21.A2026229.2248.001.2026230073941.nc,2026-08-18T07:39:41.820Z,53816563,bf39983d32c4030c566ac8de9795edbf
A2026230.2042,2026-08-18T20:42Z,NOAA-21 VIIRS,VJ214IMG.A2026230.2042.002.2026231021306.nc,2026-08-19T02:13:06.000Z,2.0.14,1288062,f6f482f73700638035acee2162b9c64bc6dc0b72a89f9c913289cfc2fb7d7ac6,CLDMSK_L2_VIIRS_NOAA21.A2026230.2042.001.2026231073055.nc,2026-08-19T07:30:55.080Z,53536164,05d651aaab81eacb1266f077be2d0043
A2026230.2048,2026-08-18T20:48Z,NOAA-21 VIIRS,VJ214IMG.A2026230.2048.002.2026231021306.nc,2026-08-19T02:13:06.000Z,2.0.14,910394,7af86ebfab97c146fbc0c3fa3afcb8a6a657a309483e46555c5da5fc4401087f,CLDMSK_L2_VIIRS_NOAA21.A2026230.2048.001.2026231073055.nc,2026-08-19T07:30:55.740Z,54139084,6859d652b76c6df8c8c27f8d68906d73
A2026230.2224,2026-08-18T22:24Z,NOAA-21 VIIRS,VJ214IMG.A2026230.2224.002.2026231035133.nc,2026-08-19T03:51:33.000Z,2.0.14,636884,3ce6912c0229cf9e1a173d5a2e204c48c22b3c7460dd34d8c53e191fe3d2fdf6,CLDMSK_L2_VIIRS_NOAA21.A2026230.2224.001.2026231073050.nc,2026-08-19T07:30:50.790Z,48676126,70468f584c7d7f629da6ec20a3879c50
A2026230.2230,2026-08-18T22:30Z,NOAA-21 VIIRS,VJ214IMG.A2026230.2230.002.2026231035130.nc,2026-08-19T03:51:30.000Z,2.0.14,986051,d0e57d10dea30f34b0d3051a103c2dfea5ca82da0c5565dd1f8696d96f9eef98,CLDMSK_L2_VIIRS_NOAA21.A2026230.2230.001.2026231073050.nc,2026-08-19T07:30:50.230Z,55185132,ed557a720aa145e8ffa8913866462662
A2026231.0000,2026-08-19T00:00Z,NOAA-21 VIIRS,VJ214IMG.A2026231.0000.002.2026231064631.nc,2026-08-19T06:46:31.000Z,2.0.14,1214945,860c3484066b34613603d98120a0d4ec21b4628920cc86d9e719a4f36cac97a7,CLDMSK_L2_VIIRS_NOAA21.A2026231.0000.001.2026231131058.nc,2026-08-19T13:10:58.210Z,56833866,0e3f58f9401549b61d805f49cb1c6d1f
A2026231.0006,2026-08-19T00:06Z,NOAA-21 VIIRS,VJ214IMG.A2026231.0006.002.2026231064635.nc,2026-08-19T06:46:35.000Z,2.0.14,489722,d66dde47d8516a2cd374f8f87efa147d96d90a3354727049389d33860b9e73da,CLDMSK_L2_VIIRS_NOAA21.A2026231.0006.001.2026231131059.nc,2026-08-19T13:10:59.470Z,48528821,795b749d2ba8b8ef14c3a02dc8b42763
A2026231.2206,2026-08-19T22:06Z,NOAA-21 VIIRS,VJ214IMG.A2026231.2206.002.2026232043829.nc,2026-08-20T04:38:29.000Z,2.0.14,826707,2148a8d9786c98465c0953ea28241cc023831108c8e5408e8515d6085814a6ae,CLDMSK_L2_VIIRS_NOAA21.A2026231.2206.001.2026232072158.nc,2026-08-20T07:21:58.260Z,50174755,f438f58de47c46bc9e9adc00d3889fcf
A2026231.2212,2026-08-19T22:12Z,NOAA-21 VIIRS,VJ214IMG.A2026231.2212.002.2026232043831.nc,2026-08-20T04:38:31.000Z,2.0.14,805550,3980749f73428fa2b031cb313cad0a34ba5b02555e9c18ea46d60d296e27d8ea,CLDMSK_L2_VIIRS_NOAA21.A2026231.2212.001.2026232072202.nc,2026-08-20T07:22:02.210Z,59649318,9b0c079e790b8039c210cd100841dcde
A2026231.2342,2026-08-19T23:42Z,NOAA-21 VIIRS,VJ214IMG.A2026231.2342.002.2026232044400.nc,2026-08-20T04:44:00.000Z,2.0.14,1219841,939ab1d4b039fb3fcfd899019881bf72996f3cfdef598b34eae6ffb29024b95e,CLDMSK_L2_VIIRS_NOAA21.A2026231.2342.001.2026232072202.nc,2026-08-20T07:22:02.240Z,55520440,216e81bec939cb8a3bcc808cccd156b5
A2026231.2348,2026-08-19T23:48Z,NOAA-21 VIIRS,VJ214IMG.A2026231.2348.002.2026232060335.nc,2026-08-20T06:03:35.000Z,2.0.14,621956,17c592589a0f2f42f455bde02984fd82a2ed8a751795e930303a2a95ede8e3ca,CLDMSK_L2_VIIRS_NOAA21.A2026231.2348.001.2026232072200.nc,2026-08-20T07:22:00.510Z,49316907,36a511599a7b83ea9c746cb890527feb
A2026232.2142,2026-08-20T21:42Z,NOAA-21 VIIRS,VJ214IMG.A2026232.2142.002.2026233023600.nc,2026-08-21T02:36:00.000Z,2.0.14,1147625,29a6143e377dcd7ac46aaec8c45e0785e73924c9e6fa809b3b179dbed7791c46,CLDMSK_L2_VIIRS_NOAA21.A2026232.2142.001.2026233072254.nc,2026-08-21T07:22:54.360Z,54210375,1f3a7cf0bec1fcf54331f7b6cb7dd961
A2026232.2148,2026-08-20T21:48Z,NOAA-21 VIIRS,VJ214IMG.A2026232.2148.002.2026233040857.nc,2026-08-21T04:08:57.000Z,2.0.14,700737,0953df6a81d46a35469be753a417bfc29614247113c7a192e519a434cbdf76d4,CLDMSK_L2_VIIRS_NOAA21.A2026232.2148.001.2026233072255.nc,2026-08-21T07:22:55.010Z,51789080,519b62adef06f6bd2cef81d97bc4cf5e
A2026232.2324,2026-08-20T23:24Z,NOAA-21 VIIRS,VJ214IMG.A2026232.2324.002.2026233042557.nc,2026-08-21T04:25:57.000Z,2.0.14,895653,bf7c80fb2542e795891966b3120f5a1eb75c6e1bd2210adaae6be48ea1bf8553,CLDMSK_L2_VIIRS_NOAA21.A2026232.2324.001.2026233072243.nc,2026-08-21T07:22:43.270Z,50257366,eb917f4e985af7b950156cdfb6394fbe
A2026232.2330,2026-08-20T23:30Z,NOAA-21 VIIRS,VJ214IMG.A2026232.2330.002.2026233042557.nc,2026-08-21T04:25:57.000Z,2.0.14,759410,bceadf4df89290c74c39674d0079e3e1b08d7d5787627a9b080ed5d56bb35c1a,CLDMSK_L2_VIIRS_NOAA21.A2026232.2330.001.2026233072239.nc,2026-08-21T07:22:39.750Z,50206083,5a453837818e4aecd061cda7100a5aff
A2026233.2124,2026-08-21T21:24Z,NOAA-21 VIIRS,VJ214IMG.A2026233.2124.002.2026234021633.nc,2026-08-22T02:16:33.000Z,2.0.14,1262141,7fee204395943e405ffbe9c747aca926befc77b240e2622e4ef49d57c7aa2af7,CLDMSK_L2_VIIRS_NOAA21.A2026233.2124.001.2026234073402.nc,2026-08-22T07:34:02.020Z,57457261,596544ff1390f958665bb229eb835ad8
A2026233.2130,2026-08-21T21:30Z,NOAA-21 VIIRS,VJ214IMG.A2026233.2130.002.2026234021631.nc,2026-08-22T02:16:31.000Z,2.0.14,769877,9d00e52362d25957a8a1113b5c21b9cefdb6808fca9f27a4dcb4a483489e637d,CLDMSK_L2_VIIRS_NOAA21.A2026233.2130.001.2026234073402.nc,2026-08-22T07:34:02.290Z,52616896,a7dc318991c0b0180f8bc46a01474615
A2026233.2306,2026-08-21T23:06Z,NOAA-21 VIIRS,VJ214IMG.A2026233.2306.002.2026234050357.nc,2026-08-22T05:03:57.000Z,2.0.14,759897,320a6f162b41df098a94a059889448a98a0a1113e96ca4c2345fb7c460897daa,CLDMSK_L2_VIIRS_NOAA21.A2026233.2306.001.2026234073349.nc,2026-08-22T07:33:49.150Z,49426162,e3622fac1d8a82493571514cd80f55b7
A2026233.2312,2026-08-21T23:12Z,NOAA-21 VIIRS,VJ214IMG.A2026233.2312.002.2026234050356.nc,2026-08-22T05:03:56.000Z,2.0.14,1275151,c7a2283ed58e0a9e49afd1fbb51a0c4d6650b7e9fe4391e0d462f3dc61c8a043,CLDMSK_L2_VIIRS_NOAA21.A2026233.2312.001.2026234073348.nc,2026-08-22T07:33:48.870Z,50744152,e2df594e982777bd7ce3d8f27632decc
A2026234.2106,2026-08-22T21:06Z,NOAA-21 VIIRS,VJ214IMG.A2026234.2106.002.2026235030203.nc,2026-08-23T03:02:03.000Z,2.0.14,1182750,cca0c6ecce6afdc13b9610ff41efa21a4078fe0b9d807c0cbde92d21d6440434,CLDMSK_L2_VIIRS_NOAA21.A2026234.2106.001.2026235073444.nc,2026-08-23T07:34:44.590Z,53817483,d5c29e97e5b08dc6c830e5b1a974a57e
A2026234.2112,2026-08-22T21:12Z,NOAA-21 VIIRS,VJ214IMG.A2026234.2112.002.2026235030203.nc,2026-08-23T03:02:03.000Z,2.0.14,714862,23674a65055be0dc79fcbd1cfb993dd90016a2cfa6a6b913a7fd7082a614aaba,CLDMSK_L2_VIIRS_NOAA21.A2026234.2112.001.2026235073446.nc,2026-08-23T07:34:46.820Z,55060152,2278281cfb3fa54561ce43bc64ad808b
A2026234.2248,2026-08-22T22:48Z,NOAA-21 VIIRS,VJ214IMG.A2026234.2248.002.2026235043932.nc,2026-08-23T04:39:32.000Z,2.0.14,774094,c7bf5d88ac0f0ae149acb8054701d10a3dc4d18ca653c2c5c149e70a9e9b8ee2,CLDMSK_L2_VIIRS_NOAA21.A2026234.2248.001.2026235073434.nc,2026-08-23T07:34:34.780Z,47821971,b13975fe068ac4c6c31f04c7ff3f1852
A2026234.2254,2026-08-22T22:54Z,NOAA-21 VIIRS,VJ214IMG.A2026234.2254.002.2026235043929.nc,2026-08-23T04:39:29.000Z,2.0.14,1338419,7d732d4c4c7e35f790482b394ebadd7a38991b5b4fa54df66cec2a43dd6b6938,CLDMSK_L2_VIIRS_NOAA21.A2026234.2254.001.2026235073433.nc,2026-08-23T07:34:33.570Z,52722953,d030002485cb177353d51627812c1b6d
A2026235.2048,2026-08-23T20:48Z,NOAA-21 VIIRS,VJ214IMG.A2026235.2048.002.2026236025128.nc,2026-08-24T02:51:28.000Z,2.0.14,1341451,b0665bb87a6f8cb440b00bceea44c048453da102f85af3814269dfced67c3e11,CLDMSK_L2_VIIRS_NOAA21.A2026235.2048.001.2026236073538.nc,2026-08-24T07:35:38.700Z,53372541,2349d4b16817d2ebfce6b736c828d7ee
A2026235.2054,2026-08-23T20:54Z,NOAA-21 VIIRS,VJ214IMG.A2026235.2054.002.2026236025128.nc,2026-08-24T02:51:28.000Z,2.0.14,1349184,9ef7199fc79de91ef78335e3d28b95d985d69f98badb4d37e0dfbc46ec0c1d4e,CLDMSK_L2_VIIRS_NOAA21.A2026235.2054.001.2026236073538.nc,2026-08-24T07:35:38.560Z,54027890,c73bf40e0a82bfda220bec73b497e668
A2026235.2230,2026-08-23T22:30Z,NOAA-21 VIIRS,VJ214IMG.A2026235.2230.002.2026236043134.nc,2026-08-24T04:31:34.000Z,2.0.14,749390,aa232e67cb1e5c8720f43ebcf6ec1785388b77e7cd212f1e00618849730635b7,CLDMSK_L2_VIIRS_NOAA21.A2026235.2230.001.2026236073525.nc,2026-08-24T07:35:25.680Z,48868659,47a5870270aa34da033a83a2a78d3c96
A2026235.2236,2026-08-23T22:36Z,NOAA-21 VIIRS,VJ214IMG.A2026235.2236.002.2026236043132.nc,2026-08-24T04:31:32.000Z,2.0.14,1040283,ba1c960eedfad1e1a0bf4558aefb10e96eac6407ced66589774d3e1170215673,CLDMSK_L2_VIIRS_NOAA21.A2026235.2236.001.2026236073523.nc,2026-08-24T07:35:23.830Z,53869441,65d07fc366cdaef8eb9954858ae502e3
A2026236.2212,2026-08-24T22:12Z,NOAA-21 VIIRS,VJ214IMG.A2026236.2212.002.2026237045612.nc,2026-08-25T04:56:12.000Z,2.0.14,772593,939040bfa99f0c07f52d289326d84a91863670f3bfa1841aa1f63f92ba1221fe,CLDMSK_L2_VIIRS_NOAA21.A2026236.2212.001.2026237072636.nc,2026-08-25T07:26:36.400Z,48715388,3ed496bcca62a32304bf62faf23c405d
A2026236.2218,2026-08-24T22:18Z,NOAA-21 VIIRS,VJ214IMG.A2026236.2218.002.2026237044835.nc,2026-08-25T04:48:35.000Z,2.0.14,919519,eaedbd082caf676091778f5eabfe44487736cf0f86cff274ff2cc6421fc805a0,CLDMSK_L2_VIIRS_NOAA21.A2026236.2218.001.2026237072637.nc,2026-08-25T07:26:37.920Z,57447941,64ed3c2d35b804f2b240511d04f0ed07
A2026236.2348,2026-08-24T23:48Z,NOAA-21 VIIRS,VJ214IMG.A2026236.2348.002.2026237061902.nc,2026-08-25T06:19:02.000Z,2.0.14,1116415,ab606f67705688a44e4ca3e27e2df79c41d51a3b97b9e22c9828381c214c1fa5,CLDMSK_L2_VIIRS_NOAA21.A2026236.2348.001.2026237072637.nc,2026-08-25T07:26:37.300Z,55426482,3d5173e421826a7301e0f97bbea08d37
A2026236.2354,2026-08-24T23:54Z,NOAA-21 VIIRS,VJ214IMG.A2026236.2354.002.2026237063702.nc,2026-08-25T06:37:02.000Z,2.0.14,648756,b8a5a9a4b00c5c38012e4f45224a59a789f521a78f59036bc99ec1adfdefc6c5,CLDMSK_L2_VIIRS_NOAA21.A2026236.2354.001.2026237072635.nc,2026-08-25T07:26:35.790Z,48418381,4a1bbb4d4af628a0ca1b6f05c1664975
A2026237.2148,2026-08-25T21:48Z,NOAA-21 VIIRS,VJ214IMG.A2026237.2148.002.2026238041138.nc,2026-08-26T04:11:38.000Z,2.0.14,1093799,f883c26c946801fba1061ebdf710c4fc5f97aa5b0924e5e14ea3bc00a47441e1,CLDMSK_L2_VIIRS_NOAA21.A2026237.2148.001.2026238072725.nc,2026-08-26T07:27:25.270Z,51382439,66fccf0f87f145d334067b691af29dcb
A2026237.2154,2026-08-25T21:54Z,NOAA-21 VIIRS,VJ214IMG.A2026237.2154.002.2026238042838.nc,2026-08-26T04:28:38.000Z,2.0.14,739372,4db26856c14e748b6cc3afe804beebc06cd55c9d6785c08744eaf9d032f0836e,CLDMSK_L2_VIIRS_NOAA21.A2026237.2154.001.2026238072724.nc,2026-08-26T07:27:24.520Z,49846543,51773daa125da4964821fba54da65421
A2026237.2200,2026-08-25T22:00Z,NOAA-21 VIIRS,VJ214IMG.A2026237.2200.002.2026238042841.nc,2026-08-26T04:28:41.000Z,2.0.14,658944,b457b0e1a179d3a1135a8ee6ba3e63c2ba2db82b673dac553087929d7243dc08,CLDMSK_L2_VIIRS_NOAA21.A2026237.2200.001.2026238072724.nc,2026-08-26T07:27:24.070Z,57863491,742747561442c50531875995f8d22c0c
A2026237.2330,2026-08-25T23:30Z,NOAA-21 VIIRS,VJ214IMG.A2026237.2330.002.2026238042241.nc,2026-08-26T04:22:41.000Z,2.0.14,1082185,8ea5e1b376084b4dd76d248296d0e4885c8feb93422434d0a4644eea1778254a,CLDMSK_L2_VIIRS_NOAA21.A2026237.2330.001.2026238072718.nc,2026-08-26T07:27:18.440Z,53925773,0833cb64735e3ad247348003c2ad4522
A2026237.2336,2026-08-25T23:36Z,NOAA-21 VIIRS,VJ214IMG.A2026237.2336.002.2026238042238.nc,2026-08-26T04:22:38.000Z,2.0.14,786659,3573d66d4dd49e66a7cab5ecb9780ffe6d5b30265739fe9c7d98b06545de44c0,CLDMSK_L2_VIIRS_NOAA21.A2026237.2336.001.2026238072720.nc,2026-08-26T07:27:20.740Z,50767273,1fe984dbe79c04b2f366df7bc9de8b3c
A2026238.2130,2026-08-26T21:30Z,NOAA-21 VIIRS,VJ214IMG.A2026238.2130.002.2026239024615.nc,2026-08-27T02:46:15.000Z,2.0.14,978802,cb7c262a6f2f4344f2466e15e002e4e3c172360477714ab5f882fa44eaf336a1,CLDMSK_L2_VIIRS_NOAA21.A2026238.2130.001.2026239073905.nc,2026-08-27T07:39:05.710Z,52632329,76531fc3ed5b0db341a4c6208161884c
A2026238.2136,2026-08-26T21:36Z,NOAA-21 VIIRS,VJ214IMG.A2026238.2136.002.2026239024615.nc,2026-08-27T02:46:15.000Z,2.0.14,743937,72960ec86de3dc58e7cdef2ebd2bab0e9c8aeda83f661517d1d543fa4359a518,CLDMSK_L2_VIIRS_NOAA21.A2026238.2136.001.2026239073903.nc,2026-08-27T07:39:03.050Z,52166983,f5cd1d22619f00dd23f6d5b825c58593
A2026238.2312,2026-08-26T23:12Z,NOAA-21 VIIRS,VJ214IMG.A2026238.2312.002.2026239050911.nc,2026-08-27T05:09:11.000Z,2.0.14,1077165,3c1841cf8a7403a234a48f2f4dde8dc68e38a61f10b37dbac63fa268f2ff0956,CLDMSK_L2_VIIRS_NOAA21.A2026238.2312.001.2026239073854.nc,2026-08-27T07:38:54.520Z,53841942,adb5b8579b8aa988ecdc54a149840e54
A2026238.2318,2026-08-26T23:18Z,NOAA-21 VIIRS,VJ214IMG.A2026238.2318.002.2026239050911.nc,2026-08-27T05:09:11.000Z,2.0.14,1058902,7ec9b7bff5110c5aad1f0a45ff378e10ea22d8a817bacf753e9c89306d1434c8,CLDMSK_L2_VIIRS_NOAA21.A2026238.2318.001.2026239073849.nc,2026-08-27T07:38:49.120Z,52520703,85249f12464ff95434a987dad03cc232
A2026239.2112,2026-08-27T21:12Z,NOAA-21 VIIRS,VJ214IMG.A2026239.2112.002.2026253114413.nc,2026-09-10T11:44:13.000Z,2.0.14,888646,523f7da9a831dd331126710d42459e0261b37bd870aea4187e3081ab6f3ccf8b,CLDMSK_L2_VIIRS_NOAA21.A2026239.2112.001.2026240074007.nc,2026-08-28T07:40:07.410Z,50471397,209041d0510439f89fdfa9470438b5c9
A2026239.2118,2026-08-27T21:18Z,NOAA-21 VIIRS,VJ214IMG.A2026239.2118.002.2026253114414.nc,2026-09-10T11:44:14.000Z,2.0.14,564612,76f15f89b1d63c287ad167f659db88415355d6facdd4e50cbe2d5e5814080604,CLDMSK_L2_VIIRS_NOAA21.A2026239.2118.001.2026240074007.nc,2026-08-28T07:40:07.200Z,53926540,493341fcd43431b583eac507fd11a488
A2026239.2254,2026-08-27T22:54Z,NOAA-21 VIIRS,VJ214IMG.A2026239.2254.002.2026253114413.nc,2026-09-10T11:44:13.000Z,2.0.14,1021225,e86dad83cd9a5166dc6bde83b3def41d05e5b02611df5fedfa38f391dbc70bc1,CLDMSK_L2_VIIRS_NOAA21.A2026239.2254.001.2026240074021.nc,2026-08-28T07:40:21.040Z,53531889,232e70da6d3b63f9fabfcfd4efb56b30
A2026239.2300,2026-08-27T23:00Z,NOAA-21 VIIRS,VJ214IMG.A2026239.2300.002.2026253114411.nc,2026-09-10T11:44:11.000Z,2.0.14,1395334,40ed9b64f9eb843f43994c964a72f7b3882fc5f62de164f3fb721fd65a618b99,CLDMSK_L2_VIIRS_NOAA21.A2026239.2300.001.2026240074021.nc,2026-08-28T07:40:21.100Z,53412034,59b06cd740f57d0dbd70b24ad7da0f73
A2026240.2054,2026-08-28T20:54Z,NOAA-21 VIIRS,VJ214IMG.A2026240.2054.002.2026253130504.nc,2026-09-10T13:05:04.000Z,2.0.14,1044177,222be571b5cb54b926125dabf4ac86a5f921cbfddfc3d51215d9c6e8fe939ed4,CLDMSK_L2_VIIRS_NOAA21.A2026240.2054.001.2026244170510.nc,2026-09-01T17:05:10.500Z,50884663,ab841e56bab8690834777be8535a67fc
A2026240.2100,2026-08-28T21:00Z,NOAA-21 VIIRS,VJ214IMG.A2026240.2100.002.2026253130818.nc,2026-09-10T13:08:18.000Z,2.0.14,647845,e3c3dd218e8b42065800113f6f3c4669ac9329c7d9a910935061ee37e2a2453b,CLDMSK_L2_VIIRS_NOAA21.A2026240.2100.001.2026244170510.nc,2026-09-01T17:05:10.560Z,54695307,13dfbdd22a4ff11ecc5ab32bc339c785
A2026241.2042,2026-08-29T20:42Z,NOAA-21 VIIRS,VJ214IMG.A2026241.2042.002.2026253133727.nc,2026-09-10T13:37:27.000Z,2.0.14,1109509,5611413fdbc9c59de40a2fa03c37609ac50d38dae171b14c5605c46c42f2409d,CLDMSK_L2_VIIRS_NOAA21.A2026241.2042.001.2026242074220.nc,2026-08-30T07:42:20.640Z,53621603,a9ef9822338764b368b165354c841f4e
A2026241.2218,2026-08-29T22:18Z,NOAA-21 VIIRS,VJ214IMG.A2026241.2218.002.2026253133740.nc,2026-09-10T13:37:40.000Z,2.0.14,822706,5e869b6191bffc0cceaf1996f86226902714ab97aac6ae2eaf250445854099a9,CLDMSK_L2_VIIRS_NOAA21.A2026241.2218.001.2026242074213.nc,2026-08-30T07:42:13.080Z,49559825,9b096ceb8a8eee585f8ba7ec465f9d81
A2026241.2224,2026-08-29T22:24Z,NOAA-21 VIIRS,VJ214IMG.A2026241.2224.002.2026253133747.nc,2026-09-10T13:37:47.000Z,2.0.14,979237,a1cdbb3c67f419ea182b805c43cecf7b47bc2eeada165d3ae07af5ed45d94b32,CLDMSK_L2_VIIRS_NOAA21.A2026241.2224.001.2026242074200.nc,2026-08-30T07:42:00.740Z,58625513,ef8a057113f003bdb41c54f8f1eb47c8
A2026241.2354,2026-08-29T23:54Z,NOAA-21 VIIRS,VJ214IMG.A2026241.2354.002.2026253133738.nc,2026-09-10T13:37:38.000Z,2.0.14,1183522,014c7025c9ec5c8a184c578328d0d9484404464f69cb5b6df4c2df77192bf49f,CLDMSK_L2_VIIRS_NOAA21.A2026241.2354.001.2026242074210.nc,2026-08-30T07:42:10.000Z,55732406,29ad0885ca9d4297ebe5e58c9269b68d
A2026242.0000,2026-08-30T00:00Z,NOAA-21 VIIRS,VJ214IMG.A2026242.0000.002.2026253140844.nc,2026-09-10T14:08:44.000Z,2.0.14,578571,366e1c4f83bcd4f9a69934964e94d979b4b288b2998370929b1edf591ac644cb,CLDMSK_L2_VIIRS_NOAA21.A2026242.0000.001.2026242132205.nc,2026-08-30T13:22:05.170Z,48441417,cfa7ba3e2421e0933f1247979a70f612
A2026242.2200,2026-08-30T22:00Z,NOAA-21 VIIRS,VJ214IMG.A2026242.2200.002.2026253141023.nc,2026-09-10T14:10:23.000Z,2.0.14,702871,352a485f26c2308e2430f3aa4d0e3f816f9af78f71c4f8a8480555864456a010,CLDMSK_L2_VIIRS_NOAA21.A2026242.2200.001.2026243073238.nc,2026-08-31T07:32:38.970Z,49390882,2367341bdcba0148ca2fd790cd8f3efd
A2026242.2206,2026-08-30T22:06Z,NOAA-21 VIIRS,VJ214IMG.A2026242.2206.002.2026253141031.nc,2026-09-10T14:10:31.000Z,2.0.14,768252,0bb07d0e7117bcd7181059d40f2ab09a2cb05928f4995ee9c1007292ef662e38,CLDMSK_L2_VIIRS_NOAA21.A2026242.2206.001.2026243073239.nc,2026-08-31T07:32:39.470Z,61148590,ae0994dc76c60e89cb6cdcaad540e47e
A2026242.2336,2026-08-30T23:36Z,NOAA-21 VIIRS,VJ214IMG.A2026242.2336.002.2026253141044.nc,2026-09-10T14:10:44.000Z,2.0.14,1056981,cf1862ba78f1fb34e16a4483c58db2658cf72257dd6472cd7a3182ef6ffec2fa,CLDMSK_L2_VIIRS_NOAA21.A2026242.2336.001.2026243073253.nc,2026-08-31T07:32:53.780Z,54496824,661234b26b95ba30ab8083eda3e600b8
A2026242.2342,2026-08-30T23:42Z,NOAA-21 VIIRS,VJ214IMG.A2026242.2342.002.2026253141042.nc,2026-09-10T14:10:42.000Z,2.0.14,656863,7f329a2c6a3fb7ba106ad5dcf6a97d2b0f1923a2eca430e547b6cbab9667db70,CLDMSK_L2_VIIRS_NOAA21.A2026242.2342.001.2026243073251.nc,2026-08-31T07:32:51.980Z,47980682,bfe8e2c41c34e2ab0d9bf686373ca420
A2026243.2136,2026-08-31T21:36Z,NOAA-21 VIIRS,VJ214IMG.A2026243.2136.002.2026253145543.nc,2026-09-10T14:55:43.000Z,2.0.14,1202347,138e02dd832ee1f35a52bebff6833b9c4abd50741a9e236009823b5ba71c275c,CLDMSK_L2_VIIRS_NOAA21.A2026243.2136.001.2026244072440.nc,2026-09-01T07:24:40.360Z,54130472,151c39145a258af52da3f2e009ab3035
A2026243.2142,2026-08-31T21:42Z,NOAA-21 VIIRS,VJ214IMG.A2026243.2142.002.2026253145540.nc,2026-09-10T14:55:40.000Z,2.0.14,530873,d3a833b62f98785c5a38b7fbed25b6596dc46a15c1270cd888fa355f70948d1a,CLDMSK_L2_VIIRS_NOAA21.A2026243.2142.001.2026244072440.nc,2026-09-01T07:24:40.180Z,50085945,f634f3017b3546b83a99581ac8ca9e73
A2026243.2318,2026-08-31T23:18Z,NOAA-21 VIIRS,VJ214IMG.A2026243.2318.002.2026253145544.nc,2026-09-10T14:55:44.000Z,2.0.14,1004038,0d38c5f58345abde51796e5971e31053c26b1cdfeaed957cdc81ad13cd8ab2d1,CLDMSK_L2_VIIRS_NOAA21.A2026243.2318.001.2026244072439.nc,2026-09-01T07:24:39.830Z,52805242,213a31cb72dab97ccdb8012facd3808c
A2026243.2324,2026-08-31T23:24Z,NOAA-21 VIIRS,VJ214IMG.A2026243.2324.002.2026253145542.nc,2026-09-10T14:55:42.000Z,2.0.14,753233,c65482ebc1e15f5f31f1ad2cc80c57811947a8dc1e3faed474e5350d32fd8d49,CLDMSK_L2_VIIRS_NOAA21.A2026243.2324.001.2026244072441.nc,2026-09-01T07:24:41.050Z,50086216,4243a09687716724601a25f295baf2a4
A2026244.2118,2026-09-01T21:18Z,NOAA-21 VIIRS,VJ214IMG.A2026244.2118.002.2026253152812.nc,2026-09-10T15:28:12.000Z,2.0.14,1097408,7f2704439948de1f7f2c6881b83c57e0495507f0c3984dea7a28b75c973d1f88,CLDMSK_L2_VIIRS_NOAA21.A2026244.2118.001.2026245150712.nc,2026-09-02T15:07:12.640Z,55283624,7caca84bdaa96e8c6b63a7e758b80661
A2026244.2124,2026-09-01T21:24Z,NOAA-21 VIIRS,VJ214IMG.A2026244.2124.002.2026253152811.nc,2026-09-10T15:28:11.000Z,2.0.14,540244,1a045335f0c3aeeeb82322bb0c3909d72b11226335cc25b53bc619761e2b37f8,CLDMSK_L2_VIIRS_NOAA21.A2026244.2124.001.2026245150710.nc,2026-09-02T15:07:10.320Z,54146744,6705d6a945c68101278aba026309abbe
A2026244.2300,2026-09-01T23:00Z,NOAA-21 VIIRS,VJ214IMG.A2026244.2300.002.2026253152811.nc,2026-09-10T15:28:11.000Z,2.0.14,844856,c8eb8417eaa5a133a2ca845701f4fb381141d7d3804008695d0b5f386c002f3a,CLDMSK_L2_VIIRS_NOAA21.A2026244.2300.001.2026245150720.nc,2026-09-02T15:07:20.270Z,51678403,a16bba78384e19a7437691443c03f821
A2026244.2306,2026-09-01T23:06Z,NOAA-21 VIIRS,VJ214IMG.A2026244.2306.002.2026253152812.nc,2026-09-10T15:28:12.000Z,2.0.14,1187330,b6689c1be140766802d64c36e390aea4e3196be9493503bbbdc6e5536f0823b5,CLDMSK_L2_VIIRS_NOAA21.A2026244.2306.001.2026245150714.nc,2026-09-02T15:07:14.420Z,53019306,f9d681db9481651f6c3bcb2cbf49b0df
A2026245.2100,2026-09-02T21:00Z,NOAA-21 VIIRS,VJ214IMG.A2026245.2100.002.2026254142545.nc,2026-09-11T14:25:45.000Z,2.0.14,1121628,c827adb7f10d447bc98ee0031f08064f314fb45b02d4d4ca4c6d0f74b7300a53,CLDMSK_L2_VIIRS_NOAA21.A2026245.2100.001.2026246072823.nc,2026-09-03T07:28:23.630Z,54118123,45a795ad9c42a8b20a6d70874e498e47
A2026245.2106,2026-09-02T21:06Z,NOAA-21 VIIRS,VJ214IMG.A2026245.2106.002.2026254142602.nc,2026-09-11T14:26:02.000Z,2.0.14,898599,5c44365ecaa821f57f65b6095f472ea200f62806fb8659d12b777e531cb42bdd,CLDMSK_L2_VIIRS_NOAA21.A2026245.2106.001.2026246072827.nc,2026-09-03T07:28:27.990Z,54336813,fc6d3dc8d9c951da95677f5c72fececb
A2026245.2242,2026-09-02T22:42Z,NOAA-21 VIIRS,VJ214IMG.A2026245.2242.002.2026254142520.nc,2026-09-11T14:25:20.000Z,2.0.14,705746,589ec2dc46bdc764ce94b831438e90666830b4504cdf6b6787340143be4053d8,CLDMSK_L2_VIIRS_NOAA21.A2026245.2242.001.2026246072846.nc,2026-09-03T07:28:46.840Z,49305215,971426d0be2906657cc56c9b114be20d
A2026245.2248,2026-09-02T22:48Z,NOAA-21 VIIRS,VJ214IMG.A2026245.2248.002.2026254141142.nc,2026-09-11T14:11:42.000Z,2.0.14,1501241,30dcf698e35460497e6a5eec6b707793d5c6102e92678a80161d2c9333afaac4,CLDMSK_L2_VIIRS_NOAA21.A2026245.2248.001.2026246072836.nc,2026-09-03T07:28:36.530Z,54337572,452521bd925f6a0a99cd00fa3359b7d7
A2026246.2042,2026-09-03T20:42Z,NOAA-21 VIIRS,VJ214IMG.A2026246.2042.002.2026254145153.nc,2026-09-11T14:51:53.000Z,2.0.14,1452470,afc48afc3cbb45b95481d6652a11831139ac8ff4316a33d06732164c1730dcc4,CLDMSK_L2_VIIRS_NOAA21.A2026246.2042.001.2026247072957.nc,2026-09-04T07:29:57.130Z,55674927,bc7e357bc0e9367e699cc0c2c0ad4ed1
A2026246.2048,2026-09-03T20:48Z,NOAA-21 VIIRS,VJ214IMG.A2026246.2048.002.2026254145147.nc,2026-09-11T14:51:47.000Z,2.0.14,916182,f397f438130145820e7021280166b5d4dbec6a827d9a0d5efe7b5e81edb20c9d,CLDMSK_L2_VIIRS_NOAA21.A2026246.2048.001.2026247072958.nc,2026-09-04T07:29:58.430Z,54389090,8829a57e9509025ff2638175c5ee7ba4
A2026246.2224,2026-09-03T22:24Z,NOAA-21 VIIRS,VJ214IMG.A2026246.2224.002.2026254145144.nc,2026-09-11T14:51:44.000Z,2.0.14,638988,1aa4ceeb2fc1e5a3a423f5f07db9534820f516bf0c59159723bc84ddac4fea0f,CLDMSK_L2_VIIRS_NOAA21.A2026246.2224.001.2026247072950.nc,2026-09-04T07:29:50.880Z,48740507,0a92501b2087e4d184c34fd47a6d47fc
A2026246.2230,2026-09-03T22:30Z,NOAA-21 VIIRS,VJ214IMG.A2026246.2230.002.2026254145143.nc,2026-09-11T14:51:43.000Z,2.0.14,1208503,b031263b14d8fdf33560a08f686494788939b4053ca3ed0ac41ff543b9d0e123,CLDMSK_L2_VIIRS_NOAA21.A2026246.2230.001.2026247072954.nc,2026-09-04T07:29:54.630Z,56870736,1b3537bb750d736b4c03377a0d7a1f33
A2026247.0006,2026-09-04T00:06Z,NOAA-21 VIIRS,VJ214IMG.A2026247.0006.002.2026254151743.nc,2026-09-11T15:17:43.000Z,2.0.14,500116,3a54f1eb9bd4709d789303daf769e7fae2624381aa11c0dbb161d03e20ba479b,CLDMSK_L2_VIIRS_NOAA21.A2026247.0006.001.2026247131020.nc,2026-09-04T13:10:20.790Z,47888074,b3b736ae1e12f7a0588252a458ee504b
A2026247.2206,2026-09-04T22:06Z,NOAA-21 VIIRS,VJ214IMG.A2026247.2206.002.2026254151748.nc,2026-09-11T15:17:48.000Z,2.0.14,584887,01db61176f7ac07aa86c70a4c7a5fa57e75581851003c9ec1179d84af2b019de,CLDMSK_L2_VIIRS_NOAA21.A2026247.2206.001.2026248074149.nc,2026-09-05T07:41:49.100Z,48768629,59d5d123fed1425dba403656d96a3ed8
A2026247.2212,2026-09-04T22:12Z,NOAA-21 VIIRS,VJ214IMG.A2026247.2212.002.2026254151746.nc,2026-09-11T15:17:46.000Z,2.0.14,1009893,c6287f727988c3afd3acbc054b42b3ca3abd7f869cf1cc0ca086a2321ec8be89,CLDMSK_L2_VIIRS_NOAA21.A2026247.2212.001.2026248074147.nc,2026-09-05T07:41:47.850Z,57337294,e201cc1deb9db5247030d85f432be00f
A2026247.2342,2026-09-04T23:42Z,NOAA-21 VIIRS,VJ214IMG.A2026247.2342.002.2026254151750.nc,2026-09-11T15:17:50.000Z,2.0.14,1025239,ffdfc636678086d15b3429278c44efc4ae0cae16963ffedcaba04d4e10787565,CLDMSK_L2_VIIRS_NOAA21.A2026247.2342.001.2026248074142.nc,2026-09-05T07:41:42.390Z,53580385,9aafc29b602dbe54b22ff41bfbfe6b27
A2026247.2348,2026-09-04T23:48Z,NOAA-21 VIIRS,VJ214IMG.A2026247.2348.002.2026254151758.nc,2026-09-11T15:17:58.000Z,2.0.14,549548,de17d79a3416ea197700d22a3eb148818999b417af511f2bf9d2d189f4e1059a,CLDMSK_L2_VIIRS_NOAA21.A2026247.2348.001.2026248074122.nc,2026-09-05T07:41:22.670Z,47539029,fa728887861a0ec45c64c8449d08e70a
A2026248.2142,2026-09-05T21:42Z,NOAA-21 VIIRS,VJ214IMG.A2026248.2142.002.2026254155811.nc,2026-09-11T15:58:11.000Z,2.0.14,1116570,0a20e7821374b4ef7a5dd6d2449fd29d2d9c493d9501ca083296dcc742ad97ec,CLDMSK_L2_VIIRS_NOAA21.A2026248.2142.001.2026249073239.nc,2026-09-06T07:32:39.440Z,52733420,e5d08c0c0f9101732318beef358e20a2
A2026248.2148,2026-09-05T21:48Z,NOAA-21 VIIRS,VJ214IMG.A2026248.2148.002.2026254155808.nc,2026-09-11T15:58:08.000Z,2.0.14,528745,84a99b8ca8346f6bc1d6c863608733d97221ef6fa18908780870cfa873bc5928,CLDMSK_L2_VIIRS_NOAA21.A2026248.2148.001.2026249073244.nc,2026-09-06T07:32:44.790Z,50280680,5b727cd91826c20fbae3967201b7d6fb
A2026248.2324,2026-09-05T23:24Z,NOAA-21 VIIRS,VJ214IMG.A2026248.2324.002.2026254155815.nc,2026-09-11T15:58:15.000Z,2.0.14,1018808,93e45cacf54b78ee4ed4ee62dfb2fae8bef3a9c55376f78adeebe1c1d8666241,CLDMSK_L2_VIIRS_NOAA21.A2026248.2324.001.2026249073227.nc,2026-09-06T07:32:27.560Z,53188519,ab35b5e5bf8d2754ec5aad77bbb26fd0
A2026248.2330,2026-09-05T23:30Z,NOAA-21 VIIRS,VJ214IMG.A2026248.2330.002.2026254155816.nc,2026-09-11T15:58:16.000Z,2.0.14,778076,ec0c23122b22159777cbb1acc6786b009ff6f0479a486cf8717aa912a183091f,CLDMSK_L2_VIIRS_NOAA21.A2026248.2330.001.2026249073238.nc,2026-09-06T07:32:38.630Z,49452488,0f2ece1880cc94c0ef025f0c9ad8c923
A2026249.2124,2026-09-06T21:24Z,NOAA-21 VIIRS,VJ214IMG.A2026249.2124.002.2026254162243.nc,2026-09-11T16:22:43.000Z,2.0.14,860623,c23ca82f3e74db3238179df0320d8e6e80880987914e4ece7cb916110f6f4d2c,CLDMSK_L2_VIIRS_NOAA21.A2026249.2124.001.2026250073338.nc,2026-09-07T07:33:38.460Z,50942464,651baef5896f2353f19e37d689f78477
A2026249.2130,2026-09-06T21:30Z,NOAA-21 VIIRS,VJ214IMG.A2026249.2130.002.2026254162243.nc,2026-09-11T16:22:43.000Z,2.0.14,538274,59e7b3116635034f7e665aca95b2d5892726667838587df7cb570198d910d667,CLDMSK_L2_VIIRS_NOAA21.A2026249.2130.001.2026250073333.nc,2026-09-07T07:33:33.430Z,53577870,727c82c1ad2800f9a6b74dd07bd3b0ac
A2026249.2306,2026-09-06T23:06Z,NOAA-21 VIIRS,VJ214IMG.A2026249.2306.002.2026254162242.nc,2026-09-11T16:22:42.000Z,2.0.14,940531,3293fa81bf70c4ff7de47c46e348e92e4e6bf3c6fdcc4d03b0f6f2fb578d8fc9,CLDMSK_L2_VIIRS_NOAA21.A2026249.2306.001.2026250073330.nc,2026-09-07T07:33:30.230Z,52255890,c27126dab01c41317ca868bea24108cb
A2026249.2312,2026-09-06T23:12Z,NOAA-21 VIIRS,VJ214IMG.A2026249.2312.002.2026254162241.nc,2026-09-11T16:22:41.000Z,2.0.14,1153693,84c59fb4d2db22c26c34964353c510e2e9d6569dca374bf829fee0ea11c58978,CLDMSK_L2_VIIRS_NOAA21.A2026249.2312.001.2026250073330.nc,2026-09-07T07:33:30.620Z,50437976,37f33d0cb94e42aad95a6c6848fd072c
A2026250.2106,2026-09-07T21:06Z,NOAA-21 VIIRS,VJ214IMG.A2026250.2106.002.2026255114111.nc,2026-09-12T11:41:11.000Z,2.0.14,962247,55d9a504d6a4cd8071553d1c13b26981bdd45ed0c8dcfe8a5fce65ad57ba116e,CLDMSK_L2_VIIRS_NOAA21.A2026250.2106.001.2026255004030.nc,2026-09-12T00:40:30.620Z,52445131,0804f0c41b33391ae2b2578eb32456a2
A2026250.2112,2026-09-07T21:12Z,NOAA-21 VIIRS,VJ214IMG.A2026250.2112.002.2026255114109.nc,2026-09-12T11:41:09.000Z,2.0.14,537421,0b5cce3cbdfe54f0d88a586bf7052d7ffc8af29426a71ae230d8be1697cd2c38,CLDMSK_L2_VIIRS_NOAA21.A2026250.2112.001.2026255004001.nc,2026-09-12T00:40:01.340Z,55394430,c10c96d23f8f38d50cef91fdb8901b68
A2026250.2248,2026-09-07T22:48Z,NOAA-21 VIIRS,VJ214IMG.A2026250.2248.002.2026255114115.nc,2026-09-12T11:41:15.000Z,2.0.14,933089,ebfef193cd495f711d1fccd0e5e41b05bd51b80211fc50f275d9244c9beec948,CLDMSK_L2_VIIRS_NOAA21.A2026250.2248.001.2026251073444.nc,2026-09-08T07:34:44.460Z,52201483,ac51444771650a3830dd201ba9f8ad72
A2026250.2254,2026-09-07T22:54Z,NOAA-21 VIIRS,VJ214IMG.A2026250.2254.002.2026255114116.nc,2026-09-12T11:41:16.000Z,2.0.14,1007301,f0cc97e4ef47b20ab208cbced4ac268f85da5c868bae33e715c226dfdf1be200,CLDMSK_L2_VIIRS_NOAA21.A2026250.2254.001.2026251073435.nc,2026-09-08T07:34:35.530Z,53756244,57e40c43bd35d84c53ea29f5080b0616
A2026251.2048,2026-09-08T20:48Z,NOAA-21 VIIRS,VJ214IMG.A2026251.2048.002.2026255121848.nc,2026-09-12T12:18:48.000Z,2.0.14,1153695,7fb9721bffc2d5e7b1baeaf6bd5bc6aafb52d664e087e177d5334c06c0420aa7,CLDMSK_L2_VIIRS_NOAA21.A2026251.2048.001.2026252073736.nc,2026-09-09T07:37:36.360Z,53552888,ae7682ea2502865d2ee6adccf51a9939
A2026251.2054,2026-09-08T20:54Z,NOAA-21 VIIRS,VJ214IMG.A2026251.2054.002.2026255121856.nc,2026-09-12T12:18:56.000Z,2.0.14,693984,799bcb4724015e342327be184917ad507675698bcbca2268939342b1e050ceae,CLDMSK_L2_VIIRS_NOAA21.A2026251.2054.001.2026252073848.nc,2026-09-09T07:38:48.400Z,54803001,fc65d914f98df53b951b24bd1d746709
A2026251.2230,2026-09-08T22:30Z,NOAA-21 VIIRS,VJ214IMG.A2026251.2230.002.2026255121952.nc,2026-09-12T12:19:52.000Z,2.0.14,842285,45c40e5db4e2845dce8c5b88e4fb80f8bcd558219f0457eba1ba5bb8147a9362,CLDMSK_L2_VIIRS_NOAA21.A2026251.2230.001.2026252073704.nc,2026-09-09T07:37:04.260Z,51138775,b0e27aafcd90c5a4f4651b1dc94656f7
A2026251.2236,2026-09-08T22:36Z,NOAA-21 VIIRS,VJ214IMG.A2026251.2236.002.2026255121935.nc,2026-09-12T12:19:35.000Z,2.0.14,842073,c6fd7b5688394c5723c140f83453813df448cf58b0341fc0956ec148a75002e5,CLDMSK_L2_VIIRS_NOAA21.A2026251.2236.001.2026252073813.nc,2026-09-09T07:38:13.020Z,56046848,beb257511de8828933d93007a8312b7d
A2026252.2212,2026-09-09T22:12Z,NOAA-21 VIIRS,VJ214IMG.A2026252.2212.002.2026255125518.nc,2026-09-12T12:55:18.000Z,2.0.14,705658,c9b148249934722a7173c6c92c610ea63ac172d266d5083904aa8899bbe93191,CLDMSK_L2_VIIRS_NOAA21.A2026252.2212.001.2026253075646.nc,2026-09-10T07:56:46.000Z,49973530,76cf1e3a04512ebe924210f55a02e9b5
A2026252.2218,2026-09-09T22:18Z,NOAA-21 VIIRS,VJ214IMG.A2026252.2218.002.2026255125517.nc,2026-09-12T12:55:17.000Z,2.0.14,1125001,49e376e58a2c4f381120452175ff7fbd1835953f48c7de70745123e404830cb8,CLDMSK_L2_VIIRS_NOAA21.A2026252.2218.001.2026253075654.nc,2026-09-10T07:56:54.210Z,57852424,e633f6d6dfca48192967ce028b39f83b
A2026252.2348,2026-09-09T23:48Z,NOAA-21 VIIRS,VJ214IMG.A2026252.2348.002.2026255125518.nc,2026-09-12T12:55:18.000Z,2.0.14,1102976,08817fa42b1def089accd2d44d753854e8355a5195122c618958c05b94f64c28,CLDMSK_L2_VIIRS_NOAA21.A2026252.2348.001.2026253075650.nc,2026-09-10T07:56:50.190Z,53368380,095d6febafc5964ba7f6fe88d54cb577
A2026252.2354,2026-09-09T23:54Z,NOAA-21 VIIRS,VJ214IMG.A2026252.2354.002.2026255125517.nc,2026-09-12T12:55:17.000Z,2.0.14,578084,96815a722a52f4afbe3162807e309e54cbac8847ef2369c5a405a6635ed757bf,CLDMSK_L2_VIIRS_NOAA21.A2026252.2354.001.2026253075656.nc,2026-09-10T07:56:56.070Z,46966006,fdab0e49888d5cb02e8e25e227926ba7
A2026253.2148,2026-09-10T21:48Z,NOAA-21 VIIRS,VJ214IMG.A2026253.2148.002.2026255132921.nc,2026-09-12T13:29:21.000Z,2.0.14,1167935,1f92bbd56280d53a29a8ac83e3c89de1080754390b8a50dc16e4f0903de3c996,CLDMSK_L2_VIIRS_NOAA21.A2026253.2148.001.2026254072830.nc,2026-09-11T07:28:30.900Z,52279925,2185039dae133d10fe81f60347fd8abd
A2026253.2154,2026-09-10T21:54Z,NOAA-21 VIIRS,VJ214IMG.A2026253.2154.002.2026255132917.nc,2026-09-12T13:29:17.000Z,2.0.14,576725,6acd3c21ab258ef9df33b01199d11d3d87ba3fe912731becf43ce85aaae54293,CLDMSK_L2_VIIRS_NOAA21.A2026253.2154.001.2026254072833.nc,2026-09-11T07:28:33.480Z,50116727,c33107fc846eebf59ce9b246580e1a59
A2026253.2200,2026-09-10T22:00Z,NOAA-21 VIIRS,VJ214IMG.A2026253.2200.002.2026255132918.nc,2026-09-12T13:29:18.000Z,2.0.14,997367,fd611ea6069b72dbe723e79c789d89d45f161aa1e29e11eb84a7922dbfb48acf,CLDMSK_L2_VIIRS_NOAA21.A2026253.2200.001.2026254072830.nc,2026-09-11T07:28:30.630Z,59985345,efaee736a0e4e6a1d8ed6252fd5211e4
A2026253.2330,2026-09-10T23:30Z,NOAA-21 VIIRS,VJ214IMG.A2026253.2330.002.2026255132918.nc,2026-09-12T13:29:18.000Z,2.0.14,881685,725ba087b6b7936689bf12b8c43fda04ffc4e4cba549764394e11d73d5855583,CLDMSK_L2_VIIRS_NOAA21.A2026253.2330.001.2026254072833.nc,2026-09-11T07:28:33.740Z,51997287,b1b6172532d43060169bfb76c80bf8a2
A2026253.2336,2026-09-10T23:36Z,NOAA-21 VIIRS,VJ214IMG.A2026253.2336.002.2026255132919.nc,2026-09-12T13:29:19.000Z,2.0.14,768476,bc23da750666037b9a873a362dea87cfa19e9a688514864fbe0a0eaf63531800,CLDMSK_L2_VIIRS_NOAA21.A2026253.2336.001.2026254072828.nc,2026-09-11T07:28:28.840Z,49124470,91dc6297917cbb3436771ee7ba564135
A2026254.2130,2026-09-11T21:30Z,NOAA-21 VIIRS,VJ214IMG.A2026254.2130.002.2026255135144.nc,2026-09-12T13:51:44.000Z,2.0.14,998158,a64fb3d001bcfbcc7b02afa20153e6f0975fc42352d8036a0dfb6618a2946490,CLDMSK_L2_VIIRS_NOAA21.A2026254.2130.001.2026255073156.nc,2026-09-12T07:31:56.940Z,51690397,4113a7d6b6ba93431b6bba3b16d5932c
A2026254.2136,2026-09-11T21:36Z,NOAA-21 VIIRS,VJ214IMG.A2026254.2136.002.2026255135144.nc,2026-09-12T13:51:44.000Z,2.0.14,592658,a1bfbec283bc4019a2b85326509b8914a0330a1a62586ee54382b35ab0b19bd4,CLDMSK_L2_VIIRS_NOAA21.A2026254.2136.001.2026255073239.nc,2026-09-12T07:32:39.170Z,53418035,5dfb1c9148ba5c6151956a5cd2aa04bc
A2026254.2312,2026-09-11T23:12Z,NOAA-21 VIIRS,VJ214IMG.A2026254.2312.002.2026255135147.nc,2026-09-12T13:51:47.000Z,2.0.14,792127,121dbabfac9ad34e4146ed89f365fcc0f8a589f3dde41447611ba0c5a53e9522,CLDMSK_L2_VIIRS_NOAA21.A2026254.2312.001.2026255073057.nc,2026-09-12T07:30:57.770Z,50003977,b5333b015de594e606104d3bcaf3cc6c
A2026254.2318,2026-09-11T23:18Z,NOAA-21 VIIRS,VJ214IMG.A2026254.2318.002.2026255135146.nc,2026-09-12T13:51:46.000Z,2.0.14,1031410,11753cc364d6a0a9df983d3cb749436de2610cf807f121e9b3de12f585b74be9,CLDMSK_L2_VIIRS_NOAA21.A2026254.2318.001.2026255073056.nc,2026-09-12T07:30:56.230Z,52186055,9f3a3ecf496a2e0c62234ab242b971e4
A2026255.2112,2026-09-12T21:12Z,NOAA-21 VIIRS,VJ214IMG.A2026255.2112.002.2026256025745.nc,2026-09-13T02:57:45.000Z,2.0.14,953218,a5072be0c4ac07169d4c2b7b310fbaeebadbfd3c7411ab0e0a4ed89c664d5ee3,CLDMSK_L2_VIIRS_NOAA21.A2026255.2112.001.2026256073238.nc,2026-09-13T07:32:38.590Z,52456446,a2567243ffdf2a5242e03b40572e53b0
A2026255.2118,2026-09-12T21:18Z,NOAA-21 VIIRS,VJ214IMG.A2026255.2118.002.2026256025743.nc,2026-09-13T02:57:43.000Z,2.0.14,983251,95496cb2b2f7d7b59c16a5b06e77b6ddec6f30e516a64acc03fab162cb7dd7d1,CLDMSK_L2_VIIRS_NOAA21.A2026255.2118.001.2026256073227.nc,2026-09-13T07:32:27.010Z,54419051,1eb79ab822cf5fc218621cf50a14e3d4
A2026255.2254,2026-09-12T22:54Z,NOAA-21 VIIRS,VJ214IMG.A2026255.2254.002.2026256044848.nc,2026-09-13T04:48:48.000Z,2.0.14,671726,96f81c665cca33785dbe7ac4a7eeb63b5cf6590ff6f434f42132a21762e4c8d3,CLDMSK_L2_VIIRS_NOAA21.A2026255.2254.001.2026256073231.nc,2026-09-13T07:32:31.980Z,49142911,50264c42c989d6e153920415f6a218e7
A2026255.2300,2026-09-12T23:00Z,NOAA-21 VIIRS,VJ214IMG.A2026255.2300.002.2026256043920.nc,2026-09-13T04:39:20.000Z,2.0.14,1294267,fa19987ae968ea9e1850f9371df8f73e6e798d2c1ad5b91db6dc2ba34a1c8883,CLDMSK_L2_VIIRS_NOAA21.A2026255.2300.001.2026256073231.nc,2026-09-13T07:32:31.700Z,52957949,d07ad3f23622ebe4d356c3f96ab1a6fe
A2026256.2054,2026-09-13T20:54Z,NOAA-21 VIIRS,VJ214IMG.A2026256.2054.002.2026257024742.nc,2026-09-14T02:47:42.000Z,2.0.14,1006004,f72d8cfbdf98eb0784bc155e59d58d2220cf448f9825a402a114dca4857d6f50,CLDMSK_L2_VIIRS_NOAA21.A2026256.2054.001.2026257072407.nc,2026-09-14T07:24:07.070Z,52701051,7842100e02363d543b892a0bf7c37bb8
A2026256.2100,2026-09-13T21:00Z,NOAA-21 VIIRS,VJ214IMG.A2026256.2100.002.2026257024740.nc,2026-09-14T02:47:40.000Z,2.0.14,1584939,edcb014249d412593771a94a2463c8dd6b6634703dd5a38678d41dd397f3d9a6,CLDMSK_L2_VIIRS_NOAA21.A2026256.2100.001.2026257072407.nc,2026-09-14T07:24:07.360Z,52731578,196d00051365c8879464bd8c928ae928
A2026256.2236,2026-09-13T22:36Z,NOAA-21 VIIRS,VJ214IMG.A2026256.2236.002.2026257043212.nc,2026-09-14T04:32:12.000Z,2.0.14,662498,605d0762730629fe279278bf5fc9c27f01668ed9c4a724a6ca911eba70de3604,CLDMSK_L2_VIIRS_NOAA21.A2026256.2236.001.2026257072351.nc,2026-09-14T07:23:51.880Z,47855200,114d92c9d3bdf527ad594ad641a7c221
A2026256.2242,2026-09-13T22:42Z,NOAA-21 VIIRS,VJ214IMG.A2026256.2242.002.2026257043215.nc,2026-09-14T04:32:15.000Z,2.0.14,1305867,c59a5691c4ecee103ab06d778fd307d6b470636d058b09355f54256babe5fc06,CLDMSK_L2_VIIRS_NOAA21.A2026256.2242.001.2026257072355.nc,2026-09-14T07:23:55.010Z,56785616,34935f6e25d6861518b3073987c6b682
A2026257.2042,2026-09-14T20:42Z,NOAA-21 VIIRS,VJ214IMG.A2026257.2042.002.2026258025210.nc,2026-09-15T02:52:10.000Z,2.0.14,1697592,5101f3fd2f7dad186e864e92103640e13f03000ec930517d6d1ab113c9c21fb8,CLDMSK_L2_VIIRS_NOAA21.A2026257.2042.001.2026258072552.nc,2026-09-15T07:25:52.490Z,52792668,3406667832baabb699a14c40f83df9ca
A2026257.2218,2026-09-14T22:18Z,NOAA-21 VIIRS,VJ214IMG.A2026257.2218.002.2026258045046.nc,2026-09-15T04:50:46.000Z,2.0.14,827954,4fad2eb19fa900924fcd9f9833a9e36e9954719e098393370c7e5d8c6d9a4f4e,CLDMSK_L2_VIIRS_NOAA21.A2026257.2218.001.2026258072539.nc,2026-09-15T07:25:39.200Z,48898124,d98dbbd9d52116dc8bf9ffcc5a164146
A2026257.2224,2026-09-14T22:24Z,NOAA-21 VIIRS,VJ214IMG.A2026257.2224.002.2026258045046.nc,2026-09-15T04:50:46.000Z,2.0.14,995786,dc160cc1b2375195a19176c1c66277adcba7ca7e59696cdcbdec5626d148d33b,CLDMSK_L2_VIIRS_NOAA21.A2026257.2224.001.2026258072536.nc,2026-09-15T07:25:36.810Z,57532586,39975142fabd44492931475f2ba8a143
A2026257.2354,2026-09-14T23:54Z,NOAA-21 VIIRS,VJ214IMG.A2026257.2354.002.2026258061017.nc,2026-09-15T06:10:17.000Z,2.0.14,1249055,3902b4737b69f5a3f804d075c6f39675a908147b04f4876c65c3fad4732f1f1c,CLDMSK_L2_VIIRS_NOAA21.A2026257.2354.001.2026258072537.nc,2026-09-15T07:25:37.050Z,60463716,8e2bbd577bcc094ce2be54326c6c9f18
A2026258.0000,2026-09-15T00:00Z,NOAA-21 VIIRS,VJ214IMG.A2026258.0000.002.2026258062514.nc,2026-09-15T06:25:14.000Z,2.0.14,809973,3185d448526ba9b1667c4d0c5b59e4230265a5be4682cb3d891bf20fcddf2978,CLDMSK_L2_VIIRS_NOAA21.A2026258.0000.001.2026258131545.nc,2026-09-15T13:15:45.030Z,51369361,c6b547d88fa0616239e8f805cb53fe2f
A2026258.2200,2026-09-15T22:00Z,NOAA-21 VIIRS,VJ214IMG.A2026258.2200.002.2026259040942.nc,2026-09-16T04:09:42.000Z,2.0.14,669030,b06c44975bb5605600ede02b6b1363ef16e802a367deee29322c91242c8b7ba9,CLDMSK_L2_VIIRS_NOAA21.A2026258.2200.001.2026259073702.nc,2026-09-16T07:37:02.430Z,49212668,8aa5f03c071d5bbcee152bfc013b206a
A2026258.2206,2026-09-15T22:06Z,NOAA-21 VIIRS,VJ214IMG.A2026258.2206.002.2026259040941.nc,2026-09-16T04:09:41.000Z,2.0.14,717300,0c88f78816c9fbe29ec40f1c8274a23cfddcb84c7ce302013dd4f46092f753d5,CLDMSK_L2_VIIRS_NOAA21.A2026258.2206.001.2026259073706.nc,2026-09-16T07:37:06.290Z,60022279,e8480b90cb34276a16bc7ad62950d5aa
A2026258.2336,2026-09-15T23:36Z,NOAA-21 VIIRS,VJ214IMG.A2026258.2336.002.2026259040941.nc,2026-09-16T04:09:41.000Z,2.0.14,1143282,ab728e826841919e446a9ede2cab83a827911cb01aa330c781ee525aeff705a3,CLDMSK_L2_VIIRS_NOAA21.A2026258.2336.001.2026259073707.nc,2026-09-16T07:37:07.900Z,56175471,7e176e76842d4deff88d7925a251b994
A2026258.2342,2026-09-15T23:42Z,NOAA-21 VIIRS,VJ214IMG.A2026258.2342.002.2026259040942.nc,2026-09-16T04:09:42.000Z,2.0.14,834176,4acc851a15927065112ac505ed55717b358a6d46cb09af90a1fd25b1ab5b0944,CLDMSK_L2_VIIRS_NOAA21.A2026258.2342.001.2026259073658.nc,2026-09-16T07:36:58.470Z,50789354,eb638b097c631d9e6ab807c632d76d50
A2026259.2136,2026-09-16T21:36Z,NOAA-21 VIIRS,VJ214IMG.A2026259.2136.002.2026260021418.nc,2026-09-17T02:14:18.000Z,2.0.14,1073073,5d9d060578488c6eb27922423f8c1f82e20c5ac535d33db044c4a4b2556134f8,CLDMSK_L2_VIIRS_NOAA21.A2026259.2136.001.2026260072845.nc,2026-09-17T07:28:45.010Z,54296195,16a9b3a486f826b7719c60a31828a02b
A2026259.2142,2026-09-16T21:42Z,NOAA-21 VIIRS,VJ214IMG.A2026259.2142.002.2026260021418.nc,2026-09-17T02:14:18.000Z,2.0.14,611619,333e2702a15a6248ebaae6a9da38a5c9d88e8688156f45f83c6b0f2bb74a799b,CLDMSK_L2_VIIRS_NOAA21.A2026259.2142.001.2026260072837.nc,2026-09-17T07:28:37.440Z,50988215,fcebd11654e9c7f1f0d2cbfb7a130360
A2026259.2318,2026-09-16T23:18Z,NOAA-21 VIIRS,VJ214IMG.A2026259.2318.002.2026260035011.nc,2026-09-17T03:50:11.000Z,2.0.14,1033571,b83ececa57e6720be872741cb1d7d9d884bd782683754d38c2a2413c16498e73,CLDMSK_L2_VIIRS_NOAA21.A2026259.2318.001.2026260072839.nc,2026-09-17T07:28:39.220Z,53871977,b771299b67f8712e06a0d9f02d6cbc2c
A2026259.2324,2026-09-16T23:24Z,NOAA-21 VIIRS,VJ214IMG.A2026259.2324.002.2026260035010.nc,2026-09-17T03:50:10.000Z,2.0.14,1014484,1a9e2f34c4d59909d06e401a9bf428e2bae8b8b997a1660a1272f13481c11942,CLDMSK_L2_VIIRS_NOAA21.A2026259.2324.001.2026260072841.nc,2026-09-17T07:28:41.840Z,53278865,d0a426715edbc84308eb7eb383458596
A2026260.2118,2026-09-17T21:18Z,NOAA-21 VIIRS,VJ214IMG.A2026260.2118.002.2026261014820.nc,2026-09-18T01:48:20.000Z,2.0.14,908521,0e082ca7e02a868c5274ea134864e467a63baa89051ae9e48a7eb0f608e32cfc,CLDMSK_L2_VIIRS_NOAA21.A2026260.2118.001.2026261073010.nc,2026-09-18T07:30:10.580Z,53164310,e141b33cf6bc60ab77d72d5f5de475d9
A2026260.2124,2026-09-17T21:24Z,NOAA-21 VIIRS,VJ214IMG.A2026260.2124.002.2026261014820.nc,2026-09-18T01:48:20.000Z,2.0.14,623318,9d48421a7a98420c1f9339d493b68731b1fe3f4d0c6628a8a9daadf242cc45a4,CLDMSK_L2_VIIRS_NOAA21.A2026260.2124.001.2026261073012.nc,2026-09-18T07:30:12.400Z,54867152,ac6d519ae59846f7139250839e542e4b
A2026260.2300,2026-09-17T23:00Z,NOAA-21 VIIRS,VJ214IMG.A2026260.2300.002.2026261043713.nc,2026-09-18T04:37:13.000Z,2.0.14,925419,78d03319430465f2d2399bae765fda361830cbdcf6779acd47f4e6483b8b8c59,CLDMSK_L2_VIIRS_NOAA21.A2026260.2300.001.2026261073007.nc,2026-09-18T07:30:07.150Z,53241671,916729b55f2b92e689be848e1550c876
A2026260.2306,2026-09-17T23:06Z,NOAA-21 VIIRS,VJ214IMG.A2026260.2306.002.2026261043710.nc,2026-09-18T04:37:10.000Z,2.0.14,1182647,73c66cf551ac5b05c7b3b4a32abc05d84bcdc9137768559d261985d948e8dcd3,CLDMSK_L2_VIIRS_NOAA21.A2026260.2306.001.2026261073008.nc,2026-09-18T07:30:08.230Z,51630602,0236d383713c03a054b4dfa17213160c
A2026261.2100,2026-09-18T21:00Z,NOAA-21 VIIRS,VJ214IMG.A2026261.2100.002.2026262023544.nc,2026-09-19T02:35:44.000Z,2.0.14,1034065,9b36d640fd7878078e6005974450fa8ad2285cf4da6ecb0453836995c0c915c6,CLDMSK_L2_VIIRS_NOAA21.A2026261.2100.001.2026262073143.nc,2026-09-19T07:31:43.610Z,53014870,fb873710a06dcd4f2b46a17218bf8ee4
A2026261.2106,2026-09-18T21:06Z,NOAA-21 VIIRS,VJ214IMG.A2026261.2106.002.2026262023545.nc,2026-09-19T02:35:45.000Z,2.0.14,675115,4cc2675c3834b1509e2e83c47d73e6e37fb647f30240ac7f23e5178e271513d7,CLDMSK_L2_VIIRS_NOAA21.A2026261.2106.001.2026262073146.nc,2026-09-19T07:31:46.120Z,55097965,51ab1a3913790273eea90440af994d3a
A2026261.2242,2026-09-18T22:42Z,NOAA-21 VIIRS,VJ214IMG.A2026261.2242.002.2026262040614.nc,2026-09-19T04:06:14.000Z,2.0.14,906940,aae293eaa0f9c9a834b2d558617c2cb467a7b1e0b20efed8a04a61dc49fb9e5c,CLDMSK_L2_VIIRS_NOAA21.A2026261.2242.001.2026262073139.nc,2026-09-19T07:31:39.340Z,51474480,828fbf55dff3d0f62e9ad910c280e1df
A2026261.2248,2026-09-18T22:48Z,NOAA-21 VIIRS,VJ214IMG.A2026261.2248.002.2026262040614.nc,2026-09-19T04:06:14.000Z,2.0.14,1418907,d09ff29812b19161691a6e579cf3152bbf560d1e93d2a302568647aa0435a839,CLDMSK_L2_VIIRS_NOAA21.A2026261.2248.001.2026262073150.nc,2026-09-19T07:31:50.630Z,52722866,dfd7989e5f0f53b76d6aea3053adab61
A2026262.2042,2026-09-19T20:42Z,NOAA-21 VIIRS,VJ214IMG.A2026262.2042.002.2026263021645.nc,2026-09-20T02:16:45.000Z,2.0.14,1292511,0f04e8e5e1dc27d147fb801a955cb3c516c630c321675a4e6ec0640fa724bddd,CLDMSK_L2_VIIRS_NOAA21.A2026262.2042.001.2026263072350.nc,2026-09-20T07:23:50.080Z,53736788,d48e282e7d7642560c1cd7e52df7371e
A2026262.2048,2026-09-19T20:48Z,NOAA-21 VIIRS,VJ214IMG.A2026262.2048.002.2026263021644.nc,2026-09-20T02:16:44.000Z,2.0.14,1347336,30002b9063fb3b75c187ce407c040eb29a6351048fa8a1787f21f4120981bf27,CLDMSK_L2_VIIRS_NOAA21.A2026262.2048.001.2026263072351.nc,2026-09-20T07:23:51.610Z,54442960,ad0839adf2fc601142bae70b49867937
A2026262.2224,2026-09-19T22:24Z,NOAA-21 VIIRS,VJ214IMG.A2026262.2224.002.2026263035651.nc,2026-09-20T03:56:51.000Z,2.0.14,836070,76e09ec74aadc178b408e439d2b1729ea1f440daf7a8166c8939c8b463793523,CLDMSK_L2_VIIRS_NOAA21.A2026262.2224.001.2026263072351.nc,2026-09-20T07:23:51.480Z,50389040,302e193d74ad05d1bbdd6dd55e70f4ce
A2026262.2230,2026-09-19T22:30Z,NOAA-21 VIIRS,VJ214IMG.A2026262.2230.002.2026263035652.nc,2026-09-20T03:56:52.000Z,2.0.14,730844,8e4d59f6c96fea0a106fa6a17bd00e17f2452aac5c2546e70fb1e726497f4254,CLDMSK_L2_VIIRS_NOAA21.A2026262.2230.001.2026263072351.nc,2026-09-20T07:23:51.980Z,54766652,7e115eca4ef5906cadcda9804231bd9d
A2026263.0006,2026-09-20T00:06Z,NOAA-21 VIIRS,VJ214IMG.A2026263.0006.002.2026263063713.nc,2026-09-20T06:37:13.000Z,2.0.14,818972,1f710feac2f726721c4a91843a6cec65fcb0a97e721d892a6c3f0cd18ae551a1,CLDMSK_L2_VIIRS_NOAA21.A2026263.0006.001.2026263131432.nc,2026-09-20T13:14:32.100Z,52429969,ed1d0846224c9c160d18d090a176b8df
A2026263.2206,2026-09-20T22:06Z,NOAA-21 VIIRS,VJ214IMG.A2026263.2206.002.2026264042522.nc,2026-09-21T04:25:22.000Z,2.0.14,621376,f2f74f13e6af499795373b24d4d04221cafb84d08d305624a28a3e8dd32068d5,CLDMSK_L2_VIIRS_NOAA21.A2026263.2206.001.2026264072556.nc,2026-09-21T07:25:56.290Z,49801348,55460b64589619ae9553ad9dc243f2ab
A2026263.2212,2026-09-20T22:12Z,NOAA-21 VIIRS,VJ214IMG.A2026263.2212.002.2026264042522.nc,2026-09-21T04:25:22.000Z,2.0.14,711096,c2d6661aaf0bdc3e536a03a09ac3596e7a7cf050b5ef68138752fd8c51f912fb,CLDMSK_L2_VIIRS_NOAA21.A2026263.2212.001.2026264072554.nc,2026-09-21T07:25:54.150Z,59067824,79546f4246dde7006b8f0e08725846f7
A2026263.2342,2026-09-20T23:42Z,NOAA-21 VIIRS,VJ214IMG.A2026263.2342.002.2026264042526.nc,2026-09-21T04:25:26.000Z,2.0.14,1113519,fc0e18073af03d47d5b235118ef5921467a3e32375973fdc704e3ba71d206c76,CLDMSK_L2_VIIRS_NOAA21.A2026263.2342.001.2026264072556.nc,2026-09-21T07:25:56.210Z,56730592,884f7c6ab10a7884b43912f71d637653
A2026263.2348,2026-09-20T23:48Z,NOAA-21 VIIRS,VJ214IMG.A2026263.2348.002.2026264055850.nc,2026-09-21T05:58:50.000Z,2.0.14,650798,f64215811b305e92ad1dfd004abfe1394cb070d78df6608a171db3256c1678fa,CLDMSK_L2_VIIRS_NOAA21.A2026263.2348.001.2026264072554.nc,2026-09-21T07:25:54.540Z,51265287,f29ca1ef2ee18eae173bf867405d5a69
A2026264.2142,2026-09-21T21:42Z,NOAA-21 VIIRS,VJ214IMG.A2026264.2142.002.2026265021358.nc,2026-09-22T02:13:58.000Z,2.0.14,1129824,c0bd60ea5915d95a9d811514c8599bfcf315f5f544629e948d672f60507f9e99,CLDMSK_L2_VIIRS_NOAA21.A2026264.2142.001.2026265072832.nc,2026-09-22T07:28:32.130Z,55239459,89b4e17d8f0bda8a440f5cdedb972f14
A2026264.2148,2026-09-21T21:48Z,NOAA-21 VIIRS,VJ214IMG.A2026264.2148.002.2026265035416.nc,2026-09-22T03:54:16.000Z,2.0.14,531146,48b5e1ed217b3d1368ec3c2ae1b4f29fddc0872fc279d70f569445572e73e80b,CLDMSK_L2_VIIRS_NOAA21.A2026264.2148.001.2026265072837.nc,2026-09-22T07:28:37.570Z,49268764,f30a1828a7a76d6829d43e7e012e4d7f
A2026264.2324,2026-09-21T23:24Z,NOAA-21 VIIRS,VJ214IMG.A2026264.2324.002.2026265040527.nc,2026-09-22T04:05:27.000Z,2.0.14,1242795,b9567d125dd40bccd9b47ed1b5dd97b83e029bb457803e1642cccb1d5ed01455,CLDMSK_L2_VIIRS_NOAA21.A2026264.2324.001.2026265072842.nc,2026-09-22T07:28:42.440Z,57014564,ece84f6b0b3c6e617a943ba254fdbba6
A2026264.2330,2026-09-21T23:30Z,NOAA-21 VIIRS,VJ214IMG.A2026264.2330.002.2026265040528.nc,2026-09-22T04:05:28.000Z,2.0.14,626422,82841a2a870388ba71c56686c14fd18569a8b8636f0cf5379cde9e541f64c3ca,CLDMSK_L2_VIIRS_NOAA21.A2026264.2330.001.2026265072824.nc,2026-09-22T07:28:24.220Z,50630711,94ce615d2b137a124a6264c99085e9af
A2026265.2124,2026-09-22T21:24Z,NOAA-21 VIIRS,VJ214IMG.A2026265.2124.002.2026266015335.nc,2026-09-23T01:53:35.000Z,2.0.14,1000775,b60152ffa261bbc736f8961a5c529bcd9cc28df9a16a898037ab554c890cbca2,CLDMSK_L2_VIIRS_NOAA21.A2026265.2124.001.2026266072921.nc,2026-09-23T07:29:21.820Z,55085748,2b812ad62a92812cb7edd795dde760b1
A2026265.2130,2026-09-22T21:30Z,NOAA-21 VIIRS,VJ214IMG.A2026265.2130.002.2026266015331.nc,2026-09-23T01:53:31.000Z,2.0.14,507649,d2292e94e91ba96d9ec1653ba0b467594aba6e7879485a9958f5b7614f0c38d2,CLDMSK_L2_VIIRS_NOAA21.A2026265.2130.001.2026266072922.nc,2026-09-23T07:29:22.570Z,49418796,66de9a0969a167dd3e847ff2251cdc1b
A2026265.2306,2026-09-22T23:06Z,NOAA-21 VIIRS,VJ214IMG.A2026265.2306.002.2026266044226.nc,2026-09-23T04:42:26.000Z,2.0.14,1006759,3dec208e66437d0b60598003c3fa63585f116e8f2cfd31d7d6312a9f844c3a96,CLDMSK_L2_VIIRS_NOAA21.A2026265.2306.001.2026266072920.nc,2026-09-23T07:29:20.790Z,53443710,9a2eeb4e8d7cbd886fac132854930858
A2026265.2312,2026-09-22T23:12Z,NOAA-21 VIIRS,VJ214IMG.A2026265.2312.002.2026266044225.nc,2026-09-23T04:42:25.000Z,2.0.14,812888,d0dc084c4007e287775712b6e46753864432d7e3956963bbcf1291313010cc8c,CLDMSK_L2_VIIRS_NOAA21.A2026265.2312.001.2026266072922.nc,2026-09-23T07:29:22.000Z,51197577,74f21f075cb36b4e13895e0f6b9a4baf
A2026266.2106,2026-09-23T21:06Z,NOAA-21 VIIRS,VJ214IMG.A2026266.2106.002.2026267024203.nc,2026-09-24T02:42:03.000Z,2.0.14,1039077,c58c58caa24252f9e9cada75f0c0a5caf7a94dc590e5ec44c1e05d11c949fcb0,CLDMSK_L2_VIIRS_NOAA21.A2026266.2106.001.2026267074027.nc,2026-09-24T07:40:27.500Z,53413699,04923693598bc4de75cd467224233c31
A2026266.2112,2026-09-23T21:12Z,NOAA-21 VIIRS,VJ214IMG.A2026266.2112.002.2026267024204.nc,2026-09-24T02:42:04.000Z,2.0.14,843982,2fa19cd0720db27f878842c86c2872c3516a825d8622c5d2d92a38986e8741c2,CLDMSK_L2_VIIRS_NOAA21.A2026266.2112.001.2026267074027.nc,2026-09-24T07:40:27.310Z,52648871,3410177d70b97fb824e362a087188ac6
A2026266.2248,2026-09-23T22:48Z,NOAA-21 VIIRS,VJ214IMG.A2026266.2248.002.2026267042305.nc,2026-09-24T04:23:05.000Z,2.0.14,787162,b9e0c36f1e61e1ce51e336aabfb253aa3fa41369c3752a95651e3b02aabfafe2,CLDMSK_L2_VIIRS_NOAA21.A2026266.2248.001.2026267074020.nc,2026-09-24T07:40:20.780Z,50925695,a0d2008a76448073e27398f66a153cdd
A2026266.2254,2026-09-23T22:54Z,NOAA-21 VIIRS,VJ214IMG.A2026266.2254.002.2026267042305.nc,2026-09-24T04:23:05.000Z,2.0.14,898854,ce165248e3a0f7e39e0b7b49b9c16266d1d0e5ccb9759d55e233fb28c52fc6c2,CLDMSK_L2_VIIRS_NOAA21.A2026266.2254.001.2026267074026.nc,2026-09-24T07:40:26.030Z,53371798,f958a500f0e0faba55a6e294696bdb52
A2026267.2048,2026-09-24T20:48Z,NOAA-21 VIIRS,VJ214IMG.A2026267.2048.002.2026268023001.nc,2026-09-25T02:30:01.000Z,2.0.14,1114631,c0a104c6f34f42462d30f8205c6fc51e24bac77006121d8d8fed0a3bf17a0565,CLDMSK_L2_VIIRS_NOAA21.A2026267.2048.001.2026268074200.nc,2026-09-25T07:42:00.380Z,52739275,6321e72d77b273af263f3766c106b015
A2026267.2054,2026-09-24T20:54Z,NOAA-21 VIIRS,VJ214IMG.A2026267.2054.002.2026268023006.nc,2026-09-25T02:30:06.000Z,2.0.14,1870833,fbf6d6aee1e782382d6a7b3c23196068740c1df8ad9635d84c5033862f29ac84,CLDMSK_L2_VIIRS_NOAA21.A2026267.2054.001.2026268074204.nc,2026-09-25T07:42:04.040Z,52227963,b79b1f2aecdff2eb63b03781078d89f6
A2026267.2230,2026-09-24T22:30Z,NOAA-21 VIIRS,VJ214IMG.A2026267.2230.002.2026268040635.nc,2026-09-25T04:06:35.000Z,2.0.14,677003,8d99311e105e64644c322ae86dc8f91385bdd894b1cdf0189250f4252625fdee,CLDMSK_L2_VIIRS_NOAA21.A2026267.2230.001.2026268074203.nc,2026-09-25T07:42:03.400Z,49016096,b47020cbe2c5c5bd767ccbde4481506f
A2026267.2236,2026-09-24T22:36Z,NOAA-21 VIIRS,VJ214IMG.A2026267.2236.002.2026268040633.nc,2026-09-25T04:06:33.000Z,2.0.14,793846,9bb216f9de460e03aae1f15d10b34a261b53fdfec09dc8ee200a9f91326ac59d,CLDMSK_L2_VIIRS_NOAA21.A2026267.2236.001.2026268074159.nc,2026-09-25T07:41:59.640Z,54064945,3e6369fce08b864ab1b2d3464a41d102
